solid OpenSCAD_Model
  facet normal 0 0 -1
    outer loop
      vertex 90.3096 18.4716 34.9
      vertex 89.1384 22.6668 34.9
      vertex 90.3696 18.4481 34.9
    endloop
  endfacet
  facet normal 0 0 -1
    outer loop
      vertex 88.7928 22.0513 34.9
      vertex 90.3096 18.4716 34.9
      vertex 90.0907 18.5303 34.9
    endloop
  endfacet
  facet normal 0 0 -1
    outer loop
      vertex 88.624 21.7708 34.9
      vertex 90.0907 18.5303 34.9
      vertex 89.865 18.55 34.9
    endloop
  endfacet
  facet normal 0 0 -1
    outer loop
      vertex 90.3096 18.4716 34.9
      vertex 88.7928 22.0513 34.9
      vertex 89.1384 22.6668 34.9
    endloop
  endfacet
  facet normal 0 0 -1
    outer loop
      vertex 89.1384 22.6668 34.9
      vertex 88.9771 22.6772 34.9
      vertex 88.9872 23.0044 34.9
    endloop
  endfacet
  facet normal -0 0 -1
    outer loop
      vertex 89.1384 22.6668 34.9
      vertex 88.9116 22.3564 34.9
      vertex 88.9771 22.6772 34.9
    endloop
  endfacet
  facet normal 0 0 -1
    outer loop
      vertex 89.1384 22.6668 34.9
      vertex 88.7928 22.0513 34.9
      vertex 88.9116 22.3564 34.9
    endloop
  endfacet
  facet normal 0 0 -1
    outer loop
      vertex 90.0907 18.5303 34.9
      vertex 88.624 21.7708 34.9
      vertex 88.7928 22.0513 34.9
    endloop
  endfacet
  facet normal 0 0 -1
    outer loop
      vertex 89.865 18.55 34.9
      vertex 88.4101 21.5229 34.9
      vertex 88.624 21.7708 34.9
    endloop
  endfacet
  facet normal 0 0 -1
    outer loop
      vertex 89.865 18.55 34.9
      vertex 88.1572 21.3149 34.9
      vertex 88.4101 21.5229 34.9
    endloop
  endfacet
  facet normal 0 0 -1
    outer loop
      vertex 89.865 18.55 34.9
      vertex 87.8728 21.1527 34.9
      vertex 88.1572 21.3149 34.9
    endloop
  endfacet
  facet normal 0 0 -1
    outer loop
      vertex 87.565 18.55 34.9
      vertex 87.8728 21.1527 34.9
      vertex 89.865 18.55 34.9
    endloop
  endfacet
  facet normal 0 0 -1
    outer loop
      vertex 87.8728 21.1527 34.9
      vertex 87.565 18.55 34.9
      vertex 87.565 21.0411 34.9
    endloop
  endfacet
  facet normal 0 0 -1
    outer loop
      vertex 88.9417 23.3287 34.9
      vertex 91.3 26.55 34.9
      vertex 89.1384 22.6668 34.9
    endloop
  endfacet
  facet normal 0 0 -1
    outer loop
      vertex 88.8419 23.6405 34.9
      vertex 91.3 26.55 34.9
      vertex 88.9417 23.3287 34.9
    endloop
  endfacet
  facet normal 0 0 -1
    outer loop
      vertex 88.9417 23.3287 34.9
      vertex 89.1384 22.6668 34.9
      vertex 88.9872 23.0044 34.9
    endloop
  endfacet
  facet normal 0 0 -1
    outer loop
      vertex 88.6907 23.9309 34.9
      vertex 91.3 26.55 34.9
      vertex 88.8419 23.6405 34.9
    endloop
  endfacet
  facet normal -0 0 -1
    outer loop
      vertex 91.3 26.55 34.9
      vertex 88.6907 23.9309 34.9
      vertex 89.35 26.55 34.9
    endloop
  endfacet
  facet normal 0 0 -1
    outer loop
      vertex 88.4924 24.1915 34.9
      vertex 89.35 26.55 34.9
      vertex 88.6907 23.9309 34.9
    endloop
  endfacet
  facet normal 0 0 -1
    outer loop
      vertex 88.2529 24.4147 34.9
      vertex 89.35 26.55 34.9
      vertex 88.4924 24.1915 34.9
    endloop
  endfacet
  facet normal 0 0 -1
    outer loop
      vertex 87.979 24.5942 34.9
      vertex 89.35 26.55 34.9
      vertex 88.2529 24.4147 34.9
    endloop
  endfacet
  facet normal 0 0 -1
    outer loop
      vertex 87.6787 24.7246 34.9
      vertex 89.35 26.55 34.9
      vertex 87.979 24.5942 34.9
    endloop
  endfacet
  facet normal 0 0 -1
    outer loop
      vertex 87.3606 24.8022 34.9
      vertex 89.35 26.55 34.9
      vertex 87.6787 24.7246 34.9
    endloop
  endfacet
  facet normal 0 0 -1
    outer loop
      vertex 87.034 24.8247 34.9
      vertex 89.35 26.55 34.9
      vertex 87.3606 24.8022 34.9
    endloop
  endfacet
  facet normal -0 0 -1
    outer loop
      vertex 89.35 26.55 34.9
      vertex 87.034 24.8247 34.9
      vertex 89.35 28.5 34.9
    endloop
  endfacet
  facet normal 0 0 -1
    outer loop
      vertex 86.7083 24.7917 34.9
      vertex 89.35 28.5 34.9
      vertex 87.034 24.8247 34.9
    endloop
  endfacet
  facet normal 0 0 -1
    outer loop
      vertex 86.3928 24.7038 34.9
      vertex 89.35 28.5 34.9
      vertex 86.7083 24.7917 34.9
    endloop
  endfacet
  facet normal 0 0 -1
    outer loop
      vertex 86.0969 24.5638 34.9
      vertex 89.35 28.5 34.9
      vertex 86.3928 24.7038 34.9
    endloop
  endfacet
  facet normal 0 0 -1
    outer loop
      vertex 85.8289 24.3757 34.9
      vertex 89.35 28.5 34.9
      vertex 86.0969 24.5638 34.9
    endloop
  endfacet
  facet normal 0 0 -1
    outer loop
      vertex 89.35 28.5 34.9
      vertex 85.8289 24.3757 34.9
      vertex 85.6068 24.1567 34.9
    endloop
  endfacet
  facet normal 0.34086 -0.940114 0
    outer loop
      vertex 87.565 21.0411 34.3
      vertex 87.8728 21.1527 34.9
      vertex 87.565 21.0411 34.9
    endloop
  endfacet
  facet normal 0.34086 -0.940114 0
    outer loop
      vertex 87.8728 21.1527 34.9
      vertex 87.565 21.0411 34.3
      vertex 87.8728 21.1527 34.3
    endloop
  endfacet
  facet normal 0.495415 -0.868656 0
    outer loop
      vertex 87.8728 21.1527 34.3
      vertex 88.1572 21.3149 34.9
      vertex 87.8728 21.1527 34.9
    endloop
  endfacet
  facet normal 0.495415 -0.868656 0
    outer loop
      vertex 88.1572 21.3149 34.9
      vertex 87.8728 21.1527 34.3
      vertex 88.1572 21.3149 34.3
    endloop
  endfacet
  facet normal 0.635215 -0.772336 0
    outer loop
      vertex 88.1572 21.3149 34.3
      vertex 88.4101 21.5229 34.9
      vertex 88.1572 21.3149 34.9
    endloop
  endfacet
  facet normal 0.635215 -0.772336 0
    outer loop
      vertex 88.4101 21.5229 34.9
      vertex 88.1572 21.3149 34.3
      vertex 88.4101 21.5229 34.3
    endloop
  endfacet
  facet normal 0.757118 -0.653278 0
    outer loop
      vertex 88.4101 21.5229 34.9
      vertex 88.624 21.7708 34.3
      vertex 88.624 21.7708 34.9
    endloop
  endfacet
  facet normal 0.757118 -0.653278 0
    outer loop
      vertex 88.624 21.7708 34.3
      vertex 88.4101 21.5229 34.9
      vertex 88.4101 21.5229 34.3
    endloop
  endfacet
  facet normal 0.856818 -0.515618 0
    outer loop
      vertex 88.624 21.7708 34.9
      vertex 88.7928 22.0513 34.3
      vertex 88.7928 22.0513 34.9
    endloop
  endfacet
  facet normal 0.856818 -0.515618 0
    outer loop
      vertex 88.7928 22.0513 34.3
      vertex 88.624 21.7708 34.9
      vertex 88.624 21.7708 34.3
    endloop
  endfacet
  facet normal 0.93185 -0.362844 0
    outer loop
      vertex 88.7928 22.0513 34.9
      vertex 88.9116 22.3564 34.3
      vertex 88.9116 22.3564 34.9
    endloop
  endfacet
  facet normal 0.93185 -0.362844 0
    outer loop
      vertex 88.9116 22.3564 34.3
      vertex 88.7928 22.0513 34.9
      vertex 88.7928 22.0513 34.3
    endloop
  endfacet
  facet normal 0.979786 -0.20005 0
    outer loop
      vertex 88.9116 22.3564 34.9
      vertex 88.9771 22.6772 34.3
      vertex 88.9771 22.6772 34.9
    endloop
  endfacet
  facet normal 0.979786 -0.20005 0
    outer loop
      vertex 88.9771 22.6772 34.3
      vertex 88.9116 22.3564 34.9
      vertex 88.9116 22.3564 34.3
    endloop
  endfacet
  facet normal 0.999524 -0.0308533 0
    outer loop
      vertex 88.9771 22.6772 34.9
      vertex 88.9872 23.0044 34.3
      vertex 88.9872 23.0044 34.9
    endloop
  endfacet
  facet normal 0.999524 -0.0308533 0
    outer loop
      vertex 88.9872 23.0044 34.3
      vertex 88.9771 22.6772 34.9
      vertex 88.9771 22.6772 34.3
    endloop
  endfacet
  facet normal 0.990301 0.138941 0
    outer loop
      vertex 88.9872 23.0044 34.9
      vertex 88.9417 23.3287 34.3
      vertex 88.9417 23.3287 34.9
    endloop
  endfacet
  facet normal 0.990301 0.138941 0
    outer loop
      vertex 88.9417 23.3287 34.3
      vertex 88.9872 23.0044 34.9
      vertex 88.9872 23.0044 34.3
    endloop
  endfacet
  facet normal 0.952403 0.304842 0
    outer loop
      vertex 88.9417 23.3287 34.9
      vertex 88.8419 23.6405 34.3
      vertex 88.8419 23.6405 34.9
    endloop
  endfacet
  facet normal 0.952403 0.304842 0
    outer loop
      vertex 88.8419 23.6405 34.3
      vertex 88.9417 23.3287 34.9
      vertex 88.9417 23.3287 34.3
    endloop
  endfacet
  facet normal 0.886977 0.461814 0
    outer loop
      vertex 88.8419 23.6405 34.9
      vertex 88.6907 23.9309 34.3
      vertex 88.6907 23.9309 34.9
    endloop
  endfacet
  facet normal 0.886977 0.461814 0
    outer loop
      vertex 88.6907 23.9309 34.3
      vertex 88.8419 23.6405 34.9
      vertex 88.8419 23.6405 34.3
    endloop
  endfacet
  facet normal 0.795803 0.605555 0
    outer loop
      vertex 88.6907 23.9309 34.9
      vertex 88.4924 24.1915 34.3
      vertex 88.4924 24.1915 34.9
    endloop
  endfacet
  facet normal 0.795803 0.605555 0
    outer loop
      vertex 88.4924 24.1915 34.3
      vertex 88.6907 23.9309 34.9
      vertex 88.6907 23.9309 34.3
    endloop
  endfacet
  facet normal 0.681774 0.731563 -0
    outer loop
      vertex 88.4924 24.1915 34.3
      vertex 88.2529 24.4147 34.9
      vertex 88.4924 24.1915 34.9
    endloop
  endfacet
  facet normal 0.681774 0.731563 0
    outer loop
      vertex 88.2529 24.4147 34.9
      vertex 88.4924 24.1915 34.3
      vertex 88.2529 24.4147 34.3
    endloop
  endfacet
  facet normal 0.548129 0.836394 -0
    outer loop
      vertex 88.2529 24.4147 34.3
      vertex 87.979 24.5942 34.9
      vertex 88.2529 24.4147 34.9
    endloop
  endfacet
  facet normal 0.548129 0.836394 0
    outer loop
      vertex 87.979 24.5942 34.9
      vertex 88.2529 24.4147 34.3
      vertex 87.979 24.5942 34.3
    endloop
  endfacet
  facet normal 0.398302 0.917254 -0
    outer loop
      vertex 87.979 24.5942 34.3
      vertex 87.6787 24.7246 34.9
      vertex 87.979 24.5942 34.9
    endloop
  endfacet
  facet normal 0.398302 0.917254 0
    outer loop
      vertex 87.6787 24.7246 34.9
      vertex 87.979 24.5942 34.3
      vertex 87.6787 24.7246 34.3
    endloop
  endfacet
  facet normal 0.236998 0.97151 -0
    outer loop
      vertex 87.6787 24.7246 34.3
      vertex 87.3606 24.8022 34.9
      vertex 87.6787 24.7246 34.9
    endloop
  endfacet
  facet normal 0.236998 0.97151 0
    outer loop
      vertex 87.3606 24.8022 34.9
      vertex 87.6787 24.7246 34.3
      vertex 87.3606 24.8022 34.3
    endloop
  endfacet
  facet normal 0.0687287 0.997635 -0
    outer loop
      vertex 87.3606 24.8022 34.3
      vertex 87.034 24.8247 34.9
      vertex 87.3606 24.8022 34.9
    endloop
  endfacet
  facet normal 0.0687287 0.997635 0
    outer loop
      vertex 87.034 24.8247 34.9
      vertex 87.3606 24.8022 34.3
      vertex 87.034 24.8247 34.3
    endloop
  endfacet
  facet normal -0.100804 0.994906 0
    outer loop
      vertex 87.034 24.8247 34.3
      vertex 86.7083 24.7917 34.9
      vertex 87.034 24.8247 34.9
    endloop
  endfacet
  facet normal -0.100804 0.994906 0
    outer loop
      vertex 86.7083 24.7917 34.9
      vertex 87.034 24.8247 34.3
      vertex 86.7083 24.7917 34.3
    endloop
  endfacet
  facet normal -0.268384 0.963312 0
    outer loop
      vertex 86.7083 24.7917 34.3
      vertex 86.3928 24.7038 34.9
      vertex 86.7083 24.7917 34.9
    endloop
  endfacet
  facet normal -0.268384 0.963312 0
    outer loop
      vertex 86.3928 24.7038 34.9
      vertex 86.7083 24.7917 34.3
      vertex 86.3928 24.7038 34.3
    endloop
  endfacet
  facet normal -0.427679 0.903931 0
    outer loop
      vertex 86.3928 24.7038 34.3
      vertex 86.0969 24.5638 34.9
      vertex 86.3928 24.7038 34.9
    endloop
  endfacet
  facet normal -0.427679 0.903931 0
    outer loop
      vertex 86.0969 24.5638 34.9
      vertex 86.3928 24.7038 34.3
      vertex 86.0969 24.5638 34.3
    endloop
  endfacet
  facet normal -0.574487 0.818514 0
    outer loop
      vertex 86.0969 24.5638 34.3
      vertex 85.8289 24.3757 34.9
      vertex 86.0969 24.5638 34.9
    endloop
  endfacet
  facet normal -0.574487 0.818514 0
    outer loop
      vertex 85.8289 24.3757 34.9
      vertex 86.0969 24.5638 34.3
      vertex 85.8289 24.3757 34.3
    endloop
  endfacet
  facet normal -0.70212 0.712059 0
    outer loop
      vertex 85.8289 24.3757 34.9
      vertex 85.8289 24.3757 34.3
      vertex 85.6068 24.1567 34.9
    endloop
  endfacet
  facet normal -0.704964 0.70924 -0.0020815
    outer loop
      vertex 85.6068 24.1567 34.9
      vertex 85.8289 24.3757 34.3
      vertex 85.5967 24.1449 34.3
    endloop
  endfacet
  facet normal -0.759711 0.650261 0
    outer loop
      vertex 85.5967 24.1449 36.3
      vertex 85.6068 24.1567 34.9
      vertex 85.5967 24.1449 34.3
    endloop
  endfacet
  facet normal -0.759711 0.650261 0
    outer loop
      vertex 85.6068 24.1567 34.9
      vertex 85.5967 24.1449 36.3
      vertex 85.6068 24.1567 36.3
    endloop
  endfacet
  facet normal -0.815093 0.57933 0
    outer loop
      vertex 85.407 23.878 34.3
      vertex 85.5967 24.1449 36.3
      vertex 85.5967 24.1449 34.3
    endloop
  endfacet
  facet normal -0.815093 0.57933 0
    outer loop
      vertex 85.5967 24.1449 36.3
      vertex 85.407 23.878 34.3
      vertex 85.407 23.878 36.3
    endloop
  endfacet
  facet normal -0.901342 0.433108 0
    outer loop
      vertex 85.2652 23.5829 34.3
      vertex 85.407 23.878 36.3
      vertex 85.407 23.878 34.3
    endloop
  endfacet
  facet normal -0.901342 0.433108 0
    outer loop
      vertex 85.407 23.878 36.3
      vertex 85.2652 23.5829 34.3
      vertex 85.2652 23.5829 36.3
    endloop
  endfacet
  facet normal -0.961743 0.273955 0
    outer loop
      vertex 85.1755 23.268 34.3
      vertex 85.2652 23.5829 36.3
      vertex 85.2652 23.5829 34.3
    endloop
  endfacet
  facet normal -0.961743 0.273955 0
    outer loop
      vertex 85.2652 23.5829 36.3
      vertex 85.1755 23.268 34.3
      vertex 85.1755 23.268 36.3
    endloop
  endfacet
  facet normal -0.994269 0.106911 0
    outer loop
      vertex 85.1405 22.9425 34.3
      vertex 85.1755 23.268 36.3
      vertex 85.1755 23.268 34.3
    endloop
  endfacet
  facet normal -0.994269 0.106911 0
    outer loop
      vertex 85.1755 23.268 36.3
      vertex 85.1405 22.9425 34.3
      vertex 85.1405 22.9425 36.3
    endloop
  endfacet
  facet normal -0.998019 -0.0629106 0
    outer loop
      vertex 85.1611 22.6157 34.3
      vertex 85.1405 22.9425 36.3
      vertex 85.1405 22.9425 34.3
    endloop
  endfacet
  facet normal -0.998019 -0.0629106 0
    outer loop
      vertex 85.1405 22.9425 36.3
      vertex 85.1611 22.6157 34.3
      vertex 85.1611 22.6157 36.3
    endloop
  endfacet
  facet normal -0.972898 -0.231235 0
    outer loop
      vertex 85.2368 22.2972 34.3
      vertex 85.1611 22.6157 36.3
      vertex 85.1611 22.6157 34.3
    endloop
  endfacet
  facet normal -0.972898 -0.231235 0
    outer loop
      vertex 85.1611 22.6157 36.3
      vertex 85.2368 22.2972 34.3
      vertex 85.2368 22.2972 36.3
    endloop
  endfacet
  facet normal -0.919634 -0.392776 0
    outer loop
      vertex 85.3654 21.9961 34.3
      vertex 85.2368 22.2972 36.3
      vertex 85.2368 22.2972 34.3
    endloop
  endfacet
  facet normal -0.919634 -0.392776 0
    outer loop
      vertex 85.2368 22.2972 36.3
      vertex 85.3654 21.9961 34.3
      vertex 85.3654 21.9961 36.3
    endloop
  endfacet
  facet normal -0.839767 -0.542947 0
    outer loop
      vertex 85.5432 21.7211 34.3
      vertex 85.3654 21.9961 36.3
      vertex 85.3654 21.9961 34.3
    endloop
  endfacet
  facet normal -0.839767 -0.542947 0
    outer loop
      vertex 85.3654 21.9961 36.3
      vertex 85.5432 21.7211 34.3
      vertex 85.5432 21.7211 36.3
    endloop
  endfacet
  facet normal -0.735529 -0.677493 0
    outer loop
      vertex 85.765 21.4803 34.3
      vertex 85.5432 21.7211 36.3
      vertex 85.5432 21.7211 34.3
    endloop
  endfacet
  facet normal -0.735529 -0.677493 0
    outer loop
      vertex 85.5432 21.7211 36.3
      vertex 85.765 21.4803 34.3
      vertex 85.765 21.4803 36.3
    endloop
  endfacet
  facet normal 0.967751 -0.249987 -0.0310596
    outer loop
      vertex 88.9417 11.0713 34.9
      vertex 88.9153 10.9691 34.9
      vertex 88.8419 10.7595 34.3
    endloop
  endfacet
  facet normal 0.952403 -0.304842 0
    outer loop
      vertex 88.9417 11.0713 34.3
      vertex 88.9417 11.0713 34.9
      vertex 88.8419 10.7595 34.3
    endloop
  endfacet
  facet normal 0.990295 -0.138983 0
    outer loop
      vertex 88.9417 11.0713 34.9
      vertex 88.9872 11.3955 34.3
      vertex 88.9872 11.3955 34.9
    endloop
  endfacet
  facet normal 0.990295 -0.138983 0
    outer loop
      vertex 88.9872 11.3955 34.3
      vertex 88.9417 11.0713 34.9
      vertex 88.9417 11.0713 34.3
    endloop
  endfacet
  facet normal 0.999524 0.0308439 0
    outer loop
      vertex 88.9872 11.3955 34.9
      vertex 88.9771 11.7228 34.3
      vertex 88.9771 11.7228 34.9
    endloop
  endfacet
  facet normal 0.999524 0.0308439 0
    outer loop
      vertex 88.9771 11.7228 34.3
      vertex 88.9872 11.3955 34.9
      vertex 88.9872 11.3955 34.3
    endloop
  endfacet
  facet normal 0.979786 0.20005 0
    outer loop
      vertex 88.9771 11.7228 34.9
      vertex 88.9116 12.0436 34.3
      vertex 88.9116 12.0436 34.9
    endloop
  endfacet
  facet normal 0.979786 0.20005 0
    outer loop
      vertex 88.9116 12.0436 34.3
      vertex 88.9771 11.7228 34.9
      vertex 88.9771 11.7228 34.3
    endloop
  endfacet
  facet normal 0.93185 0.362844 0
    outer loop
      vertex 88.9116 12.0436 34.9
      vertex 88.7928 12.3487 34.3
      vertex 88.7928 12.3487 34.9
    endloop
  endfacet
  facet normal 0.93185 0.362844 0
    outer loop
      vertex 88.7928 12.3487 34.3
      vertex 88.9116 12.0436 34.9
      vertex 88.9116 12.0436 34.3
    endloop
  endfacet
  facet normal 0.856818 0.515618 0
    outer loop
      vertex 88.7928 12.3487 34.9
      vertex 88.624 12.6292 34.3
      vertex 88.624 12.6292 34.9
    endloop
  endfacet
  facet normal 0.856818 0.515618 0
    outer loop
      vertex 88.624 12.6292 34.3
      vertex 88.7928 12.3487 34.9
      vertex 88.7928 12.3487 34.3
    endloop
  endfacet
  facet normal 0.757118 0.653278 0
    outer loop
      vertex 88.624 12.6292 34.9
      vertex 88.4101 12.8771 34.3
      vertex 88.4101 12.8771 34.9
    endloop
  endfacet
  facet normal 0.757118 0.653278 0
    outer loop
      vertex 88.4101 12.8771 34.3
      vertex 88.624 12.6292 34.9
      vertex 88.624 12.6292 34.3
    endloop
  endfacet
  facet normal 0.635215 0.772336 -0
    outer loop
      vertex 88.4101 12.8771 34.3
      vertex 88.1572 13.0851 34.9
      vertex 88.4101 12.8771 34.9
    endloop
  endfacet
  facet normal 0.635215 0.772336 0
    outer loop
      vertex 88.1572 13.0851 34.9
      vertex 88.4101 12.8771 34.3
      vertex 88.1572 13.0851 34.3
    endloop
  endfacet
  facet normal 0.495415 0.868656 -0
    outer loop
      vertex 88.1572 13.0851 34.3
      vertex 87.8728 13.2473 34.9
      vertex 88.1572 13.0851 34.9
    endloop
  endfacet
  facet normal 0.495415 0.868656 0
    outer loop
      vertex 87.8728 13.2473 34.9
      vertex 88.1572 13.0851 34.3
      vertex 87.8728 13.2473 34.3
    endloop
  endfacet
  facet normal 0.34086 0.940114 -0
    outer loop
      vertex 87.8728 13.2473 34.3
      vertex 87.565 13.3589 34.9
      vertex 87.8728 13.2473 34.9
    endloop
  endfacet
  facet normal 0.34086 0.940114 0
    outer loop
      vertex 87.565 13.3589 34.9
      vertex 87.8728 13.2473 34.3
      vertex 87.565 13.3589 34.3
    endloop
  endfacet
  facet normal 0.943802 -0.330511 0
    outer loop
      vertex 88.8419 10.7595 36.3
      vertex 88.9153 10.9691 34.9
      vertex 88.9153 10.9691 36.3
    endloop
  endfacet
  facet normal 0.943802 -0.330511 0
    outer loop
      vertex 88.9153 10.9691 34.9
      vertex 88.8419 10.7595 36.3
      vertex 88.8419 10.7595 34.3
    endloop
  endfacet
  facet normal 0.886977 -0.461814 0
    outer loop
      vertex 88.6907 10.4691 36.3
      vertex 88.8419 10.7595 34.3
      vertex 88.8419 10.7595 36.3
    endloop
  endfacet
  facet normal 0.886977 -0.461814 0
    outer loop
      vertex 88.8419 10.7595 34.3
      vertex 88.6907 10.4691 36.3
      vertex 88.6907 10.4691 34.3
    endloop
  endfacet
  facet normal 0.795803 -0.605555 0
    outer loop
      vertex 88.4924 10.2085 36.3
      vertex 88.6907 10.4691 34.3
      vertex 88.6907 10.4691 36.3
    endloop
  endfacet
  facet normal 0.795803 -0.605555 0
    outer loop
      vertex 88.6907 10.4691 34.3
      vertex 88.4924 10.2085 36.3
      vertex 88.4924 10.2085 34.3
    endloop
  endfacet
  facet normal 0.681856 -0.731487 0
    outer loop
      vertex 88.2529 9.98525 34.3
      vertex 88.4924 10.2085 36.3
      vertex 88.2529 9.98525 36.3
    endloop
  endfacet
  facet normal 0.681856 -0.731487 0
    outer loop
      vertex 88.4924 10.2085 36.3
      vertex 88.2529 9.98525 34.3
      vertex 88.4924 10.2085 34.3
    endloop
  endfacet
  facet normal 0.547937 -0.83652 0
    outer loop
      vertex 87.979 9.80584 34.3
      vertex 88.2529 9.98525 36.3
      vertex 87.979 9.80584 36.3
    endloop
  endfacet
  facet normal 0.547937 -0.83652 0
    outer loop
      vertex 88.2529 9.98525 36.3
      vertex 87.979 9.80584 34.3
      vertex 88.2529 9.98525 34.3
    endloop
  endfacet
  facet normal 0.398276 -0.917266 0
    outer loop
      vertex 87.6787 9.67545 34.3
      vertex 87.979 9.80584 36.3
      vertex 87.6787 9.67545 36.3
    endloop
  endfacet
  facet normal 0.398276 -0.917266 0
    outer loop
      vertex 87.979 9.80584 36.3
      vertex 87.6787 9.67545 34.3
      vertex 87.979 9.80584 34.3
    endloop
  endfacet
  facet normal 0.237056 -0.971496 0
    outer loop
      vertex 87.3606 9.59783 34.3
      vertex 87.6787 9.67545 36.3
      vertex 87.3606 9.59783 36.3
    endloop
  endfacet
  facet normal 0.237056 -0.971496 0
    outer loop
      vertex 87.6787 9.67545 36.3
      vertex 87.3606 9.59783 34.3
      vertex 87.6787 9.67545 34.3
    endloop
  endfacet
  facet normal 0.0689719 -0.997619 0
    outer loop
      vertex 87.034 9.57525 34.3
      vertex 87.3606 9.59783 36.3
      vertex 87.034 9.57525 36.3
    endloop
  endfacet
  facet normal 0.0689719 -0.997619 0
    outer loop
      vertex 87.3606 9.59783 36.3
      vertex 87.034 9.57525 34.3
      vertex 87.3606 9.59783 34.3
    endloop
  endfacet
  facet normal -0.101076 -0.994879 0
    outer loop
      vertex 86.7083 9.60834 34.3
      vertex 87.034 9.57525 36.3
      vertex 86.7083 9.60834 36.3
    endloop
  endfacet
  facet normal -0.101076 -0.994879 -0
    outer loop
      vertex 87.034 9.57525 36.3
      vertex 86.7083 9.60834 34.3
      vertex 87.034 9.57525 34.3
    endloop
  endfacet
  facet normal -0.268157 -0.963375 0
    outer loop
      vertex 86.3928 9.69616 34.3
      vertex 86.7083 9.60834 36.3
      vertex 86.3928 9.69616 36.3
    endloop
  endfacet
  facet normal -0.268157 -0.963375 -0
    outer loop
      vertex 86.7083 9.60834 36.3
      vertex 86.3928 9.69616 34.3
      vertex 86.7083 9.60834 34.3
    endloop
  endfacet
  facet normal -0.427704 -0.903919 0
    outer loop
      vertex 86.0969 9.83617 34.3
      vertex 86.3928 9.69616 36.3
      vertex 86.0969 9.83617 36.3
    endloop
  endfacet
  facet normal -0.427704 -0.903919 -0
    outer loop
      vertex 86.3928 9.69616 36.3
      vertex 86.0969 9.83617 34.3
      vertex 86.3928 9.69616 34.3
    endloop
  endfacet
  facet normal -0.574548 -0.818471 0
    outer loop
      vertex 85.8289 10.0243 34.3
      vertex 86.0969 9.83617 36.3
      vertex 85.8289 10.0243 36.3
    endloop
  endfacet
  facet normal -0.574548 -0.818471 -0
    outer loop
      vertex 86.0969 9.83617 36.3
      vertex 85.8289 10.0243 34.3
      vertex 86.0969 9.83617 34.3
    endloop
  endfacet
  facet normal -0.704965 -0.709242 0
    outer loop
      vertex 85.5967 10.2551 34.3
      vertex 85.8289 10.0243 36.3
      vertex 85.5967 10.2551 36.3
    endloop
  endfacet
  facet normal -0.704965 -0.709242 -0
    outer loop
      vertex 85.8289 10.0243 36.3
      vertex 85.5967 10.2551 34.3
      vertex 85.8289 10.0243 34.3
    endloop
  endfacet
  facet normal -0.815093 -0.57933 0
    outer loop
      vertex 85.5967 10.2551 34.3
      vertex 85.407 10.522 36.3
      vertex 85.407 10.522 34.3
    endloop
  endfacet
  facet normal -0.815093 -0.57933 0
    outer loop
      vertex 85.407 10.522 36.3
      vertex 85.5967 10.2551 34.3
      vertex 85.5967 10.2551 36.3
    endloop
  endfacet
  facet normal -0.901342 -0.433108 0
    outer loop
      vertex 85.407 10.522 34.3
      vertex 85.2652 10.8171 36.3
      vertex 85.2652 10.8171 34.3
    endloop
  endfacet
  facet normal -0.901342 -0.433108 0
    outer loop
      vertex 85.2652 10.8171 36.3
      vertex 85.407 10.522 34.3
      vertex 85.407 10.522 36.3
    endloop
  endfacet
  facet normal -0.961743 -0.273955 0
    outer loop
      vertex 85.2652 10.8171 34.3
      vertex 85.1755 11.132 36.3
      vertex 85.1755 11.132 34.3
    endloop
  endfacet
  facet normal -0.961743 -0.273955 0
    outer loop
      vertex 85.1755 11.132 36.3
      vertex 85.2652 10.8171 34.3
      vertex 85.2652 10.8171 36.3
    endloop
  endfacet
  facet normal -0.994269 -0.106911 0
    outer loop
      vertex 85.1755 11.132 34.3
      vertex 85.1405 11.4575 36.3
      vertex 85.1405 11.4575 34.3
    endloop
  endfacet
  facet normal -0.994269 -0.106911 0
    outer loop
      vertex 85.1405 11.4575 36.3
      vertex 85.1755 11.132 34.3
      vertex 85.1755 11.132 36.3
    endloop
  endfacet
  facet normal -0.998019 0.0629106 0
    outer loop
      vertex 85.1405 11.4575 34.3
      vertex 85.1611 11.7843 36.3
      vertex 85.1611 11.7843 34.3
    endloop
  endfacet
  facet normal -0.998019 0.0629106 0
    outer loop
      vertex 85.1611 11.7843 36.3
      vertex 85.1405 11.4575 34.3
      vertex 85.1405 11.4575 36.3
    endloop
  endfacet
  facet normal -0.972898 0.231235 0
    outer loop
      vertex 85.1611 11.7843 34.3
      vertex 85.2368 12.1028 36.3
      vertex 85.2368 12.1028 34.3
    endloop
  endfacet
  facet normal -0.972898 0.231235 0
    outer loop
      vertex 85.2368 12.1028 36.3
      vertex 85.1611 11.7843 34.3
      vertex 85.1611 11.7843 36.3
    endloop
  endfacet
  facet normal -0.919634 0.392776 0
    outer loop
      vertex 85.2368 12.1028 34.3
      vertex 85.3654 12.4039 36.3
      vertex 85.3654 12.4039 34.3
    endloop
  endfacet
  facet normal -0.919634 0.392776 0
    outer loop
      vertex 85.3654 12.4039 36.3
      vertex 85.2368 12.1028 34.3
      vertex 85.2368 12.1028 36.3
    endloop
  endfacet
  facet normal -0.839767 0.542947 0
    outer loop
      vertex 85.3654 12.4039 34.3
      vertex 85.5432 12.6789 36.3
      vertex 85.5432 12.6789 34.3
    endloop
  endfacet
  facet normal -0.839767 0.542947 0
    outer loop
      vertex 85.5432 12.6789 36.3
      vertex 85.3654 12.4039 34.3
      vertex 85.3654 12.4039 36.3
    endloop
  endfacet
  facet normal -0.735529 0.677493 0
    outer loop
      vertex 85.5432 12.6789 34.3
      vertex 85.765 12.9197 36.3
      vertex 85.765 12.9197 34.3
    endloop
  endfacet
  facet normal -0.735529 0.677493 0
    outer loop
      vertex 85.765 12.9197 36.3
      vertex 85.5432 12.6789 34.3
      vertex 85.5432 12.6789 36.3
    endloop
  endfacet
  facet normal 0 0 -1
    outer loop
      vertex 88.7928 12.3487 34.9
      vertex 90.3743 16.0539 34.9
      vertex 88.9116 12.0436 34.9
    endloop
  endfacet
  facet normal 0 0 -1
    outer loop
      vertex 88.9116 12.0436 34.9
      vertex 90.3743 16.0539 34.9
      vertex 88.9771 11.7228 34.9
    endloop
  endfacet
  facet normal 0 0 -1
    outer loop
      vertex 88.9771 11.7228 34.9
      vertex 90.3743 16.0539 34.9
      vertex 88.9872 11.3955 34.9
    endloop
  endfacet
  facet normal 0 0 -1
    outer loop
      vertex 90.3743 16.0539 34.9
      vertex 88.9417 11.0713 34.9
      vertex 88.9872 11.3955 34.9
    endloop
  endfacet
  facet normal 0 -0 -1
    outer loop
      vertex 88.9417 11.0713 34.9
      vertex 90.3743 16.0539 34.9
      vertex 88.9153 10.9691 34.9
    endloop
  endfacet
  facet normal 0 0 -1
    outer loop
      vertex 90.3743 16.0539 34.9
      vertex 88.7928 12.3487 34.9
      vertex 90.3096 16.0284 34.9
    endloop
  endfacet
  facet normal 0 0 -1
    outer loop
      vertex 90.3096 16.0284 34.9
      vertex 88.7928 12.3487 34.9
      vertex 90.0907 15.9697 34.9
    endloop
  endfacet
  facet normal 0 0 -1
    outer loop
      vertex 88.624 12.6292 34.9
      vertex 90.0907 15.9697 34.9
      vertex 88.7928 12.3487 34.9
    endloop
  endfacet
  facet normal 0 0 -1
    outer loop
      vertex 90.0907 15.9697 34.9
      vertex 88.624 12.6292 34.9
      vertex 89.865 15.95 34.9
    endloop
  endfacet
  facet normal 0 0 -1
    outer loop
      vertex 88.4101 12.8771 34.9
      vertex 89.865 15.95 34.9
      vertex 88.624 12.6292 34.9
    endloop
  endfacet
  facet normal 0 0 -1
    outer loop
      vertex 88.1572 13.0851 34.9
      vertex 89.865 15.95 34.9
      vertex 88.4101 12.8771 34.9
    endloop
  endfacet
  facet normal 0 0 -1
    outer loop
      vertex 87.8728 13.2473 34.9
      vertex 89.865 15.95 34.9
      vertex 88.1572 13.0851 34.9
    endloop
  endfacet
  facet normal 0 0 -1
    outer loop
      vertex 87.565 15.95 34.9
      vertex 87.8728 13.2473 34.9
      vertex 87.565 13.3589 34.9
    endloop
  endfacet
  facet normal 0 0 -1
    outer loop
      vertex 87.8728 13.2473 34.9
      vertex 87.565 15.95 34.9
      vertex 89.865 15.95 34.9
    endloop
  endfacet
  facet normal 0 0 -1
    outer loop
      vertex 38.165 2.7 36.3
      vertex 35.665 2.7 36.3
      vertex 38.165 4.8397 36.3
    endloop
  endfacet
  facet normal 0 0 -1
    outer loop
      vertex 57.715 1.9 36.3
      vertex 51.265 1.9 36.3
      vertex 57.715 2.7 36.3
    endloop
  endfacet
  facet normal 0 0 -1
    outer loop
      vertex 59.215 2.7 36.3
      vertex 57.715 2.7 36.3
      vertex 59.215 4.8397 36.3
    endloop
  endfacet
  facet normal 0 0 -1
    outer loop
      vertex 64.315 4.8397 36.3
      vertex 65.315 2.7 36.3
      vertex 64.315 2.7 36.3
    endloop
  endfacet
  facet normal 0 0 -1
    outer loop
      vertex 76.065 4.9 36.3
      vertex 79.065 1.9 36.3
      vertex 76.065 1.9 36.3
    endloop
  endfacet
  facet normal 0 0 -1
    outer loop
      vertex 87.6221 8.72528 36.3
      vertex 88.2529 9.98525 36.3
      vertex 87.6841 8.49377 36.3
    endloop
  endfacet
  facet normal 0 0 -1
    outer loop
      vertex 88.2529 9.98525 36.3
      vertex 87.6221 8.72528 36.3
      vertex 87.979 9.80584 36.3
    endloop
  endfacet
  facet normal 0 0 -1
    outer loop
      vertex 87.5208 8.9425 36.3
      vertex 87.979 9.80584 36.3
      vertex 87.6221 8.72528 36.3
    endloop
  endfacet
  facet normal 0 0 -1
    outer loop
      vertex 87.979 9.80584 36.3
      vertex 87.5208 8.9425 36.3
      vertex 87.6787 9.67545 36.3
    endloop
  endfacet
  facet normal 0 0 -1
    outer loop
      vertex 87.3833 9.13883 36.3
      vertex 87.6787 9.67545 36.3
      vertex 87.5208 8.9425 36.3
    endloop
  endfacet
  facet normal 0 0 -1
    outer loop
      vertex 87.3833 9.13883 36.3
      vertex 87.3606 9.59783 36.3
      vertex 87.6787 9.67545 36.3
    endloop
  endfacet
  facet normal 0 0 -1
    outer loop
      vertex 87.2138 9.30831 36.3
      vertex 87.3606 9.59783 36.3
      vertex 87.3833 9.13883 36.3
    endloop
  endfacet
  facet normal 0 0 -1
    outer loop
      vertex 87.2138 9.30831 36.3
      vertex 87.034 9.57525 36.3
      vertex 87.3606 9.59783 36.3
    endloop
  endfacet
  facet normal 0 0 -1
    outer loop
      vertex 87.0175 9.44578 36.3
      vertex 87.034 9.57525 36.3
      vertex 87.2138 9.30831 36.3
    endloop
  endfacet
  facet normal 0 0 -1
    outer loop
      vertex 86.8003 9.54708 36.3
      vertex 87.034 9.57525 36.3
      vertex 87.0175 9.44578 36.3
    endloop
  endfacet
  facet normal 0 0 -1
    outer loop
      vertex 86.8003 9.54708 36.3
      vertex 86.7083 9.60834 36.3
      vertex 87.034 9.57525 36.3
    endloop
  endfacet
  facet normal 0 0 -1
    outer loop
      vertex 86.5688 9.60911 36.3
      vertex 86.7083 9.60834 36.3
      vertex 86.8003 9.54708 36.3
    endloop
  endfacet
  facet normal 0 0 -1
    outer loop
      vertex 86.5688 9.60911 36.3
      vertex 86.3928 9.69616 36.3
      vertex 86.7083 9.60834 36.3
    endloop
  endfacet
  facet normal 0 0 -1
    outer loop
      vertex 86.33 9.63 36.3
      vertex 86.3928 9.69616 36.3
      vertex 86.5688 9.60911 36.3
    endloop
  endfacet
  facet normal 0 0 -1
    outer loop
      vertex 86.33 9.63 36.3
      vertex 86.0969 9.83617 36.3
      vertex 86.3928 9.69616 36.3
    endloop
  endfacet
  facet normal 0 0 -1
    outer loop
      vertex 86.0912 9.60911 36.3
      vertex 86.0969 9.83617 36.3
      vertex 86.33 9.63 36.3
    endloop
  endfacet
  facet normal 0 0 -1
    outer loop
      vertex 85.8597 9.54708 36.3
      vertex 86.0969 9.83617 36.3
      vertex 86.0912 9.60911 36.3
    endloop
  endfacet
  facet normal 0 0 -1
    outer loop
      vertex 85.8597 9.54708 36.3
      vertex 85.8289 10.0243 36.3
      vertex 86.0969 9.83617 36.3
    endloop
  endfacet
  facet normal 0 0 -1
    outer loop
      vertex 85.6425 9.44578 36.3
      vertex 85.8289 10.0243 36.3
      vertex 85.8597 9.54708 36.3
    endloop
  endfacet
  facet normal 0 0 -1
    outer loop
      vertex 85.6425 9.44578 36.3
      vertex 85.5967 10.2551 36.3
      vertex 85.8289 10.0243 36.3
    endloop
  endfacet
  facet normal 0 0 -1
    outer loop
      vertex 85.4462 9.30831 36.3
      vertex 85.5967 10.2551 36.3
      vertex 85.6425 9.44578 36.3
    endloop
  endfacet
  facet normal 0 0 -1
    outer loop
      vertex 85.4462 9.30831 36.3
      vertex 85.407 10.522 36.3
      vertex 85.5967 10.2551 36.3
    endloop
  endfacet
  facet normal 0 0 -1
    outer loop
      vertex 85.2767 9.13883 36.3
      vertex 85.407 10.522 36.3
      vertex 85.4462 9.30831 36.3
    endloop
  endfacet
  facet normal 0 0 -1
    outer loop
      vertex 84.265 8.6 36.3
      vertex 85.407 10.522 36.3
      vertex 85.2767 9.13883 36.3
    endloop
  endfacet
  facet normal -0 0 -1
    outer loop
      vertex 85.407 10.522 36.3
      vertex 84.265 8.6 36.3
      vertex 85.2652 10.8171 36.3
    endloop
  endfacet
  facet normal -0 0 -1
    outer loop
      vertex 85.2652 10.8171 36.3
      vertex 84.265 8.6 36.3
      vertex 85.1755 11.132 36.3
    endloop
  endfacet
  facet normal -0 0 -1
    outer loop
      vertex 85.1755 11.132 36.3
      vertex 84.265 8.6 36.3
      vertex 85.1405 11.4575 36.3
    endloop
  endfacet
  facet normal 0 0 -1
    outer loop
      vertex 84.265 8.6 36.3
      vertex 85.2767 9.13883 36.3
      vertex 85.1392 8.9425 36.3
    endloop
  endfacet
  facet normal 0 0 -1
    outer loop
      vertex 85.5432 12.6789 36.3
      vertex 85.765 21.4803 36.3
      vertex 85.765 12.9197 36.3
    endloop
  endfacet
  facet normal 0 0 -1
    outer loop
      vertex 85.5432 12.6789 36.3
      vertex 85.5432 21.7211 36.3
      vertex 85.765 21.4803 36.3
    endloop
  endfacet
  facet normal 0 0 -1
    outer loop
      vertex 85.3654 12.4039 36.3
      vertex 85.5432 21.7211 36.3
      vertex 85.5432 12.6789 36.3
    endloop
  endfacet
  facet normal 0 0 -1
    outer loop
      vertex 85.3654 12.4039 36.3
      vertex 85.3654 21.9961 36.3
      vertex 85.5432 21.7211 36.3
    endloop
  endfacet
  facet normal 0 0 -1
    outer loop
      vertex 85.2368 12.1028 36.3
      vertex 85.3654 21.9961 36.3
      vertex 85.3654 12.4039 36.3
    endloop
  endfacet
  facet normal 0 0 -1
    outer loop
      vertex 85.2368 12.1028 36.3
      vertex 85.2368 22.2972 36.3
      vertex 85.3654 21.9961 36.3
    endloop
  endfacet
  facet normal 0 0 -1
    outer loop
      vertex 85.1611 11.7843 36.3
      vertex 85.2368 22.2972 36.3
      vertex 85.2368 12.1028 36.3
    endloop
  endfacet
  facet normal 0 0 -1
    outer loop
      vertex 85.1611 11.7843 36.3
      vertex 85.1611 22.6157 36.3
      vertex 85.2368 22.2972 36.3
    endloop
  endfacet
  facet normal 0 0 -1
    outer loop
      vertex 85.1405 11.4575 36.3
      vertex 85.1611 22.6157 36.3
      vertex 85.1611 11.7843 36.3
    endloop
  endfacet
  facet normal -0 0 -1
    outer loop
      vertex 85.1611 22.6157 36.3
      vertex 85.1405 11.4575 36.3
      vertex 85.1405 22.9425 36.3
    endloop
  endfacet
  facet normal 0 0 -1
    outer loop
      vertex 95.8219 15.863 36.3
      vertex 91.1452 17.0243 36.3
      vertex 91.165 17.25 36.3
    endloop
  endfacet
  facet normal 0 0 -1
    outer loop
      vertex 93.9848 11.6673 36.3
      vertex 91.0866 16.8054 36.3
      vertex 91.1452 17.0243 36.3
    endloop
  endfacet
  facet normal 0 0 -1
    outer loop
      vertex 88.8419 10.7595 36.3
      vertex 92.6528 9.79779 36.3
      vertex 91.077 8.12855 36.3
    endloop
  endfacet
  facet normal 0 0 -1
    outer loop
      vertex 93.9848 11.6673 36.3
      vertex 90.9908 16.6 36.3
      vertex 91.0866 16.8054 36.3
    endloop
  endfacet
  facet normal 0 0 -1
    outer loop
      vertex 93.9848 11.6673 36.3
      vertex 90.8609 16.4144 36.3
      vertex 90.9908 16.6 36.3
    endloop
  endfacet
  facet normal 0 0 -1
    outer loop
      vertex 88.4924 10.2085 36.3
      vertex 91.077 8.12855 36.3
      vertex 90.7196 7.80798 36.3
    endloop
  endfacet
  facet normal 0 0 -1
    outer loop
      vertex 93.9848 11.6673 36.3
      vertex 90.7006 16.2541 36.3
      vertex 90.8609 16.4144 36.3
    endloop
  endfacet
  facet normal -0 0 -1
    outer loop
      vertex 93.9848 11.6673 36.3
      vertex 88.9153 10.9691 36.3
      vertex 90.3743 16.0539 36.3
    endloop
  endfacet
  facet normal 0 0 -1
    outer loop
      vertex 93.9848 11.6673 36.3
      vertex 90.515 16.1242 36.3
      vertex 90.7006 16.2541 36.3
    endloop
  endfacet
  facet normal 0 0 -1
    outer loop
      vertex 87.705 8.255 36.3
      vertex 90.7196 7.80798 36.3
      vertex 89.2872 6.69117 36.3
    endloop
  endfacet
  facet normal 0 0 -1
    outer loop
      vertex 93.9848 11.6673 36.3
      vertex 90.3743 16.0539 36.3
      vertex 90.515 16.1242 36.3
    endloop
  endfacet
  facet normal 0 0 -1
    outer loop
      vertex 92.6528 9.79779 36.3
      vertex 88.8419 10.7595 36.3
      vertex 88.9153 10.9691 36.3
    endloop
  endfacet
  facet normal 0 0 -1
    outer loop
      vertex 91.077 8.12855 36.3
      vertex 88.6907 10.4691 36.3
      vertex 88.8419 10.7595 36.3
    endloop
  endfacet
  facet normal 0 0 -1
    outer loop
      vertex 91.077 8.12855 36.3
      vertex 88.4924 10.2085 36.3
      vertex 88.6907 10.4691 36.3
    endloop
  endfacet
  facet normal 0 0 -1
    outer loop
      vertex 90.7196 7.80798 36.3
      vertex 88.2529 9.98525 36.3
      vertex 88.4924 10.2085 36.3
    endloop
  endfacet
  facet normal 0 0 -1
    outer loop
      vertex 87.6841 8.49377 36.3
      vertex 90.7196 7.80798 36.3
      vertex 87.705 8.255 36.3
    endloop
  endfacet
  facet normal 0 0 -1
    outer loop
      vertex 90.7196 7.80798 36.3
      vertex 87.6841 8.49377 36.3
      vertex 88.2529 9.98525 36.3
    endloop
  endfacet
  facet normal 0 0 -1
    outer loop
      vertex 89.2872 6.69117 36.3
      vertex 87.6841 8.01623 36.3
      vertex 87.705 8.255 36.3
    endloop
  endfacet
  facet normal 0 0 -1
    outer loop
      vertex 89.2872 6.69117 36.3
      vertex 87.6221 7.78472 36.3
      vertex 87.6841 8.01623 36.3
    endloop
  endfacet
  facet normal 0 0 -1
    outer loop
      vertex 89.2872 6.69117 36.3
      vertex 87.5208 7.5675 36.3
      vertex 87.6221 7.78472 36.3
    endloop
  endfacet
  facet normal 0 0 -1
    outer loop
      vertex 89.2872 6.69117 36.3
      vertex 87.3833 7.37116 36.3
      vertex 87.5208 7.5675 36.3
    endloop
  endfacet
  facet normal 0 0 -1
    outer loop
      vertex 87.1243 5.9 36.3
      vertex 89.2872 6.69117 36.3
      vertex 87.3172 5.51283 36.3
    endloop
  endfacet
  facet normal -0 0 -1
    outer loop
      vertex 89.2872 6.69117 36.3
      vertex 87.1243 5.9 36.3
      vertex 87.3833 7.37116 36.3
    endloop
  endfacet
  facet normal 0 0 -1
    outer loop
      vertex 87.3833 7.37116 36.3
      vertex 87.1243 5.9 36.3
      vertex 87.2138 7.20169 36.3
    endloop
  endfacet
  facet normal 0 0 -1
    outer loop
      vertex 87.1243 5.9 36.3
      vertex 87.0175 7.06421 36.3
      vertex 87.2138 7.20169 36.3
    endloop
  endfacet
  facet normal 0 0 -1
    outer loop
      vertex 87.1243 5.9 36.3
      vertex 86.8003 6.96292 36.3
      vertex 87.0175 7.06421 36.3
    endloop
  endfacet
  facet normal 0 0 -1
    outer loop
      vertex 87.1243 5.9 36.3
      vertex 86.5688 6.90089 36.3
      vertex 86.8003 6.96292 36.3
    endloop
  endfacet
  facet normal 0 0 -1
    outer loop
      vertex 87.1243 5.9 36.3
      vertex 86.33 6.88 36.3
      vertex 86.5688 6.90089 36.3
    endloop
  endfacet
  facet normal 0 0 -1
    outer loop
      vertex 87.1243 5.9 36.3
      vertex 86.0912 6.90089 36.3
      vertex 86.33 6.88 36.3
    endloop
  endfacet
  facet normal 0 0 -1
    outer loop
      vertex 87.1243 5.9 36.3
      vertex 85.8597 6.96292 36.3
      vertex 86.0912 6.90089 36.3
    endloop
  endfacet
  facet normal 0 0 -1
    outer loop
      vertex 87.1243 5.9 36.3
      vertex 85.6425 7.06421 36.3
      vertex 85.8597 6.96292 36.3
    endloop
  endfacet
  facet normal 0 0 -1
    outer loop
      vertex 79.065 5.9 36.3
      vertex 85.6425 7.06421 36.3
      vertex 87.1243 5.9 36.3
    endloop
  endfacet
  facet normal 0 0 -1
    outer loop
      vertex 84.1695 8.3061 36.3
      vertex 84.955 8.255 36.3
      vertex 84.9759 8.01623 36.3
    endloop
  endfacet
  facet normal 0 0 -1
    outer loop
      vertex 84.0589 8.19549 36.3
      vertex 84.9759 8.01623 36.3
      vertex 85.0379 7.78472 36.3
    endloop
  endfacet
  facet normal 0 0 -1
    outer loop
      vertex 83.9195 8.12447 36.3
      vertex 85.0379 7.78472 36.3
      vertex 85.1392 7.5675 36.3
    endloop
  endfacet
  facet normal 0 0 -1
    outer loop
      vertex 83.8432 8.10615 36.3
      vertex 85.1392 7.5675 36.3
      vertex 85.2767 7.37116 36.3
    endloop
  endfacet
  facet normal 0 0 -1
    outer loop
      vertex 84.955 8.255 36.3
      vertex 84.2588 8.52178 36.3
      vertex 84.265 8.6 36.3
    endloop
  endfacet
  facet normal 0 0 -1
    outer loop
      vertex 84.955 8.255 36.3
      vertex 84.2405 8.44549 36.3
      vertex 84.2588 8.52178 36.3
    endloop
  endfacet
  facet normal 0 0 -1
    outer loop
      vertex 84.955 8.255 36.3
      vertex 84.2105 8.373 36.3
      vertex 84.2405 8.44549 36.3
    endloop
  endfacet
  facet normal 0 0 -1
    outer loop
      vertex 83.765 8.1 36.3
      vertex 85.2767 7.37116 36.3
      vertex 85.4462 7.20169 36.3
    endloop
  endfacet
  facet normal 0 0 -1
    outer loop
      vertex 84.955 8.255 36.3
      vertex 84.1695 8.3061 36.3
      vertex 84.2105 8.373 36.3
    endloop
  endfacet
  facet normal 0 0 -1
    outer loop
      vertex 84.9759 8.01623 36.3
      vertex 84.1186 8.24644 36.3
      vertex 84.1695 8.3061 36.3
    endloop
  endfacet
  facet normal 0 0 -1
    outer loop
      vertex 84.9759 8.01623 36.3
      vertex 84.0589 8.19549 36.3
      vertex 84.1186 8.24644 36.3
    endloop
  endfacet
  facet normal -0 0 -1
    outer loop
      vertex 85.6425 7.06421 36.3
      vertex 79.065 5.9 36.3
      vertex 85.4462 7.20169 36.3
    endloop
  endfacet
  facet normal 0 0 -1
    outer loop
      vertex 85.0379 7.78472 36.3
      vertex 83.992 8.1545 36.3
      vertex 84.0589 8.19549 36.3
    endloop
  endfacet
  facet normal 0 0 -1
    outer loop
      vertex 85.0379 7.78472 36.3
      vertex 83.9195 8.12447 36.3
      vertex 83.992 8.1545 36.3
    endloop
  endfacet
  facet normal 0 0 -1
    outer loop
      vertex 85.1392 7.5675 36.3
      vertex 83.8432 8.10615 36.3
      vertex 83.9195 8.12447 36.3
    endloop
  endfacet
  facet normal 0 0 -1
    outer loop
      vertex 85.2767 7.37116 36.3
      vertex 83.765 8.1 36.3
      vertex 83.8432 8.10615 36.3
    endloop
  endfacet
  facet normal -0 0 -1
    outer loop
      vertex 85.4462 7.20169 36.3
      vertex 79.065 5.9 36.3
      vertex 83.765 8.1 36.3
    endloop
  endfacet
  facet normal 0 0 -1
    outer loop
      vertex 79.065 1.9 36.3
      vertex 76.065 4.9 36.3
      vertex 79.065 5.9 36.3
    endloop
  endfacet
  facet normal 0 0 -1
    outer loop
      vertex 66.765 8.1 36.3
      vertex 79.065 5.9 36.3
      vertex 76.065 4.9 36.3
    endloop
  endfacet
  facet normal 0 0 -1
    outer loop
      vertex 79.065 5.9 36.3
      vertex 66.765 8.1 36.3
      vertex 83.765 8.1 36.3
    endloop
  endfacet
  facet normal 0 0 -1
    outer loop
      vertex 65.315 4.9 36.3
      vertex 66.765 8.1 36.3
      vertex 76.065 4.9 36.3
    endloop
  endfacet
  facet normal -0 0 -1
    outer loop
      vertex 66.765 8.1 36.3
      vertex 65.315 4.9 36.3
      vertex 66.6868 8.10615 36.3
    endloop
  endfacet
  facet normal -0 0 -1
    outer loop
      vertex 66.2895 8.44549 36.3
      vertex 63.315 4.8397 36.3
      vertex 66.2712 8.52178 36.3
    endloop
  endfacet
  facet normal 0 0 -1
    outer loop
      vertex 63.315 4.8397 36.3
      vertex 66.2895 8.44549 36.3
      vertex 64.315 4.8397 36.3
    endloop
  endfacet
  facet normal -0 0 -1
    outer loop
      vertex 66.3195 8.373 36.3
      vertex 64.315 4.8397 36.3
      vertex 66.2895 8.44549 36.3
    endloop
  endfacet
  facet normal -0 0 -1
    outer loop
      vertex 66.3605 8.3061 36.3
      vertex 64.315 4.8397 36.3
      vertex 66.3195 8.373 36.3
    endloop
  endfacet
  facet normal 0 0 -1
    outer loop
      vertex 64.315 4.8397 36.3
      vertex 66.3605 8.3061 36.3
      vertex 65.315 4.9 36.3
    endloop
  endfacet
  facet normal -0 0 -1
    outer loop
      vertex 66.4114 8.24644 36.3
      vertex 65.315 4.9 36.3
      vertex 66.3605 8.3061 36.3
    endloop
  endfacet
  facet normal -0 0 -1
    outer loop
      vertex 66.4711 8.19549 36.3
      vertex 65.315 4.9 36.3
      vertex 66.4114 8.24644 36.3
    endloop
  endfacet
  facet normal -0 0 -1
    outer loop
      vertex 66.538 8.1545 36.3
      vertex 65.315 4.9 36.3
      vertex 66.4711 8.19549 36.3
    endloop
  endfacet
  facet normal -0 0 -1
    outer loop
      vertex 66.6105 8.12447 36.3
      vertex 65.315 4.9 36.3
      vertex 66.538 8.1545 36.3
    endloop
  endfacet
  facet normal -0 0 -1
    outer loop
      vertex 66.6868 8.10615 36.3
      vertex 65.315 4.9 36.3
      vertex 66.6105 8.12447 36.3
    endloop
  endfacet
  facet normal 0 0 -1
    outer loop
      vertex 91.165 17.25 36.3
      vertex 96.2922 18.1099 36.3
      vertex 95.8219 15.863 36.3
    endloop
  endfacet
  facet normal 0 0 -1
    outer loop
      vertex 91.1452 17.0243 36.3
      vertex 95.8219 15.863 36.3
      vertex 95.0479 13.7019 36.3
    endloop
  endfacet
  facet normal 0 0 -1
    outer loop
      vertex 91.1452 17.0243 36.3
      vertex 95.0479 13.7019 36.3
      vertex 93.9848 11.6673 36.3
    endloop
  endfacet
  facet normal 0 0 -1
    outer loop
      vertex 88.9153 10.9691 36.3
      vertex 93.9848 11.6673 36.3
      vertex 92.6528 9.79779 36.3
    endloop
  endfacet
  facet normal 0 0 -1
    outer loop
      vertex 96.2922 18.1099 36.3
      vertex 91.165 17.25 36.3
      vertex 91.1452 17.4757 36.3
    endloop
  endfacet
  facet normal 0 0 -1
    outer loop
      vertex 91.0866 17.6946 36.3
      vertex 96.2922 18.1099 36.3
      vertex 91.1452 17.4757 36.3
    endloop
  endfacet
  facet normal 0 -0 -1
    outer loop
      vertex 91.1 19.7 36.3
      vertex 96.2922 18.1099 36.3
      vertex 91.0866 17.6946 36.3
    endloop
  endfacet
  facet normal 0 0 -1
    outer loop
      vertex 90.9908 17.9 36.3
      vertex 91.1 19.7 36.3
      vertex 91.0866 17.6946 36.3
    endloop
  endfacet
  facet normal 0 0 -1
    outer loop
      vertex 96.2922 18.1099 36.3
      vertex 91.1 19.7 36.3
      vertex 96.4353 19.7 36.3
    endloop
  endfacet
  facet normal 0 0 -1
    outer loop
      vertex 95.3 26.55 36.3
      vertex 96.45 27.9259 36.3
      vertex 96.45 24.7 36.3
    endloop
  endfacet
  facet normal -0 0 -1
    outer loop
      vertex 96.45 27.9259 36.3
      vertex 95.3 26.55 36.3
      vertex 95.4082 28.8 36.3
    endloop
  endfacet
  facet normal 0 0 -1
    outer loop
      vertex 91.1 24.7 36.3
      vertex 95.3 26.55 36.3
      vertex 96.45 24.7 36.3
    endloop
  endfacet
  facet normal -0 0 -1
    outer loop
      vertex 95.3 26.55 36.3
      vertex 91.1 24.7 36.3
      vertex 91.3 26.55 36.3
    endloop
  endfacet
  facet normal 0 0 -1
    outer loop
      vertex 90.8609 18.0856 36.3
      vertex 91.1 19.7 36.3
      vertex 90.9908 17.9 36.3
    endloop
  endfacet
  facet normal 0 0 -1
    outer loop
      vertex 90.7006 18.2459 36.3
      vertex 91.1 19.7 36.3
      vertex 90.8609 18.0856 36.3
    endloop
  endfacet
  facet normal 0 0 -1
    outer loop
      vertex 90.515 18.3758 36.3
      vertex 91.1 19.7 36.3
      vertex 90.7006 18.2459 36.3
    endloop
  endfacet
  facet normal 0 0 -1
    outer loop
      vertex 90.3696 18.4481 36.3
      vertex 91.1 19.7 36.3
      vertex 90.515 18.3758 36.3
    endloop
  endfacet
  facet normal -0 0 -1
    outer loop
      vertex 91.1 19.7 36.3
      vertex 90.3696 18.4481 36.3
      vertex 89.1384 22.6668 36.3
    endloop
  endfacet
  facet normal 0 0 -1
    outer loop
      vertex 91.1 19.7 36.3
      vertex 89.1384 22.6668 36.3
      vertex 91.1 24.7 36.3
    endloop
  endfacet
  facet normal -0 0 -1
    outer loop
      vertex 91.1 24.7 36.3
      vertex 89.1384 22.6668 36.3
      vertex 91.3 26.55 36.3
    endloop
  endfacet
  facet normal -0 0 -1
    outer loop
      vertex 95.4082 28.8 36.3
      vertex 95.3 26.55 36.3
      vertex 95.3 28.8 36.3
    endloop
  endfacet
  facet normal 0 0 -1
    outer loop
      vertex 84.2348 25.771 36.3
      vertex 88.5499 27.5717 36.3
      vertex 85.6068 24.1567 36.3
    endloop
  endfacet
  facet normal 0 0 -1
    outer loop
      vertex 84.265 8.6 36.3
      vertex 85.1392 8.9425 36.3
      vertex 85.0379 8.72528 36.3
    endloop
  endfacet
  facet normal 0 0 -1
    outer loop
      vertex 84.265 8.6 36.3
      vertex 85.0379 8.72528 36.3
      vertex 84.9759 8.49377 36.3
    endloop
  endfacet
  facet normal 0 0 -1
    outer loop
      vertex 84.265 8.6 36.3
      vertex 84.9759 8.49377 36.3
      vertex 84.955 8.255 36.3
    endloop
  endfacet
  facet normal 0 0 -1
    outer loop
      vertex 84.265 25.6 36.3
      vertex 85.1405 11.4575 36.3
      vertex 84.265 8.6 36.3
    endloop
  endfacet
  facet normal 0 0 -1
    outer loop
      vertex 85.1405 11.4575 36.3
      vertex 84.265 25.6 36.3
      vertex 85.1405 22.9425 36.3
    endloop
  endfacet
  facet normal 0 0 -1
    outer loop
      vertex 84.265 25.6 36.3
      vertex 85.1755 23.268 36.3
      vertex 85.1405 22.9425 36.3
    endloop
  endfacet
  facet normal 0 0 -1
    outer loop
      vertex 84.265 25.6 36.3
      vertex 85.2652 23.5829 36.3
      vertex 85.1755 23.268 36.3
    endloop
  endfacet
  facet normal 0 0 -1
    outer loop
      vertex 84.265 25.6 36.3
      vertex 85.407 23.878 36.3
      vertex 85.2652 23.5829 36.3
    endloop
  endfacet
  facet normal 0 0 -1
    outer loop
      vertex 84.265 25.6 36.3
      vertex 85.5967 24.1449 36.3
      vertex 85.407 23.878 36.3
    endloop
  endfacet
  facet normal 0 0 -1
    outer loop
      vertex 84.265 25.6 36.3
      vertex 85.6068 24.1567 36.3
      vertex 85.5967 24.1449 36.3
    endloop
  endfacet
  facet normal 0 0 -1
    outer loop
      vertex 84.2574 25.6868 36.3
      vertex 85.6068 24.1567 36.3
      vertex 84.265 25.6 36.3
    endloop
  endfacet
  facet normal 0 0 -1
    outer loop
      vertex 84.2348 25.771 36.3
      vertex 85.6068 24.1567 36.3
      vertex 84.2574 25.6868 36.3
    endloop
  endfacet
  facet normal 0 0 -1
    outer loop
      vertex 84.198 25.85 36.3
      vertex 88.5499 27.5717 36.3
      vertex 84.2348 25.771 36.3
    endloop
  endfacet
  facet normal 0 0 -1
    outer loop
      vertex 84.148 25.9214 36.3
      vertex 88.5499 27.5717 36.3
      vertex 84.198 25.85 36.3
    endloop
  endfacet
  facet normal 0 0 -1
    outer loop
      vertex 84.0864 25.983 36.3
      vertex 88.5499 27.5717 36.3
      vertex 84.148 25.9214 36.3
    endloop
  endfacet
  facet normal 0 0 -1
    outer loop
      vertex 84.015 26.033 36.3
      vertex 88.5499 27.5717 36.3
      vertex 84.0864 25.983 36.3
    endloop
  endfacet
  facet normal 0 0 -1
    outer loop
      vertex 83.936 26.0698 36.3
      vertex 88.5499 27.5717 36.3
      vertex 84.015 26.033 36.3
    endloop
  endfacet
  facet normal 0 0 -1
    outer loop
      vertex 83.8518 26.0924 36.3
      vertex 88.5499 27.5717 36.3
      vertex 83.936 26.0698 36.3
    endloop
  endfacet
  facet normal -0 0 -1
    outer loop
      vertex 88.5499 27.5717 36.3
      vertex 83.8518 26.0924 36.3
      vertex 89.35 28.5 36.3
    endloop
  endfacet
  facet normal 0 0 -1
    outer loop
      vertex 83.765 26.1 36.3
      vertex 89.35 28.5 36.3
      vertex 83.8518 26.0924 36.3
    endloop
  endfacet
  facet normal 0 0 -1
    outer loop
      vertex 79.065 28.5 36.3
      vertex 83.765 26.1 36.3
      vertex 79.065 27.8 36.3
    endloop
  endfacet
  facet normal 0 0 -1
    outer loop
      vertex 83.765 26.1 36.3
      vertex 79.065 28.5 36.3
      vertex 89.35 28.5 36.3
    endloop
  endfacet
  facet normal 0 0 -1
    outer loop
      vertex 59.865 26.5 36.3
      vertex 59.6 27.65 36.3
      vertex 59.865 27.65 36.3
    endloop
  endfacet
  facet normal 0 0 -1
    outer loop
      vertex 35.665 1.9 36.3
      vertex 34.6 5.15 36.3
      vertex 35.665 2.7 36.3
    endloop
  endfacet
  facet normal 0 0 -1
    outer loop
      vertex 34.6 5.15 36.3
      vertex 31.115 21.775 36.3
      vertex 34.6 26.14 36.3
    endloop
  endfacet
  facet normal 0 0 -1
    outer loop
      vertex 34.6 5.15 36.3
      vertex 25.865 6.12999 36.3
      vertex 31.115 21.775 36.3
    endloop
  endfacet
  facet normal 0 0 -1
    outer loop
      vertex 35.665 1.9 36.3
      vertex 25.865 6.12999 36.3
      vertex 34.6 5.15 36.3
    endloop
  endfacet
  facet normal 0 0 -1
    outer loop
      vertex 19.265 1.9 36.3
      vertex 25.865 6.12999 36.3
      vertex 35.665 1.9 36.3
    endloop
  endfacet
  facet normal -0 0 -1
    outer loop
      vertex 25.865 6.12999 36.3
      vertex 19.265 1.9 36.3
      vertex 19.265 6.12999 36.3
    endloop
  endfacet
  facet normal 0 0 -1
    outer loop
      vertex 31.115 24.525 36.3
      vertex 34.6 26.14 36.3
      vertex 31.115 21.775 36.3
    endloop
  endfacet
  facet normal 0 0 -1
    outer loop
      vertex 31.115 24.525 36.3
      vertex 30 26.14 36.3
      vertex 34.6 26.14 36.3
    endloop
  endfacet
  facet normal 0 0 -1
    outer loop
      vertex 25.865 24.525 36.3
      vertex 30 26.14 36.3
      vertex 31.115 24.525 36.3
    endloop
  endfacet
  facet normal 0 0 -1
    outer loop
      vertex 25.865 27.8 36.3
      vertex 30 26.14 36.3
      vertex 25.865 24.525 36.3
    endloop
  endfacet
  facet normal 0 0 -1
    outer loop
      vertex 30 26.14 36.3
      vertex 25.865 27.8 36.3
      vertex 30 27.8 36.3
    endloop
  endfacet
  facet normal -0 0 -1
    outer loop
      vertex 31.115 21.775 36.3
      vertex 25.865 6.12999 36.3
      vertex 25.865 21.775 36.3
    endloop
  endfacet
  facet normal 0 0 -1
    outer loop
      vertex 83.765 26.1 36.3
      vertex 74.665 26.14 36.3
      vertex 79.065 27.8 36.3
    endloop
  endfacet
  facet normal 0 0 -1
    outer loop
      vertex 83.765 26.1 36.3
      vertex 69.665 26.14 36.3
      vertex 74.665 26.14 36.3
    endloop
  endfacet
  facet normal 0 0 -1
    outer loop
      vertex 69.665 26.14 36.3
      vertex 68.165 26.5 36.3
      vertex 69.665 27.8 36.3
    endloop
  endfacet
  facet normal 0 0 -1
    outer loop
      vertex 66.765 26.1 36.3
      vertex 69.665 26.14 36.3
      vertex 83.765 26.1 36.3
    endloop
  endfacet
  facet normal 0 0 -1
    outer loop
      vertex 66.765 26.1 36.3
      vertex 68.165 26.5 36.3
      vertex 69.665 26.14 36.3
    endloop
  endfacet
  facet normal 0 0 -1
    outer loop
      vertex 66.6868 26.0938 36.3
      vertex 68.165 26.5 36.3
      vertex 66.765 26.1 36.3
    endloop
  endfacet
  facet normal 0 0 -1
    outer loop
      vertex 59.865 26.5 36.3
      vertex 66.6868 26.0938 36.3
      vertex 66.6105 26.0755 36.3
    endloop
  endfacet
  facet normal 0 0 -1
    outer loop
      vertex 65.315 2.7 36.3
      vertex 64.315 4.8397 36.3
      vertex 65.315 4.9 36.3
    endloop
  endfacet
  facet normal -0 0 -1
    outer loop
      vertex 66.2712 8.52178 36.3
      vertex 63.315 4.8397 36.3
      vertex 66.265 8.6 36.3
    endloop
  endfacet
  facet normal 0 0 -1
    outer loop
      vertex 59.6 5.15 36.3
      vertex 66.265 8.6 36.3
      vertex 63.315 4.8397 36.3
    endloop
  endfacet
  facet normal 0 -0 -1
    outer loop
      vertex 59.865 26.5 36.3
      vertex 66.265 8.6 36.3
      vertex 59.6 5.15 36.3
    endloop
  endfacet
  facet normal 0 0 -1
    outer loop
      vertex 59.6 5.15 36.3
      vertex 63.315 4.8397 36.3
      vertex 60.215 4.8397 36.3
    endloop
  endfacet
  facet normal 0 0 -1
    outer loop
      vertex 66.265 8.6 36.3
      vertex 59.865 26.5 36.3
      vertex 66.265 25.6 36.3
    endloop
  endfacet
  facet normal 0 0 -1
    outer loop
      vertex 66.6868 26.0938 36.3
      vertex 59.865 26.5 36.3
      vertex 68.165 26.5 36.3
    endloop
  endfacet
  facet normal 0 0 -1
    outer loop
      vertex 66.538 26.0455 36.3
      vertex 59.865 26.5 36.3
      vertex 66.6105 26.0755 36.3
    endloop
  endfacet
  facet normal 0 0 -1
    outer loop
      vertex 66.4711 26.0045 36.3
      vertex 59.865 26.5 36.3
      vertex 66.538 26.0455 36.3
    endloop
  endfacet
  facet normal 0 0 -1
    outer loop
      vertex 66.4114 25.9536 36.3
      vertex 59.865 26.5 36.3
      vertex 66.4711 26.0045 36.3
    endloop
  endfacet
  facet normal 0 0 -1
    outer loop
      vertex 66.3605 25.8939 36.3
      vertex 59.865 26.5 36.3
      vertex 66.4114 25.9536 36.3
    endloop
  endfacet
  facet normal 0 0 -1
    outer loop
      vertex 66.3195 25.827 36.3
      vertex 59.865 26.5 36.3
      vertex 66.3605 25.8939 36.3
    endloop
  endfacet
  facet normal 0 0 -1
    outer loop
      vertex 66.2895 25.7545 36.3
      vertex 59.865 26.5 36.3
      vertex 66.3195 25.827 36.3
    endloop
  endfacet
  facet normal 0 0 -1
    outer loop
      vertex 66.265 25.6 36.3
      vertex 59.865 26.5 36.3
      vertex 66.2712 25.6782 36.3
    endloop
  endfacet
  facet normal 0 0 -1
    outer loop
      vertex 59.6 27.65 36.3
      vertex 59.865 26.5 36.3
      vertex 59.6 5.15 36.3
    endloop
  endfacet
  facet normal 0 0 -1
    outer loop
      vertex 66.2712 25.6782 36.3
      vertex 59.865 26.5 36.3
      vertex 66.2895 25.7545 36.3
    endloop
  endfacet
  facet normal 0 0 -1
    outer loop
      vertex 59.215 4.8397 36.3
      vertex 59.6 5.15 36.3
      vertex 60.215 4.8397 36.3
    endloop
  endfacet
  facet normal 0 0 -1
    outer loop
      vertex 51.265 2.7 36.3
      vertex 57.715 2.7 36.3
      vertex 51.265 1.9 36.3
    endloop
  endfacet
  facet normal 0 0 -1
    outer loop
      vertex 57.715 2.7 36.3
      vertex 51.265 2.7 36.3
      vertex 59.215 4.8397 36.3
    endloop
  endfacet
  facet normal 0 0 -1
    outer loop
      vertex 48.265 4.8397 36.3
      vertex 59.215 4.8397 36.3
      vertex 51.265 2.7 36.3
    endloop
  endfacet
  facet normal 0 0 -1
    outer loop
      vertex 48.265 4.8397 36.3
      vertex 51.265 2.7 36.3
      vertex 48.265 2.7 36.3
    endloop
  endfacet
  facet normal 0 0 -1
    outer loop
      vertex 59.215 4.8397 36.3
      vertex 48.265 4.8397 36.3
      vertex 59.6 5.15 36.3
    endloop
  endfacet
  facet normal 0 0 -1
    outer loop
      vertex 47.265 4.8397 36.3
      vertex 59.6 5.15 36.3
      vertex 48.265 4.8397 36.3
    endloop
  endfacet
  facet normal 0 0 -1
    outer loop
      vertex 43.715 4.8397 36.3
      vertex 59.6 5.15 36.3
      vertex 47.265 4.8397 36.3
    endloop
  endfacet
  facet normal 0 0 -1
    outer loop
      vertex 34.6 5.15 36.3
      vertex 43.715 4.8397 36.3
      vertex 42.715 4.8397 36.3
    endloop
  endfacet
  facet normal 0 0 -1
    outer loop
      vertex 34.6 5.15 36.3
      vertex 42.715 4.8397 36.3
      vertex 39.165 4.8397 36.3
    endloop
  endfacet
  facet normal 0 0 -1
    outer loop
      vertex 34.6 5.15 36.3
      vertex 39.165 4.8397 36.3
      vertex 38.165 4.8397 36.3
    endloop
  endfacet
  facet normal 0 0 -1
    outer loop
      vertex 43.715 4.8397 36.3
      vertex 34.6 5.15 36.3
      vertex 59.6 5.15 36.3
    endloop
  endfacet
  facet normal 0 0 -1
    outer loop
      vertex 34.6 5.15 36.3
      vertex 38.165 4.8397 36.3
      vertex 35.665 2.7 36.3
    endloop
  endfacet
  facet normal -0 0 -1
    outer loop
      vertex 79.065 27.8 36.3
      vertex 74.665 26.14 36.3
      vertex 74.665 27.8 36.3
    endloop
  endfacet
  facet normal -0 0 -1
    outer loop
      vertex 69.665 27.8 36.3
      vertex 68.165 26.5 36.3
      vertex 68.165 27.8 36.3
    endloop
  endfacet
  facet normal -0 0 1
    outer loop
      vertex 89.5981 21.1291 37.1
      vertex 90.5424 20.0728 37.1
      vertex 90.5424 22.1231 37.1
    endloop
  endfacet
  facet normal 0 0 1
    outer loop
      vertex 90.5424 20.0728 37.1
      vertex 90.4395 17.7321 37.1
      vertex 90.5145 17.625 37.1
    endloop
  endfacet
  facet normal 0 0 1
    outer loop
      vertex 90.5424 20.0728 37.1
      vertex 90.3471 17.8245 37.1
      vertex 90.4395 17.7321 37.1
    endloop
  endfacet
  facet normal 0 -0 1
    outer loop
      vertex 89.6085 17.9548 37.1
      vertex 90.5424 20.0728 37.1
      vertex 89.5981 21.1291 37.1
    endloop
  endfacet
  facet normal 0 0 1
    outer loop
      vertex 89.5981 21.1291 37.1
      vertex 90.5424 22.1231 37.1
      vertex 90.1475 22.3073 37.1
    endloop
  endfacet
  facet normal 0 0 1
    outer loop
      vertex 90.5424 20.0728 37.1
      vertex 90.24 17.8995 37.1
      vertex 90.3471 17.8245 37.1
    endloop
  endfacet
  facet normal 0 0 1
    outer loop
      vertex 90.5424 20.0728 37.1
      vertex 90.1215 17.9548 37.1
      vertex 90.24 17.8995 37.1
    endloop
  endfacet
  facet normal 0 0 1
    outer loop
      vertex 90.5424 20.0728 37.1
      vertex 89.9952 17.9886 37.1
      vertex 90.1215 17.9548 37.1
    endloop
  endfacet
  facet normal 0 0 1
    outer loop
      vertex 90.5424 20.0728 37.1
      vertex 89.865 18 37.1
      vertex 89.9952 17.9886 37.1
    endloop
  endfacet
  facet normal 0 0 1
    outer loop
      vertex 90.5424 20.0728 37.1
      vertex 89.7348 17.9886 37.1
      vertex 89.865 18 37.1
    endloop
  endfacet
  facet normal 0 0 1
    outer loop
      vertex 90.5424 20.0728 37.1
      vertex 89.6085 17.9548 37.1
      vertex 89.7348 17.9886 37.1
    endloop
  endfacet
  facet normal 0 0 1
    outer loop
      vertex 89.5981 21.1291 37.1
      vertex 89.49 17.8995 37.1
      vertex 89.6085 17.9548 37.1
    endloop
  endfacet
  facet normal -0 0 1
    outer loop
      vertex 86.9028 20.3708 37.1
      vertex 89.49 17.8995 37.1
      vertex 89.5981 21.1291 37.1
    endloop
  endfacet
  facet normal 0 0 1
    outer loop
      vertex 89.49 17.8995 37.1
      vertex 86.9028 20.3708 37.1
      vertex 89.3829 17.8245 37.1
    endloop
  endfacet
  facet normal 0 0 1
    outer loop
      vertex 89.3829 17.8245 37.1
      vertex 86.9028 20.3708 37.1
      vertex 89.2905 17.7321 37.1
    endloop
  endfacet
  facet normal 0 0 1
    outer loop
      vertex 89.2905 17.7321 37.1
      vertex 86.9028 20.3708 37.1
      vertex 89.2155 17.625 37.1
    endloop
  endfacet
  facet normal 0 0 1
    outer loop
      vertex 89.2155 17.625 37.1
      vertex 86.9028 20.3708 37.1
      vertex 89.1602 17.5065 37.1
    endloop
  endfacet
  facet normal 0 0 1
    outer loop
      vertex 86.9028 20.3708 37.1
      vertex 89.115 17.25 37.1
      vertex 89.1264 17.3802 37.1
    endloop
  endfacet
  facet normal 0 0 1
    outer loop
      vertex 89.115 17.25 37.1
      vertex 88.8917 14.9506 37.1
      vertex 88.8993 14.8638 37.1
    endloop
  endfacet
  facet normal 0 0 1
    outer loop
      vertex 89.115 17.25 37.1
      vertex 88.8692 15.0348 37.1
      vertex 88.8917 14.9506 37.1
    endloop
  endfacet
  facet normal 0 0 1
    outer loop
      vertex 89.115 17.25 37.1
      vertex 88.8324 15.1138 37.1
      vertex 88.8692 15.0348 37.1
    endloop
  endfacet
  facet normal 0 0 1
    outer loop
      vertex 89.1602 17.5065 37.1
      vertex 86.9028 20.3708 37.1
      vertex 89.1264 17.3802 37.1
    endloop
  endfacet
  facet normal 0 0 1
    outer loop
      vertex 89.115 17.25 37.1
      vertex 88.7824 15.1852 37.1
      vertex 88.8324 15.1138 37.1
    endloop
  endfacet
  facet normal 0 0 1
    outer loop
      vertex 89.115 17.25 37.1
      vertex 88.7207 15.2468 37.1
      vertex 88.7824 15.1852 37.1
    endloop
  endfacet
  facet normal 0 0 1
    outer loop
      vertex 86.9028 20.3708 37.1
      vertex 89.5981 21.1291 37.1
      vertex 88.6918 21.5517 37.1
    endloop
  endfacet
  facet normal 0 0 1
    outer loop
      vertex 89.115 17.25 37.1
      vertex 88.6493 15.2968 37.1
      vertex 88.7207 15.2468 37.1
    endloop
  endfacet
  facet normal -0 0 1
    outer loop
      vertex 90.5145 16.875 37.1
      vertex 93.1118 16.3008 37.1
      vertex 90.5698 16.9935 37.1
    endloop
  endfacet
  facet normal -0 0 1
    outer loop
      vertex 90.4395 16.7679 37.1
      vertex 93.1118 16.3008 37.1
      vertex 90.5145 16.875 37.1
    endloop
  endfacet
  facet normal -0 0 1
    outer loop
      vertex 90.3471 16.6755 37.1
      vertex 93.1118 16.3008 37.1
      vertex 90.4395 16.7679 37.1
    endloop
  endfacet
  facet normal 0 0 1
    outer loop
      vertex 93.1118 16.3008 37.1
      vertex 90.3471 16.6755 37.1
      vertex 91.9073 13.7178 37.1
    endloop
  endfacet
  facet normal -0 0 1
    outer loop
      vertex 90.24 16.6005 37.1
      vertex 91.9073 13.7178 37.1
      vertex 90.3471 16.6755 37.1
    endloop
  endfacet
  facet normal 0 0 1
    outer loop
      vertex 91.9073 13.7178 37.1
      vertex 90.4651 13.2869 37.1
      vertex 91.4847 12.8115 37.1
    endloop
  endfacet
  facet normal -0 0 1
    outer loop
      vertex 90.1215 16.5452 37.1
      vertex 91.9073 13.7178 37.1
      vertex 90.24 16.6005 37.1
    endloop
  endfacet
  facet normal 0 0 1
    outer loop
      vertex 91.9073 13.7178 37.1
      vertex 90.1215 16.5452 37.1
      vertex 90.4651 13.2869 37.1
    endloop
  endfacet
  facet normal -0 0 1
    outer loop
      vertex 88.8993 14.8638 37.1
      vertex 90.4651 13.2869 37.1
      vertex 90.1215 16.5452 37.1
    endloop
  endfacet
  facet normal 0 0 1
    outer loop
      vertex 88.8993 14.8638 37.1
      vertex 90.1215 16.5452 37.1
      vertex 89.9952 16.5114 37.1
    endloop
  endfacet
  facet normal 0 0 1
    outer loop
      vertex 94.7545 19.7 37.1
      vertex 96.2922 18.1099 37.1
      vertex 96.386 18.9392 37.1
    endloop
  endfacet
  facet normal -0 0 1
    outer loop
      vertex 92.9374 18.5888 37.1
      vertex 96.2922 18.1099 37.1
      vertex 94.7545 19.7 37.1
    endloop
  endfacet
  facet normal 0 0 1
    outer loop
      vertex 96.2922 18.1099 37.1
      vertex 92.9374 18.5888 37.1
      vertex 96.1215 17.1041 37.1
    endloop
  endfacet
  facet normal -0 0 1
    outer loop
      vertex 91.9181 18.9185 37.1
      vertex 92.9374 18.5888 37.1
      vertex 92.2825 19.7 37.1
    endloop
  endfacet
  facet normal -0 0 1
    outer loop
      vertex 92.2825 19.7 37.1
      vertex 92.9374 18.5888 37.1
      vertex 94.7545 19.7 37.1
    endloop
  endfacet
  facet normal 0 0 1
    outer loop
      vertex 92.5148 17.6825 37.1
      vertex 93.1118 16.3008 37.1
      vertex 93.5344 17.2071 37.1
    endloop
  endfacet
  facet normal 0 0 1
    outer loop
      vertex 90.6036 17.1198 37.1
      vertex 92.5148 17.6825 37.1
      vertex 90.615 17.25 37.1
    endloop
  endfacet
  facet normal 0 0 1
    outer loop
      vertex 92.9374 18.5888 37.1
      vertex 91.9181 18.9185 37.1
      vertex 92.5148 17.6825 37.1
    endloop
  endfacet
  facet normal 0 0 1
    outer loop
      vertex 90.5698 17.5065 37.1
      vertex 92.5148 17.6825 37.1
      vertex 91.9181 18.9185 37.1
    endloop
  endfacet
  facet normal 0 0 1
    outer loop
      vertex 93.1118 16.3008 37.1
      vertex 91.9073 13.7178 37.1
      vertex 92.8136 13.2952 37.1
    endloop
  endfacet
  facet normal 0 0 1
    outer loop
      vertex 90.5698 16.9935 37.1
      vertex 92.5148 17.6825 37.1
      vertex 90.6036 17.1198 37.1
    endloop
  endfacet
  facet normal 0 0 1
    outer loop
      vertex 92.5148 17.6825 37.1
      vertex 90.5698 16.9935 37.1
      vertex 93.1118 16.3008 37.1
    endloop
  endfacet
  facet normal 0 0 1
    outer loop
      vertex 92.5148 17.6825 37.1
      vertex 90.6036 17.3802 37.1
      vertex 90.615 17.25 37.1
    endloop
  endfacet
  facet normal 0 0 1
    outer loop
      vertex 92.5148 17.6825 37.1
      vertex 90.5698 17.5065 37.1
      vertex 90.6036 17.3802 37.1
    endloop
  endfacet
  facet normal 0 0 1
    outer loop
      vertex 90.5145 17.625 37.1
      vertex 91.9181 18.9185 37.1
      vertex 90.5424 20.0728 37.1
    endloop
  endfacet
  facet normal 0 0 1
    outer loop
      vertex 91.9181 18.9185 37.1
      vertex 90.5145 17.625 37.1
      vertex 90.5698 17.5065 37.1
    endloop
  endfacet
  facet normal 0 0 1
    outer loop
      vertex 94.4407 16.7845 37.1
      vertex 95.3754 16.1269 37.1
      vertex 95.4603 16.309 37.1
    endloop
  endfacet
  facet normal 0 0 1
    outer loop
      vertex 94.0181 15.8782 37.1
      vertex 95.3754 16.1269 37.1
      vertex 94.4407 16.7845 37.1
    endloop
  endfacet
  facet normal 0 0 1
    outer loop
      vertex 95.3754 16.1269 37.1
      vertex 94.0181 15.8782 37.1
      vertex 95.1105 15.5588 37.1
    endloop
  endfacet
  facet normal 0 0 1
    outer loop
      vertex 95.1105 15.5588 37.1
      vertex 94.0181 15.8782 37.1
      vertex 94.5525 14.3623 37.1
    endloop
  endfacet
  facet normal 0 0 1
    outer loop
      vertex 92.8136 13.2952 37.1
      vertex 94.5525 14.3623 37.1
      vertex 94.0181 15.8782 37.1
    endloop
  endfacet
  facet normal 0 0 1
    outer loop
      vertex 94.5525 14.3623 37.1
      vertex 92.8136 13.2952 37.1
      vertex 94.0877 13.3654 37.1
    endloop
  endfacet
  facet normal 0 0 1
    outer loop
      vertex 92.8136 13.2952 37.1
      vertex 94.0181 15.8782 37.1
      vertex 93.1118 16.3008 37.1
    endloop
  endfacet
  facet normal 0 0 1
    outer loop
      vertex 94.0877 13.3654 37.1
      vertex 92.8136 13.2952 37.1
      vertex 93.4106 11.9134 37.1
    endloop
  endfacet
  facet normal 0 0 1
    outer loop
      vertex 93.4106 11.9134 37.1
      vertex 92.8136 13.2952 37.1
      vertex 92.391 12.3889 37.1
    endloop
  endfacet
  facet normal 0 0 1
    outer loop
      vertex 90.0425 12.3806 37.1
      vertex 92.6528 9.79779 37.1
      vertex 93.4192 10.8061 37.1
    endloop
  endfacet
  facet normal 0 0 1
    outer loop
      vertex 92.6528 9.79779 37.1
      vertex 91.4251 9.44639 37.1
      vertex 92.0827 9.13974 37.1
    endloop
  endfacet
  facet normal 0 0 1
    outer loop
      vertex 92.6528 9.79779 37.1
      vertex 90.0425 12.3806 37.1
      vertex 91.4251 9.44639 37.1
    endloop
  endfacet
  facet normal -0 0 1
    outer loop
      vertex 88.4745 10.987 37.1
      vertex 91.4251 9.44639 37.1
      vertex 90.0425 12.3806 37.1
    endloop
  endfacet
  facet normal 0 0 1
    outer loop
      vertex 88.8993 14.8638 37.1
      vertex 89.9952 16.5114 37.1
      vertex 89.865 16.5 37.1
    endloop
  endfacet
  facet normal -0 0 1
    outer loop
      vertex 88.8692 14.6928 37.1
      vertex 90.4651 13.2869 37.1
      vertex 88.8917 14.777 37.1
    endloop
  endfacet
  facet normal 0 0 1
    outer loop
      vertex 88.8993 14.8638 37.1
      vertex 89.865 16.5 37.1
      vertex 89.7348 16.5114 37.1
    endloop
  endfacet
  facet normal 0 0 1
    outer loop
      vertex 88.8993 14.8638 37.1
      vertex 89.7348 16.5114 37.1
      vertex 89.6085 16.5452 37.1
    endloop
  endfacet
  facet normal 0 0 1
    outer loop
      vertex 88.8993 14.8638 37.1
      vertex 89.6085 16.5452 37.1
      vertex 89.49 16.6005 37.1
    endloop
  endfacet
  facet normal 0 0 1
    outer loop
      vertex 88.8993 14.8638 37.1
      vertex 89.49 16.6005 37.1
      vertex 89.3829 16.6755 37.1
    endloop
  endfacet
  facet normal 0 0 1
    outer loop
      vertex 88.8993 14.8638 37.1
      vertex 89.3829 16.6755 37.1
      vertex 89.2905 16.7679 37.1
    endloop
  endfacet
  facet normal 0 0 1
    outer loop
      vertex 88.8993 14.8638 37.1
      vertex 89.2905 16.7679 37.1
      vertex 89.2155 16.875 37.1
    endloop
  endfacet
  facet normal 0 0 1
    outer loop
      vertex 88.8993 14.8638 37.1
      vertex 89.2155 16.875 37.1
      vertex 89.1602 16.9935 37.1
    endloop
  endfacet
  facet normal 0 0 1
    outer loop
      vertex 88.8993 14.8638 37.1
      vertex 89.1602 16.9935 37.1
      vertex 89.1264 17.1198 37.1
    endloop
  endfacet
  facet normal 0 0 1
    outer loop
      vertex 88.8993 14.8638 37.1
      vertex 89.1264 17.1198 37.1
      vertex 89.115 17.25 37.1
    endloop
  endfacet
  facet normal 0 0 1
    outer loop
      vertex 90.4651 13.2869 37.1
      vertex 88.8993 14.8638 37.1
      vertex 88.8917 14.777 37.1
    endloop
  endfacet
  facet normal -0 0 1
    outer loop
      vertex 88.8324 14.6138 37.1
      vertex 90.4651 13.2869 37.1
      vertex 88.8692 14.6928 37.1
    endloop
  endfacet
  facet normal -0 0 1
    outer loop
      vertex 88.7824 14.5424 37.1
      vertex 90.4651 13.2869 37.1
      vertex 88.8324 14.6138 37.1
    endloop
  endfacet
  facet normal 0 -0 1
    outer loop
      vertex 88.565 11.5 37.1
      vertex 90.0425 12.3806 37.1
      vertex 88.5422 11.7605 37.1
    endloop
  endfacet
  facet normal -0 0 1
    outer loop
      vertex 88.7207 14.4808 37.1
      vertex 90.4651 13.2869 37.1
      vertex 88.7824 14.5424 37.1
    endloop
  endfacet
  facet normal -0 0 1
    outer loop
      vertex 88.6493 14.4308 37.1
      vertex 90.4651 13.2869 37.1
      vertex 88.7207 14.4808 37.1
    endloop
  endfacet
  facet normal 0 0 1
    outer loop
      vertex 90.4651 13.2869 37.1
      vertex 88.6493 14.4308 37.1
      vertex 90.0425 12.3806 37.1
    endloop
  endfacet
  facet normal -0 0 1
    outer loop
      vertex 88.2141 12.4642 37.1
      vertex 90.0425 12.3806 37.1
      vertex 88.6493 14.4308 37.1
    endloop
  endfacet
  facet normal 0 0 1
    outer loop
      vertex 88.2141 12.4642 37.1
      vertex 88.6493 14.4308 37.1
      vertex 88.5703 14.3939 37.1
    endloop
  endfacet
  facet normal 0 0 1
    outer loop
      vertex 88.4745 10.987 37.1
      vertex 90.0425 12.3806 37.1
      vertex 88.5422 11.2395 37.1
    endloop
  endfacet
  facet normal -0 0 1
    outer loop
      vertex 88.364 10.75 37.1
      vertex 91.4251 9.44639 37.1
      vertex 88.4745 10.987 37.1
    endloop
  endfacet
  facet normal 0 0 1
    outer loop
      vertex 91.4251 9.44639 37.1
      vertex 88.364 10.75 37.1
      vertex 90.2058 8.29212 37.1
    endloop
  endfacet
  facet normal -0 0 1
    outer loop
      vertex 88.2141 10.5358 37.1
      vertex 90.2058 8.29212 37.1
      vertex 88.364 10.75 37.1
    endloop
  endfacet
  facet normal -0 0 1
    outer loop
      vertex 88.0292 10.3509 37.1
      vertex 90.2058 8.29212 37.1
      vertex 88.2141 10.5358 37.1
    endloop
  endfacet
  facet normal 0 0 1
    outer loop
      vertex 90.2058 8.29212 37.1
      vertex 88.0292 10.3509 37.1
      vertex 87.6221 8.72528 37.1
    endloop
  endfacet
  facet normal 0 0 1
    outer loop
      vertex 87.5208 8.9425 37.1
      vertex 88.0292 10.3509 37.1
      vertex 87.815 10.201 37.1
    endloop
  endfacet
  facet normal -0 -0 1
    outer loop
      vertex 87.6841 8.49377 37.1
      vertex 90.2058 8.29212 37.1
      vertex 87.6221 8.72528 37.1
    endloop
  endfacet
  facet normal -0 0 1
    outer loop
      vertex 87.6841 8.01623 37.1
      vertex 88.8715 7.27287 37.1
      vertex 87.705 8.255 37.1
    endloop
  endfacet
  facet normal 0 0 1
    outer loop
      vertex 88.8715 7.27287 37.1
      vertex 87.6841 8.49377 37.1
      vertex 87.705 8.255 37.1
    endloop
  endfacet
  facet normal 0 0 1
    outer loop
      vertex 90.2058 8.29212 37.1
      vertex 87.6841 8.49377 37.1
      vertex 88.8715 7.27287 37.1
    endloop
  endfacet
  facet normal 0 0 1
    outer loop
      vertex 87.3833 9.13883 37.1
      vertex 87.815 10.201 37.1
      vertex 87.578 10.0905 37.1
    endloop
  endfacet
  facet normal 0 0 1
    outer loop
      vertex 88.0292 10.3509 37.1
      vertex 87.5208 8.9425 37.1
      vertex 87.6221 8.72528 37.1
    endloop
  endfacet
  facet normal 0 0 1
    outer loop
      vertex 87.815 10.201 37.1
      vertex 87.3833 9.13883 37.1
      vertex 87.5208 8.9425 37.1
    endloop
  endfacet
  facet normal 0 0 1
    outer loop
      vertex 87.2138 9.30831 37.1
      vertex 87.578 10.0905 37.1
      vertex 87.3255 10.0228 37.1
    endloop
  endfacet
  facet normal 0 0 1
    outer loop
      vertex 87.578 10.0905 37.1
      vertex 87.2138 9.30831 37.1
      vertex 87.3833 9.13883 37.1
    endloop
  endfacet
  facet normal 0 0 1
    outer loop
      vertex 87.0175 9.44578 37.1
      vertex 87.3255 10.0228 37.1
      vertex 87.065 10 37.1
    endloop
  endfacet
  facet normal 0 0 1
    outer loop
      vertex 87.3255 10.0228 37.1
      vertex 87.0175 9.44578 37.1
      vertex 87.2138 9.30831 37.1
    endloop
  endfacet
  facet normal 0 0 1
    outer loop
      vertex 86.8003 9.54708 37.1
      vertex 87.065 10 37.1
      vertex 86.8045 10.0228 37.1
    endloop
  endfacet
  facet normal 0 0 1
    outer loop
      vertex 87.065 10 37.1
      vertex 86.8003 9.54708 37.1
      vertex 87.0175 9.44578 37.1
    endloop
  endfacet
  facet normal 0 0 1
    outer loop
      vertex 86.8045 10.0228 37.1
      vertex 86.5688 9.60911 37.1
      vertex 86.8003 9.54708 37.1
    endloop
  endfacet
  facet normal 0 0 1
    outer loop
      vertex 86.552 10.0905 37.1
      vertex 86.5688 9.60911 37.1
      vertex 86.8045 10.0228 37.1
    endloop
  endfacet
  facet normal 0 0 1
    outer loop
      vertex 86.552 10.0905 37.1
      vertex 86.33 9.63 37.1
      vertex 86.5688 9.60911 37.1
    endloop
  endfacet
  facet normal 0 0 1
    outer loop
      vertex 86.315 10.201 37.1
      vertex 86.33 9.63 37.1
      vertex 86.552 10.0905 37.1
    endloop
  endfacet
  facet normal 0 0 1
    outer loop
      vertex 86.0912 9.60911 37.1
      vertex 86.315 10.201 37.1
      vertex 86.1008 10.3509 37.1
    endloop
  endfacet
  facet normal 0 0 1
    outer loop
      vertex 86.315 10.201 37.1
      vertex 86.0912 9.60911 37.1
      vertex 86.33 9.63 37.1
    endloop
  endfacet
  facet normal 0 0 1
    outer loop
      vertex 85.8597 9.54708 37.1
      vertex 86.1008 10.3509 37.1
      vertex 85.9159 10.5358 37.1
    endloop
  endfacet
  facet normal 0 0 1
    outer loop
      vertex 86.1008 10.3509 37.1
      vertex 85.8597 9.54708 37.1
      vertex 86.0912 9.60911 37.1
    endloop
  endfacet
  facet normal 0 0 1
    outer loop
      vertex 85.6425 9.44578 37.1
      vertex 85.9159 10.5358 37.1
      vertex 85.766 10.75 37.1
    endloop
  endfacet
  facet normal 0 0 1
    outer loop
      vertex 85.4462 9.30831 37.1
      vertex 85.766 10.75 37.1
      vertex 85.6555 10.987 37.1
    endloop
  endfacet
  facet normal 0 0 1
    outer loop
      vertex 85.9159 10.5358 37.1
      vertex 85.6425 9.44578 37.1
      vertex 85.8597 9.54708 37.1
    endloop
  endfacet
  facet normal 0 0 1
    outer loop
      vertex 83.098 10.1472 37.1
      vertex 85.6555 10.987 37.1
      vertex 85.5878 11.2395 37.1
    endloop
  endfacet
  facet normal 0 0 1
    outer loop
      vertex 84.07 12.2317 37.1
      vertex 85.5878 11.2395 37.1
      vertex 85.565 11.5 37.1
    endloop
  endfacet
  facet normal 0 0 1
    outer loop
      vertex 85.766 10.75 37.1
      vertex 85.4462 9.30831 37.1
      vertex 85.6425 9.44578 37.1
    endloop
  endfacet
  facet normal 0 0 1
    outer loop
      vertex 82.7411 11.748 37.1
      vertex 80.9285 12.5933 37.1
      vertex 82.1917 10.5698 37.1
    endloop
  endfacet
  facet normal 0 0 1
    outer loop
      vertex 84.07 12.2317 37.1
      vertex 83.4865 13.9382 37.1
      vertex 82.9371 12.76 37.1
    endloop
  endfacet
  facet normal 0 0 1
    outer loop
      vertex 85.6555 10.987 37.1
      vertex 85.2767 9.13883 37.1
      vertex 85.4462 9.30831 37.1
    endloop
  endfacet
  facet normal 0 0 1
    outer loop
      vertex 85.5878 11.7605 37.1
      vertex 84.07 12.2317 37.1
      vertex 85.565 11.5 37.1
    endloop
  endfacet
  facet normal 0 0 1
    outer loop
      vertex 85.5878 11.2395 37.1
      vertex 84.07 12.2317 37.1
      vertex 83.098 10.1472 37.1
    endloop
  endfacet
  facet normal 0 0 1
    outer loop
      vertex 85.6555 10.987 37.1
      vertex 83.098 10.1472 37.1
      vertex 85.2767 9.13883 37.1
    endloop
  endfacet
  facet normal 0 0 1
    outer loop
      vertex 85.2767 9.13883 37.1
      vertex 83.098 10.1472 37.1
      vertex 85.1392 8.9425 37.1
    endloop
  endfacet
  facet normal 0 0 1
    outer loop
      vertex 85.1392 8.9425 37.1
      vertex 83.098 10.1472 37.1
      vertex 85.0379 8.72528 37.1
    endloop
  endfacet
  facet normal 0 0 1
    outer loop
      vertex 85.0379 8.72528 37.1
      vertex 83.098 10.1472 37.1
      vertex 84.9759 8.49377 37.1
    endloop
  endfacet
  facet normal 0 0 1
    outer loop
      vertex 85.1603 13.7309 37.1
      vertex 83.4865 13.9382 37.1
      vertex 84.07 12.2317 37.1
    endloop
  endfacet
  facet normal 0 0 1
    outer loop
      vertex 81.9882 15.21 37.1
      vertex 83.4865 13.9382 37.1
      vertex 85.1603 13.7309 37.1
    endloop
  endfacet
  facet normal 0 0 1
    outer loop
      vertex 83.4865 13.9382 37.1
      vertex 81.9882 15.21 37.1
      vertex 82.5802 14.3608 37.1
    endloop
  endfacet
  facet normal 0 0 1
    outer loop
      vertex 81.3511 13.4996 37.1
      vertex 82.5802 14.3608 37.1
      vertex 81.9882 15.21 37.1
    endloop
  endfacet
  facet normal 0 0 1
    outer loop
      vertex 82.5802 14.3608 37.1
      vertex 81.3511 13.4996 37.1
      vertex 82.0308 13.1826 37.1
    endloop
  endfacet
  facet normal 0 0 1
    outer loop
      vertex 82.2418 15.7538 37.1
      vertex 80.3967 19.4325 37.1
      vertex 81.9882 15.21 37.1
    endloop
  endfacet
  facet normal 0 0 1
    outer loop
      vertex 79.8529 19.6861 37.1
      vertex 81.9882 15.21 37.1
      vertex 80.3967 19.4325 37.1
    endloop
  endfacet
  facet normal 0 0 1
    outer loop
      vertex 81.9882 15.21 37.1
      vertex 79.8529 19.6861 37.1
      vertex 81.3511 13.4996 37.1
    endloop
  endfacet
  facet normal -0 0 1
    outer loop
      vertex 87.6221 7.78472 37.1
      vertex 88.8715 7.27287 37.1
      vertex 87.6841 8.01623 37.1
    endloop
  endfacet
  facet normal -0 0 1
    outer loop
      vertex 87.5208 7.5675 37.1
      vertex 88.8715 7.27287 37.1
      vertex 87.6221 7.78472 37.1
    endloop
  endfacet
  facet normal 0 0 1
    outer loop
      vertex 88.8715 7.27287 37.1
      vertex 87.5208 7.5675 37.1
      vertex 87.8109 6.6077 37.1
    endloop
  endfacet
  facet normal -0 0 1
    outer loop
      vertex 87.3833 7.37116 37.1
      vertex 87.8109 6.6077 37.1
      vertex 87.5208 7.5675 37.1
    endloop
  endfacet
  facet normal -0 0 1
    outer loop
      vertex 87.2138 7.20169 37.1
      vertex 87.8109 6.6077 37.1
      vertex 87.3833 7.37116 37.1
    endloop
  endfacet
  facet normal 0 0 1
    outer loop
      vertex 87.8109 6.6077 37.1
      vertex 87.2138 7.20169 37.1
      vertex 87.4372 6.4 37.1
    endloop
  endfacet
  facet normal -0 0 1
    outer loop
      vertex 87.0175 7.06421 37.1
      vertex 87.4372 6.4 37.1
      vertex 87.2138 7.20169 37.1
    endloop
  endfacet
  facet normal -0 0 1
    outer loop
      vertex 86.8003 6.96292 37.1
      vertex 87.4372 6.4 37.1
      vertex 87.0175 7.06421 37.1
    endloop
  endfacet
  facet normal -0 0 1
    outer loop
      vertex 86.5688 6.90089 37.1
      vertex 87.4372 6.4 37.1
      vertex 86.8003 6.96292 37.1
    endloop
  endfacet
  facet normal -0 0 1
    outer loop
      vertex 86.33 6.88 37.1
      vertex 87.4372 6.4 37.1
      vertex 86.5688 6.90089 37.1
    endloop
  endfacet
  facet normal 0 0 1
    outer loop
      vertex 86.0912 6.90089 37.1
      vertex 87.4372 6.4 37.1
      vertex 86.33 6.88 37.1
    endloop
  endfacet
  facet normal 0 0 1
    outer loop
      vertex 82.4286 6.4 37.1
      vertex 86.0912 6.90089 37.1
      vertex 85.8597 6.96292 37.1
    endloop
  endfacet
  facet normal 0 0 1
    outer loop
      vertex 84.9759 8.49377 37.1
      vertex 83.098 10.1472 37.1
      vertex 84.955 8.255 37.1
    endloop
  endfacet
  facet normal 0 0 1
    outer loop
      vertex 82.4286 6.4 37.1
      vertex 84.955 8.255 37.1
      vertex 83.098 10.1472 37.1
    endloop
  endfacet
  facet normal 0 0 1
    outer loop
      vertex 84.955 8.255 37.1
      vertex 82.4286 6.4 37.1
      vertex 84.9759 8.01623 37.1
    endloop
  endfacet
  facet normal 0 0 1
    outer loop
      vertex 84.9759 8.01623 37.1
      vertex 82.4286 6.4 37.1
      vertex 85.0379 7.78472 37.1
    endloop
  endfacet
  facet normal 0 0 1
    outer loop
      vertex 85.0379 7.78472 37.1
      vertex 82.4286 6.4 37.1
      vertex 85.1392 7.5675 37.1
    endloop
  endfacet
  facet normal 0 0 1
    outer loop
      vertex 86.0912 6.90089 37.1
      vertex 82.4286 6.4 37.1
      vertex 87.4372 6.4 37.1
    endloop
  endfacet
  facet normal 0 0 1
    outer loop
      vertex 85.6425 7.06421 37.1
      vertex 82.4286 6.4 37.1
      vertex 85.8597 6.96292 37.1
    endloop
  endfacet
  facet normal 0 0 1
    outer loop
      vertex 85.4462 7.20169 37.1
      vertex 82.4286 6.4 37.1
      vertex 85.6425 7.06421 37.1
    endloop
  endfacet
  facet normal 0 0 1
    outer loop
      vertex 85.2767 7.37116 37.1
      vertex 82.4286 6.4 37.1
      vertex 85.4462 7.20169 37.1
    endloop
  endfacet
  facet normal 0 0 1
    outer loop
      vertex 85.1392 7.5675 37.1
      vertex 82.4286 6.4 37.1
      vertex 85.2767 7.37116 37.1
    endloop
  endfacet
  facet normal 0 0 1
    outer loop
      vertex 82.1917 10.5698 37.1
      vertex 82.4286 6.4 37.1
      vertex 83.098 10.1472 37.1
    endloop
  endfacet
  facet normal 0 0 1
    outer loop
      vertex 79.065 5.9 37.1
      vertex 82.4286 6.4 37.1
      vertex 82.1917 10.5698 37.1
    endloop
  endfacet
  facet normal 0 0 1
    outer loop
      vertex 79.065 5.9 37.1
      vertex 82.1917 10.5698 37.1
      vertex 80.9285 12.5933 37.1
    endloop
  endfacet
  facet normal 0 0 1
    outer loop
      vertex 81.3511 13.4996 37.1
      vertex 79.8529 19.6861 37.1
      vertex 80.9285 12.5933 37.1
    endloop
  endfacet
  facet normal 0 0 1
    outer loop
      vertex 79.065 5.9 37.1
      vertex 79.8529 19.6861 37.1
      vertex 79.065 23.84 37.1
    endloop
  endfacet
  facet normal 0 0 1
    outer loop
      vertex 82.4286 6.4 37.1
      vertex 79.065 5.9 37.1
      vertex 82.4286 5.9 37.1
    endloop
  endfacet
  facet normal 0 0 1
    outer loop
      vertex 79.8529 19.6861 37.1
      vertex 79.065 5.9 37.1
      vertex 80.9285 12.5933 37.1
    endloop
  endfacet
  facet normal 0 0 1
    outer loop
      vertex 88.0163 14.5424 37.1
      vertex 87.065 13 37.1
      vertex 87.3255 12.9772 37.1
    endloop
  endfacet
  facet normal 0 -0 1
    outer loop
      vertex 85.4138 14.2747 37.1
      vertex 87.9663 15.1138 37.1
      vertex 85.2259 14.3623 37.1
    endloop
  endfacet
  facet normal 0 -0 1
    outer loop
      vertex 86.8045 12.9772 37.1
      vertex 87.9069 14.9506 37.1
      vertex 85.4138 14.2747 37.1
    endloop
  endfacet
  facet normal 0 0 1
    outer loop
      vertex 87.9069 14.9506 37.1
      vertex 86.8045 12.9772 37.1
      vertex 87.065 13 37.1
    endloop
  endfacet
  facet normal 0 0 1
    outer loop
      vertex 86.8045 12.9772 37.1
      vertex 85.4138 14.2747 37.1
      vertex 86.552 12.9095 37.1
    endloop
  endfacet
  facet normal 0 0 1
    outer loop
      vertex 86.552 12.9095 37.1
      vertex 85.4138 14.2747 37.1
      vertex 86.315 12.799 37.1
    endloop
  endfacet
  facet normal -0 0 1
    outer loop
      vertex 85.1603 13.7309 37.1
      vertex 86.315 12.799 37.1
      vertex 85.4138 14.2747 37.1
    endloop
  endfacet
  facet normal 0 0 1
    outer loop
      vertex 86.315 12.799 37.1
      vertex 85.1603 13.7309 37.1
      vertex 86.1008 12.6491 37.1
    endloop
  endfacet
  facet normal 0 0 1
    outer loop
      vertex 86.1008 12.6491 37.1
      vertex 85.1603 13.7309 37.1
      vertex 85.9159 12.4642 37.1
    endloop
  endfacet
  facet normal 0 0 1
    outer loop
      vertex 85.9159 12.4642 37.1
      vertex 85.1603 13.7309 37.1
      vertex 85.766 12.25 37.1
    endloop
  endfacet
  facet normal 0 0 1
    outer loop
      vertex 85.6555 12.013 37.1
      vertex 84.07 12.2317 37.1
      vertex 85.5878 11.7605 37.1
    endloop
  endfacet
  facet normal 0 0 1
    outer loop
      vertex 85.766 12.25 37.1
      vertex 84.07 12.2317 37.1
      vertex 85.6555 12.013 37.1
    endloop
  endfacet
  facet normal 0 0 1
    outer loop
      vertex 84.07 12.2317 37.1
      vertex 85.766 12.25 37.1
      vertex 85.1603 13.7309 37.1
    endloop
  endfacet
  facet normal 0 0 1
    outer loop
      vertex 87.9295 15.0348 37.1
      vertex 85.4138 14.2747 37.1
      vertex 87.9069 14.9506 37.1
    endloop
  endfacet
  facet normal 0 0 1
    outer loop
      vertex 87.9663 15.1138 37.1
      vertex 85.4138 14.2747 37.1
      vertex 87.9295 15.0348 37.1
    endloop
  endfacet
  facet normal 0 0 1
    outer loop
      vertex 82.66 15.5588 37.1
      vertex 86.9028 20.3708 37.1
      vertex 83.7308 21.85 37.1
    endloop
  endfacet
  facet normal 0 0 1
    outer loop
      vertex 83.9843 22.3938 37.1
      vertex 81.9182 22.6952 37.1
      vertex 83.7308 21.85 37.1
    endloop
  endfacet
  facet normal 0 0 1
    outer loop
      vertex 80.3967 19.4325 37.1
      vertex 83.7308 21.85 37.1
      vertex 81.9182 22.6952 37.1
    endloop
  endfacet
  facet normal 0 0 1
    outer loop
      vertex 86.9028 20.3708 37.1
      vertex 82.66 15.5588 37.1
      vertex 84.5125 14.695 37.1
    endloop
  endfacet
  facet normal 0 0 1
    outer loop
      vertex 83.7308 21.85 37.1
      vertex 82.2418 15.7538 37.1
      vertex 82.66 15.5588 37.1
    endloop
  endfacet
  facet normal 0 0 1
    outer loop
      vertex 83.7308 21.85 37.1
      vertex 80.3967 19.4325 37.1
      vertex 82.2418 15.7538 37.1
    endloop
  endfacet
  facet normal 0 0 1
    outer loop
      vertex 82.663 23.84 37.1
      vertex 81.3744 22.9488 37.1
      vertex 81.9182 22.6952 37.1
    endloop
  endfacet
  facet normal 0 0 1
    outer loop
      vertex 79.065 23.84 37.1
      vertex 81.245 22.6713 37.1
      vertex 81.3744 22.9488 37.1
    endloop
  endfacet
  facet normal 0 0 1
    outer loop
      vertex 81.245 22.6713 37.1
      vertex 79.065 23.84 37.1
      vertex 80.3907 20.8393 37.1
    endloop
  endfacet
  facet normal 0 0 1
    outer loop
      vertex 79.9535 19.9017 37.1
      vertex 79.065 23.84 37.1
      vertex 79.8529 19.6861 37.1
    endloop
  endfacet
  facet normal 0 0 1
    outer loop
      vertex 80.3907 20.8393 37.1
      vertex 79.065 23.84 37.1
      vertex 79.9535 19.9017 37.1
    endloop
  endfacet
  facet normal -0 0 1
    outer loop
      vertex 79.065 23.84 37.1
      vertex 81.3744 22.9488 37.1
      vertex 82.663 23.84 37.1
    endloop
  endfacet
  facet normal 0 0 1
    outer loop
      vertex 90.5424 25.7 37.1
      vertex 88.9841 23.9532 37.1
      vertex 90.5424 23.2265 37.1
    endloop
  endfacet
  facet normal 0 0 1
    outer loop
      vertex 88.9841 23.9532 37.1
      vertex 88.5422 23.1605 37.1
      vertex 88.5615 23.0468 37.1
    endloop
  endfacet
  facet normal 0 0 1
    outer loop
      vertex 88.9841 23.9532 37.1
      vertex 88.4745 23.413 37.1
      vertex 88.5422 23.1605 37.1
    endloop
  endfacet
  facet normal -0 0 1
    outer loop
      vertex 87.815 24.199 37.1
      vertex 88.9841 23.9532 37.1
      vertex 90.5424 25.7 37.1
    endloop
  endfacet
  facet normal 0 0 1
    outer loop
      vertex 88.9841 23.9532 37.1
      vertex 88.364 23.65 37.1
      vertex 88.4745 23.413 37.1
    endloop
  endfacet
  facet normal 0 0 1
    outer loop
      vertex 88.9841 23.9532 37.1
      vertex 88.2141 23.8642 37.1
      vertex 88.364 23.65 37.1
    endloop
  endfacet
  facet normal 0 0 1
    outer loop
      vertex 88.9841 23.9532 37.1
      vertex 88.0292 24.0491 37.1
      vertex 88.2141 23.8642 37.1
    endloop
  endfacet
  facet normal 0 0 1
    outer loop
      vertex 88.9841 23.9532 37.1
      vertex 87.815 24.199 37.1
      vertex 88.0292 24.0491 37.1
    endloop
  endfacet
  facet normal 0 0 1
    outer loop
      vertex 90.5424 25.7 37.1
      vertex 87.578 24.3095 37.1
      vertex 87.815 24.199 37.1
    endloop
  endfacet
  facet normal -0 0 1
    outer loop
      vertex 86.2042 25.7 37.1
      vertex 87.578 24.3095 37.1
      vertex 90.5424 25.7 37.1
    endloop
  endfacet
  facet normal 0 0 1
    outer loop
      vertex 87.578 24.3095 37.1
      vertex 86.2042 25.7 37.1
      vertex 87.3255 24.3772 37.1
    endloop
  endfacet
  facet normal 0 0 1
    outer loop
      vertex 87.3255 24.3772 37.1
      vertex 86.2042 25.7 37.1
      vertex 87.065 24.4 37.1
    endloop
  endfacet
  facet normal 0 0 1
    outer loop
      vertex 87.065 24.4 37.1
      vertex 86.2042 25.7 37.1
      vertex 86.8045 24.3772 37.1
    endloop
  endfacet
  facet normal 0 0 1
    outer loop
      vertex 86.8045 24.3772 37.1
      vertex 86.2042 25.7 37.1
      vertex 86.552 24.3095 37.1
    endloop
  endfacet
  facet normal -0 0 1
    outer loop
      vertex 85.4894 25.3245 37.1
      vertex 86.552 24.3095 37.1
      vertex 86.2042 25.7 37.1
    endloop
  endfacet
  facet normal 0 0 1
    outer loop
      vertex 86.552 24.3095 37.1
      vertex 85.4894 25.3245 37.1
      vertex 86.315 24.199 37.1
    endloop
  endfacet
  facet normal 0 0 1
    outer loop
      vertex 86.315 24.199 37.1
      vertex 85.4894 25.3245 37.1
      vertex 86.1008 24.0491 37.1
    endloop
  endfacet
  facet normal 0 0 1
    outer loop
      vertex 86.1008 24.0491 37.1
      vertex 85.4894 25.3245 37.1
      vertex 85.9159 23.8642 37.1
    endloop
  endfacet
  facet normal 0 0 1
    outer loop
      vertex 85.9159 23.8642 37.1
      vertex 85.4894 25.3245 37.1
      vertex 85.766 23.65 37.1
    endloop
  endfacet
  facet normal -0 0 1
    outer loop
      vertex 82.663 23.84 37.1
      vertex 85.766 23.65 37.1
      vertex 85.4894 25.3245 37.1
    endloop
  endfacet
  facet normal 0 -0 1
    outer loop
      vertex 83.9843 22.3938 37.1
      vertex 85.6555 23.413 37.1
      vertex 82.663 23.84 37.1
    endloop
  endfacet
  facet normal 0 0 1
    outer loop
      vertex 85.766 23.65 37.1
      vertex 82.663 23.84 37.1
      vertex 85.6555 23.413 37.1
    endloop
  endfacet
  facet normal 0 0 1
    outer loop
      vertex 88.5422 11.2395 37.1
      vertex 90.0425 12.3806 37.1
      vertex 88.565 11.5 37.1
    endloop
  endfacet
  facet normal 0 0 1
    outer loop
      vertex 88.0292 12.6491 37.1
      vertex 88.5703 14.3939 37.1
      vertex 88.4862 14.3714 37.1
    endloop
  endfacet
  facet normal 0 0 1
    outer loop
      vertex 90.0425 12.3806 37.1
      vertex 88.4745 12.013 37.1
      vertex 88.5422 11.7605 37.1
    endloop
  endfacet
  facet normal 0 0 1
    outer loop
      vertex 88.0292 12.6491 37.1
      vertex 88.4862 14.3714 37.1
      vertex 88.3993 14.3638 37.1
    endloop
  endfacet
  facet normal 0 0 1
    outer loop
      vertex 90.0425 12.3806 37.1
      vertex 88.364 12.25 37.1
      vertex 88.4745 12.013 37.1
    endloop
  endfacet
  facet normal 0 0 1
    outer loop
      vertex 87.815 12.799 37.1
      vertex 88.3993 14.3638 37.1
      vertex 88.3125 14.3714 37.1
    endloop
  endfacet
  facet normal 0 0 1
    outer loop
      vertex 87.815 12.799 37.1
      vertex 88.3125 14.3714 37.1
      vertex 88.2283 14.3939 37.1
    endloop
  endfacet
  facet normal 0 0 1
    outer loop
      vertex 90.0425 12.3806 37.1
      vertex 88.2141 12.4642 37.1
      vertex 88.364 12.25 37.1
    endloop
  endfacet
  facet normal 0 0 1
    outer loop
      vertex 87.578 12.9095 37.1
      vertex 88.2283 14.3939 37.1
      vertex 88.1493 14.4308 37.1
    endloop
  endfacet
  facet normal 0 0 1
    outer loop
      vertex 87.3255 12.9772 37.1
      vertex 88.1493 14.4308 37.1
      vertex 88.0779 14.4808 37.1
    endloop
  endfacet
  facet normal 0 0 1
    outer loop
      vertex 88.5703 14.3939 37.1
      vertex 88.0292 12.6491 37.1
      vertex 88.2141 12.4642 37.1
    endloop
  endfacet
  facet normal 0 0 1
    outer loop
      vertex 87.3255 12.9772 37.1
      vertex 88.0779 14.4808 37.1
      vertex 88.0163 14.5424 37.1
    endloop
  endfacet
  facet normal 0 0 1
    outer loop
      vertex 87.065 13 37.1
      vertex 88.0163 14.5424 37.1
      vertex 87.9663 14.6138 37.1
    endloop
  endfacet
  facet normal 0 0 1
    outer loop
      vertex 87.065 13 37.1
      vertex 87.9663 14.6138 37.1
      vertex 87.9295 14.6928 37.1
    endloop
  endfacet
  facet normal 0 0 1
    outer loop
      vertex 87.065 13 37.1
      vertex 87.9295 14.6928 37.1
      vertex 87.9069 14.777 37.1
    endloop
  endfacet
  facet normal 0 0 1
    outer loop
      vertex 87.065 13 37.1
      vertex 87.9069 14.777 37.1
      vertex 87.8993 14.8638 37.1
    endloop
  endfacet
  facet normal 0 0 1
    outer loop
      vertex 88.3993 14.3638 37.1
      vertex 87.815 12.799 37.1
      vertex 88.0292 12.6491 37.1
    endloop
  endfacet
  facet normal 0 0 1
    outer loop
      vertex 88.0163 15.1852 37.1
      vertex 85.2259 14.3623 37.1
      vertex 87.9663 15.1138 37.1
    endloop
  endfacet
  facet normal 0 0 1
    outer loop
      vertex 87.1564 20.9146 37.1
      vertex 87.815 21.601 37.1
      vertex 87.578 21.4905 37.1
    endloop
  endfacet
  facet normal 0 0 1
    outer loop
      vertex 87.065 13 37.1
      vertex 87.8993 14.8638 37.1
      vertex 87.9069 14.9506 37.1
    endloop
  endfacet
  facet normal 0 0 1
    outer loop
      vertex 87.1564 20.9146 37.1
      vertex 87.578 21.4905 37.1
      vertex 87.3255 21.4228 37.1
    endloop
  endfacet
  facet normal 0 0 1
    outer loop
      vertex 88.2283 14.3939 37.1
      vertex 87.578 12.9095 37.1
      vertex 87.815 12.799 37.1
    endloop
  endfacet
  facet normal 0 0 1
    outer loop
      vertex 88.1493 14.4308 37.1
      vertex 87.3255 12.9772 37.1
      vertex 87.578 12.9095 37.1
    endloop
  endfacet
  facet normal -0 0 1
    outer loop
      vertex 87.065 21.4 37.1
      vertex 87.1564 20.9146 37.1
      vertex 87.3255 21.4228 37.1
    endloop
  endfacet
  facet normal 0 0 1
    outer loop
      vertex 86.8045 21.4228 37.1
      vertex 87.1564 20.9146 37.1
      vertex 87.065 21.4 37.1
    endloop
  endfacet
  facet normal 0 0 1
    outer loop
      vertex 86.552 21.4905 37.1
      vertex 87.1564 20.9146 37.1
      vertex 86.8045 21.4228 37.1
    endloop
  endfacet
  facet normal 0 0 1
    outer loop
      vertex 86.315 21.601 37.1
      vertex 87.1564 20.9146 37.1
      vertex 86.552 21.4905 37.1
    endloop
  endfacet
  facet normal -0 0 1
    outer loop
      vertex 85.4894 21.692 37.1
      vertex 86.315 21.601 37.1
      vertex 86.1008 21.7509 37.1
    endloop
  endfacet
  facet normal 0 0 1
    outer loop
      vertex 86.315 21.601 37.1
      vertex 85.4894 21.692 37.1
      vertex 87.1564 20.9146 37.1
    endloop
  endfacet
  facet normal 0 0 1
    outer loop
      vertex 85.9159 21.9358 37.1
      vertex 85.4894 21.692 37.1
      vertex 86.1008 21.7509 37.1
    endloop
  endfacet
  facet normal 0 0 1
    outer loop
      vertex 85.766 22.15 37.1
      vertex 85.4894 21.692 37.1
      vertex 85.9159 21.9358 37.1
    endloop
  endfacet
  facet normal 0 0 1
    outer loop
      vertex 85.6555 22.387 37.1
      vertex 85.4894 21.692 37.1
      vertex 85.766 22.15 37.1
    endloop
  endfacet
  facet normal -0 0 1
    outer loop
      vertex 83.9843 22.3938 37.1
      vertex 85.6555 22.387 37.1
      vertex 85.5878 22.6395 37.1
    endloop
  endfacet
  facet normal 0 0 1
    outer loop
      vertex 83.9843 22.3938 37.1
      vertex 85.5878 22.6395 37.1
      vertex 85.565 22.9 37.1
    endloop
  endfacet
  facet normal 0 0 1
    outer loop
      vertex 85.6555 23.413 37.1
      vertex 83.9843 22.3938 37.1
      vertex 85.5878 23.1605 37.1
    endloop
  endfacet
  facet normal 0 0 1
    outer loop
      vertex 85.6555 22.387 37.1
      vertex 83.9843 22.3938 37.1
      vertex 85.4894 21.692 37.1
    endloop
  endfacet
  facet normal -0 0 1
    outer loop
      vertex 81.9182 22.6952 37.1
      vertex 83.9843 22.3938 37.1
      vertex 82.663 23.84 37.1
    endloop
  endfacet
  facet normal 0 0 1
    outer loop
      vertex 85.5878 23.1605 37.1
      vertex 83.9843 22.3938 37.1
      vertex 85.565 22.9 37.1
    endloop
  endfacet
  facet normal 0 0 1
    outer loop
      vertex 88.5422 22.6395 37.1
      vertex 89.2412 22.7299 37.1
      vertex 88.7322 22.9672 37.1
    endloop
  endfacet
  facet normal 0 0 1
    outer loop
      vertex 89.115 17.25 37.1
      vertex 88.5703 15.3336 37.1
      vertex 88.6493 15.2968 37.1
    endloop
  endfacet
  facet normal 0 0 1
    outer loop
      vertex 88.4745 22.387 37.1
      vertex 89.2412 22.7299 37.1
      vertex 88.5422 22.6395 37.1
    endloop
  endfacet
  facet normal 0 0 1
    outer loop
      vertex 88.5422 22.6395 37.1
      vertex 88.7322 22.9672 37.1
      vertex 88.565 22.9 37.1
    endloop
  endfacet
  facet normal 0 0 1
    outer loop
      vertex 88.5615 23.0468 37.1
      vertex 88.565 22.9 37.1
      vertex 88.7322 22.9672 37.1
    endloop
  endfacet
  facet normal 0 0 1
    outer loop
      vertex 88.565 22.9 37.1
      vertex 88.5615 23.0468 37.1
      vertex 88.5422 23.1605 37.1
    endloop
  endfacet
  facet normal 0 0 1
    outer loop
      vertex 89.2412 22.7299 37.1
      vertex 88.4745 22.387 37.1
      vertex 88.6918 21.5517 37.1
    endloop
  endfacet
  facet normal -0 0 1
    outer loop
      vertex 88.364 22.15 37.1
      vertex 88.6918 21.5517 37.1
      vertex 88.4745 22.387 37.1
    endloop
  endfacet
  facet normal -0 0 1
    outer loop
      vertex 88.2141 21.9358 37.1
      vertex 88.6918 21.5517 37.1
      vertex 88.364 22.15 37.1
    endloop
  endfacet
  facet normal -0 0 1
    outer loop
      vertex 88.0292 21.7509 37.1
      vertex 88.6918 21.5517 37.1
      vertex 88.2141 21.9358 37.1
    endloop
  endfacet
  facet normal -0 0 1
    outer loop
      vertex 87.815 21.601 37.1
      vertex 88.6918 21.5517 37.1
      vertex 88.0292 21.7509 37.1
    endloop
  endfacet
  facet normal 0 0 1
    outer loop
      vertex 87.1564 20.9146 37.1
      vertex 88.6918 21.5517 37.1
      vertex 87.815 21.601 37.1
    endloop
  endfacet
  facet normal 0 0 1
    outer loop
      vertex 89.115 17.25 37.1
      vertex 86.9028 20.3708 37.1
      vertex 88.0779 15.2468 37.1
    endloop
  endfacet
  facet normal 0 0 1
    outer loop
      vertex 86.9028 20.3708 37.1
      vertex 88.6918 21.5517 37.1
      vertex 87.1564 20.9146 37.1
    endloop
  endfacet
  facet normal 0 0 1
    outer loop
      vertex 89.115 17.25 37.1
      vertex 88.4862 15.3562 37.1
      vertex 88.5703 15.3336 37.1
    endloop
  endfacet
  facet normal 0 0 1
    outer loop
      vertex 89.115 17.25 37.1
      vertex 88.3993 15.3638 37.1
      vertex 88.4862 15.3562 37.1
    endloop
  endfacet
  facet normal 0 0 1
    outer loop
      vertex 89.115 17.25 37.1
      vertex 88.3125 15.3562 37.1
      vertex 88.3993 15.3638 37.1
    endloop
  endfacet
  facet normal 0 0 1
    outer loop
      vertex 89.115 17.25 37.1
      vertex 88.2283 15.3336 37.1
      vertex 88.3125 15.3562 37.1
    endloop
  endfacet
  facet normal 0 0 1
    outer loop
      vertex 89.115 17.25 37.1
      vertex 88.1493 15.2968 37.1
      vertex 88.2283 15.3336 37.1
    endloop
  endfacet
  facet normal 0 0 1
    outer loop
      vertex 89.115 17.25 37.1
      vertex 88.0779 15.2468 37.1
      vertex 88.1493 15.2968 37.1
    endloop
  endfacet
  facet normal 0 0 1
    outer loop
      vertex 84.5125 14.695 37.1
      vertex 88.0779 15.2468 37.1
      vertex 86.9028 20.3708 37.1
    endloop
  endfacet
  facet normal 0 0 1
    outer loop
      vertex 88.0779 15.2468 37.1
      vertex 84.5125 14.695 37.1
      vertex 88.0163 15.1852 37.1
    endloop
  endfacet
  facet normal 0 -0 1
    outer loop
      vertex 85.2259 14.3623 37.1
      vertex 88.0163 15.1852 37.1
      vertex 84.5125 14.695 37.1
    endloop
  endfacet
  facet normal 0.422625 0.906305 0
    outer loop
      vertex 91.4251 9.44639 37.1
      vertex 92.0827 9.13974 39.28
      vertex 92.0827 9.13974 37.1
    endloop
  endfacet
  facet normal 0.422625 0.906305 0
    outer loop
      vertex 92.0827 9.13974 39.28
      vertex 91.4251 9.44639 37.1
      vertex 91.4251 9.44639 39.75
    endloop
  endfacet
  facet normal 0.422734 0.906254 0.000185766
    outer loop
      vertex 92.0991 9.13209 39.28
      vertex 92.0827 9.13974 39.28
      vertex 91.4251 9.44639 39.75
    endloop
  endfacet
  facet normal 0.422628 0.906303 0
    outer loop
      vertex 92.0991 9.13209 39.75
      vertex 92.0991 9.13209 39.28
      vertex 91.4251 9.44639 39.75
    endloop
  endfacet
  facet normal 0 1 -0
    outer loop
      vertex 75.365 28.5 31.7
      vertex 68.965 28.5 33.89
      vertex 75.365 28.5 33.89
    endloop
  endfacet
  facet normal 0 1 0
    outer loop
      vertex 68.965 28.5 33.89
      vertex 75.365 28.5 31.7
      vertex 68.965 28.5 31.7
    endloop
  endfacet
  facet normal 0 1 0
    outer loop
      vertex 93.2082 28.5 37.1
      vertex 89.35 28.5 36.3
      vertex 79.065 28.5 37.1
    endloop
  endfacet
  facet normal 0 1 0
    outer loop
      vertex 93.2082 28.5 37.1
      vertex 89.35 28.5 34.9
      vertex 89.35 28.5 36.3
    endloop
  endfacet
  facet normal 0 1 -0
    outer loop
      vertex 93.2082 28.5 33.55
      vertex 89.35 28.5 34.9
      vertex 93.2082 28.5 37.1
    endloop
  endfacet
  facet normal 0 1 0
    outer loop
      vertex 89.35 28.5 34.9
      vertex 93.2082 28.5 33.55
      vertex 89.35 28.5 33.55
    endloop
  endfacet
  facet normal 0 1 0
    outer loop
      vertex 76.165 28.5 34.64
      vertex 79.065 28.5 40.34
      vertex 79.065 28.5 37.1
    endloop
  endfacet
  facet normal 0 1 0
    outer loop
      vertex 79.065 28.5 36.3
      vertex 79.065 28.5 37.1
      vertex 89.35 28.5 36.3
    endloop
  endfacet
  facet normal 0 1 0
    outer loop
      vertex 76.165 28.5 34.64
      vertex 79.065 28.5 37.1
      vertex 79.065 28.5 36.3
    endloop
  endfacet
  facet normal 0 1 0
    outer loop
      vertex 76.165 28.5 34.64
      vertex 79.065 28.5 36.3
      vertex 79.065 28.5 34.64
    endloop
  endfacet
  facet normal 0 1 0
    outer loop
      vertex 79.065 28.5 40.34
      vertex 76.165 28.5 34.64
      vertex 68.165 28.5 40.34
    endloop
  endfacet
  facet normal 0 1 0
    outer loop
      vertex 75.365 28.5 33.89
      vertex 76.165 28.5 34.64
      vertex 76.165 28.5 33.89
    endloop
  endfacet
  facet normal 0 1 0
    outer loop
      vertex 76.165 28.5 34.64
      vertex 75.365 28.5 33.89
      vertex 68.165 28.5 40.34
    endloop
  endfacet
  facet normal 0 1 -0
    outer loop
      vertex 68.965 28.5 33.89
      vertex 68.165 28.5 40.34
      vertex 75.365 28.5 33.89
    endloop
  endfacet
  facet normal 0 1 0
    outer loop
      vertex 68.165 28.5 40.34
      vertex 68.965 28.5 33.89
      vertex 68.165 28.5 33.89
    endloop
  endfacet
  facet normal 0 1 0
    outer loop
      vertex 96.4353 19.7 38
      vertex 94.7545 19.7 37.1
      vertex 94.7545 19.7 38
    endloop
  endfacet
  facet normal 0 1 0
    outer loop
      vertex 91.1 19.7 36.3
      vertex 94.7545 19.7 37.1
      vertex 96.4353 19.7 36.3
    endloop
  endfacet
  facet normal 0 1 -0
    outer loop
      vertex 96.4353 19.7 36.3
      vertex 94.7545 19.7 37.1
      vertex 96.4353 19.7 38
    endloop
  endfacet
  facet normal 0 1 -0
    outer loop
      vertex 92.2825 19.7 37.1
      vertex 91.1 19.7 38
      vertex 92.2825 19.7 38
    endloop
  endfacet
  facet normal 0 1 0
    outer loop
      vertex 92.2825 19.7 37.1
      vertex 91.1 19.7 36.3
      vertex 91.1 19.7 38
    endloop
  endfacet
  facet normal 0 1 0
    outer loop
      vertex 94.7545 19.7 37.1
      vertex 91.1 19.7 36.3
      vertex 92.2825 19.7 37.1
    endloop
  endfacet
  facet normal 1 -0 0
    outer loop
      vertex 91.1 19.7 38
      vertex 91.1 24.7 36.3
      vertex 91.1 24.7 38
    endloop
  endfacet
  facet normal 1 0 0
    outer loop
      vertex 91.1 24.7 36.3
      vertex 91.1 19.7 38
      vertex 91.1 19.7 36.3
    endloop
  endfacet
  facet normal -0 0 1
    outer loop
      vertex 96.9575 27.5 39.75
      vertex 98.9 20.4 39.75
      vertex 98.9 27.5 39.75
    endloop
  endfacet
  facet normal 0 -0 1
    outer loop
      vertex 96.8287 18.6896 39.75
      vertex 98.9 20.4 39.75
      vertex 96.7304 18.7678 39.75
    endloop
  endfacet
  facet normal -0 -0 1
    outer loop
      vertex 97.0684 18.2572 39.75
      vertex 98.7545 18.0531 39.75
      vertex 97.0348 18.3781 39.75
    endloop
  endfacet
  facet normal 0 0 1
    outer loop
      vertex 97.0521 17.884 39.75
      vertex 98.7545 18.0531 39.75
      vertex 97.0771 18.007 39.75
    endloop
  endfacet
  facet normal 0 0 1
    outer loop
      vertex 97.0771 18.007 39.75
      vertex 98.7545 18.0531 39.75
      vertex 97.0826 18.1325 39.75
    endloop
  endfacet
  facet normal -0 -0 1
    outer loop
      vertex 97.0826 18.1325 39.75
      vertex 98.7545 18.0531 39.75
      vertex 97.0684 18.2572 39.75
    endloop
  endfacet
  facet normal 0 0 1
    outer loop
      vertex 98.7545 18.0531 39.75
      vertex 96.9828 18.4924 39.75
      vertex 97.0348 18.3781 39.75
    endloop
  endfacet
  facet normal -0 0 1
    outer loop
      vertex 95.95 27.3927 39.75
      vertex 98.9 20.4 39.75
      vertex 96.9575 27.5 39.75
    endloop
  endfacet
  facet normal 0 0 1
    outer loop
      vertex 98.9 20.4 39.75
      vertex 96.9828 18.4924 39.75
      vertex 98.7545 18.0531 39.75
    endloop
  endfacet
  facet normal 0 -0 1
    outer loop
      vertex 96.9828 18.4924 39.75
      vertex 98.9 20.4 39.75
      vertex 96.9135 18.5971 39.75
    endloop
  endfacet
  facet normal 0 -0 1
    outer loop
      vertex 96.9135 18.5971 39.75
      vertex 98.9 20.4 39.75
      vertex 96.8287 18.6896 39.75
    endloop
  endfacet
  facet normal 0 0 1
    outer loop
      vertex 98.9 20.4 39.75
      vertex 96.6212 18.8296 39.75
      vertex 96.7304 18.7678 39.75
    endloop
  endfacet
  facet normal 0 0 1
    outer loop
      vertex 98.9 20.4 39.75
      vertex 95.95 27.3927 39.75
      vertex 95.95 19.1425 39.75
    endloop
  endfacet
  facet normal 0 0 1
    outer loop
      vertex 95.4082 28.8 39.75
      vertex 95.95 27.3927 39.75
      vertex 96.9575 27.5 39.75
    endloop
  endfacet
  facet normal 0 0 1
    outer loop
      vertex 94.9263 28.3 39.75
      vertex 95.4082 28.8 39.75
      vertex 94.9263 28.8 39.75
    endloop
  endfacet
  facet normal 0 0 1
    outer loop
      vertex 95.4082 28.8 39.75
      vertex 94.9263 28.3 39.75
      vertex 95.95 27.3927 39.75
    endloop
  endfacet
  facet normal 0 0 1
    outer loop
      vertex 95.95 27.3927 39.75
      vertex 94.9263 28.3 39.75
      vertex 94.8687 28.3 39.75
    endloop
  endfacet
  facet normal 0 0 1
    outer loop
      vertex 97.0081 17.7664 39.75
      vertex 98.7545 18.0531 39.75
      vertex 97.0521 17.884 39.75
    endloop
  endfacet
  facet normal 0 0 1
    outer loop
      vertex 98.7545 18.0531 39.75
      vertex 97.0081 17.7664 39.75
      vertex 98.3202 15.7421 39.75
    endloop
  endfacet
  facet normal -0 0 1
    outer loop
      vertex 96.5961 16.8828 39.75
      vertex 98.3202 15.7421 39.75
      vertex 97.0081 17.7664 39.75
    endloop
  endfacet
  facet normal -0 0 1
    outer loop
      vertex 95.4603 16.309 39.75
      vertex 98.3202 15.7421 39.75
      vertex 96.5961 16.8828 39.75
    endloop
  endfacet
  facet normal 0 0 1
    outer loop
      vertex 98.3202 15.7421 39.75
      vertex 95.4603 16.309 39.75
      vertex 97.6038 13.5024 39.75
    endloop
  endfacet
  facet normal 0 0 1
    outer loop
      vertex 95.4603 16.309 39.75
      vertex 96.5961 16.8828 39.75
      vertex 95.8829 17.2153 39.75
    endloop
  endfacet
  facet normal 0 0 1
    outer loop
      vertex 93.4106 11.9134 39.75
      vertex 97.6038 13.5024 39.75
      vertex 95.4603 16.309 39.75
    endloop
  endfacet
  facet normal 0 0 1
    outer loop
      vertex 97.6038 13.5024 39.75
      vertex 93.4106 11.9134 39.75
      vertex 96.6162 11.3684 39.75
    endloop
  endfacet
  facet normal 0 -0 1
    outer loop
      vertex 93.7011 10.6746 39.75
      vertex 96.6162 11.3684 39.75
      vertex 93.4106 11.9134 39.75
    endloop
  endfacet
  facet normal -0 0 1
    outer loop
      vertex 93.1623 9.51904 39.75
      vertex 95.3726 9.37276 39.75
      vertex 93.7011 10.6746 39.75
    endloop
  endfacet
  facet normal 0 0 1
    outer loop
      vertex 96.6162 11.3684 39.75
      vertex 93.7011 10.6746 39.75
      vertex 95.3726 9.37276 39.75
    endloop
  endfacet
  facet normal 0 0 1
    outer loop
      vertex 93.7011 10.6746 39.75
      vertex 93.4106 11.9134 39.75
      vertex 92.988 11.0071 39.75
    endloop
  endfacet
  facet normal 0 0 1
    outer loop
      vertex 98.9 20.4 39.75
      vertex 95.95 19.1425 39.75
      vertex 96.6212 18.8296 39.75
    endloop
  endfacet
  facet normal -0 0 1
    outer loop
      vertex 93.1005 9.40978 39.75
      vertex 95.3726 9.37276 39.75
      vertex 93.1623 9.51904 39.75
    endloop
  endfacet
  facet normal 0 0 1
    outer loop
      vertex 95.3726 9.37276 39.75
      vertex 93.1005 9.40978 39.75
      vertex 93.8919 7.54599 39.75
    endloop
  endfacet
  facet normal -0 0 1
    outer loop
      vertex 93.0223 9.31153 39.75
      vertex 93.8919 7.54599 39.75
      vertex 93.1005 9.40978 39.75
    endloop
  endfacet
  facet normal -0 0 1
    outer loop
      vertex 92.9298 9.22672 39.75
      vertex 93.8919 7.54599 39.75
      vertex 93.0223 9.31153 39.75
    endloop
  endfacet
  facet normal -0 0 1
    outer loop
      vertex 92.8251 9.15744 39.75
      vertex 93.8919 7.54599 39.75
      vertex 92.9298 9.22672 39.75
    endloop
  endfacet
  facet normal -0 0 1
    outer loop
      vertex 92.7109 9.10538 39.75
      vertex 93.8919 7.54599 39.75
      vertex 92.8251 9.15744 39.75
    endloop
  endfacet
  facet normal -0 0 1
    outer loop
      vertex 92.5899 9.07183 39.75
      vertex 93.8919 7.54599 39.75
      vertex 92.7109 9.10538 39.75
    endloop
  endfacet
  facet normal -0 0 1
    outer loop
      vertex 92.4652 9.05762 39.75
      vertex 93.8919 7.54599 39.75
      vertex 92.5899 9.07183 39.75
    endloop
  endfacet
  facet normal 0 0 1
    outer loop
      vertex 92.3397 9.0631 39.75
      vertex 93.8919 7.54599 39.75
      vertex 92.4652 9.05762 39.75
    endloop
  endfacet
  facet normal 0 0 1
    outer loop
      vertex 92.197 5.9161 39.75
      vertex 92.3397 9.0631 39.75
      vertex 92.2167 9.08812 39.75
    endloop
  endfacet
  facet normal 0 0 1
    outer loop
      vertex 92.3397 9.0631 39.75
      vertex 92.197 5.9161 39.75
      vertex 93.8919 7.54599 39.75
    endloop
  endfacet
  facet normal 0 0 1
    outer loop
      vertex 90.2058 8.29212 39.75
      vertex 92.2167 9.08812 39.75
      vertex 92.0991 9.13209 39.75
    endloop
  endfacet
  facet normal 0 0 1
    outer loop
      vertex 90.2058 8.29212 39.75
      vertex 92.0991 9.13209 39.75
      vertex 91.4251 9.44639 39.75
    endloop
  endfacet
  facet normal 0 0 1
    outer loop
      vertex 92.2167 9.08812 39.75
      vertex 90.2058 8.29212 39.75
      vertex 92.197 5.9161 39.75
    endloop
  endfacet
  facet normal -0 0 1
    outer loop
      vertex 88.8715 7.27287 39.75
      vertex 92.197 5.9161 39.75
      vertex 90.2058 8.29212 39.75
    endloop
  endfacet
  facet normal 0 0 1
    outer loop
      vertex 92.197 5.9161 39.75
      vertex 88.8715 7.27287 39.75
      vertex 90.3138 4.50806 39.75
    endloop
  endfacet
  facet normal -0 0 1
    outer loop
      vertex 87.4372 6.4 39.75
      vertex 90.3138 4.50806 39.75
      vertex 88.8715 7.27287 39.75
    endloop
  endfacet
  facet normal 0 0 1
    outer loop
      vertex 90.3138 4.50806 39.75
      vertex 87.4372 6.4 39.75
      vertex 88.271 3.34343 39.75
    endloop
  endfacet
  facet normal 0 0 1
    outer loop
      vertex 87.4372 6.4 39.75
      vertex 86.1 2.44004 39.75
      vertex 88.271 3.34343 39.75
    endloop
  endfacet
  facet normal 0 0 1
    outer loop
      vertex 82.4286 5.9 39.75
      vertex 87.4372 6.4 39.75
      vertex 82.4286 6.4 39.75
    endloop
  endfacet
  facet normal 0 0 1
    outer loop
      vertex 87.4372 6.4 39.75
      vertex 82.4286 5.9 39.75
      vertex 86.1 2.44004 39.75
    endloop
  endfacet
  facet normal 0 0 1
    outer loop
      vertex 86.1 2.44004 39.75
      vertex 82.4286 5.9 39.75
      vertex 86.1 2.22859 39.75
    endloop
  endfacet
  facet normal 0.906313 -0.422606 0
    outer loop
      vertex 92.988 11.0071 40.34
      vertex 93.4106 11.9134 39.75
      vertex 93.4106 11.9134 40.34
    endloop
  endfacet
  facet normal 0.906313 -0.422606 0
    outer loop
      vertex 93.4106 11.9134 39.75
      vertex 92.988 11.0071 40.34
      vertex 92.988 11.0071 39.75
    endloop
  endfacet
  facet normal -1 0 0
    outer loop
      vertex 25.865 3.7 38.94
      vertex 25.865 3.16614 41.4872
      vertex 25.865 3.7 41.8072
    endloop
  endfacet
  facet normal -1 0 0
    outer loop
      vertex 25.865 2.5 39.8776
      vertex 25.865 3.7 38.94
      vertex 25.865 3.71477 38.7523
    endloop
  endfacet
  facet normal -1 0 0
    outer loop
      vertex 25.865 3.7 38.94
      vertex 25.865 2.5 39.8776
      vertex 25.865 3.16614 41.4872
    endloop
  endfacet
  facet normal -1 0 0
    outer loop
      vertex 25.865 2.5 39.8776
      vertex 25.865 3.71477 38.7523
      vertex 25.865 3.75873 38.5692
    endloop
  endfacet
  facet normal -1 0 0
    outer loop
      vertex 25.865 2.5 39.8776
      vertex 25.865 3.75873 38.5692
      vertex 25.865 3.83079 38.3952
    endloop
  endfacet
  facet normal -1 0 0
    outer loop
      vertex 25.865 2.5 39.8776
      vertex 25.865 3.92918 38.2347
      vertex 25.865 3.99303 38.1542
    endloop
  endfacet
  facet normal -1 0 0
    outer loop
      vertex 25.865 2.5 39.8776
      vertex 25.865 3.83079 38.3952
      vertex 25.865 3.92918 38.2347
    endloop
  endfacet
  facet normal -1 0 0
    outer loop
      vertex 25.865 3.16614 41.4872
      vertex 25.865 2.5 39.8776
      vertex 25.865 2.60157 41.0303
    endloop
  endfacet
  facet normal -1 0 0
    outer loop
      vertex 25.865 2.5 39.8776
      vertex 25.865 2.11225 40.4936
      vertex 25.865 2.60157 41.0303
    endloop
  endfacet
  facet normal -1 0 0
    outer loop
      vertex 25.865 2.5 39.8776
      vertex 25.865 2.02133 40.355
      vertex 25.865 2.11225 40.4936
    endloop
  endfacet
  facet normal -1 0 0
    outer loop
      vertex 25.865 2.5 39.8776
      vertex 25.865 1.95455 40.2034
      vertex 25.865 2.02133 40.355
    endloop
  endfacet
  facet normal -1 0 0
    outer loop
      vertex 25.865 2.5 39.8776
      vertex 25.865 1.91373 40.0427
      vertex 25.865 1.95455 40.2034
    endloop
  endfacet
  facet normal -1 0 -0
    outer loop
      vertex 25.865 1.91373 40.0427
      vertex 25.865 2.5 39.8776
      vertex 25.865 1.9 39.8776
    endloop
  endfacet
  facet normal 0 1 -0
    outer loop
      vertex 63.315 2.7 33.75
      vertex 60.215 2.7 36.45
      vertex 63.315 2.7 36.45
    endloop
  endfacet
  facet normal 0 1 0
    outer loop
      vertex 60.215 2.7 36.45
      vertex 63.315 2.7 33.75
      vertex 60.215 2.7 33.75
    endloop
  endfacet
  facet normal 0 1 0
    outer loop
      vertex 59.215 2.7 36.3
      vertex 57.8018 2.7 36.2924
      vertex 57.715 2.7 36.3
    endloop
  endfacet
  facet normal 0 1 0
    outer loop
      vertex 59.215 2.7 36.3
      vertex 57.886 2.7 36.2698
      vertex 57.8018 2.7 36.2924
    endloop
  endfacet
  facet normal 0 1 0
    outer loop
      vertex 59.215 2.7 36.3
      vertex 57.965 2.7 36.233
      vertex 57.886 2.7 36.2698
    endloop
  endfacet
  facet normal 0 1 0
    outer loop
      vertex 59.215 2.7 36.3
      vertex 58.0364 2.7 36.183
      vertex 57.965 2.7 36.233
    endloop
  endfacet
  facet normal 0 1 0
    outer loop
      vertex 59.215 2.7 36.3
      vertex 58.098 2.7 36.1214
      vertex 58.0364 2.7 36.183
    endloop
  endfacet
  facet normal 0 1 0
    outer loop
      vertex 59.215 2.7 36.3
      vertex 58.148 2.7 36.05
      vertex 58.098 2.7 36.1214
    endloop
  endfacet
  facet normal 0 1 0
    outer loop
      vertex 59.215 2.7 36.3
      vertex 58.1848 2.7 35.971
      vertex 58.148 2.7 36.05
    endloop
  endfacet
  facet normal 0 1 0
    outer loop
      vertex 59.215 2.7 36.3
      vertex 58.2074 2.7 35.8868
      vertex 58.1848 2.7 35.971
    endloop
  endfacet
  facet normal 0 1 0
    outer loop
      vertex 59.215 2.7 36.3
      vertex 58.215 2.7 35.8
      vertex 58.2074 2.7 35.8868
    endloop
  endfacet
  facet normal 0 1 -0
    outer loop
      vertex 59.215 2.7 33.75
      vertex 58.215 2.7 35.8
      vertex 59.215 2.7 36.3
    endloop
  endfacet
  facet normal 0 1 0
    outer loop
      vertex 58.215 2.7 35.8
      vertex 59.215 2.7 33.75
      vertex 58.215 2.7 33.75
    endloop
  endfacet
  facet normal 0 1 -0
    outer loop
      vertex 47.265 2.7 33.75
      vertex 43.715 2.7 36.45
      vertex 47.265 2.7 36.45
    endloop
  endfacet
  facet normal 0 1 0
    outer loop
      vertex 43.715 2.7 36.45
      vertex 47.265 2.7 33.75
      vertex 43.715 2.7 33.75
    endloop
  endfacet
  facet normal 0 1 -0
    outer loop
      vertex 38.165 2.7 33.75
      vertex 35.665 2.7 36.3
      vertex 38.165 2.7 36.3
    endloop
  endfacet
  facet normal 0 1 0
    outer loop
      vertex 35.665 2.7 36.3
      vertex 38.165 2.7 33.75
      vertex 35.665 2.7 33.75
    endloop
  endfacet
  facet normal 0 1 -0
    outer loop
      vertex 42.715 2.7 33.75
      vertex 39.165 2.7 36.45
      vertex 42.715 2.7 36.45
    endloop
  endfacet
  facet normal 0 1 0
    outer loop
      vertex 39.165 2.7 36.45
      vertex 42.715 2.7 33.75
      vertex 39.165 2.7 33.75
    endloop
  endfacet
  facet normal -1 0 0
    outer loop
      vertex 35.665 1.9 33.75
      vertex 35.665 2.7 36.3
      vertex 35.665 2.7 33.75
    endloop
  endfacet
  facet normal -1 -0 0
    outer loop
      vertex 35.665 2.7 36.3
      vertex 35.665 1.9 33.75
      vertex 35.665 1.9 36.3
    endloop
  endfacet
  facet normal 0 -0.996918 -0.0784491
    outer loop
      vertex 65.315 1.93693 38.8307
      vertex 76.065 1.9 39.3
      vertex 65.315 1.9 39.3
    endloop
  endfacet
  facet normal 0 -0.996918 -0.0784491
    outer loop
      vertex 76.065 1.9 39.3
      vertex 65.315 1.93693 38.8307
      vertex 76.065 1.93693 38.8307
    endloop
  endfacet
  facet normal 0 -0.972374 -0.233429
    outer loop
      vertex 65.315 2.04683 38.3729
      vertex 76.065 1.93693 38.8307
      vertex 65.315 1.93693 38.8307
    endloop
  endfacet
  facet normal 0 -0.972374 -0.233429
    outer loop
      vertex 76.065 1.93693 38.8307
      vertex 65.315 2.04683 38.3729
      vertex 76.065 2.04683 38.3729
    endloop
  endfacet
  facet normal 0 -0.923873 -0.382699
    outer loop
      vertex 65.315 2.22698 37.938
      vertex 76.065 2.04683 38.3729
      vertex 65.315 2.04683 38.3729
    endloop
  endfacet
  facet normal 0 -0.923873 -0.382699
    outer loop
      vertex 76.065 2.04683 38.3729
      vertex 65.315 2.22698 37.938
      vertex 76.065 2.22698 37.938
    endloop
  endfacet
  facet normal 0 -0.852657 -0.52247
    outer loop
      vertex 65.315 2.47294 37.5366
      vertex 76.065 2.22698 37.938
      vertex 65.315 2.22698 37.938
    endloop
  endfacet
  facet normal 0 -0.852657 -0.52247
    outer loop
      vertex 76.065 2.22698 37.938
      vertex 65.315 2.47294 37.5366
      vertex 76.065 2.47294 37.5366
    endloop
  endfacet
  facet normal 0 -0.760338 -0.649527
    outer loop
      vertex 65.315 2.77868 37.1787
      vertex 76.065 2.47294 37.5366
      vertex 65.315 2.47294 37.5366
    endloop
  endfacet
  facet normal 0 -0.760338 -0.649527
    outer loop
      vertex 76.065 2.47294 37.5366
      vertex 65.315 2.77868 37.1787
      vertex 76.065 2.77868 37.1787
    endloop
  endfacet
  facet normal 0 -0.649538 -0.760329
    outer loop
      vertex 65.315 2.77868 37.1787
      vertex 76.065 3.13664 36.8729
      vertex 76.065 2.77868 37.1787
    endloop
  endfacet
  facet normal -0 -0.649538 -0.760329
    outer loop
      vertex 76.065 3.13664 36.8729
      vertex 65.315 2.77868 37.1787
      vertex 65.315 3.13664 36.8729
    endloop
  endfacet
  facet normal 0 -0.522387 -0.852708
    outer loop
      vertex 65.315 3.13664 36.8729
      vertex 76.065 3.53803 36.627
      vertex 76.065 3.13664 36.8729
    endloop
  endfacet
  facet normal -0 -0.522387 -0.852708
    outer loop
      vertex 76.065 3.53803 36.627
      vertex 65.315 3.13664 36.8729
      vertex 65.315 3.53803 36.627
    endloop
  endfacet
  facet normal 0 -0.382775 -0.923842
    outer loop
      vertex 65.315 3.53803 36.627
      vertex 76.065 3.97295 36.4468
      vertex 76.065 3.53803 36.627
    endloop
  endfacet
  facet normal -0 -0.382775 -0.923842
    outer loop
      vertex 76.065 3.97295 36.4468
      vertex 65.315 3.53803 36.627
      vertex 65.315 3.97295 36.4468
    endloop
  endfacet
  facet normal 0 -0.233453 -0.972368
    outer loop
      vertex 65.315 3.97295 36.4468
      vertex 76.065 4.4307 36.3369
      vertex 76.065 3.97295 36.4468
    endloop
  endfacet
  facet normal -0 -0.233453 -0.972368
    outer loop
      vertex 76.065 4.4307 36.3369
      vertex 65.315 3.97295 36.4468
      vertex 65.315 4.4307 36.3369
    endloop
  endfacet
  facet normal 0 -0.0783858 -0.996923
    outer loop
      vertex 65.315 4.4307 36.3369
      vertex 76.065 4.9 36.3
      vertex 76.065 4.4307 36.3369
    endloop
  endfacet
  facet normal -0 -0.0783858 -0.996923
    outer loop
      vertex 76.065 4.9 36.3
      vertex 65.315 4.4307 36.3369
      vertex 65.315 4.9 36.3
    endloop
  endfacet
  facet normal 0 1 -0
    outer loop
      vertex 51.1782 2.7 36.2924
      vertex 48.265 2.7 36.3
      vertex 51.265 2.7 36.3
    endloop
  endfacet
  facet normal 0 1 -0
    outer loop
      vertex 51.094 2.7 36.2698
      vertex 48.265 2.7 36.3
      vertex 51.1782 2.7 36.2924
    endloop
  endfacet
  facet normal 0 1 -0
    outer loop
      vertex 51.015 2.7 36.233
      vertex 48.265 2.7 36.3
      vertex 51.094 2.7 36.2698
    endloop
  endfacet
  facet normal 0 1 -0
    outer loop
      vertex 50.9436 2.7 36.183
      vertex 48.265 2.7 36.3
      vertex 51.015 2.7 36.233
    endloop
  endfacet
  facet normal 0 1 -0
    outer loop
      vertex 50.882 2.7 36.1214
      vertex 48.265 2.7 36.3
      vertex 50.9436 2.7 36.183
    endloop
  endfacet
  facet normal 0 1 -0
    outer loop
      vertex 50.832 2.7 36.05
      vertex 48.265 2.7 36.3
      vertex 50.882 2.7 36.1214
    endloop
  endfacet
  facet normal 0 1 -0
    outer loop
      vertex 50.7952 2.7 35.971
      vertex 48.265 2.7 36.3
      vertex 50.832 2.7 36.05
    endloop
  endfacet
  facet normal 0 1 -0
    outer loop
      vertex 50.7726 2.7 35.8868
      vertex 48.265 2.7 36.3
      vertex 50.7952 2.7 35.971
    endloop
  endfacet
  facet normal 0 1 -0
    outer loop
      vertex 50.765 2.7 35.8
      vertex 48.265 2.7 36.3
      vertex 50.7726 2.7 35.8868
    endloop
  endfacet
  facet normal 0 1 0
    outer loop
      vertex 48.265 2.7 33.75
      vertex 50.765 2.7 35.8
      vertex 50.765 2.7 33.75
    endloop
  endfacet
  facet normal 0 1 0
    outer loop
      vertex 50.765 2.7 35.8
      vertex 48.265 2.7 33.75
      vertex 48.265 2.7 36.3
    endloop
  endfacet
  facet normal 0 1 -0
    outer loop
      vertex 65.315 2.7 33.75
      vertex 64.315 2.7 36.3
      vertex 65.315 2.7 36.3
    endloop
  endfacet
  facet normal 0 1 0
    outer loop
      vertex 64.315 2.7 36.3
      vertex 65.315 2.7 33.75
      vertex 64.315 2.7 33.75
    endloop
  endfacet
  facet normal -0.707107 0 0.707107
    outer loop
      vertex 14.265 6.12999 36.24
      vertex 15.765 5.53 37.74
      vertex 15.765 6.12999 37.74
    endloop
  endfacet
  facet normal -0.707107 0 0.707107
    outer loop
      vertex 15.765 5.53 37.74
      vertex 14.265 6.12999 36.24
      vertex 14.265 5.53 36.24
    endloop
  endfacet
  facet normal -0.996166 0.0874836 0
    outer loop
      vertex 16.3478 4.08108 34.69
      vertex 16.36 4.22 35.6
      vertex 16.36 4.22 34.69
    endloop
  endfacet
  facet normal -0.996166 0.0874836 0
    outer loop
      vertex 16.36 4.22 35.6
      vertex 16.3478 4.08108 34.69
      vertex 16.3478 4.08108 35.6
    endloop
  endfacet
  facet normal -0.966087 0.258216 0
    outer loop
      vertex 16.3118 3.94639 34.69
      vertex 16.3478 4.08108 35.6
      vertex 16.3478 4.08108 34.69
    endloop
  endfacet
  facet normal -0.966087 0.258216 0
    outer loop
      vertex 16.3478 4.08108 35.6
      vertex 16.3118 3.94639 34.69
      vertex 16.3118 3.94639 35.6
    endloop
  endfacet
  facet normal -0.906134 0.422991 0
    outer loop
      vertex 16.2528 3.82 34.69
      vertex 16.3118 3.94639 35.6
      vertex 16.3118 3.94639 34.69
    endloop
  endfacet
  facet normal -0.906134 0.422991 0
    outer loop
      vertex 16.3118 3.94639 35.6
      vertex 16.2528 3.82 34.69
      vertex 16.2528 3.82 35.6
    endloop
  endfacet
  facet normal -0.819101 0.57365 0
    outer loop
      vertex 16.1728 3.70577 34.69
      vertex 16.2528 3.82 35.6
      vertex 16.2528 3.82 34.69
    endloop
  endfacet
  facet normal -0.819101 0.57365 0
    outer loop
      vertex 16.2528 3.82 35.6
      vertex 16.1728 3.70577 34.69
      vertex 16.1728 3.70577 35.6
    endloop
  endfacet
  facet normal -0.707143 0.707071 0
    outer loop
      vertex 16.0742 3.60716 34.69
      vertex 16.1728 3.70577 35.6
      vertex 16.1728 3.70577 34.69
    endloop
  endfacet
  facet normal -0.707143 0.707071 0
    outer loop
      vertex 16.1728 3.70577 35.6
      vertex 16.0742 3.60716 34.69
      vertex 16.0742 3.60716 35.6
    endloop
  endfacet
  facet normal -0.573655 0.819097 0
    outer loop
      vertex 16.0742 3.60716 34.69
      vertex 15.96 3.52718 35.6
      vertex 16.0742 3.60716 35.6
    endloop
  endfacet
  facet normal -0.573655 0.819097 0
    outer loop
      vertex 15.96 3.52718 35.6
      vertex 16.0742 3.60716 34.69
      vertex 15.96 3.52718 34.69
    endloop
  endfacet
  facet normal -0.422611 0.906311 0
    outer loop
      vertex 15.96 3.52718 34.69
      vertex 15.8336 3.46824 35.6
      vertex 15.96 3.52718 35.6
    endloop
  endfacet
  facet normal -0.422611 0.906311 0
    outer loop
      vertex 15.8336 3.46824 35.6
      vertex 15.96 3.52718 34.69
      vertex 15.8336 3.46824 34.69
    endloop
  endfacet
  facet normal -0.258801 0.965931 0
    outer loop
      vertex 15.8336 3.46824 34.69
      vertex 15.6989 3.43215 35.6
      vertex 15.8336 3.46824 35.6
    endloop
  endfacet
  facet normal -0.258801 0.965931 0
    outer loop
      vertex 15.6989 3.43215 35.6
      vertex 15.8336 3.46824 34.69
      vertex 15.6989 3.43215 34.69
    endloop
  endfacet
  facet normal -0.0871403 0.996196 0
    outer loop
      vertex 15.6989 3.43215 34.69
      vertex 15.56 3.42 35.6
      vertex 15.6989 3.43215 35.6
    endloop
  endfacet
  facet normal -0.0871403 0.996196 0
    outer loop
      vertex 15.56 3.42 35.6
      vertex 15.6989 3.43215 34.69
      vertex 15.56 3.42 34.69
    endloop
  endfacet
  facet normal 0.0871403 0.996196 -0
    outer loop
      vertex 15.56 3.42 34.69
      vertex 15.4211 3.43215 35.6
      vertex 15.56 3.42 35.6
    endloop
  endfacet
  facet normal 0.0871403 0.996196 0
    outer loop
      vertex 15.4211 3.43215 35.6
      vertex 15.56 3.42 34.69
      vertex 15.4211 3.43215 34.69
    endloop
  endfacet
  facet normal 0.258801 0.965931 -0
    outer loop
      vertex 15.4211 3.43215 34.69
      vertex 15.2864 3.46824 35.6
      vertex 15.4211 3.43215 35.6
    endloop
  endfacet
  facet normal 0.258801 0.965931 0
    outer loop
      vertex 15.2864 3.46824 35.6
      vertex 15.4211 3.43215 34.69
      vertex 15.2864 3.46824 34.69
    endloop
  endfacet
  facet normal 0.422611 0.906311 -0
    outer loop
      vertex 15.2864 3.46824 34.69
      vertex 15.16 3.52718 35.6
      vertex 15.2864 3.46824 35.6
    endloop
  endfacet
  facet normal 0.422611 0.906311 0
    outer loop
      vertex 15.16 3.52718 35.6
      vertex 15.2864 3.46824 34.69
      vertex 15.16 3.52718 34.69
    endloop
  endfacet
  facet normal 0.573655 0.819097 -0
    outer loop
      vertex 15.16 3.52718 34.69
      vertex 15.0458 3.60716 35.6
      vertex 15.16 3.52718 35.6
    endloop
  endfacet
  facet normal 0.573655 0.819097 0
    outer loop
      vertex 15.0458 3.60716 35.6
      vertex 15.16 3.52718 34.69
      vertex 15.0458 3.60716 34.69
    endloop
  endfacet
  facet normal 0.707143 0.707071 0
    outer loop
      vertex 15.0458 3.60716 35.6
      vertex 14.9472 3.70577 34.69
      vertex 14.9472 3.70577 35.6
    endloop
  endfacet
  facet normal 0.707143 0.707071 0
    outer loop
      vertex 14.9472 3.70577 34.69
      vertex 15.0458 3.60716 35.6
      vertex 15.0458 3.60716 34.69
    endloop
  endfacet
  facet normal 0.819101 0.57365 0
    outer loop
      vertex 14.9472 3.70577 35.6
      vertex 14.8672 3.82 34.69
      vertex 14.8672 3.82 35.6
    endloop
  endfacet
  facet normal 0.819101 0.57365 0
    outer loop
      vertex 14.8672 3.82 34.69
      vertex 14.9472 3.70577 35.6
      vertex 14.9472 3.70577 34.69
    endloop
  endfacet
  facet normal 0.906134 0.422991 0
    outer loop
      vertex 14.8672 3.82 35.6
      vertex 14.8082 3.94639 34.69
      vertex 14.8082 3.94639 35.6
    endloop
  endfacet
  facet normal 0.906134 0.422991 0
    outer loop
      vertex 14.8082 3.94639 34.69
      vertex 14.8672 3.82 35.6
      vertex 14.8672 3.82 34.69
    endloop
  endfacet
  facet normal 0.966087 0.258216 0
    outer loop
      vertex 14.8082 3.94639 35.6
      vertex 14.7722 4.08108 34.69
      vertex 14.7722 4.08108 35.6
    endloop
  endfacet
  facet normal 0.966087 0.258216 0
    outer loop
      vertex 14.7722 4.08108 34.69
      vertex 14.8082 3.94639 35.6
      vertex 14.8082 3.94639 34.69
    endloop
  endfacet
  facet normal 0.996166 0.0874836 0
    outer loop
      vertex 14.7722 4.08108 35.6
      vertex 14.76 4.22 34.69
      vertex 14.76 4.22 35.6
    endloop
  endfacet
  facet normal 0.996166 0.0874836 0
    outer loop
      vertex 14.76 4.22 34.69
      vertex 14.7722 4.08108 35.6
      vertex 14.7722 4.08108 34.69
    endloop
  endfacet
  facet normal 0.996166 -0.0874836 0
    outer loop
      vertex 14.76 4.22 35.6
      vertex 14.7722 4.35892 34.69
      vertex 14.7722 4.35892 35.6
    endloop
  endfacet
  facet normal 0.996166 -0.0874836 0
    outer loop
      vertex 14.7722 4.35892 34.69
      vertex 14.76 4.22 35.6
      vertex 14.76 4.22 34.69
    endloop
  endfacet
  facet normal 0.966092 -0.258198 0
    outer loop
      vertex 14.7722 4.35892 35.6
      vertex 14.8082 4.49362 34.69
      vertex 14.8082 4.49362 35.6
    endloop
  endfacet
  facet normal 0.966092 -0.258198 0
    outer loop
      vertex 14.8082 4.49362 34.69
      vertex 14.7722 4.35892 35.6
      vertex 14.7722 4.35892 34.69
    endloop
  endfacet
  facet normal 0.906121 -0.423019 0
    outer loop
      vertex 14.8082 4.49362 35.6
      vertex 14.8672 4.62 34.69
      vertex 14.8672 4.62 35.6
    endloop
  endfacet
  facet normal 0.906121 -0.423019 0
    outer loop
      vertex 14.8672 4.62 34.69
      vertex 14.8082 4.49362 35.6
      vertex 14.8082 4.49362 34.69
    endloop
  endfacet
  facet normal 0.819101 -0.57365 0
    outer loop
      vertex 14.8672 4.62 35.6
      vertex 14.9472 4.73423 34.69
      vertex 14.9472 4.73423 35.6
    endloop
  endfacet
  facet normal 0.819101 -0.57365 0
    outer loop
      vertex 14.9472 4.73423 34.69
      vertex 14.8672 4.62 35.6
      vertex 14.8672 4.62 34.69
    endloop
  endfacet
  facet normal 0.707107 -0.707107 0
    outer loop
      vertex 14.9472 4.73423 35.6
      vertex 15.0458 4.83283 34.69
      vertex 15.0458 4.83283 35.6
    endloop
  endfacet
  facet normal 0.707107 -0.707107 0
    outer loop
      vertex 15.0458 4.83283 34.69
      vertex 14.9472 4.73423 35.6
      vertex 14.9472 4.73423 34.69
    endloop
  endfacet
  facet normal 0.573703 -0.819063 0
    outer loop
      vertex 15.0458 4.83283 34.69
      vertex 15.16 4.91282 35.6
      vertex 15.0458 4.83283 35.6
    endloop
  endfacet
  facet normal 0.573703 -0.819063 0
    outer loop
      vertex 15.16 4.91282 35.6
      vertex 15.0458 4.83283 34.69
      vertex 15.16 4.91282 34.69
    endloop
  endfacet
  facet normal 0.422552 -0.906339 0
    outer loop
      vertex 15.16 4.91282 34.69
      vertex 15.2864 4.97175 35.6
      vertex 15.16 4.91282 35.6
    endloop
  endfacet
  facet normal 0.422552 -0.906339 0
    outer loop
      vertex 15.2864 4.97175 35.6
      vertex 15.16 4.91282 34.69
      vertex 15.2864 4.97175 34.69
    endloop
  endfacet
  facet normal 0.258868 -0.965913 0
    outer loop
      vertex 15.2864 4.97175 34.69
      vertex 15.4211 5.00785 35.6
      vertex 15.2864 4.97175 35.6
    endloop
  endfacet
  facet normal 0.258868 -0.965913 0
    outer loop
      vertex 15.4211 5.00785 35.6
      vertex 15.2864 4.97175 34.69
      vertex 15.4211 5.00785 34.69
    endloop
  endfacet
  facet normal 0.0871403 -0.996196 0
    outer loop
      vertex 15.4211 5.00785 34.69
      vertex 15.56 5.02 35.6
      vertex 15.4211 5.00785 35.6
    endloop
  endfacet
  facet normal 0.0871403 -0.996196 0
    outer loop
      vertex 15.56 5.02 35.6
      vertex 15.4211 5.00785 34.69
      vertex 15.56 5.02 34.69
    endloop
  endfacet
  facet normal -0.0871403 -0.996196 0
    outer loop
      vertex 15.56 5.02 34.69
      vertex 15.6989 5.00785 35.6
      vertex 15.56 5.02 35.6
    endloop
  endfacet
  facet normal -0.0871403 -0.996196 -0
    outer loop
      vertex 15.6989 5.00785 35.6
      vertex 15.56 5.02 34.69
      vertex 15.6989 5.00785 34.69
    endloop
  endfacet
  facet normal -0.258868 -0.965913 0
    outer loop
      vertex 15.6989 5.00785 34.69
      vertex 15.8336 4.97175 35.6
      vertex 15.6989 5.00785 35.6
    endloop
  endfacet
  facet normal -0.258868 -0.965913 -0
    outer loop
      vertex 15.8336 4.97175 35.6
      vertex 15.6989 5.00785 34.69
      vertex 15.8336 4.97175 34.69
    endloop
  endfacet
  facet normal -0.422552 -0.906339 0
    outer loop
      vertex 15.8336 4.97175 34.69
      vertex 15.96 4.91282 35.6
      vertex 15.8336 4.97175 35.6
    endloop
  endfacet
  facet normal -0.422552 -0.906339 -0
    outer loop
      vertex 15.96 4.91282 35.6
      vertex 15.8336 4.97175 34.69
      vertex 15.96 4.91282 34.69
    endloop
  endfacet
  facet normal -0.573703 -0.819063 0
    outer loop
      vertex 15.96 4.91282 34.69
      vertex 16.0742 4.83283 35.6
      vertex 15.96 4.91282 35.6
    endloop
  endfacet
  facet normal -0.573703 -0.819063 -0
    outer loop
      vertex 16.0742 4.83283 35.6
      vertex 15.96 4.91282 34.69
      vertex 16.0742 4.83283 34.69
    endloop
  endfacet
  facet normal -0.707107 -0.707107 0
    outer loop
      vertex 16.1728 4.73423 34.69
      vertex 16.0742 4.83283 35.6
      vertex 16.0742 4.83283 34.69
    endloop
  endfacet
  facet normal -0.707107 -0.707107 0
    outer loop
      vertex 16.0742 4.83283 35.6
      vertex 16.1728 4.73423 34.69
      vertex 16.1728 4.73423 35.6
    endloop
  endfacet
  facet normal -0.819101 -0.57365 0
    outer loop
      vertex 16.2528 4.62 34.69
      vertex 16.1728 4.73423 35.6
      vertex 16.1728 4.73423 34.69
    endloop
  endfacet
  facet normal -0.819101 -0.57365 0
    outer loop
      vertex 16.1728 4.73423 35.6
      vertex 16.2528 4.62 34.69
      vertex 16.2528 4.62 35.6
    endloop
  endfacet
  facet normal -0.906121 -0.423019 0
    outer loop
      vertex 16.3118 4.49362 34.69
      vertex 16.2528 4.62 35.6
      vertex 16.2528 4.62 34.69
    endloop
  endfacet
  facet normal -0.906121 -0.423019 0
    outer loop
      vertex 16.2528 4.62 35.6
      vertex 16.3118 4.49362 34.69
      vertex 16.3118 4.49362 35.6
    endloop
  endfacet
  facet normal -0.966092 -0.258198 0
    outer loop
      vertex 16.3478 4.35892 34.69
      vertex 16.3118 4.49362 35.6
      vertex 16.3118 4.49362 34.69
    endloop
  endfacet
  facet normal -0.966092 -0.258198 0
    outer loop
      vertex 16.3118 4.49362 35.6
      vertex 16.3478 4.35892 34.69
      vertex 16.3478 4.35892 35.6
    endloop
  endfacet
  facet normal -0.996166 -0.0874836 0
    outer loop
      vertex 16.36 4.22 34.69
      vertex 16.3478 4.35892 35.6
      vertex 16.3478 4.35892 34.69
    endloop
  endfacet
  facet normal -0.996166 -0.0874836 0
    outer loop
      vertex 16.3478 4.35892 35.6
      vertex 16.36 4.22 34.69
      vertex 16.36 4.22 35.6
    endloop
  endfacet
  facet normal 0 0 -1
    outer loop
      vertex 17.765 1.9 34.69
      vertex 16.36 4.22 34.69
      vertex 17.765 6.12999 34.69
    endloop
  endfacet
  facet normal 0 0 -1
    outer loop
      vertex 17.765 1.9 34.69
      vertex 16.3478 4.08108 34.69
      vertex 16.36 4.22 34.69
    endloop
  endfacet
  facet normal 0 0 -1
    outer loop
      vertex 17.765 1.9 34.69
      vertex 16.3118 3.94639 34.69
      vertex 16.3478 4.08108 34.69
    endloop
  endfacet
  facet normal 0 0 -1
    outer loop
      vertex 17.765 1.9 34.69
      vertex 16.2528 3.82 34.69
      vertex 16.3118 3.94639 34.69
    endloop
  endfacet
  facet normal 0 0 -1
    outer loop
      vertex 17.765 1.9 34.69
      vertex 16.1728 3.70577 34.69
      vertex 16.2528 3.82 34.69
    endloop
  endfacet
  facet normal 0 0 -1
    outer loop
      vertex 17.765 1.9 34.69
      vertex 16.0742 3.60716 34.69
      vertex 16.1728 3.70577 34.69
    endloop
  endfacet
  facet normal 0 0 -1
    outer loop
      vertex 17.765 1.9 34.69
      vertex 15.96 3.52718 34.69
      vertex 16.0742 3.60716 34.69
    endloop
  endfacet
  facet normal 0 0 -1
    outer loop
      vertex 15.6503 1.9 34.69
      vertex 15.96 3.52718 34.69
      vertex 17.765 1.9 34.69
    endloop
  endfacet
  facet normal 0 0 -1
    outer loop
      vertex 15.96 3.52718 34.69
      vertex 15.6503 1.9 34.69
      vertex 15.8336 3.46824 34.69
    endloop
  endfacet
  facet normal 0 0 -1
    outer loop
      vertex 15.8336 3.46824 34.69
      vertex 15.6503 1.9 34.69
      vertex 15.6989 3.43215 34.69
    endloop
  endfacet
  facet normal 0 0 -1
    outer loop
      vertex 15.6503 1.9 34.69
      vertex 15.56 3.42 34.69
      vertex 15.6989 3.43215 34.69
    endloop
  endfacet
  facet normal 0 0 -1
    outer loop
      vertex 15.6503 1.9 34.69
      vertex 15.4211 3.43215 34.69
      vertex 15.56 3.42 34.69
    endloop
  endfacet
  facet normal 0 0 -1
    outer loop
      vertex 15.6503 1.9 34.69
      vertex 15.2864 3.46824 34.69
      vertex 15.4211 3.43215 34.69
    endloop
  endfacet
  facet normal 0 0 -1
    outer loop
      vertex 14.265 2.31211 34.69
      vertex 15.2864 3.46824 34.69
      vertex 15.6503 1.9 34.69
    endloop
  endfacet
  facet normal -0 0 -1
    outer loop
      vertex 15.2864 3.46824 34.69
      vertex 14.265 2.31211 34.69
      vertex 15.16 3.52718 34.69
    endloop
  endfacet
  facet normal -0 0 -1
    outer loop
      vertex 15.16 3.52718 34.69
      vertex 14.265 2.31211 34.69
      vertex 15.0458 3.60716 34.69
    endloop
  endfacet
  facet normal -0 0 -1
    outer loop
      vertex 15.0458 3.60716 34.69
      vertex 14.265 2.31211 34.69
      vertex 14.9472 3.70577 34.69
    endloop
  endfacet
  facet normal -0 0 -1
    outer loop
      vertex 14.9472 3.70577 34.69
      vertex 14.265 2.31211 34.69
      vertex 14.8672 3.82 34.69
    endloop
  endfacet
  facet normal -0 0 -1
    outer loop
      vertex 14.7722 4.08108 34.69
      vertex 14.265 2.31211 34.69
      vertex 14.76 4.22 34.69
    endloop
  endfacet
  facet normal -0 0 -1
    outer loop
      vertex 14.8082 3.94639 34.69
      vertex 14.265 2.31211 34.69
      vertex 14.7722 4.08108 34.69
    endloop
  endfacet
  facet normal -0 0 -1
    outer loop
      vertex 14.8672 3.82 34.69
      vertex 14.265 2.31211 34.69
      vertex 14.8082 3.94639 34.69
    endloop
  endfacet
  facet normal 0 0 -1
    outer loop
      vertex 16.3478 4.35892 34.69
      vertex 17.765 6.12999 34.69
      vertex 16.36 4.22 34.69
    endloop
  endfacet
  facet normal 0 0 -1
    outer loop
      vertex 16.3118 4.49362 34.69
      vertex 17.765 6.12999 34.69
      vertex 16.3478 4.35892 34.69
    endloop
  endfacet
  facet normal 0 0 -1
    outer loop
      vertex 16.2528 4.62 34.69
      vertex 17.765 6.12999 34.69
      vertex 16.3118 4.49362 34.69
    endloop
  endfacet
  facet normal 0 0 -1
    outer loop
      vertex 16.1728 4.73423 34.69
      vertex 17.765 6.12999 34.69
      vertex 16.2528 4.62 34.69
    endloop
  endfacet
  facet normal 0 0 -1
    outer loop
      vertex 16.0742 4.83283 34.69
      vertex 17.765 6.12999 34.69
      vertex 16.1728 4.73423 34.69
    endloop
  endfacet
  facet normal 0 0 -1
    outer loop
      vertex 15.96 4.91282 34.69
      vertex 17.765 6.12999 34.69
      vertex 16.0742 4.83283 34.69
    endloop
  endfacet
  facet normal 0 0 -1
    outer loop
      vertex 15.8336 4.97175 34.69
      vertex 17.765 6.12999 34.69
      vertex 15.96 4.91282 34.69
    endloop
  endfacet
  facet normal 0 0 -1
    outer loop
      vertex 15.6989 5.00785 34.69
      vertex 17.765 6.12999 34.69
      vertex 15.8336 4.97175 34.69
    endloop
  endfacet
  facet normal 0 0 -1
    outer loop
      vertex 14.265 6.12999 34.69
      vertex 15.6989 5.00785 34.69
      vertex 15.56 5.02 34.69
    endloop
  endfacet
  facet normal 0 0 -1
    outer loop
      vertex 14.265 6.12999 34.69
      vertex 15.56 5.02 34.69
      vertex 15.4211 5.00785 34.69
    endloop
  endfacet
  facet normal 0 0 -1
    outer loop
      vertex 14.265 6.12999 34.69
      vertex 15.4211 5.00785 34.69
      vertex 15.2864 4.97175 34.69
    endloop
  endfacet
  facet normal 0 0 -1
    outer loop
      vertex 14.265 6.12999 34.69
      vertex 15.2864 4.97175 34.69
      vertex 15.16 4.91282 34.69
    endloop
  endfacet
  facet normal 0 0 -1
    outer loop
      vertex 14.265 6.12999 34.69
      vertex 14.76 4.22 34.69
      vertex 14.265 2.31211 34.69
    endloop
  endfacet
  facet normal 0 0 -1
    outer loop
      vertex 15.6989 5.00785 34.69
      vertex 14.265 6.12999 34.69
      vertex 17.765 6.12999 34.69
    endloop
  endfacet
  facet normal 0 0 -1
    outer loop
      vertex 15.0458 4.83283 34.69
      vertex 14.265 6.12999 34.69
      vertex 15.16 4.91282 34.69
    endloop
  endfacet
  facet normal 0 0 -1
    outer loop
      vertex 14.9472 4.73423 34.69
      vertex 14.265 6.12999 34.69
      vertex 15.0458 4.83283 34.69
    endloop
  endfacet
  facet normal 0 0 -1
    outer loop
      vertex 14.8672 4.62 34.69
      vertex 14.265 6.12999 34.69
      vertex 14.9472 4.73423 34.69
    endloop
  endfacet
  facet normal 0 0 -1
    outer loop
      vertex 14.8082 4.49362 34.69
      vertex 14.265 6.12999 34.69
      vertex 14.8672 4.62 34.69
    endloop
  endfacet
  facet normal 0 0 -1
    outer loop
      vertex 14.7722 4.35892 34.69
      vertex 14.265 6.12999 34.69
      vertex 14.8082 4.49362 34.69
    endloop
  endfacet
  facet normal 0 0 -1
    outer loop
      vertex 14.76 4.22 34.69
      vertex 14.265 6.12999 34.69
      vertex 14.7722 4.35892 34.69
    endloop
  endfacet
  facet normal -0.707107 0 0.707107
    outer loop
      vertex 17.9026 2.5 39.8776
      vertex 14.265 2.5 36.24
      vertex 14.265 2.31211 36.24
    endloop
  endfacet
  facet normal -0.707107 2.67724e-15 0.707107
    outer loop
      vertex 15.6503 1.9 37.6253
      vertex 17.9026 2.5 39.8776
      vertex 14.265 2.31211 36.24
    endloop
  endfacet
  facet normal -0.707107 0 0.707107
    outer loop
      vertex 17.9026 1.9 39.8776
      vertex 17.9026 2.5 39.8776
      vertex 15.6503 1.9 37.6253
    endloop
  endfacet
  facet normal -0 0 1
    outer loop
      vertex 15.765 6.12999 37.74
      vertex 17.365 5.53 37.74
      vertex 25.865 6.12999 37.74
    endloop
  endfacet
  facet normal 0 0 1
    outer loop
      vertex 17.365 5.53 37.74
      vertex 15.765 6.12999 37.74
      vertex 15.765 5.53 37.74
    endloop
  endfacet
  facet normal 0 0 1
    outer loop
      vertex 25.865 6.12999 37.74
      vertex 26.565 8.65 37.74
      vertex 25.865 8.65 37.74
    endloop
  endfacet
  facet normal 0 0 1
    outer loop
      vertex 26.565 8.65 37.74
      vertex 25.865 6.12999 37.74
      vertex 26.565 4.9 37.74
    endloop
  endfacet
  facet normal 0 0 1
    outer loop
      vertex 17.365 4.9 37.74
      vertex 25.865 6.12999 37.74
      vertex 17.365 5.53 37.74
    endloop
  endfacet
  facet normal 0 0 1
    outer loop
      vertex 25.865 6.12999 37.74
      vertex 17.365 4.9 37.74
      vertex 26.565 4.9 37.74
    endloop
  endfacet
  facet normal -1 0 0
    outer loop
      vertex 25.865 24.525 33.8
      vertex 25.865 21.775 33.8
      vertex 25.865 24.525 36.3
    endloop
  endfacet
  facet normal -1 0 0
    outer loop
      vertex 25.865 27.8 36.3
      vertex 25.865 28.5 33.44
      vertex 25.865 27.8 33.44
    endloop
  endfacet
  facet normal -1 0 0
    outer loop
      vertex 25.865 28.5 33.44
      vertex 25.865 27.8 36.3
      vertex 25.865 28.5 42.34
    endloop
  endfacet
  facet normal -1 0 0
    outer loop
      vertex 25.865 24.525 36.3
      vertex 25.865 28.5 42.34
      vertex 25.865 27.8 36.3
    endloop
  endfacet
  facet normal -1 0 0
    outer loop
      vertex 25.865 21.775 36.3
      vertex 25.865 24.525 36.3
      vertex 25.865 21.775 33.8
    endloop
  endfacet
  facet normal -1 0 0
    outer loop
      vertex 25.865 24.525 36.3
      vertex 25.865 21.775 36.3
      vertex 25.865 28.5 42.34
    endloop
  endfacet
  facet normal -1 0 0
    outer loop
      vertex 25.865 9.85 42.34
      vertex 25.865 21.775 36.3
      vertex 25.865 9.85 38.94
    endloop
  endfacet
  facet normal -1 0 0
    outer loop
      vertex 25.865 21.775 36.3
      vertex 25.865 9.85 42.34
      vertex 25.865 28.5 42.34
    endloop
  endfacet
  facet normal -1 0 0
    outer loop
      vertex 25.865 21.775 36.3
      vertex 25.865 9.83522 38.7523
      vertex 25.865 9.85 38.94
    endloop
  endfacet
  facet normal -1 0 0
    outer loop
      vertex 25.865 21.775 36.3
      vertex 25.865 9.79127 38.5692
      vertex 25.865 9.83522 38.7523
    endloop
  endfacet
  facet normal -1 0 0
    outer loop
      vertex 25.865 21.775 36.3
      vertex 25.865 9.71921 38.3952
      vertex 25.865 9.79127 38.5692
    endloop
  endfacet
  facet normal -1 0 0
    outer loop
      vertex 25.865 21.775 36.3
      vertex 25.865 9.62082 38.2347
      vertex 25.865 9.71921 38.3952
    endloop
  endfacet
  facet normal -1 0 0
    outer loop
      vertex 25.865 21.775 36.3
      vertex 25.865 9.49853 38.0915
      vertex 25.865 9.62082 38.2347
    endloop
  endfacet
  facet normal -1 0 0
    outer loop
      vertex 25.865 21.775 36.3
      vertex 25.865 9.35534 37.9692
      vertex 25.865 9.49853 38.0915
    endloop
  endfacet
  facet normal -1 0 0
    outer loop
      vertex 25.865 21.775 36.3
      vertex 25.865 9.19479 37.8708
      vertex 25.865 9.35534 37.9692
    endloop
  endfacet
  facet normal -1 0 0
    outer loop
      vertex 25.865 21.775 36.3
      vertex 25.865 9.02082 37.7987
      vertex 25.865 9.19479 37.8708
    endloop
  endfacet
  facet normal -1 0 0
    outer loop
      vertex 25.865 6.12999 36.3
      vertex 25.865 9.02082 37.7987
      vertex 25.865 21.775 36.3
    endloop
  endfacet
  facet normal -1 0 0
    outer loop
      vertex 25.865 9.02082 37.7987
      vertex 25.865 6.12999 36.3
      vertex 25.865 8.83772 37.7548
    endloop
  endfacet
  facet normal -1 0 0
    outer loop
      vertex 25.865 8.83772 37.7548
      vertex 25.865 6.12999 36.3
      vertex 25.865 8.65 37.74
    endloop
  endfacet
  facet normal -1 -0 0
    outer loop
      vertex 25.865 8.65 37.74
      vertex 25.865 6.12999 36.3
      vertex 25.865 6.12999 37.74
    endloop
  endfacet
  facet normal -0 0 1
    outer loop
      vertex 79.065 25.7 37.1
      vertex 82.515 24.44 37.1
      vertex 84.9139 25.7 37.1
    endloop
  endfacet
  facet normal 0 0 1
    outer loop
      vertex 82.515 24.44 37.1
      vertex 79.065 25.7 37.1
      vertex 79.065 24.44 37.1
    endloop
  endfacet
  facet normal -1 0 0
    outer loop
      vertex 90.5424 23.2265 37.1
      vertex 90.5424 25.7 38.65
      vertex 90.5424 25.7 37.1
    endloop
  endfacet
  facet normal -1 -0 0
    outer loop
      vertex 90.5424 25.7 38.65
      vertex 90.5424 23.2265 37.1
      vertex 90.5424 23.2265 38.65
    endloop
  endfacet
  facet normal 0 1 -0
    outer loop
      vertex 95.95 26.3 37.15
      vertex 93.7082 26.3 38.65
      vertex 95.95 26.3 38.65
    endloop
  endfacet
  facet normal 0 1 0
    outer loop
      vertex 93.7082 26.3 38.65
      vertex 95.95 26.3 37.15
      vertex 93.7082 26.3 37.15
    endloop
  endfacet
  facet normal 0 0 1
    outer loop
      vertex 93.7082 26.3 37.15
      vertex 95.95 27.3927 37.15
      vertex 94.8687 28.3 37.15
    endloop
  endfacet
  facet normal 0 0 1
    outer loop
      vertex 93.7082 26.3 37.15
      vertex 94.8687 28.3 37.15
      vertex 93.7082 28.3 37.15
    endloop
  endfacet
  facet normal 0 0 1
    outer loop
      vertex 95.95 27.3927 37.15
      vertex 93.7082 26.3 37.15
      vertex 95.95 26.3 37.15
    endloop
  endfacet
  facet normal -1 0 0
    outer loop
      vertex 98.9 20.4 39.75
      vertex 98.9 27.5 40.34
      vertex 98.9 27.5 39.75
    endloop
  endfacet
  facet normal -1 -0 0
    outer loop
      vertex 98.9 27.5 40.34
      vertex 98.9 20.4 39.75
      vertex 98.9 20.4 40.34
    endloop
  endfacet
  facet normal -0.998084 0.0618779 0
    outer loop
      vertex 98.7545 18.0531 39.75
      vertex 98.9 20.4 40.34
      vertex 98.9 20.4 39.75
    endloop
  endfacet
  facet normal -0.998084 0.0618779 0
    outer loop
      vertex 98.9 20.4 40.34
      vertex 98.7545 18.0531 39.75
      vertex 98.7545 18.0531 40.34
    endloop
  endfacet
  facet normal -0.982796 0.184694 0
    outer loop
      vertex 98.3202 15.7421 39.75
      vertex 98.7545 18.0531 40.34
      vertex 98.7545 18.0531 39.75
    endloop
  endfacet
  facet normal -0.982796 0.184694 0
    outer loop
      vertex 98.7545 18.0531 40.34
      vertex 98.3202 15.7421 39.75
      vertex 98.3202 15.7421 40.34
    endloop
  endfacet
  facet normal -0.952462 0.304658 0
    outer loop
      vertex 97.6038 13.5024 39.75
      vertex 98.3202 15.7421 40.34
      vertex 98.3202 15.7421 39.75
    endloop
  endfacet
  facet normal -0.952462 0.304658 0
    outer loop
      vertex 98.3202 15.7421 40.34
      vertex 97.6038 13.5024 39.75
      vertex 97.6038 13.5024 40.34
    endloop
  endfacet
  facet normal -0.907526 0.419996 0
    outer loop
      vertex 96.6162 11.3684 39.75
      vertex 97.6038 13.5024 40.34
      vertex 97.6038 13.5024 39.75
    endloop
  endfacet
  facet normal -0.907526 0.419996 0
    outer loop
      vertex 97.6038 13.5024 40.34
      vertex 96.6162 11.3684 39.75
      vertex 96.6162 11.3684 40.34
    endloop
  endfacet
  facet normal -0.8487 0.528875 0
    outer loop
      vertex 95.3726 9.37276 39.75
      vertex 96.6162 11.3684 40.34
      vertex 96.6162 11.3684 39.75
    endloop
  endfacet
  facet normal -0.8487 0.528875 0
    outer loop
      vertex 96.6162 11.3684 40.34
      vertex 95.3726 9.37276 39.75
      vertex 95.3726 9.37276 40.34
    endloop
  endfacet
  facet normal -0.776852 0.629683 0
    outer loop
      vertex 93.8919 7.54599 39.75
      vertex 95.3726 9.37276 40.34
      vertex 95.3726 9.37276 39.75
    endloop
  endfacet
  facet normal -0.776852 0.629683 0
    outer loop
      vertex 95.3726 9.37276 40.34
      vertex 93.8919 7.54599 39.75
      vertex 93.8919 7.54599 40.34
    endloop
  endfacet
  facet normal -0.693148 0.720795 0
    outer loop
      vertex 93.8919 7.54599 39.75
      vertex 92.197 5.9161 40.34
      vertex 93.8919 7.54599 40.34
    endloop
  endfacet
  facet normal -0.693148 0.720795 0
    outer loop
      vertex 92.197 5.9161 40.34
      vertex 93.8919 7.54599 39.75
      vertex 92.197 5.9161 39.75
    endloop
  endfacet
  facet normal -0.598813 0.800889 0
    outer loop
      vertex 92.197 5.9161 39.75
      vertex 90.3138 4.50806 40.34
      vertex 92.197 5.9161 40.34
    endloop
  endfacet
  facet normal -0.598813 0.800889 0
    outer loop
      vertex 90.3138 4.50806 40.34
      vertex 92.197 5.9161 39.75
      vertex 90.3138 4.50806 39.75
    endloop
  endfacet
  facet normal -0.495278 0.868734 0
    outer loop
      vertex 90.3138 4.50806 39.75
      vertex 88.271 3.34343 40.34
      vertex 90.3138 4.50806 40.34
    endloop
  endfacet
  facet normal -0.495278 0.868734 0
    outer loop
      vertex 88.271 3.34343 40.34
      vertex 90.3138 4.50806 39.75
      vertex 88.271 3.34343 39.75
    endloop
  endfacet
  facet normal -0.384183 0.923257 0
    outer loop
      vertex 88.271 3.34343 39.75
      vertex 86.1 2.44004 40.34
      vertex 88.271 3.34343 40.34
    endloop
  endfacet
  facet normal -0.384183 0.923257 0
    outer loop
      vertex 86.1 2.44004 40.34
      vertex 88.271 3.34343 39.75
      vertex 86.1 2.44004 39.75
    endloop
  endfacet
  facet normal -1 0 0
    outer loop
      vertex 86.1 0.999443 38.6268
      vertex 86.1 2.22859 39.28
      vertex 86.1 2.22859 37.97
    endloop
  endfacet
  facet normal -1 0 -0
    outer loop
      vertex 86.1 1.10137 39.2417
      vertex 86.1 2.22859 39.28
      vertex 86.1 1.04416 38.9484
    endloop
  endfacet
  facet normal -1 0 0
    outer loop
      vertex 86.1 2.22859 39.75
      vertex 86.1 1.28934 39.9
      vertex 86.1 1.47117 40.34
    endloop
  endfacet
  facet normal -1 0 0
    outer loop
      vertex 86.1 2.22859 39.28
      vertex 86.1 1.28934 39.9
      vertex 86.1 2.22859 39.75
    endloop
  endfacet
  facet normal -1 0 -0
    outer loop
      vertex 86.1 1.28934 39.9
      vertex 86.1 2.22859 39.28
      vertex 86.1 1.10137 39.2417
    endloop
  endfacet
  facet normal -1 0 0
    outer loop
      vertex 86.1 2.22859 39.28
      vertex 86.1 0.999443 38.6268
      vertex 86.1 1.04416 38.9484
    endloop
  endfacet
  facet normal -1 0 0
    outer loop
      vertex 86.1 0.964976 38
      vertex 86.1 2.22859 37.97
      vertex 86.1 0.964976 37.97
    endloop
  endfacet
  facet normal -1 0 0
    outer loop
      vertex 86.1 2.22859 37.97
      vertex 86.1 0.964976 38
      vertex 86.1 0.999443 38.6268
    endloop
  endfacet
  facet normal -1 0 0
    outer loop
      vertex 86.1 2.22859 39.75
      vertex 86.1 2.44004 40.34
      vertex 86.1 2.44004 39.75
    endloop
  endfacet
  facet normal -1 -0 0
    outer loop
      vertex 86.1 2.44004 40.34
      vertex 86.1 2.22859 39.75
      vertex 86.1 1.47117 40.34
    endloop
  endfacet
  facet normal 1 -0 0
    outer loop
      vertex 94.9263 28.3 40.34
      vertex 94.9263 28.8 39.75
      vertex 94.9263 28.8 40.34
    endloop
  endfacet
  facet normal 1 0 0
    outer loop
      vertex 94.9263 28.8 39.75
      vertex 94.9263 28.3 40.34
      vertex 94.9263 28.3 39.75
    endloop
  endfacet
  facet normal 0.906313 -0.422606 0
    outer loop
      vertex 95.4603 16.309 40.34
      vertex 95.8829 17.2153 39.75
      vertex 95.8829 17.2153 40.34
    endloop
  endfacet
  facet normal 0.906313 -0.422606 0
    outer loop
      vertex 95.8829 17.2153 39.75
      vertex 95.4603 16.309 40.34
      vertex 95.4603 16.309 39.75
    endloop
  endfacet
  facet normal -0.422598 -0.906317 -9.4901e-05
    outer loop
      vertex 92.5148 17.6825 40.34
      vertex 93.5344 17.2071 40.15
      vertex 93.2577 17.3361 40.34
    endloop
  endfacet
  facet normal -0.422584 -0.906324 0
    outer loop
      vertex 92.5148 17.6825 37.1
      vertex 93.5344 17.2071 40.15
      vertex 92.5148 17.6825 40.34
    endloop
  endfacet
  facet normal -0.422584 -0.906324 -0
    outer loop
      vertex 93.5344 17.2071 40.15
      vertex 92.5148 17.6825 37.1
      vertex 93.5344 17.2071 37.1
    endloop
  endfacet
  facet normal -0.422668 -0.906284 -3.56031e-05
    outer loop
      vertex 95.4603 16.309 39.75
      vertex 94.7175 16.6554 40.34
      vertex 94.4407 16.7845 40.15
    endloop
  endfacet
  facet normal -0.422645 -0.906295 0
    outer loop
      vertex 94.7175 16.6554 40.34
      vertex 95.4603 16.309 39.75
      vertex 95.4603 16.309 40.34
    endloop
  endfacet
  facet normal -0.422657 -0.90629 0
    outer loop
      vertex 94.4407 16.7845 37.1
      vertex 95.4603 16.309 39.75
      vertex 94.4407 16.7845 40.15
    endloop
  endfacet
  facet normal -0.422657 -0.90629 -0
    outer loop
      vertex 95.4603 16.309 39.75
      vertex 94.4407 16.7845 37.1
      vertex 95.4603 16.309 37.1
    endloop
  endfacet
  facet normal -0.420836 -0.907135 0.00181624
    outer loop
      vertex 93.5344 17.2071 40.15
      vertex 93.3839 17.2773 40.34
      vertex 93.3645 17.2863 40.34
    endloop
  endfacet
  facet normal -0.422206 -0.9065 0.000326784
    outer loop
      vertex 93.5344 17.2071 40.15
      vertex 93.3645 17.2863 40.34
      vertex 93.3426 17.2965 40.34
    endloop
  endfacet
  facet normal -0.42349 -0.9059 -0.00125206
    outer loop
      vertex 93.5344 17.2071 40.15
      vertex 93.3426 17.2965 40.34
      vertex 93.318 17.308 40.34
    endloop
  endfacet
  facet normal -0.422532 -0.906348 7.63919e-05
    outer loop
      vertex 93.5344 17.2071 40.15
      vertex 93.318 17.308 40.34
      vertex 93.2899 17.3211 40.34
    endloop
  endfacet
  facet normal -0.422269 -0.90647 0.000488943
    outer loop
      vertex 93.5344 17.2071 40.15
      vertex 93.2899 17.3211 40.34
      vertex 93.2577 17.3361 40.34
    endloop
  endfacet
  facet normal -0.422269 -0.90647 -0.000743786
    outer loop
      vertex 94.7175 16.6554 40.34
      vertex 94.6853 16.6704 40.34
      vertex 94.4407 16.7845 40.15
    endloop
  endfacet
  facet normal -0.422885 -0.906183 0.000158979
    outer loop
      vertex 94.6107 16.7052 40.34
      vertex 94.5912 16.7143 40.34
      vertex 94.4407 16.7845 40.15
    endloop
  endfacet
  facet normal -0.424301 -0.90552 0.00152509
    outer loop
      vertex 94.5912 16.7143 40.34
      vertex 94.5737 16.7225 40.34
      vertex 94.4407 16.7845 40.15
    endloop
  endfacet
  facet normal -0.419421 -0.907788 -0.00263083
    outer loop
      vertex 94.5737 16.7225 40.34
      vertex 94.5579 16.7298 40.34
      vertex 94.4407 16.7845 40.15
    endloop
  endfacet
  facet normal -0.421851 -0.906665 -0.000808575
    outer loop
      vertex 94.5579 16.7298 40.34
      vertex 94.5435 16.7365 40.34
      vertex 94.4407 16.7845 40.15
    endloop
  endfacet
  facet normal -0.422128 -0.906536 -0.000626453
    outer loop
      vertex 94.5435 16.7365 40.34
      vertex 94.5304 16.7426 40.34
      vertex 94.4407 16.7845 40.15
    endloop
  endfacet
  facet normal -0.422606 -0.906313 -0.00029011
    outer loop
      vertex 94.4407 16.7845 40.15
      vertex 93.7676 17.0983 40.34
      vertex 93.5344 17.2071 40.15
    endloop
  endfacet
  facet normal -0.422619 -0.906307 -0.000344121
    outer loop
      vertex 93.7676 17.0983 40.34
      vertex 94.4407 16.7845 40.15
      vertex 94.5304 16.7426 40.34
    endloop
  endfacet
  facet normal -0.422686 -0.906276 -0.000171355
    outer loop
      vertex 93.5344 17.2071 40.15
      vertex 93.7676 17.0983 40.34
      vertex 93.4447 17.2489 40.34
    endloop
  endfacet
  facet normal -0.422128 -0.906536 0.000149329
    outer loop
      vertex 93.5344 17.2071 40.15
      vertex 93.4447 17.2489 40.34
      vertex 93.4316 17.255 40.34
    endloop
  endfacet
  facet normal -0.421851 -0.906665 0.000331383
    outer loop
      vertex 93.5344 17.2071 40.15
      vertex 93.4316 17.255 40.34
      vertex 93.4172 17.2617 40.34
    endloop
  endfacet
  facet normal -0.42414 -0.905596 -0.00138765
    outer loop
      vertex 93.5344 17.2071 40.15
      vertex 93.4172 17.2617 40.34
      vertex 93.4014 17.2691 40.34
    endloop
  endfacet
  facet normal -0.424301 -0.90552 -0.00152509
    outer loop
      vertex 93.5344 17.2071 40.15
      vertex 93.4014 17.2691 40.34
      vertex 93.3839 17.2773 40.34
    endloop
  endfacet
  facet normal -0.422532 -0.906348 -0.000331032
    outer loop
      vertex 94.6853 16.6704 40.34
      vertex 94.6572 16.6835 40.34
      vertex 94.4407 16.7845 40.15
    endloop
  endfacet
  facet normal -0.422081 -0.906557 -0.000956203
    outer loop
      vertex 94.6572 16.6835 40.34
      vertex 94.6325 16.695 40.34
      vertex 94.4407 16.7845 40.15
    endloop
  endfacet
  facet normal -0.423795 -0.905758 0.00115024
    outer loop
      vertex 94.6325 16.695 40.34
      vertex 94.6107 16.7052 40.34
      vertex 94.4407 16.7845 40.15
    endloop
  endfacet
  facet normal -0 0 1
    outer loop
      vertex 79.065 28.5 37.1
      vertex 93.2082 26.3 37.1
      vertex 93.2082 28.5 37.1
    endloop
  endfacet
  facet normal 0 0 1
    outer loop
      vertex 93.2082 26.3 37.1
      vertex 79.065 28.5 37.1
      vertex 79.065 26.3 37.1
    endloop
  endfacet
  facet normal 0 0 -1
    outer loop
      vertex 94.7545 19.7 38
      vertex 95.95 20.7498 38
      vertex 96.4353 19.7 38
    endloop
  endfacet
  facet normal 0 0 -1
    outer loop
      vertex 94.7545 19.7 38
      vertex 93.7 20.7498 38
      vertex 95.95 20.7498 38
    endloop
  endfacet
  facet normal 0 0 -1
    outer loop
      vertex 93.4491 20.3087 38
      vertex 93.7 20.7498 38
      vertex 94.7545 19.7 38
    endloop
  endfacet
  facet normal -0 0 -1
    outer loop
      vertex 93.7 20.7498 38
      vertex 93.4491 20.3087 38
      vertex 93.5264 20.765 38
    endloop
  endfacet
  facet normal 0 0 -1
    outer loop
      vertex 93.318 20.3564 38
      vertex 93.5264 20.765 38
      vertex 93.4491 20.3087 38
    endloop
  endfacet
  facet normal -0 0 -1
    outer loop
      vertex 93.5264 20.765 38
      vertex 93.318 20.3564 38
      vertex 93.358 20.8101 38
    endloop
  endfacet
  facet normal 0 0 -1
    outer loop
      vertex 93.1807 20.3807 38
      vertex 93.358 20.8101 38
      vertex 93.318 20.3564 38
    endloop
  endfacet
  facet normal -0 0 -1
    outer loop
      vertex 93.358 20.8101 38
      vertex 93.1807 20.3807 38
      vertex 93.2 20.8838 38
    endloop
  endfacet
  facet normal 0 0 -1
    outer loop
      vertex 93.0413 20.3807 38
      vertex 93.2 20.8838 38
      vertex 93.1807 20.3807 38
    endloop
  endfacet
  facet normal -0 0 -1
    outer loop
      vertex 93.2 20.8838 38
      vertex 93.0413 20.3807 38
      vertex 93.0572 20.9838 38
    endloop
  endfacet
  facet normal 0 0 -1
    outer loop
      vertex 92.9039 20.3564 38
      vertex 93.0572 20.9838 38
      vertex 93.0413 20.3807 38
    endloop
  endfacet
  facet normal -0 0 -1
    outer loop
      vertex 93.0572 20.9838 38
      vertex 92.9039 20.3564 38
      vertex 92.934 21.107 38
    endloop
  endfacet
  facet normal 0 0 -1
    outer loop
      vertex 92.7729 20.3087 38
      vertex 92.934 21.107 38
      vertex 92.9039 20.3564 38
    endloop
  endfacet
  facet normal 0 0 -1
    outer loop
      vertex 92.6521 20.239 38
      vertex 92.934 21.107 38
      vertex 92.7729 20.3087 38
    endloop
  endfacet
  facet normal -0 0 -1
    outer loop
      vertex 92.934 21.107 38
      vertex 92.6521 20.239 38
      vertex 92.834 21.2498 38
    endloop
  endfacet
  facet normal 0 0 -1
    outer loop
      vertex 92.5453 20.1494 38
      vertex 92.834 21.2498 38
      vertex 92.6521 20.239 38
    endloop
  endfacet
  facet normal -0 0 -1
    outer loop
      vertex 92.834 21.2498 38
      vertex 92.5453 20.1494 38
      vertex 92.7603 21.4078 38
    endloop
  endfacet
  facet normal -0 0 -1
    outer loop
      vertex 92.7603 21.4078 38
      vertex 91.1 19.7 38
      vertex 92.7152 21.5762 38
    endloop
  endfacet
  facet normal 0 0 -1
    outer loop
      vertex 91.1 19.7 38
      vertex 92.7603 21.4078 38
      vertex 92.5453 20.1494 38
    endloop
  endfacet
  facet normal 0 0 -1
    outer loop
      vertex 95.95 20.7498 38
      vertex 96.45 20.4 38
      vertex 96.4353 19.7 38
    endloop
  endfacet
  facet normal 0 0 -1
    outer loop
      vertex 96.45 20.4 38
      vertex 95.95 20.7498 38
      vertex 95.95 23.1998 38
    endloop
  endfacet
  facet normal 0 0 -1
    outer loop
      vertex 96.45 20.4 38
      vertex 95.95 23.1998 38
      vertex 96.45 24.7 38
    endloop
  endfacet
  facet normal 0 0 -1
    outer loop
      vertex 93.7 23.1998 38
      vertex 96.45 24.7 38
      vertex 95.95 23.1998 38
    endloop
  endfacet
  facet normal 0 0 -1
    outer loop
      vertex 91.1 24.7 38
      vertex 93.7 23.1998 38
      vertex 93.5264 23.1846 38
    endloop
  endfacet
  facet normal 0 0 -1
    outer loop
      vertex 91.1 24.7 38
      vertex 93.5264 23.1846 38
      vertex 93.358 23.1395 38
    endloop
  endfacet
  facet normal 0 0 -1
    outer loop
      vertex 91.1 24.7 38
      vertex 93.358 23.1395 38
      vertex 93.2 23.0658 38
    endloop
  endfacet
  facet normal -0 0 -1
    outer loop
      vertex 92.7152 21.5762 38
      vertex 91.1 19.7 38
      vertex 92.7 21.7498 38
    endloop
  endfacet
  facet normal 0 0 -1
    outer loop
      vertex 91.1 19.7 38
      vertex 92.5453 20.1494 38
      vertex 92.4557 20.0426 38
    endloop
  endfacet
  facet normal -0 0 -1
    outer loop
      vertex 92.7 21.7498 38
      vertex 91.1 19.7 38
      vertex 92.7 22.1998 38
    endloop
  endfacet
  facet normal 0 0 -1
    outer loop
      vertex 91.1 19.7 38
      vertex 92.4557 20.0426 38
      vertex 92.3859 19.9218 38
    endloop
  endfacet
  facet normal 0 0 -1
    outer loop
      vertex 91.1 19.7 38
      vertex 92.3859 19.9218 38
      vertex 92.2825 19.7 38
    endloop
  endfacet
  facet normal 0 0 -1
    outer loop
      vertex 91.1 24.7 38
      vertex 92.7 22.1998 38
      vertex 91.1 19.7 38
    endloop
  endfacet
  facet normal 0 0 -1
    outer loop
      vertex 92.7 22.1998 38
      vertex 91.1 24.7 38
      vertex 92.7152 22.3734 38
    endloop
  endfacet
  facet normal 0 0 -1
    outer loop
      vertex 92.7152 22.3734 38
      vertex 91.1 24.7 38
      vertex 92.7603 22.5418 38
    endloop
  endfacet
  facet normal 0 0 -1
    outer loop
      vertex 93.7 23.1998 38
      vertex 91.1 24.7 38
      vertex 96.45 24.7 38
    endloop
  endfacet
  facet normal 0 0 -1
    outer loop
      vertex 93.0572 22.9658 38
      vertex 91.1 24.7 38
      vertex 93.2 23.0658 38
    endloop
  endfacet
  facet normal 0 0 -1
    outer loop
      vertex 92.934 22.8426 38
      vertex 91.1 24.7 38
      vertex 93.0572 22.9658 38
    endloop
  endfacet
  facet normal 0 0 -1
    outer loop
      vertex 92.834 22.6998 38
      vertex 91.1 24.7 38
      vertex 92.934 22.8426 38
    endloop
  endfacet
  facet normal 0 0 -1
    outer loop
      vertex 92.7603 22.5418 38
      vertex 91.1 24.7 38
      vertex 92.834 22.6998 38
    endloop
  endfacet
  facet normal -1 0 0
    outer loop
      vertex 90.5424 20.0728 37.1
      vertex 90.5424 22.1231 38.65
      vertex 90.5424 22.1231 37.1
    endloop
  endfacet
  facet normal -1 -0 0
    outer loop
      vertex 90.5424 22.1231 38.65
      vertex 90.5424 20.0728 37.1
      vertex 90.5424 20.0728 38.65
    endloop
  endfacet
  facet normal -1 0 0
    outer loop
      vertex 95.95 23.1998 38
      vertex 95.95 20.7498 38
      vertex 95.95 23.1998 38.65
    endloop
  endfacet
  facet normal -1 0 0
    outer loop
      vertex 95.95 26.3 38.65
      vertex 95.95 27.3927 37.15
      vertex 95.95 26.3 37.15
    endloop
  endfacet
  facet normal -1 0 0
    outer loop
      vertex 95.95 27.3927 37.15
      vertex 95.95 26.3 38.65
      vertex 95.95 27.3927 39.75
    endloop
  endfacet
  facet normal -1 0 0
    outer loop
      vertex 95.95 23.1998 38.65
      vertex 95.95 27.3927 39.75
      vertex 95.95 26.3 38.65
    endloop
  endfacet
  facet normal -1 0 0
    outer loop
      vertex 95.95 20.7498 38.65
      vertex 95.95 23.1998 38.65
      vertex 95.95 20.7498 38
    endloop
  endfacet
  facet normal -1 0 0
    outer loop
      vertex 95.95 19.1425 39.75
      vertex 95.95 23.1998 38.65
      vertex 95.95 20.7498 38.65
    endloop
  endfacet
  facet normal -1 0 0
    outer loop
      vertex 95.95 19.1425 39.75
      vertex 95.95 20.7498 38.65
      vertex 95.95 19.1425 38.65
    endloop
  endfacet
  facet normal -1 0 0
    outer loop
      vertex 95.95 23.1998 38.65
      vertex 95.95 19.1425 39.75
      vertex 95.95 27.3927 39.75
    endloop
  endfacet
  facet normal 0 1 0
    outer loop
      vertex 58.965 28.5 40.34
      vertex 55.395 28.5 39.29
      vertex 55.395 28.5 40.34
    endloop
  endfacet
  facet normal 0 1 0
    outer loop
      vertex 58.965 28.5 40.34
      vertex 55.3768 28.5 39.0816
      vertex 55.395 28.5 39.29
    endloop
  endfacet
  facet normal 0 1 -0
    outer loop
      vertex 58.965 28.5 37.2
      vertex 55.3768 28.5 39.0816
      vertex 58.965 28.5 40.34
    endloop
  endfacet
  facet normal 0 1 0
    outer loop
      vertex 55.3768 28.5 39.0816
      vertex 58.965 28.5 37.2
      vertex 55.3226 28.5 38.8796
    endloop
  endfacet
  facet normal 0 1 0
    outer loop
      vertex 55.3226 28.5 38.8796
      vertex 58.965 28.5 37.2
      vertex 55.2342 28.5 38.69
    endloop
  endfacet
  facet normal 0 1 0
    outer loop
      vertex 55.2342 28.5 38.69
      vertex 58.965 28.5 37.2
      vertex 55.1143 28.5 38.5187
    endloop
  endfacet
  facet normal 0 1 0
    outer loop
      vertex 55.1143 28.5 38.5187
      vertex 58.965 28.5 37.2
      vertex 54.9663 28.5 38.3707
    endloop
  endfacet
  facet normal 0 1 0
    outer loop
      vertex 54.195 28.5 38.09
      vertex 58.965 28.5 37.2
      vertex 46.445 28.5 38.09
    endloop
  endfacet
  facet normal 0 1 0
    outer loop
      vertex 54.4034 28.5 38.1082
      vertex 58.965 28.5 37.2
      vertex 54.195 28.5 38.09
    endloop
  endfacet
  facet normal 0 1 0
    outer loop
      vertex 54.6054 28.5 38.1624
      vertex 58.965 28.5 37.2
      vertex 54.4034 28.5 38.1082
    endloop
  endfacet
  facet normal 0 1 0
    outer loop
      vertex 54.795 28.5 38.2508
      vertex 58.965 28.5 37.2
      vertex 54.6054 28.5 38.1624
    endloop
  endfacet
  facet normal 0 1 0
    outer loop
      vertex 54.9663 28.5 38.3707
      vertex 58.965 28.5 37.2
      vertex 54.795 28.5 38.2508
    endloop
  endfacet
  facet normal 0 1 0
    outer loop
      vertex 45.245 28.5 42.34
      vertex 41.665 28.5 40.74
      vertex 41.665 28.5 42.34
    endloop
  endfacet
  facet normal 0 1 0
    outer loop
      vertex 45.2598 28.5 39.1023
      vertex 41.665 28.5 40.74
      vertex 45.245 28.5 39.29
    endloop
  endfacet
  facet normal 0 1 -0
    outer loop
      vertex 45.245 28.5 39.29
      vertex 41.665 28.5 40.74
      vertex 45.245 28.5 42.34
    endloop
  endfacet
  facet normal 0 1 -0
    outer loop
      vertex 35.665 28.5 40.74
      vertex 25.865 28.5 42.34
      vertex 35.665 28.5 42.34
    endloop
  endfacet
  facet normal 0 1 0
    outer loop
      vertex 45.3037 28.5 38.9192
      vertex 41.665 28.5 40.74
      vertex 45.2598 28.5 39.1023
    endloop
  endfacet
  facet normal 0 1 0
    outer loop
      vertex 45.3758 28.5 38.7452
      vertex 41.665 28.5 40.74
      vertex 45.3037 28.5 38.9192
    endloop
  endfacet
  facet normal 0 1 0
    outer loop
      vertex 41.665 28.5 40.74
      vertex 34.6 28.5 37.2
      vertex 35.665 28.5 40.74
    endloop
  endfacet
  facet normal 0 1 0
    outer loop
      vertex 45.4742 28.5 38.5847
      vertex 41.665 28.5 40.74
      vertex 45.3758 28.5 38.7452
    endloop
  endfacet
  facet normal 0 1 0
    outer loop
      vertex 41.665 28.5 40.74
      vertex 45.4742 28.5 38.5847
      vertex 34.6 28.5 37.2
    endloop
  endfacet
  facet normal 0 1 0
    outer loop
      vertex 34.6 28.5 37.2
      vertex 45.4742 28.5 38.5847
      vertex 45.5965 28.5 38.4415
    endloop
  endfacet
  facet normal 0 1 0
    outer loop
      vertex 34.6 28.5 37.2
      vertex 45.5965 28.5 38.4415
      vertex 45.7397 28.5 38.3192
    endloop
  endfacet
  facet normal 0 1 0
    outer loop
      vertex 34.6 28.5 37.2
      vertex 45.7397 28.5 38.3192
      vertex 45.9002 28.5 38.2208
    endloop
  endfacet
  facet normal 0 1 0
    outer loop
      vertex 34.6 28.5 37.2
      vertex 45.9002 28.5 38.2208
      vertex 46.0742 28.5 38.1487
    endloop
  endfacet
  facet normal 0 1 0
    outer loop
      vertex 34.6 28.5 37.2
      vertex 46.0742 28.5 38.1487
      vertex 46.2573 28.5 38.1048
    endloop
  endfacet
  facet normal 0 1 0
    outer loop
      vertex 34.6 28.5 37.2
      vertex 46.445 28.5 38.09
      vertex 58.965 28.5 37.2
    endloop
  endfacet
  facet normal 0 1 0
    outer loop
      vertex 34.6 28.5 37.2
      vertex 46.2573 28.5 38.1048
      vertex 46.445 28.5 38.09
    endloop
  endfacet
  facet normal 0 1 0
    outer loop
      vertex 35.665 28.5 40.74
      vertex 34.6 28.5 37.2
      vertex 25.865 28.5 42.34
    endloop
  endfacet
  facet normal 0 1 -0
    outer loop
      vertex 28.095 28.5 33.89
      vertex 25.865 28.5 42.34
      vertex 34.6 28.5 37.2
    endloop
  endfacet
  facet normal 0 1 -0
    outer loop
      vertex 27.295 28.5 33.89
      vertex 25.865 28.5 42.34
      vertex 28.095 28.5 33.89
    endloop
  endfacet
  facet normal 0 1 0
    outer loop
      vertex 25.865 28.5 33.44
      vertex 27.295 28.5 33.89
      vertex 27.295 28.5 33.44
    endloop
  endfacet
  facet normal 0 1 0
    outer loop
      vertex 27.295 28.5 33.89
      vertex 25.865 28.5 33.44
      vertex 25.865 28.5 42.34
    endloop
  endfacet
  facet normal 0 1 -0
    outer loop
      vertex 34.6 28.5 31.7
      vertex 28.095 28.5 33.89
      vertex 34.6 28.5 37.2
    endloop
  endfacet
  facet normal 0 1 0
    outer loop
      vertex 28.095 28.5 33.89
      vertex 34.6 28.5 31.7
      vertex 28.095 28.5 31.7
    endloop
  endfacet
  facet normal 0.642756 0.766071 0
    outer loop
      vertex 95.4082 28.8 36.3
      vertex 96.45 27.9259 39.28
      vertex 96.45 27.9259 36.3
    endloop
  endfacet
  facet normal 0.642756 0.766071 0
    outer loop
      vertex 96.45 27.9259 39.28
      vertex 95.4082 28.8 36.3
      vertex 95.4082 28.8 39.75
    endloop
  endfacet
  facet normal 0.642838 0.766002 0.000311089
    outer loop
      vertex 96.9575 27.5 39.28
      vertex 96.45 27.9259 39.28
      vertex 95.4082 28.8 39.75
    endloop
  endfacet
  facet normal 0.642783 0.766049 0
    outer loop
      vertex 96.9575 27.5 39.75
      vertex 96.9575 27.5 39.28
      vertex 95.4082 28.8 39.75
    endloop
  endfacet
  facet normal -0.64278 -0.766051 0
    outer loop
      vertex 94.8687 28.3 37.15
      vertex 95.95 27.3927 39.75
      vertex 94.8687 28.3 39.75
    endloop
  endfacet
  facet normal -0.64278 -0.766051 -0
    outer loop
      vertex 95.95 27.3927 39.75
      vertex 94.8687 28.3 37.15
      vertex 95.95 27.3927 37.15
    endloop
  endfacet
  facet normal 0 1 0
    outer loop
      vertex 98.9 27.5 39.75
      vertex 99.8045 27.5 40.34
      vertex 100 27.5 39.8727
    endloop
  endfacet
  facet normal 0 1 0
    outer loop
      vertex 99.8045 27.5 40.34
      vertex 98.9 27.5 39.75
      vertex 98.9 27.5 40.34
    endloop
  endfacet
  facet normal 0 1 0
    outer loop
      vertex 96.9575 27.5 39.28
      vertex 98.9 27.5 39.75
      vertex 99.1 27.5 39.28
    endloop
  endfacet
  facet normal 0 1 0
    outer loop
      vertex 100 27.5 39.8727
      vertex 99.1 27.5 39.28
      vertex 98.9 27.5 39.75
    endloop
  endfacet
  facet normal 0 1 0
    outer loop
      vertex 100.225 27.5 38.9482
      vertex 99.1 27.5 39.28
      vertex 100 27.5 39.8727
    endloop
  endfacet
  facet normal 0 1 0
    outer loop
      vertex 99.1 27.5 37.97
      vertex 100.225 27.5 38.9482
      vertex 100.3 27.5 38
    endloop
  endfacet
  facet normal 0 1 0
    outer loop
      vertex 99.1 27.5 37.97
      vertex 100.3 27.5 38
      vertex 100.3 27.5 37.97
    endloop
  endfacet
  facet normal 0 1 0
    outer loop
      vertex 100.225 27.5 38.9482
      vertex 99.1 27.5 37.97
      vertex 99.1 27.5 39.28
    endloop
  endfacet
  facet normal 0 1 0
    outer loop
      vertex 98.9 27.5 39.75
      vertex 96.9575 27.5 39.28
      vertex 96.9575 27.5 39.75
    endloop
  endfacet
  facet normal 0 1 0
    outer loop
      vertex 95.3 28.8 36.3
      vertex 95.4082 28.8 39.75
      vertex 95.4082 28.8 36.3
    endloop
  endfacet
  facet normal 0 1 -0
    outer loop
      vertex 94.9263 28.8 39.75
      vertex 93.2082 28.8 40.34
      vertex 94.9263 28.8 40.34
    endloop
  endfacet
  facet normal 0 1 0
    outer loop
      vertex 95.4082 28.8 39.75
      vertex 95.3 28.8 36.3
      vertex 94.9263 28.8 39.75
    endloop
  endfacet
  facet normal 0 1 0
    outer loop
      vertex 94.9263 28.8 39.75
      vertex 95.3 28.8 36.3
      vertex 93.2082 28.8 40.34
    endloop
  endfacet
  facet normal 0 1 0
    outer loop
      vertex 93.2082 28.8 33.55
      vertex 95.3 28.8 36.3
      vertex 95.3 28.8 33.55
    endloop
  endfacet
  facet normal 0 1 0
    outer loop
      vertex 95.3 28.8 36.3
      vertex 93.2082 28.8 33.55
      vertex 93.2082 28.8 40.34
    endloop
  endfacet
  facet normal -0.485802 0.874069 0
    outer loop
      vertex 87.4372 6.4 39.75
      vertex 87.8109 6.6077 37.1
      vertex 87.4372 6.4 37.1
    endloop
  endfacet
  facet normal -0.519857 0.854229 -0.00635743
    outer loop
      vertex 88.8715 7.27287 39.75
      vertex 87.8109 6.6077 37.1
      vertex 87.4372 6.4 39.75
    endloop
  endfacet
  facet normal -0.687476 0.726207 0
    outer loop
      vertex 91.4251 9.44639 37.1
      vertex 90.2058 8.29212 39.75
      vertex 91.4251 9.44639 39.75
    endloop
  endfacet
  facet normal -0.687476 0.726207 0
    outer loop
      vertex 90.2058 8.29212 39.75
      vertex 91.4251 9.44639 37.1
      vertex 90.2058 8.29212 37.1
    endloop
  endfacet
  facet normal -0.607038 0.794673 0
    outer loop
      vertex 90.2058 8.29212 37.1
      vertex 88.8715 7.27287 39.75
      vertex 90.2058 8.29212 39.75
    endloop
  endfacet
  facet normal -0.607038 0.794673 0
    outer loop
      vertex 88.8715 7.27287 39.75
      vertex 90.2058 8.29212 37.1
      vertex 88.8715 7.27287 37.1
    endloop
  endfacet
  facet normal -0.531317 0.847173 0
    outer loop
      vertex 88.8715 7.27287 39.75
      vertex 88.8715 7.27287 37.1
      vertex 87.8109 6.6077 37.1
    endloop
  endfacet
  facet normal 0 0 -1
    outer loop
      vertex 96.6212 18.8296 39.28
      vertex 96.386 18.9392 39.28
      vertex 96.45 20.4 39.28
    endloop
  endfacet
  facet normal -0 0 -1
    outer loop
      vertex 98.9521 18.0215 39.28
      vertex 97.0771 18.007 39.28
      vertex 97.0826 18.1325 39.28
    endloop
  endfacet
  facet normal 0 0 -1
    outer loop
      vertex 98.5107 15.6797 39.28
      vertex 97.0521 17.884 39.28
      vertex 97.0771 18.007 39.28
    endloop
  endfacet
  facet normal 0 0 -1
    outer loop
      vertex 98.5107 15.6797 39.28
      vertex 97.0081 17.7664 39.28
      vertex 97.0521 17.884 39.28
    endloop
  endfacet
  facet normal 0 0 -1
    outer loop
      vertex 95.0479 13.7019 39.28
      vertex 97.7826 13.4105 39.28
      vertex 96.779 11.2491 39.28
    endloop
  endfacet
  facet normal 0 0 -1
    outer loop
      vertex 98.5107 15.6797 39.28
      vertex 96.5961 16.8828 39.28
      vertex 97.0081 17.7664 39.28
    endloop
  endfacet
  facet normal 0 0 -1
    outer loop
      vertex 98.5107 15.6797 39.28
      vertex 95.8219 15.863 39.28
      vertex 96.5961 16.8828 39.28
    endloop
  endfacet
  facet normal -0 0 -1
    outer loop
      vertex 96.5961 16.8828 39.28
      vertex 95.8219 15.863 39.28
      vertex 96.1215 17.1041 39.28
    endloop
  endfacet
  facet normal 0 0 -1
    outer loop
      vertex 93.9848 11.6673 39.28
      vertex 96.779 11.2491 39.28
      vertex 95.5154 9.22861 39.28
    endloop
  endfacet
  facet normal 0 0 -1
    outer loop
      vertex 97.7826 13.4105 39.28
      vertex 95.0479 13.7019 39.28
      vertex 95.8219 15.863 39.28
    endloop
  endfacet
  facet normal 0 0 -1
    outer loop
      vertex 93.1005 9.40978 39.28
      vertex 95.5154 9.22861 39.28
      vertex 94.0112 7.38023 39.28
    endloop
  endfacet
  facet normal 0 0 -1
    outer loop
      vertex 96.779 11.2491 39.28
      vertex 93.9848 11.6673 39.28
      vertex 95.0479 13.7019 39.28
    endloop
  endfacet
  facet normal 0 0 -1
    outer loop
      vertex 95.5154 9.22861 39.28
      vertex 93.7011 10.6746 39.28
      vertex 93.9848 11.6673 39.28
    endloop
  endfacet
  facet normal 0 0 -1
    outer loop
      vertex 95.5154 9.22861 39.28
      vertex 93.1623 9.51904 39.28
      vertex 93.7011 10.6746 39.28
    endloop
  endfacet
  facet normal 0 0 -1
    outer loop
      vertex 95.5154 9.22861 39.28
      vertex 93.1005 9.40978 39.28
      vertex 93.1623 9.51904 39.28
    endloop
  endfacet
  facet normal 0 0 -1
    outer loop
      vertex 94.0112 7.38023 39.28
      vertex 93.0223 9.31153 39.28
      vertex 93.1005 9.40978 39.28
    endloop
  endfacet
  facet normal 0 0 -1
    outer loop
      vertex 94.0112 7.38023 39.28
      vertex 92.9298 9.22672 39.28
      vertex 93.0223 9.31153 39.28
    endloop
  endfacet
  facet normal 0 0 -1
    outer loop
      vertex 94.0112 7.38023 39.28
      vertex 92.8251 9.15744 39.28
      vertex 92.9298 9.22672 39.28
    endloop
  endfacet
  facet normal 0 0 -1
    outer loop
      vertex 94.0112 7.38023 39.28
      vertex 92.7109 9.10538 39.28
      vertex 92.8251 9.15744 39.28
    endloop
  endfacet
  facet normal 0 0 -1
    outer loop
      vertex 94.0112 7.38023 39.28
      vertex 92.5899 9.07183 39.28
      vertex 92.7109 9.10538 39.28
    endloop
  endfacet
  facet normal 0 0 -1
    outer loop
      vertex 94.0112 7.38023 39.28
      vertex 92.4652 9.05762 39.28
      vertex 92.5899 9.07183 39.28
    endloop
  endfacet
  facet normal 0 0 -1
    outer loop
      vertex 91.077 8.12855 39.28
      vertex 92.4652 9.05762 39.28
      vertex 94.0112 7.38023 39.28
    endloop
  endfacet
  facet normal 0 0 -1
    outer loop
      vertex 91.077 8.12855 39.28
      vertex 94.0112 7.38023 39.28
      vertex 92.2896 5.73243 39.28
    endloop
  endfacet
  facet normal -0 0 -1
    outer loop
      vertex 92.4652 9.05762 39.28
      vertex 91.077 8.12855 39.28
      vertex 92.3397 9.0631 39.28
    endloop
  endfacet
  facet normal -0 0 -1
    outer loop
      vertex 92.3397 9.0631 39.28
      vertex 91.077 8.12855 39.28
      vertex 92.2167 9.08812 39.28
    endloop
  endfacet
  facet normal -0 0 -1
    outer loop
      vertex 92.2167 9.08812 39.28
      vertex 91.077 8.12855 39.28
      vertex 92.0991 9.13209 39.28
    endloop
  endfacet
  facet normal -0 0 -1
    outer loop
      vertex 92.0991 9.13209 39.28
      vertex 91.077 8.12855 39.28
      vertex 92.0827 9.13974 39.28
    endloop
  endfacet
  facet normal 0 0 -1
    outer loop
      vertex 89.2872 6.69117 39.28
      vertex 92.2896 5.73243 39.28
      vertex 90.3772 4.31059 39.28
    endloop
  endfacet
  facet normal 0 0 -1
    outer loop
      vertex 92.2896 5.73243 39.28
      vertex 89.2872 6.69117 39.28
      vertex 91.077 8.12855 39.28
    endloop
  endfacet
  facet normal 0 0 -1
    outer loop
      vertex 87.3172 5.51283 39.28
      vertex 90.3772 4.31059 39.28
      vertex 88.3033 3.13661 39.28
    endloop
  endfacet
  facet normal 0 0 -1
    outer loop
      vertex 90.3772 4.31059 39.28
      vertex 87.3172 5.51283 39.28
      vertex 89.2872 6.69117 39.28
    endloop
  endfacet
  facet normal 0 0 -1
    outer loop
      vertex 86.1 2.22859 39.28
      vertex 87.3172 5.51283 39.28
      vertex 88.3033 3.13661 39.28
    endloop
  endfacet
  facet normal -0 0 -1
    outer loop
      vertex 87.3172 5.51283 39.28
      vertex 86.1 2.22859 39.28
      vertex 87.1243 5.9 39.28
    endloop
  endfacet
  facet normal -0 0 -1
    outer loop
      vertex 87.1243 5.9 39.28
      vertex 86.1 2.22859 39.28
      vertex 82.4286 5.9 39.28
    endloop
  endfacet
  facet normal 0 0 -1
    outer loop
      vertex 96.9828 18.4924 39.28
      vertex 99.1 20.4 39.28
      vertex 98.9521 18.0215 39.28
    endloop
  endfacet
  facet normal 0 0 -1
    outer loop
      vertex 97.0771 18.007 39.28
      vertex 98.9521 18.0215 39.28
      vertex 98.5107 15.6797 39.28
    endloop
  endfacet
  facet normal 0 0 -1
    outer loop
      vertex 95.8219 15.863 39.28
      vertex 98.5107 15.6797 39.28
      vertex 97.7826 13.4105 39.28
    endloop
  endfacet
  facet normal 0 0 -1
    outer loop
      vertex 98.9521 18.0215 39.28
      vertex 97.0826 18.1325 39.28
      vertex 97.0684 18.2572 39.28
    endloop
  endfacet
  facet normal 0 0 -1
    outer loop
      vertex 98.9521 18.0215 39.28
      vertex 97.0684 18.2572 39.28
      vertex 97.0348 18.3781 39.28
    endloop
  endfacet
  facet normal 0 0 -1
    outer loop
      vertex 96.9828 18.4924 39.28
      vertex 98.9521 18.0215 39.28
      vertex 97.0348 18.3781 39.28
    endloop
  endfacet
  facet normal 0 0 -1
    outer loop
      vertex 99.1 20.4 39.28
      vertex 96.9828 18.4924 39.28
      vertex 96.9135 18.5971 39.28
    endloop
  endfacet
  facet normal 0 -0 -1
    outer loop
      vertex 96.9575 27.5 39.28
      vertex 99.1 20.4 39.28
      vertex 96.45 20.4 39.28
    endloop
  endfacet
  facet normal 0 0 -1
    outer loop
      vertex 96.8287 18.6896 39.28
      vertex 99.1 20.4 39.28
      vertex 96.9135 18.5971 39.28
    endloop
  endfacet
  facet normal -0 0 -1
    outer loop
      vertex 99.1 20.4 39.28
      vertex 96.8287 18.6896 39.28
      vertex 96.45 20.4 39.28
    endloop
  endfacet
  facet normal 0 0 -1
    outer loop
      vertex 96.45 20.4 39.28
      vertex 96.8287 18.6896 39.28
      vertex 96.7304 18.7678 39.28
    endloop
  endfacet
  facet normal 0 0 -1
    outer loop
      vertex 96.45 20.4 39.28
      vertex 96.7304 18.7678 39.28
      vertex 96.6212 18.8296 39.28
    endloop
  endfacet
  facet normal 0 0 -1
    outer loop
      vertex 99.1 20.4 39.28
      vertex 96.9575 27.5 39.28
      vertex 99.1 27.5 39.28
    endloop
  endfacet
  facet normal -0 0 -1
    outer loop
      vertex 96.9575 27.5 39.28
      vertex 96.45 20.4 39.28
      vertex 96.45 27.9259 39.28
    endloop
  endfacet
  facet normal 0 0 -1
    outer loop
      vertex 93.9848 11.6673 39.28
      vertex 93.7011 10.6746 39.28
      vertex 93.4192 10.8061 39.28
    endloop
  endfacet
  facet normal 0 -1 0
    outer loop
      vertex 27.295 27.8 33.44
      vertex 30 27.8 36.3
      vertex 25.865 27.8 36.3
    endloop
  endfacet
  facet normal 0 -1 0
    outer loop
      vertex 27.295 27.8 33.44
      vertex 25.865 27.8 36.3
      vertex 25.865 27.8 33.44
    endloop
  endfacet
  facet normal 0 -1 -0
    outer loop
      vertex 30 27.8 36.3
      vertex 27.295 27.8 33.44
      vertex 30 27.8 34.64
    endloop
  endfacet
  facet normal 0 -1 0
    outer loop
      vertex 27.295 27.8 31.2
      vertex 30 27.8 34.64
      vertex 27.295 27.8 33.44
    endloop
  endfacet
  facet normal 0 -1 -0
    outer loop
      vertex 30 27.8 34.64
      vertex 27.295 27.8 31.2
      vertex 34.6 27.8 31.2
    endloop
  endfacet
  facet normal 0 -1 0
    outer loop
      vertex 30 27.8 34.64
      vertex 34.6 27.8 31.2
      vertex 34.6 27.8 34.64
    endloop
  endfacet
  facet normal -0 0 1
    outer loop
      vertex 41.665 28.5 42.34
      vertex 45.245 27.65 42.34
      vertex 45.245 28.5 42.34
    endloop
  endfacet
  facet normal 0 0 1
    outer loop
      vertex 45.245 27.65 42.34
      vertex 41.665 28.5 42.34
      vertex 41.665 27.65 42.34
    endloop
  endfacet
  facet normal 0 -1 0
    outer loop
      vertex 55.395 27.65 39.29
      vertex 58.965 27.65 40.34
      vertex 55.395 27.65 40.34
    endloop
  endfacet
  facet normal 0 -1 0
    outer loop
      vertex 58.965 27.65 38.3
      vertex 55.395 27.65 39.29
      vertex 55.3768 27.65 39.0816
    endloop
  endfacet
  facet normal 0 -1 0
    outer loop
      vertex 58.965 27.65 38.3
      vertex 55.3768 27.65 39.0816
      vertex 55.3226 27.65 38.8796
    endloop
  endfacet
  facet normal 0 -1 0
    outer loop
      vertex 58.965 27.65 38.3
      vertex 55.3226 27.65 38.8796
      vertex 55.2342 27.65 38.69
    endloop
  endfacet
  facet normal 0 -1 0
    outer loop
      vertex 58.965 27.65 38.3
      vertex 55.2342 27.65 38.69
      vertex 55.1143 27.65 38.5187
    endloop
  endfacet
  facet normal 0 -1 0
    outer loop
      vertex 58.965 27.65 38.3
      vertex 55.1143 27.65 38.5187
      vertex 54.9663 27.65 38.3707
    endloop
  endfacet
  facet normal 0 -1 0
    outer loop
      vertex 58.965 27.65 38.3
      vertex 54.9663 27.65 38.3707
      vertex 54.8732 27.65 38.3
    endloop
  endfacet
  facet normal 0 -1 0
    outer loop
      vertex 55.395 27.65 39.29
      vertex 58.965 27.65 38.3
      vertex 58.965 27.65 40.34
    endloop
  endfacet
  facet normal 0 -1 0
    outer loop
      vertex 39.6093 27.65 38.3
      vertex 41.665 27.65 40.74
      vertex 39.6093 27.65 40.74
    endloop
  endfacet
  facet normal -0 -1 0
    outer loop
      vertex 45.3037 27.65 38.9192
      vertex 41.665 27.65 40.74
      vertex 39.6093 27.65 38.3
    endloop
  endfacet
  facet normal 0 -1 0
    outer loop
      vertex 41.665 27.65 40.74
      vertex 45.2598 27.65 39.1023
      vertex 45.245 27.65 39.29
    endloop
  endfacet
  facet normal 0 -1 0
    outer loop
      vertex 41.665 27.65 40.74
      vertex 45.3037 27.65 38.9192
      vertex 45.2598 27.65 39.1023
    endloop
  endfacet
  facet normal 0 -1 -0
    outer loop
      vertex 45.3037 27.65 38.9192
      vertex 39.6093 27.65 38.3
      vertex 45.3758 27.65 38.7452
    endloop
  endfacet
  facet normal 0 -1 -0
    outer loop
      vertex 45.3758 27.65 38.7452
      vertex 39.6093 27.65 38.3
      vertex 45.4742 27.65 38.5847
    endloop
  endfacet
  facet normal 0 -1 -0
    outer loop
      vertex 45.4742 27.65 38.5847
      vertex 39.6093 27.65 38.3
      vertex 45.5965 27.65 38.4415
    endloop
  endfacet
  facet normal 0 -1 -0
    outer loop
      vertex 45.5965 27.65 38.4415
      vertex 39.6093 27.65 38.3
      vertex 45.7397 27.65 38.3192
    endloop
  endfacet
  facet normal 0 -1 -0
    outer loop
      vertex 45.7397 27.65 38.3192
      vertex 39.6093 27.65 38.3
      vertex 45.7668 27.65 38.3
    endloop
  endfacet
  facet normal 0 -1 0
    outer loop
      vertex 41.665 27.65 40.74
      vertex 45.245 27.65 42.34
      vertex 41.665 27.65 42.34
    endloop
  endfacet
  facet normal 0 -1 -0
    outer loop
      vertex 45.245 27.65 42.34
      vertex 41.665 27.65 40.74
      vertex 45.245 27.65 39.29
    endloop
  endfacet
  facet normal 0.000206526 -0.99756 0.0698122
    outer loop
      vertex 38.7719 27.6452 38.1953
      vertex 38.7858 27.6488 38.2467
      vertex 26.565 27.65 38.3
    endloop
  endfacet
  facet normal 4.98712e-05 -0.999424 0.0339357
    outer loop
      vertex 38.7858 27.6488 38.2467
      vertex 38.7895 27.6497 38.2732
      vertex 26.565 27.65 38.3
    endloop
  endfacet
  facet normal 0 -0.999937 0.0111933
    outer loop
      vertex 38.7895 27.6497 38.2732
      vertex 38.7907 27.65 38.3
      vertex 26.565 27.65 38.3
    endloop
  endfacet
  facet normal 0.0010831 -0.947054 0.321071
    outer loop
      vertex 38.5743 27.5806 37.9067
      vertex 38.6186 27.5975 37.9564
      vertex 26.565 27.6325 38.1003
    endloop
  endfacet
  facet normal 0.000404507 -0.963364 0.268197
    outer loop
      vertex 38.6186 27.5975 37.9564
      vertex 38.6749 27.6169 38.026
      vertex 26.565 27.6325 38.1003
    endloop
  endfacet
  facet normal 0 -0.978661 0.205479
    outer loop
      vertex 38.6749 27.6169 38.026
      vertex 38.7258 27.6325 38.1003
      vertex 26.565 27.6325 38.1003
    endloop
  endfacet
  facet normal 0 -0.996182 0.0872969
    outer loop
      vertex 38.7258 27.6325 38.1003
      vertex 26.565 27.65 38.3
      vertex 26.565 27.6325 38.1003
    endloop
  endfacet
  facet normal 0.00108627 -0.988264 0.152752
    outer loop
      vertex 38.7258 27.6325 38.1003
      vertex 38.7514 27.6397 38.1467
      vertex 26.565 27.65 38.3
    endloop
  endfacet
  facet normal 0.000571726 -0.993684 0.112213
    outer loop
      vertex 38.7514 27.6397 38.1467
      vertex 38.7719 27.6452 38.1953
      vertex 26.565 27.65 38.3
    endloop
  endfacet
  facet normal 0 -0.965895 0.258936
    outer loop
      vertex 38.5743 27.5806 37.9067
      vertex 26.565 27.6325 38.1003
      vertex 26.565 27.5806 37.9067
    endloop
  endfacet
  facet normal 0 -0.906361 0.422503
    outer loop
      vertex 38.3924 27.4959 37.725
      vertex 26.565 27.5806 37.9067
      vertex 26.565 27.4959 37.725
    endloop
  endfacet
  facet normal 0 -0.906361 0.422503
    outer loop
      vertex 26.565 27.5806 37.9067
      vertex 38.3924 27.4959 37.725
      vertex 38.5743 27.5806 37.9067
    endloop
  endfacet
  facet normal 0 -0.819326 0.573328
    outer loop
      vertex 38.2085 27.381 37.5608
      vertex 26.565 27.4959 37.725
      vertex 26.565 27.381 37.5608
    endloop
  endfacet
  facet normal 0.000329747 -0.808191 0.58892
    outer loop
      vertex 38.2085 27.381 37.5608
      vertex 38.351 27.4728 37.6867
      vertex 26.565 27.4959 37.725
    endloop
  endfacet
  facet normal 0 -0.856307 0.516467
    outer loop
      vertex 38.351 27.4728 37.6867
      vertex 38.3924 27.4959 37.725
      vertex 26.565 27.4959 37.725
    endloop
  endfacet
  facet normal 0.00138135 -0.507664 0.861554
    outer loop
      vertex 37.883 27.075 37.3041
      vertex 37.8981 27.0932 37.3148
      vertex 26.565 27.2392 37.419
    endloop
  endfacet
  facet normal 0 -0.580922 0.813959
    outer loop
      vertex 37.8981 27.0932 37.3148
      vertex 38.0362 27.2392 37.419
      vertex 26.565 27.2392 37.419
    endloop
  endfacet
  facet normal 0 -0.707107 0.707107
    outer loop
      vertex 38.0362 27.2392 37.419
      vertex 26.565 27.381 37.5608
      vertex 26.565 27.2392 37.419
    endloop
  endfacet
  facet normal 0.000846362 -0.672043 0.740511
    outer loop
      vertex 38.0362 27.2392 37.419
      vertex 38.1084 27.3032 37.477
      vertex 26.565 27.381 37.5608
    endloop
  endfacet
  facet normal 0 -0.732856 0.680384
    outer loop
      vertex 38.1084 27.3032 37.477
      vertex 38.2085 27.381 37.5608
      vertex 26.565 27.381 37.5608
    endloop
  endfacet
  facet normal 0 -0.573328 0.819326
    outer loop
      vertex 37.883 27.075 37.3041
      vertex 26.565 27.2392 37.419
      vertex 26.565 27.075 37.3041
    endloop
  endfacet
  facet normal 0 -0.422503 0.906361
    outer loop
      vertex 26.565 27.075 37.3041
      vertex 37.7536 26.8933 37.2194
      vertex 37.883 27.075 37.3041
    endloop
  endfacet
  facet normal 0 -0.422503 0.906361
    outer loop
      vertex 37.7536 26.8933 37.2194
      vertex 26.565 27.075 37.3041
      vertex 26.565 26.8933 37.2194
    endloop
  endfacet
  facet normal 3.97954e-06 -0.0872969 0.996182
    outer loop
      vertex 26.565 26.5 37.15
      vertex 34.6 26.554 37.1547
      vertex 26.565 26.6997 37.1675
    endloop
  endfacet
  facet normal 0 -0.0867092 0.996234
    outer loop
      vertex 34.6 26.554 37.1547
      vertex 26.565 26.5 37.15
      vertex 34.6 26.5 37.15
    endloop
  endfacet
  facet normal 0.000923056 -0.0368876 0.999319
    outer loop
      vertex 34.6 26.554 37.1547
      vertex 34.6 26.6136 37.1569
      vertex 26.565 26.6997 37.1675
    endloop
  endfacet
  facet normal 0 -0.12219 0.992507
    outer loop
      vertex 34.6 26.6136 37.1569
      vertex 34.6 26.6997 37.1675
      vertex 26.565 26.6997 37.1675
    endloop
  endfacet
  facet normal 1.06488e-05 -0.258936 0.965895
    outer loop
      vertex 26.565 26.6997 37.1675
      vertex 34.6 26.753 37.1817
      vertex 26.565 26.8933 37.2194
    endloop
  endfacet
  facet normal 0 -0.257437 0.966295
    outer loop
      vertex 34.6 26.753 37.1817
      vertex 26.565 26.6997 37.1675
      vertex 34.6 26.6997 37.1675
    endloop
  endfacet
  facet normal 0.000356213 -0.241473 0.970407
    outer loop
      vertex 37.7278 26.85 37.2046
      vertex 34.6 26.8269 37.2
      vertex 37.7183 26.8315 37.2
    endloop
  endfacet
  facet normal 0.000357254 -0.240372 0.970681
    outer loop
      vertex 34.6 26.8269 37.2
      vertex 26.565 26.8933 37.2194
      vertex 34.6 26.753 37.1817
    endloop
  endfacet
  facet normal 0.000352143 -0.240948 0.970538
    outer loop
      vertex 26.565 26.8933 37.2194
      vertex 34.6 26.8269 37.2
      vertex 37.7278 26.85 37.2046
    endloop
  endfacet
  facet normal 0 -0.32343 0.946252
    outer loop
      vertex 37.7278 26.85 37.2046
      vertex 37.7536 26.8933 37.2194
      vertex 26.565 26.8933 37.2194
    endloop
  endfacet
  facet normal 0 -1 0
    outer loop
      vertex 26.565 27.65 42.34
      vertex 35.665 27.65 40.74
      vertex 35.665 27.65 42.34
    endloop
  endfacet
  facet normal 0 -1 0
    outer loop
      vertex 26.565 27.65 38.3
      vertex 35.665 27.65 40.74
      vertex 26.565 27.65 42.34
    endloop
  endfacet
  facet normal 0 -1 0
    outer loop
      vertex 38.7907 27.65 38.3
      vertex 35.665 27.65 40.74
      vertex 26.565 27.65 38.3
    endloop
  endfacet
  facet normal 0 -1 0
    outer loop
      vertex 35.665 27.65 40.74
      vertex 38.7907 27.65 38.3
      vertex 38.7907 27.65 40.74
    endloop
  endfacet
  facet normal 1 0 0
    outer loop
      vertex 79.065 28.5 40.34
      vertex 79.065 26.3 38.65
      vertex 79.065 28.5 37.1
    endloop
  endfacet
  facet normal 1 0 0
    outer loop
      vertex 79.065 28.5 40.34
      vertex 79.065 25.7 38.65
      vertex 79.065 26.3 38.65
    endloop
  endfacet
  facet normal 1 0 0
    outer loop
      vertex 79.065 25.7 38.65
      vertex 79.065 24.44 38.65
      vertex 79.065 25.7 37.1
    endloop
  endfacet
  facet normal 1 0 0
    outer loop
      vertex 79.065 28.5 40.34
      vertex 79.065 24.44 38.65
      vertex 79.065 25.7 38.65
    endloop
  endfacet
  facet normal 1 0 0
    outer loop
      vertex 79.065 28.5 40.34
      vertex 79.065 23.84 38.65
      vertex 79.065 24.44 38.65
    endloop
  endfacet
  facet normal 1 0 0
    outer loop
      vertex 79.065 23.84 38.65
      vertex 79.065 5.9 37.1
      vertex 79.065 23.84 37.1
    endloop
  endfacet
  facet normal 1 -0 0
    outer loop
      vertex 79.065 2.01472 40.34
      vertex 79.065 23.84 38.65
      vertex 79.065 28.5 40.34
    endloop
  endfacet
  facet normal 1 0 0
    outer loop
      vertex 79.065 23.84 38.65
      vertex 79.065 2.01472 40.34
      vertex 79.065 5.9 37.1
    endloop
  endfacet
  facet normal 1 -0 0
    outer loop
      vertex 79.065 1.9 39.8776
      vertex 79.065 5.9 37.1
      vertex 79.065 2.01472 40.34
    endloop
  endfacet
  facet normal 1 0 0
    outer loop
      vertex 79.065 1.9 39.8776
      vertex 79.065 2.01472 40.34
      vertex 79.065 1.95455 40.2034
    endloop
  endfacet
  facet normal 1 0 0
    outer loop
      vertex 79.065 1.9 39.8776
      vertex 79.065 1.95455 40.2034
      vertex 79.065 1.91373 40.0427
    endloop
  endfacet
  facet normal 1 0 0
    outer loop
      vertex 79.065 1.9 36.3
      vertex 79.065 5.9 37.1
      vertex 79.065 1.9 39.8776
    endloop
  endfacet
  facet normal 1 0 0
    outer loop
      vertex 79.065 5.9 37.1
      vertex 79.065 1.9 36.3
      vertex 79.065 5.9 36.3
    endloop
  endfacet
  facet normal 1 0 0
    outer loop
      vertex 79.065 28.5 37.1
      vertex 79.065 26.3 38.65
      vertex 79.065 26.3 37.1
    endloop
  endfacet
  facet normal 1 0 0
    outer loop
      vertex 79.065 25.7 37.1
      vertex 79.065 24.44 38.65
      vertex 79.065 24.44 37.1
    endloop
  endfacet
  facet normal 1 -0 0
    outer loop
      vertex 26.565 3.16614 41.4872
      vertex 26.565 3.7 38.94
      vertex 26.565 3.7 41.8072
    endloop
  endfacet
  facet normal 1 -0 -0
    outer loop
      vertex 26.565 2.77647 38.9637
      vertex 26.565 3.7 38.94
      vertex 26.565 2.75 39.3
    endloop
  endfacet
  facet normal 1 -0 0
    outer loop
      vertex 26.565 2.75 41.1645
      vertex 26.565 3.7 38.94
      vertex 26.565 3.16614 41.4872
    endloop
  endfacet
  facet normal 1 0 0
    outer loop
      vertex 26.565 3.7 38.94
      vertex 26.565 3.37972 37.7797
      vertex 26.565 3.63626 37.5606
    endloop
  endfacet
  facet normal 1 0 0
    outer loop
      vertex 26.565 3.7 38.94
      vertex 26.565 3.16061 38.0363
      vertex 26.565 3.37972 37.7797
    endloop
  endfacet
  facet normal 1 0 0
    outer loop
      vertex 26.565 3.7 38.94
      vertex 26.565 2.98434 38.3239
      vertex 26.565 3.16061 38.0363
    endloop
  endfacet
  facet normal 1 0 0
    outer loop
      vertex 26.565 3.7 38.94
      vertex 26.565 2.85523 38.6356
      vertex 26.565 2.98434 38.3239
    endloop
  endfacet
  facet normal 1 0 0
    outer loop
      vertex 26.565 3.7 38.94
      vertex 26.565 2.75 41.1645
      vertex 26.565 2.75 39.3
    endloop
  endfacet
  facet normal 1 0 0
    outer loop
      vertex 26.565 3.7 38.94
      vertex 26.565 2.77647 38.9637
      vertex 26.565 2.85523 38.6356
    endloop
  endfacet
  facet normal 1 0 0
    outer loop
      vertex 26.565 26.5 37.15
      vertex 26.565 27.65 38.3
      vertex 26.565 27.65 42.34
    endloop
  endfacet
  facet normal 1 0 0
    outer loop
      vertex 26.565 27.65 38.3
      vertex 26.565 26.5 37.15
      vertex 26.565 27.6325 38.1003
    endloop
  endfacet
  facet normal 1 0 0
    outer loop
      vertex 26.565 27.6325 38.1003
      vertex 26.565 26.5 37.15
      vertex 26.565 27.5806 37.9067
    endloop
  endfacet
  facet normal 1 0 0
    outer loop
      vertex 26.565 27.5806 37.9067
      vertex 26.565 26.5 37.15
      vertex 26.565 27.4959 37.725
    endloop
  endfacet
  facet normal 1 0 0
    outer loop
      vertex 26.565 27.4959 37.725
      vertex 26.565 26.5 37.15
      vertex 26.565 27.381 37.5608
    endloop
  endfacet
  facet normal 1 0 0
    outer loop
      vertex 26.565 27.381 37.5608
      vertex 26.565 26.5 37.15
      vertex 26.565 27.2392 37.419
    endloop
  endfacet
  facet normal 1 0 0
    outer loop
      vertex 26.565 27.2392 37.419
      vertex 26.565 26.5 37.15
      vertex 26.565 27.075 37.3041
    endloop
  endfacet
  facet normal 1 0 0
    outer loop
      vertex 26.565 27.075 37.3041
      vertex 26.565 26.5 37.15
      vertex 26.565 26.8933 37.2194
    endloop
  endfacet
  facet normal 1 0 0
    outer loop
      vertex 26.565 26.8933 37.2194
      vertex 26.565 26.5 37.15
      vertex 26.565 26.6997 37.1675
    endloop
  endfacet
  facet normal 1 -0 0
    outer loop
      vertex 26.565 9.85 42.34
      vertex 26.565 26.5 37.15
      vertex 26.565 27.65 42.34
    endloop
  endfacet
  facet normal 1 -0 0
    outer loop
      vertex 26.565 9.85 38.94
      vertex 26.565 26.5 37.15
      vertex 26.565 9.85 42.34
    endloop
  endfacet
  facet normal 1 -0 0
    outer loop
      vertex 26.565 9.83522 38.7523
      vertex 26.565 26.5 37.15
      vertex 26.565 9.85 38.94
    endloop
  endfacet
  facet normal 1 -0 0
    outer loop
      vertex 26.565 9.79127 38.5692
      vertex 26.565 26.5 37.15
      vertex 26.565 9.83522 38.7523
    endloop
  endfacet
  facet normal 1 -0 0
    outer loop
      vertex 26.565 9.71921 38.3952
      vertex 26.565 26.5 37.15
      vertex 26.565 9.79127 38.5692
    endloop
  endfacet
  facet normal 1 -0 0
    outer loop
      vertex 26.565 9.62082 38.2347
      vertex 26.565 26.5 37.15
      vertex 26.565 9.71921 38.3952
    endloop
  endfacet
  facet normal 1 -0 0
    outer loop
      vertex 26.565 9.49853 38.0915
      vertex 26.565 26.5 37.15
      vertex 26.565 9.62082 38.2347
    endloop
  endfacet
  facet normal 1 -0 0
    outer loop
      vertex 26.565 9.35534 37.9692
      vertex 26.565 26.5 37.15
      vertex 26.565 9.49853 38.0915
    endloop
  endfacet
  facet normal 1 -0 0
    outer loop
      vertex 26.565 9.19479 37.8708
      vertex 26.565 26.5 37.15
      vertex 26.565 9.35534 37.9692
    endloop
  endfacet
  facet normal 1 -0 0
    outer loop
      vertex 26.565 9.02082 37.7987
      vertex 26.565 26.5 37.15
      vertex 26.565 9.19479 37.8708
    endloop
  endfacet
  facet normal 1 -0 0
    outer loop
      vertex 26.565 8.83772 37.7548
      vertex 26.565 26.5 37.15
      vertex 26.565 9.02082 37.7987
    endloop
  endfacet
  facet normal 1 0 0
    outer loop
      vertex 26.565 4.9 37.15
      vertex 26.565 8.83772 37.7548
      vertex 26.565 8.65 37.74
    endloop
  endfacet
  facet normal 1 0 0
    outer loop
      vertex 26.565 4.9 37.15
      vertex 26.565 8.65 37.74
      vertex 26.565 4.9 37.74
    endloop
  endfacet
  facet normal 1 0 0
    outer loop
      vertex 26.565 8.83772 37.7548
      vertex 26.565 4.9 37.15
      vertex 26.565 26.5 37.15
    endloop
  endfacet
  facet normal 1 0 0
    outer loop
      vertex 26.565 4.71228 37.7548
      vertex 26.565 4.9 37.15
      vertex 26.565 4.9 37.74
    endloop
  endfacet
  facet normal 1 0 0
    outer loop
      vertex 26.565 4.71228 37.7548
      vertex 26.565 4.56367 37.1765
      vertex 26.565 4.9 37.15
    endloop
  endfacet
  facet normal 1 0 0
    outer loop
      vertex 26.565 4.52918 37.7987
      vertex 26.565 4.56367 37.1765
      vertex 26.565 4.71228 37.7548
    endloop
  endfacet
  facet normal 1 0 0
    outer loop
      vertex 26.565 4.23561 37.2552
      vertex 26.565 4.52918 37.7987
      vertex 26.565 4.35521 37.8708
    endloop
  endfacet
  facet normal 1 0 0
    outer loop
      vertex 26.565 4.52918 37.7987
      vertex 26.565 4.23561 37.2552
      vertex 26.565 4.56367 37.1765
    endloop
  endfacet
  facet normal 1 0 0
    outer loop
      vertex 26.565 3.92392 37.3843
      vertex 26.565 4.35521 37.8708
      vertex 26.565 4.19465 37.9692
    endloop
  endfacet
  facet normal 1 0 0
    outer loop
      vertex 26.565 3.63626 37.5606
      vertex 26.565 4.19465 37.9692
      vertex 26.565 4.05147 38.0915
    endloop
  endfacet
  facet normal 1 0 0
    outer loop
      vertex 26.565 3.63626 37.5606
      vertex 26.565 4.05147 38.0915
      vertex 26.565 3.92918 38.2347
    endloop
  endfacet
  facet normal 1 0 0
    outer loop
      vertex 26.565 4.35521 37.8708
      vertex 26.565 3.92392 37.3843
      vertex 26.565 4.23561 37.2552
    endloop
  endfacet
  facet normal 1 0 0
    outer loop
      vertex 26.565 3.63626 37.5606
      vertex 26.565 3.92918 38.2347
      vertex 26.565 3.83079 38.3952
    endloop
  endfacet
  facet normal 1 0 0
    outer loop
      vertex 26.565 3.63626 37.5606
      vertex 26.565 3.83079 38.3952
      vertex 26.565 3.75873 38.5692
    endloop
  endfacet
  facet normal 1 0 0
    outer loop
      vertex 26.565 3.63626 37.5606
      vertex 26.565 3.75873 38.5692
      vertex 26.565 3.71477 38.7523
    endloop
  endfacet
  facet normal 1 0 0
    outer loop
      vertex 26.565 4.19465 37.9692
      vertex 26.565 3.63626 37.5606
      vertex 26.565 3.92392 37.3843
    endloop
  endfacet
  facet normal 1 0 0
    outer loop
      vertex 26.565 3.63626 37.5606
      vertex 26.565 3.71477 38.7523
      vertex 26.565 3.7 38.94
    endloop
  endfacet
  facet normal -1 0 0
    outer loop
      vertex 78.365 26.5 37.15
      vertex 78.365 27.65 38.3
      vertex 78.365 27.6325 38.1003
    endloop
  endfacet
  facet normal -1 0 0
    outer loop
      vertex 78.365 26.5 37.15
      vertex 78.365 27.6325 38.1003
      vertex 78.365 27.5806 37.9067
    endloop
  endfacet
  facet normal -1 0 0
    outer loop
      vertex 78.365 26.5 37.15
      vertex 78.365 27.5806 37.9067
      vertex 78.365 27.4959 37.725
    endloop
  endfacet
  facet normal -1 0 0
    outer loop
      vertex 78.365 26.5 37.15
      vertex 78.365 27.4959 37.725
      vertex 78.365 27.381 37.5608
    endloop
  endfacet
  facet normal -1 0 0
    outer loop
      vertex 78.365 26.5 37.15
      vertex 78.365 27.381 37.5608
      vertex 78.365 27.2392 37.419
    endloop
  endfacet
  facet normal -1 0 0
    outer loop
      vertex 78.365 26.5 37.15
      vertex 78.365 27.2392 37.419
      vertex 78.365 27.075 37.3041
    endloop
  endfacet
  facet normal -1 0 0
    outer loop
      vertex 78.365 26.5 37.15
      vertex 78.365 27.075 37.3041
      vertex 78.365 26.8933 37.2194
    endloop
  endfacet
  facet normal -1 0 0
    outer loop
      vertex 78.365 26.5 37.15
      vertex 78.365 26.8933 37.2194
      vertex 78.365 26.6997 37.1675
    endloop
  endfacet
  facet normal -1 -0 0
    outer loop
      vertex 78.365 27.65 38.3
      vertex 78.365 26.5 37.15
      vertex 78.365 27.65 40.34
    endloop
  endfacet
  facet normal -1 0 0
    outer loop
      vertex 78.365 4.9 37.15
      vertex 78.365 27.65 40.34
      vertex 78.365 26.5 37.15
    endloop
  endfacet
  facet normal -1 0 0
    outer loop
      vertex 78.365 2.75 39.3
      vertex 78.365 4.9 37.15
      vertex 78.365 4.56367 37.1765
    endloop
  endfacet
  facet normal -1 0 0
    outer loop
      vertex 78.365 2.75 39.3
      vertex 78.365 4.56367 37.1765
      vertex 78.365 4.23561 37.2552
    endloop
  endfacet
  facet normal -1 0 0
    outer loop
      vertex 78.365 2.75 39.3
      vertex 78.365 4.23561 37.2552
      vertex 78.365 3.92392 37.3843
    endloop
  endfacet
  facet normal -1 0 0
    outer loop
      vertex 78.365 2.75 39.3
      vertex 78.365 3.92392 37.3843
      vertex 78.365 3.63626 37.5606
    endloop
  endfacet
  facet normal -1 0 0
    outer loop
      vertex 78.365 2.75 39.3
      vertex 78.365 3.63626 37.5606
      vertex 78.365 3.37972 37.7797
    endloop
  endfacet
  facet normal -1 0 0
    outer loop
      vertex 78.365 2.75 39.3
      vertex 78.365 3.37972 37.7797
      vertex 78.365 3.16061 38.0363
    endloop
  endfacet
  facet normal -1 0 0
    outer loop
      vertex 78.365 2.75 39.3
      vertex 78.365 3.16061 38.0363
      vertex 78.365 2.98434 38.3239
    endloop
  endfacet
  facet normal -1 0 0
    outer loop
      vertex 78.365 2.75 39.3
      vertex 78.365 2.98434 38.3239
      vertex 78.365 2.85523 38.6356
    endloop
  endfacet
  facet normal -1 0 0
    outer loop
      vertex 78.365 2.75 39.3
      vertex 78.365 2.85523 38.6356
      vertex 78.365 2.77647 38.9637
    endloop
  endfacet
  facet normal -1 0 0
    outer loop
      vertex 78.365 4.9 37.15
      vertex 78.365 2.75 39.3
      vertex 78.365 2.75 40.34
    endloop
  endfacet
  facet normal -1 0 0
    outer loop
      vertex 78.365 4.9 37.15
      vertex 78.365 2.75 40.34
      vertex 78.365 27.65 40.34
    endloop
  endfacet
  facet normal 0 -1 0
    outer loop
      vertex 25.865 1.9 39.8776
      vertex 51.1782 1.9 36.2924
      vertex 51.265 1.9 36.3
    endloop
  endfacet
  facet normal 0 -1 0
    outer loop
      vertex 35.665 1.9 36.3
      vertex 51.094 1.9 36.2698
      vertex 51.1782 1.9 36.2924
    endloop
  endfacet
  facet normal 0 -1 0
    outer loop
      vertex 35.665 1.9 36.3
      vertex 51.015 1.9 36.233
      vertex 51.094 1.9 36.2698
    endloop
  endfacet
  facet normal 0 -1 0
    outer loop
      vertex 35.665 1.9 36.3
      vertex 50.9436 1.9 36.183
      vertex 51.015 1.9 36.233
    endloop
  endfacet
  facet normal 0 -1 0
    outer loop
      vertex 35.665 1.9 36.3
      vertex 50.882 1.9 36.1214
      vertex 50.9436 1.9 36.183
    endloop
  endfacet
  facet normal 0 -1 0
    outer loop
      vertex 35.665 1.9 36.3
      vertex 50.832 1.9 36.05
      vertex 50.882 1.9 36.1214
    endloop
  endfacet
  facet normal 0 -1 0
    outer loop
      vertex 35.665 1.9 36.3
      vertex 50.7952 1.9 35.971
      vertex 50.832 1.9 36.05
    endloop
  endfacet
  facet normal 0 -1 0
    outer loop
      vertex 35.665 1.9 36.3
      vertex 50.7726 1.9 35.8868
      vertex 50.7952 1.9 35.971
    endloop
  endfacet
  facet normal 0 -1 0
    outer loop
      vertex 35.665 1.9 36.3
      vertex 50.765 1.9 35.8
      vertex 50.7726 1.9 35.8868
    endloop
  endfacet
  facet normal 0 -1 0
    outer loop
      vertex 35.665 1.9 33.75
      vertex 50.765 1.9 35.8
      vertex 35.665 1.9 36.3
    endloop
  endfacet
  facet normal 0 -1 -0
    outer loop
      vertex 50.765 1.9 35.8
      vertex 35.665 1.9 33.75
      vertex 50.765 1.9 33.75
    endloop
  endfacet
  facet normal 0 -1 0
    outer loop
      vertex 15.6503 1.9 37.6253
      vertex 17.765 1.9 34.8
      vertex 19.265 1.9 36.3
    endloop
  endfacet
  facet normal 0 -1 0
    outer loop
      vertex 15.6503 1.9 34.69
      vertex 17.765 1.9 34.8
      vertex 15.6503 1.9 37.6253
    endloop
  endfacet
  facet normal 0 -1 -0
    outer loop
      vertex 17.765 1.9 34.8
      vertex 15.6503 1.9 34.69
      vertex 17.765 1.9 34.69
    endloop
  endfacet
  facet normal 0 -1 0
    outer loop
      vertex 19.265 1.9 36.3
      vertex 25.865 1.9 39.8776
      vertex 17.9026 1.9 39.8776
    endloop
  endfacet
  facet normal 0 -1 0
    outer loop
      vertex 25.865 1.9 39.8776
      vertex 65.315 1.9 39.3
      vertex 79.065 1.9 39.8776
    endloop
  endfacet
  facet normal 0 -1 0
    outer loop
      vertex 19.265 1.9 36.3
      vertex 17.9026 1.9 39.8776
      vertex 15.6503 1.9 37.6253
    endloop
  endfacet
  facet normal 0 -1 -0
    outer loop
      vertex 25.865 1.9 39.8776
      vertex 19.265 1.9 36.3
      vertex 35.665 1.9 36.3
    endloop
  endfacet
  facet normal 0 -1 0
    outer loop
      vertex 51.1782 1.9 36.2924
      vertex 25.865 1.9 39.8776
      vertex 35.665 1.9 36.3
    endloop
  endfacet
  facet normal 0 -1 0
    outer loop
      vertex 25.865 1.9 39.8776
      vertex 51.265 1.9 36.3
      vertex 65.315 1.9 39.3
    endloop
  endfacet
  facet normal 0 -1 0
    outer loop
      vertex 57.715 1.9 36.3
      vertex 65.315 1.9 39.3
      vertex 51.265 1.9 36.3
    endloop
  endfacet
  facet normal 0 -1 0
    outer loop
      vertex 57.8018 1.9 36.2924
      vertex 65.315 1.9 39.3
      vertex 57.715 1.9 36.3
    endloop
  endfacet
  facet normal 0 -1 0
    outer loop
      vertex 57.886 1.9 36.2698
      vertex 65.315 1.9 39.3
      vertex 57.8018 1.9 36.2924
    endloop
  endfacet
  facet normal 0 -1 0
    outer loop
      vertex 57.965 1.9 36.233
      vertex 65.315 1.9 39.3
      vertex 57.886 1.9 36.2698
    endloop
  endfacet
  facet normal 0 -1 0
    outer loop
      vertex 58.0364 1.9 36.183
      vertex 65.315 1.9 39.3
      vertex 57.965 1.9 36.233
    endloop
  endfacet
  facet normal 0 -1 0
    outer loop
      vertex 58.098 1.9 36.1214
      vertex 65.315 1.9 39.3
      vertex 58.0364 1.9 36.183
    endloop
  endfacet
  facet normal 0 -1 0
    outer loop
      vertex 58.148 1.9 36.05
      vertex 65.315 1.9 39.3
      vertex 58.098 1.9 36.1214
    endloop
  endfacet
  facet normal 0 -1 0
    outer loop
      vertex 58.1848 1.9 35.971
      vertex 65.315 1.9 39.3
      vertex 58.148 1.9 36.05
    endloop
  endfacet
  facet normal 0 -1 0
    outer loop
      vertex 58.2074 1.9 35.8868
      vertex 65.315 1.9 39.3
      vertex 58.1848 1.9 35.971
    endloop
  endfacet
  facet normal 0 -1 0
    outer loop
      vertex 65.315 1.9 33.75
      vertex 58.2074 1.9 35.8868
      vertex 58.215 1.9 35.8
    endloop
  endfacet
  facet normal 0 -1 0
    outer loop
      vertex 65.315 1.9 33.75
      vertex 58.215 1.9 35.8
      vertex 58.215 1.9 33.75
    endloop
  endfacet
  facet normal 0 -1 0
    outer loop
      vertex 58.2074 1.9 35.8868
      vertex 65.315 1.9 33.75
      vertex 65.315 1.9 39.3
    endloop
  endfacet
  facet normal 0 -1 0
    outer loop
      vertex 76.065 1.9 39.3
      vertex 79.065 1.9 39.8776
      vertex 65.315 1.9 39.3
    endloop
  endfacet
  facet normal 0 -1 0
    outer loop
      vertex 79.065 1.9 36.3
      vertex 76.065 1.9 39.3
      vertex 76.065 1.9 36.3
    endloop
  endfacet
  facet normal 0 -1 0
    outer loop
      vertex 76.065 1.9 39.3
      vertex 79.065 1.9 36.3
      vertex 79.065 1.9 39.8776
    endloop
  endfacet
  facet normal 0 -1 0
    outer loop
      vertex 79.065 5.9 37.1
      vertex 79.065 5.9 36.3
      vertex 82.4286 5.9 37.1
    endloop
  endfacet
  facet normal 0 -1 0
    outer loop
      vertex 82.4286 5.9 37.1
      vertex 87.1243 5.9 39.28
      vertex 82.4286 5.9 39.28
    endloop
  endfacet
  facet normal 0 -1 0
    outer loop
      vertex 82.4286 5.9 37.1
      vertex 87.1243 5.9 36.3
      vertex 87.1243 5.9 39.28
    endloop
  endfacet
  facet normal 0 -1 0
    outer loop
      vertex 87.1243 5.9 36.3
      vertex 82.4286 5.9 37.1
      vertex 79.065 5.9 36.3
    endloop
  endfacet
  facet normal 0 0 1
    outer loop
      vertex 35.665 28.5 42.34
      vertex 26.565 27.65 42.34
      vertex 35.665 27.65 42.34
    endloop
  endfacet
  facet normal -0 0 1
    outer loop
      vertex 25.865 28.5 42.34
      vertex 26.565 27.65 42.34
      vertex 35.665 28.5 42.34
    endloop
  endfacet
  facet normal 0 0 1
    outer loop
      vertex 25.865 9.85 42.34
      vertex 26.565 27.65 42.34
      vertex 25.865 28.5 42.34
    endloop
  endfacet
  facet normal 0 0 1
    outer loop
      vertex 26.565 27.65 42.34
      vertex 25.865 9.85 42.34
      vertex 26.565 9.85 42.34
    endloop
  endfacet
  facet normal 0 0.510743 -0.859734
    outer loop
      vertex 59.865 27.3869 36.5074
      vertex 68.165 27.65 36.6637
      vertex 68.165 27.3869 36.5074
    endloop
  endfacet
  facet normal 0 0.510743 -0.859734
    outer loop
      vertex 68.165 27.65 36.6637
      vertex 59.865 27.3869 36.5074
      vertex 59.865 27.65 36.6637
    endloop
  endfacet
  facet normal 0 0.373587 -0.927595
    outer loop
      vertex 59.865 27.1031 36.3931
      vertex 68.165 27.3869 36.5074
      vertex 68.165 27.1031 36.3931
    endloop
  endfacet
  facet normal 0 0.373587 -0.927595
    outer loop
      vertex 68.165 27.3869 36.5074
      vertex 59.865 27.1031 36.3931
      vertex 59.865 27.3869 36.5074
    endloop
  endfacet
  facet normal 0 0.227746 -0.973721
    outer loop
      vertex 59.865 26.8051 36.3234
      vertex 68.165 27.1031 36.3931
      vertex 68.165 26.8051 36.3234
    endloop
  endfacet
  facet normal 0 0.227746 -0.973721
    outer loop
      vertex 68.165 27.1031 36.3931
      vertex 59.865 26.8051 36.3234
      vertex 59.865 27.1031 36.3931
    endloop
  endfacet
  facet normal 0 0.0764716 -0.997072
    outer loop
      vertex 59.865 26.5 36.3
      vertex 68.165 26.8051 36.3234
      vertex 68.165 26.5 36.3
    endloop
  endfacet
  facet normal 0 0.0764716 -0.997072
    outer loop
      vertex 68.165 26.8051 36.3234
      vertex 59.865 26.5 36.3
      vertex 59.865 26.8051 36.3234
    endloop
  endfacet
  facet normal 0 1 0
    outer loop
      vertex 78.365 2.75 40.34
      vertex 78.365 2.75 39.3
      vertex 49.5 2.75 40.34
    endloop
  endfacet
  facet normal 0 1 -0
    outer loop
      vertex 49.5 2.75 40.34
      vertex 26.565 2.75 41.1645
      vertex 49.5 2.75 41.1645
    endloop
  endfacet
  facet normal 0 1 0
    outer loop
      vertex 26.565 2.75 39.3
      vertex 49.5 2.75 40.34
      vertex 78.365 2.75 39.3
    endloop
  endfacet
  facet normal 0 1 0
    outer loop
      vertex 49.5 2.75 40.34
      vertex 26.565 2.75 39.3
      vertex 26.565 2.75 41.1645
    endloop
  endfacet
  facet normal -0 0.0785482 0.99691
    outer loop
      vertex 26.565 4.9 37.15
      vertex 78.365 4.56367 37.1765
      vertex 78.365 4.9 37.15
    endloop
  endfacet
  facet normal 0 0.0785482 0.99691
    outer loop
      vertex 78.365 4.56367 37.1765
      vertex 26.565 4.9 37.15
      vertex 26.565 4.56367 37.1765
    endloop
  endfacet
  facet normal -0 0.233277 0.97241
    outer loop
      vertex 26.565 4.56367 37.1765
      vertex 78.365 4.23561 37.2552
      vertex 78.365 4.56367 37.1765
    endloop
  endfacet
  facet normal 0 0.233277 0.97241
    outer loop
      vertex 78.365 4.23561 37.2552
      vertex 26.565 4.56367 37.1765
      vertex 26.565 4.23561 37.2552
    endloop
  endfacet
  facet normal -0 0.382668 0.923886
    outer loop
      vertex 26.565 4.23561 37.2552
      vertex 78.365 3.92392 37.3843
      vertex 78.365 4.23561 37.2552
    endloop
  endfacet
  facet normal 0 0.382668 0.923886
    outer loop
      vertex 78.365 3.92392 37.3843
      vertex 26.565 4.23561 37.2552
      vertex 26.565 3.92392 37.3843
    endloop
  endfacet
  facet normal -0 0.522545 0.852611
    outer loop
      vertex 26.565 3.92392 37.3843
      vertex 78.365 3.63626 37.5606
      vertex 78.365 3.92392 37.3843
    endloop
  endfacet
  facet normal 0 0.522545 0.852611
    outer loop
      vertex 78.365 3.63626 37.5606
      vertex 26.565 3.92392 37.3843
      vertex 26.565 3.63626 37.5606
    endloop
  endfacet
  facet normal -0 0.649438 0.760415
    outer loop
      vertex 26.565 3.63626 37.5606
      vertex 78.365 3.37972 37.7797
      vertex 78.365 3.63626 37.5606
    endloop
  endfacet
  facet normal 0 0.649438 0.760415
    outer loop
      vertex 78.365 3.37972 37.7797
      vertex 26.565 3.63626 37.5606
      vertex 26.565 3.37972 37.7797
    endloop
  endfacet
  facet normal 0 0.760475 0.649367
    outer loop
      vertex 78.365 3.37972 37.7797
      vertex 26.565 3.16061 38.0363
      vertex 78.365 3.16061 38.0363
    endloop
  endfacet
  facet normal 0 0.760475 0.649367
    outer loop
      vertex 26.565 3.16061 38.0363
      vertex 78.365 3.37972 37.7797
      vertex 26.565 3.37972 37.7797
    endloop
  endfacet
  facet normal 0 0.852603 0.52256
    outer loop
      vertex 78.365 3.16061 38.0363
      vertex 26.565 2.98434 38.3239
      vertex 78.365 2.98434 38.3239
    endloop
  endfacet
  facet normal 0 0.852603 0.52256
    outer loop
      vertex 26.565 2.98434 38.3239
      vertex 78.365 3.16061 38.0363
      vertex 26.565 3.16061 38.0363
    endloop
  endfacet
  facet normal 0 0.92388 0.382683
    outer loop
      vertex 78.365 2.98434 38.3239
      vertex 26.565 2.85523 38.6356
      vertex 78.365 2.85523 38.6356
    endloop
  endfacet
  facet normal 0 0.92388 0.382683
    outer loop
      vertex 26.565 2.85523 38.6356
      vertex 78.365 2.98434 38.3239
      vertex 26.565 2.98434 38.3239
    endloop
  endfacet
  facet normal 0 0.972377 0.233418
    outer loop
      vertex 78.365 2.85523 38.6356
      vertex 26.565 2.77647 38.9637
      vertex 78.365 2.77647 38.9637
    endloop
  endfacet
  facet normal 0 0.972377 0.233418
    outer loop
      vertex 26.565 2.77647 38.9637
      vertex 78.365 2.85523 38.6356
      vertex 26.565 2.85523 38.6356
    endloop
  endfacet
  facet normal 0 0.996917 0.0784668
    outer loop
      vertex 78.365 2.77647 38.9637
      vertex 26.565 2.75 39.3
      vertex 78.365 2.75 39.3
    endloop
  endfacet
  facet normal 0 0.996917 0.0784668
    outer loop
      vertex 26.565 2.75 39.3
      vertex 78.365 2.77647 38.9637
      vertex 26.565 2.77647 38.9637
    endloop
  endfacet
  facet normal 0 0 1
    outer loop
      vertex 34.6 26.5 37.15
      vertex 26.565 26.5 37.15
      vertex 34.6 5.15 37.15
    endloop
  endfacet
  facet normal 0 0 1
    outer loop
      vertex 77.065 14.35 37.15
      vertex 78.365 26.5 37.15
      vertex 77.065 20.5 37.15
    endloop
  endfacet
  facet normal 0 0 1
    outer loop
      vertex 78.365 26.5 37.15
      vertex 77.0498 20.6736 37.15
      vertex 77.065 20.5 37.15
    endloop
  endfacet
  facet normal 0 0 1
    outer loop
      vertex 78.365 26.5 37.15
      vertex 77.0047 20.842 37.15
      vertex 77.0498 20.6736 37.15
    endloop
  endfacet
  facet normal 0 0 1
    outer loop
      vertex 78.365 26.5 37.15
      vertex 76.931 21 37.15
      vertex 77.0047 20.842 37.15
    endloop
  endfacet
  facet normal 0 0 1
    outer loop
      vertex 78.365 26.5 37.15
      vertex 76.831 21.1428 37.15
      vertex 76.931 21 37.15
    endloop
  endfacet
  facet normal 0 0 1
    outer loop
      vertex 78.365 26.5 37.15
      vertex 76.7078 21.266 37.15
      vertex 76.831 21.1428 37.15
    endloop
  endfacet
  facet normal 0 0 1
    outer loop
      vertex 78.365 26.5 37.15
      vertex 76.565 21.366 37.15
      vertex 76.7078 21.266 37.15
    endloop
  endfacet
  facet normal 0 0 1
    outer loop
      vertex 78.365 26.5 37.15
      vertex 76.407 21.4397 37.15
      vertex 76.565 21.366 37.15
    endloop
  endfacet
  facet normal 0 0 1
    outer loop
      vertex 78.365 26.5 37.15
      vertex 76.2386 21.4848 37.15
      vertex 76.407 21.4397 37.15
    endloop
  endfacet
  facet normal 0 0 1
    outer loop
      vertex 78.365 26.5 37.15
      vertex 76.065 21.5 37.15
      vertex 76.2386 21.4848 37.15
    endloop
  endfacet
  facet normal 0 0 1
    outer loop
      vertex 78.365 26.5 37.15
      vertex 69.915 21.5 37.15
      vertex 76.065 21.5 37.15
    endloop
  endfacet
  facet normal -0 0 1
    outer loop
      vertex 59.6 26.5 37.15
      vertex 69.915 21.5 37.15
      vertex 78.365 26.5 37.15
    endloop
  endfacet
  facet normal 0 0 1
    outer loop
      vertex 69.915 21.5 37.15
      vertex 59.6 26.5 37.15
      vertex 69.7413 21.4848 37.15
    endloop
  endfacet
  facet normal 0 0 1
    outer loop
      vertex 69.7413 21.4848 37.15
      vertex 59.6 26.5 37.15
      vertex 69.573 21.4397 37.15
    endloop
  endfacet
  facet normal 0 0 1
    outer loop
      vertex 68.915 20.5 37.15
      vertex 59.6 26.5 37.15
      vertex 68.915 14.35 37.15
    endloop
  endfacet
  facet normal 0 0 1
    outer loop
      vertex 68.9302 20.6736 37.15
      vertex 59.6 26.5 37.15
      vertex 68.915 20.5 37.15
    endloop
  endfacet
  facet normal 0 0 1
    outer loop
      vertex 68.9753 20.842 37.15
      vertex 59.6 26.5 37.15
      vertex 68.9302 20.6736 37.15
    endloop
  endfacet
  facet normal 0 0 1
    outer loop
      vertex 69.049 21 37.15
      vertex 59.6 26.5 37.15
      vertex 68.9753 20.842 37.15
    endloop
  endfacet
  facet normal 0 0 1
    outer loop
      vertex 69.149 21.1428 37.15
      vertex 59.6 26.5 37.15
      vertex 69.049 21 37.15
    endloop
  endfacet
  facet normal 0 0 1
    outer loop
      vertex 69.2722 21.266 37.15
      vertex 59.6 26.5 37.15
      vertex 69.149 21.1428 37.15
    endloop
  endfacet
  facet normal 0 0 1
    outer loop
      vertex 69.415 21.366 37.15
      vertex 59.6 26.5 37.15
      vertex 69.2722 21.266 37.15
    endloop
  endfacet
  facet normal 0 0 1
    outer loop
      vertex 69.573 21.4397 37.15
      vertex 59.6 26.5 37.15
      vertex 69.415 21.366 37.15
    endloop
  endfacet
  facet normal 0 0 1
    outer loop
      vertex 78.365 26.5 37.15
      vertex 77.065 14.35 37.15
      vertex 78.365 4.9 37.15
    endloop
  endfacet
  facet normal -0 0 1
    outer loop
      vertex 77.0498 14.1763 37.15
      vertex 78.365 4.9 37.15
      vertex 77.065 14.35 37.15
    endloop
  endfacet
  facet normal -0 0 1
    outer loop
      vertex 77.0047 14.008 37.15
      vertex 78.365 4.9 37.15
      vertex 77.0498 14.1763 37.15
    endloop
  endfacet
  facet normal -0 0 1
    outer loop
      vertex 76.931 13.85 37.15
      vertex 78.365 4.9 37.15
      vertex 77.0047 14.008 37.15
    endloop
  endfacet
  facet normal -0 0 1
    outer loop
      vertex 76.831 13.7072 37.15
      vertex 78.365 4.9 37.15
      vertex 76.931 13.85 37.15
    endloop
  endfacet
  facet normal -0 0 1
    outer loop
      vertex 76.7078 13.584 37.15
      vertex 78.365 4.9 37.15
      vertex 76.831 13.7072 37.15
    endloop
  endfacet
  facet normal -0 0 1
    outer loop
      vertex 76.565 13.484 37.15
      vertex 78.365 4.9 37.15
      vertex 76.7078 13.584 37.15
    endloop
  endfacet
  facet normal -0 0 1
    outer loop
      vertex 76.407 13.4103 37.15
      vertex 78.365 4.9 37.15
      vertex 76.565 13.484 37.15
    endloop
  endfacet
  facet normal -0 0 1
    outer loop
      vertex 76.2386 13.3652 37.15
      vertex 78.365 4.9 37.15
      vertex 76.407 13.4103 37.15
    endloop
  endfacet
  facet normal -0 0 1
    outer loop
      vertex 76.065 13.35 37.15
      vertex 78.365 4.9 37.15
      vertex 76.2386 13.3652 37.15
    endloop
  endfacet
  facet normal -0 0 1
    outer loop
      vertex 69.915 13.35 37.15
      vertex 78.365 4.9 37.15
      vertex 76.065 13.35 37.15
    endloop
  endfacet
  facet normal 0 0 1
    outer loop
      vertex 69.7413 13.3652 37.15
      vertex 78.365 4.9 37.15
      vertex 69.915 13.35 37.15
    endloop
  endfacet
  facet normal 0 0 1
    outer loop
      vertex 59.6 5.15 37.15
      vertex 69.7413 13.3652 37.15
      vertex 69.573 13.4103 37.15
    endloop
  endfacet
  facet normal 0 0 1
    outer loop
      vertex 59.6 5.15 37.15
      vertex 69.573 13.4103 37.15
      vertex 69.415 13.484 37.15
    endloop
  endfacet
  facet normal 0 0 1
    outer loop
      vertex 59.6 5.15 37.15
      vertex 69.415 13.484 37.15
      vertex 69.2722 13.584 37.15
    endloop
  endfacet
  facet normal 0 0 1
    outer loop
      vertex 59.6 5.15 37.15
      vertex 68.915 14.35 37.15
      vertex 59.6 26.5 37.15
    endloop
  endfacet
  facet normal 0 0 1
    outer loop
      vertex 68.915 14.35 37.15
      vertex 59.6 5.15 37.15
      vertex 68.9302 14.1763 37.15
    endloop
  endfacet
  facet normal 0 0 1
    outer loop
      vertex 68.9302 14.1763 37.15
      vertex 59.6 5.15 37.15
      vertex 68.9753 14.008 37.15
    endloop
  endfacet
  facet normal 0 0 1
    outer loop
      vertex 68.9753 14.008 37.15
      vertex 59.6 5.15 37.15
      vertex 69.049 13.85 37.15
    endloop
  endfacet
  facet normal 0 0 1
    outer loop
      vertex 69.049 13.85 37.15
      vertex 59.6 5.15 37.15
      vertex 69.149 13.7072 37.15
    endloop
  endfacet
  facet normal 0 0 1
    outer loop
      vertex 59.6 5.15 37.15
      vertex 69.2722 13.584 37.15
      vertex 69.149 13.7072 37.15
    endloop
  endfacet
  facet normal 0 0 1
    outer loop
      vertex 69.7413 13.3652 37.15
      vertex 59.6 5.15 37.15
      vertex 78.365 4.9 37.15
    endloop
  endfacet
  facet normal 0 0 1
    outer loop
      vertex 26.565 4.9 37.15
      vertex 59.6 5.15 37.15
      vertex 34.6 5.15 37.15
    endloop
  endfacet
  facet normal 0 0 1
    outer loop
      vertex 59.6 5.15 37.15
      vertex 26.565 4.9 37.15
      vertex 78.365 4.9 37.15
    endloop
  endfacet
  facet normal 0 0 1
    outer loop
      vertex 26.565 4.9 37.15
      vertex 34.6 5.15 37.15
      vertex 26.565 26.5 37.15
    endloop
  endfacet
  facet normal 0 -0.996182 0.0872969
    outer loop
      vertex 58.965 27.6325 38.1003
      vertex 58.965 27.65 38.3
      vertex 54.8732 27.65 38.3
    endloop
  endfacet
  facet normal -0.00295525 -0.99963 0.0270466
    outer loop
      vertex 58.965 27.6325 38.1003
      vertex 54.8732 27.65 38.3
      vertex 54.795 27.6489 38.2508
    endloop
  endfacet
  facet normal -0.00202395 -0.998606 0.0527394
    outer loop
      vertex 58.965 27.6325 38.1003
      vertex 54.795 27.6489 38.2508
      vertex 54.7622 27.648 38.2325
    endloop
  endfacet
  facet normal -0.000801124 -0.995824 0.0912883
    outer loop
      vertex 58.965 27.6325 38.1003
      vertex 54.7622 27.648 38.2325
      vertex 54.6054 27.6417 38.1624
    endloop
  endfacet
  facet normal -0.000445964 -0.993267 0.115843
    outer loop
      vertex 58.965 27.6325 38.1003
      vertex 54.6054 27.6417 38.1624
      vertex 54.591 27.6411 38.1572
    endloop
  endfacet
  facet normal -0.00023109 -0.991242 0.132054
    outer loop
      vertex 58.965 27.6325 38.1003
      vertex 54.591 27.6411 38.1572
      vertex 54.5664 27.64 38.1489
    endloop
  endfacet
  facet normal -4.64986e-05 -0.988927 0.148404
    outer loop
      vertex 58.965 27.6325 38.1003
      vertex 54.5664 27.64 38.1489
      vertex 54.4034 27.6339 38.1082
    endloop
  endfacet
  facet normal 1.73251e-05 -0.982891 0.184187
    outer loop
      vertex 58.965 27.6325 38.1003
      vertex 54.4034 27.6339 38.1082
      vertex 54.384 27.6333 38.105
    endloop
  endfacet
  facet normal -5.68236e-06 -0.986723 0.162414
    outer loop
      vertex 58.965 27.6325 38.1003
      vertex 54.384 27.6333 38.105
      vertex 54.3253 27.632 38.0971
    endloop
  endfacet
  facet normal -7.44976e-05 -0.965895 0.258936
    outer loop
      vertex 58.965 27.5806 37.9067
      vertex 58.965 27.6325 38.1003
      vertex 54.3253 27.632 38.0971
    endloop
  endfacet
  facet normal 7.7643e-06 -0.978563 0.205949
    outer loop
      vertex 39.7253 27.6168 38.0257
      vertex 46.2977 27.6323 38.0991
      vertex 39.6742 27.6325 38.1003
    endloop
  endfacet
  facet normal -0.000713851 -0.963585 0.267402
    outer loop
      vertex 39.78 27.598 37.9581
      vertex 46.2977 27.6323 38.0991
      vertex 39.7253 27.6168 38.0257
    endloop
  endfacet
  facet normal -0.00191617 -0.947713 0.319118
    outer loop
      vertex 39.8257 27.5806 37.9067
      vertex 46.2977 27.6323 38.0991
      vertex 39.78 27.598 37.9581
    endloop
  endfacet
  facet normal -0.00198555 -0.976558 0.215245
    outer loop
      vertex 58.965 27.5806 37.9067
      vertex 54.3253 27.632 38.0971
      vertex 54.195 27.6307 38.09
    endloop
  endfacet
  facet normal 0 -0.964618 0.263652
    outer loop
      vertex 58.965 27.5806 37.9067
      vertex 46.445 27.6307 38.09
      vertex 39.8257 27.5806 37.9067
    endloop
  endfacet
  facet normal 0 -0.964618 0.263652
    outer loop
      vertex 46.445 27.6307 38.09
      vertex 58.965 27.5806 37.9067
      vertex 54.195 27.6307 38.09
    endloop
  endfacet
  facet normal 0.00182743 -0.979443 0.201712
    outer loop
      vertex 46.445 27.6307 38.09
      vertex 46.3155 27.6319 38.097
      vertex 39.8257 27.5806 37.9067
    endloop
  endfacet
  facet normal 0.00181938 -0.97939 0.201972
    outer loop
      vertex 46.3155 27.6319 38.097
      vertex 46.2977 27.6323 38.0991
      vertex 39.8257 27.5806 37.9067
    endloop
  endfacet
  facet normal 3.60857e-06 -0.906245 0.422752
    outer loop
      vertex 40.0079 27.4957 37.7247
      vertex 55.0896 27.4959 37.725
      vertex 39.8257 27.5806 37.9067
    endloop
  endfacet
  facet normal 0.000975506 -0.872476 0.488656
    outer loop
      vertex 55.0896 27.4959 37.725
      vertex 55.2 27.5 37.7321
      vertex 39.8257 27.5806 37.9067
    endloop
  endfacet
  facet normal 0 -0.907929 0.419124
    outer loop
      vertex 55.2 27.5 37.7321
      vertex 58.965 27.5806 37.9067
      vertex 39.8257 27.5806 37.9067
    endloop
  endfacet
  facet normal -0.00275905 -0.88396 0.467554
    outer loop
      vertex 55.3104 27.4959 37.725
      vertex 58.965 27.5806 37.9067
      vertex 55.2 27.5 37.7321
    endloop
  endfacet
  facet normal 0 -0.906361 0.422503
    outer loop
      vertex 58.965 27.4959 37.725
      vertex 58.965 27.5806 37.9067
      vertex 55.3104 27.4959 37.725
    endloop
  endfacet
  facet normal 0 -0.864507 0.50262
    outer loop
      vertex 55.3863 27.4884 37.7121
      vertex 58.965 27.4959 37.725
      vertex 55.3104 27.4959 37.725
    endloop
  endfacet
  facet normal -8.28702e-05 -0.854347 0.519703
    outer loop
      vertex 55.4605 27.4772 37.6937
      vertex 58.965 27.4959 37.725
      vertex 55.3863 27.4884 37.7121
    endloop
  endfacet
  facet normal -0.000411109 -0.837523 0.546403
    outer loop
      vertex 55.5904 27.4483 37.6495
      vertex 58.965 27.4959 37.725
      vertex 55.4605 27.4772 37.6937
    endloop
  endfacet
  facet normal -0.00167526 -0.810434 0.585828
    outer loop
      vertex 55.7137 27.4093 37.5959
      vertex 58.965 27.4959 37.725
      vertex 55.5904 27.4483 37.6495
    endloop
  endfacet
  facet normal -0.000942112 -0.819325 0.573328
    outer loop
      vertex 58.965 27.381 37.5608
      vertex 58.965 27.4959 37.725
      vertex 55.7137 27.4093 37.5959
    endloop
  endfacet
  facet normal 0 -0.778483 0.627666
    outer loop
      vertex 55.7856 27.381 37.5608
      vertex 58.965 27.381 37.5608
      vertex 55.7137 27.4093 37.5959
    endloop
  endfacet
  facet normal 0 -0.707107 0.707107
    outer loop
      vertex 58.965 27.2393 37.4191
      vertex 58.965 27.381 37.5608
      vertex 55.7856 27.381 37.5608
    endloop
  endfacet
  facet normal -0.00239363 -0.733448 0.679741
    outer loop
      vertex 55.95 27.299 37.4729
      vertex 58.965 27.2393 37.4191
      vertex 55.7856 27.381 37.5608
    endloop
  endfacet
  facet normal -2.02619e-05 -0.670052 0.742314
    outer loop
      vertex 56.0418 27.2415 37.421
      vertex 58.8298 27.2392 37.419
      vertex 55.95 27.299 37.4729
    endloop
  endfacet
  facet normal -5.22532e-05 -0.670901 0.741547
    outer loop
      vertex 58.8298 27.2392 37.419
      vertex 58.965 27.2393 37.4191
      vertex 55.95 27.299 37.4729
    endloop
  endfacet
  facet normal 0 -0.707107 0.707107
    outer loop
      vertex 58.965 27.2393 37.4191
      vertex 78.365 27.2392 37.419
      vertex 68.165 27.2393 37.4191
    endloop
  endfacet
  facet normal 0 -0.707107 0.707107
    outer loop
      vertex 78.365 27.2392 37.419
      vertex 58.965 27.2393 37.4191
      vertex 58.8298 27.2392 37.419
    endloop
  endfacet
  facet normal 0 -0.00884921 0.999961
    outer loop
      vertex 78.365 26.5 37.15
      vertex 59.6 26.5113 37.1501
      vertex 59.6 26.5 37.15
    endloop
  endfacet
  facet normal -0.000155776 -0.258936 0.965895
    outer loop
      vertex 59.6 26.7703 37.1834
      vertex 78.365 26.6997 37.1675
      vertex 78.365 26.8933 37.2194
    endloop
  endfacet
  facet normal -0.000149823 -0.257443 0.966293
    outer loop
      vertex 78.365 26.6997 37.1675
      vertex 59.6 26.7703 37.1834
      vertex 59.6 26.7429 37.1761
    endloop
  endfacet
  facet normal 0 -0.195243 0.980755
    outer loop
      vertex 78.365 26.6997 37.1675
      vertex 59.6 26.7429 37.1761
      vertex 59.6 26.6997 37.1675
    endloop
  endfacet
  facet normal 0 -0.0872969 0.996182
    outer loop
      vertex 59.6 26.6997 37.1675
      vertex 78.365 26.5 37.15
      vertex 78.365 26.6997 37.1675
    endloop
  endfacet
  facet normal -1.41675e-05 -0.0886179 0.996066
    outer loop
      vertex 78.365 26.5 37.15
      vertex 59.6 26.6997 37.1675
      vertex 59.6 26.6716 37.165
    endloop
  endfacet
  facet normal -0.000426917 -0.133317 0.991073
    outer loop
      vertex 78.365 26.5 37.15
      vertex 59.6 26.6716 37.165
      vertex 59.6 26.5928 37.1544
    endloop
  endfacet
  facet normal -2.64059e-05 -0.0526875 0.998611
    outer loop
      vertex 78.365 26.5 37.15
      vertex 59.6 26.5928 37.1544
      vertex 59.6 26.5113 37.1501
    endloop
  endfacet
  facet normal -0.000191444 -0.422503 0.906361
    outer loop
      vertex 78.365 26.8933 37.2194
      vertex 78.365 27.075 37.3041
      vertex 56.3491 26.9642 37.2478
    endloop
  endfacet
  facet normal 0 -0.371842 0.928296
    outer loop
      vertex 56.405 26.8933 37.2194
      vertex 78.365 26.8933 37.2194
      vertex 56.3491 26.9642 37.2478
    endloop
  endfacet
  facet normal 0 -0.280834 0.959756
    outer loop
      vertex 56.405 26.8933 37.2194
      vertex 59.6 26.827 37.2
      vertex 78.365 26.8933 37.2194
    endloop
  endfacet
  facet normal 0 -0.280834 0.959756
    outer loop
      vertex 59.6 26.827 37.2
      vertex 56.405 26.8933 37.2194
      vertex 56.4485 26.827 37.2
    endloop
  endfacet
  facet normal 5.41205e-07 -0.280975 0.959715
    outer loop
      vertex 78.365 26.8933 37.2194
      vertex 59.6 26.827 37.2
      vertex 59.6 26.7703 37.1834
    endloop
  endfacet
  facet normal 0 -0.573328 0.819326
    outer loop
      vertex 58.8298 27.2392 37.419
      vertex 78.365 27.075 37.3041
      vertex 78.365 27.2392 37.419
    endloop
  endfacet
  facet normal 0 -0.573328 0.819326
    outer loop
      vertex 78.365 27.075 37.3041
      vertex 58.8298 27.2392 37.419
      vertex 56.2461 27.075 37.3041
    endloop
  endfacet
  facet normal 0 -0.452997 0.891512
    outer loop
      vertex 56.3491 26.9642 37.2478
      vertex 78.365 27.075 37.3041
      vertex 56.2461 27.075 37.3041
    endloop
  endfacet
  facet normal 0 -0.996182 0.0872969
    outer loop
      vertex 68.165 27.6325 38.1003
      vertex 78.365 27.65 38.3
      vertex 68.165 27.65 38.3
    endloop
  endfacet
  facet normal 0 -0.996182 0.0872969
    outer loop
      vertex 78.365 27.65 38.3
      vertex 68.165 27.6325 38.1003
      vertex 78.365 27.6325 38.1003
    endloop
  endfacet
  facet normal 0 -0.965895 0.258936
    outer loop
      vertex 68.165 27.5806 37.9067
      vertex 78.365 27.6325 38.1003
      vertex 68.165 27.6325 38.1003
    endloop
  endfacet
  facet normal 0 -0.965895 0.258936
    outer loop
      vertex 78.365 27.6325 38.1003
      vertex 68.165 27.5806 37.9067
      vertex 78.365 27.5806 37.9067
    endloop
  endfacet
  facet normal 0 -0.906361 0.422503
    outer loop
      vertex 68.165 27.4959 37.725
      vertex 78.365 27.5806 37.9067
      vertex 68.165 27.5806 37.9067
    endloop
  endfacet
  facet normal 0 -0.906361 0.422503
    outer loop
      vertex 78.365 27.5806 37.9067
      vertex 68.165 27.4959 37.725
      vertex 78.365 27.4959 37.725
    endloop
  endfacet
  facet normal 0 -0.819326 0.573328
    outer loop
      vertex 68.165 27.381 37.5608
      vertex 78.365 27.4959 37.725
      vertex 68.165 27.4959 37.725
    endloop
  endfacet
  facet normal 0 -0.819326 0.573328
    outer loop
      vertex 78.365 27.4959 37.725
      vertex 68.165 27.381 37.5608
      vertex 78.365 27.381 37.5608
    endloop
  endfacet
  facet normal 0 -0.707107 0.707107
    outer loop
      vertex 78.365 27.2392 37.419
      vertex 78.365 27.381 37.5608
      vertex 68.165 27.381 37.5608
    endloop
  endfacet
  facet normal 2.46289e-16 -0.707107 0.707107
    outer loop
      vertex 78.365 27.2392 37.419
      vertex 68.165 27.381 37.5608
      vertex 68.165 27.2393 37.4191
    endloop
  endfacet
  facet normal -0.00355528 -0.535168 0.844738
    outer loop
      vertex 56.2461 27.075 37.3041
      vertex 58.8298 27.2392 37.419
      vertex 56.1642 27.1491 37.3507
    endloop
  endfacet
  facet normal 7.14767e-05 -0.605438 0.795892
    outer loop
      vertex 56.1642 27.1491 37.3507
      vertex 58.8298 27.2392 37.419
      vertex 56.0418 27.2415 37.421
    endloop
  endfacet
  facet normal 0.000408718 -0.808007 0.589173
    outer loop
      vertex 54.687 27.4095 37.5963
      vertex 54.8104 27.4485 37.6497
      vertex 40.0079 27.4957 37.7247
    endloop
  endfacet
  facet normal 0.000879568 -0.780823 0.624752
    outer loop
      vertex 54.6195 27.3831 37.5634
      vertex 54.687 27.4095 37.5963
      vertex 40.0079 27.4957 37.7247
    endloop
  endfacet
  facet normal 9.59376e-05 -0.837702 0.546128
    outer loop
      vertex 54.8104 27.4485 37.6497
      vertex 54.9395 27.4772 37.6937
      vertex 40.0079 27.4957 37.7247
    endloop
  endfacet
  facet normal 1.52028e-05 -0.855473 0.517847
    outer loop
      vertex 54.9395 27.4772 37.6937
      vertex 55.0139 27.4884 37.7122
      vertex 40.0079 27.4957 37.7247
    endloop
  endfacet
  facet normal 1.38568e-06 -0.862803 0.50554
    outer loop
      vertex 55.0139 27.4884 37.7122
      vertex 55.0896 27.4959 37.725
      vertex 40.0079 27.4957 37.7247
    endloop
  endfacet
  facet normal 0 -0.506813 0.862056
    outer loop
      vertex 40.517 27.075 37.3041
      vertex 54.1539 27.075 37.3041
      vertex 40.5019 27.0932 37.3148
    endloop
  endfacet
  facet normal -4.74343e-05 -0.533016 0.846105
    outer loop
      vertex 54.1539 27.075 37.3041
      vertex 54.2365 27.1496 37.3511
      vertex 40.5019 27.0932 37.3148
    endloop
  endfacet
  facet normal 0.000233368 -0.580775 0.814064
    outer loop
      vertex 40.5019 27.0932 37.3148
      vertex 54.2365 27.1496 37.3511
      vertex 40.3638 27.2392 37.419
    endloop
  endfacet
  facet normal 0 -0.603978 0.797001
    outer loop
      vertex 54.2365 27.1496 37.3511
      vertex 54.3548 27.2392 37.419
      vertex 40.3638 27.2392 37.419
    endloop
  endfacet
  facet normal 0 -0.671519 0.740987
    outer loop
      vertex 40.3638 27.2392 37.419
      vertex 54.3548 27.2392 37.419
      vertex 40.2916 27.3032 37.477
    endloop
  endfacet
  facet normal 1.64855e-05 -0.669528 0.742787
    outer loop
      vertex 54.3548 27.2392 37.419
      vertex 54.45 27.299 37.4729
      vertex 40.2916 27.3032 37.477
    endloop
  endfacet
  facet normal -2.03783e-05 -0.732868 0.680371
    outer loop
      vertex 40.2916 27.3032 37.477
      vertex 54.45 27.299 37.4729
      vertex 40.1915 27.381 37.5608
    endloop
  endfacet
  facet normal -1.60557e-05 -0.732519 0.680747
    outer loop
      vertex 54.45 27.299 37.4729
      vertex 54.6195 27.3831 37.5634
      vertex 40.1915 27.381 37.5608
    endloop
  endfacet
  facet normal 1.1366e-05 -0.807835 0.589409
    outer loop
      vertex 40.1915 27.381 37.5608
      vertex 54.6195 27.3831 37.5634
      vertex 40.05 27.4722 37.6858
    endloop
  endfacet
  facet normal -0.000899046 -0.856366 0.516369
    outer loop
      vertex 40.05 27.4722 37.6858
      vertex 54.6195 27.3831 37.5634
      vertex 40.0079 27.4957 37.7247
    endloop
  endfacet
  facet normal 0.000968379 -0.197332 0.980336
    outer loop
      vertex 45.5937 26.8212 37.2
      vertex 46.7756 26.827 37.2
      vertex 40.6464 26.8933 37.2194
    endloop
  endfacet
  facet normal 0 -0.280834 0.959756
    outer loop
      vertex 53.995 26.8933 37.2194
      vertex 46.7756 26.827 37.2
      vertex 53.9515 26.827 37.2
    endloop
  endfacet
  facet normal 0 -0.280834 0.959756
    outer loop
      vertex 46.7756 26.827 37.2
      vertex 53.995 26.8933 37.2194
      vertex 40.6464 26.8933 37.2194
    endloop
  endfacet
  facet normal 0 -0.422503 0.906361
    outer loop
      vertex 40.6464 26.8933 37.2194
      vertex 53.995 26.8933 37.2194
      vertex 40.517 27.075 37.3041
    endloop
  endfacet
  facet normal 0.000811989 -0.372394 0.928075
    outer loop
      vertex 53.995 26.8933 37.2194
      vertex 54.0509 26.9642 37.2478
      vertex 40.517 27.075 37.3041
    endloop
  endfacet
  facet normal 0 -0.452997 0.891512
    outer loop
      vertex 54.0509 26.9642 37.2478
      vertex 54.1539 27.075 37.3041
      vertex 40.517 27.075 37.3041
    endloop
  endfacet
  facet normal -0.0010258 -0.324864 0.94576
    outer loop
      vertex 40.6464 26.8933 37.2194
      vertex 42.3001 26.8316 37.2
      vertex 45.5937 26.8212 37.2
    endloop
  endfacet
  facet normal -0.000988321 -0.323957 0.946071
    outer loop
      vertex 42.3001 26.8316 37.2
      vertex 40.6464 26.8933 37.2194
      vertex 40.6722 26.85 37.2046
    endloop
  endfacet
  facet normal 1.49094e-05 -0.241294 0.970452
    outer loop
      vertex 40.6817 26.8315 37.2
      vertex 42.3001 26.8316 37.2
      vertex 40.6722 26.85 37.2046
    endloop
  endfacet
  facet normal 1.56734e-06 -0.984955 0.17281
    outer loop
      vertex 46.2977 27.6323 38.0991
      vertex 46.2573 27.6333 38.1048
      vertex 39.6742 27.6325 38.1003
    endloop
  endfacet
  facet normal 1.20616e-05 -0.987455 0.157902
    outer loop
      vertex 46.2573 27.6333 38.1048
      vertex 46.1312 27.6376 38.1317
      vertex 39.6742 27.6325 38.1003
    endloop
  endfacet
  facet normal 8.27661e-05 -0.989619 0.143715
    outer loop
      vertex 46.1312 27.6376 38.1317
      vertex 46.1069 27.6386 38.1386
      vertex 39.6742 27.6325 38.1003
    endloop
  endfacet
  facet normal 0 -0.999419 0.0340711
    outer loop
      vertex 45.9002 27.6473 38.2208
      vertex 45.7668 27.65 38.3
      vertex 39.6093 27.65 38.3
    endloop
  endfacet
  facet normal -0.000288407 -0.999937 0.0111804
    outer loop
      vertex 39.6105 27.6497 38.2732
      vertex 45.9002 27.6473 38.2208
      vertex 39.6093 27.65 38.3
    endloop
  endfacet
  facet normal -4.32812e-05 -0.999177 0.0405687
    outer loop
      vertex 39.6169 27.6481 38.2338
      vertex 45.9002 27.6473 38.2208
      vertex 39.6105 27.6497 38.2732
    endloop
  endfacet
  facet normal 0.000119505 -0.990477 0.137681
    outer loop
      vertex 46.1069 27.6386 38.1386
      vertex 46.0742 27.64 38.1487
      vertex 39.6742 27.6325 38.1003
    endloop
  endfacet
  facet normal 0.00035234 -0.994208 0.107471
    outer loop
      vertex 46.0742 27.64 38.1487
      vertex 45.9311 27.6461 38.2056
      vertex 39.6742 27.6325 38.1003
    endloop
  endfacet
  facet normal -0.000445296 -0.98806 0.154072
    outer loop
      vertex 39.6742 27.6325 38.1003
      vertex 45.9311 27.6461 38.2056
      vertex 39.6488 27.6397 38.1464
    endloop
  endfacet
  facet normal 0.000268777 -0.996855 0.0792455
    outer loop
      vertex 45.9311 27.6461 38.2056
      vertex 45.9002 27.6473 38.2208
      vertex 39.6488 27.6397 38.1464
    endloop
  endfacet
  facet normal -0.000118787 -0.993765 0.111495
    outer loop
      vertex 39.6488 27.6397 38.1464
      vertex 45.9002 27.6473 38.2208
      vertex 39.628 27.6452 38.1954
    endloop
  endfacet
  facet normal 2.88643e-05 -0.99716 0.0753147
    outer loop
      vertex 39.628 27.6452 38.1954
      vertex 45.9002 27.6473 38.2208
      vertex 39.6169 27.6481 38.2338
    endloop
  endfacet
  facet normal 0 -1 0
    outer loop
      vertex 68.165 27.65 38.3
      vertex 78.365 27.65 40.34
      vertex 68.165 27.65 40.34
    endloop
  endfacet
  facet normal 0 -1 -0
    outer loop
      vertex 78.365 27.65 40.34
      vertex 68.165 27.65 38.3
      vertex 78.365 27.65 38.3
    endloop
  endfacet
  facet normal 0 -0.514122 0.857717
    outer loop
      vertex 25.865 3.7 41.8072
      vertex 26.565 3.16614 41.4872
      vertex 26.565 3.7 41.8072
    endloop
  endfacet
  facet normal 0 -0.514122 0.857717
    outer loop
      vertex 26.565 3.16614 41.4872
      vertex 25.865 3.7 41.8072
      vertex 25.865 3.16614 41.4872
    endloop
  endfacet
  facet normal 0 -0.612799 0.790239
    outer loop
      vertex 26.565 2.75 41.1645
      vertex 26.565 3.16614 41.4872
      vertex 25.865 3.16614 41.4872
    endloop
  endfacet
  facet normal -0.0156306 -0.629011 0.777239
    outer loop
      vertex 26.565 2.75 41.1645
      vertex 25.865 3.16614 41.4872
      vertex 25.865 2.60157 41.0303
    endloop
  endfacet
  facet normal 0 -0.670655 0.741769
    outer loop
      vertex 26.565 2.75 41.1645
      vertex 49.5 2.60157 41.0303
      vertex 49.5 2.75 41.1645
    endloop
  endfacet
  facet normal 0 -0.670655 0.741769
    outer loop
      vertex 49.5 2.60157 41.0303
      vertex 26.565 2.75 41.1645
      vertex 25.865 2.60157 41.0303
    endloop
  endfacet
  facet normal 0 -0.738972 0.673736
    outer loop
      vertex 25.865 2.11225 40.4936
      vertex 49.5 2.60157 41.0303
      vertex 25.865 2.60157 41.0303
    endloop
  endfacet
  facet normal 0 -0.738972 0.673736
    outer loop
      vertex 49.5 2.60157 41.0303
      vertex 25.865 2.11225 40.4936
      vertex 49.5 2.11225 40.4936
    endloop
  endfacet
  facet normal 0 -0.99656 0.0828756
    outer loop
      vertex 25.865 1.9 39.8776
      vertex 79.065 1.91373 40.0427
      vertex 25.865 1.91373 40.0427
    endloop
  endfacet
  facet normal 0 -0.99656 0.0828756
    outer loop
      vertex 79.065 1.91373 40.0427
      vertex 25.865 1.9 39.8776
      vertex 79.065 1.9 39.8776
    endloop
  endfacet
  facet normal 0 -0.96922 0.246195
    outer loop
      vertex 25.865 1.91373 40.0427
      vertex 79.065 1.95455 40.2034
      vertex 25.865 1.95455 40.2034
    endloop
  endfacet
  facet normal 0 -0.96922 0.246195
    outer loop
      vertex 79.065 1.95455 40.2034
      vertex 25.865 1.91373 40.0427
      vertex 79.065 1.91373 40.0427
    endloop
  endfacet
  facet normal 0 -0.91509 0.40325
    outer loop
      vertex 25.865 2.02133 40.355
      vertex 49.5 2.01472 40.34
      vertex 49.5 2.02133 40.355
    endloop
  endfacet
  facet normal -9.60336e-08 -0.915146 0.403123
    outer loop
      vertex 25.865 1.95455 40.2034
      vertex 49.5 2.01472 40.34
      vertex 25.865 2.02133 40.355
    endloop
  endfacet
  facet normal 0 -0.915152 0.403109
    outer loop
      vertex 79.065 1.95455 40.2034
      vertex 49.5 2.01472 40.34
      vertex 25.865 1.95455 40.2034
    endloop
  endfacet
  facet normal 0 -0.915152 0.403109
    outer loop
      vertex 49.5 2.01472 40.34
      vertex 79.065 1.95455 40.2034
      vertex 79.065 2.01472 40.34
    endloop
  endfacet
  facet normal 0 -0.836148 0.548504
    outer loop
      vertex 25.865 2.02133 40.355
      vertex 49.5 2.11225 40.4936
      vertex 25.865 2.11225 40.4936
    endloop
  endfacet
  facet normal 0 -0.836148 0.548504
    outer loop
      vertex 49.5 2.11225 40.4936
      vertex 25.865 2.02133 40.355
      vertex 49.5 2.02133 40.355
    endloop
  endfacet
  facet normal 0 1 -0
    outer loop
      vertex 26.565 3.7 38.94
      vertex 25.865 3.7 41.8072
      vertex 26.565 3.7 41.8072
    endloop
  endfacet
  facet normal 0 1 0
    outer loop
      vertex 25.865 3.7 41.8072
      vertex 26.565 3.7 38.94
      vertex 25.865 3.7 38.94
    endloop
  endfacet
  facet normal -0 0.731521 0.681819
    outer loop
      vertex 17.7165 4.05147 38.0915
      vertex 25.865 3.99303 38.1542
      vertex 26.565 4.05147 38.0915
    endloop
  endfacet
  facet normal 0 0.731521 0.681819
    outer loop
      vertex 25.865 3.99303 38.1542
      vertex 17.7165 4.05147 38.0915
      vertex 17.7792 3.99303 38.1542
    endloop
  endfacet
  facet normal 0 0.996918 0.0784469
    outer loop
      vertex 26.565 3.71477 38.7523
      vertex 25.865 3.7 38.94
      vertex 26.565 3.7 38.94
    endloop
  endfacet
  facet normal 0 0.996918 0.0784469
    outer loop
      vertex 25.865 3.7 38.94
      vertex 26.565 3.71477 38.7523
      vertex 25.865 3.71477 38.7523
    endloop
  endfacet
  facet normal 0 0.972368 0.233453
    outer loop
      vertex 26.565 3.75873 38.5692
      vertex 25.865 3.71477 38.7523
      vertex 26.565 3.71477 38.7523
    endloop
  endfacet
  facet normal 0 0.972368 0.233453
    outer loop
      vertex 25.865 3.71477 38.7523
      vertex 26.565 3.75873 38.5692
      vertex 25.865 3.75873 38.5692
    endloop
  endfacet
  facet normal 0 0.923904 0.382624
    outer loop
      vertex 26.565 3.83079 38.3952
      vertex 25.865 3.75873 38.5692
      vertex 26.565 3.75873 38.5692
    endloop
  endfacet
  facet normal 0 0.923904 0.382624
    outer loop
      vertex 25.865 3.75873 38.5692
      vertex 26.565 3.83079 38.3952
      vertex 25.865 3.83079 38.3952
    endloop
  endfacet
  facet normal 0 0.852556 0.522636
    outer loop
      vertex 26.565 3.92918 38.2347
      vertex 25.865 3.83079 38.3952
      vertex 26.565 3.83079 38.3952
    endloop
  endfacet
  facet normal 0 0.852556 0.522636
    outer loop
      vertex 25.865 3.83079 38.3952
      vertex 26.565 3.92918 38.2347
      vertex 25.865 3.92918 38.2347
    endloop
  endfacet
  facet normal 0 0.783473 0.621426
    outer loop
      vertex 26.565 3.92918 38.2347
      vertex 25.865 3.99303 38.1542
      vertex 25.865 3.92918 38.2347
    endloop
  endfacet
  facet normal -0.00531806 0.760433 0.649395
    outer loop
      vertex 26.565 3.92918 38.2347
      vertex 26.565 4.05147 38.0915
      vertex 25.865 3.99303 38.1542
    endloop
  endfacet
  facet normal 0 0.649487 0.760373
    outer loop
      vertex 26.565 4.19465 37.9692
      vertex 17.7165 4.05147 38.0915
      vertex 26.565 4.05147 38.0915
    endloop
  endfacet
  facet normal 0 0.649487 0.760373
    outer loop
      vertex 17.7165 4.05147 38.0915
      vertex 26.565 4.19465 37.9692
      vertex 17.5942 4.19465 37.9692
    endloop
  endfacet
  facet normal -0 0.555924 0.831233
    outer loop
      vertex 17.5942 4.19465 37.9692
      vertex 26.565 4.19465 37.9692
      vertex 17.5418 4.273 37.9168
    endloop
  endfacet
  facet normal -0.00041414 0.522532 0.852619
    outer loop
      vertex 26.565 4.19465 37.9692
      vertex 26.565 4.35521 37.8708
      vertex 17.5418 4.273 37.9168
    endloop
  endfacet
  facet normal 0 0.488299 0.872676
    outer loop
      vertex 17.5418 4.273 37.9168
      vertex 26.565 4.35521 37.8708
      vertex 17.4958 4.35521 37.8708
    endloop
  endfacet
  facet normal -0 0.419112 0.907935
    outer loop
      vertex 17.4958 4.35521 37.8708
      vertex 26.565 4.35521 37.8708
      vertex 17.4563 4.44078 37.8313
    endloop
  endfacet
  facet normal -0.000409375 0.382861 0.923806
    outer loop
      vertex 26.565 4.35521 37.8708
      vertex 26.565 4.52918 37.7987
      vertex 17.4563 4.44078 37.8313
    endloop
  endfacet
  facet normal 0 0.346 0.938234
    outer loop
      vertex 17.4563 4.44078 37.8313
      vertex 26.565 4.52918 37.7987
      vertex 17.4237 4.52918 37.7987
    endloop
  endfacet
  facet normal -0 0.270681 0.962669
    outer loop
      vertex 17.4237 4.52918 37.7987
      vertex 26.565 4.52918 37.7987
      vertex 17.3982 4.61987 37.7732
    endloop
  endfacet
  facet normal -0.000398468 0.233152 0.97244
    outer loop
      vertex 26.565 4.52918 37.7987
      vertex 26.565 4.71228 37.7548
      vertex 17.3982 4.61987 37.7732
    endloop
  endfacet
  facet normal 0 0.195279 0.980748
    outer loop
      vertex 17.3982 4.61987 37.7732
      vertex 26.565 4.71228 37.7548
      vertex 17.3798 4.71228 37.7548
    endloop
  endfacet
  facet normal -0 0.117802 0.993037
    outer loop
      vertex 17.3798 4.71228 37.7548
      vertex 26.565 4.71228 37.7548
      vertex 17.3687 4.80585 37.7437
    endloop
  endfacet
  facet normal -0.00040357 0.0785969 0.996906
    outer loop
      vertex 26.565 4.71228 37.7548
      vertex 26.565 4.9 37.74
      vertex 17.3687 4.80585 37.7437
    endloop
  endfacet
  facet normal 0 0.0392687 0.999229
    outer loop
      vertex 17.3687 4.80585 37.7437
      vertex 26.565 4.9 37.74
      vertex 17.365 4.9 37.74
    endloop
  endfacet
  facet normal 0 -0.996914 0.0784997
    outer loop
      vertex 25.865 9.83522 38.7523
      vertex 26.565 9.85 38.94
      vertex 25.865 9.85 38.94
    endloop
  endfacet
  facet normal 0 -0.996914 0.0784997
    outer loop
      vertex 26.565 9.85 38.94
      vertex 25.865 9.83522 38.7523
      vertex 26.565 9.83522 38.7523
    endloop
  endfacet
  facet normal 0 -0.97238 0.233403
    outer loop
      vertex 25.865 9.79127 38.5692
      vertex 26.565 9.83522 38.7523
      vertex 25.865 9.83522 38.7523
    endloop
  endfacet
  facet normal 0 -0.97238 0.233403
    outer loop
      vertex 26.565 9.83522 38.7523
      vertex 25.865 9.79127 38.5692
      vertex 26.565 9.79127 38.5692
    endloop
  endfacet
  facet normal 0 -0.923904 0.382624
    outer loop
      vertex 25.865 9.71921 38.3952
      vertex 26.565 9.79127 38.5692
      vertex 25.865 9.79127 38.5692
    endloop
  endfacet
  facet normal 0 -0.923904 0.382624
    outer loop
      vertex 26.565 9.79127 38.5692
      vertex 25.865 9.71921 38.3952
      vertex 26.565 9.71921 38.3952
    endloop
  endfacet
  facet normal 0 -0.852556 0.522636
    outer loop
      vertex 25.865 9.62082 38.2347
      vertex 26.565 9.71921 38.3952
      vertex 25.865 9.71921 38.3952
    endloop
  endfacet
  facet normal 0 -0.852556 0.522636
    outer loop
      vertex 26.565 9.71921 38.3952
      vertex 25.865 9.62082 38.2347
      vertex 26.565 9.62082 38.2347
    endloop
  endfacet
  facet normal 0 -0.760444 0.649404
    outer loop
      vertex 25.865 9.49853 38.0915
      vertex 26.565 9.62082 38.2347
      vertex 25.865 9.62082 38.2347
    endloop
  endfacet
  facet normal 0 -0.760444 0.649404
    outer loop
      vertex 26.565 9.62082 38.2347
      vertex 25.865 9.49853 38.0915
      vertex 26.565 9.49853 38.0915
    endloop
  endfacet
  facet normal 0 -0.649461 0.760395
    outer loop
      vertex 25.865 9.49853 38.0915
      vertex 26.565 9.35534 37.9692
      vertex 26.565 9.49853 38.0915
    endloop
  endfacet
  facet normal 0 -0.649461 0.760395
    outer loop
      vertex 26.565 9.35534 37.9692
      vertex 25.865 9.49853 38.0915
      vertex 25.865 9.35534 37.9692
    endloop
  endfacet
  facet normal 0 -0.522556 0.852605
    outer loop
      vertex 25.865 9.35534 37.9692
      vertex 26.565 9.19479 37.8708
      vertex 26.565 9.35534 37.9692
    endloop
  endfacet
  facet normal 0 -0.522556 0.852605
    outer loop
      vertex 26.565 9.19479 37.8708
      vertex 25.865 9.35534 37.9692
      vertex 25.865 9.19479 37.8708
    endloop
  endfacet
  facet normal 0 -0.382861 0.923806
    outer loop
      vertex 25.865 9.19479 37.8708
      vertex 26.565 9.02082 37.7987
      vertex 26.565 9.19479 37.8708
    endloop
  endfacet
  facet normal 0 -0.382861 0.923806
    outer loop
      vertex 26.565 9.02082 37.7987
      vertex 25.865 9.19479 37.8708
      vertex 25.865 9.02082 37.7987
    endloop
  endfacet
  facet normal 0 -0.233152 0.97244
    outer loop
      vertex 25.865 9.02082 37.7987
      vertex 26.565 8.83772 37.7548
      vertex 26.565 9.02082 37.7987
    endloop
  endfacet
  facet normal 0 -0.233152 0.97244
    outer loop
      vertex 26.565 8.83772 37.7548
      vertex 25.865 9.02082 37.7987
      vertex 25.865 8.83772 37.7548
    endloop
  endfacet
  facet normal 0 -0.0785969 0.996906
    outer loop
      vertex 25.865 8.83772 37.7548
      vertex 26.565 8.65 37.74
      vertex 26.565 8.83772 37.7548
    endloop
  endfacet
  facet normal 0 -0.0785969 0.996906
    outer loop
      vertex 26.565 8.65 37.74
      vertex 25.865 8.83772 37.7548
      vertex 25.865 8.65 37.74
    endloop
  endfacet
  facet normal 0 -1 0
    outer loop
      vertex 25.865 9.85 38.94
      vertex 26.565 9.85 42.34
      vertex 25.865 9.85 42.34
    endloop
  endfacet
  facet normal 0 -1 -0
    outer loop
      vertex 26.565 9.85 42.34
      vertex 25.865 9.85 38.94
      vertex 26.565 9.85 38.94
    endloop
  endfacet
  facet normal 0.0871741 -0.996193 0
    outer loop
      vertex 69.7413 21.4848 36.6
      vertex 69.915 21.5 37.15
      vertex 69.7413 21.4848 37.15
    endloop
  endfacet
  facet normal 0.0871741 -0.996193 0
    outer loop
      vertex 69.915 21.5 37.15
      vertex 69.7413 21.4848 36.6
      vertex 69.915 21.5 36.6
    endloop
  endfacet
  facet normal 0.258841 -0.96592 0
    outer loop
      vertex 69.573 21.4397 36.6
      vertex 69.7413 21.4848 37.15
      vertex 69.573 21.4397 37.15
    endloop
  endfacet
  facet normal 0.258841 -0.96592 0
    outer loop
      vertex 69.7413 21.4848 37.15
      vertex 69.573 21.4397 36.6
      vertex 69.7413 21.4848 36.6
    endloop
  endfacet
  facet normal 0.422728 -0.906256 0
    outer loop
      vertex 69.415 21.366 36.6
      vertex 69.573 21.4397 37.15
      vertex 69.415 21.366 37.15
    endloop
  endfacet
  facet normal 0.422728 -0.906256 0
    outer loop
      vertex 69.573 21.4397 37.15
      vertex 69.415 21.366 36.6
      vertex 69.573 21.4397 36.6
    endloop
  endfacet
  facet normal 0.573616 -0.819124 0
    outer loop
      vertex 69.2722 21.266 36.6
      vertex 69.415 21.366 37.15
      vertex 69.2722 21.266 37.15
    endloop
  endfacet
  facet normal 0.573616 -0.819124 0
    outer loop
      vertex 69.415 21.366 37.15
      vertex 69.2722 21.266 36.6
      vertex 69.415 21.366 36.6
    endloop
  endfacet
  facet normal 0.707107 -0.707107 0
    outer loop
      vertex 69.149 21.1428 37.15
      vertex 69.2722 21.266 36.6
      vertex 69.2722 21.266 37.15
    endloop
  endfacet
  facet normal 0.707107 -0.707107 0
    outer loop
      vertex 69.2722 21.266 36.6
      vertex 69.149 21.1428 37.15
      vertex 69.149 21.1428 36.6
    endloop
  endfacet
  facet normal 0.819124 -0.573616 0
    outer loop
      vertex 69.049 21 37.15
      vertex 69.149 21.1428 36.6
      vertex 69.149 21.1428 37.15
    endloop
  endfacet
  facet normal 0.819124 -0.573616 0
    outer loop
      vertex 69.149 21.1428 36.6
      vertex 69.049 21 37.15
      vertex 69.049 21 36.6
    endloop
  endfacet
  facet normal 0.906256 -0.422728 0
    outer loop
      vertex 68.9753 20.842 37.15
      vertex 69.049 21 36.6
      vertex 69.049 21 37.15
    endloop
  endfacet
  facet normal 0.906256 -0.422728 0
    outer loop
      vertex 69.049 21 36.6
      vertex 68.9753 20.842 37.15
      vertex 68.9753 20.842 36.6
    endloop
  endfacet
  facet normal 0.965958 -0.258698 0
    outer loop
      vertex 68.9302 20.6736 37.15
      vertex 68.9753 20.842 36.6
      vertex 68.9753 20.842 37.15
    endloop
  endfacet
  facet normal 0.965958 -0.258698 0
    outer loop
      vertex 68.9753 20.842 36.6
      vertex 68.9302 20.6736 37.15
      vertex 68.9302 20.6736 36.6
    endloop
  endfacet
  facet normal 0.996189 -0.0872239 0
    outer loop
      vertex 68.915 20.5 37.15
      vertex 68.9302 20.6736 36.6
      vertex 68.9302 20.6736 37.15
    endloop
  endfacet
  facet normal 0.996189 -0.0872239 0
    outer loop
      vertex 68.9302 20.6736 36.6
      vertex 68.915 20.5 37.15
      vertex 68.915 20.5 36.6
    endloop
  endfacet
  facet normal 0 -1 0
    outer loop
      vertex 69.915 21.5 36.6
      vertex 76.065 21.5 37.15
      vertex 69.915 21.5 37.15
    endloop
  endfacet
  facet normal 0 -1 -0
    outer loop
      vertex 76.065 21.5 37.15
      vertex 69.915 21.5 36.6
      vertex 76.065 21.5 36.6
    endloop
  endfacet
  facet normal -0.996189 -0.0872239 0
    outer loop
      vertex 77.065 20.5 36.6
      vertex 77.0498 20.6736 37.15
      vertex 77.0498 20.6736 36.6
    endloop
  endfacet
  facet normal -0.996189 -0.0872239 0
    outer loop
      vertex 77.0498 20.6736 37.15
      vertex 77.065 20.5 36.6
      vertex 77.065 20.5 37.15
    endloop
  endfacet
  facet normal -0.965958 -0.258698 0
    outer loop
      vertex 77.0498 20.6736 36.6
      vertex 77.0047 20.842 37.15
      vertex 77.0047 20.842 36.6
    endloop
  endfacet
  facet normal -0.965958 -0.258698 0
    outer loop
      vertex 77.0047 20.842 37.15
      vertex 77.0498 20.6736 36.6
      vertex 77.0498 20.6736 37.15
    endloop
  endfacet
  facet normal -0.906256 -0.422728 0
    outer loop
      vertex 77.0047 20.842 36.6
      vertex 76.931 21 37.15
      vertex 76.931 21 36.6
    endloop
  endfacet
  facet normal -0.906256 -0.422728 0
    outer loop
      vertex 76.931 21 37.15
      vertex 77.0047 20.842 36.6
      vertex 77.0047 20.842 37.15
    endloop
  endfacet
  facet normal -0.819124 -0.573616 0
    outer loop
      vertex 76.931 21 36.6
      vertex 76.831 21.1428 37.15
      vertex 76.831 21.1428 36.6
    endloop
  endfacet
  facet normal -0.819124 -0.573616 0
    outer loop
      vertex 76.831 21.1428 37.15
      vertex 76.931 21 36.6
      vertex 76.931 21 37.15
    endloop
  endfacet
  facet normal -0.707107 -0.707107 0
    outer loop
      vertex 76.7078 21.266 36.6
      vertex 76.831 21.1428 37.15
      vertex 76.7078 21.266 37.15
    endloop
  endfacet
  facet normal -0.707107 -0.707107 -0
    outer loop
      vertex 76.831 21.1428 37.15
      vertex 76.7078 21.266 36.6
      vertex 76.831 21.1428 36.6
    endloop
  endfacet
  facet normal -0.573616 -0.819124 0
    outer loop
      vertex 76.565 21.366 36.6
      vertex 76.7078 21.266 37.15
      vertex 76.565 21.366 37.15
    endloop
  endfacet
  facet normal -0.573616 -0.819124 -0
    outer loop
      vertex 76.7078 21.266 37.15
      vertex 76.565 21.366 36.6
      vertex 76.7078 21.266 36.6
    endloop
  endfacet
  facet normal -0.422728 -0.906256 0
    outer loop
      vertex 76.407 21.4397 36.6
      vertex 76.565 21.366 37.15
      vertex 76.407 21.4397 37.15
    endloop
  endfacet
  facet normal -0.422728 -0.906256 -0
    outer loop
      vertex 76.565 21.366 37.15
      vertex 76.407 21.4397 36.6
      vertex 76.565 21.366 36.6
    endloop
  endfacet
  facet normal -0.258698 -0.965958 0
    outer loop
      vertex 76.2386 21.4848 36.6
      vertex 76.407 21.4397 37.15
      vertex 76.2386 21.4848 37.15
    endloop
  endfacet
  facet normal -0.258698 -0.965958 -0
    outer loop
      vertex 76.407 21.4397 37.15
      vertex 76.2386 21.4848 36.6
      vertex 76.407 21.4397 36.6
    endloop
  endfacet
  facet normal -0.0872239 -0.996189 0
    outer loop
      vertex 76.065 21.5 36.6
      vertex 76.2386 21.4848 37.15
      vertex 76.065 21.5 37.15
    endloop
  endfacet
  facet normal -0.0872239 -0.996189 -0
    outer loop
      vertex 76.2386 21.4848 37.15
      vertex 76.065 21.5 36.6
      vertex 76.2386 21.4848 36.6
    endloop
  endfacet
  facet normal -1 0 0
    outer loop
      vertex 77.065 14.35 36.6
      vertex 77.065 20.5 37.15
      vertex 77.065 20.5 36.6
    endloop
  endfacet
  facet normal -1 -0 0
    outer loop
      vertex 77.065 20.5 37.15
      vertex 77.065 14.35 36.6
      vertex 77.065 14.35 37.15
    endloop
  endfacet
  facet normal -0.0872239 0.996189 0
    outer loop
      vertex 76.2386 13.3652 36.6
      vertex 76.065 13.35 37.15
      vertex 76.2386 13.3652 37.15
    endloop
  endfacet
  facet normal -0.0872239 0.996189 0
    outer loop
      vertex 76.065 13.35 37.15
      vertex 76.2386 13.3652 36.6
      vertex 76.065 13.35 36.6
    endloop
  endfacet
  facet normal -0.258698 0.965958 0
    outer loop
      vertex 76.407 13.4103 36.6
      vertex 76.2386 13.3652 37.15
      vertex 76.407 13.4103 37.15
    endloop
  endfacet
  facet normal -0.258698 0.965958 0
    outer loop
      vertex 76.2386 13.3652 37.15
      vertex 76.407 13.4103 36.6
      vertex 76.2386 13.3652 36.6
    endloop
  endfacet
  facet normal -0.422728 0.906256 0
    outer loop
      vertex 76.565 13.484 36.6
      vertex 76.407 13.4103 37.15
      vertex 76.565 13.484 37.15
    endloop
  endfacet
  facet normal -0.422728 0.906256 0
    outer loop
      vertex 76.407 13.4103 37.15
      vertex 76.565 13.484 36.6
      vertex 76.407 13.4103 36.6
    endloop
  endfacet
  facet normal -0.573616 0.819124 0
    outer loop
      vertex 76.7078 13.584 36.6
      vertex 76.565 13.484 37.15
      vertex 76.7078 13.584 37.15
    endloop
  endfacet
  facet normal -0.573616 0.819124 0
    outer loop
      vertex 76.565 13.484 37.15
      vertex 76.7078 13.584 36.6
      vertex 76.565 13.484 36.6
    endloop
  endfacet
  facet normal -0.707107 0.707107 0
    outer loop
      vertex 76.831 13.7072 36.6
      vertex 76.7078 13.584 37.15
      vertex 76.831 13.7072 37.15
    endloop
  endfacet
  facet normal -0.707107 0.707107 0
    outer loop
      vertex 76.7078 13.584 37.15
      vertex 76.831 13.7072 36.6
      vertex 76.7078 13.584 36.6
    endloop
  endfacet
  facet normal -0.819124 0.573616 0
    outer loop
      vertex 76.831 13.7072 36.6
      vertex 76.931 13.85 37.15
      vertex 76.931 13.85 36.6
    endloop
  endfacet
  facet normal -0.819124 0.573616 0
    outer loop
      vertex 76.931 13.85 37.15
      vertex 76.831 13.7072 36.6
      vertex 76.831 13.7072 37.15
    endloop
  endfacet
  facet normal -0.906256 0.422728 0
    outer loop
      vertex 76.931 13.85 36.6
      vertex 77.0047 14.008 37.15
      vertex 77.0047 14.008 36.6
    endloop
  endfacet
  facet normal -0.906256 0.422728 0
    outer loop
      vertex 77.0047 14.008 37.15
      vertex 76.931 13.85 36.6
      vertex 76.931 13.85 37.15
    endloop
  endfacet
  facet normal -0.96592 0.258841 0
    outer loop
      vertex 77.0047 14.008 36.6
      vertex 77.0498 14.1763 37.15
      vertex 77.0498 14.1763 36.6
    endloop
  endfacet
  facet normal -0.96592 0.258841 0
    outer loop
      vertex 77.0498 14.1763 37.15
      vertex 77.0047 14.008 36.6
      vertex 77.0047 14.008 37.15
    endloop
  endfacet
  facet normal -0.996193 0.0871741 0
    outer loop
      vertex 77.0498 14.1763 36.6
      vertex 77.065 14.35 37.15
      vertex 77.065 14.35 36.6
    endloop
  endfacet
  facet normal -0.996193 0.0871741 0
    outer loop
      vertex 77.065 14.35 37.15
      vertex 77.0498 14.1763 36.6
      vertex 77.0498 14.1763 37.15
    endloop
  endfacet
  facet normal 0 1 -0
    outer loop
      vertex 76.065 13.35 36.6
      vertex 69.915 13.35 37.15
      vertex 76.065 13.35 37.15
    endloop
  endfacet
  facet normal 0 1 0
    outer loop
      vertex 69.915 13.35 37.15
      vertex 76.065 13.35 36.6
      vertex 69.915 13.35 36.6
    endloop
  endfacet
  facet normal 0.996193 0.0871741 0
    outer loop
      vertex 68.9302 14.1763 37.15
      vertex 68.915 14.35 36.6
      vertex 68.915 14.35 37.15
    endloop
  endfacet
  facet normal 0.996193 0.0871741 0
    outer loop
      vertex 68.915 14.35 36.6
      vertex 68.9302 14.1763 37.15
      vertex 68.9302 14.1763 36.6
    endloop
  endfacet
  facet normal 0.96592 0.258841 0
    outer loop
      vertex 68.9753 14.008 37.15
      vertex 68.9302 14.1763 36.6
      vertex 68.9302 14.1763 37.15
    endloop
  endfacet
  facet normal 0.96592 0.258841 0
    outer loop
      vertex 68.9302 14.1763 36.6
      vertex 68.9753 14.008 37.15
      vertex 68.9753 14.008 36.6
    endloop
  endfacet
  facet normal 0.906256 0.422728 0
    outer loop
      vertex 69.049 13.85 37.15
      vertex 68.9753 14.008 36.6
      vertex 68.9753 14.008 37.15
    endloop
  endfacet
  facet normal 0.906256 0.422728 0
    outer loop
      vertex 68.9753 14.008 36.6
      vertex 69.049 13.85 37.15
      vertex 69.049 13.85 36.6
    endloop
  endfacet
  facet normal 0.819124 0.573616 0
    outer loop
      vertex 69.149 13.7072 37.15
      vertex 69.049 13.85 36.6
      vertex 69.049 13.85 37.15
    endloop
  endfacet
  facet normal 0.819124 0.573616 0
    outer loop
      vertex 69.049 13.85 36.6
      vertex 69.149 13.7072 37.15
      vertex 69.149 13.7072 36.6
    endloop
  endfacet
  facet normal 0.707107 0.707107 0
    outer loop
      vertex 69.2722 13.584 37.15
      vertex 69.149 13.7072 36.6
      vertex 69.149 13.7072 37.15
    endloop
  endfacet
  facet normal 0.707107 0.707107 0
    outer loop
      vertex 69.149 13.7072 36.6
      vertex 69.2722 13.584 37.15
      vertex 69.2722 13.584 36.6
    endloop
  endfacet
  facet normal 0.573616 0.819124 -0
    outer loop
      vertex 69.415 13.484 36.6
      vertex 69.2722 13.584 37.15
      vertex 69.415 13.484 37.15
    endloop
  endfacet
  facet normal 0.573616 0.819124 0
    outer loop
      vertex 69.2722 13.584 37.15
      vertex 69.415 13.484 36.6
      vertex 69.2722 13.584 36.6
    endloop
  endfacet
  facet normal 0.422728 0.906256 -0
    outer loop
      vertex 69.573 13.4103 36.6
      vertex 69.415 13.484 37.15
      vertex 69.573 13.4103 37.15
    endloop
  endfacet
  facet normal 0.422728 0.906256 0
    outer loop
      vertex 69.415 13.484 37.15
      vertex 69.573 13.4103 36.6
      vertex 69.415 13.484 36.6
    endloop
  endfacet
  facet normal 0.258841 0.96592 -0
    outer loop
      vertex 69.7413 13.3652 36.6
      vertex 69.573 13.4103 37.15
      vertex 69.7413 13.3652 37.15
    endloop
  endfacet
  facet normal 0.258841 0.96592 0
    outer loop
      vertex 69.573 13.4103 37.15
      vertex 69.7413 13.3652 36.6
      vertex 69.573 13.4103 36.6
    endloop
  endfacet
  facet normal 0.0871741 0.996193 -0
    outer loop
      vertex 69.915 13.35 36.6
      vertex 69.7413 13.3652 37.15
      vertex 69.915 13.35 37.15
    endloop
  endfacet
  facet normal 0.0871741 0.996193 0
    outer loop
      vertex 69.7413 13.3652 37.15
      vertex 69.915 13.35 36.6
      vertex 69.7413 13.3652 36.6
    endloop
  endfacet
  facet normal 1 -0 0
    outer loop
      vertex 68.915 14.35 37.15
      vertex 68.915 20.5 36.6
      vertex 68.915 20.5 37.15
    endloop
  endfacet
  facet normal 1 0 0
    outer loop
      vertex 68.915 20.5 36.6
      vertex 68.915 14.35 37.15
      vertex 68.915 14.35 36.6
    endloop
  endfacet
  facet normal 0 0 -1
    outer loop
      vertex 83.765 8.1 36.6
      vertex 84.265 8.6 36.6
      vertex 84.2588 8.52178 36.6
    endloop
  endfacet
  facet normal 0 0 -1
    outer loop
      vertex 84.265 8.6 36.6
      vertex 77.065 14.35 36.6
      vertex 84.265 25.6 36.6
    endloop
  endfacet
  facet normal 0 0 -1
    outer loop
      vertex 83.765 8.1 36.6
      vertex 84.2588 8.52178 36.6
      vertex 84.2405 8.44549 36.6
    endloop
  endfacet
  facet normal 0 0 -1
    outer loop
      vertex 77.065 20.5 36.6
      vertex 84.265 25.6 36.6
      vertex 77.065 14.35 36.6
    endloop
  endfacet
  facet normal 0 0 -1
    outer loop
      vertex 83.765 8.1 36.6
      vertex 84.2405 8.44549 36.6
      vertex 84.2105 8.373 36.6
    endloop
  endfacet
  facet normal 0 0 -1
    outer loop
      vertex 77.0498 20.6736 36.6
      vertex 84.265 25.6 36.6
      vertex 77.065 20.5 36.6
    endloop
  endfacet
  facet normal 0 0 -1
    outer loop
      vertex 83.765 8.1 36.6
      vertex 84.2105 8.373 36.6
      vertex 84.1695 8.3061 36.6
    endloop
  endfacet
  facet normal 0 0 -1
    outer loop
      vertex 77.0047 20.842 36.6
      vertex 84.265 25.6 36.6
      vertex 77.0498 20.6736 36.6
    endloop
  endfacet
  facet normal 0 0 -1
    outer loop
      vertex 83.765 8.1 36.6
      vertex 84.1695 8.3061 36.6
      vertex 84.1186 8.24644 36.6
    endloop
  endfacet
  facet normal 0 -0 -1
    outer loop
      vertex 83.765 26.1 36.6
      vertex 84.265 25.6 36.6
      vertex 77.0047 20.842 36.6
    endloop
  endfacet
  facet normal 0 0 -1
    outer loop
      vertex 83.765 8.1 36.6
      vertex 84.1186 8.24644 36.6
      vertex 84.0589 8.19549 36.6
    endloop
  endfacet
  facet normal 0 0 -1
    outer loop
      vertex 84.265 25.6 36.6
      vertex 83.765 26.1 36.6
      vertex 84.2574 25.6868 36.6
    endloop
  endfacet
  facet normal 0 0 -1
    outer loop
      vertex 83.765 8.1 36.6
      vertex 84.0589 8.19549 36.6
      vertex 83.992 8.1545 36.6
    endloop
  endfacet
  facet normal 0 0 -1
    outer loop
      vertex 84.2348 25.771 36.6
      vertex 83.765 26.1 36.6
      vertex 84.198 25.85 36.6
    endloop
  endfacet
  facet normal 0 0 -1
    outer loop
      vertex 83.765 8.1 36.6
      vertex 83.992 8.1545 36.6
      vertex 83.9195 8.12447 36.6
    endloop
  endfacet
  facet normal 0 0 -1
    outer loop
      vertex 84.198 25.85 36.6
      vertex 83.765 26.1 36.6
      vertex 84.148 25.9214 36.6
    endloop
  endfacet
  facet normal 0 0 -1
    outer loop
      vertex 83.765 8.1 36.6
      vertex 83.9195 8.12447 36.6
      vertex 83.8432 8.10615 36.6
    endloop
  endfacet
  facet normal -0 0 -1
    outer loop
      vertex 84.265 8.6 36.6
      vertex 83.765 8.1 36.6
      vertex 76.931 13.85 36.6
    endloop
  endfacet
  facet normal 0 0 -1
    outer loop
      vertex 84.0864 25.983 36.6
      vertex 83.765 26.1 36.6
      vertex 84.015 26.033 36.6
    endloop
  endfacet
  facet normal 0 0 -1
    outer loop
      vertex 84.015 26.033 36.6
      vertex 83.765 26.1 36.6
      vertex 83.936 26.0698 36.6
    endloop
  endfacet
  facet normal 0 0 -1
    outer loop
      vertex 84.265 8.6 36.6
      vertex 77.0498 14.1763 36.6
      vertex 77.065 14.35 36.6
    endloop
  endfacet
  facet normal 0 0 -1
    outer loop
      vertex 84.265 8.6 36.6
      vertex 77.0047 14.008 36.6
      vertex 77.0498 14.1763 36.6
    endloop
  endfacet
  facet normal 0 0 -1
    outer loop
      vertex 84.265 8.6 36.6
      vertex 76.931 13.85 36.6
      vertex 77.0047 14.008 36.6
    endloop
  endfacet
  facet normal 0 0 -1
    outer loop
      vertex 83.765 8.1 36.6
      vertex 76.831 13.7072 36.6
      vertex 76.931 13.85 36.6
    endloop
  endfacet
  facet normal 0 0 -1
    outer loop
      vertex 83.765 8.1 36.6
      vertex 76.7078 13.584 36.6
      vertex 76.831 13.7072 36.6
    endloop
  endfacet
  facet normal 0 0 -1
    outer loop
      vertex 83.765 8.1 36.6
      vertex 76.565 13.484 36.6
      vertex 76.7078 13.584 36.6
    endloop
  endfacet
  facet normal 0 0 -1
    outer loop
      vertex 83.765 8.1 36.6
      vertex 76.407 13.4103 36.6
      vertex 76.565 13.484 36.6
    endloop
  endfacet
  facet normal 0 0 -1
    outer loop
      vertex 83.765 8.1 36.6
      vertex 76.2386 13.3652 36.6
      vertex 76.407 13.4103 36.6
    endloop
  endfacet
  facet normal 0 0 -1
    outer loop
      vertex 83.765 8.1 36.6
      vertex 76.065 13.35 36.6
      vertex 76.2386 13.3652 36.6
    endloop
  endfacet
  facet normal 0 0 -1
    outer loop
      vertex 66.765 8.1 36.6
      vertex 76.065 13.35 36.6
      vertex 83.765 8.1 36.6
    endloop
  endfacet
  facet normal -0 0 -1
    outer loop
      vertex 76.065 13.35 36.6
      vertex 66.765 8.1 36.6
      vertex 69.915 13.35 36.6
    endloop
  endfacet
  facet normal -0 0 -1
    outer loop
      vertex 69.915 13.35 36.6
      vertex 66.765 8.1 36.6
      vertex 69.7413 13.3652 36.6
    endloop
  endfacet
  facet normal -0 0 -1
    outer loop
      vertex 68.9302 14.1763 36.6
      vertex 66.265 8.6 36.6
      vertex 68.915 14.35 36.6
    endloop
  endfacet
  facet normal -0 0 -1
    outer loop
      vertex 68.9753 14.008 36.6
      vertex 66.265 8.6 36.6
      vertex 68.9302 14.1763 36.6
    endloop
  endfacet
  facet normal -0 0 -1
    outer loop
      vertex 69.049 13.85 36.6
      vertex 66.265 8.6 36.6
      vertex 68.9753 14.008 36.6
    endloop
  endfacet
  facet normal -0 0 -1
    outer loop
      vertex 69.149 13.7072 36.6
      vertex 66.265 8.6 36.6
      vertex 69.049 13.85 36.6
    endloop
  endfacet
  facet normal -0 0 -1
    outer loop
      vertex 69.2722 13.584 36.6
      vertex 66.265 8.6 36.6
      vertex 69.149 13.7072 36.6
    endloop
  endfacet
  facet normal -0 0 -1
    outer loop
      vertex 69.415 13.484 36.6
      vertex 66.265 8.6 36.6
      vertex 69.2722 13.584 36.6
    endloop
  endfacet
  facet normal -0 0 -1
    outer loop
      vertex 69.573 13.4103 36.6
      vertex 66.265 8.6 36.6
      vertex 69.415 13.484 36.6
    endloop
  endfacet
  facet normal 0 0 -1
    outer loop
      vertex 66.265 8.6 36.6
      vertex 69.573 13.4103 36.6
      vertex 66.765 8.1 36.6
    endloop
  endfacet
  facet normal -0 0 -1
    outer loop
      vertex 69.7413 13.3652 36.6
      vertex 66.765 8.1 36.6
      vertex 69.573 13.4103 36.6
    endloop
  endfacet
  facet normal 0 0 -1
    outer loop
      vertex 83.936 26.0698 36.6
      vertex 83.765 26.1 36.6
      vertex 83.8518 26.0924 36.6
    endloop
  endfacet
  facet normal 0 0 -1
    outer loop
      vertex 84.148 25.9214 36.6
      vertex 83.765 26.1 36.6
      vertex 84.0864 25.983 36.6
    endloop
  endfacet
  facet normal 0 0 -1
    outer loop
      vertex 84.2574 25.6868 36.6
      vertex 83.765 26.1 36.6
      vertex 84.2348 25.771 36.6
    endloop
  endfacet
  facet normal 0 0 -1
    outer loop
      vertex 76.931 21 36.6
      vertex 83.765 26.1 36.6
      vertex 77.0047 20.842 36.6
    endloop
  endfacet
  facet normal 0 0 -1
    outer loop
      vertex 76.831 21.1428 36.6
      vertex 83.765 26.1 36.6
      vertex 76.931 21 36.6
    endloop
  endfacet
  facet normal 0 0 -1
    outer loop
      vertex 76.7078 21.266 36.6
      vertex 83.765 26.1 36.6
      vertex 76.831 21.1428 36.6
    endloop
  endfacet
  facet normal 0 0 -1
    outer loop
      vertex 76.565 21.366 36.6
      vertex 83.765 26.1 36.6
      vertex 76.7078 21.266 36.6
    endloop
  endfacet
  facet normal 0 0 -1
    outer loop
      vertex 76.407 21.4397 36.6
      vertex 83.765 26.1 36.6
      vertex 76.565 21.366 36.6
    endloop
  endfacet
  facet normal 0 0 -1
    outer loop
      vertex 76.2386 21.4848 36.6
      vertex 83.765 26.1 36.6
      vertex 76.407 21.4397 36.6
    endloop
  endfacet
  facet normal 0 0 -1
    outer loop
      vertex 76.065 21.5 36.6
      vertex 83.765 26.1 36.6
      vertex 76.2386 21.4848 36.6
    endloop
  endfacet
  facet normal 0 0 -1
    outer loop
      vertex 66.765 26.1 36.6
      vertex 76.065 21.5 36.6
      vertex 69.915 21.5 36.6
    endloop
  endfacet
  facet normal 0 0 -1
    outer loop
      vertex 66.765 26.1 36.6
      vertex 69.915 21.5 36.6
      vertex 69.7413 21.4848 36.6
    endloop
  endfacet
  facet normal 0 0 -1
    outer loop
      vertex 66.765 26.1 36.6
      vertex 69.7413 21.4848 36.6
      vertex 69.573 21.4397 36.6
    endloop
  endfacet
  facet normal 0 0 -1
    outer loop
      vertex 66.265 25.6 36.6
      vertex 68.915 14.35 36.6
      vertex 66.265 8.6 36.6
    endloop
  endfacet
  facet normal 0 0 -1
    outer loop
      vertex 76.065 21.5 36.6
      vertex 66.765 26.1 36.6
      vertex 83.765 26.1 36.6
    endloop
  endfacet
  facet normal 0 0 -1
    outer loop
      vertex 66.265 25.6 36.6
      vertex 69.573 21.4397 36.6
      vertex 69.415 21.366 36.6
    endloop
  endfacet
  facet normal 0 0 -1
    outer loop
      vertex 66.265 25.6 36.6
      vertex 69.415 21.366 36.6
      vertex 69.2722 21.266 36.6
    endloop
  endfacet
  facet normal 0 0 -1
    outer loop
      vertex 66.265 25.6 36.6
      vertex 69.2722 21.266 36.6
      vertex 69.149 21.1428 36.6
    endloop
  endfacet
  facet normal 0 0 -1
    outer loop
      vertex 66.265 25.6 36.6
      vertex 69.149 21.1428 36.6
      vertex 69.049 21 36.6
    endloop
  endfacet
  facet normal 0 0 -1
    outer loop
      vertex 66.265 25.6 36.6
      vertex 69.049 21 36.6
      vertex 68.9753 20.842 36.6
    endloop
  endfacet
  facet normal 0 0 -1
    outer loop
      vertex 66.265 25.6 36.6
      vertex 68.9753 20.842 36.6
      vertex 68.9302 20.6736 36.6
    endloop
  endfacet
  facet normal 0 0 -1
    outer loop
      vertex 68.915 14.35 36.6
      vertex 66.265 25.6 36.6
      vertex 68.915 20.5 36.6
    endloop
  endfacet
  facet normal 0 0 -1
    outer loop
      vertex 66.265 8.6 36.6
      vertex 66.765 8.1 36.6
      vertex 66.6868 8.10615 36.6
    endloop
  endfacet
  facet normal 0 0 -1
    outer loop
      vertex 68.915 20.5 36.6
      vertex 66.265 25.6 36.6
      vertex 68.9302 20.6736 36.6
    endloop
  endfacet
  facet normal 0 0 -1
    outer loop
      vertex 66.265 8.6 36.6
      vertex 66.6868 8.10615 36.6
      vertex 66.6105 8.12447 36.6
    endloop
  endfacet
  facet normal 0 0 -1
    outer loop
      vertex 69.573 21.4397 36.6
      vertex 66.265 25.6 36.6
      vertex 66.765 26.1 36.6
    endloop
  endfacet
  facet normal 0 0 -1
    outer loop
      vertex 66.265 8.6 36.6
      vertex 66.6105 8.12447 36.6
      vertex 66.538 8.1545 36.6
    endloop
  endfacet
  facet normal 0 0 -1
    outer loop
      vertex 66.765 26.1 36.6
      vertex 66.265 25.6 36.6
      vertex 66.6868 26.0938 36.6
    endloop
  endfacet
  facet normal 0 0 -1
    outer loop
      vertex 66.265 8.6 36.6
      vertex 66.538 8.1545 36.6
      vertex 66.4711 8.19549 36.6
    endloop
  endfacet
  facet normal 0 0 -1
    outer loop
      vertex 66.6868 26.0938 36.6
      vertex 66.265 25.6 36.6
      vertex 66.6105 26.0755 36.6
    endloop
  endfacet
  facet normal 0 0 -1
    outer loop
      vertex 66.265 8.6 36.6
      vertex 66.4711 8.19549 36.6
      vertex 66.4114 8.24644 36.6
    endloop
  endfacet
  facet normal 0 0 -1
    outer loop
      vertex 66.6105 26.0755 36.6
      vertex 66.265 25.6 36.6
      vertex 66.538 26.0455 36.6
    endloop
  endfacet
  facet normal 0 0 -1
    outer loop
      vertex 66.265 8.6 36.6
      vertex 66.4114 8.24644 36.6
      vertex 66.3605 8.3061 36.6
    endloop
  endfacet
  facet normal 0 0 -1
    outer loop
      vertex 66.538 26.0455 36.6
      vertex 66.265 25.6 36.6
      vertex 66.4711 26.0045 36.6
    endloop
  endfacet
  facet normal 0 0 -1
    outer loop
      vertex 66.265 8.6 36.6
      vertex 66.3605 8.3061 36.6
      vertex 66.3195 8.373 36.6
    endloop
  endfacet
  facet normal 0 0 -1
    outer loop
      vertex 66.4711 26.0045 36.6
      vertex 66.265 25.6 36.6
      vertex 66.4114 25.9536 36.6
    endloop
  endfacet
  facet normal 0 0 -1
    outer loop
      vertex 66.265 8.6 36.6
      vertex 66.3195 8.373 36.6
      vertex 66.2895 8.44549 36.6
    endloop
  endfacet
  facet normal 0 0 -1
    outer loop
      vertex 66.4114 25.9536 36.6
      vertex 66.265 25.6 36.6
      vertex 66.3605 25.8939 36.6
    endloop
  endfacet
  facet normal 0 0 -1
    outer loop
      vertex 66.265 8.6 36.6
      vertex 66.2895 8.44549 36.6
      vertex 66.2712 8.52178 36.6
    endloop
  endfacet
  facet normal 0 0 -1
    outer loop
      vertex 66.3605 25.8939 36.6
      vertex 66.265 25.6 36.6
      vertex 66.3195 25.827 36.6
    endloop
  endfacet
  facet normal 0 0 -1
    outer loop
      vertex 66.3195 25.827 36.6
      vertex 66.265 25.6 36.6
      vertex 66.2895 25.7545 36.6
    endloop
  endfacet
  facet normal 0 0 -1
    outer loop
      vertex 66.2895 25.7545 36.6
      vertex 66.265 25.6 36.6
      vertex 66.2712 25.6782 36.6
    endloop
  endfacet
  facet normal -0.996873 0.0790158 0
    outer loop
      vertex 84.2588 8.52178 36.3
      vertex 84.265 8.6 36.6
      vertex 84.265 8.6 36.3
    endloop
  endfacet
  facet normal -0.996873 0.0790158 0
    outer loop
      vertex 84.265 8.6 36.6
      vertex 84.2588 8.52178 36.3
      vertex 84.2588 8.52178 36.6
    endloop
  endfacet
  facet normal -0.972415 0.233257 0
    outer loop
      vertex 84.2405 8.44549 36.3
      vertex 84.2588 8.52178 36.6
      vertex 84.2588 8.52178 36.3
    endloop
  endfacet
  facet normal -0.972415 0.233257 0
    outer loop
      vertex 84.2588 8.52178 36.6
      vertex 84.2405 8.44549 36.3
      vertex 84.2405 8.44549 36.6
    endloop
  endfacet
  facet normal -0.923998 0.382397 0
    outer loop
      vertex 84.2105 8.373 36.3
      vertex 84.2405 8.44549 36.6
      vertex 84.2405 8.44549 36.3
    endloop
  endfacet
  facet normal -0.923998 0.382397 0
    outer loop
      vertex 84.2405 8.44549 36.6
      vertex 84.2105 8.373 36.3
      vertex 84.2105 8.373 36.6
    endloop
  endfacet
  facet normal -0.85262 0.522532 0
    outer loop
      vertex 84.1695 8.3061 36.3
      vertex 84.2105 8.373 36.6
      vertex 84.2105 8.373 36.3
    endloop
  endfacet
  facet normal -0.85262 0.522532 0
    outer loop
      vertex 84.2105 8.373 36.6
      vertex 84.1695 8.3061 36.3
      vertex 84.1695 8.3061 36.6
    endloop
  endfacet
  facet normal -0.760749 0.649046 0
    outer loop
      vertex 84.1186 8.24644 36.3
      vertex 84.1695 8.3061 36.6
      vertex 84.1695 8.3061 36.3
    endloop
  endfacet
  facet normal -0.760749 0.649046 0
    outer loop
      vertex 84.1695 8.3061 36.6
      vertex 84.1186 8.24644 36.3
      vertex 84.1186 8.24644 36.6
    endloop
  endfacet
  facet normal -0.649164 0.760649 0
    outer loop
      vertex 84.1186 8.24644 36.3
      vertex 84.0589 8.19549 36.6
      vertex 84.1186 8.24644 36.6
    endloop
  endfacet
  facet normal -0.649164 0.760649 0
    outer loop
      vertex 84.0589 8.19549 36.6
      vertex 84.1186 8.24644 36.3
      vertex 84.0589 8.19549 36.3
    endloop
  endfacet
  facet normal -0.52244 0.852676 0
    outer loop
      vertex 84.0589 8.19549 36.3
      vertex 83.992 8.1545 36.6
      vertex 84.0589 8.19549 36.6
    endloop
  endfacet
  facet normal -0.52244 0.852676 0
    outer loop
      vertex 83.992 8.1545 36.6
      vertex 84.0589 8.19549 36.3
      vertex 83.992 8.1545 36.3
    endloop
  endfacet
  facet normal -0.382678 0.923882 0
    outer loop
      vertex 83.992 8.1545 36.3
      vertex 83.9195 8.12447 36.6
      vertex 83.992 8.1545 36.6
    endloop
  endfacet
  facet normal -0.382678 0.923882 0
    outer loop
      vertex 83.9195 8.12447 36.6
      vertex 83.992 8.1545 36.3
      vertex 83.9195 8.12447 36.3
    endloop
  endfacet
  facet normal -0.233469 0.972364 0
    outer loop
      vertex 83.9195 8.12447 36.3
      vertex 83.8432 8.10615 36.6
      vertex 83.9195 8.12447 36.6
    endloop
  endfacet
  facet normal -0.233469 0.972364 0
    outer loop
      vertex 83.8432 8.10615 36.6
      vertex 83.9195 8.12447 36.3
      vertex 83.8432 8.10615 36.3
    endloop
  endfacet
  facet normal -0.0784024 0.996922 0
    outer loop
      vertex 83.8432 8.10615 36.3
      vertex 83.765 8.1 36.6
      vertex 83.8432 8.10615 36.6
    endloop
  endfacet
  facet normal -0.0784024 0.996922 0
    outer loop
      vertex 83.765 8.1 36.6
      vertex 83.8432 8.10615 36.3
      vertex 83.765 8.1 36.3
    endloop
  endfacet
  facet normal -1 0 0
    outer loop
      vertex 84.265 8.6 36.3
      vertex 84.265 25.6 36.6
      vertex 84.265 25.6 36.3
    endloop
  endfacet
  facet normal -1 -0 0
    outer loop
      vertex 84.265 25.6 36.6
      vertex 84.265 8.6 36.3
      vertex 84.265 8.6 36.6
    endloop
  endfacet
  facet normal -0.0872239 -0.996189 0
    outer loop
      vertex 83.765 26.1 36.3
      vertex 83.8518 26.0924 36.6
      vertex 83.765 26.1 36.6
    endloop
  endfacet
  facet normal -0.0872239 -0.996189 -0
    outer loop
      vertex 83.8518 26.0924 36.6
      vertex 83.765 26.1 36.3
      vertex 83.8518 26.0924 36.3
    endloop
  endfacet
  facet normal -0.259233 -0.965815 0
    outer loop
      vertex 83.8518 26.0924 36.3
      vertex 83.936 26.0698 36.6
      vertex 83.8518 26.0924 36.6
    endloop
  endfacet
  facet normal -0.259233 -0.965815 -0
    outer loop
      vertex 83.936 26.0698 36.6
      vertex 83.8518 26.0924 36.3
      vertex 83.936 26.0698 36.3
    endloop
  endfacet
  facet normal -0.422257 -0.906476 0
    outer loop
      vertex 83.936 26.0698 36.3
      vertex 84.015 26.033 36.6
      vertex 83.936 26.0698 36.6
    endloop
  endfacet
  facet normal -0.422257 -0.906476 -0
    outer loop
      vertex 84.015 26.033 36.6
      vertex 83.936 26.0698 36.3
      vertex 84.015 26.033 36.3
    endloop
  endfacet
  facet normal -0.573616 -0.819124 0
    outer loop
      vertex 84.015 26.033 36.3
      vertex 84.0864 25.983 36.6
      vertex 84.015 26.033 36.6
    endloop
  endfacet
  facet normal -0.573616 -0.819124 -0
    outer loop
      vertex 84.0864 25.983 36.6
      vertex 84.015 26.033 36.3
      vertex 84.0864 25.983 36.3
    endloop
  endfacet
  facet normal -0.707107 -0.707107 0
    outer loop
      vertex 84.0864 25.983 36.3
      vertex 84.148 25.9214 36.6
      vertex 84.0864 25.983 36.6
    endloop
  endfacet
  facet normal -0.707107 -0.707107 -0
    outer loop
      vertex 84.148 25.9214 36.6
      vertex 84.0864 25.983 36.3
      vertex 84.148 25.9214 36.3
    endloop
  endfacet
  facet normal -0.819124 -0.573616 0
    outer loop
      vertex 84.198 25.85 36.3
      vertex 84.148 25.9214 36.6
      vertex 84.148 25.9214 36.3
    endloop
  endfacet
  facet normal -0.819124 -0.573616 0
    outer loop
      vertex 84.148 25.9214 36.6
      vertex 84.198 25.85 36.3
      vertex 84.198 25.85 36.6
    endloop
  endfacet
  facet normal -0.906476 -0.422257 0
    outer loop
      vertex 84.2348 25.771 36.3
      vertex 84.198 25.85 36.6
      vertex 84.198 25.85 36.3
    endloop
  endfacet
  facet normal -0.906476 -0.422257 0
    outer loop
      vertex 84.198 25.85 36.6
      vertex 84.2348 25.771 36.3
      vertex 84.2348 25.771 36.6
    endloop
  endfacet
  facet normal -0.965815 -0.259233 0
    outer loop
      vertex 84.2574 25.6868 36.3
      vertex 84.2348 25.771 36.6
      vertex 84.2348 25.771 36.3
    endloop
  endfacet
  facet normal -0.965815 -0.259233 0
    outer loop
      vertex 84.2348 25.771 36.6
      vertex 84.2574 25.6868 36.3
      vertex 84.2574 25.6868 36.6
    endloop
  endfacet
  facet normal -0.996189 -0.0872239 0
    outer loop
      vertex 84.265 25.6 36.3
      vertex 84.2574 25.6868 36.6
      vertex 84.2574 25.6868 36.3
    endloop
  endfacet
  facet normal -0.996189 -0.0872239 0
    outer loop
      vertex 84.2574 25.6868 36.6
      vertex 84.265 25.6 36.3
      vertex 84.265 25.6 36.6
    endloop
  endfacet
  facet normal 0 -1 0
    outer loop
      vertex 66.765 26.1 36.3
      vertex 83.765 26.1 36.6
      vertex 66.765 26.1 36.6
    endloop
  endfacet
  facet normal 0 -1 -0
    outer loop
      vertex 83.765 26.1 36.6
      vertex 66.765 26.1 36.3
      vertex 83.765 26.1 36.3
    endloop
  endfacet
  facet normal 0.996872 -0.0790359 0
    outer loop
      vertex 66.265 25.6 36.6
      vertex 66.2712 25.6782 36.3
      vertex 66.2712 25.6782 36.6
    endloop
  endfacet
  facet normal 0.996872 -0.0790359 0
    outer loop
      vertex 66.2712 25.6782 36.3
      vertex 66.265 25.6 36.6
      vertex 66.265 25.6 36.3
    endloop
  endfacet
  facet normal 0.972422 -0.233228 0
    outer loop
      vertex 66.2712 25.6782 36.6
      vertex 66.2895 25.7545 36.3
      vertex 66.2895 25.7545 36.6
    endloop
  endfacet
  facet normal 0.972422 -0.233228 0
    outer loop
      vertex 66.2895 25.7545 36.3
      vertex 66.2712 25.6782 36.6
      vertex 66.2712 25.6782 36.3
    endloop
  endfacet
  facet normal 0.924017 -0.382352 0
    outer loop
      vertex 66.2895 25.7545 36.6
      vertex 66.3195 25.827 36.3
      vertex 66.3195 25.827 36.6
    endloop
  endfacet
  facet normal 0.924017 -0.382352 0
    outer loop
      vertex 66.3195 25.827 36.3
      vertex 66.2895 25.7545 36.6
      vertex 66.2895 25.7545 36.3
    endloop
  endfacet
  facet normal 0.85262 -0.522532 0
    outer loop
      vertex 66.3195 25.827 36.6
      vertex 66.3605 25.8939 36.3
      vertex 66.3605 25.8939 36.6
    endloop
  endfacet
  facet normal 0.85262 -0.522532 0
    outer loop
      vertex 66.3605 25.8939 36.3
      vertex 66.3195 25.827 36.6
      vertex 66.3195 25.827 36.3
    endloop
  endfacet
  facet normal 0.760964 -0.648795 0
    outer loop
      vertex 66.3605 25.8939 36.6
      vertex 66.4114 25.9536 36.3
      vertex 66.4114 25.9536 36.6
    endloop
  endfacet
  facet normal 0.760964 -0.648795 0
    outer loop
      vertex 66.4114 25.9536 36.3
      vertex 66.3605 25.8939 36.6
      vertex 66.3605 25.8939 36.3
    endloop
  endfacet
  facet normal 0.648795 -0.760964 0
    outer loop
      vertex 66.4114 25.9536 36.3
      vertex 66.4711 26.0045 36.6
      vertex 66.4114 25.9536 36.6
    endloop
  endfacet
  facet normal 0.648795 -0.760964 0
    outer loop
      vertex 66.4711 26.0045 36.6
      vertex 66.4114 25.9536 36.3
      vertex 66.4711 26.0045 36.3
    endloop
  endfacet
  facet normal 0.522532 -0.85262 0
    outer loop
      vertex 66.4711 26.0045 36.3
      vertex 66.538 26.0455 36.6
      vertex 66.4711 26.0045 36.6
    endloop
  endfacet
  facet normal 0.522532 -0.85262 0
    outer loop
      vertex 66.538 26.0455 36.6
      vertex 66.4711 26.0045 36.3
      vertex 66.538 26.0455 36.3
    endloop
  endfacet
  facet normal 0.382352 -0.924017 0
    outer loop
      vertex 66.538 26.0455 36.3
      vertex 66.6105 26.0755 36.6
      vertex 66.538 26.0455 36.6
    endloop
  endfacet
  facet normal 0.382352 -0.924017 0
    outer loop
      vertex 66.6105 26.0755 36.6
      vertex 66.538 26.0455 36.3
      vertex 66.6105 26.0755 36.3
    endloop
  endfacet
  facet normal 0.233228 -0.972422 0
    outer loop
      vertex 66.6105 26.0755 36.3
      vertex 66.6868 26.0938 36.6
      vertex 66.6105 26.0755 36.6
    endloop
  endfacet
  facet normal 0.233228 -0.972422 0
    outer loop
      vertex 66.6868 26.0938 36.6
      vertex 66.6105 26.0755 36.3
      vertex 66.6868 26.0938 36.3
    endloop
  endfacet
  facet normal 0.0790359 -0.996872 0
    outer loop
      vertex 66.6868 26.0938 36.3
      vertex 66.765 26.1 36.6
      vertex 66.6868 26.0938 36.6
    endloop
  endfacet
  facet normal 0.0790359 -0.996872 0
    outer loop
      vertex 66.765 26.1 36.6
      vertex 66.6868 26.0938 36.3
      vertex 66.765 26.1 36.3
    endloop
  endfacet
  facet normal 1 -0 0
    outer loop
      vertex 66.265 8.6 36.6
      vertex 66.265 25.6 36.3
      vertex 66.265 25.6 36.6
    endloop
  endfacet
  facet normal 1 0 0
    outer loop
      vertex 66.265 25.6 36.3
      vertex 66.265 8.6 36.6
      vertex 66.265 8.6 36.3
    endloop
  endfacet
  facet normal 0.0784024 0.996922 -0
    outer loop
      vertex 66.765 8.1 36.3
      vertex 66.6868 8.10615 36.6
      vertex 66.765 8.1 36.6
    endloop
  endfacet
  facet normal 0.0784024 0.996922 0
    outer loop
      vertex 66.6868 8.10615 36.6
      vertex 66.765 8.1 36.3
      vertex 66.6868 8.10615 36.3
    endloop
  endfacet
  facet normal 0.233469 0.972364 -0
    outer loop
      vertex 66.6868 8.10615 36.3
      vertex 66.6105 8.12447 36.6
      vertex 66.6868 8.10615 36.6
    endloop
  endfacet
  facet normal 0.233469 0.972364 0
    outer loop
      vertex 66.6105 8.12447 36.6
      vertex 66.6868 8.10615 36.3
      vertex 66.6105 8.12447 36.3
    endloop
  endfacet
  facet normal 0.382678 0.923882 -0
    outer loop
      vertex 66.6105 8.12447 36.3
      vertex 66.538 8.1545 36.6
      vertex 66.6105 8.12447 36.6
    endloop
  endfacet
  facet normal 0.382678 0.923882 0
    outer loop
      vertex 66.538 8.1545 36.6
      vertex 66.6105 8.12447 36.3
      vertex 66.538 8.1545 36.3
    endloop
  endfacet
  facet normal 0.52244 0.852676 -0
    outer loop
      vertex 66.538 8.1545 36.3
      vertex 66.4711 8.19549 36.6
      vertex 66.538 8.1545 36.6
    endloop
  endfacet
  facet normal 0.52244 0.852676 0
    outer loop
      vertex 66.4711 8.19549 36.6
      vertex 66.538 8.1545 36.3
      vertex 66.4711 8.19549 36.3
    endloop
  endfacet
  facet normal 0.649164 0.760649 -0
    outer loop
      vertex 66.4711 8.19549 36.3
      vertex 66.4114 8.24644 36.6
      vertex 66.4711 8.19549 36.6
    endloop
  endfacet
  facet normal 0.649164 0.760649 0
    outer loop
      vertex 66.4114 8.24644 36.6
      vertex 66.4711 8.19549 36.3
      vertex 66.4114 8.24644 36.3
    endloop
  endfacet
  facet normal 0.760749 0.649046 0
    outer loop
      vertex 66.4114 8.24644 36.6
      vertex 66.3605 8.3061 36.3
      vertex 66.3605 8.3061 36.6
    endloop
  endfacet
  facet normal 0.760749 0.649046 0
    outer loop
      vertex 66.3605 8.3061 36.3
      vertex 66.4114 8.24644 36.6
      vertex 66.4114 8.24644 36.3
    endloop
  endfacet
  facet normal 0.85262 0.522532 0
    outer loop
      vertex 66.3605 8.3061 36.6
      vertex 66.3195 8.373 36.3
      vertex 66.3195 8.373 36.6
    endloop
  endfacet
  facet normal 0.85262 0.522532 0
    outer loop
      vertex 66.3195 8.373 36.3
      vertex 66.3605 8.3061 36.6
      vertex 66.3605 8.3061 36.3
    endloop
  endfacet
  facet normal 0.923998 0.382397 0
    outer loop
      vertex 66.3195 8.373 36.6
      vertex 66.2895 8.44549 36.3
      vertex 66.2895 8.44549 36.6
    endloop
  endfacet
  facet normal 0.923998 0.382397 0
    outer loop
      vertex 66.2895 8.44549 36.3
      vertex 66.3195 8.373 36.6
      vertex 66.3195 8.373 36.3
    endloop
  endfacet
  facet normal 0.972415 0.233257 0
    outer loop
      vertex 66.2895 8.44549 36.6
      vertex 66.2712 8.52178 36.3
      vertex 66.2712 8.52178 36.6
    endloop
  endfacet
  facet normal 0.972415 0.233257 0
    outer loop
      vertex 66.2712 8.52178 36.3
      vertex 66.2895 8.44549 36.6
      vertex 66.2895 8.44549 36.3
    endloop
  endfacet
  facet normal 0.996873 0.0790158 0
    outer loop
      vertex 66.2712 8.52178 36.6
      vertex 66.265 8.6 36.3
      vertex 66.265 8.6 36.6
    endloop
  endfacet
  facet normal 0.996873 0.0790158 0
    outer loop
      vertex 66.265 8.6 36.3
      vertex 66.2712 8.52178 36.6
      vertex 66.2712 8.52178 36.3
    endloop
  endfacet
  facet normal 0 1 -0
    outer loop
      vertex 83.765 8.1 36.3
      vertex 66.765 8.1 36.6
      vertex 83.765 8.1 36.6
    endloop
  endfacet
  facet normal 0 1 0
    outer loop
      vertex 66.765 8.1 36.6
      vertex 83.765 8.1 36.3
      vertex 66.765 8.1 36.3
    endloop
  endfacet
  facet normal 0 0 -1
    outer loop
      vertex 25.865 27.8 33.44
      vertex 27.295 28.5 33.44
      vertex 27.295 27.8 33.44
    endloop
  endfacet
  facet normal -0 0 -1
    outer loop
      vertex 27.295 28.5 33.44
      vertex 25.865 27.8 33.44
      vertex 25.865 28.5 33.44
    endloop
  endfacet
  facet normal -1 0 0
    outer loop
      vertex 27.295 27.8 31.2
      vertex 27.295 28.5 33.44
      vertex 27.295 29.3967 31.2
    endloop
  endfacet
  facet normal -1 -0 0
    outer loop
      vertex 27.295 28.5 33.44
      vertex 27.295 27.8 31.2
      vertex 27.295 27.8 33.44
    endloop
  endfacet
  facet normal -1 0 0
    outer loop
      vertex 27.295 29.3967 31.2
      vertex 27.295 28.5 33.44
      vertex 27.295 28.5 33.89
    endloop
  endfacet
  facet normal 0 0 -1
    outer loop
      vertex 27.295 27.8 31.2
      vertex 34.6 29.3967 31.2
      vertex 34.6 27.8 31.2
    endloop
  endfacet
  facet normal -0 0 -1
    outer loop
      vertex 34.6 29.3967 31.2
      vertex 27.295 27.8 31.2
      vertex 27.295 29.3967 31.2
    endloop
  endfacet
  facet normal 1 0 0
    outer loop
      vertex 58.965 28.5 37.2
      vertex 58.965 27.6467 37.268
      vertex 58.965 27.65 37.2276
    endloop
  endfacet
  facet normal 1 -0 0
    outer loop
      vertex 58.965 27.5806 37.9067
      vertex 58.965 28.5 37.2
      vertex 58.965 27.6325 38.1003
    endloop
  endfacet
  facet normal 1 0 0
    outer loop
      vertex 58.965 28.5 37.2
      vertex 58.965 27.637 37.3072
      vertex 58.965 27.6467 37.268
    endloop
  endfacet
  facet normal 1 -0 -0
    outer loop
      vertex 58.965 27.621 37.3444
      vertex 58.965 28.5 37.2
      vertex 58.965 27.5806 37.9067
    endloop
  endfacet
  facet normal 1 0 0
    outer loop
      vertex 58.965 28.5 37.2
      vertex 58.965 27.621 37.3444
      vertex 58.965 27.637 37.3072
    endloop
  endfacet
  facet normal 1 0 0
    outer loop
      vertex 58.965 27.621 37.3444
      vertex 58.965 27.5806 37.9067
      vertex 58.965 27.5993 37.3786
    endloop
  endfacet
  facet normal 1 -0 0
    outer loop
      vertex 58.965 27.4959 37.725
      vertex 58.965 27.5993 37.3786
      vertex 58.965 27.5806 37.9067
    endloop
  endfacet
  facet normal 1 0 0
    outer loop
      vertex 58.965 27.5993 37.3786
      vertex 58.965 27.4959 37.725
      vertex 58.965 27.5723 37.4088
    endloop
  endfacet
  facet normal 1 0 0
    outer loop
      vertex 58.965 27.5723 37.4088
      vertex 58.965 27.4959 37.725
      vertex 58.965 27.5408 37.4342
    endloop
  endfacet
  facet normal 1 0 0
    outer loop
      vertex 58.965 27.5408 37.4342
      vertex 58.965 27.4959 37.725
      vertex 58.965 27.5056 37.4542
    endloop
  endfacet
  facet normal 1 0 0
    outer loop
      vertex 58.965 27.4959 37.725
      vertex 58.965 27.4677 37.4683
      vertex 58.965 27.5056 37.4542
    endloop
  endfacet
  facet normal 1 -0 0
    outer loop
      vertex 58.965 27.381 37.5608
      vertex 58.965 27.4677 37.4683
      vertex 58.965 27.4959 37.725
    endloop
  endfacet
  facet normal 1 0 0
    outer loop
      vertex 58.965 27.4677 37.4683
      vertex 58.965 27.381 37.5608
      vertex 58.965 27.428 37.4761
    endloop
  endfacet
  facet normal 1 0 0
    outer loop
      vertex 58.965 27.428 37.4761
      vertex 58.965 27.381 37.5608
      vertex 58.965 27.3875 37.4773
    endloop
  endfacet
  facet normal 1 0 0
    outer loop
      vertex 58.965 27.381 37.5608
      vertex 58.965 27.3474 37.472
      vertex 58.965 27.3875 37.4773
    endloop
  endfacet
  facet normal 1 0 0
    outer loop
      vertex 58.965 27.381 37.5608
      vertex 58.965 27.3086 37.4603
      vertex 58.965 27.3474 37.472
    endloop
  endfacet
  facet normal 1 0 0
    outer loop
      vertex 58.965 27.381 37.5608
      vertex 58.965 27.2723 37.4425
      vertex 58.965 27.3086 37.4603
    endloop
  endfacet
  facet normal 1 0 -0
    outer loop
      vertex 58.965 27.2723 37.4425
      vertex 58.965 27.381 37.5608
      vertex 58.965 27.2393 37.4191
    endloop
  endfacet
  facet normal 1 0 0
    outer loop
      vertex 58.965 27.65 38.3
      vertex 58.965 28.5 40.34
      vertex 58.965 27.65 40.34
    endloop
  endfacet
  facet normal 1 0 0
    outer loop
      vertex 58.965 28.5 40.34
      vertex 58.965 27.65 38.3
      vertex 58.965 28.5 37.2
    endloop
  endfacet
  facet normal 1 -0 0
    outer loop
      vertex 58.965 27.6325 38.1003
      vertex 58.965 28.5 37.2
      vertex 58.965 27.65 38.3
    endloop
  endfacet
  facet normal 1 0 0
    outer loop
      vertex 58.965 28.5 37.2
      vertex 58.965 27.65 37.2276
      vertex 58.965 27.65 37.2
    endloop
  endfacet
  facet normal -1 0 0
    outer loop
      vertex 68.165 27.6325 38.1003
      vertex 68.165 28.5 40.34
      vertex 68.165 27.6467 37.268
    endloop
  endfacet
  facet normal -1 0 0
    outer loop
      vertex 68.165 27.6325 38.1003
      vertex 68.165 27.6467 37.268
      vertex 68.165 27.637 37.3072
    endloop
  endfacet
  facet normal -1 0 0
    outer loop
      vertex 68.165 28.5 40.34
      vertex 68.165 27.6325 38.1003
      vertex 68.165 27.65 38.3
    endloop
  endfacet
  facet normal -1 0 0
    outer loop
      vertex 68.165 27.5806 37.9067
      vertex 68.165 27.637 37.3072
      vertex 68.165 27.621 37.3444
    endloop
  endfacet
  facet normal -1 0 0
    outer loop
      vertex 68.165 27.5806 37.9067
      vertex 68.165 27.621 37.3444
      vertex 68.165 27.5993 37.3786
    endloop
  endfacet
  facet normal -1 0 0
    outer loop
      vertex 68.165 27.637 37.3072
      vertex 68.165 27.5806 37.9067
      vertex 68.165 27.6325 38.1003
    endloop
  endfacet
  facet normal -1 0 0
    outer loop
      vertex 68.165 27.4959 37.725
      vertex 68.165 27.5993 37.3786
      vertex 68.165 27.5723 37.4088
    endloop
  endfacet
  facet normal -1 0 0
    outer loop
      vertex 68.165 27.4959 37.725
      vertex 68.165 27.5723 37.4088
      vertex 68.165 27.5408 37.4342
    endloop
  endfacet
  facet normal -1 0 0
    outer loop
      vertex 68.165 27.4959 37.725
      vertex 68.165 27.5408 37.4342
      vertex 68.165 27.5056 37.4542
    endloop
  endfacet
  facet normal -1 0 0
    outer loop
      vertex 68.165 27.5993 37.3786
      vertex 68.165 27.4959 37.725
      vertex 68.165 27.5806 37.9067
    endloop
  endfacet
  facet normal -1 0 0
    outer loop
      vertex 68.165 27.4677 37.4683
      vertex 68.165 27.4959 37.725
      vertex 68.165 27.5056 37.4542
    endloop
  endfacet
  facet normal -1 0 0
    outer loop
      vertex 68.165 27.381 37.5608
      vertex 68.165 27.4677 37.4683
      vertex 68.165 27.428 37.4761
    endloop
  endfacet
  facet normal -1 0 0
    outer loop
      vertex 68.165 27.381 37.5608
      vertex 68.165 27.428 37.4761
      vertex 68.165 27.3875 37.4773
    endloop
  endfacet
  facet normal -1 0 0
    outer loop
      vertex 68.165 27.4677 37.4683
      vertex 68.165 27.381 37.5608
      vertex 68.165 27.4959 37.725
    endloop
  endfacet
  facet normal -1 0 0
    outer loop
      vertex 68.165 27.3474 37.472
      vertex 68.165 27.381 37.5608
      vertex 68.165 27.3875 37.4773
    endloop
  endfacet
  facet normal -1 0 0
    outer loop
      vertex 68.165 27.3086 37.4603
      vertex 68.165 27.381 37.5608
      vertex 68.165 27.3474 37.472
    endloop
  endfacet
  facet normal -1 0 0
    outer loop
      vertex 68.165 27.2723 37.4425
      vertex 68.165 27.381 37.5608
      vertex 68.165 27.3086 37.4603
    endloop
  endfacet
  facet normal -1 0 0
    outer loop
      vertex 68.165 27.381 37.5608
      vertex 68.165 27.2723 37.4425
      vertex 68.165 27.2393 37.4191
    endloop
  endfacet
  facet normal -1 0 0
    outer loop
      vertex 68.165 27.8 36.3
      vertex 68.165 27.3869 36.5074
      vertex 68.165 27.65 36.6637
    endloop
  endfacet
  facet normal -1 0 0
    outer loop
      vertex 68.165 27.8 36.3
      vertex 68.165 27.1031 36.3931
      vertex 68.165 27.3869 36.5074
    endloop
  endfacet
  facet normal -1 0 0
    outer loop
      vertex 68.165 27.8 36.3
      vertex 68.165 26.8051 36.3234
      vertex 68.165 27.1031 36.3931
    endloop
  endfacet
  facet normal -1 0 -0
    outer loop
      vertex 68.165 26.8051 36.3234
      vertex 68.165 27.8 36.3
      vertex 68.165 26.5 36.3
    endloop
  endfacet
  facet normal -1 0 0
    outer loop
      vertex 68.165 27.8 31.2
      vertex 68.165 28.5 33.89
      vertex 68.165 29.3967 31.2
    endloop
  endfacet
  facet normal -1 0 0
    outer loop
      vertex 68.165 27.8 36.3
      vertex 68.165 28.5 33.89
      vertex 68.165 27.8 31.2
    endloop
  endfacet
  facet normal -1 0 0
    outer loop
      vertex 68.165 28.5 33.89
      vertex 68.165 27.8 36.3
      vertex 68.165 28.5 40.34
    endloop
  endfacet
  facet normal -1 0 0
    outer loop
      vertex 68.165 27.65 37.2276
      vertex 68.165 27.8 36.3
      vertex 68.165 27.65 36.6637
    endloop
  endfacet
  facet normal -1 0 0
    outer loop
      vertex 68.165 27.8 36.3
      vertex 68.165 27.65 37.2276
      vertex 68.165 28.5 40.34
    endloop
  endfacet
  facet normal -1 0 0
    outer loop
      vertex 68.165 27.6467 37.268
      vertex 68.165 28.5 40.34
      vertex 68.165 27.65 37.2276
    endloop
  endfacet
  facet normal -1 -0 0
    outer loop
      vertex 68.165 28.5 40.34
      vertex 68.165 27.65 38.3
      vertex 68.165 27.65 40.34
    endloop
  endfacet
  facet normal 0 0 -1
    outer loop
      vertex 68.165 27.8 31.2
      vertex 76.165 29.3967 31.2
      vertex 76.165 27.8 31.2
    endloop
  endfacet
  facet normal -0 0 -1
    outer loop
      vertex 76.165 29.3967 31.2
      vertex 68.165 27.8 31.2
      vertex 68.165 29.3967 31.2
    endloop
  endfacet
  facet normal 1 0 0
    outer loop
      vertex 76.165 28.5 34.64
      vertex 76.165 27.8 34.64
      vertex 76.165 28.5 33.89
    endloop
  endfacet
  facet normal 1 0 0
    outer loop
      vertex 76.165 27.8 31.2
      vertex 76.165 28.5 33.89
      vertex 76.165 27.8 34.64
    endloop
  endfacet
  facet normal 1 0 0
    outer loop
      vertex 76.165 28.5 33.89
      vertex 76.165 27.8 31.2
      vertex 76.165 29.3967 31.2
    endloop
  endfacet
  facet normal 0 0 -1
    outer loop
      vertex 76.165 27.8 34.64
      vertex 79.065 28.5 34.64
      vertex 79.065 27.8 34.64
    endloop
  endfacet
  facet normal -0 0 -1
    outer loop
      vertex 79.065 28.5 34.64
      vertex 76.165 27.8 34.64
      vertex 76.165 28.5 34.64
    endloop
  endfacet
  facet normal 1 -0 0
    outer loop
      vertex 79.065 27.8 36.3
      vertex 79.065 28.5 34.64
      vertex 79.065 28.5 36.3
    endloop
  endfacet
  facet normal 1 0 0
    outer loop
      vertex 79.065 28.5 34.64
      vertex 79.065 27.8 36.3
      vertex 79.065 27.8 34.64
    endloop
  endfacet
  facet normal 0 -1 0
    outer loop
      vertex 68.165 27.8 36.3
      vertex 69.665 27.8 34.64
      vertex 69.665 27.8 36.3
    endloop
  endfacet
  facet normal 0 -1 0
    outer loop
      vertex 76.165 27.8 31.2
      vertex 74.665 27.8 34.64
      vertex 69.665 27.8 34.64
    endloop
  endfacet
  facet normal 0 -1 0
    outer loop
      vertex 68.165 27.8 31.2
      vertex 69.665 27.8 34.64
      vertex 68.165 27.8 36.3
    endloop
  endfacet
  facet normal 0 -1 0
    outer loop
      vertex 76.165 27.8 31.2
      vertex 69.665 27.8 34.64
      vertex 68.165 27.8 31.2
    endloop
  endfacet
  facet normal 0 -1 0
    outer loop
      vertex 74.665 27.8 34.64
      vertex 76.165 27.8 31.2
      vertex 76.165 27.8 34.64
    endloop
  endfacet
  facet normal 0 -1 0
    outer loop
      vertex 76.165 27.8 34.64
      vertex 74.665 27.8 36.3
      vertex 74.665 27.8 34.64
    endloop
  endfacet
  facet normal 0 -1 0
    outer loop
      vertex 74.665 27.8 36.3
      vertex 76.165 27.8 34.64
      vertex 79.065 27.8 36.3
    endloop
  endfacet
  facet normal 0 -1 -0
    outer loop
      vertex 79.065 27.8 36.3
      vertex 76.165 27.8 34.64
      vertex 79.065 27.8 34.64
    endloop
  endfacet
  facet normal -0.772477 -0.635042 0.000892284
    outer loop
      vertex 40.517 27.075 37.3041
      vertex 40.502 27.0931 37.2
      vertex 40.5154 27.0768 37.2
    endloop
  endfacet
  facet normal -0.769639 -0.638479 -0.00011425
    outer loop
      vertex 40.502 27.0931 37.2
      vertex 40.517 27.075 37.3041
      vertex 40.5019 27.0932 37.3148
    endloop
  endfacet
  facet normal -0.35586 -0.934539 -3.50982e-05
    outer loop
      vertex 39.7806 27.5978 37.2
      vertex 39.8257 27.5806 37.9067
      vertex 39.78 27.598 37.9581
    endloop
  endfacet
  facet normal -0.356298 -0.934372 -3.08676e-06
    outer loop
      vertex 39.8257 27.5806 37.9067
      vertex 39.7806 27.5978 37.2
      vertex 39.8063 27.588 37.2
    endloop
  endfacet
  facet normal -0.265817 -0.964015 0.00410324
    outer loop
      vertex 39.57 27.6574 37.2
      vertex 39.6742 27.6325 38.1003
      vertex 39.6488 27.6397 38.1464
    endloop
  endfacet
  facet normal -0.26256 -0.964909 0.00370159
    outer loop
      vertex 39.6742 27.6325 38.1003
      vertex 39.57 27.6574 37.2
      vertex 39.5847 27.6534 37.2
    endloop
  endfacet
  facet normal -0.25849 -0.966014 5.02688e-05
    outer loop
      vertex 39.7806 27.5978 37.2
      vertex 39.78 27.598 37.9581
      vertex 39.6498 27.6328 37.2
    endloop
  endfacet
  facet normal -0.313708 -0.949464 0.0102083
    outer loop
      vertex 39.6152 27.6443 37.2
      vertex 39.78 27.598 37.9581
      vertex 39.7253 27.6168 38.0257
    endloop
  endfacet
  facet normal -0.315387 -0.948904 0.0106075
    outer loop
      vertex 39.78 27.598 37.9581
      vertex 39.6152 27.6443 37.2
      vertex 39.6498 27.6328 37.2
    endloop
  endfacet
  facet normal -0.285493 -0.958361 0.00613342
    outer loop
      vertex 39.5847 27.6534 37.2
      vertex 39.7253 27.6168 38.0257
      vertex 39.6742 27.6325 38.1003
    endloop
  endfacet
  facet normal -0.285901 -0.958239 0.0062082
    outer loop
      vertex 39.7253 27.6168 38.0257
      vertex 39.5847 27.6534 37.2
      vertex 39.6152 27.6443 37.2
    endloop
  endfacet
  facet normal -0.249692 -0.968322 0.00269745
    outer loop
      vertex 39.5583 27.6604 37.2
      vertex 39.6488 27.6397 38.1464
      vertex 39.628 27.6452 38.1954
    endloop
  endfacet
  facet normal -0.248375 -0.968661 0.00256405
    outer loop
      vertex 39.6488 27.6397 38.1464
      vertex 39.5583 27.6604 37.2
      vertex 39.57 27.6574 37.2
    endloop
  endfacet
  facet normal -0.245017 -0.969516 0.00239343
    outer loop
      vertex 39.5518 27.662 37.2
      vertex 39.628 27.6452 38.1954
      vertex 39.6169 27.6481 38.2338
    endloop
  endfacet
  facet normal -0.239019 -0.971013 0.00190898
    outer loop
      vertex 39.628 27.6452 38.1954
      vertex 39.5518 27.662 37.2
      vertex 39.5583 27.6604 37.2
    endloop
  endfacet
  facet normal -0.233354 -0.97239 0.00158267
    outer loop
      vertex 39.5478 27.663 37.2
      vertex 39.6169 27.6481 38.2338
      vertex 39.6105 27.6497 38.2732
    endloop
  endfacet
  facet normal -0.242535 -0.97014 0.00222875
    outer loop
      vertex 39.6169 27.6481 38.2338
      vertex 39.5478 27.663 37.2
      vertex 39.5518 27.662 37.2
    endloop
  endfacet
  facet normal -0.42278 -0.906232 0
    outer loop
      vertex 40.05 27.4722 37.2
      vertex 40.05 27.4722 37.6858
      vertex 39.9559 27.5161 37.2
    endloop
  endfacet
  facet normal -0.478024 -0.878247 0.0132132
    outer loop
      vertex 39.9245 27.5332 37.2
      vertex 40.05 27.4722 37.6858
      vertex 40.0079 27.4957 37.7247
    endloop
  endfacet
  facet normal -0.478222 -0.878139 0.0132779
    outer loop
      vertex 40.05 27.4722 37.6858
      vertex 39.9245 27.5332 37.2
      vertex 39.9559 27.5161 37.2
    endloop
  endfacet
  facet normal -0.420685 -0.907205 0.00204892
    outer loop
      vertex 39.8063 27.588 37.2
      vertex 40.0079 27.4957 37.7247
      vertex 39.8257 27.5806 37.9067
    endloop
  endfacet
  facet normal -0.420614 -0.907237 0.00201607
    outer loop
      vertex 40.0079 27.4957 37.7247
      vertex 39.8063 27.588 37.2
      vertex 39.9245 27.5332 37.2
    endloop
  endfacet
  facet normal -0.707107 -0.707107 -2.17905e-14
    outer loop
      vertex 40.502 27.0931 37.2
      vertex 40.5019 27.0932 37.3148
      vertex 40.4783 27.1168 37.2
    endloop
  endfacet
  facet normal -0.724069 -0.689692 0.00706708
    outer loop
      vertex 40.5019 27.0932 37.3148
      vertex 40.3499 27.2516 37.2
      vertex 40.4783 27.1168 37.2
    endloop
  endfacet
  facet normal -0.724009 -0.689756 0.00689837
    outer loop
      vertex 40.3499 27.2516 37.2
      vertex 40.5019 27.0932 37.3148
      vertex 40.3638 27.2392 37.419
    endloop
  endfacet
  facet normal -0.663414 -0.748252 -0.000178245
    outer loop
      vertex 40.2919 27.303 37.2
      vertex 40.3638 27.2392 37.419
      vertex 40.2916 27.3032 37.477
    endloop
  endfacet
  facet normal -0.663242 -0.748405 -0.000279282
    outer loop
      vertex 40.3638 27.2392 37.419
      vertex 40.2919 27.303 37.2
      vertex 40.3499 27.2516 37.2
    endloop
  endfacet
  facet normal -0.573078 -0.819501 -2.89642e-05
    outer loop
      vertex 40.2919 27.303 37.2
      vertex 40.2916 27.3032 37.477
      vertex 40.2347 27.343 37.2
    endloop
  endfacet
  facet normal -0.607971 -0.793885 0.010816
    outer loop
      vertex 40.151 27.4071 37.2
      vertex 40.2916 27.3032 37.477
      vertex 40.1915 27.381 37.5608
    endloop
  endfacet
  facet normal -0.607978 -0.79388 0.0108213
    outer loop
      vertex 40.2916 27.3032 37.477
      vertex 40.151 27.4071 37.2
      vertex 40.2347 27.343 37.2
    endloop
  endfacet
  facet normal -0.541748 -0.840541 0
    outer loop
      vertex 40.05 27.4722 37.2
      vertex 40.1915 27.381 37.5608
      vertex 40.05 27.4722 37.6858
    endloop
  endfacet
  facet normal -0.541767 -0.840529 1.03795e-05
    outer loop
      vertex 40.1915 27.381 37.5608
      vertex 40.05 27.4722 37.2
      vertex 40.151 27.4071 37.2
    endloop
  endfacet
  facet normal -0.889567 -0.456805 0
    outer loop
      vertex 40.6817 26.8315 37.2
      vertex 40.6722 26.85 37.2046
      vertex 40.6722 26.85 37.2
    endloop
  endfacet
  facet normal -0.83205 -0.5547 0
    outer loop
      vertex 40.6722 26.85 37.2
      vertex 40.6722 26.85 37.2046
      vertex 40.6714 26.8512 37.2
    endloop
  endfacet
  facet normal -0.854623 -0.518681 0.0242718
    outer loop
      vertex 40.6714 26.8512 37.2
      vertex 40.6464 26.8933 37.2194
      vertex 40.6433 26.8975 37.2
    endloop
  endfacet
  facet normal -0.856781 -0.515475 0.0145338
    outer loop
      vertex 40.6464 26.8933 37.2194
      vertex 40.6714 26.8512 37.2
      vertex 40.6722 26.85 37.2046
    endloop
  endfacet
  facet normal -0.814094 -0.580717 0.00436487
    outer loop
      vertex 40.6464 26.8933 37.2194
      vertex 40.5154 27.0768 37.2
      vertex 40.6433 26.8975 37.2
    endloop
  endfacet
  facet normal -0.814004 -0.580854 0.00246753
    outer loop
      vertex 40.5154 27.0768 37.2
      vertex 40.6464 26.8933 37.2194
      vertex 40.517 27.075 37.3041
    endloop
  endfacet
  facet normal 0.769639 -0.638479 -0.00011425
    outer loop
      vertex 37.883 27.075 37.3041
      vertex 37.898 27.0931 37.2
      vertex 37.8981 27.0932 37.3148
    endloop
  endfacet
  facet normal 0.772477 -0.635042 0.000892284
    outer loop
      vertex 37.898 27.0931 37.2
      vertex 37.883 27.075 37.3041
      vertex 37.8846 27.0768 37.2
    endloop
  endfacet
  facet normal 0.814004 -0.580854 0.00246753
    outer loop
      vertex 37.7536 26.8933 37.2194
      vertex 37.8846 27.0768 37.2
      vertex 37.883 27.075 37.3041
    endloop
  endfacet
  facet normal 0.814094 -0.580717 0.00436487
    outer loop
      vertex 37.8846 27.0768 37.2
      vertex 37.7536 26.8933 37.2194
      vertex 37.7567 26.8975 37.2
    endloop
  endfacet
  facet normal 0.816955 -0.576674 0.00569738
    outer loop
      vertex 37.7567 26.8975 37.2
      vertex 37.7536 26.8933 37.2194
      vertex 37.7531 26.8924 37.2
    endloop
  endfacet
  facet normal 0.858818 -0.512278 0.001631
    outer loop
      vertex 37.7278 26.85 37.2046
      vertex 37.7531 26.8924 37.2
      vertex 37.7536 26.8933 37.2194
    endloop
  endfacet
  facet normal 0.858741 -0.512409 0
    outer loop
      vertex 37.7531 26.8924 37.2
      vertex 37.7278 26.85 37.2046
      vertex 37.7278 26.85 37.2
    endloop
  endfacet
  facet normal 0.889567 -0.456805 0
    outer loop
      vertex 37.7278 26.85 37.2
      vertex 37.7278 26.85 37.2046
      vertex 37.7183 26.8315 37.2
    endloop
  endfacet
  facet normal 0.726427 -0.687243 0.000172186
    outer loop
      vertex 37.8981 27.0932 37.3148
      vertex 38.0091 27.2105 37.2
      vertex 38.0362 27.2392 37.419
    endloop
  endfacet
  facet normal 0.726326 -0.68735 -3.39518e-05
    outer loop
      vertex 38.0091 27.2105 37.2
      vertex 37.8981 27.0932 37.3148
      vertex 37.898 27.0931 37.2
    endloop
  endfacet
  facet normal 0.707959 -0.706236 0.00494656
    outer loop
      vertex 38.0501 27.2516 37.2
      vertex 38.0362 27.2392 37.419
      vertex 38.0091 27.2105 37.2
    endloop
  endfacet
  facet normal 0.663242 -0.748405 -0.000279282
    outer loop
      vertex 38.1081 27.303 37.2
      vertex 38.0362 27.2392 37.419
      vertex 38.0501 27.2516 37.2
    endloop
  endfacet
  facet normal 0.663414 -0.748252 -0.000178245
    outer loop
      vertex 38.0362 27.2392 37.419
      vertex 38.1081 27.303 37.2
      vertex 38.1084 27.3032 37.477
    endloop
  endfacet
  facet normal 0.612485 -0.790482 -9.25964e-05
    outer loop
      vertex 38.1796 27.3584 37.2
      vertex 38.1084 27.3032 37.477
      vertex 38.1081 27.303 37.2
    endloop
  endfacet
  facet normal 0.613498 -0.789696 0.00032437
    outer loop
      vertex 38.1084 27.3032 37.477
      vertex 38.1796 27.3584 37.2
      vertex 38.2085 27.381 37.5608
    endloop
  endfacet
  facet normal 0.574404 -0.818555 0.0052635
    outer loop
      vertex 38.249 27.4071 37.2
      vertex 38.2085 27.381 37.5608
      vertex 38.1796 27.3584 37.2
    endloop
  endfacet
  facet normal 0.541468 -0.840722 -3.71176e-05
    outer loop
      vertex 38.3507 27.4726 37.2
      vertex 38.2085 27.381 37.5608
      vertex 38.249 27.4071 37.2
    endloop
  endfacet
  facet normal 0.541555 -0.840665 1.16427e-05
    outer loop
      vertex 38.2085 27.381 37.5608
      vertex 38.3507 27.4726 37.2
      vertex 38.351 27.4728 37.6867
    endloop
  endfacet
  facet normal 0.488196 -0.872734 5.77111e-05
    outer loop
      vertex 38.3768 27.4872 37.2
      vertex 38.351 27.4728 37.6867
      vertex 38.3507 27.4726 37.2
    endloop
  endfacet
  facet normal 0.487259 -0.873257 -7.43637e-06
    outer loop
      vertex 38.351 27.4728 37.6867
      vertex 38.3768 27.4872 37.2
      vertex 38.3924 27.4959 37.725
    endloop
  endfacet
  facet normal 0.422483 -0.906368 0.00246603
    outer loop
      vertex 38.4757 27.5333 37.2
      vertex 38.3924 27.4959 37.725
      vertex 38.3768 27.4872 37.2
    endloop
  endfacet
  facet normal 0.420568 -0.907259 0.00209878
    outer loop
      vertex 38.5937 27.588 37.2
      vertex 38.3924 27.4959 37.725
      vertex 38.4757 27.5333 37.2
    endloop
  endfacet
  facet normal 0.420444 -0.907316 0.00204115
    outer loop
      vertex 38.3924 27.4959 37.725
      vertex 38.5937 27.588 37.2
      vertex 38.5743 27.5806 37.9067
    endloop
  endfacet
  facet normal 0.224859 -0.974391 0.00106158
    outer loop
      vertex 38.8535 27.6633 37.2
      vertex 38.7895 27.6497 38.2732
      vertex 38.8522 27.663 37.2
    endloop
  endfacet
  facet normal 0.222834 -0.974856 0.000934914
    outer loop
      vertex 38.7895 27.6497 38.2732
      vertex 38.8535 27.6633 37.2
      vertex 38.7907 27.65 38.3
    endloop
  endfacet
  facet normal 0.242535 -0.97014 0.00222445
    outer loop
      vertex 38.8522 27.663 37.2
      vertex 38.7858 27.6488 38.2467
      vertex 38.8498 27.6624 37.2
    endloop
  endfacet
  facet normal 0.227902 -0.973683 0.00124814
    outer loop
      vertex 38.7858 27.6488 38.2467
      vertex 38.8522 27.663 37.2
      vertex 38.7895 27.6497 38.2732
    endloop
  endfacet
  facet normal 0.239714 -0.970842 0.00198457
    outer loop
      vertex 38.8498 27.6624 37.2
      vertex 38.7719 27.6452 38.1953
      vertex 38.8417 27.6604 37.2
    endloop
  endfacet
  facet normal 0.242918 -0.970044 0.0022491
    outer loop
      vertex 38.7719 27.6452 38.1953
      vertex 38.8498 27.6624 37.2
      vertex 38.7858 27.6488 38.2467
    endloop
  endfacet
  facet normal 0.248375 -0.968661 0.00251077
    outer loop
      vertex 38.8417 27.6604 37.2
      vertex 38.7514 27.6397 38.1467
      vertex 38.83 27.6574 37.2
    endloop
  endfacet
  facet normal 0.25262 -0.967561 0.00293977
    outer loop
      vertex 38.7514 27.6397 38.1467
      vertex 38.8417 27.6604 37.2
      vertex 38.7719 27.6452 38.1953
    endloop
  endfacet
  facet normal 0.26256 -0.964909 0.00370159
    outer loop
      vertex 38.83 27.6574 37.2
      vertex 38.7258 27.6325 38.1003
      vertex 38.8153 27.6534 37.2
    endloop
  endfacet
  facet normal 0.264184 -0.964464 0.00390178
    outer loop
      vertex 38.7258 27.6325 38.1003
      vertex 38.83 27.6574 37.2
      vertex 38.7514 27.6397 38.1467
    endloop
  endfacet
  facet normal 0.286764 -0.95798 0.00641085
    outer loop
      vertex 38.8153 27.6534 37.2
      vertex 38.6749 27.6169 38.026
      vertex 38.7849 27.6443 37.2
    endloop
  endfacet
  facet normal 0.284912 -0.958534 0.00607159
    outer loop
      vertex 38.6749 27.6169 38.026
      vertex 38.8153 27.6534 37.2
      vertex 38.7258 27.6325 38.1003
    endloop
  endfacet
  facet normal 0.258759 -0.965939 0.00241737
    outer loop
      vertex 38.7849 27.6443 37.2
      vertex 38.6749 27.6169 38.026
      vertex 38.6479 27.6076 37.2
    endloop
  endfacet
  facet normal 0.325891 -0.945407 0
    outer loop
      vertex 38.6479 27.6076 37.2
      vertex 38.6186 27.5975 37.9564
      vertex 38.6186 27.5975 37.2
    endloop
  endfacet
  facet normal 0.325789 -0.945443 -4.44918e-06
    outer loop
      vertex 38.6186 27.5975 37.9564
      vertex 38.6479 27.6076 37.2
      vertex 38.6749 27.6169 38.026
    endloop
  endfacet
  facet normal 0.356463 -0.934309 2.12381e-06
    outer loop
      vertex 38.6186 27.5975 37.2
      vertex 38.5743 27.5806 37.9067
      vertex 38.5937 27.588 37.2
    endloop
  endfacet
  facet normal 0.356434 -0.934321 0
    outer loop
      vertex 38.5743 27.5806 37.9067
      vertex 38.6186 27.5975 37.2
      vertex 38.6186 27.5975 37.9564
    endloop
  endfacet
  facet normal -0.222834 -0.974856 0.000934914
    outer loop
      vertex 39.5465 27.6633 37.2
      vertex 39.6105 27.6497 38.2732
      vertex 39.6093 27.65 38.3
    endloop
  endfacet
  facet normal -0.224859 -0.974391 0.00106158
    outer loop
      vertex 39.6105 27.6497 38.2732
      vertex 39.5465 27.6633 37.2
      vertex 39.5478 27.663 37.2
    endloop
  endfacet
  facet normal -0.207479 -0.978239 0
    outer loop
      vertex 39.4952 27.6742 40.74
      vertex 39.6093 27.65 38.3
      vertex 39.6093 27.65 40.74
    endloop
  endfacet
  facet normal -0.207479 -0.978239 0
    outer loop
      vertex 39.4952 27.6742 37.2
      vertex 39.6093 27.65 38.3
      vertex 39.4952 27.6742 40.74
    endloop
  endfacet
  facet normal -0.207836 -0.978164 3.86551e-05
    outer loop
      vertex 39.6093 27.65 38.3
      vertex 39.4952 27.6742 37.2
      vertex 39.5465 27.6633 37.2
    endloop
  endfacet
  facet normal -0.0870665 -0.996203 0
    outer loop
      vertex 39.2 27.7 37.2
      vertex 39.4952 27.6742 40.74
      vertex 39.2 27.7 40.74
    endloop
  endfacet
  facet normal -0.0870665 -0.996203 -0
    outer loop
      vertex 39.4952 27.6742 40.74
      vertex 39.2 27.7 37.2
      vertex 39.4952 27.6742 37.2
    endloop
  endfacet
  facet normal 0.0870665 -0.996203 0
    outer loop
      vertex 38.9048 27.6742 37.2
      vertex 39.2 27.7 40.74
      vertex 38.9048 27.6742 40.74
    endloop
  endfacet
  facet normal 0.0870665 -0.996203 0
    outer loop
      vertex 39.2 27.7 40.74
      vertex 38.9048 27.6742 37.2
      vertex 39.2 27.7 37.2
    endloop
  endfacet
  facet normal 0.207479 -0.978239 0
    outer loop
      vertex 38.7907 27.65 38.3
      vertex 38.9048 27.6742 40.74
      vertex 38.7907 27.65 40.74
    endloop
  endfacet
  facet normal 0.207836 -0.978164 3.86551e-05
    outer loop
      vertex 38.9048 27.6742 37.2
      vertex 38.7907 27.65 38.3
      vertex 38.8535 27.6633 37.2
    endloop
  endfacet
  facet normal 0.207479 -0.978239 0
    outer loop
      vertex 38.7907 27.65 38.3
      vertex 38.9048 27.6742 37.2
      vertex 38.9048 27.6742 40.74
    endloop
  endfacet
  facet normal 0.836358 -0.54818 -0.00192119
    outer loop
      vertex 53.9943 26.8923 37.2
      vertex 53.995 26.8933 37.2194
      vertex 53.9515 26.827 37.2
    endloop
  endfacet
  facet normal 0.806404 -0.591363 0.00138557
    outer loop
      vertex 53.9954 26.8938 37.2
      vertex 53.995 26.8933 37.2194
      vertex 53.9943 26.8923 37.2
    endloop
  endfacet
  facet normal 0.78528 -0.619141 0
    outer loop
      vertex 53.995 26.8933 37.2194
      vertex 54.0509 26.9642 37.2
      vertex 54.0509 26.9642 37.2478
    endloop
  endfacet
  facet normal 0.785311 -0.619102 0.00023575
    outer loop
      vertex 54.0509 26.9642 37.2
      vertex 53.995 26.8933 37.2194
      vertex 53.9954 26.8938 37.2
    endloop
  endfacet
  facet normal 0.732422 -0.680851 -1.94583e-05
    outer loop
      vertex 54.0509 26.9642 37.2478
      vertex 54.1499 27.0707 37.2
      vertex 54.1539 27.075 37.3041
    endloop
  endfacet
  facet normal 0.732426 -0.680847 0
    outer loop
      vertex 54.1499 27.0707 37.2
      vertex 54.0509 26.9642 37.2478
      vertex 54.0509 26.9642 37.2
    endloop
  endfacet
  facet normal 0.712033 -0.702144 0.00164348
    outer loop
      vertex 54.157 27.0779 37.2
      vertex 54.1539 27.075 37.3041
      vertex 54.1499 27.0707 37.2
    endloop
  endfacet
  facet normal 0.670203 -0.742177 -0.000717436
    outer loop
      vertex 54.2364 27.1496 37.2
      vertex 54.1539 27.075 37.3041
      vertex 54.157 27.0779 37.2
    endloop
  endfacet
  facet normal 0.670393 -0.742006 -0.000443675
    outer loop
      vertex 54.1539 27.075 37.3041
      vertex 54.2364 27.1496 37.2
      vertex 54.2365 27.1496 37.3511
    endloop
  endfacet
  facet normal 0.603267 -0.797539 -0.00039925
    outer loop
      vertex 54.3456 27.2322 37.2
      vertex 54.2365 27.1496 37.3511
      vertex 54.2364 27.1496 37.2
    endloop
  endfacet
  facet normal 0.603723 -0.797194 0.000119186
    outer loop
      vertex 54.2365 27.1496 37.3511
      vertex 54.3456 27.2322 37.2
      vertex 54.3548 27.2392 37.419
    endloop
  endfacet
  facet normal 0.576102 -0.817376 0.00192461
    outer loop
      vertex 54.3622 27.2439 37.2
      vertex 54.3548 27.2392 37.419
      vertex 54.3456 27.2322 37.2
    endloop
  endfacet
  facet normal 0.531559 -0.847021 -0.000216731
    outer loop
      vertex 54.45 27.299 37.2
      vertex 54.3548 27.2392 37.419
      vertex 54.3622 27.2439 37.2
    endloop
  endfacet
  facet normal 0.531916 -0.846797 0
    outer loop
      vertex 54.3548 27.2392 37.419
      vertex 54.45 27.299 37.2
      vertex 54.45 27.299 37.4729
    endloop
  endfacet
  facet normal 0.444561 -0.895749 0
    outer loop
      vertex 54.5987 27.3728 37.2
      vertex 54.45 27.299 37.4729
      vertex 54.45 27.299 37.2
    endloop
  endfacet
  facet normal 0.444485 -0.895786 -5.14545e-05
    outer loop
      vertex 54.45 27.299 37.4729
      vertex 54.5987 27.3728 37.2
      vertex 54.6195 27.3831 37.5634
    endloop
  endfacet
  facet normal 0.420836 -0.907135 0.00162385
    outer loop
      vertex 54.6278 27.3863 37.2
      vertex 54.6195 27.3831 37.5634
      vertex 54.5987 27.3728 37.2
    endloop
  endfacet
  facet normal 0.364874 -0.931057 0.000135028
    outer loop
      vertex 54.687 27.4095 37.2
      vertex 54.6195 27.3831 37.5634
      vertex 54.6278 27.3863 37.2
    endloop
  endfacet
  facet normal 0.364243 -0.931304 0
    outer loop
      vertex 54.6195 27.3831 37.5634
      vertex 54.687 27.4095 37.2
      vertex 54.687 27.4095 37.5963
    endloop
  endfacet
  facet normal 0.301782 -0.953377 0
    outer loop
      vertex 54.7922 27.4428 37.2
      vertex 54.687 27.4095 37.5963
      vertex 54.687 27.4095 37.2
    endloop
  endfacet
  facet normal 0.301397 -0.953499 -0.000112277
    outer loop
      vertex 54.687 27.4095 37.5963
      vertex 54.7922 27.4428 37.2
      vertex 54.8104 27.4485 37.6497
    endloop
  endfacet
  facet normal 0.257177 -0.966363 0.00184043
    outer loop
      vertex 54.8294 27.4527 37.2
      vertex 54.8104 27.4485 37.6497
      vertex 54.7922 27.4428 37.2
    endloop
  endfacet
  facet normal 0.217212 -0.976124 6.07219e-05
    outer loop
      vertex 54.9395 27.4772 37.2
      vertex 54.8104 27.4485 37.6497
      vertex 54.8294 27.4527 37.2
    endloop
  endfacet
  facet normal 0.217011 -0.976169 0
    outer loop
      vertex 54.8104 27.4485 37.6497
      vertex 54.9395 27.4772 37.2
      vertex 54.9395 27.4772 37.6937
    endloop
  endfacet
  facet normal 0.149664 -0.988737 0
    outer loop
      vertex 55.0016 27.4866 37.2
      vertex 54.9395 27.4772 37.6937
      vertex 54.9395 27.4772 37.2
    endloop
  endfacet
  facet normal 0.148885 -0.988855 -0.000100243
    outer loop
      vertex 54.9395 27.4772 37.6937
      vertex 55.0016 27.4866 37.2
      vertex 55.0139 27.4884 37.7122
    endloop
  endfacet
  facet normal 0.085928 -0.9963 0.00143777
    outer loop
      vertex 55.0445 27.4903 37.2
      vertex 55.0139 27.4884 37.7122
      vertex 55.0016 27.4866 37.2
    endloop
  endfacet
  facet normal 0.0985739 -0.995127 0.00219762
    outer loop
      vertex 55.1081 27.4966 37.2
      vertex 55.0139 27.4884 37.7122
      vertex 55.0445 27.4903 37.2
    endloop
  endfacet
  facet normal 0.0982349 -0.995161 0.00213473
    outer loop
      vertex 55.0139 27.4884 37.7122
      vertex 55.1081 27.4966 37.2
      vertex 55.0896 27.4959 37.725
    endloop
  endfacet
  facet normal -0.0979773 -0.995186 0.00212562
    outer loop
      vertex 55.2919 27.4966 37.2
      vertex 55.3863 27.4884 37.7121
      vertex 55.3104 27.4959 37.725
    endloop
  endfacet
  facet normal -0.0984207 -0.995142 0.00220805
    outer loop
      vertex 55.3863 27.4884 37.7121
      vertex 55.2919 27.4966 37.2
      vertex 55.3556 27.4903 37.2
    endloop
  endfacet
  facet normal -0.0371121 -0.999311 0
    outer loop
      vertex 55.2 27.5 37.2
      vertex 55.3104 27.4959 37.725
      vertex 55.2 27.5 37.7321
    endloop
  endfacet
  facet normal -0.0369714 -0.999316 -2.96186e-05
    outer loop
      vertex 55.3104 27.4959 37.725
      vertex 55.2 27.5 37.2
      vertex 55.2919 27.4966 37.2
    endloop
  endfacet
  facet normal 0.0369714 -0.999316 -2.96186e-05
    outer loop
      vertex 55.2 27.5 37.2
      vertex 55.0896 27.4959 37.725
      vertex 55.1081 27.4966 37.2
    endloop
  endfacet
  facet normal 0.0371121 -0.999311 0
    outer loop
      vertex 55.0896 27.4959 37.725
      vertex 55.2 27.5 37.2
      vertex 55.2 27.5 37.7321
    endloop
  endfacet
  facet normal -0.147989 -0.988975 0.00520253
    outer loop
      vertex 55.3556 27.4903 37.2
      vertex 55.4605 27.4772 37.6937
      vertex 55.3863 27.4884 37.7121
    endloop
  endfacet
  facet normal -0.148415 -0.988911 0.00529466
    outer loop
      vertex 55.4605 27.4772 37.6937
      vertex 55.3556 27.4903 37.2
      vertex 55.4189 27.4808 37.2
    endloop
  endfacet
  facet normal -0.0862162 -0.996276 0
    outer loop
      vertex 55.4605 27.4772 37.2
      vertex 55.4605 27.4772 37.6937
      vertex 55.4189 27.4808 37.2
    endloop
  endfacet
  facet normal -0.217169 -0.976134 0
    outer loop
      vertex 55.4605 27.4772 37.2
      vertex 55.5904 27.4483 37.6495
      vertex 55.4605 27.4772 37.6937
    endloop
  endfacet
  facet normal -0.21693 -0.976187 -7.23906e-05
    outer loop
      vertex 55.5904 27.4483 37.6495
      vertex 55.4605 27.4772 37.2
      vertex 55.5712 27.4526 37.2
    endloop
  endfacet
  facet normal -0.258951 -0.965889 0.00182101
    outer loop
      vertex 55.6085 27.4426 37.2
      vertex 55.5904 27.4483 37.6495
      vertex 55.5712 27.4526 37.2
    endloop
  endfacet
  facet normal -0.301597 -0.953436 -5.41036e-05
    outer loop
      vertex 55.6085 27.4426 37.2
      vertex 55.7137 27.4093 37.5959
      vertex 55.5904 27.4483 37.6495
    endloop
  endfacet
  facet normal -0.302043 -0.953294 7.62927e-05
    outer loop
      vertex 55.7137 27.4093 37.5959
      vertex 55.6085 27.4426 37.2
      vertex 55.7136 27.4093 37.2
    endloop
  endfacet
  facet normal -0.366214 -0.930531 9.25016e-05
    outer loop
      vertex 55.7136 27.4093 37.2
      vertex 55.7856 27.381 37.5608
      vertex 55.7137 27.4093 37.5959
    endloop
  endfacet
  facet normal -0.366563 -0.930393 0.000173001
    outer loop
      vertex 55.7856 27.381 37.5608
      vertex 55.7136 27.4093 37.2
      vertex 55.7768 27.3844 37.2
    endloop
  endfacet
  facet normal -0.420649 -0.907222 0.00171054
    outer loop
      vertex 55.8057 27.371 37.2
      vertex 55.7856 27.381 37.5608
      vertex 55.7768 27.3844 37.2
    endloop
  endfacet
  facet normal -0.44637 -0.894848 -6.53075e-05
    outer loop
      vertex 55.8057 27.371 37.2
      vertex 55.95 27.299 37.4729
      vertex 55.7856 27.381 37.5608
    endloop
  endfacet
  facet normal -0.446469 -0.894799 -0
    outer loop
      vertex 55.95 27.299 37.4729
      vertex 55.8057 27.371 37.2
      vertex 55.95 27.299 37.2
    endloop
  endfacet
  facet normal -0.570657 -0.821189 0
    outer loop
      vertex 56.1642 27.1491 37.2
      vertex 56.1642 27.1491 37.3507
      vertex 56.1524 27.1573 37.2
    endloop
  endfacet
  facet normal -0.601283 -0.79903 0.00331946
    outer loop
      vertex 56.0346 27.246 37.2
      vertex 56.1642 27.1491 37.3507
      vertex 56.0418 27.2415 37.421
    endloop
  endfacet
  facet normal -0.601514 -0.798854 0.00363147
    outer loop
      vertex 56.1642 27.1491 37.3507
      vertex 56.0346 27.246 37.2
      vertex 56.1524 27.1573 37.2
    endloop
  endfacet
  facet normal -0.530829 -0.847479 0
    outer loop
      vertex 55.95 27.299 37.2
      vertex 56.0418 27.2415 37.421
      vertex 55.95 27.299 37.4729
    endloop
  endfacet
  facet normal -0.530899 -0.847435 4.07931e-05
    outer loop
      vertex 56.0418 27.2415 37.421
      vertex 55.95 27.299 37.2
      vertex 56.0346 27.246 37.2
    endloop
  endfacet
  facet normal -0.835685 -0.5492 0.00307598
    outer loop
      vertex 56.4485 26.827 37.2
      vertex 56.405 26.8933 37.2194
      vertex 56.4046 26.8938 37.2
    endloop
  endfacet
  facet normal -0.785311 -0.619102 0.00023575
    outer loop
      vertex 56.405 26.8933 37.2194
      vertex 56.3491 26.9642 37.2
      vertex 56.4046 26.8938 37.2
    endloop
  endfacet
  facet normal -0.78528 -0.619141 0
    outer loop
      vertex 56.3491 26.9642 37.2
      vertex 56.405 26.8933 37.2194
      vertex 56.3491 26.9642 37.2478
    endloop
  endfacet
  facet normal -0.696475 -0.717581 0
    outer loop
      vertex 56.3491 26.9642 37.2
      vertex 56.3491 26.9642 37.2478
      vertex 56.3457 26.9675 37.2
    endloop
  endfacet
  facet normal -0.73217 -0.681104 0.00505723
    outer loop
      vertex 56.3491 26.9642 37.2478
      vertex 56.243 27.0779 37.2
      vertex 56.3457 26.9675 37.2
    endloop
  endfacet
  facet normal -0.731704 -0.681617 0.00280107
    outer loop
      vertex 56.243 27.0779 37.2
      vertex 56.3491 26.9642 37.2478
      vertex 56.2461 27.075 37.3041
    endloop
  endfacet
  facet normal -0.670913 -0.741536 0
    outer loop
      vertex 56.1642 27.1491 37.2
      vertex 56.2461 27.075 37.3041
      vertex 56.1642 27.1491 37.3507
    endloop
  endfacet
  facet normal -0.67042 -0.741982 -0.000705522
    outer loop
      vertex 56.2461 27.075 37.3041
      vertex 56.1642 27.1491 37.2
      vertex 56.243 27.0779 37.2
    endloop
  endfacet
  facet normal 0 0 1
    outer loop
      vertex 41.665 28.5 40.74
      vertex 39.6093 27.65 40.74
      vertex 41.665 27.65 40.74
    endloop
  endfacet
  facet normal 0 0 1
    outer loop
      vertex 41.665 28.5 40.74
      vertex 39.4952 27.6742 40.74
      vertex 39.6093 27.65 40.74
    endloop
  endfacet
  facet normal 0 0 1
    outer loop
      vertex 41.665 28.5 40.74
      vertex 39.2 27.7 40.74
      vertex 39.4952 27.6742 40.74
    endloop
  endfacet
  facet normal -0 0 1
    outer loop
      vertex 35.665 28.5 40.74
      vertex 39.2 27.7 40.74
      vertex 41.665 28.5 40.74
    endloop
  endfacet
  facet normal 0 0 1
    outer loop
      vertex 39.2 27.7 40.74
      vertex 35.665 28.5 40.74
      vertex 38.9048 27.6742 40.74
    endloop
  endfacet
  facet normal 0 0 1
    outer loop
      vertex 38.9048 27.6742 40.74
      vertex 35.665 28.5 40.74
      vertex 38.7907 27.65 40.74
    endloop
  endfacet
  facet normal 0 0 1
    outer loop
      vertex 38.7907 27.65 40.74
      vertex 35.665 28.5 40.74
      vertex 35.665 27.65 40.74
    endloop
  endfacet
  facet normal -1 0 0
    outer loop
      vertex 41.665 27.65 40.74
      vertex 41.665 28.5 42.34
      vertex 41.665 28.5 40.74
    endloop
  endfacet
  facet normal -1 -0 0
    outer loop
      vertex 41.665 28.5 42.34
      vertex 41.665 27.65 40.74
      vertex 41.665 27.65 42.34
    endloop
  endfacet
  facet normal 1 -0 0
    outer loop
      vertex 35.665 27.65 42.34
      vertex 35.665 28.5 40.74
      vertex 35.665 28.5 42.34
    endloop
  endfacet
  facet normal 1 0 0
    outer loop
      vertex 35.665 28.5 40.74
      vertex 35.665 27.65 42.34
      vertex 35.665 27.65 40.74
    endloop
  endfacet
  facet normal -1 0 0
    outer loop
      vertex 55.395 27.65 39.29
      vertex 55.395 28.5 40.34
      vertex 55.395 28.5 39.29
    endloop
  endfacet
  facet normal -1 -0 0
    outer loop
      vertex 55.395 28.5 40.34
      vertex 55.395 27.65 39.29
      vertex 55.395 27.65 40.34
    endloop
  endfacet
  facet normal 1 -0 0
    outer loop
      vertex 45.245 27.65 42.34
      vertex 45.245 28.5 39.29
      vertex 45.245 28.5 42.34
    endloop
  endfacet
  facet normal 1 0 0
    outer loop
      vertex 45.245 28.5 39.29
      vertex 45.245 27.65 42.34
      vertex 45.245 27.65 39.29
    endloop
  endfacet
  facet normal 0.0539753 -0 0.998542
    outer loop
      vertex 46.445 27.6307 38.09
      vertex 46.445 28.5 38.09
      vertex 46.3155 27.6319 38.097
    endloop
  endfacet
  facet normal 0.0786047 -0.00368738 0.996899
    outer loop
      vertex 46.3155 27.6319 38.097
      vertex 46.445 28.5 38.09
      vertex 46.2573 28.5 38.1048
    endloop
  endfacet
  facet normal 0.117141 -0.00106978 0.993115
    outer loop
      vertex 46.2977 27.6323 38.0991
      vertex 46.3155 27.6319 38.097
      vertex 46.2573 28.5 38.1048
    endloop
  endfacet
  facet normal 0.139705 0 0.990193
    outer loop
      vertex 46.2977 27.6323 38.0991
      vertex 46.2573 28.5 38.1048
      vertex 46.2573 27.6333 38.1048
    endloop
  endfacet
  facet normal 0.208629 -0 0.977995
    outer loop
      vertex 46.2573 27.6333 38.1048
      vertex 46.2573 28.5 38.1048
      vertex 46.1312 27.6376 38.1317
    endloop
  endfacet
  facet normal 0.23315 -0.00375904 0.972433
    outer loop
      vertex 46.1312 27.6376 38.1317
      vertex 46.2573 28.5 38.1048
      vertex 46.0742 28.5 38.1487
    endloop
  endfacet
  facet normal 0.273117 -0.000911379 0.96198
    outer loop
      vertex 46.1069 27.6386 38.1386
      vertex 46.1312 27.6376 38.1317
      vertex 46.0742 28.5 38.1487
    endloop
  endfacet
  facet normal 0.382804 -0.00259225 0.923826
    outer loop
      vertex 45.9311 27.6461 38.2056
      vertex 46.0742 28.5 38.1487
      vertex 45.9002 28.5 38.2208
    endloop
  endfacet
  facet normal 0.369487 -0 0.929236
    outer loop
      vertex 46.0742 27.64 38.1487
      vertex 46.0742 28.5 38.1487
      vertex 45.9311 27.6461 38.2056
    endloop
  endfacet
  facet normal 0.295112 0 0.955463
    outer loop
      vertex 46.1069 27.6386 38.1386
      vertex 46.0742 28.5 38.1487
      vertex 46.0742 27.64 38.1487
    endloop
  endfacet
  facet normal 0.522672 -0.00259311 0.85253
    outer loop
      vertex 45.7668 27.65 38.3
      vertex 45.9002 28.5 38.2208
      vertex 45.7397 28.5 38.3192
    endloop
  endfacet
  facet normal 0.510509 -0 0.859872
    outer loop
      vertex 45.9002 27.6473 38.2208
      vertex 45.9002 28.5 38.2208
      vertex 45.7668 27.65 38.3
    endloop
  endfacet
  facet normal 0.441396 -0 0.897312
    outer loop
      vertex 45.9002 27.6473 38.2208
      vertex 45.9311 27.6461 38.2056
      vertex 45.9002 28.5 38.2208
    endloop
  endfacet
  facet normal 0.996906 -0 0.0786053
    outer loop
      vertex 45.245 27.65 39.29
      vertex 45.2598 28.5 39.1023
      vertex 45.245 28.5 39.29
    endloop
  endfacet
  facet normal 0.996906 0 0.0786053
    outer loop
      vertex 45.2598 28.5 39.1023
      vertex 45.245 27.65 39.29
      vertex 45.2598 27.65 39.1023
    endloop
  endfacet
  facet normal 0.97244 -0 0.233152
    outer loop
      vertex 45.2598 27.65 39.1023
      vertex 45.3037 28.5 38.9192
      vertex 45.2598 28.5 39.1023
    endloop
  endfacet
  facet normal 0.97244 0 0.233152
    outer loop
      vertex 45.3037 28.5 38.9192
      vertex 45.2598 27.65 39.1023
      vertex 45.3037 27.65 38.9192
    endloop
  endfacet
  facet normal 0.923829 -0 0.382805
    outer loop
      vertex 45.3037 27.65 38.9192
      vertex 45.3758 28.5 38.7452
      vertex 45.3037 28.5 38.9192
    endloop
  endfacet
  facet normal 0.923829 0 0.382805
    outer loop
      vertex 45.3758 28.5 38.7452
      vertex 45.3037 27.65 38.9192
      vertex 45.3758 27.65 38.7452
    endloop
  endfacet
  facet normal 0.852533 -0 0.522674
    outer loop
      vertex 45.3758 27.65 38.7452
      vertex 45.4742 28.5 38.5847
      vertex 45.3758 28.5 38.7452
    endloop
  endfacet
  facet normal 0.852533 0 0.522674
    outer loop
      vertex 45.4742 28.5 38.5847
      vertex 45.3758 27.65 38.7452
      vertex 45.4742 27.65 38.5847
    endloop
  endfacet
  facet normal 0.760417 -0 0.649435
    outer loop
      vertex 45.4742 27.65 38.5847
      vertex 45.5965 28.5 38.4415
      vertex 45.4742 28.5 38.5847
    endloop
  endfacet
  facet normal 0.760417 0 0.649435
    outer loop
      vertex 45.5965 28.5 38.4415
      vertex 45.4742 27.65 38.5847
      vertex 45.5965 27.65 38.4415
    endloop
  endfacet
  facet normal 0.649435 0 0.760417
    outer loop
      vertex 45.5965 28.5 38.4415
      vertex 45.7397 27.65 38.3192
      vertex 45.7397 28.5 38.3192
    endloop
  endfacet
  facet normal 0.649435 0 0.760417
    outer loop
      vertex 45.7397 27.65 38.3192
      vertex 45.5965 28.5 38.4415
      vertex 45.5965 27.65 38.4415
    endloop
  endfacet
  facet normal 0.578101 0 0.815965
    outer loop
      vertex 45.7668 27.65 38.3
      vertex 45.7397 28.5 38.3192
      vertex 45.7397 27.65 38.3192
    endloop
  endfacet
  facet normal -0 0 1
    outer loop
      vertex 46.445 28.5 38.09
      vertex 54.195 27.6307 38.09
      vertex 54.195 28.5 38.09
    endloop
  endfacet
  facet normal 0 0 1
    outer loop
      vertex 54.195 27.6307 38.09
      vertex 46.445 28.5 38.09
      vertex 46.445 27.6307 38.09
    endloop
  endfacet
  facet normal -0.996208 0 0.0870009
    outer loop
      vertex 55.3768 27.65 39.0816
      vertex 55.395 28.5 39.29
      vertex 55.3768 28.5 39.0816
    endloop
  endfacet
  facet normal -0.996208 0 0.0870009
    outer loop
      vertex 55.395 28.5 39.29
      vertex 55.3768 27.65 39.0816
      vertex 55.395 27.65 39.29
    endloop
  endfacet
  facet normal -0.965837 0 0.25915
    outer loop
      vertex 55.3226 27.65 38.8796
      vertex 55.3768 28.5 39.0816
      vertex 55.3226 28.5 38.8796
    endloop
  endfacet
  facet normal -0.965837 0 0.25915
    outer loop
      vertex 55.3768 28.5 39.0816
      vertex 55.3226 27.65 38.8796
      vertex 55.3768 27.65 39.0816
    endloop
  endfacet
  facet normal -0.90633 0 0.422571
    outer loop
      vertex 55.2342 27.65 38.69
      vertex 55.3226 28.5 38.8796
      vertex 55.2342 28.5 38.69
    endloop
  endfacet
  facet normal -0.90633 0 0.422571
    outer loop
      vertex 55.3226 28.5 38.8796
      vertex 55.2342 27.65 38.69
      vertex 55.3226 27.65 38.8796
    endloop
  endfacet
  facet normal -0.819254 0 0.57343
    outer loop
      vertex 55.1143 27.65 38.5187
      vertex 55.2342 28.5 38.69
      vertex 55.1143 28.5 38.5187
    endloop
  endfacet
  facet normal -0.819254 0 0.57343
    outer loop
      vertex 55.2342 28.5 38.69
      vertex 55.1143 27.65 38.5187
      vertex 55.2342 27.65 38.69
    endloop
  endfacet
  facet normal -0.707107 0 0.707107
    outer loop
      vertex 54.9663 28.5 38.3707
      vertex 55.1143 27.65 38.5187
      vertex 55.1143 28.5 38.5187
    endloop
  endfacet
  facet normal -0.707107 0 0.707107
    outer loop
      vertex 55.1143 27.65 38.5187
      vertex 54.9663 28.5 38.3707
      vertex 54.9663 27.65 38.3707
    endloop
  endfacet
  facet normal -0.60478 0 0.796393
    outer loop
      vertex 54.9663 27.65 38.3707
      vertex 54.9663 28.5 38.3707
      vertex 54.8732 27.65 38.3
    endloop
  endfacet
  facet normal -0.573422 -0.00533514 0.819243
    outer loop
      vertex 54.8732 27.65 38.3
      vertex 54.9663 28.5 38.3707
      vertex 54.795 28.5 38.2508
    endloop
  endfacet
  facet normal -0.532526 0 0.846414
    outer loop
      vertex 54.8732 27.65 38.3
      vertex 54.795 28.5 38.2508
      vertex 54.795 27.6489 38.2508
    endloop
  endfacet
  facet normal -0.422571 0 0.90633
    outer loop
      vertex 54.795 28.5 38.2508
      vertex 54.6054 28.5 38.1624
      vertex 54.6054 27.6417 38.1624
    endloop
  endfacet
  facet normal -0.408002 -0.00390248 0.912972
    outer loop
      vertex 54.7622 27.648 38.2325
      vertex 54.795 28.5 38.2508
      vertex 54.6054 27.6417 38.1624
    endloop
  endfacet
  facet normal -0.487225 0 0.873277
    outer loop
      vertex 54.795 27.6489 38.2508
      vertex 54.795 28.5 38.2508
      vertex 54.7622 27.648 38.2325
    endloop
  endfacet
  facet normal -0.162749 0 0.986667
    outer loop
      vertex 54.4034 27.6339 38.1082
      vertex 54.4034 28.5 38.1082
      vertex 54.384 27.6333 38.105
    endloop
  endfacet
  facet normal -0.242256 0 0.970212
    outer loop
      vertex 54.4034 27.6339 38.1082
      vertex 54.5664 27.64 38.1489
      vertex 54.4034 28.5 38.1082
    endloop
  endfacet
  facet normal -0.259149 -0.00340921 0.965831
    outer loop
      vertex 54.5664 27.64 38.1489
      vertex 54.6054 28.5 38.1624
      vertex 54.4034 28.5 38.1082
    endloop
  endfacet
  facet normal -0.319677 -0.00037698 0.947526
    outer loop
      vertex 54.591 27.6411 38.1572
      vertex 54.6054 28.5 38.1624
      vertex 54.5664 27.64 38.1489
    endloop
  endfacet
  facet normal -0.339644 0 0.940554
    outer loop
      vertex 54.6054 27.6417 38.1624
      vertex 54.6054 28.5 38.1624
      vertex 54.591 27.6411 38.1572
    endloop
  endfacet
  facet normal -0.133365 -0.000673963 0.991067
    outer loop
      vertex 54.384 27.6333 38.105
      vertex 54.4034 28.5 38.1082
      vertex 54.3253 27.632 38.0971
    endloop
  endfacet
  facet normal -0.0869999 -0.00491139 0.996196
    outer loop
      vertex 54.3253 27.632 38.0971
      vertex 54.4034 28.5 38.1082
      vertex 54.195 28.5 38.09
    endloop
  endfacet
  facet normal -0.0544089 0 0.998519
    outer loop
      vertex 54.3253 27.632 38.0971
      vertex 54.195 28.5 38.09
      vertex 54.195 27.6307 38.09
    endloop
  endfacet
  facet normal 0 1 0
    outer loop
      vertex 68.165 27.65 37.2276
      vertex 59.6 27.65 37.2
      vertex 58.965 27.65 37.2276
    endloop
  endfacet
  facet normal 0 1 0
    outer loop
      vertex 59.865 27.65 36.6637
      vertex 68.165 27.65 37.2276
      vertex 68.165 27.65 36.6637
    endloop
  endfacet
  facet normal 0 1 0
    outer loop
      vertex 68.165 27.65 37.2276
      vertex 59.865 27.65 36.6637
      vertex 59.6 27.65 37.2
    endloop
  endfacet
  facet normal 0 1 0
    outer loop
      vertex 59.6 27.65 36.3
      vertex 59.865 27.65 36.6637
      vertex 59.865 27.65 36.3
    endloop
  endfacet
  facet normal 0 1 0
    outer loop
      vertex 59.865 27.65 36.6637
      vertex 59.6 27.65 36.3
      vertex 59.6 27.65 37.2
    endloop
  endfacet
  facet normal 0 1 0
    outer loop
      vertex 58.965 27.65 37.2276
      vertex 59.6 27.65 37.2
      vertex 58.965 27.65 37.2
    endloop
  endfacet
  facet normal 1 -0 0
    outer loop
      vertex 59.865 27.3869 36.5074
      vertex 59.865 27.65 36.3
      vertex 59.865 27.65 36.6637
    endloop
  endfacet
  facet normal 1 -0 0
    outer loop
      vertex 59.865 27.1031 36.3931
      vertex 59.865 27.65 36.3
      vertex 59.865 27.3869 36.5074
    endloop
  endfacet
  facet normal 1 -0 0
    outer loop
      vertex 59.865 26.8051 36.3234
      vertex 59.865 27.65 36.3
      vertex 59.865 27.1031 36.3931
    endloop
  endfacet
  facet normal 1 0 0
    outer loop
      vertex 59.865 27.65 36.3
      vertex 59.865 26.8051 36.3234
      vertex 59.865 26.5 36.3
    endloop
  endfacet
  facet normal 0 0.996681 0.081412
    outer loop
      vertex 68.165 27.65 37.2276
      vertex 58.965 27.6467 37.268
      vertex 68.165 27.6467 37.268
    endloop
  endfacet
  facet normal 0 0.996681 0.081412
    outer loop
      vertex 58.965 27.6467 37.268
      vertex 68.165 27.65 37.2276
      vertex 58.965 27.65 37.2276
    endloop
  endfacet
  facet normal 0 0.970722 0.240204
    outer loop
      vertex 68.165 27.6467 37.268
      vertex 58.965 27.637 37.3072
      vertex 68.165 27.637 37.3072
    endloop
  endfacet
  facet normal 0 0.970722 0.240204
    outer loop
      vertex 58.965 27.637 37.3072
      vertex 68.165 27.6467 37.268
      vertex 58.965 27.6467 37.268
    endloop
  endfacet
  facet normal 0 0.918633 0.395111
    outer loop
      vertex 68.165 27.637 37.3072
      vertex 58.965 27.621 37.3444
      vertex 68.165 27.621 37.3444
    endloop
  endfacet
  facet normal 0 0.918633 0.395111
    outer loop
      vertex 58.965 27.621 37.3444
      vertex 68.165 27.637 37.3072
      vertex 58.965 27.637 37.3072
    endloop
  endfacet
  facet normal 0 0.844372 0.535757
    outer loop
      vertex 68.165 27.621 37.3444
      vertex 58.965 27.5993 37.3786
      vertex 68.165 27.5993 37.3786
    endloop
  endfacet
  facet normal 0 0.844372 0.535757
    outer loop
      vertex 58.965 27.5993 37.3786
      vertex 68.165 27.621 37.3444
      vertex 58.965 27.621 37.3444
    endloop
  endfacet
  facet normal 0 0.7455 0.666506
    outer loop
      vertex 68.165 27.5993 37.3786
      vertex 58.965 27.5723 37.4088
      vertex 68.165 27.5723 37.4088
    endloop
  endfacet
  facet normal 0 0.7455 0.666506
    outer loop
      vertex 58.965 27.5723 37.4088
      vertex 68.165 27.5993 37.3786
      vertex 58.965 27.5993 37.3786
    endloop
  endfacet
  facet normal -0 0.627704 0.778452
    outer loop
      vertex 58.965 27.5723 37.4088
      vertex 68.165 27.5408 37.4342
      vertex 68.165 27.5723 37.4088
    endloop
  endfacet
  facet normal 0 0.627704 0.778452
    outer loop
      vertex 68.165 27.5408 37.4342
      vertex 58.965 27.5723 37.4088
      vertex 58.965 27.5408 37.4342
    endloop
  endfacet
  facet normal -0 0.494009 0.869457
    outer loop
      vertex 58.965 27.5408 37.4342
      vertex 68.165 27.5056 37.4542
      vertex 68.165 27.5408 37.4342
    endloop
  endfacet
  facet normal 0 0.494009 0.869457
    outer loop
      vertex 68.165 27.5056 37.4542
      vertex 58.965 27.5408 37.4342
      vertex 58.965 27.5056 37.4542
    endloop
  endfacet
  facet normal -0 0.348683 0.937241
    outer loop
      vertex 58.965 27.5056 37.4542
      vertex 68.165 27.4677 37.4683
      vertex 68.165 27.5056 37.4542
    endloop
  endfacet
  facet normal 0 0.348683 0.937241
    outer loop
      vertex 68.165 27.4677 37.4683
      vertex 58.965 27.5056 37.4542
      vertex 58.965 27.4677 37.4683
    endloop
  endfacet
  facet normal -0 0.192788 0.98124
    outer loop
      vertex 58.965 27.4677 37.4683
      vertex 68.165 27.428 37.4761
      vertex 68.165 27.4677 37.4683
    endloop
  endfacet
  facet normal 0 0.192788 0.98124
    outer loop
      vertex 68.165 27.428 37.4761
      vertex 58.965 27.4677 37.4683
      vertex 58.965 27.428 37.4761
    endloop
  endfacet
  facet normal -0 0.0296166 0.999561
    outer loop
      vertex 58.965 27.428 37.4761
      vertex 68.165 27.3875 37.4773
      vertex 68.165 27.428 37.4761
    endloop
  endfacet
  facet normal 0 0.0296166 0.999561
    outer loop
      vertex 68.165 27.3875 37.4773
      vertex 58.965 27.428 37.4761
      vertex 58.965 27.3875 37.4773
    endloop
  endfacet
  facet normal 0 -0.13103 0.991378
    outer loop
      vertex 58.965 27.3875 37.4773
      vertex 68.165 27.3474 37.472
      vertex 68.165 27.3875 37.4773
    endloop
  endfacet
  facet normal 0 -0.13103 0.991378
    outer loop
      vertex 68.165 27.3474 37.472
      vertex 58.965 27.3875 37.4773
      vertex 58.965 27.3474 37.472
    endloop
  endfacet
  facet normal 0 -0.288706 0.957418
    outer loop
      vertex 58.965 27.3474 37.472
      vertex 68.165 27.3086 37.4603
      vertex 68.165 27.3474 37.472
    endloop
  endfacet
  facet normal 0 -0.288706 0.957418
    outer loop
      vertex 68.165 27.3086 37.4603
      vertex 58.965 27.3474 37.472
      vertex 58.965 27.3086 37.4603
    endloop
  endfacet
  facet normal 0 -0.440275 0.897863
    outer loop
      vertex 58.965 27.3086 37.4603
      vertex 68.165 27.2723 37.4425
      vertex 68.165 27.3086 37.4603
    endloop
  endfacet
  facet normal 0 -0.440275 0.897863
    outer loop
      vertex 68.165 27.2723 37.4425
      vertex 58.965 27.3086 37.4603
      vertex 58.965 27.2723 37.4425
    endloop
  endfacet
  facet normal 0 -0.578429 0.815733
    outer loop
      vertex 58.965 27.2723 37.4425
      vertex 68.165 27.2393 37.4191
      vertex 68.165 27.2723 37.4425
    endloop
  endfacet
  facet normal 0 -0.578429 0.815733
    outer loop
      vertex 68.165 27.2393 37.4191
      vertex 58.965 27.2723 37.4425
      vertex 58.965 27.2393 37.4191
    endloop
  endfacet
  facet normal 0.727166 -0.686461 0
    outer loop
      vertex 92.6528 9.79779 36.3
      vertex 92.6528 9.79779 37.1
      vertex 91.077 8.12855 36.3
    endloop
  endfacet
  facet normal 0.79613 -0.605126 0
    outer loop
      vertex 93.4192 10.8061 37.1
      vertex 92.6528 9.79779 37.1
      vertex 92.6528 9.79779 36.3
    endloop
  endfacet
  facet normal 0.813456 -0.579576 -0.0488003
    outer loop
      vertex 93.9848 11.6673 36.3
      vertex 93.4192 10.8061 37.1
      vertex 92.6528 9.79779 36.3
    endloop
  endfacet
  facet normal 0.835853 -0.548953 0
    outer loop
      vertex 93.4192 10.8061 37.1
      vertex 93.9848 11.6673 39.28
      vertex 93.4192 10.8061 39.28
    endloop
  endfacet
  facet normal 0.835853 -0.548953 0
    outer loop
      vertex 93.9848 11.6673 39.28
      vertex 93.4192 10.8061 37.1
      vertex 93.9848 11.6673 36.3
    endloop
  endfacet
  facet normal 0.99978 -0.0209954 0
    outer loop
      vertex 96.45 20.4 38
      vertex 96.45 20.4 39.28
      vertex 96.4353 19.7 38
    endloop
  endfacet
  facet normal 0.998964 -0.0437662 0.0124622
    outer loop
      vertex 96.4353 19.7 38
      vertex 96.45 20.4 39.28
      vertex 96.386 18.9392 39.28
    endloop
  endfacet
  facet normal 0.997907 -0.0646646 0
    outer loop
      vertex 96.386 18.9392 37.1
      vertex 96.4353 19.7 38
      vertex 96.386 18.9392 39.28
    endloop
  endfacet
  facet normal 0.997907 -0.0646646 0
    outer loop
      vertex 96.4353 19.7 38
      vertex 96.386 18.9392 37.1
      vertex 96.4353 19.7 36.3
    endloop
  endfacet
  facet normal 0.995691 -0.0896066 -0.0238564
    outer loop
      vertex 96.4353 19.7 36.3
      vertex 96.386 18.9392 37.1
      vertex 96.2922 18.1099 36.3
    endloop
  endfacet
  facet normal 0.993664 -0.112391 0
    outer loop
      vertex 96.386 18.9392 37.1
      vertex 96.2922 18.1099 37.1
      vertex 96.2922 18.1099 36.3
    endloop
  endfacet
  facet normal 0.978789 -0.204871 0
    outer loop
      vertex 96.2922 18.1099 36.3
      vertex 96.2922 18.1099 37.1
      vertex 95.8219 15.863 36.3
    endloop
  endfacet
  facet normal 0.980029 -0.166326 -0.108986
    outer loop
      vertex 96.2922 18.1099 37.1
      vertex 96.1215 17.1041 37.1
      vertex 95.8219 15.863 36.3
    endloop
  endfacet
  facet normal 0.886304 -0.463103 0
    outer loop
      vertex 93.9848 11.6673 39.28
      vertex 95.0479 13.7019 36.3
      vertex 95.0479 13.7019 39.28
    endloop
  endfacet
  facet normal 0.886304 -0.463103 0
    outer loop
      vertex 95.0479 13.7019 36.3
      vertex 93.9848 11.6673 39.28
      vertex 93.9848 11.6673 36.3
    endloop
  endfacet
  facet normal 0.941441 -0.337178 0
    outer loop
      vertex 95.0479 13.7019 39.28
      vertex 95.8219 15.863 36.3
      vertex 95.8219 15.863 39.28
    endloop
  endfacet
  facet normal 0.941441 -0.337178 0
    outer loop
      vertex 95.8219 15.863 36.3
      vertex 95.0479 13.7019 39.28
      vertex 95.0479 13.7019 36.3
    endloop
  endfacet
  facet normal 0.972078 -0.234658 0
    outer loop
      vertex 95.8219 15.863 39.28
      vertex 96.1215 17.1041 37.1
      vertex 96.1215 17.1041 39.28
    endloop
  endfacet
  facet normal 0.972078 -0.234658 0
    outer loop
      vertex 96.1215 17.1041 37.1
      vertex 95.8219 15.863 39.28
      vertex 95.8219 15.863 36.3
    endloop
  endfacet
  facet normal 0.750201 -0.649935 -0.121587
    outer loop
      vertex 92.6528 9.79779 37.1
      vertex 92.0827 9.13974 37.1
      vertex 91.077 8.12855 36.3
    endloop
  endfacet
  facet normal 0.709029 -0.705179 0
    outer loop
      vertex 91.077 8.12855 39.28
      vertex 92.0827 9.13974 37.1
      vertex 92.0827 9.13974 39.28
    endloop
  endfacet
  facet normal 0.709029 -0.705179 0
    outer loop
      vertex 92.0827 9.13974 37.1
      vertex 91.077 8.12855 39.28
      vertex 91.077 8.12855 36.3
    endloop
  endfacet
  facet normal 0.667709 -0.744422 0
    outer loop
      vertex 91.077 8.12855 36.3
      vertex 91.077 8.12855 39.28
      vertex 90.7196 7.80798 36.3
    endloop
  endfacet
  facet normal 0.626141 -0.77966 0.00877608
    outer loop
      vertex 90.7196 7.80798 36.3
      vertex 91.077 8.12855 39.28
      vertex 89.2872 6.69117 39.28
    endloop
  endfacet
  facet normal 0.614874 -0.788626 0
    outer loop
      vertex 90.7196 7.80798 36.3
      vertex 89.2872 6.69117 39.28
      vertex 89.2872 6.69117 36.3
    endloop
  endfacet
  facet normal 0.513323 -0.858196 0
    outer loop
      vertex 87.3172 5.51283 36.3
      vertex 89.2872 6.69117 39.28
      vertex 87.3172 5.51283 39.28
    endloop
  endfacet
  facet normal 0.513323 -0.858196 0
    outer loop
      vertex 89.2872 6.69117 39.28
      vertex 87.3172 5.51283 36.3
      vertex 89.2872 6.69117 36.3
    endloop
  endfacet
  facet normal 1 0 0
    outer loop
      vertex 96.45 27.9259 39.28
      vertex 96.45 24.7 38
      vertex 96.45 27.9259 36.3
    endloop
  endfacet
  facet normal 1 -0 0
    outer loop
      vertex 96.45 20.4 39.28
      vertex 96.45 24.7 38
      vertex 96.45 27.9259 39.28
    endloop
  endfacet
  facet normal 1 0 0
    outer loop
      vertex 96.45 24.7 38
      vertex 96.45 20.4 39.28
      vertex 96.45 20.4 38
    endloop
  endfacet
  facet normal 1 0 0
    outer loop
      vertex 96.45 27.9259 36.3
      vertex 96.45 24.7 38
      vertex 96.45 24.7 36.3
    endloop
  endfacet
  facet normal -1 0 0
    outer loop
      vertex 99.1 20.4 37.97
      vertex 99.1 27.5 39.28
      vertex 99.1 27.5 37.97
    endloop
  endfacet
  facet normal -1 -0 0
    outer loop
      vertex 99.1 27.5 39.28
      vertex 99.1 20.4 37.97
      vertex 99.1 20.4 39.28
    endloop
  endfacet
  facet normal -0.998072 0.0620622 0
    outer loop
      vertex 98.9521 18.0215 37.97
      vertex 99.1 20.4 39.28
      vertex 99.1 20.4 37.97
    endloop
  endfacet
  facet normal -0.998072 0.0620622 0
    outer loop
      vertex 99.1 20.4 39.28
      vertex 98.9521 18.0215 37.97
      vertex 98.9521 18.0215 39.28
    endloop
  endfacet
  facet normal -0.982696 0.185226 0
    outer loop
      vertex 98.5107 15.6797 37.97
      vertex 98.9521 18.0215 39.28
      vertex 98.9521 18.0215 37.97
    endloop
  endfacet
  facet normal -0.982696 0.185226 0
    outer loop
      vertex 98.9521 18.0215 39.28
      vertex 98.5107 15.6797 37.97
      vertex 98.5107 15.6797 39.28
    endloop
  endfacet
  facet normal -0.952186 0.30552 0
    outer loop
      vertex 97.7826 13.4105 37.97
      vertex 98.5107 15.6797 39.28
      vertex 98.5107 15.6797 37.97
    endloop
  endfacet
  facet normal -0.952186 0.30552 0
    outer loop
      vertex 98.5107 15.6797 39.28
      vertex 97.7826 13.4105 37.97
      vertex 97.7826 13.4105 39.28
    endloop
  endfacet
  facet normal -0.906994 0.421143 0
    outer loop
      vertex 96.779 11.2491 37.97
      vertex 97.7826 13.4105 39.28
      vertex 97.7826 13.4105 37.97
    endloop
  endfacet
  facet normal -0.906994 0.421143 0
    outer loop
      vertex 97.7826 13.4105 39.28
      vertex 96.779 11.2491 37.97
      vertex 96.779 11.2491 39.28
    endloop
  endfacet
  facet normal -0.847849 0.530238 0
    outer loop
      vertex 95.5154 9.22861 37.97
      vertex 96.779 11.2491 39.28
      vertex 96.779 11.2491 37.97
    endloop
  endfacet
  facet normal -0.847849 0.530238 0
    outer loop
      vertex 96.779 11.2491 39.28
      vertex 95.5154 9.22861 37.97
      vertex 95.5154 9.22861 39.28
    endloop
  endfacet
  facet normal -0.775623 0.631197 0
    outer loop
      vertex 94.0112 7.38023 37.97
      vertex 95.5154 9.22861 39.28
      vertex 95.5154 9.22861 37.97
    endloop
  endfacet
  facet normal -0.775623 0.631197 0
    outer loop
      vertex 95.5154 9.22861 39.28
      vertex 94.0112 7.38023 37.97
      vertex 94.0112 7.38023 39.28
    endloop
  endfacet
  facet normal -0.691453 0.722421 0
    outer loop
      vertex 94.0112 7.38023 37.97
      vertex 92.2896 5.73243 39.28
      vertex 94.0112 7.38023 39.28
    endloop
  endfacet
  facet normal -0.691453 0.722421 0
    outer loop
      vertex 92.2896 5.73243 39.28
      vertex 94.0112 7.38023 37.97
      vertex 92.2896 5.73243 37.97
    endloop
  endfacet
  facet normal -0.596648 0.802503 0
    outer loop
      vertex 92.2896 5.73243 37.97
      vertex 90.3772 4.31059 39.28
      vertex 92.2896 5.73243 39.28
    endloop
  endfacet
  facet normal -0.596648 0.802503 0
    outer loop
      vertex 90.3772 4.31059 39.28
      vertex 92.2896 5.73243 37.97
      vertex 90.3772 4.31059 37.97
    endloop
  endfacet
  facet normal -0.492622 0.870243 0
    outer loop
      vertex 90.3772 4.31059 37.97
      vertex 88.3033 3.13661 39.28
      vertex 90.3772 4.31059 39.28
    endloop
  endfacet
  facet normal -0.492622 0.870243 0
    outer loop
      vertex 88.3033 3.13661 39.28
      vertex 90.3772 4.31059 37.97
      vertex 88.3033 3.13661 37.97
    endloop
  endfacet
  facet normal -0.381029 0.924563 0
    outer loop
      vertex 88.3033 3.13661 37.97
      vertex 86.1 2.22859 39.28
      vertex 88.3033 3.13661 39.28
    endloop
  endfacet
  facet normal -0.381029 0.924563 0
    outer loop
      vertex 86.1 2.22859 39.28
      vertex 88.3033 3.13661 37.97
      vertex 86.1 2.22859 37.97
    endloop
  endfacet
  facet normal 1 -0 0
    outer loop
      vertex 100.3 20.4 38
      vertex 100.3 27.5 37.97
      vertex 100.3 27.5 38
    endloop
  endfacet
  facet normal 1 0 0
    outer loop
      vertex 100.3 27.5 37.97
      vertex 100.3 20.4 38
      vertex 100.3 20.4 37.97
    endloop
  endfacet
  facet normal 0.922521 -0 0.385947
    outer loop
      vertex 99.8045 20.4 40.34
      vertex 100 27.5 39.8727
      vertex 99.8045 27.5 40.34
    endloop
  endfacet
  facet normal 0.922521 0 0.385947
    outer loop
      vertex 100 27.5 39.8727
      vertex 99.8045 20.4 40.34
      vertex 100 20.4 39.8727
    endloop
  endfacet
  facet normal 0.971638 -0 0.236472
    outer loop
      vertex 100 20.4 39.8727
      vertex 100.225 27.5 38.9482
      vertex 100 27.5 39.8727
    endloop
  endfacet
  facet normal 0.971638 0 0.236472
    outer loop
      vertex 100.225 27.5 38.9482
      vertex 100 20.4 39.8727
      vertex 100.225 20.4 38.9482
    endloop
  endfacet
  facet normal 0.996886 -0 0.078851
    outer loop
      vertex 100.225 20.4 38.9482
      vertex 100.3 27.5 38
      vertex 100.225 27.5 38.9482
    endloop
  endfacet
  facet normal 0.996886 0 0.078851
    outer loop
      vertex 100.3 27.5 38
      vertex 100.225 20.4 38.9482
      vertex 100.3 20.4 38
    endloop
  endfacet
  facet normal -0 0 -1
    outer loop
      vertex 100.3 20.4 37.97
      vertex 98.9521 18.0215 37.97
      vertex 99.1 20.4 37.97
    endloop
  endfacet
  facet normal 0 0 -1
    outer loop
      vertex 97.7826 13.4105 37.97
      vertex 99.6537 15.3056 37.97
      vertex 98.8554 12.8598 37.97
    endloop
  endfacet
  facet normal -0 0 -1
    outer loop
      vertex 100.138 17.8324 37.97
      vertex 98.5107 15.6797 37.97
      vertex 98.9521 18.0215 37.97
    endloop
  endfacet
  facet normal -0 0 -1
    outer loop
      vertex 99.6537 15.3056 37.97
      vertex 97.7826 13.4105 37.97
      vertex 98.5107 15.6797 37.97
    endloop
  endfacet
  facet normal 0 0 -1
    outer loop
      vertex 96.779 11.2491 37.97
      vertex 98.8554 12.8598 37.97
      vertex 97.7556 10.534 37.97
    endloop
  endfacet
  facet normal -0 0 -1
    outer loop
      vertex 98.8554 12.8598 37.97
      vertex 96.779 11.2491 37.97
      vertex 97.7826 13.4105 37.97
    endloop
  endfacet
  facet normal 0 0 -1
    outer loop
      vertex 95.5154 9.22861 37.97
      vertex 97.7556 10.534 37.97
      vertex 96.3718 8.36505 37.97
    endloop
  endfacet
  facet normal -0 0 -1
    outer loop
      vertex 97.7556 10.534 37.97
      vertex 95.5154 9.22861 37.97
      vertex 96.779 11.2491 37.97
    endloop
  endfacet
  facet normal 0 0 -1
    outer loop
      vertex 94.0112 7.38023 37.97
      vertex 96.3718 8.36505 37.97
      vertex 94.726 6.38755 37.97
    endloop
  endfacet
  facet normal -0 0 -1
    outer loop
      vertex 96.3718 8.36505 37.97
      vertex 94.0112 7.38023 37.97
      vertex 95.5154 9.22861 37.97
    endloop
  endfacet
  facet normal 0 0 -1
    outer loop
      vertex 92.2896 5.73243 37.97
      vertex 94.726 6.38755 37.97
      vertex 92.8445 4.63291 37.97
    endloop
  endfacet
  facet normal -0 0 -1
    outer loop
      vertex 94.726 6.38755 37.97
      vertex 92.2896 5.73243 37.97
      vertex 94.0112 7.38023 37.97
    endloop
  endfacet
  facet normal 0 0 -1
    outer loop
      vertex 90.3772 4.31059 37.97
      vertex 92.8445 4.63291 37.97
      vertex 90.757 3.12906 37.97
    endloop
  endfacet
  facet normal -0 0 -1
    outer loop
      vertex 92.8445 4.63291 37.97
      vertex 90.3772 4.31059 37.97
      vertex 92.2896 5.73243 37.97
    endloop
  endfacet
  facet normal 0 0 -1
    outer loop
      vertex 88.3033 3.13661 37.97
      vertex 90.757 3.12906 37.97
      vertex 88.4969 1.8999 37.97
    endloop
  endfacet
  facet normal 0 0 -1
    outer loop
      vertex 90.757 3.12906 37.97
      vertex 88.3033 3.13661 37.97
      vertex 90.3772 4.31059 37.97
    endloop
  endfacet
  facet normal 0 0 -1
    outer loop
      vertex 86.1 2.22859 37.97
      vertex 88.4969 1.8999 37.97
      vertex 86.1 0.964976 37.97
    endloop
  endfacet
  facet normal 0 0 -1
    outer loop
      vertex 88.4969 1.8999 37.97
      vertex 86.1 2.22859 37.97
      vertex 88.3033 3.13661 37.97
    endloop
  endfacet
  facet normal 0 0 -1
    outer loop
      vertex 98.9521 18.0215 37.97
      vertex 100.3 20.4 37.97
      vertex 100.138 17.8324 37.97
    endloop
  endfacet
  facet normal 0 0 -1
    outer loop
      vertex 98.5107 15.6797 37.97
      vertex 100.138 17.8324 37.97
      vertex 99.6537 15.3056 37.97
    endloop
  endfacet
  facet normal 0 0 -1
    outer loop
      vertex 100.3 20.4 37.97
      vertex 99.1 20.4 37.97
      vertex 100.3 27.5 37.97
    endloop
  endfacet
  facet normal -0 0 -1
    outer loop
      vertex 100.3 27.5 37.97
      vertex 99.1 20.4 37.97
      vertex 99.1 27.5 37.97
    endloop
  endfacet
  facet normal 0.333819 -0.942637 0
    outer loop
      vertex 87.3132 1.39461 38
      vertex 86.1 0.964976 38
      vertex 86.1 0.964976 37.97
    endloop
  endfacet
  facet normal 0.215949 -0.553636 -0.804272
    outer loop
      vertex 88.4969 1.8999 37.97
      vertex 87.3132 1.39461 38
      vertex 86.1 0.964976 37.97
    endloop
  endfacet
  facet normal 0.3926 -0.91971 0
    outer loop
      vertex 88.4969 1.8999 37.97
      vertex 88.4969 1.8999 38
      vertex 87.3132 1.39461 38
    endloop
  endfacet
  facet normal 0.449829 -0.893115 0
    outer loop
      vertex 89.6463 2.47881 38
      vertex 88.4969 1.8999 38
      vertex 88.4969 1.8999 37.97
    endloop
  endfacet
  facet normal 0.284016 -0.52223 -0.804121
    outer loop
      vertex 90.757 3.12906 37.97
      vertex 89.6463 2.47881 38
      vertex 88.4969 1.8999 37.97
    endloop
  endfacet
  facet normal 0.505228 -0.862986 0
    outer loop
      vertex 90.757 3.12906 37.97
      vertex 90.757 3.12906 38
      vertex 89.6463 2.47881 38
    endloop
  endfacet
  facet normal 0.558633 -0.829415 0
    outer loop
      vertex 91.8245 3.84805 38
      vertex 90.757 3.12906 38
      vertex 90.757 3.12906 37.97
    endloop
  endfacet
  facet normal 0.347341 -0.482146 -0.804294
    outer loop
      vertex 92.8445 4.63291 37.97
      vertex 91.8245 3.84805 38
      vertex 90.757 3.12906 37.97
    endloop
  endfacet
  facet normal 0.60983 -0.792532 0
    outer loop
      vertex 92.8445 4.63291 37.97
      vertex 92.8445 4.63291 38
      vertex 91.8245 3.84805 38
    endloop
  endfacet
  facet normal 0.658628 -0.752469 0
    outer loop
      vertex 93.8129 5.48054 38
      vertex 92.8445 4.63291 38
      vertex 92.8445 4.63291 37.97
    endloop
  endfacet
  facet normal 0.405498 -0.434815 -0.804056
    outer loop
      vertex 94.726 6.38755 37.97
      vertex 93.8129 5.48054 38
      vertex 92.8445 4.63291 37.97
    endloop
  endfacet
  facet normal 0.704737 -0.709469 0
    outer loop
      vertex 94.726 6.38755 37.97
      vertex 94.726 6.38755 38
      vertex 93.8129 5.48054 38
    endloop
  endfacet
  facet normal 0.748067 -0.663624 0
    outer loop
      vertex 95.5801 7.35033 38
      vertex 94.726 6.38755 38
      vertex 94.726 6.38755 37.97
    endloop
  endfacet
  facet normal 0.456822 -0.380196 -0.804217
    outer loop
      vertex 96.3718 8.36505 37.97
      vertex 95.5801 7.35033 38
      vertex 94.726 6.38755 37.97
    endloop
  endfacet
  facet normal 0.78842 -0.615137 0
    outer loop
      vertex 96.3718 8.36505 37.97
      vertex 96.3718 8.36505 38
      vertex 95.5801 7.35033 38
    endloop
  endfacet
  facet normal 0.825653 -0.564178 0
    outer loop
      vertex 97.0979 9.42767 38
      vertex 96.3718 8.36505 38
      vertex 96.3718 8.36505 37.97
    endloop
  endfacet
  facet normal 0.501104 -0.319707 -0.804165
    outer loop
      vertex 97.7556 10.534 37.97
      vertex 97.0979 9.42767 38
      vertex 96.3718 8.36505 37.97
    endloop
  endfacet
  facet normal 0.859576 -0.511008 0
    outer loop
      vertex 97.7556 10.534 37.97
      vertex 97.7556 10.534 38
      vertex 97.0979 9.42767 38
    endloop
  endfacet
  facet normal 0.890081 -0.455802 0
    outer loop
      vertex 98.3422 11.6795 38
      vertex 97.7556 10.534 38
      vertex 97.7556 10.534 37.97
    endloop
  endfacet
  facet normal 0.537106 -0.253981 -0.804369
    outer loop
      vertex 98.8554 12.8598 37.97
      vertex 98.3422 11.6795 38
      vertex 97.7556 10.534 37.97
    endloop
  endfacet
  facet normal 0.917063 -0.398743 0
    outer loop
      vertex 98.8554 12.8598 37.97
      vertex 98.8554 12.8598 38
      vertex 98.3422 11.6795 38
    endloop
  endfacet
  facet normal 0.940393 -0.340089 0
    outer loop
      vertex 99.2931 14.0701 38
      vertex 98.8554 12.8598 38
      vertex 98.8554 12.8598 37.97
    endloop
  endfacet
  facet normal 0.565336 -0.184524 -0.803957
    outer loop
      vertex 99.6537 15.3056 37.97
      vertex 99.2931 14.0701 38
      vertex 98.8554 12.8598 37.97
    endloop
  endfacet
  facet normal 0.959949 -0.280176 0
    outer loop
      vertex 99.6537 15.3056 37.97
      vertex 99.6537 15.3056 38
      vertex 99.2931 14.0701 38
    endloop
  endfacet
  facet normal 0.975715 -0.219044 0
    outer loop
      vertex 99.9356 16.5613 38
      vertex 99.6537 15.3056 38
      vertex 99.6537 15.3056 37.97
    endloop
  endfacet
  facet normal 0.584691 -0.112065 -0.803479
    outer loop
      vertex 100.138 17.8324 37.97
      vertex 99.9356 16.5613 38
      vertex 99.6537 15.3056 37.97
    endloop
  endfacet
  facet normal 0.987559 -0.157251 0
    outer loop
      vertex 100.138 17.8324 37.97
      vertex 100.138 17.8324 38
      vertex 99.9356 16.5613 38
    endloop
  endfacet
  facet normal 0.99557 -0.0940243 0
    outer loop
      vertex 100.259 19.1136 38
      vertex 100.138 17.8324 38
      vertex 100.138 17.8324 37.97
    endloop
  endfacet
  facet normal 0.598002 -0.0377303 -0.800606
    outer loop
      vertex 100.3 20.4 37.97
      vertex 100.259 19.1136 38
      vertex 100.138 17.8324 37.97
    endloop
  endfacet
  facet normal 0.999492 -0.0318557 0
    outer loop
      vertex 100.3 20.4 37.97
      vertex 100.3 20.4 38
      vertex 100.259 19.1136 38
    endloop
  endfacet
  facet normal 0.333371 -0.941373 0.051765
    outer loop
      vertex 87.3132 1.39461 38
      vertex 86.1 0.999443 38.6268
      vertex 86.1 0.964976 38
    endloop
  endfacet
  facet normal 0.328886 -0.926901 0.180798
    outer loop
      vertex 87.2858 1.46487 38.9482
      vertex 86.1 1.10137 39.2417
      vertex 86.1 1.04416 38.9484
    endloop
  endfacet
  facet normal 0.331554 -0.934446 0.12993
    outer loop
      vertex 87.2858 1.46487 38.9482
      vertex 86.1 1.04416 38.9484
      vertex 86.1 0.999443 38.6268
    endloop
  endfacet
  facet normal 0.314417 -0.877324 0.362554
    outer loop
      vertex 86.1 1.28934 39.9
      vertex 86.3571 1.56331 40.34
      vertex 86.1 1.47117 40.34
    endloop
  endfacet
  facet normal 0.31444 -0.877321 0.362539
    outer loop
      vertex 86.3571 1.56331 40.34
      vertex 86.1 1.28934 39.9
      vertex 87.2043 1.67385 39.8727
    endloop
  endfacet
  facet normal 0.323259 -0.909942 0.259824
    outer loop
      vertex 87.2043 1.67385 39.8727
      vertex 86.1 1.28934 39.9
      vertex 86.1 1.10137 39.2417
    endloop
  endfacet
  facet normal 0.345524 -0.935056 0.0792706
    outer loop
      vertex 87.3132 1.39461 38
      vertex 87.2858 1.46487 38.9482
      vertex 86.1 0.999443 38.6268
    endloop
  endfacet
  facet normal 0.391365 -0.916817 0.0792438
    outer loop
      vertex 87.3132 1.39461 38
      vertex 88.4969 1.8999 38
      vertex 87.2858 1.46487 38.9482
    endloop
  endfacet
  facet normal 0.391364 -0.916818 0.0792421
    outer loop
      vertex 88.4969 1.8999 38
      vertex 88.4651 1.96828 38.9482
      vertex 87.2858 1.46487 38.9482
    endloop
  endfacet
  facet normal 0.448414 -0.890306 0.0792435
    outer loop
      vertex 88.4969 1.8999 38
      vertex 89.6463 2.47881 38
      vertex 88.4651 1.96828 38.9482
    endloop
  endfacet
  facet normal 0.4484 -0.890316 0.0792205
    outer loop
      vertex 89.6463 2.47881 38
      vertex 89.6103 2.54505 38.9482
      vertex 88.4651 1.96828 38.9482
    endloop
  endfacet
  facet normal 0.50364 -0.860274 0.0792191
    outer loop
      vertex 89.6463 2.47881 38
      vertex 90.757 3.12906 38
      vertex 89.6103 2.54505 38.9482
    endloop
  endfacet
  facet normal 0.503635 -0.860278 0.0792104
    outer loop
      vertex 90.757 3.12906 38
      vertex 90.7169 3.19289 38.9482
      vertex 89.6103 2.54505 38.9482
    endloop
  endfacet
  facet normal 0.556878 -0.826809 0.079209
    outer loop
      vertex 90.757 3.12906 38
      vertex 91.8245 3.84805 38
      vertex 90.7169 3.19289 38.9482
    endloop
  endfacet
  facet normal 0.556895 -0.826795 0.0792387
    outer loop
      vertex 91.8245 3.84805 38
      vertex 91.7804 3.90922 38.9482
      vertex 90.7169 3.19289 38.9482
    endloop
  endfacet
  facet normal 0.607913 -0.79004 0.0792403
    outer loop
      vertex 91.8245 3.84805 38
      vertex 92.8445 4.63291 38
      vertex 91.7804 3.90922 38.9482
    endloop
  endfacet
  facet normal 0.607928 -0.790025 0.0792685
    outer loop
      vertex 92.8445 4.63291 38
      vertex 92.7966 4.69119 38.9482
      vertex 91.7804 3.90922 38.9482
    endloop
  endfacet
  facet normal 0.656555 -0.750101 0.0792711
    outer loop
      vertex 92.8445 4.63291 38
      vertex 93.8129 5.48054 38
      vertex 92.7966 4.69119 38.9482
    endloop
  endfacet
  facet normal 0.656525 -0.750134 0.0792109
    outer loop
      vertex 93.8129 5.48054 38
      vertex 93.7615 5.53568 38.9482
      vertex 92.7966 4.69119 38.9482
    endloop
  endfacet
  facet normal 0.702523 -0.70724 0.0792099
    outer loop
      vertex 93.8129 5.48054 38
      vertex 94.726 6.38755 38
      vertex 93.7615 5.53568 38.9482
    endloop
  endfacet
  facet normal 0.702532 -0.707228 0.0792302
    outer loop
      vertex 94.726 6.38755 38
      vertex 94.6712 6.43934 38.9482
      vertex 93.7615 5.53568 38.9482
    endloop
  endfacet
  facet normal 0.745715 -0.661538 0.0792303
    outer loop
      vertex 94.726 6.38755 38
      vertex 95.5801 7.35033 38
      vertex 94.6712 6.43934 38.9482
    endloop
  endfacet
  facet normal 0.745695 -0.661565 0.0791848
    outer loop
      vertex 95.5801 7.35033 38
      vertex 95.5222 7.39856 38.9482
      vertex 94.6712 6.43934 38.9482
    endloop
  endfacet
  facet normal 0.785944 -0.613206 0.0791828
    outer loop
      vertex 95.5801 7.35033 38
      vertex 96.3718 8.36505 38
      vertex 95.5222 7.39856 38.9482
    endloop
  endfacet
  facet normal 0.785969 -0.613167 0.079244
    outer loop
      vertex 96.3718 8.36505 38
      vertex 96.3109 8.40953 38.9482
      vertex 95.5222 7.39856 38.9482
    endloop
  endfacet
  facet normal 0.823057 -0.562404 0.0792447
    outer loop
      vertex 96.3718 8.36505 38
      vertex 97.0979 9.42767 38
      vertex 96.3109 8.40953 38.9482
    endloop
  endfacet
  facet normal 0.823063 -0.562392 0.0792633
    outer loop
      vertex 97.0979 9.42767 38
      vertex 97.0343 9.46823 38.9482
      vertex 96.3109 8.40953 38.9482
    endloop
  endfacet
  facet normal 0.856872 -0.5094 0.0792642
    outer loop
      vertex 97.0979 9.42767 38
      vertex 97.7556 10.534 38
      vertex 97.0343 9.46823 38.9482
    endloop
  endfacet
  facet normal 0.856851 -0.509445 0.0791984
    outer loop
      vertex 97.7556 10.534 38
      vertex 97.6896 10.5704 38.9482
      vertex 97.0343 9.46823 38.9482
    endloop
  endfacet
  facet normal 0.887285 -0.45437 0.0792026
    outer loop
      vertex 97.7556 10.534 38
      vertex 98.3422 11.6795 38
      vertex 97.6896 10.5704 38.9482
    endloop
  endfacet
  facet normal 0.88731 -0.454305 0.0792961
    outer loop
      vertex 98.3422 11.6795 38
      vertex 98.274 11.7118 38.9482
      vertex 97.6896 10.5704 38.9482
    endloop
  endfacet
  facet normal 0.914175 -0.397488 0.079293
    outer loop
      vertex 98.3422 11.6795 38
      vertex 98.8554 12.8598 38
      vertex 98.274 11.7118 38.9482
    endloop
  endfacet
  facet normal 0.914172 -0.397497 0.0792804
    outer loop
      vertex 98.8554 12.8598 38
      vertex 98.7853 12.8877 38.9482
      vertex 98.274 11.7118 38.9482
    endloop
  endfacet
  facet normal 0.937433 -0.339019 0.0792794
    outer loop
      vertex 98.8554 12.8598 38
      vertex 99.2931 14.0701 38
      vertex 98.7853 12.8877 38.9482
    endloop
  endfacet
  facet normal 0.937428 -0.339038 0.0792524
    outer loop
      vertex 99.2931 14.0701 38
      vertex 99.2214 14.0935 38.9482
      vertex 98.7853 12.8877 38.9482
    endloop
  endfacet
  facet normal 0.956929 -0.279295 0.0792526
    outer loop
      vertex 99.2931 14.0701 38
      vertex 99.6537 15.3056 38
      vertex 99.2214 14.0935 38.9482
    endloop
  endfacet
  facet normal 0.956937 -0.279252 0.0793103
    outer loop
      vertex 99.6537 15.3056 38
      vertex 99.5806 15.3244 38.9482
      vertex 99.2214 14.0935 38.9482
    endloop
  endfacet
  facet normal 0.972641 -0.218354 0.0793136
    outer loop
      vertex 99.6537 15.3056 38
      vertex 99.9356 16.5613 38
      vertex 99.5806 15.3244 38.9482
    endloop
  endfacet
  facet normal 0.972638 -0.218379 0.0792802
    outer loop
      vertex 99.9356 16.5613 38
      vertex 99.8615 16.5755 38.9482
      vertex 99.5806 15.3244 38.9482
    endloop
  endfacet
  facet normal 0.98445 -0.156756 0.0792804
    outer loop
      vertex 99.9356 16.5613 38
      vertex 100.138 17.8324 38
      vertex 99.8615 16.5755 38.9482
    endloop
  endfacet
  facet normal 0.984456 -0.156639 0.0794371
    outer loop
      vertex 100.138 17.8324 38
      vertex 100.063 17.8419 38.9482
      vertex 99.8615 16.5755 38.9482
    endloop
  endfacet
  facet normal 0.992424 -0.0937272 0.079437
    outer loop
      vertex 100.138 17.8324 38
      vertex 100.259 19.1136 38
      vertex 100.063 17.8419 38.9482
    endloop
  endfacet
  facet normal 0.992428 -0.0940727 0.0789745
    outer loop
      vertex 100.259 19.1136 38
      vertex 100.184 19.1184 38.9482
      vertex 100.063 17.8419 38.9482
    endloop
  endfacet
  facet normal 0.996371 -0.0317562 0.0789709
    outer loop
      vertex 100.259 19.1136 38
      vertex 100.3 20.4 38
      vertex 100.184 19.1184 38.9482
    endloop
  endfacet
  facet normal 0.99638 -0.0318754 0.0788109
    outer loop
      vertex 100.3 20.4 38
      vertex 100.225 20.4 38.9482
      vertex 100.184 19.1184 38.9482
    endloop
  endfacet
  facet normal 0.337692 -0.911254 0.235755
    outer loop
      vertex 87.2858 1.46487 38.9482
      vertex 87.2043 1.67385 39.8727
      vertex 86.1 1.10137 39.2417
    endloop
  endfacet
  facet normal 0.38154 -0.893803 0.235676
    outer loop
      vertex 87.2858 1.46487 38.9482
      vertex 88.4651 1.96828 38.9482
      vertex 87.2043 1.67385 39.8727
    endloop
  endfacet
  facet normal 0.381534 -0.893808 0.235666
    outer loop
      vertex 88.4651 1.96828 38.9482
      vertex 88.3706 2.1717 39.8727
      vertex 87.2043 1.67385 39.8727
    endloop
  endfacet
  facet normal 0.437144 -0.867967 0.235665
    outer loop
      vertex 88.4651 1.96828 38.9482
      vertex 89.6103 2.54505 38.9482
      vertex 88.3706 2.1717 39.8727
    endloop
  endfacet
  facet normal 0.437163 -0.867949 0.235697
    outer loop
      vertex 89.6103 2.54505 38.9482
      vertex 89.5031 2.74211 39.8727
      vertex 88.3706 2.1717 39.8727
    endloop
  endfacet
  facet normal 0.490988 -0.838676 0.235699
    outer loop
      vertex 89.6103 2.54505 38.9482
      vertex 90.7169 3.19289 38.9482
      vertex 89.5031 2.74211 39.8727
    endloop
  endfacet
  facet normal 0.490989 -0.838674 0.235701
    outer loop
      vertex 90.7169 3.19289 38.9482
      vertex 90.5975 3.38281 39.8727
      vertex 89.5031 2.74211 39.8727
    endloop
  endfacet
  facet normal 0.542912 -0.806035 0.235701
    outer loop
      vertex 90.7169 3.19289 38.9482
      vertex 91.7804 3.90922 38.9482
      vertex 90.5975 3.38281 39.8727
    endloop
  endfacet
  facet normal 0.5429 -0.80605 0.235677
    outer loop
      vertex 91.7804 3.90922 38.9482
      vertex 91.6493 4.09123 39.8727
      vertex 90.5975 3.38281 39.8727
    endloop
  endfacet
  facet normal 0.592669 -0.770195 0.235676
    outer loop
      vertex 91.7804 3.90922 38.9482
      vertex 92.7966 4.69119 38.9482
      vertex 91.6493 4.09123 39.8727
    endloop
  endfacet
  facet normal 0.592664 -0.770201 0.235666
    outer loop
      vertex 92.7966 4.69119 38.9482
      vertex 92.6543 4.86457 39.8727
      vertex 91.6493 4.09123 39.8727
    endloop
  endfacet
  facet normal 0.640044 -0.731304 0.235664
    outer loop
      vertex 92.7966 4.69119 38.9482
      vertex 93.7615 5.53568 38.9482
      vertex 92.6543 4.86457 39.8727
    endloop
  endfacet
  facet normal 0.640058 -0.731281 0.235698
    outer loop
      vertex 93.7615 5.53568 38.9482
      vertex 93.6085 5.69974 39.8727
      vertex 92.6543 4.86457 39.8727
    endloop
  endfacet
  facet normal 0.684892 -0.68947 0.235698
    outer loop
      vertex 93.7615 5.53568 38.9482
      vertex 94.6712 6.43934 38.9482
      vertex 93.6085 5.69974 39.8727
    endloop
  endfacet
  facet normal 0.68488 -0.689493 0.235665
    outer loop
      vertex 94.6712 6.43934 38.9482
      vertex 94.5082 6.59342 39.8727
      vertex 93.6085 5.69974 39.8727
    endloop
  endfacet
  facet normal 0.726975 -0.644957 0.235665
    outer loop
      vertex 94.6712 6.43934 38.9482
      vertex 95.5222 7.39856 38.9482
      vertex 94.5082 6.59342 39.8727
    endloop
  endfacet
  facet normal 0.727003 -0.644895 0.235749
    outer loop
      vertex 95.5222 7.39856 38.9482
      vertex 95.3497 7.54206 39.8727
      vertex 94.5082 6.59342 39.8727
    endloop
  endfacet
  facet normal 0.766224 -0.597764 0.235752
    outer loop
      vertex 95.5222 7.39856 38.9482
      vertex 96.3109 8.40953 38.9482
      vertex 95.3497 7.54206 39.8727
    endloop
  endfacet
  facet normal 0.766201 -0.597827 0.235668
    outer loop
      vertex 96.3109 8.40953 38.9482
      vertex 96.1298 8.54187 39.8727
      vertex 95.3497 7.54206 39.8727
    endloop
  endfacet
  facet normal 0.802405 -0.548276 0.235667
    outer loop
      vertex 96.3109 8.40953 38.9482
      vertex 97.0343 9.46823 38.9482
      vertex 96.1298 8.54187 39.8727
    endloop
  endfacet
  facet normal 0.802408 -0.548268 0.235678
    outer loop
      vertex 97.0343 9.46823 38.9482
      vertex 96.8452 9.58888 39.8727
      vertex 96.1298 8.54187 39.8727
    endloop
  endfacet
  facet normal 0.835339 -0.496654 0.235678
    outer loop
      vertex 97.0343 9.46823 38.9482
      vertex 97.6896 10.5704 38.9482
      vertex 96.8452 9.58888 39.8727
    endloop
  endfacet
  facet normal 0.835351 -0.496603 0.235743
    outer loop
      vertex 97.6896 10.5704 38.9482
      vertex 97.4932 10.6789 39.8727
      vertex 96.8452 9.58888 39.8727
    endloop
  endfacet
  facet normal 0.865025 -0.442895 0.235744
    outer loop
      vertex 97.6896 10.5704 38.9482
      vertex 98.274 11.7118 38.9482
      vertex 97.4932 10.6789 39.8727
    endloop
  endfacet
  facet normal 0.865019 -0.442931 0.235698
    outer loop
      vertex 98.274 11.7118 38.9482
      vertex 98.0712 11.8077 39.8727
      vertex 97.4932 10.6789 39.8727
    endloop
  endfacet
  facet normal 0.891222 -0.387517 0.235698
    outer loop
      vertex 98.274 11.7118 38.9482
      vertex 98.7853 12.8877 38.9482
      vertex 98.0712 11.8077 39.8727
    endloop
  endfacet
  facet normal 0.891218 -0.387556 0.23565
    outer loop
      vertex 98.7853 12.8877 38.9482
      vertex 98.5769 12.9706 39.8727
      vertex 98.0712 11.8077 39.8727
    endloop
  endfacet
  facet normal 0.913903 -0.33053 0.23565
    outer loop
      vertex 98.7853 12.8877 38.9482
      vertex 99.2214 14.0935 38.9482
      vertex 98.5769 12.9706 39.8727
    endloop
  endfacet
  facet normal 0.913903 -0.330538 0.23564
    outer loop
      vertex 99.2214 14.0935 38.9482
      vertex 99.0082 14.1631 39.8727
      vertex 98.5769 12.9706 39.8727
    endloop
  endfacet
  facet normal 0.932929 -0.272246 0.23564
    outer loop
      vertex 99.2214 14.0935 38.9482
      vertex 99.5806 15.3244 38.9482
      vertex 99.0082 14.1631 39.8727
    endloop
  endfacet
  facet normal 0.932928 -0.272222 0.235669
    outer loop
      vertex 99.5806 15.3244 38.9482
      vertex 99.3634 15.3804 39.8727
      vertex 99.0082 14.1631 39.8727
    endloop
  endfacet
  facet normal 0.948227 -0.212898 0.23567
    outer loop
      vertex 99.5806 15.3244 38.9482
      vertex 99.8615 16.5755 38.9482
      vertex 99.3634 15.3804 39.8727
    endloop
  endfacet
  facet normal 0.948227 -0.212897 0.235672
    outer loop
      vertex 99.8615 16.5755 38.9482
      vertex 99.6412 16.6177 39.8727
      vertex 99.3634 15.3804 39.8727
    endloop
  endfacet
  facet normal 0.959759 -0.15271 0.235673
    outer loop
      vertex 99.8615 16.5755 38.9482
      vertex 100.063 17.8419 38.9482
      vertex 99.6412 16.6177 39.8727
    endloop
  endfacet
  facet normal 0.959751 -0.152653 0.235744
    outer loop
      vertex 100.063 17.8419 38.9482
      vertex 99.8404 17.8701 39.8727
      vertex 99.6412 16.6177 39.8727
    endloop
  endfacet
  facet normal 0.967478 -0.0917077 0.235746
    outer loop
      vertex 100.063 17.8419 38.9482
      vertex 100.184 19.1184 38.9482
      vertex 99.8404 17.8701 39.8727
    endloop
  endfacet
  facet normal 0.967518 -0.0918927 0.23551
    outer loop
      vertex 100.184 19.1184 38.9482
      vertex 99.9603 19.1325 39.8727
      vertex 99.8404 17.8701 39.8727
    endloop
  endfacet
  facet normal 0.971374 -0.0310755 0.235516
    outer loop
      vertex 100.184 19.1184 38.9482
      vertex 100.225 20.4 38.9482
      vertex 99.9603 19.1325 39.8727
    endloop
  endfacet
  facet normal 0.971189 -0.0304191 0.236363
    outer loop
      vertex 100.225 20.4 38.9482
      vertex 100 20.4 39.8727
      vertex 99.9603 19.1325 39.8727
    endloop
  endfacet
  facet normal 0.325752 -0.86286 0.386468
    outer loop
      vertex 87.2043 1.67385 39.8727
      vertex 87.1331 1.85627 40.34
      vertex 86.3571 1.56331 40.34
    endloop
  endfacet
  facet normal 0.362137 -0.848297 0.386327
    outer loop
      vertex 87.2043 1.67385 39.8727
      vertex 87.6781 2.08893 40.34
      vertex 87.1331 1.85627 40.34
    endloop
  endfacet
  facet normal 0.362106 -0.848296 0.386358
    outer loop
      vertex 87.6781 2.08893 40.34
      vertex 87.2043 1.67385 39.8727
      vertex 88.3706 2.1717 39.8727
    endloop
  endfacet
  facet normal 0.362112 -0.848289 0.386368
    outer loop
      vertex 88.3706 2.1717 39.8727
      vertex 88.288 2.34928 40.34
      vertex 87.6781 2.08893 40.34
    endloop
  endfacet
  facet normal 0.41486 -0.823775 0.386376
    outer loop
      vertex 88.3706 2.1717 39.8727
      vertex 88.8173 2.61584 40.34
      vertex 88.288 2.34928 40.34
    endloop
  endfacet
  facet normal 0.414912 -0.823773 0.386324
    outer loop
      vertex 88.8173 2.61584 40.34
      vertex 88.3706 2.1717 39.8727
      vertex 89.5031 2.74211 39.8727
    endloop
  endfacet
  facet normal 0.414883 -0.823813 0.38627
    outer loop
      vertex 89.5031 2.74211 39.8727
      vertex 89.4096 2.91413 40.34
      vertex 88.8173 2.61584 40.34
    endloop
  endfacet
  facet normal 0.466034 -0.795997 0.386265
    outer loop
      vertex 89.5031 2.74211 39.8727
      vertex 89.921 3.21354 40.34
      vertex 89.4096 2.91413 40.34
    endloop
  endfacet
  facet normal 0.466006 -0.796 0.386292
    outer loop
      vertex 89.921 3.21354 40.34
      vertex 89.5031 2.74211 39.8727
      vertex 90.5975 3.38281 39.8727
    endloop
  endfacet
  facet normal 0.466003 -0.796005 0.386286
    outer loop
      vertex 90.5975 3.38281 39.8727
      vertex 90.4933 3.54858 40.34
      vertex 89.921 3.21354 40.34
    endloop
  endfacet
  facet normal 0.515306 -0.765012 0.386285
    outer loop
      vertex 90.5975 3.38281 39.8727
      vertex 90.9848 3.87965 40.34
      vertex 90.4933 3.54858 40.34
    endloop
  endfacet
  facet normal 0.515264 -0.765019 0.386326
    outer loop
      vertex 90.9848 3.87965 40.34
      vertex 90.5975 3.38281 39.8727
      vertex 91.6493 4.09123 39.8727
    endloop
  endfacet
  facet normal 0.515276 -0.764999 0.386352
    outer loop
      vertex 91.6493 4.09123 39.8727
      vertex 91.5348 4.25011 40.34
      vertex 90.9848 3.87965 40.34
    endloop
  endfacet
  facet normal 0.562447 -0.731015 0.386355
    outer loop
      vertex 91.6493 4.09123 39.8727
      vertex 92.0045 4.6115 40.34
      vertex 91.5348 4.25011 40.34
    endloop
  endfacet
  facet normal 0.562501 -0.731002 0.386301
    outer loop
      vertex 92.0045 4.6115 40.34
      vertex 91.6493 4.09123 39.8727
      vertex 92.6543 4.86457 39.8727
    endloop
  endfacet
  facet normal 0.562523 -0.730956 0.386357
    outer loop
      vertex 92.6543 4.86457 39.8727
      vertex 92.53 5.01591 40.34
      vertex 92.0045 4.6115 40.34
    endloop
  endfacet
  facet normal 0.607405 -0.694106 0.386361
    outer loop
      vertex 92.6543 4.86457 39.8727
      vertex 92.976 5.4062 40.34
      vertex 92.53 5.01591 40.34
    endloop
  endfacet
  facet normal 0.607497 -0.694079 0.386266
    outer loop
      vertex 92.976 5.4062 40.34
      vertex 92.6543 4.86457 39.8727
      vertex 93.6085 5.69974 39.8727
    endloop
  endfacet
  facet normal 0.607492 -0.694093 0.386249
    outer loop
      vertex 93.6085 5.69974 39.8727
      vertex 93.475 5.84294 40.34
      vertex 92.976 5.4062 40.34
    endloop
  endfacet
  facet normal 0.650081 -0.654377 0.386246
    outer loop
      vertex 93.6085 5.69974 39.8727
      vertex 93.8954 6.26058 40.34
      vertex 93.475 5.84294 40.34
    endloop
  endfacet
  facet normal 0.650021 -0.654399 0.386309
    outer loop
      vertex 93.8954 6.26058 40.34
      vertex 93.6085 5.69974 39.8727
      vertex 94.5082 6.59342 39.8727
    endloop
  endfacet
  facet normal 0.650016 -0.654412 0.386295
    outer loop
      vertex 94.5082 6.59342 39.8727
      vertex 94.3659 6.72792 40.34
      vertex 93.8954 6.26058 40.34
    endloop
  endfacet
  facet normal 0.689981 -0.61213 0.386295
    outer loop
      vertex 94.5082 6.59342 39.8727
      vertex 94.7592 7.17124 40.34
      vertex 94.3659 6.72792 40.34
    endloop
  endfacet
  facet normal 0.690038 -0.612104 0.386233
    outer loop
      vertex 94.7592 7.17124 40.34
      vertex 94.5082 6.59342 39.8727
      vertex 95.3497 7.54206 39.8727
    endloop
  endfacet
  facet normal 0.690053 -0.612045 0.3863
    outer loop
      vertex 95.3497 7.54206 39.8727
      vertex 95.1992 7.66732 40.34
      vertex 94.7592 7.17124 40.34
    endloop
  endfacet
  facet normal 0.727172 -0.567444 0.386299
    outer loop
      vertex 95.3497 7.54206 39.8727
      vertex 95.5638 8.13455 40.34
      vertex 95.1992 7.66732 40.34
    endloop
  endfacet
  facet normal 0.727226 -0.567417 0.386239
    outer loop
      vertex 95.5638 8.13455 40.34
      vertex 95.3497 7.54206 39.8727
      vertex 96.1298 8.54187 39.8727
    endloop
  endfacet
  facet normal 0.727236 -0.567362 0.3863
    outer loop
      vertex 96.1298 8.54187 39.8727
      vertex 95.9717 8.65739 40.34
      vertex 95.5638 8.13455 40.34
    endloop
  endfacet
  facet normal 0.761588 -0.520344 0.386298
    outer loop
      vertex 96.1298 8.54187 39.8727
      vertex 96.306 9.14668 40.34
      vertex 95.9717 8.65739 40.34
    endloop
  endfacet
  facet normal 0.761562 -0.520359 0.386328
    outer loop
      vertex 96.306 9.14668 40.34
      vertex 96.1298 8.54187 39.8727
      vertex 96.8452 9.58888 39.8727
    endloop
  endfacet
  facet normal 0.761547 -0.520476 0.386201
    outer loop
      vertex 96.8452 9.58888 39.8727
      vertex 96.6802 9.6942 40.34
      vertex 96.306 9.14668 40.34
    endloop
  endfacet
  facet normal 0.792909 -0.471325 0.386197
    outer loop
      vertex 96.8452 9.58888 39.8727
      vertex 96.983 10.2036 40.34
      vertex 96.6802 9.6942 40.34
    endloop
  endfacet
  facet normal 0.792872 -0.47135 0.386241
    outer loop
      vertex 96.983 10.2036 40.34
      vertex 96.8452 9.58888 39.8727
      vertex 97.4932 10.6789 39.8727
    endloop
  endfacet
  facet normal 0.792877 -0.471275 0.386323
    outer loop
      vertex 97.4932 10.6789 39.8727
      vertex 97.3218 10.7736 40.34
      vertex 96.983 10.2036 40.34
    endloop
  endfacet
  facet normal 0.820996 -0.420381 0.386323
    outer loop
      vertex 97.4932 10.6789 39.8727
      vertex 97.5919 11.3011 40.34
      vertex 97.3218 10.7736 40.34
    endloop
  endfacet
  facet normal 0.820989 -0.420386 0.386331
    outer loop
      vertex 97.5919 11.3011 40.34
      vertex 97.4932 10.6789 39.8727
      vertex 98.0712 11.8077 39.8727
    endloop
  endfacet
  facet normal 0.820989 -0.420439 0.386274
    outer loop
      vertex 98.0712 11.8077 39.8727
      vertex 97.8942 11.8914 40.34
      vertex 97.5919 11.3011 40.34
    endloop
  endfacet
  facet normal 0.845868 -0.36783 0.386274
    outer loop
      vertex 98.0712 11.8077 39.8727
      vertex 98.1305 12.4348 40.34
      vertex 97.8942 11.8914 40.34
    endloop
  endfacet
  facet normal 0.845864 -0.367833 0.38628
    outer loop
      vertex 98.1305 12.4348 40.34
      vertex 98.0712 11.8077 39.8727
      vertex 98.5769 12.9706 39.8727
    endloop
  endfacet
  facet normal 0.845857 -0.367716 0.386408
    outer loop
      vertex 98.5769 12.9706 39.8727
      vertex 98.3949 13.043 40.34
      vertex 98.1305 12.4348 40.34
    endloop
  endfacet
  facet normal 0.867305 -0.313799 0.386408
    outer loop
      vertex 98.5769 12.9706 39.8727
      vertex 98.5965 13.6002 40.34
      vertex 98.3949 13.043 40.34
    endloop
  endfacet
  facet normal 0.867388 -0.313715 0.386291
    outer loop
      vertex 98.5965 13.6002 40.34
      vertex 98.5769 12.9706 39.8727
      vertex 99.0082 14.1631 39.8727
    endloop
  endfacet
  facet normal 0.867374 -0.313601 0.386415
    outer loop
      vertex 99.0082 14.1631 39.8727
      vertex 98.822 14.2239 40.34
      vertex 98.5965 13.6002 40.34
    endloop
  endfacet
  facet normal 0.885391 -0.258395 0.386412
    outer loop
      vertex 99.0082 14.1631 39.8727
      vertex 98.988 14.7927 40.34
      vertex 98.822 14.2239 40.34
    endloop
  endfacet
  facet normal 0.885421 -0.25836 0.386366
    outer loop
      vertex 98.988 14.7927 40.34
      vertex 99.0082 14.1631 39.8727
      vertex 99.3634 15.3804 39.8727
    endloop
  endfacet
  facet normal 0.885434 -0.258425 0.386294
    outer loop
      vertex 99.3634 15.3804 39.8727
      vertex 99.1738 15.4293 40.34
      vertex 98.988 14.7927 40.34
    endloop
  endfacet
  facet normal 0.899977 -0.202036 0.386294
    outer loop
      vertex 99.3634 15.3804 39.8727
      vertex 99.3036 16.0075 40.34
      vertex 99.1738 15.4293 40.34
    endloop
  endfacet
  facet normal 0.899959 -0.20206 0.386324
    outer loop
      vertex 99.3036 16.0075 40.34
      vertex 99.3634 15.3804 39.8727
      vertex 99.6412 16.6177 39.8727
    endloop
  endfacet
  facet normal 0.899963 -0.202078 0.386304
    outer loop
      vertex 99.6412 16.6177 39.8727
      vertex 99.4489 16.6546 40.34
      vertex 99.3036 16.0075 40.34
    endloop
  endfacet
  facet normal 0.910918 -0.144919 0.386298
    outer loop
      vertex 99.6412 16.6177 39.8727
      vertex 99.542 17.2398 40.34
      vertex 99.4489 16.6546 40.34
    endloop
  endfacet
  facet normal 0.910938 -0.144889 0.386263
    outer loop
      vertex 99.542 17.2398 40.34
      vertex 99.6412 16.6177 39.8727
      vertex 99.8404 17.8701 39.8727
    endloop
  endfacet
  facet normal 0.910955 -0.14494 0.386204
    outer loop
      vertex 99.8404 17.8701 39.8727
      vertex 99.6462 17.8947 40.34
      vertex 99.542 17.2398 40.34
    endloop
  endfacet
  facet normal 0.918285 -0.0871592 0.386208
    outer loop
      vertex 99.8404 17.8701 39.8727
      vertex 99.7022 18.4847 40.34
      vertex 99.6462 17.8947 40.34
    endloop
  endfacet
  facet normal 0.918253 -0.0872137 0.38627
    outer loop
      vertex 99.7022 18.4847 40.34
      vertex 99.8404 17.8701 39.8727
      vertex 99.9603 19.1325 39.8727
    endloop
  endfacet
  facet normal 0.918251 -0.0872074 0.386278
    outer loop
      vertex 99.9603 19.1325 39.8727
      vertex 99.7649 19.1449 40.34
      vertex 99.7022 18.4847 40.34
    endloop
  endfacet
  facet normal 0.921931 -0.0289514 0.386271
    outer loop
      vertex 99.9603 19.1325 39.8727
      vertex 99.7835 19.7372 40.34
      vertex 99.7649 19.1449 40.34
    endloop
  endfacet
  facet normal 0.921968 -0.0288774 0.386189
    outer loop
      vertex 99.7835 19.7372 40.34
      vertex 99.9603 19.1325 39.8727
      vertex 100 20.4 39.8727
    endloop
  endfacet
  facet normal 0.922127 -0.0292165 0.385782
    outer loop
      vertex 100 20.4 39.8727
      vertex 99.8045 20.4 40.34
      vertex 99.7835 19.7372 40.34
    endloop
  endfacet
  facet normal -0.707108 -0.707106 0
    outer loop
      vertex 82.4286 5.9 39.28
      vertex 86.1 2.22859 39.75
      vertex 82.4286 5.9 39.75
    endloop
  endfacet
  facet normal -0.707108 -0.707106 -0
    outer loop
      vertex 86.1 2.22859 39.75
      vertex 82.4286 5.9 39.28
      vertex 86.1 2.22859 39.28
    endloop
  endfacet
  facet normal -1 0 0
    outer loop
      vertex 82.4286 5.9 39.28
      vertex 82.4286 6.4 37.1
      vertex 82.4286 5.9 37.1
    endloop
  endfacet
  facet normal -1 0 0
    outer loop
      vertex 82.4286 6.4 37.1
      vertex 82.4286 5.9 39.28
      vertex 82.4286 6.4 39.75
    endloop
  endfacet
  facet normal -1 -0 0
    outer loop
      vertex 82.4286 6.4 39.75
      vertex 82.4286 5.9 39.28
      vertex 82.4286 5.9 39.75
    endloop
  endfacet
  facet normal 0 1 -0
    outer loop
      vertex 87.4372 6.4 37.1
      vertex 82.4286 6.4 39.75
      vertex 87.4372 6.4 39.75
    endloop
  endfacet
  facet normal 0 1 0
    outer loop
      vertex 82.4286 6.4 39.75
      vertex 87.4372 6.4 37.1
      vertex 82.4286 6.4 37.1
    endloop
  endfacet
  facet normal -1 0 0
    outer loop
      vertex 93.2082 26.3 37.1
      vertex 93.2082 27.3 38.65
      vertex 93.2082 28.5 37.1
    endloop
  endfacet
  facet normal -1 -0 0
    outer loop
      vertex 93.2082 27.3 38.65
      vertex 93.2082 26.3 37.1
      vertex 93.2082 26.3 38.65
    endloop
  endfacet
  facet normal -1 0 0
    outer loop
      vertex 93.2082 28.5 37.1
      vertex 93.2082 28.8 33.55
      vertex 93.2082 28.5 33.55
    endloop
  endfacet
  facet normal -1 0 0
    outer loop
      vertex 93.2082 28.8 33.55
      vertex 93.2082 28.5 37.1
      vertex 93.2082 28.8 40.34
    endloop
  endfacet
  facet normal -1 0 0
    outer loop
      vertex 93.2082 27.3 38.65
      vertex 93.2082 28.8 40.34
      vertex 93.2082 28.5 37.1
    endloop
  endfacet
  facet normal -1 -0 0
    outer loop
      vertex 93.2082 28.8 40.34
      vertex 93.2082 27.3 38.65
      vertex 93.2082 27.3 40.34
    endloop
  endfacet
  facet normal 1 0 0
    outer loop
      vertex 93.7082 27.3 38.65
      vertex 93.7082 28.3 40.34
      vertex 93.7082 27.3 40.34
    endloop
  endfacet
  facet normal 1 0 0
    outer loop
      vertex 93.7082 28.3 40.34
      vertex 93.7082 27.3 38.65
      vertex 93.7082 28.3 37.15
    endloop
  endfacet
  facet normal 1 0 0
    outer loop
      vertex 93.7082 26.3 37.15
      vertex 93.7082 27.3 38.65
      vertex 93.7082 26.3 38.65
    endloop
  endfacet
  facet normal 1 0 0
    outer loop
      vertex 93.7082 27.3 38.65
      vertex 93.7082 26.3 37.15
      vertex 93.7082 28.3 37.15
    endloop
  endfacet
  facet normal 0 -1 0
    outer loop
      vertex 93.7082 28.3 40.34
      vertex 94.8687 28.3 39.75
      vertex 94.9263 28.3 40.34
    endloop
  endfacet
  facet normal 0 -1 0
    outer loop
      vertex 93.7082 28.3 37.15
      vertex 94.8687 28.3 39.75
      vertex 93.7082 28.3 40.34
    endloop
  endfacet
  facet normal 0 -1 -0
    outer loop
      vertex 94.8687 28.3 39.75
      vertex 93.7082 28.3 37.15
      vertex 94.8687 28.3 37.15
    endloop
  endfacet
  facet normal 0 -1 -0
    outer loop
      vertex 94.9263 28.3 40.34
      vertex 94.8687 28.3 39.75
      vertex 94.9263 28.3 39.75
    endloop
  endfacet
  facet normal 0 -1 0
    outer loop
      vertex 93.2082 27.3 38.65
      vertex 93.7082 27.3 40.34
      vertex 93.2082 27.3 40.34
    endloop
  endfacet
  facet normal 0 -1 -0
    outer loop
      vertex 93.7082 27.3 40.34
      vertex 93.2082 27.3 38.65
      vertex 93.7082 27.3 38.65
    endloop
  endfacet
  facet normal 0 0 1
    outer loop
      vertex 93.2082 26.3 38.65
      vertex 93.7082 26.3 38.65
      vertex 93.7082 27.3 38.65
    endloop
  endfacet
  facet normal 0 0 1
    outer loop
      vertex 92.2524 23.8635 38.65
      vertex 93.7082 26.3 38.65
      vertex 93.2082 26.3 38.65
    endloop
  endfacet
  facet normal 0 0 1
    outer loop
      vertex 93.7082 26.3 38.65
      vertex 92.2524 23.8635 38.65
      vertex 93.7 23.1998 38.65
    endloop
  endfacet
  facet normal 0 0 1
    outer loop
      vertex 93.2082 26.3 38.65
      vertex 93.7082 27.3 38.65
      vertex 93.2082 27.3 38.65
    endloop
  endfacet
  facet normal 0 0 1
    outer loop
      vertex 93.7 23.1998 38.65
      vertex 92.2524 23.8635 38.65
      vertex 93.5264 23.1846 38.65
    endloop
  endfacet
  facet normal 0 0 1
    outer loop
      vertex 93.5264 23.1846 38.65
      vertex 92.2524 23.8635 38.65
      vertex 93.358 23.1395 38.65
    endloop
  endfacet
  facet normal 0 0 1
    outer loop
      vertex 93.358 23.1395 38.65
      vertex 92.2524 23.8635 38.65
      vertex 93.2 23.0658 38.65
    endloop
  endfacet
  facet normal 0 0 1
    outer loop
      vertex 93.2 23.0658 38.65
      vertex 92.2524 23.8635 38.65
      vertex 93.0572 22.9658 38.65
    endloop
  endfacet
  facet normal 0 0 1
    outer loop
      vertex 93.0572 22.9658 38.65
      vertex 92.2524 23.8635 38.65
      vertex 92.934 22.8426 38.65
    endloop
  endfacet
  facet normal 0 0 1
    outer loop
      vertex 92.934 22.8426 38.65
      vertex 92.2524 23.8635 38.65
      vertex 92.834 22.6998 38.65
    endloop
  endfacet
  facet normal 0 0 1
    outer loop
      vertex 92.834 22.6998 38.65
      vertex 92.2524 23.8635 38.65
      vertex 92.7603 22.5418 38.65
    endloop
  endfacet
  facet normal -0 0 1
    outer loop
      vertex 91.2804 21.779 38.65
      vertex 92.7 21.7498 38.65
      vertex 92.7 22.1998 38.65
    endloop
  endfacet
  facet normal 0 0 1
    outer loop
      vertex 92.7 21.7498 38.65
      vertex 91.2804 21.779 38.65
      vertex 92.6521 20.239 38.65
    endloop
  endfacet
  facet normal 0 0 1
    outer loop
      vertex 92.6521 20.239 38.65
      vertex 91.2804 21.779 38.65
      vertex 92.5453 20.1494 38.65
    endloop
  endfacet
  facet normal 0 0 1
    outer loop
      vertex 91.2804 21.779 38.65
      vertex 92.7 22.1998 38.65
      vertex 92.7152 22.3734 38.65
    endloop
  endfacet
  facet normal 0 0 1
    outer loop
      vertex 92.5453 20.1494 38.65
      vertex 91.2804 21.779 38.65
      vertex 92.4557 20.0426 38.65
    endloop
  endfacet
  facet normal 0 0 1
    outer loop
      vertex 91.2804 21.779 38.65
      vertex 92.7603 22.5418 38.65
      vertex 92.2524 23.8635 38.65
    endloop
  endfacet
  facet normal 0 0 1
    outer loop
      vertex 92.7603 22.5418 38.65
      vertex 91.2804 21.779 38.65
      vertex 92.7152 22.3734 38.65
    endloop
  endfacet
  facet normal 0 0 1
    outer loop
      vertex 93.2082 26.3 38.65
      vertex 91.3461 24.2861 38.65
      vertex 92.2524 23.8635 38.65
    endloop
  endfacet
  facet normal 0 0 1
    outer loop
      vertex 90.5424 23.2265 38.65
      vertex 91.3461 24.2861 38.65
      vertex 90.5424 25.7 38.65
    endloop
  endfacet
  facet normal 0 0 1
    outer loop
      vertex 93.2082 26.3 38.65
      vertex 90.5424 25.7 38.65
      vertex 91.3461 24.2861 38.65
    endloop
  endfacet
  facet normal 0 0 1
    outer loop
      vertex 93.2082 26.3 38.65
      vertex 86.2042 25.7 38.65
      vertex 90.5424 25.7 38.65
    endloop
  endfacet
  facet normal -0 0 1
    outer loop
      vertex 79.065 26.3 38.65
      vertex 86.2042 25.7 38.65
      vertex 93.2082 26.3 38.65
    endloop
  endfacet
  facet normal 0 0 1
    outer loop
      vertex 86.2042 25.7 38.65
      vertex 79.065 26.3 38.65
      vertex 84.9139 25.7 38.65
    endloop
  endfacet
  facet normal 0 0 1
    outer loop
      vertex 84.9139 25.7 38.65
      vertex 79.065 26.3 38.65
      vertex 79.065 25.7 38.65
    endloop
  endfacet
  facet normal -0 0 1
    outer loop
      vertex 93.7082 26.3 38.65
      vertex 95.95 23.1998 38.65
      vertex 95.95 26.3 38.65
    endloop
  endfacet
  facet normal 0 0 1
    outer loop
      vertex 95.95 23.1998 38.65
      vertex 93.7082 26.3 38.65
      vertex 93.7 23.1998 38.65
    endloop
  endfacet
  facet normal -0 0 1
    outer loop
      vertex 93.7 20.7498 38.65
      vertex 95.95 19.1425 38.65
      vertex 95.95 20.7498 38.65
    endloop
  endfacet
  facet normal 0 0 1
    outer loop
      vertex 93.4491 20.3087 38.65
      vertex 93.7 20.7498 38.65
      vertex 93.5264 20.765 38.65
    endloop
  endfacet
  facet normal 0 0 1
    outer loop
      vertex 93.7 20.7498 38.65
      vertex 93.4491 20.3087 38.65
      vertex 95.95 19.1425 38.65
    endloop
  endfacet
  facet normal 0 0 1
    outer loop
      vertex 93.318 20.3564 38.65
      vertex 93.5264 20.765 38.65
      vertex 93.358 20.8101 38.65
    endloop
  endfacet
  facet normal 0 0 1
    outer loop
      vertex 93.5264 20.765 38.65
      vertex 93.318 20.3564 38.65
      vertex 93.4491 20.3087 38.65
    endloop
  endfacet
  facet normal 0 0 1
    outer loop
      vertex 93.1807 20.3807 38.65
      vertex 93.358 20.8101 38.65
      vertex 93.2 20.8838 38.65
    endloop
  endfacet
  facet normal 0 0 1
    outer loop
      vertex 93.358 20.8101 38.65
      vertex 93.1807 20.3807 38.65
      vertex 93.318 20.3564 38.65
    endloop
  endfacet
  facet normal 0 0 1
    outer loop
      vertex 93.0413 20.3807 38.65
      vertex 93.2 20.8838 38.65
      vertex 93.0572 20.9838 38.65
    endloop
  endfacet
  facet normal 0 0 1
    outer loop
      vertex 93.2 20.8838 38.65
      vertex 93.0413 20.3807 38.65
      vertex 93.1807 20.3807 38.65
    endloop
  endfacet
  facet normal 0 0 1
    outer loop
      vertex 92.9039 20.3564 38.65
      vertex 93.0572 20.9838 38.65
      vertex 92.934 21.107 38.65
    endloop
  endfacet
  facet normal 0 0 1
    outer loop
      vertex 93.0572 20.9838 38.65
      vertex 92.9039 20.3564 38.65
      vertex 93.0413 20.3807 38.65
    endloop
  endfacet
  facet normal 0 0 1
    outer loop
      vertex 92.6521 20.239 38.65
      vertex 92.934 21.107 38.65
      vertex 92.834 21.2498 38.65
    endloop
  endfacet
  facet normal 0 0 1
    outer loop
      vertex 92.934 21.107 38.65
      vertex 92.7729 20.3087 38.65
      vertex 92.9039 20.3564 38.65
    endloop
  endfacet
  facet normal 0 0 1
    outer loop
      vertex 92.6521 20.239 38.65
      vertex 92.834 21.2498 38.65
      vertex 92.7603 21.4078 38.65
    endloop
  endfacet
  facet normal 0 0 1
    outer loop
      vertex 92.6521 20.239 38.65
      vertex 92.7603 21.4078 38.65
      vertex 92.7152 21.5762 38.65
    endloop
  endfacet
  facet normal 0 0 1
    outer loop
      vertex 92.6521 20.239 38.65
      vertex 92.7152 21.5762 38.65
      vertex 92.7 21.7498 38.65
    endloop
  endfacet
  facet normal 0 0 1
    outer loop
      vertex 92.934 21.107 38.65
      vertex 92.6521 20.239 38.65
      vertex 92.7729 20.3087 38.65
    endloop
  endfacet
  facet normal -0 0 1
    outer loop
      vertex 90.5424 20.0728 38.65
      vertex 92.4557 20.0426 38.65
      vertex 91.2804 21.779 38.65
    endloop
  endfacet
  facet normal 0 0 1
    outer loop
      vertex 92.4557 20.0426 38.65
      vertex 90.5424 20.0728 38.65
      vertex 92.3859 19.9218 38.65
    endloop
  endfacet
  facet normal 0 0 1
    outer loop
      vertex 90.5424 20.0728 38.65
      vertex 91.2804 21.779 38.65
      vertex 90.5424 22.1231 38.65
    endloop
  endfacet
  facet normal 0 0 1
    outer loop
      vertex 92.3859 19.9218 38.65
      vertex 90.5424 20.0728 38.65
      vertex 91.9181 18.9185 38.65
    endloop
  endfacet
  facet normal 0 0 1
    outer loop
      vertex 91.3461 24.2861 38.65
      vertex 90.5424 23.2265 38.65
      vertex 90.7967 23.1079 38.65
    endloop
  endfacet
  facet normal -0 0 1
    outer loop
      vertex 84.9139 25.7 38.65
      vertex 82.663 23.84 38.65
      vertex 86.2042 25.7 38.65
    endloop
  endfacet
  facet normal -0 0 1
    outer loop
      vertex 82.515 24.44 38.65
      vertex 82.663 23.84 38.65
      vertex 84.9139 25.7 38.65
    endloop
  endfacet
  facet normal 0 0 1
    outer loop
      vertex 79.065 23.84 38.65
      vertex 82.515 24.44 38.65
      vertex 79.065 24.44 38.65
    endloop
  endfacet
  facet normal 0 0 1
    outer loop
      vertex 82.515 24.44 38.65
      vertex 79.065 23.84 38.65
      vertex 82.663 23.84 38.65
    endloop
  endfacet
  facet normal -0.906322 0.422588 0
    outer loop
      vertex 93.1623 9.51904 39.28
      vertex 93.7011 10.6746 39.75
      vertex 93.7011 10.6746 39.28
    endloop
  endfacet
  facet normal -0.906322 0.422588 0
    outer loop
      vertex 93.7011 10.6746 39.75
      vertex 93.1623 9.51904 39.28
      vertex 93.1623 9.51904 39.75
    endloop
  endfacet
  facet normal -0.42275 -0.906246 0.000133688
    outer loop
      vertex 91.3657 11.7636 38.8144
      vertex 91.2208 11.8312 38.8573
      vertex 90.0425 12.3806 37.1
    endloop
  endfacet
  facet normal -0.422764 -0.90624 0.000143015
    outer loop
      vertex 92.3243 11.3166 40.0749
      vertex 92.3947 11.2838 40.34
      vertex 92.2609 11.3462 40.225
    endloop
  endfacet
  facet normal -0.422505 -0.90636 5.93839e-05
    outer loop
      vertex 92.3947 11.2838 40.34
      vertex 92.3243 11.3166 40.0749
      vertex 92.5513 11.2108 40.34
    endloop
  endfacet
  facet normal -0.422745 -0.906249 0
    outer loop
      vertex 93.7011 10.6746 39.28
      vertex 93.7011 10.6746 39.75
      vertex 93.4192 10.8061 39.28
    endloop
  endfacet
  facet normal -0.422593 -0.906319 -0.0001106
    outer loop
      vertex 93.4192 10.8061 39.28
      vertex 93.7011 10.6746 39.75
      vertex 92.988 11.0071 39.75
    endloop
  endfacet
  facet normal -0.422634 -0.9063 -0.000156205
    outer loop
      vertex 93.4192 10.8061 39.28
      vertex 92.988 11.0071 39.75
      vertex 92.3762 11.2924 39.75
    endloop
  endfacet
  facet normal -0.42239 -0.906414 0.00017259
    outer loop
      vertex 93.4192 10.8061 37.1
      vertex 92.0687 11.4358 39.0223
      vertex 91.9457 11.4931 38.9273
    endloop
  endfacet
  facet normal -0.422704 -0.906268 -9.65585e-05
    outer loop
      vertex 93.4192 10.8061 37.1
      vertex 92.1748 11.3863 39.1394
      vertex 92.0687 11.4358 39.0223
    endloop
  endfacet
  facet normal -0.422888 -0.906182 0.000131618
    outer loop
      vertex 90.8557 12.0014 39.1394
      vertex 90.7696 12.0416 39.275
      vertex 90.0425 12.3806 37.1
    endloop
  endfacet
  facet normal -0.422921 -0.906167 -0.000348518
    outer loop
      vertex 93.4192 10.8061 37.1
      vertex 91.9457 11.4931 38.9273
      vertex 91.8097 11.5566 38.8573
    endloop
  endfacet
  facet normal -0.422745 -0.906248 -0.00015329
    outer loop
      vertex 93.4192 10.8061 37.1
      vertex 91.8097 11.5566 38.8573
      vertex 91.6648 11.6242 38.8144
    endloop
  endfacet
  facet normal -0.4226 -0.906316 2.74712e-05
    outer loop
      vertex 93.4192 10.8061 37.1
      vertex 91.6648 11.6242 38.8144
      vertex 90.0425 12.3806 37.1
    endloop
  endfacet
  facet normal -0.422296 -0.906458 -0.00032325
    outer loop
      vertex 91.6648 11.6242 38.8144
      vertex 91.5152 11.6939 38.8
      vertex 90.0425 12.3806 37.1
    endloop
  endfacet
  facet normal -0.422557 -0.906336 -4.7595e-05
    outer loop
      vertex 91.5152 11.6939 38.8
      vertex 91.3657 11.7636 38.8144
      vertex 90.0425 12.3806 37.1
    endloop
  endfacet
  facet normal -0.422537 -0.906345 -3.99783e-05
    outer loop
      vertex 91.2208 11.8312 38.8573
      vertex 91.0848 11.8946 38.9273
      vertex 90.0425 12.3806 37.1
    endloop
  endfacet
  facet normal -0.422377 -0.90642 -0.000151762
    outer loop
      vertex 91.0848 11.8946 38.9273
      vertex 90.9618 11.9519 39.0223
      vertex 90.0425 12.3806 37.1
    endloop
  endfacet
  facet normal -0.422738 -0.906252 5.89808e-05
    outer loop
      vertex 90.9618 11.9519 39.0223
      vertex 90.8557 12.0014 39.1394
      vertex 90.0425 12.3806 37.1
    endloop
  endfacet
  facet normal -0.422176 -0.906514 -0.000158344
    outer loop
      vertex 90.7696 12.0416 39.275
      vertex 90.7062 12.0711 39.4251
      vertex 90.0425 12.3806 37.1
    endloop
  endfacet
  facet normal -0.423159 -0.906055 0.000183403
    outer loop
      vertex 90.7062 12.0711 39.4251
      vertex 90.6673 12.0893 39.585
      vertex 90.0425 12.3806 37.1
    endloop
  endfacet
  facet normal -0.422432 -0.906394 0.00012844
    outer loop
      vertex 90.0425 12.3806 40.34
      vertex 90.6673 12.0893 39.585
      vertex 90.2944 12.2632 40.34
    endloop
  endfacet
  facet normal -0.42256 -0.906335 0
    outer loop
      vertex 90.6673 12.0893 39.585
      vertex 90.0425 12.3806 40.34
      vertex 90.0425 12.3806 37.1
    endloop
  endfacet
  facet normal -0.423042 -0.90611 -0.000351727
    outer loop
      vertex 90.2944 12.2632 40.34
      vertex 90.6543 12.0954 39.75
      vertex 90.3261 12.2484 40.34
    endloop
  endfacet
  facet normal -0.422238 -0.906485 0.00024523
    outer loop
      vertex 90.6543 12.0954 39.75
      vertex 90.2944 12.2632 40.34
      vertex 90.6673 12.0893 39.585
    endloop
  endfacet
  facet normal -0.422972 -0.906143 -0.000354853
    outer loop
      vertex 90.3261 12.2484 40.34
      vertex 90.6673 12.0893 39.915
      vertex 90.3833 12.2217 40.34
    endloop
  endfacet
  facet normal -0.422804 -0.906221 -0.000190851
    outer loop
      vertex 90.6673 12.0893 39.915
      vertex 90.3261 12.2484 40.34
      vertex 90.6543 12.0954 39.75
    endloop
  endfacet
  facet normal -0.422577 -0.906327 0.000134443
    outer loop
      vertex 92.988 11.0071 39.75
      vertex 92.5513 11.2108 40.34
      vertex 92.3243 11.3166 40.0749
    endloop
  endfacet
  facet normal -0.422726 -0.906257 0
    outer loop
      vertex 92.5513 11.2108 40.34
      vertex 92.988 11.0071 39.75
      vertex 92.988 11.0071 40.34
    endloop
  endfacet
  facet normal -0.422735 -0.906253 -0.000257664
    outer loop
      vertex 92.3632 11.2985 39.915
      vertex 92.988 11.0071 39.75
      vertex 92.3243 11.3166 40.0749
    endloop
  endfacet
  facet normal -0.422634 -0.9063 0.000207212
    outer loop
      vertex 92.3762 11.2924 39.75
      vertex 92.988 11.0071 39.75
      vertex 92.3632 11.2985 39.915
    endloop
  endfacet
  facet normal -0.422502 -0.906362 -0.000228668
    outer loop
      vertex 92.2609 11.3462 40.225
      vertex 92.3947 11.2838 40.34
      vertex 92.1879 11.3802 40.34
    endloop
  endfacet
  facet normal -0.422652 -0.906292 -0.000205461
    outer loop
      vertex 93.4192 10.8061 39.28
      vertex 92.3762 11.2924 39.75
      vertex 92.3632 11.2985 39.585
    endloop
  endfacet
  facet normal -0.422555 -0.906337 0.000204419
    outer loop
      vertex 93.4192 10.8061 39.28
      vertex 92.3632 11.2985 39.585
      vertex 92.3243 11.3166 39.4251
    endloop
  endfacet
  facet normal -0.422577 -0.906327 0
    outer loop
      vertex 93.4192 10.8061 37.1
      vertex 93.4192 10.8061 39.28
      vertex 92.3243 11.3166 39.4251
    endloop
  endfacet
  facet normal -0.422797 -0.906224 -0.000125982
    outer loop
      vertex 93.4192 10.8061 37.1
      vertex 92.3243 11.3166 39.4251
      vertex 92.2609 11.3462 39.275
    endloop
  endfacet
  facet normal -0.42238 -0.906419 0.000144202
    outer loop
      vertex 93.4192 10.8061 37.1
      vertex 92.2609 11.3462 39.275
      vertex 92.1748 11.3863 39.1394
    endloop
  endfacet
  facet normal -0.422471 -0.906376 0.000317657
    outer loop
      vertex 90.3833 12.2217 40.34
      vertex 90.7062 12.0711 40.0749
      vertex 90.4792 12.177 40.34
    endloop
  endfacet
  facet normal -0.422868 -0.906191 -0.000269762
    outer loop
      vertex 90.7062 12.0711 40.0749
      vertex 90.3833 12.2217 40.34
      vertex 90.6673 12.0893 39.915
    endloop
  endfacet
  facet normal -0.422505 -0.90636 0.00028251
    outer loop
      vertex 90.7062 12.0711 40.0749
      vertex 90.6358 12.104 40.34
      vertex 90.4792 12.177 40.34
    endloop
  endfacet
  facet normal -0.422451 -0.906386 0.000299983
    outer loop
      vertex 90.6358 12.104 40.34
      vertex 90.7062 12.0711 40.0749
      vertex 90.7696 12.0416 40.225
    endloop
  endfacet
  facet normal -0.424139 -0.905595 -0.00209328
    outer loop
      vertex 90.7696 12.0416 40.225
      vertex 90.6516 12.0966 40.34
      vertex 90.6358 12.104 40.34
    endloop
  endfacet
  facet normal -0.422756 -0.906244 -0.000363075
    outer loop
      vertex 90.7696 12.0416 40.225
      vertex 90.8426 12.0075 40.34
      vertex 90.6516 12.0966 40.34
    endloop
  endfacet
  facet normal -0.422379 -0.906419 0
    outer loop
      vertex 96.6212 18.8296 39.28
      vertex 96.6212 18.8296 39.75
      vertex 96.386 18.9392 39.28
    endloop
  endfacet
  facet normal -0.422622 -0.906306 0
    outer loop
      vertex 95.95 19.1425 38.65
      vertex 93.4491 20.3087 38.65
      vertex 93.4491 20.3087 38
    endloop
  endfacet
  facet normal -0.422608 -0.906313 -6.37135e-05
    outer loop
      vertex 94.7545 19.7 38
      vertex 95.95 19.1425 38.65
      vertex 93.4491 20.3087 38
    endloop
  endfacet
  facet normal -0.422636 -0.906299 0
    outer loop
      vertex 95.95 19.1425 38.65
      vertex 94.7545 19.7 38
      vertex 94.7545 19.7 37.1
    endloop
  endfacet
  facet normal -0.422523 -0.906352 8.78012e-05
    outer loop
      vertex 96.386 18.9392 39.28
      vertex 96.6212 18.8296 39.75
      vertex 95.95 19.1425 39.75
    endloop
  endfacet
  facet normal -0.422601 -0.906316 0
    outer loop
      vertex 95.95 19.1425 38.65
      vertex 96.386 18.9392 39.28
      vertex 95.95 19.1425 39.75
    endloop
  endfacet
  facet normal -0.422601 -0.906316 -0
    outer loop
      vertex 96.386 18.9392 39.28
      vertex 95.95 19.1425 38.65
      vertex 96.386 18.9392 37.1
    endloop
  endfacet
  facet normal -0.422627 -0.906304 -8.90597e-06
    outer loop
      vertex 96.386 18.9392 37.1
      vertex 95.95 19.1425 38.65
      vertex 94.7545 19.7 37.1
    endloop
  endfacet
  facet normal 0.422545 0.906342 0
    outer loop
      vertex 96.5961 16.8828 39.75
      vertex 96.5961 16.8828 39.28
      vertex 95.8829 17.2153 39.75
    endloop
  endfacet
  facet normal 0.422603 0.906315 0.000108321
    outer loop
      vertex 96.5961 16.8828 39.28
      vertex 96.1215 17.1041 39.28
      vertex 95.8829 17.2153 39.75
    endloop
  endfacet
  facet normal 0.415755 0.909463 -0.00497098
    outer loop
      vertex 95.0898 17.5852 40.34
      vertex 95.1558 17.5544 40.225
      vertex 95.0828 17.5884 40.34
    endloop
  endfacet
  facet normal 0.422252 0.906478 -0.000442389
    outer loop
      vertex 95.1558 17.5544 40.225
      vertex 95.0898 17.5852 40.34
      vertex 96.1215 17.1041 39.28
    endloop
  endfacet
  facet normal 0.426415 0.904516 0.00449942
    outer loop
      vertex 95.0968 17.5819 40.34
      vertex 96.1215 17.1041 39.28
      vertex 95.0898 17.5852 40.34
    endloop
  endfacet
  facet normal 0.422155 0.906523 -0.000805146
    outer loop
      vertex 95.8829 17.2153 39.75
      vertex 95.0968 17.5819 40.34
      vertex 95.1376 17.5629 40.34
    endloop
  endfacet
  facet normal 0.42279 0.906228 0.000223651
    outer loop
      vertex 95.0968 17.5819 40.34
      vertex 95.8829 17.2153 39.75
      vertex 96.1215 17.1041 39.28
    endloop
  endfacet
  facet normal 0.422471 0.906376 2.42432e-05
    outer loop
      vertex 93.6011 18.2794 40.0749
      vertex 93.2782 18.4299 40.34
      vertex 93.3741 18.3852 40.34
    endloop
  endfacet
  facet normal 0.422505 0.90636 7.45083e-05
    outer loop
      vertex 93.2782 18.4299 40.34
      vertex 93.6011 18.2794 40.0749
      vertex 93.5623 18.2975 39.915
    endloop
  endfacet
  facet normal 0.42358 0.905858 0.000949252
    outer loop
      vertex 93.5623 18.2975 39.915
      vertex 93.2211 18.4566 40.34
      vertex 93.2782 18.4299 40.34
    endloop
  endfacet
  facet normal 0.422566 0.906332 -4.23386e-05
    outer loop
      vertex 93.2211 18.4566 40.34
      vertex 93.5623 18.2975 39.915
      vertex 93.5492 18.3036 39.75
    endloop
  endfacet
  facet normal 0.422378 0.90642 -0.000169389
    outer loop
      vertex 93.5492 18.3036 39.75
      vertex 92.9374 18.5888 40.34
      vertex 93.2211 18.4566 40.34
    endloop
  endfacet
  facet normal 0.422512 0.906357 0
    outer loop
      vertex 92.9374 18.5888 40.34
      vertex 93.5492 18.3036 39.75
      vertex 92.9374 18.5888 37.1
    endloop
  endfacet
  facet normal 0.422414 0.906403 2.76607e-05
    outer loop
      vertex 93.5492 18.3036 39.75
      vertex 93.5623 18.2975 39.585
      vertex 92.9374 18.5888 37.1
    endloop
  endfacet
  facet normal 0.422629 0.906303 -3.8082e-05
    outer loop
      vertex 93.5623 18.2975 39.585
      vertex 93.6011 18.2794 39.4251
      vertex 92.9374 18.5888 37.1
    endloop
  endfacet
  facet normal 0.422831 0.906208 -0.000108437
    outer loop
      vertex 93.6011 18.2794 39.4251
      vertex 93.6645 18.2498 39.275
      vertex 92.9374 18.5888 37.1
    endloop
  endfacet
  facet normal 0.422888 0.906182 -0.000131618
    outer loop
      vertex 93.6645 18.2498 39.275
      vertex 93.7506 18.2096 39.1394
      vertex 92.9374 18.5888 37.1
    endloop
  endfacet
  facet normal 0.422621 0.906306 4.02691e-05
    outer loop
      vertex 95.2581 17.5067 39.585
      vertex 96.1215 17.1041 39.28
      vertex 95.2193 17.5248 39.4251
    endloop
  endfacet
  facet normal 0.422596 0.906318 -4.52984e-05
    outer loop
      vertex 95.2712 17.5006 39.75
      vertex 96.1215 17.1041 39.28
      vertex 95.2581 17.5067 39.585
    endloop
  endfacet
  facet normal 0.422511 0.906358 5.12753e-05
    outer loop
      vertex 93.7506 18.2096 39.1394
      vertex 93.8568 18.1601 39.0223
      vertex 92.9374 18.5888 37.1
    endloop
  endfacet
  facet normal 0.422572 0.906329 1.57126e-05
    outer loop
      vertex 93.8568 18.1601 39.0223
      vertex 93.9797 18.1028 38.9273
      vertex 92.9374 18.5888 37.1
    endloop
  endfacet
  facet normal 0.422537 0.906345 3.99783e-05
    outer loop
      vertex 93.9797 18.1028 38.9273
      vertex 94.1157 18.0394 38.8573
      vertex 92.9374 18.5888 37.1
    endloop
  endfacet
  facet normal 0.422679 0.906279 0
    outer loop
      vertex 95.8829 17.2153 40.34
      vertex 95.8829 17.2153 39.75
      vertex 95.1376 17.5629 40.34
    endloop
  endfacet
  facet normal 0.422639 0.906298 4.94556e-05
    outer loop
      vertex 96.1215 17.1041 39.28
      vertex 95.2712 17.5006 39.75
      vertex 95.2581 17.5067 39.915
    endloop
  endfacet
  facet normal 0.422577 0.906327 -5.32195e-05
    outer loop
      vertex 96.1215 17.1041 39.28
      vertex 95.2581 17.5067 39.915
      vertex 95.2193 17.5248 40.0749
    endloop
  endfacet
  facet normal 0.422688 0.906275 9.95425e-05
    outer loop
      vertex 96.1215 17.1041 39.28
      vertex 95.2193 17.5248 40.0749
      vertex 95.1558 17.5544 40.225
    endloop
  endfacet
  facet normal 0.422941 0.906157 0.000299043
    outer loop
      vertex 94.8407 17.7013 38.9273
      vertex 96.1215 17.1041 37.1
      vertex 94.7047 17.7648 38.8573
    endloop
  endfacet
  facet normal 0.42255 0.906339 2.94438e-05
    outer loop
      vertex 94.1157 18.0394 38.8573
      vertex 94.2607 17.9718 38.8144
      vertex 92.9374 18.5888 37.1
    endloop
  endfacet
  facet normal 0.422556 0.906337 2.46532e-05
    outer loop
      vertex 94.2607 17.9718 38.8144
      vertex 94.4102 17.9021 38.8
      vertex 92.9374 18.5888 37.1
    endloop
  endfacet
  facet normal 0.422602 0.906315 -2.4226e-05
    outer loop
      vertex 94.4102 17.9021 38.8
      vertex 96.1215 17.1041 37.1
      vertex 92.9374 18.5888 37.1
    endloop
  endfacet
  facet normal 0.42256 0.906335 -7.60392e-05
    outer loop
      vertex 94.5597 17.8324 38.8144
      vertex 96.1215 17.1041 37.1
      vertex 94.4102 17.9021 38.8
    endloop
  endfacet
  facet normal 0.422561 0.906334 -7.41519e-05
    outer loop
      vertex 94.7047 17.7648 38.8573
      vertex 96.1215 17.1041 37.1
      vertex 94.5597 17.8324 38.8144
    endloop
  endfacet
  facet normal 0.422573 0.906329 -1.581e-05
    outer loop
      vertex 94.9636 17.644 39.0223
      vertex 96.1215 17.1041 37.1
      vertex 94.8407 17.7013 38.9273
    endloop
  endfacet
  facet normal 0.422713 0.906264 8.7171e-05
    outer loop
      vertex 95.0697 17.5945 39.1394
      vertex 96.1215 17.1041 37.1
      vertex 94.9636 17.644 39.0223
    endloop
  endfacet
  facet normal 0.422574 0.906328 0
    outer loop
      vertex 96.1215 17.1041 39.28
      vertex 96.1215 17.1041 37.1
      vertex 95.0697 17.5945 39.1394
    endloop
  endfacet
  facet normal 0.422609 0.906312 -0.000321227
    outer loop
      vertex 95.1558 17.5544 39.275
      vertex 96.1215 17.1041 39.28
      vertex 95.0697 17.5945 39.1394
    endloop
  endfacet
  facet normal 0.422608 0.906312 -5.84641e-05
    outer loop
      vertex 95.2193 17.5248 39.4251
      vertex 96.1215 17.1041 39.28
      vertex 95.1558 17.5544 39.275
    endloop
  endfacet
  facet normal 0.423029 0.906116 0.000151334
    outer loop
      vertex 93.7375 18.2157 40.34
      vertex 93.6645 18.2498 40.225
      vertex 93.5308 18.3122 40.34
    endloop
  endfacet
  facet normal 0.422954 0.906151 4.50436e-05
    outer loop
      vertex 93.6011 18.2794 40.0749
      vertex 93.5308 18.3122 40.34
      vertex 93.6645 18.2498 40.225
    endloop
  endfacet
  facet normal 0.422284 0.906464 -0.000171512
    outer loop
      vertex 93.5308 18.3122 40.34
      vertex 93.6011 18.2794 40.0749
      vertex 93.3741 18.3852 40.34
    endloop
  endfacet
  facet normal -0.906319 0.422593 0
    outer loop
      vertex 96.5961 16.8828 39.28
      vertex 97.0081 17.7664 39.75
      vertex 97.0081 17.7664 39.28
    endloop
  endfacet
  facet normal -0.906319 0.422593 0
    outer loop
      vertex 97.0081 17.7664 39.75
      vertex 96.5961 16.8828 39.28
      vertex 96.5961 16.8828 39.75
    endloop
  endfacet
  facet normal -0.906313 0.422606 0
    outer loop
      vertex 92.5148 17.6825 37.1
      vertex 92.9374 18.5888 40.34
      vertex 92.9374 18.5888 37.1
    endloop
  endfacet
  facet normal -0.906313 0.422606 0
    outer loop
      vertex 92.9374 18.5888 40.34
      vertex 92.5148 17.6825 37.1
      vertex 92.5148 17.6825 40.34
    endloop
  endfacet
  facet normal 0.936135 -0.340728 0.0869201
    outer loop
      vertex 95.2712 17.5006 39.75
      vertex 95.4476 18.0252 39.9066
      vertex 95.2581 17.5067 39.915
    endloop
  endfacet
  facet normal 0.908802 -0.327968 0.257906
    outer loop
      vertex 95.4476 18.0252 39.9066
      vertex 95.4107 18.0424 40.0585
      vertex 95.2581 17.5067 39.915
    endloop
  endfacet
  facet normal 0.908886 -0.327927 0.257663
    outer loop
      vertex 95.2581 17.5067 39.915
      vertex 95.4107 18.0424 40.0585
      vertex 95.2193 17.5248 40.0749
    endloop
  endfacet
  facet normal 0.854939 -0.302798 0.42118
    outer loop
      vertex 95.4107 18.0424 40.0585
      vertex 95.3505 18.0705 40.2009
      vertex 95.2193 17.5248 40.0749
    endloop
  endfacet
  facet normal 0.854844 -0.302816 0.421359
    outer loop
      vertex 95.2193 17.5248 40.0749
      vertex 95.3505 18.0705 40.2009
      vertex 95.1558 17.5544 40.225
    endloop
  endfacet
  facet normal 0.776407 -0.266227 0.57124
    outer loop
      vertex 95.3505 18.0705 40.2009
      vertex 95.2688 18.1086 40.3297
      vertex 95.1558 17.5544 40.225
    endloop
  endfacet
  facet normal 0.776245 -0.26623 0.571459
    outer loop
      vertex 95.1558 17.5544 40.225
      vertex 95.2026 17.9377 40.34
      vertex 95.0828 17.5884 40.34
    endloop
  endfacet
  facet normal 0.776223 -0.266236 0.571486
    outer loop
      vertex 95.2026 17.9377 40.34
      vertex 95.1558 17.5544 40.225
      vertex 95.2688 18.1086 40.3297
    endloop
  endfacet
  facet normal 0.673688 -0.21841 0.706003
    outer loop
      vertex 95.2688 18.1086 40.3297
      vertex 95.2594 18.1129 40.34
      vertex 95.2026 17.9377 40.34
    endloop
  endfacet
  facet normal -0.603837 0.376705 0.702477
    outer loop
      vertex 94.0258 18.6882 40.34
      vertex 94.0165 18.6925 40.3297
      vertex 94.0054 18.6555 40.34
    endloop
  endfacet
  facet normal -0.601666 0.376589 0.704399
    outer loop
      vertex 94.0054 18.6555 40.34
      vertex 94.0165 18.6925 40.3297
      vertex 93.9281 18.532 40.34
    endloop
  endfacet
  facet normal -0.702676 0.423701 0.571598
    outer loop
      vertex 93.9347 18.7306 40.2009
      vertex 93.9281 18.532 40.34
      vertex 94.0165 18.6925 40.3297
    endloop
  endfacet
  facet normal -0.702821 0.423622 0.571479
    outer loop
      vertex 93.9281 18.532 40.34
      vertex 93.9347 18.7306 40.2009
      vertex 93.7744 18.277 40.34
    endloop
  endfacet
  facet normal -0.702831 0.423622 0.571466
    outer loop
      vertex 93.6645 18.2498 40.225
      vertex 93.7744 18.277 40.34
      vertex 93.9347 18.7306 40.2009
    endloop
  endfacet
  facet normal -0.702942 0.423141 0.571686
    outer loop
      vertex 93.7744 18.277 40.34
      vertex 93.6645 18.2498 40.225
      vertex 93.7375 18.2157 40.34
    endloop
  endfacet
  facet normal -0.781485 0.460292 0.421205
    outer loop
      vertex 93.9347 18.7306 40.2009
      vertex 93.8745 18.7587 40.0585
      vertex 93.6645 18.2498 40.225
    endloop
  endfacet
  facet normal -0.78165 0.460268 0.420923
    outer loop
      vertex 93.6645 18.2498 40.225
      vertex 93.8745 18.7587 40.0585
      vertex 93.6011 18.2794 40.0749
    endloop
  endfacet
  facet normal -0.83554 0.485412 0.257386
    outer loop
      vertex 93.8745 18.7587 40.0585
      vertex 93.8377 18.7759 39.9066
      vertex 93.6011 18.2794 40.0749
    endloop
  endfacet
  facet normal -0.835428 0.485454 0.257669
    outer loop
      vertex 93.6011 18.2794 40.0749
      vertex 93.8377 18.7759 39.9066
      vertex 93.5623 18.2975 39.915
    endloop
  endfacet
  facet normal -0.862682 0.498152 0.0873104
    outer loop
      vertex 93.8377 18.7759 39.9066
      vertex 93.8252 18.7817 39.75
      vertex 93.5623 18.2975 39.915
    endloop
  endfacet
  facet normal -0.862773 0.498066 0.0869123
    outer loop
      vertex 93.5623 18.2975 39.915
      vertex 93.8252 18.7817 39.75
      vertex 93.5492 18.3036 39.75
    endloop
  endfacet
  facet normal -0.862742 0.498048 -0.0873114
    outer loop
      vertex 93.8252 18.7817 39.75
      vertex 93.8377 18.7759 39.5934
      vertex 93.5492 18.3036 39.75
    endloop
  endfacet
  facet normal -0.862716 0.498165 -0.0869114
    outer loop
      vertex 93.8377 18.7759 39.5934
      vertex 93.5623 18.2975 39.585
      vertex 93.5492 18.3036 39.75
    endloop
  endfacet
  facet normal -0.835496 0.485489 -0.257384
    outer loop
      vertex 93.8377 18.7759 39.5934
      vertex 93.8745 18.7587 39.4415
      vertex 93.5623 18.2975 39.585
    endloop
  endfacet
  facet normal -0.83547 0.485381 -0.257671
    outer loop
      vertex 93.8745 18.7587 39.4415
      vertex 93.6011 18.2794 39.4251
      vertex 93.5623 18.2975 39.585
    endloop
  endfacet
  facet normal -0.781531 0.460209 -0.421208
    outer loop
      vertex 93.8745 18.7587 39.4415
      vertex 93.9347 18.7306 39.2991
      vertex 93.6011 18.2794 39.4251
    endloop
  endfacet
  facet normal -0.781606 0.460346 -0.42092
    outer loop
      vertex 93.9347 18.7306 39.2991
      vertex 93.6645 18.2498 39.275
      vertex 93.6011 18.2794 39.4251
    endloop
  endfacet
  facet normal -0.702743 0.423579 -0.571605
    outer loop
      vertex 93.9347 18.7306 39.2991
      vertex 94.0165 18.6925 39.1703
      vertex 93.6645 18.2498 39.275
    endloop
  endfacet
  facet normal -0.702687 0.423506 -0.571728
    outer loop
      vertex 94.0165 18.6925 39.1703
      vertex 93.7506 18.2096 39.1394
      vertex 93.6645 18.2498 39.275
    endloop
  endfacet
  facet normal -0.601927 0.376502 -0.704223
    outer loop
      vertex 94.0165 18.6925 39.1703
      vertex 94.1172 18.6455 39.0591
      vertex 93.7506 18.2096 39.1394
    endloop
  endfacet
  facet normal -0.601633 0.376177 -0.704648
    outer loop
      vertex 94.1172 18.6455 39.0591
      vertex 93.8568 18.1601 39.0223
      vertex 93.7506 18.2096 39.1394
    endloop
  endfacet
  facet normal -0.481425 0.320127 -0.815934
    outer loop
      vertex 94.1172 18.6455 39.0591
      vertex 94.2339 18.5911 38.9689
      vertex 93.8568 18.1601 39.0223
    endloop
  endfacet
  facet normal -0.481437 0.320139 -0.815922
    outer loop
      vertex 94.2339 18.5911 38.9689
      vertex 93.9797 18.1028 38.9273
      vertex 93.8568 18.1601 39.0223
    endloop
  endfacet
  facet normal -0.344657 0.256356 -0.903047
    outer loop
      vertex 94.2339 18.5911 38.9689
      vertex 94.3631 18.5309 38.9025
      vertex 93.9797 18.1028 38.9273
    endloop
  endfacet
  facet normal -0.345019 0.256693 -0.902813
    outer loop
      vertex 94.3631 18.5309 38.9025
      vertex 94.1157 18.0394 38.8573
      vertex 93.9797 18.1028 38.9273
    endloop
  endfacet
  facet normal -0.197055 0.187682 -0.96226
    outer loop
      vertex 94.3631 18.5309 38.9025
      vertex 94.5007 18.4667 38.8618
      vertex 94.1157 18.0394 38.8573
    endloop
  endfacet
  facet normal -0.197148 0.187765 -0.962225
    outer loop
      vertex 94.5007 18.4667 38.8618
      vertex 94.2607 17.9718 38.8144
      vertex 94.1157 18.0394 38.8573
    endloop
  endfacet
  facet normal -0.0420415 0.115439 -0.992424
    outer loop
      vertex 94.5007 18.4667 38.8618
      vertex 94.6426 18.4006 38.8481
      vertex 94.2607 17.9718 38.8144
    endloop
  endfacet
  facet normal -0.0418517 0.115272 -0.992452
    outer loop
      vertex 94.6426 18.4006 38.8481
      vertex 94.4102 17.9021 38.8
      vertex 94.2607 17.9718 38.8144
    endloop
  endfacet
  facet normal 0.115327 0.0419946 -0.992439
    outer loop
      vertex 94.6426 18.4006 38.8481
      vertex 94.7846 18.3344 38.8618
      vertex 94.4102 17.9021 38.8
    endloop
  endfacet
  facet normal 0.115217 0.042091 -0.992448
    outer loop
      vertex 94.7846 18.3344 38.8618
      vertex 94.5597 17.8324 38.8144
      vertex 94.4102 17.9021 38.8
    endloop
  endfacet
  facet normal 0.270474 -0.0303167 -0.96225
    outer loop
      vertex 94.7846 18.3344 38.8618
      vertex 94.9222 18.2702 38.9025
      vertex 94.5597 17.8324 38.8144
    endloop
  endfacet
  facet normal 0.270531 -0.0303671 -0.962232
    outer loop
      vertex 94.9222 18.2702 38.9025
      vertex 94.7047 17.7648 38.8573
      vertex 94.5597 17.8324 38.8144
    endloop
  endfacet
  facet normal 0.418154 -0.0991994 -0.902943
    outer loop
      vertex 94.9222 18.2702 38.9025
      vertex 95.0513 18.21 38.9689
      vertex 94.7047 17.7648 38.8573
    endloop
  endfacet
  facet normal 0.418316 -0.0993488 -0.902852
    outer loop
      vertex 95.0513 18.21 38.9689
      vertex 94.8407 17.7013 38.9273
      vertex 94.7047 17.7648 38.8573
    endloop
  endfacet
  facet normal 0.554633 -0.162886 -0.815997
    outer loop
      vertex 95.0513 18.21 38.9689
      vertex 95.168 18.1555 39.0591
      vertex 94.8407 17.7013 38.9273
    endloop
  endfacet
  facet normal 0.554717 -0.162968 -0.815923
    outer loop
      vertex 95.168 18.1555 39.0591
      vertex 94.9636 17.644 39.0223
      vertex 94.8407 17.7013 38.9273
    endloop
  endfacet
  facet normal 0.675133 -0.219111 -0.704404
    outer loop
      vertex 95.168 18.1555 39.0591
      vertex 95.2688 18.1086 39.1703
      vertex 94.9636 17.644 39.0223
    endloop
  endfacet
  facet normal 0.67516 -0.219139 -0.704371
    outer loop
      vertex 95.2688 18.1086 39.1703
      vertex 95.0697 17.5945 39.1394
      vertex 94.9636 17.644 39.0223
    endloop
  endfacet
  facet normal 0.776366 -0.266335 -0.571246
    outer loop
      vertex 95.2688 18.1086 39.1703
      vertex 95.3505 18.0705 39.2991
      vertex 95.0697 17.5945 39.1394
    endloop
  endfacet
  facet normal 0.776205 -0.266135 -0.571558
    outer loop
      vertex 95.3505 18.0705 39.2991
      vertex 95.1558 17.5544 39.275
      vertex 95.0697 17.5945 39.1394
    endloop
  endfacet
  facet normal 0.854919 -0.302853 -0.421182
    outer loop
      vertex 95.3505 18.0705 39.2991
      vertex 95.4107 18.0424 39.4415
      vertex 95.1558 17.5544 39.275
    endloop
  endfacet
  facet normal 0.854864 -0.302764 -0.421357
    outer loop
      vertex 95.4107 18.0424 39.4415
      vertex 95.2193 17.5248 39.4251
      vertex 95.1558 17.5544 39.275
    endloop
  endfacet
  facet normal 0.908828 -0.327898 -0.257904
    outer loop
      vertex 95.4107 18.0424 39.4415
      vertex 95.4476 18.0252 39.5934
      vertex 95.2193 17.5248 39.4251
    endloop
  endfacet
  facet normal 0.908861 -0.327994 -0.257664
    outer loop
      vertex 95.4476 18.0252 39.5934
      vertex 95.2581 17.5067 39.585
      vertex 95.2193 17.5248 39.4251
    endloop
  endfacet
  facet normal 0.936149 -0.340736 -0.0867466
    outer loop
      vertex 95.4476 18.0252 39.5934
      vertex 95.46 18.0194 39.75
      vertex 95.2581 17.5067 39.585
    endloop
  endfacet
  facet normal 0.936152 -0.340681 -0.0869197
    outer loop
      vertex 95.46 18.0194 39.75
      vertex 95.2712 17.5006 39.75
      vertex 95.2581 17.5067 39.585
    endloop
  endfacet
  facet normal 0.936166 -0.340687 0.0867462
    outer loop
      vertex 95.46 18.0194 39.75
      vertex 95.4476 18.0252 39.9066
      vertex 95.2712 17.5006 39.75
    endloop
  endfacet
  facet normal 0.422632 0.906301 4.43037e-05
    outer loop
      vertex 95.4107 18.0424 40.0585
      vertex 95.4476 18.0252 39.9066
      vertex 94.6426 18.4006 39.75
    endloop
  endfacet
  facet normal 0.422655 0.906291 -9.9405e-05
    outer loop
      vertex 95.4476 18.0252 39.9066
      vertex 95.46 18.0194 39.75
      vertex 94.6426 18.4006 39.75
    endloop
  endfacet
  facet normal 0.422655 0.906291 9.9405e-05
    outer loop
      vertex 95.46 18.0194 39.75
      vertex 95.4476 18.0252 39.5934
      vertex 94.6426 18.4006 39.75
    endloop
  endfacet
  facet normal 0.422667 0.906255 0.00739584
    outer loop
      vertex 95.2688 18.1086 40.3297
      vertex 95.0913 18.1913 40.34
      vertex 95.2594 18.1129 40.34
    endloop
  endfacet
  facet normal 0.422343 0.906436 0.000358607
    outer loop
      vertex 95.0913 18.1913 40.34
      vertex 95.2688 18.1086 40.3297
      vertex 94.6426 18.4006 39.75
    endloop
  endfacet
  facet normal 0.422626 0.906304 -1.28849e-05
    outer loop
      vertex 95.2688 18.1086 40.3297
      vertex 95.3505 18.0705 40.2009
      vertex 94.6426 18.4006 39.75
    endloop
  endfacet
  facet normal 0.422693 0.906273 -0.000141449
    outer loop
      vertex 95.3505 18.0705 40.2009
      vertex 95.4107 18.0424 40.0585
      vertex 94.6426 18.4006 39.75
    endloop
  endfacet
  facet normal 0.422836 0.906206 -6.12539e-07
    outer loop
      vertex 94.7369 18.3566 40.34
      vertex 94.8372 18.3098 40.34
      vertex 94.6426 18.4006 39.75
    endloop
  endfacet
  facet normal 0.422581 0.906325 0.000101781
    outer loop
      vertex 94.8372 18.3098 40.34
      vertex 94.9513 18.2566 40.34
      vertex 94.6426 18.4006 39.75
    endloop
  endfacet
  facet normal 0.422708 0.906266 2.07366e-05
    outer loop
      vertex 94.9513 18.2566 40.34
      vertex 95.0913 18.1913 40.34
      vertex 94.6426 18.4006 39.75
    endloop
  endfacet
  facet normal 0.422836 0.906206 0.000154207
    outer loop
      vertex 94.5483 18.4445 40.34
      vertex 94.6426 18.4006 39.75
      vertex 94.448 18.4913 40.34
    endloop
  endfacet
  facet normal 0.422043 0.906576 0
    outer loop
      vertex 94.6426 18.4006 40.34
      vertex 94.6426 18.4006 39.75
      vertex 94.5483 18.4445 40.34
    endloop
  endfacet
  facet normal 0.422833 0.906208 0
    outer loop
      vertex 94.6426 18.4006 40.34
      vertex 94.7369 18.3566 40.34
      vertex 94.6426 18.4006 39.75
    endloop
  endfacet
  facet normal 0.422677 0.906275 -0.00329235
    outer loop
      vertex 94.1939 18.6098 40.34
      vertex 94.0165 18.6925 40.3297
      vertex 94.0258 18.6882 40.34
    endloop
  endfacet
  facet normal 0.422524 0.906352 -3.80661e-05
    outer loop
      vertex 94.0165 18.6925 40.3297
      vertex 94.1939 18.6098 40.34
      vertex 94.6426 18.4006 39.75
    endloop
  endfacet
  facet normal 0.422708 0.906266 0.000132868
    outer loop
      vertex 94.3339 18.5445 40.34
      vertex 94.6426 18.4006 39.75
      vertex 94.1939 18.6098 40.34
    endloop
  endfacet
  facet normal 0.422581 0.906325 5.18331e-05
    outer loop
      vertex 94.448 18.4913 40.34
      vertex 94.6426 18.4006 39.75
      vertex 94.3339 18.5445 40.34
    endloop
  endfacet
  facet normal 0.422627 0.906304 0.000235306
    outer loop
      vertex 93.8745 18.7587 40.0585
      vertex 94.6426 18.4006 39.75
      vertex 93.8377 18.7759 39.9066
    endloop
  endfacet
  facet normal 0.42261 0.906311 0.000184097
    outer loop
      vertex 93.9347 18.7306 40.2009
      vertex 94.6426 18.4006 39.75
      vertex 93.8745 18.7587 40.0585
    endloop
  endfacet
  facet normal 0.422429 0.906396 -0.000162861
    outer loop
      vertex 94.0165 18.6925 40.3297
      vertex 94.6426 18.4006 39.75
      vertex 93.9347 18.7306 40.2009
    endloop
  endfacet
  facet normal 0.422627 0.906304 -0.000235306
    outer loop
      vertex 94.6426 18.4006 39.75
      vertex 93.8745 18.7587 39.4415
      vertex 93.8377 18.7759 39.5934
    endloop
  endfacet
  facet normal 0.422564 0.906333 0.000161647
    outer loop
      vertex 94.6426 18.4006 39.75
      vertex 93.8377 18.7759 39.5934
      vertex 93.8252 18.7817 39.75
    endloop
  endfacet
  facet normal 0.422564 0.906333 -0.000161647
    outer loop
      vertex 93.8377 18.7759 39.9066
      vertex 94.6426 18.4006 39.75
      vertex 93.8252 18.7817 39.75
    endloop
  endfacet
  facet normal 0.422727 0.906257 -0.000229187
    outer loop
      vertex 94.6426 18.4006 39.75
      vertex 94.1172 18.6455 39.0591
      vertex 94.0165 18.6925 39.1703
    endloop
  endfacet
  facet normal 0.422429 0.906396 0.000162861
    outer loop
      vertex 94.6426 18.4006 39.75
      vertex 94.0165 18.6925 39.1703
      vertex 93.9347 18.7306 39.2991
    endloop
  endfacet
  facet normal 0.42261 0.906311 -0.000184097
    outer loop
      vertex 94.6426 18.4006 39.75
      vertex 93.9347 18.7306 39.2991
      vertex 93.8745 18.7587 39.4415
    endloop
  endfacet
  facet normal 0.422788 0.906229 -0.000103515
    outer loop
      vertex 94.6426 18.4006 39.75
      vertex 94.5007 18.4667 38.8618
      vertex 94.3631 18.5309 38.9025
    endloop
  endfacet
  facet normal 0.422374 0.906422 6.2714e-05
    outer loop
      vertex 94.6426 18.4006 39.75
      vertex 94.3631 18.5309 38.9025
      vertex 94.2339 18.5911 38.9689
    endloop
  endfacet
  facet normal 0.422494 0.906366 -1.36643e-05
    outer loop
      vertex 94.6426 18.4006 39.75
      vertex 94.2339 18.5911 38.9689
      vertex 94.1172 18.6455 39.0591
    endloop
  endfacet
  facet normal 0.422801 0.906223 5.15431e-05
    outer loop
      vertex 94.9222 18.2702 38.9025
      vertex 94.7846 18.3344 38.8618
      vertex 94.6426 18.4006 39.75
    endloop
  endfacet
  facet normal 0.422536 0.906346 0
    outer loop
      vertex 94.6426 18.4006 39.75
      vertex 94.7846 18.3344 38.8618
      vertex 94.6426 18.4006 38.8481
    endloop
  endfacet
  facet normal 0.422256 0.906477 0
    outer loop
      vertex 94.6426 18.4006 39.75
      vertex 94.6426 18.4006 38.8481
      vertex 94.5007 18.4667 38.8618
    endloop
  endfacet
  facet normal 0.422267 0.906471 -0.000458802
    outer loop
      vertex 95.2688 18.1086 39.1703
      vertex 95.168 18.1555 39.0591
      vertex 94.6426 18.4006 39.75
    endloop
  endfacet
  facet normal 0.423001 0.906129 0.000220341
    outer loop
      vertex 95.168 18.1555 39.0591
      vertex 95.0513 18.21 38.9689
      vertex 94.6426 18.4006 39.75
    endloop
  endfacet
  facet normal 0.422625 0.906305 -1.92623e-05
    outer loop
      vertex 95.0513 18.21 38.9689
      vertex 94.9222 18.2702 38.9025
      vertex 94.6426 18.4006 39.75
    endloop
  endfacet
  facet normal 0.422632 0.906301 -4.43037e-05
    outer loop
      vertex 95.4476 18.0252 39.5934
      vertex 95.4107 18.0424 39.4415
      vertex 94.6426 18.4006 39.75
    endloop
  endfacet
  facet normal 0.422693 0.906273 0.000141449
    outer loop
      vertex 95.4107 18.0424 39.4415
      vertex 95.3505 18.0705 39.2991
      vertex 94.6426 18.4006 39.75
    endloop
  endfacet
  facet normal 0.422626 0.906304 1.28849e-05
    outer loop
      vertex 95.3505 18.0705 39.2991
      vertex 95.2688 18.1086 39.1703
      vertex 94.6426 18.4006 39.75
    endloop
  endfacet
  facet normal 0 0.948683 0.316228
    outer loop
      vertex 76.165 28.5 33.89
      vertex 75.365 29.23 31.7
      vertex 75.365 28.5 33.89
    endloop
  endfacet
  facet normal -3.21811e-05 0.94868 0.316238
    outer loop
      vertex 76.165 28.5 33.89
      vertex 76.165 29.3967 31.2
      vertex 75.365 29.23 31.7
    endloop
  endfacet
  facet normal 0 0.948664 0.316285
    outer loop
      vertex 76.165 29.3967 31.2
      vertex 68.965 29.23 31.7
      vertex 75.365 29.23 31.7
    endloop
  endfacet
  facet normal 0 0.948664 0.316285
    outer loop
      vertex 68.965 29.23 31.7
      vertex 76.165 29.3967 31.2
      vertex 68.165 29.3967 31.2
    endloop
  endfacet
  facet normal 3.95285e-05 0.948683 0.316228
    outer loop
      vertex 68.965 28.5 33.89
      vertex 68.965 29.23 31.7
      vertex 68.165 29.3967 31.2
    endloop
  endfacet
  facet normal 0 0.94868 0.316238
    outer loop
      vertex 68.965 28.5 33.89
      vertex 68.165 29.3967 31.2
      vertex 68.165 28.5 33.89
    endloop
  endfacet
  facet normal 0 0.948664 0.316285
    outer loop
      vertex 34.6 29.3967 31.2
      vertex 28.095 29.23 31.7
      vertex 34.6 29.23 31.7
    endloop
  endfacet
  facet normal 0 0.948664 0.316285
    outer loop
      vertex 28.095 29.23 31.7
      vertex 34.6 29.3967 31.2
      vertex 27.295 29.3967 31.2
    endloop
  endfacet
  facet normal 3.95285e-05 0.948683 0.316228
    outer loop
      vertex 28.095 28.5 33.89
      vertex 28.095 29.23 31.7
      vertex 27.295 29.3967 31.2
    endloop
  endfacet
  facet normal 0 0.94868 0.316238
    outer loop
      vertex 28.095 28.5 33.89
      vertex 27.295 29.3967 31.2
      vertex 27.295 28.5 33.89
    endloop
  endfacet
  facet normal -0.906313 0.422606 0
    outer loop
      vertex 90.0425 12.3806 37.1
      vertex 90.4651 13.2869 40.34
      vertex 90.4651 13.2869 37.1
    endloop
  endfacet
  facet normal -0.906313 0.422606 0
    outer loop
      vertex 90.4651 13.2869 40.34
      vertex 90.0425 12.3806 37.1
      vertex 90.0425 12.3806 40.34
    endloop
  endfacet
  facet normal 0.422645 0.906295 -0
    outer loop
      vertex 93.4106 11.9134 39.75
      vertex 92.6678 12.2598 40.34
      vertex 93.4106 11.9134 40.34
    endloop
  endfacet
  facet normal 0.422668 0.906284 3.56031e-05
    outer loop
      vertex 92.6678 12.2598 40.34
      vertex 93.4106 11.9134 39.75
      vertex 92.391 12.3889 40.15
    endloop
  endfacet
  facet normal 0.422657 0.90629 0
    outer loop
      vertex 92.391 12.3889 37.1
      vertex 93.4106 11.9134 39.75
      vertex 93.4106 11.9134 37.1
    endloop
  endfacet
  facet normal 0.422657 0.90629 0
    outer loop
      vertex 93.4106 11.9134 39.75
      vertex 92.391 12.3889 37.1
      vertex 92.391 12.3889 40.15
    endloop
  endfacet
  facet normal 0.425424 0.904993 0.00174648
    outer loop
      vertex 91.395 12.8533 40.34
      vertex 91.4847 12.8115 40.15
      vertex 91.3833 12.8588 40.34
    endloop
  endfacet
  facet normal 0.422598 0.906317 9.4901e-05
    outer loop
      vertex 91.4847 12.8115 40.15
      vertex 90.4651 13.2869 40.34
      vertex 91.208 12.9405 40.34
    endloop
  endfacet
  facet normal 0.422584 0.906324 0
    outer loop
      vertex 90.4651 13.2869 37.1
      vertex 91.4847 12.8115 40.15
      vertex 91.4847 12.8115 37.1
    endloop
  endfacet
  facet normal 0.422584 0.906324 0
    outer loop
      vertex 91.4847 12.8115 40.15
      vertex 90.4651 13.2869 37.1
      vertex 90.4651 13.2869 40.34
    endloop
  endfacet
  facet normal 0.422885 0.906183 -0.000158979
    outer loop
      vertex 92.5415 12.3187 40.34
      vertex 92.561 12.3096 40.34
      vertex 92.391 12.3889 40.15
    endloop
  endfacet
  facet normal 0.423795 0.905758 -0.00115024
    outer loop
      vertex 92.561 12.3096 40.34
      vertex 92.5828 12.2994 40.34
      vertex 92.391 12.3889 40.15
    endloop
  endfacet
  facet normal 0.423396 0.905943 0.00151072
    outer loop
      vertex 91.2371 12.9269 40.34
      vertex 91.4847 12.8115 40.15
      vertex 91.208 12.9405 40.34
    endloop
  endfacet
  facet normal 0.42173 0.906721 -0.00113201
    outer loop
      vertex 91.2629 12.9149 40.34
      vertex 91.4847 12.8115 40.15
      vertex 91.2371 12.9269 40.34
    endloop
  endfacet
  facet normal 0.421806 0.906686 -0.00102495
    outer loop
      vertex 91.2859 12.9042 40.34
      vertex 91.4847 12.8115 40.15
      vertex 91.2629 12.9149 40.34
    endloop
  endfacet
  facet normal 0.422081 0.906557 0.000956203
    outer loop
      vertex 92.5828 12.2994 40.34
      vertex 92.6075 12.2879 40.34
      vertex 92.391 12.3889 40.15
    endloop
  endfacet
  facet normal 0.422532 0.906348 0.000331032
    outer loop
      vertex 92.6075 12.2879 40.34
      vertex 92.6356 12.2748 40.34
      vertex 92.391 12.3889 40.15
    endloop
  endfacet
  facet normal 0.422269 0.90647 0.000743786
    outer loop
      vertex 92.6356 12.2748 40.34
      vertex 92.6678 12.2598 40.34
      vertex 92.391 12.3889 40.15
    endloop
  endfacet
  facet normal 0.422606 0.906313 0.000186897
    outer loop
      vertex 91.4847 12.8115 40.15
      vertex 92.1578 12.4976 40.34
      vertex 92.391 12.3889 40.15
    endloop
  endfacet
  facet normal 0.422619 0.906308 0.000132883
    outer loop
      vertex 92.1578 12.4976 40.34
      vertex 91.4847 12.8115 40.15
      vertex 91.395 12.8533 40.34
    endloop
  endfacet
  facet normal 0.422686 0.906276 0.000305632
    outer loop
      vertex 92.4807 12.347 40.34
      vertex 92.391 12.3889 40.15
      vertex 92.1578 12.4976 40.34
    endloop
  endfacet
  facet normal 0.422128 0.906536 0.000626453
    outer loop
      vertex 92.4807 12.347 40.34
      vertex 92.4938 12.3409 40.34
      vertex 92.391 12.3889 40.15
    endloop
  endfacet
  facet normal 0.422155 0.906523 -0.000580025
    outer loop
      vertex 91.3063 12.8947 40.34
      vertex 91.4847 12.8115 40.15
      vertex 91.2859 12.9042 40.34
    endloop
  endfacet
  facet normal 0.421543 0.906808 -0.00127959
    outer loop
      vertex 91.3248 12.8861 40.34
      vertex 91.4847 12.8115 40.15
      vertex 91.3063 12.8947 40.34
    endloop
  endfacet
  facet normal 0.42527 0.905063 0.00254244
    outer loop
      vertex 91.3414 12.8783 40.34
      vertex 91.4847 12.8115 40.15
      vertex 91.3248 12.8861 40.34
    endloop
  endfacet
  facet normal 0.421851 0.906665 0.000808575
    outer loop
      vertex 92.4938 12.3409 40.34
      vertex 92.5082 12.3342 40.34
      vertex 92.391 12.3889 40.15
    endloop
  endfacet
  facet normal 0.419421 0.907788 0.00263083
    outer loop
      vertex 92.5082 12.3342 40.34
      vertex 92.524 12.3269 40.34
      vertex 92.391 12.3889 40.15
    endloop
  endfacet
  facet normal 0.424301 0.90552 -0.00152509
    outer loop
      vertex 92.524 12.3269 40.34
      vertex 92.5415 12.3187 40.34
      vertex 92.391 12.3889 40.15
    endloop
  endfacet
  facet normal 0.423212 0.906031 0.000649406
    outer loop
      vertex 91.3566 12.8712 40.34
      vertex 91.4847 12.8115 40.15
      vertex 91.3414 12.8783 40.34
    endloop
  endfacet
  facet normal 0.423599 0.905849 0.000967246
    outer loop
      vertex 91.3705 12.8647 40.34
      vertex 91.4847 12.8115 40.15
      vertex 91.3566 12.8712 40.34
    endloop
  endfacet
  facet normal 0.418607 0.908164 -0.00268117
    outer loop
      vertex 91.3833 12.8588 40.34
      vertex 91.4847 12.8115 40.15
      vertex 91.3705 12.8647 40.34
    endloop
  endfacet
  facet normal 0.862804 -0.498102 -0.0863932
    outer loop
      vertex 92.3632 11.2985 39.585
      vertex 92.3762 11.2924 39.75
      vertex 92.0878 10.82 39.5934
    endloop
  endfacet
  facet normal 0.835418 -0.485351 -0.2579
    outer loop
      vertex 92.3632 11.2985 39.585
      vertex 92.0878 10.82 39.5934
      vertex 92.0509 10.8372 39.4415
    endloop
  endfacet
  facet normal 0.835394 -0.485253 -0.258161
    outer loop
      vertex 92.3243 11.3166 39.4251
      vertex 92.3632 11.2985 39.585
      vertex 92.0509 10.8372 39.4415
    endloop
  endfacet
  facet normal 0.781572 -0.460137 -0.421211
    outer loop
      vertex 92.3243 11.3166 39.4251
      vertex 92.0509 10.8372 39.4415
      vertex 91.9907 10.8653 39.2991
    endloop
  endfacet
  facet normal 0.781647 -0.460273 -0.420923
    outer loop
      vertex 92.2609 11.3462 39.275
      vertex 92.3243 11.3166 39.4251
      vertex 91.9907 10.8653 39.2991
    endloop
  endfacet
  facet normal 0.703011 -0.423624 -0.571243
    outer loop
      vertex 92.2609 11.3462 39.275
      vertex 91.9907 10.8653 39.2991
      vertex 91.909 10.9034 39.1703
    endloop
  endfacet
  facet normal 0.702883 -0.423455 -0.571525
    outer loop
      vertex 92.1748 11.3863 39.1394
      vertex 92.2609 11.3462 39.275
      vertex 91.909 10.9034 39.1703
    endloop
  endfacet
  facet normal 0.601735 -0.37629 -0.704501
    outer loop
      vertex 92.1748 11.3863 39.1394
      vertex 91.909 10.9034 39.1703
      vertex 91.8082 10.9504 39.0591
    endloop
  endfacet
  facet normal 0.601816 -0.376379 -0.704384
    outer loop
      vertex 92.0687 11.4358 39.0223
      vertex 92.1748 11.3863 39.1394
      vertex 91.8082 10.9504 39.0591
    endloop
  endfacet
  facet normal 0.481385 -0.320204 -0.815928
    outer loop
      vertex 92.0687 11.4358 39.0223
      vertex 91.8082 10.9504 39.0591
      vertex 91.6915 11.0048 38.9689
    endloop
  endfacet
  facet normal 0.481221 -0.32004 -0.816089
    outer loop
      vertex 91.9457 11.4931 38.9273
      vertex 92.0687 11.4358 39.0223
      vertex 91.6915 11.0048 38.9689
    endloop
  endfacet
  facet normal 0.344836 -0.256441 -0.902954
    outer loop
      vertex 91.9457 11.4931 38.9273
      vertex 91.6915 11.0048 38.9689
      vertex 91.5624 11.065 38.9025
    endloop
  endfacet
  facet normal 0.34494 -0.256538 -0.902887
    outer loop
      vertex 91.8097 11.5566 38.8573
      vertex 91.9457 11.4931 38.9273
      vertex 91.5624 11.065 38.9025
    endloop
  endfacet
  facet normal 0.196977 -0.187568 -0.962299
    outer loop
      vertex 91.8097 11.5566 38.8573
      vertex 91.5624 11.065 38.9025
      vertex 91.4247 11.1292 38.8618
    endloop
  endfacet
  facet normal 0.197252 -0.187815 -0.962194
    outer loop
      vertex 91.6648 11.6242 38.8144
      vertex 91.8097 11.5566 38.8573
      vertex 91.4247 11.1292 38.8618
    endloop
  endfacet
  facet normal 0.0419811 -0.115396 -0.992432
    outer loop
      vertex 91.6648 11.6242 38.8144
      vertex 91.4247 11.1292 38.8618
      vertex 91.2828 11.1954 38.8481
    endloop
  endfacet
  facet normal 0.0418288 -0.115262 -0.992454
    outer loop
      vertex 91.5152 11.6939 38.8
      vertex 91.6648 11.6242 38.8144
      vertex 91.2828 11.1954 38.8481
    endloop
  endfacet
  facet normal -0.115393 -0.0419632 -0.992433
    outer loop
      vertex 91.5152 11.6939 38.8
      vertex 91.2828 11.1954 38.8481
      vertex 91.1409 11.2616 38.8618
    endloop
  endfacet
  facet normal -0.115226 -0.0421099 -0.992446
    outer loop
      vertex 91.3657 11.7636 38.8144
      vertex 91.5152 11.6939 38.8
      vertex 91.1409 11.2616 38.8618
    endloop
  endfacet
  facet normal -0.270494 0.030272 -0.962246
    outer loop
      vertex 91.3657 11.7636 38.8144
      vertex 91.1409 11.2616 38.8618
      vertex 91.0033 11.3258 38.9025
    endloop
  endfacet
  facet normal -0.270674 0.0304327 -0.96219
    outer loop
      vertex 91.2208 11.8312 38.8573
      vertex 91.3657 11.7636 38.8144
      vertex 91.0033 11.3258 38.9025
    endloop
  endfacet
  facet normal -0.417936 0.0990957 -0.903056
    outer loop
      vertex 91.2208 11.8312 38.8573
      vertex 91.0033 11.3258 38.9025
      vertex 90.8741 11.386 38.9689
    endloop
  endfacet
  facet normal -0.418329 0.0994575 -0.902834
    outer loop
      vertex 91.0848 11.8946 38.9273
      vertex 91.2208 11.8312 38.8573
      vertex 90.8741 11.386 38.9689
    endloop
  endfacet
  facet normal -0.55466 0.163043 -0.815947
    outer loop
      vertex 91.0848 11.8946 38.9273
      vertex 90.8741 11.386 38.9689
      vertex 90.7574 11.4404 39.0591
    endloop
  endfacet
  facet normal -0.554467 0.162854 -0.816116
    outer loop
      vertex 90.9618 11.9519 39.0223
      vertex 91.0848 11.8946 38.9273
      vertex 90.7574 11.4404 39.0591
    endloop
  endfacet
  facet normal -0.675318 0.2192 -0.704199
    outer loop
      vertex 90.9618 11.9519 39.0223
      vertex 90.7574 11.4404 39.0591
      vertex 90.6567 11.4874 39.1703
    endloop
  endfacet
  facet normal -0.67519 0.219062 -0.704365
    outer loop
      vertex 90.8557 12.0014 39.1394
      vertex 90.9618 11.9519 39.0223
      vertex 90.6567 11.4874 39.1703
    endloop
  endfacet
  facet normal -0.776143 0.266126 -0.571645
    outer loop
      vertex 90.8557 12.0014 39.1394
      vertex 90.6567 11.4874 39.1703
      vertex 90.5749 11.5255 39.2991
    endloop
  endfacet
  facet normal -0.776121 0.266098 -0.57169
    outer loop
      vertex 90.7696 12.0416 39.275
      vertex 90.8557 12.0014 39.1394
      vertex 90.5749 11.5255 39.2991
    endloop
  endfacet
  facet normal -0.854919 0.302853 -0.421182
    outer loop
      vertex 90.7696 12.0416 39.275
      vertex 90.5749 11.5255 39.2991
      vertex 90.5147 11.5536 39.4415
    endloop
  endfacet
  facet normal -0.85506 0.30308 -0.420731
    outer loop
      vertex 90.7062 12.0711 39.4251
      vertex 90.7696 12.0416 39.275
      vertex 90.5147 11.5536 39.4415
    endloop
  endfacet
  facet normal -0.908751 0.328108 -0.257909
    outer loop
      vertex 90.7062 12.0711 39.4251
      vertex 90.5147 11.5536 39.4415
      vertex 90.4778 11.5708 39.5934
    endloop
  endfacet
  facet normal -0.908684 0.327917 -0.258386
    outer loop
      vertex 90.6673 12.0893 39.585
      vertex 90.7062 12.0711 39.4251
      vertex 90.4778 11.5708 39.5934
    endloop
  endfacet
  facet normal -0.936149 0.340736 -0.0867466
    outer loop
      vertex 90.6673 12.0893 39.585
      vertex 90.4778 11.5708 39.5934
      vertex 90.4654 11.5766 39.75
    endloop
  endfacet
  facet normal -0.93614 0.340858 -0.0863579
    outer loop
      vertex 90.6543 12.0954 39.75
      vertex 90.6673 12.0893 39.585
      vertex 90.4654 11.5766 39.75
    endloop
  endfacet
  facet normal -0.936108 0.340846 0.0867474
    outer loop
      vertex 90.4778 11.5708 39.9066
      vertex 90.6543 12.0954 39.75
      vertex 90.4654 11.5766 39.75
    endloop
  endfacet
  facet normal -0.936178 0.340753 0.086357
    outer loop
      vertex 90.6673 12.0893 39.915
      vertex 90.6543 12.0954 39.75
      vertex 90.4778 11.5708 39.9066
    endloop
  endfacet
  facet normal -0.908802 0.327968 0.257906
    outer loop
      vertex 90.5147 11.5536 40.0585
      vertex 90.6673 12.0893 39.915
      vertex 90.4778 11.5708 39.9066
    endloop
  endfacet
  facet normal -0.908635 0.32805 0.258389
    outer loop
      vertex 90.7062 12.0711 40.0749
      vertex 90.6673 12.0893 39.915
      vertex 90.5147 11.5536 40.0585
    endloop
  endfacet
  facet normal -0.854866 0.302994 0.421187
    outer loop
      vertex 90.5749 11.5255 40.2009
      vertex 90.7062 12.0711 40.0749
      vertex 90.5147 11.5536 40.0585
    endloop
  endfacet
  facet normal -0.85511 0.302946 0.420726
    outer loop
      vertex 90.7696 12.0416 40.225
      vertex 90.7062 12.0711 40.0749
      vertex 90.5749 11.5255 40.2009
    endloop
  endfacet
  facet normal -0.776149 0.26611 0.571645
    outer loop
      vertex 90.6567 11.4874 40.3297
      vertex 90.7696 12.0416 40.225
      vertex 90.5749 11.5255 40.2009
    endloop
  endfacet
  facet normal -0.776117 0.266262 0.571618
    outer loop
      vertex 90.7696 12.0416 40.225
      vertex 90.7228 11.6583 40.34
      vertex 90.8426 12.0075 40.34
    endloop
  endfacet
  facet normal -0.776861 0.266076 0.570694
    outer loop
      vertex 90.7228 11.6583 40.34
      vertex 90.7696 12.0416 40.225
      vertex 90.6567 11.4874 40.3297
    endloop
  endfacet
  facet normal -0.675838 0.218982 0.703768
    outer loop
      vertex 90.666 11.483 40.34
      vertex 90.7228 11.6583 40.34
      vertex 90.6567 11.4874 40.3297
    endloop
  endfacet
  facet normal 0.5986 -0.37642 0.707096
    outer loop
      vertex 91.909 10.9034 40.3297
      vertex 91.9201 10.9404 40.34
      vertex 91.8996 10.9078 40.34
    endloop
  endfacet
  facet normal 0.603053 -0.376664 0.703173
    outer loop
      vertex 91.9973 11.064 40.34
      vertex 91.9201 10.9404 40.34
      vertex 91.909 10.9034 40.3297
    endloop
  endfacet
  facet normal 0.703208 -0.42327 0.571263
    outer loop
      vertex 91.9907 10.8653 40.2009
      vertex 91.9973 11.064 40.34
      vertex 91.909 10.9034 40.3297
    endloop
  endfacet
  facet normal 0.702554 -0.423627 0.571803
    outer loop
      vertex 91.9973 11.064 40.34
      vertex 91.9907 10.8653 40.2009
      vertex 92.151 11.3189 40.34
    endloop
  endfacet
  facet normal 0.70309 -0.42323 0.571438
    outer loop
      vertex 92.151 11.3189 40.34
      vertex 92.2609 11.3462 40.225
      vertex 92.1879 11.3802 40.34
    endloop
  endfacet
  facet normal 0.703 -0.423618 0.57126
    outer loop
      vertex 92.2609 11.3462 40.225
      vertex 92.151 11.3189 40.34
      vertex 91.9907 10.8653 40.2009
    endloop
  endfacet
  facet normal 0.781526 -0.460219 0.421208
    outer loop
      vertex 92.0509 10.8372 40.0585
      vertex 92.2609 11.3462 40.225
      vertex 91.9907 10.8653 40.2009
    endloop
  endfacet
  facet normal 0.781691 -0.460195 0.420926
    outer loop
      vertex 92.3243 11.3166 40.0749
      vertex 92.2609 11.3462 40.225
      vertex 92.0509 10.8372 40.0585
    endloop
  endfacet
  facet normal 0.835458 -0.485281 0.257901
    outer loop
      vertex 92.0878 10.82 39.9066
      vertex 92.3243 11.3166 40.0749
      vertex 92.0509 10.8372 40.0585
    endloop
  endfacet
  facet normal 0.835356 -0.48532 0.258159
    outer loop
      vertex 92.3632 11.2985 39.915
      vertex 92.3243 11.3166 40.0749
      vertex 92.0878 10.82 39.9066
    endloop
  endfacet
  facet normal 0.862773 -0.498091 0.0867645
    outer loop
      vertex 92.1002 10.8142 39.75
      vertex 92.3632 11.2985 39.915
      vertex 92.0878 10.82 39.9066
    endloop
  endfacet
  facet normal 0.862857 -0.49801 0.0863939
    outer loop
      vertex 92.3762 11.2924 39.75
      vertex 92.3632 11.2985 39.915
      vertex 92.1002 10.8142 39.75
    endloop
  endfacet
  facet normal 0.862829 -0.497994 -0.0867653
    outer loop
      vertex 92.3762 11.2924 39.75
      vertex 92.1002 10.8142 39.75
      vertex 92.0878 10.82 39.5934
    endloop
  endfacet
  facet normal -0.422632 -0.906301 4.43037e-05
    outer loop
      vertex 91.2828 11.1954 39.75
      vertex 90.5147 11.5536 40.0585
      vertex 90.4778 11.5708 39.9066
    endloop
  endfacet
  facet normal -0.422655 -0.906291 -9.9405e-05
    outer loop
      vertex 91.2828 11.1954 39.75
      vertex 90.4778 11.5708 39.9066
      vertex 90.4654 11.5766 39.75
    endloop
  endfacet
  facet normal -0.422655 -0.906291 9.9405e-05
    outer loop
      vertex 90.4778 11.5708 39.5934
      vertex 91.2828 11.1954 39.75
      vertex 90.4654 11.5766 39.75
    endloop
  endfacet
  facet normal -0.422672 -0.906266 -0.00550638
    outer loop
      vertex 90.6567 11.4874 40.3297
      vertex 90.8341 11.4046 40.34
      vertex 90.666 11.483 40.34
    endloop
  endfacet
  facet normal -0.422925 -0.906164 -0.000333984
    outer loop
      vertex 90.8341 11.4046 40.34
      vertex 90.6567 11.4874 40.3297
      vertex 91.2828 11.1954 39.75
    endloop
  endfacet
  facet normal -0.422504 -0.906361 0.000220749
    outer loop
      vertex 91.2828 11.1954 39.75
      vertex 90.6567 11.4874 40.3297
      vertex 90.5749 11.5255 40.2009
    endloop
  endfacet
  facet normal -0.422693 -0.906273 -0.000141449
    outer loop
      vertex 91.2828 11.1954 39.75
      vertex 90.5749 11.5255 40.2009
      vertex 90.5147 11.5536 40.0585
    endloop
  endfacet
  facet normal -0.422836 -0.906206 -6.12539e-07
    outer loop
      vertex 91.2828 11.1954 39.75
      vertex 91.1885 11.2394 40.34
      vertex 91.0882 11.2862 40.34
    endloop
  endfacet
  facet normal -0.422581 -0.906325 0.000101781
    outer loop
      vertex 91.2828 11.1954 39.75
      vertex 91.0882 11.2862 40.34
      vertex 90.9741 11.3394 40.34
    endloop
  endfacet
  facet normal -0.422176 -0.906514 0.000359533
    outer loop
      vertex 91.2828 11.1954 39.75
      vertex 90.9741 11.3394 40.34
      vertex 90.8341 11.4046 40.34
    endloop
  endfacet
  facet normal -0.422836 -0.906206 6.12539e-07
    outer loop
      vertex 91.4774 11.1046 40.34
      vertex 91.3771 11.1514 40.34
      vertex 91.2828 11.1954 39.75
    endloop
  endfacet
  facet normal -0.422833 -0.906208 0
    outer loop
      vertex 91.3771 11.1514 40.34
      vertex 91.2828 11.1954 40.34
      vertex 91.2828 11.1954 39.75
    endloop
  endfacet
  facet normal -0.422833 -0.906208 0
    outer loop
      vertex 91.2828 11.1954 39.75
      vertex 91.2828 11.1954 40.34
      vertex 91.1885 11.2394 40.34
    endloop
  endfacet
  facet normal -0.422678 -0.906279 0.00140279
    outer loop
      vertex 91.7315 10.9862 40.34
      vertex 91.909 10.9034 40.3297
      vertex 91.8996 10.9078 40.34
    endloop
  endfacet
  facet normal -0.422738 -0.906252 0.000160453
    outer loop
      vertex 91.909 10.9034 40.3297
      vertex 91.7315 10.9862 40.34
      vertex 91.2828 11.1954 39.75
    endloop
  endfacet
  facet normal -0.422176 -0.906514 -0.000359533
    outer loop
      vertex 91.7315 10.9862 40.34
      vertex 91.5915 11.0514 40.34
      vertex 91.2828 11.1954 39.75
    endloop
  endfacet
  facet normal -0.422581 -0.906325 -0.000101781
    outer loop
      vertex 91.5915 11.0514 40.34
      vertex 91.4774 11.1046 40.34
      vertex 91.2828 11.1954 39.75
    endloop
  endfacet
  facet normal -0.422632 -0.906301 -4.43037e-05
    outer loop
      vertex 92.0878 10.82 39.9066
      vertex 92.0509 10.8372 40.0585
      vertex 91.2828 11.1954 39.75
    endloop
  endfacet
  facet normal -0.422693 -0.906273 0.000141449
    outer loop
      vertex 92.0509 10.8372 40.0585
      vertex 91.9907 10.8653 40.2009
      vertex 91.2828 11.1954 39.75
    endloop
  endfacet
  facet normal -0.422626 -0.906304 1.28849e-05
    outer loop
      vertex 91.9907 10.8653 40.2009
      vertex 91.909 10.9034 40.3297
      vertex 91.2828 11.1954 39.75
    endloop
  endfacet
  facet normal -0.422632 -0.906301 4.43037e-05
    outer loop
      vertex 92.0509 10.8372 39.4415
      vertex 92.0878 10.82 39.5934
      vertex 91.2828 11.1954 39.75
    endloop
  endfacet
  facet normal -0.422655 -0.906291 -9.9405e-05
    outer loop
      vertex 92.0878 10.82 39.5934
      vertex 92.1002 10.8142 39.75
      vertex 91.2828 11.1954 39.75
    endloop
  endfacet
  facet normal -0.422655 -0.906291 9.9405e-05
    outer loop
      vertex 92.1002 10.8142 39.75
      vertex 92.0878 10.82 39.9066
      vertex 91.2828 11.1954 39.75
    endloop
  endfacet
  facet normal -0.422604 -0.906314 1.55691e-05
    outer loop
      vertex 91.8082 10.9504 39.0591
      vertex 91.909 10.9034 39.1703
      vertex 91.2828 11.1954 39.75
    endloop
  endfacet
  facet normal -0.422626 -0.906304 -1.28849e-05
    outer loop
      vertex 91.909 10.9034 39.1703
      vertex 91.9907 10.8653 39.2991
      vertex 91.2828 11.1954 39.75
    endloop
  endfacet
  facet normal -0.422693 -0.906273 -0.000141449
    outer loop
      vertex 91.9907 10.8653 39.2991
      vertex 92.0509 10.8372 39.4415
      vertex 91.2828 11.1954 39.75
    endloop
  endfacet
  facet normal -0.422571 -0.90633 4.07592e-05
    outer loop
      vertex 91.4247 11.1292 38.8618
      vertex 91.5624 11.065 38.9025
      vertex 91.2828 11.1954 39.75
    endloop
  endfacet
  facet normal -0.422625 -0.906305 1.92623e-05
    outer loop
      vertex 91.5624 11.065 38.9025
      vertex 91.6915 11.0048 38.9689
      vertex 91.2828 11.1954 39.75
    endloop
  endfacet
  facet normal -0.422547 -0.906341 6.89566e-05
    outer loop
      vertex 91.6915 11.0048 38.9689
      vertex 91.8082 10.9504 39.0591
      vertex 91.2828 11.1954 39.75
    endloop
  endfacet
  facet normal -0.422812 -0.906217 6.08905e-06
    outer loop
      vertex 91.1409 11.2616 38.8618
      vertex 91.2828 11.1954 39.75
      vertex 91.0033 11.3258 38.9025
    endloop
  endfacet
  facet normal -0.422781 -0.906232 0
    outer loop
      vertex 91.2828 11.1954 38.8481
      vertex 91.2828 11.1954 39.75
      vertex 91.1409 11.2616 38.8618
    endloop
  endfacet
  facet normal -0.422781 -0.906232 0
    outer loop
      vertex 91.4247 11.1292 38.8618
      vertex 91.2828 11.1954 39.75
      vertex 91.2828 11.1954 38.8481
    endloop
  endfacet
  facet normal -0.422792 -0.906227 0.000157884
    outer loop
      vertex 90.7574 11.4404 39.0591
      vertex 91.2828 11.1954 39.75
      vertex 90.6567 11.4874 39.1703
    endloop
  endfacet
  facet normal -0.422547 -0.906341 -6.89566e-05
    outer loop
      vertex 90.8741 11.386 38.9689
      vertex 91.2828 11.1954 39.75
      vertex 90.7574 11.4404 39.0591
    endloop
  endfacet
  facet normal -0.422413 -0.906404 -0.000154163
    outer loop
      vertex 91.0033 11.3258 38.9025
      vertex 91.2828 11.1954 39.75
      vertex 90.8741 11.386 38.9689
    endloop
  endfacet
  facet normal -0.422632 -0.906301 -4.43037e-05
    outer loop
      vertex 90.5147 11.5536 39.4415
      vertex 91.2828 11.1954 39.75
      vertex 90.4778 11.5708 39.5934
    endloop
  endfacet
  facet normal -0.422693 -0.906273 0.000141449
    outer loop
      vertex 90.5749 11.5255 39.2991
      vertex 91.2828 11.1954 39.75
      vertex 90.5147 11.5536 39.4415
    endloop
  endfacet
  facet normal -0.422504 -0.906361 -0.000220749
    outer loop
      vertex 90.6567 11.4874 39.1703
      vertex 91.2828 11.1954 39.75
      vertex 90.5749 11.5255 39.2991
    endloop
  endfacet
  facet normal 0.422606 0.906313 -0
    outer loop
      vertex 92.8136 13.2952 37.1
      vertex 91.9073 13.7178 39.15
      vertex 92.8136 13.2952 39.15
    endloop
  endfacet
  facet normal 0.422606 0.906313 0
    outer loop
      vertex 91.9073 13.7178 39.15
      vertex 92.8136 13.2952 37.1
      vertex 91.9073 13.7178 37.1
    endloop
  endfacet
  facet normal 0.29883 0.640865 0.707102
    outer loop
      vertex 91.9073 13.7178 39.15
      vertex 92.391 12.3889 40.15
      vertex 92.8136 13.2952 39.15
    endloop
  endfacet
  facet normal 0.29883 0.640865 0.707102
    outer loop
      vertex 92.391 12.3889 40.15
      vertex 91.9073 13.7178 39.15
      vertex 91.4847 12.8115 40.15
    endloop
  endfacet
  facet normal 0.906313 -0.422606 0
    outer loop
      vertex 92.391 12.3889 37.1
      vertex 92.8136 13.2952 39.15
      vertex 92.391 12.3889 40.15
    endloop
  endfacet
  facet normal 0.906313 -0.422606 0
    outer loop
      vertex 92.8136 13.2952 39.15
      vertex 92.391 12.3889 37.1
      vertex 92.8136 13.2952 37.1
    endloop
  endfacet
  facet normal -0.906313 0.422606 0
    outer loop
      vertex 91.4847 12.8115 37.1
      vertex 91.9073 13.7178 39.15
      vertex 91.9073 13.7178 37.1
    endloop
  endfacet
  facet normal -0.906313 0.422606 0
    outer loop
      vertex 91.9073 13.7178 39.15
      vertex 91.4847 12.8115 37.1
      vertex 91.4847 12.8115 40.15
    endloop
  endfacet
  facet normal -0.422606 -0.906313 0
    outer loop
      vertex 93.1118 16.3008 37.1
      vertex 94.0181 15.8782 39.15
      vertex 93.1118 16.3008 39.15
    endloop
  endfacet
  facet normal -0.422606 -0.906313 -0
    outer loop
      vertex 94.0181 15.8782 39.15
      vertex 93.1118 16.3008 37.1
      vertex 94.0181 15.8782 37.1
    endloop
  endfacet
  facet normal -0.29883 -0.640865 0.707102
    outer loop
      vertex 94.0181 15.8782 39.15
      vertex 94.4407 16.7845 40.15
      vertex 93.1118 16.3008 39.15
    endloop
  endfacet
  facet normal -0.29883 -0.640865 0.707102
    outer loop
      vertex 94.4407 16.7845 40.15
      vertex 93.5344 17.2071 40.15
      vertex 93.1118 16.3008 39.15
    endloop
  endfacet
  facet normal 0.906313 -0.422606 0
    outer loop
      vertex 94.0181 15.8782 39.15
      vertex 94.4407 16.7845 37.1
      vertex 94.4407 16.7845 40.15
    endloop
  endfacet
  facet normal 0.906313 -0.422606 0
    outer loop
      vertex 94.4407 16.7845 37.1
      vertex 94.0181 15.8782 39.15
      vertex 94.0181 15.8782 37.1
    endloop
  endfacet
  facet normal -0.906313 0.422606 0
    outer loop
      vertex 93.1118 16.3008 39.15
      vertex 93.5344 17.2071 37.1
      vertex 93.1118 16.3008 37.1
    endloop
  endfacet
  facet normal -0.906313 0.422606 0
    outer loop
      vertex 93.5344 17.2071 37.1
      vertex 93.1118 16.3008 39.15
      vertex 93.5344 17.2071 40.15
    endloop
  endfacet
  facet normal 0.996191 0.0871985 0
    outer loop
      vertex 84.9759 8.01623 37.1
      vertex 84.955 8.255 36.3
      vertex 84.955 8.255 37.1
    endloop
  endfacet
  facet normal 0.996191 0.0871985 0
    outer loop
      vertex 84.955 8.255 36.3
      vertex 84.9759 8.01623 37.1
      vertex 84.9759 8.01623 36.3
    endloop
  endfacet
  facet normal 0.96596 0.258691 0
    outer loop
      vertex 85.0379 7.78472 37.1
      vertex 84.9759 8.01623 36.3
      vertex 84.9759 8.01623 37.1
    endloop
  endfacet
  facet normal 0.96596 0.258691 0
    outer loop
      vertex 84.9759 8.01623 36.3
      vertex 85.0379 7.78472 37.1
      vertex 85.0379 7.78472 36.3
    endloop
  endfacet
  facet normal 0.906294 0.422648 0
    outer loop
      vertex 85.1392 7.5675 37.1
      vertex 85.0379 7.78472 36.3
      vertex 85.0379 7.78472 37.1
    endloop
  endfacet
  facet normal 0.906294 0.422648 0
    outer loop
      vertex 85.0379 7.78472 36.3
      vertex 85.1392 7.5675 37.1
      vertex 85.1392 7.5675 36.3
    endloop
  endfacet
  facet normal 0.81911 0.573636 0
    outer loop
      vertex 85.2767 7.37116 37.1
      vertex 85.1392 7.5675 36.3
      vertex 85.1392 7.5675 37.1
    endloop
  endfacet
  facet normal 0.81911 0.573636 0
    outer loop
      vertex 85.1392 7.5675 36.3
      vertex 85.2767 7.37116 37.1
      vertex 85.2767 7.37116 36.3
    endloop
  endfacet
  facet normal 0.707044 0.707169 -0
    outer loop
      vertex 85.4462 7.20169 36.3
      vertex 85.2767 7.37116 37.1
      vertex 85.4462 7.20169 37.1
    endloop
  endfacet
  facet normal 0.707044 0.707169 0
    outer loop
      vertex 85.2767 7.37116 37.1
      vertex 85.4462 7.20169 36.3
      vertex 85.2767 7.37116 36.3
    endloop
  endfacet
  facet normal 0.573658 0.819095 -0
    outer loop
      vertex 85.6425 7.06421 36.3
      vertex 85.4462 7.20169 37.1
      vertex 85.6425 7.06421 37.1
    endloop
  endfacet
  facet normal 0.573658 0.819095 0
    outer loop
      vertex 85.4462 7.20169 37.1
      vertex 85.6425 7.06421 36.3
      vertex 85.4462 7.20169 36.3
    endloop
  endfacet
  facet normal 0.422646 0.906295 -0
    outer loop
      vertex 85.8597 6.96292 36.3
      vertex 85.6425 7.06421 37.1
      vertex 85.8597 6.96292 37.1
    endloop
  endfacet
  facet normal 0.422646 0.906295 0
    outer loop
      vertex 85.6425 7.06421 37.1
      vertex 85.8597 6.96292 36.3
      vertex 85.6425 7.06421 36.3
    endloop
  endfacet
  facet normal 0.258818 0.965926 -0
    outer loop
      vertex 86.0912 6.90089 36.3
      vertex 85.8597 6.96292 37.1
      vertex 86.0912 6.90089 37.1
    endloop
  endfacet
  facet normal 0.258818 0.965926 0
    outer loop
      vertex 85.8597 6.96292 37.1
      vertex 86.0912 6.90089 36.3
      vertex 85.8597 6.96292 36.3
    endloop
  endfacet
  facet normal 0.0871463 0.996196 -0
    outer loop
      vertex 86.33 6.88 36.3
      vertex 86.0912 6.90089 37.1
      vertex 86.33 6.88 37.1
    endloop
  endfacet
  facet normal 0.0871463 0.996196 0
    outer loop
      vertex 86.0912 6.90089 37.1
      vertex 86.33 6.88 36.3
      vertex 86.0912 6.90089 36.3
    endloop
  endfacet
  facet normal -0.0871463 0.996196 0
    outer loop
      vertex 86.5688 6.90089 36.3
      vertex 86.33 6.88 37.1
      vertex 86.5688 6.90089 37.1
    endloop
  endfacet
  facet normal -0.0871463 0.996196 0
    outer loop
      vertex 86.33 6.88 37.1
      vertex 86.5688 6.90089 36.3
      vertex 86.33 6.88 36.3
    endloop
  endfacet
  facet normal -0.258818 0.965926 0
    outer loop
      vertex 86.8003 6.96292 36.3
      vertex 86.5688 6.90089 37.1
      vertex 86.8003 6.96292 37.1
    endloop
  endfacet
  facet normal -0.258818 0.965926 0
    outer loop
      vertex 86.5688 6.90089 37.1
      vertex 86.8003 6.96292 36.3
      vertex 86.5688 6.90089 36.3
    endloop
  endfacet
  facet normal -0.422646 0.906295 0
    outer loop
      vertex 87.0175 7.06421 36.3
      vertex 86.8003 6.96292 37.1
      vertex 87.0175 7.06421 37.1
    endloop
  endfacet
  facet normal -0.422646 0.906295 0
    outer loop
      vertex 86.8003 6.96292 37.1
      vertex 87.0175 7.06421 36.3
      vertex 86.8003 6.96292 36.3
    endloop
  endfacet
  facet normal -0.573658 0.819095 0
    outer loop
      vertex 87.2138 7.20169 36.3
      vertex 87.0175 7.06421 37.1
      vertex 87.2138 7.20169 37.1
    endloop
  endfacet
  facet normal -0.573658 0.819095 0
    outer loop
      vertex 87.0175 7.06421 37.1
      vertex 87.2138 7.20169 36.3
      vertex 87.0175 7.06421 36.3
    endloop
  endfacet
  facet normal -0.707044 0.707169 0
    outer loop
      vertex 87.2138 7.20169 36.3
      vertex 87.3833 7.37116 37.1
      vertex 87.3833 7.37116 36.3
    endloop
  endfacet
  facet normal -0.707044 0.707169 0
    outer loop
      vertex 87.3833 7.37116 37.1
      vertex 87.2138 7.20169 36.3
      vertex 87.2138 7.20169 37.1
    endloop
  endfacet
  facet normal -0.81911 0.573636 0
    outer loop
      vertex 87.3833 7.37116 36.3
      vertex 87.5208 7.5675 37.1
      vertex 87.5208 7.5675 36.3
    endloop
  endfacet
  facet normal -0.81911 0.573636 0
    outer loop
      vertex 87.5208 7.5675 37.1
      vertex 87.3833 7.37116 36.3
      vertex 87.3833 7.37116 37.1
    endloop
  endfacet
  facet normal -0.906294 0.422648 0
    outer loop
      vertex 87.5208 7.5675 36.3
      vertex 87.6221 7.78472 37.1
      vertex 87.6221 7.78472 36.3
    endloop
  endfacet
  facet normal -0.906294 0.422648 0
    outer loop
      vertex 87.6221 7.78472 37.1
      vertex 87.5208 7.5675 36.3
      vertex 87.5208 7.5675 37.1
    endloop
  endfacet
  facet normal -0.96596 0.258691 0
    outer loop
      vertex 87.6221 7.78472 36.3
      vertex 87.6841 8.01623 37.1
      vertex 87.6841 8.01623 36.3
    endloop
  endfacet
  facet normal -0.96596 0.258691 0
    outer loop
      vertex 87.6841 8.01623 37.1
      vertex 87.6221 7.78472 36.3
      vertex 87.6221 7.78472 37.1
    endloop
  endfacet
  facet normal -0.996191 0.0871985 0
    outer loop
      vertex 87.6841 8.01623 36.3
      vertex 87.705 8.255 37.1
      vertex 87.705 8.255 36.3
    endloop
  endfacet
  facet normal -0.996191 0.0871985 0
    outer loop
      vertex 87.705 8.255 37.1
      vertex 87.6841 8.01623 36.3
      vertex 87.6841 8.01623 37.1
    endloop
  endfacet
  facet normal -0.996191 -0.0871985 0
    outer loop
      vertex 87.705 8.255 36.3
      vertex 87.6841 8.49377 37.1
      vertex 87.6841 8.49377 36.3
    endloop
  endfacet
  facet normal -0.996191 -0.0871985 0
    outer loop
      vertex 87.6841 8.49377 37.1
      vertex 87.705 8.255 36.3
      vertex 87.705 8.255 37.1
    endloop
  endfacet
  facet normal -0.96596 -0.258691 0
    outer loop
      vertex 87.6841 8.49377 36.3
      vertex 87.6221 8.72528 37.1
      vertex 87.6221 8.72528 36.3
    endloop
  endfacet
  facet normal -0.96596 -0.258691 0
    outer loop
      vertex 87.6221 8.72528 37.1
      vertex 87.6841 8.49377 36.3
      vertex 87.6841 8.49377 37.1
    endloop
  endfacet
  facet normal -0.906294 -0.422648 0
    outer loop
      vertex 87.6221 8.72528 36.3
      vertex 87.5208 8.9425 37.1
      vertex 87.5208 8.9425 36.3
    endloop
  endfacet
  facet normal -0.906294 -0.422648 0
    outer loop
      vertex 87.5208 8.9425 37.1
      vertex 87.6221 8.72528 36.3
      vertex 87.6221 8.72528 37.1
    endloop
  endfacet
  facet normal -0.819097 -0.573656 0
    outer loop
      vertex 87.5208 8.9425 36.3
      vertex 87.3833 9.13883 37.1
      vertex 87.3833 9.13883 36.3
    endloop
  endfacet
  facet normal -0.819097 -0.573656 0
    outer loop
      vertex 87.3833 9.13883 37.1
      vertex 87.5208 8.9425 36.3
      vertex 87.5208 8.9425 37.1
    endloop
  endfacet
  facet normal -0.707065 -0.707148 0
    outer loop
      vertex 87.3833 9.13883 36.3
      vertex 87.2138 9.30831 37.1
      vertex 87.2138 9.30831 36.3
    endloop
  endfacet
  facet normal -0.707065 -0.707148 0
    outer loop
      vertex 87.2138 9.30831 37.1
      vertex 87.3833 9.13883 36.3
      vertex 87.3833 9.13883 37.1
    endloop
  endfacet
  facet normal -0.57363 -0.819114 0
    outer loop
      vertex 87.0175 9.44578 36.3
      vertex 87.2138 9.30831 37.1
      vertex 87.0175 9.44578 37.1
    endloop
  endfacet
  facet normal -0.57363 -0.819114 -0
    outer loop
      vertex 87.2138 9.30831 37.1
      vertex 87.0175 9.44578 36.3
      vertex 87.2138 9.30831 36.3
    endloop
  endfacet
  facet normal -0.42268 -0.906279 0
    outer loop
      vertex 86.8003 9.54708 36.3
      vertex 87.0175 9.44578 37.1
      vertex 86.8003 9.54708 37.1
    endloop
  endfacet
  facet normal -0.42268 -0.906279 -0
    outer loop
      vertex 87.0175 9.44578 37.1
      vertex 86.8003 9.54708 36.3
      vertex 87.0175 9.44578 36.3
    endloop
  endfacet
  facet normal -0.258818 -0.965926 0
    outer loop
      vertex 86.5688 9.60911 36.3
      vertex 86.8003 9.54708 37.1
      vertex 86.5688 9.60911 37.1
    endloop
  endfacet
  facet normal -0.258818 -0.965926 -0
    outer loop
      vertex 86.8003 9.54708 37.1
      vertex 86.5688 9.60911 36.3
      vertex 86.8003 9.54708 36.3
    endloop
  endfacet
  facet normal -0.0871463 -0.996196 0
    outer loop
      vertex 86.33 9.63 36.3
      vertex 86.5688 9.60911 37.1
      vertex 86.33 9.63 37.1
    endloop
  endfacet
  facet normal -0.0871463 -0.996196 -0
    outer loop
      vertex 86.5688 9.60911 37.1
      vertex 86.33 9.63 36.3
      vertex 86.5688 9.60911 36.3
    endloop
  endfacet
  facet normal 0.0871463 -0.996196 0
    outer loop
      vertex 86.0912 9.60911 36.3
      vertex 86.33 9.63 37.1
      vertex 86.0912 9.60911 37.1
    endloop
  endfacet
  facet normal 0.0871463 -0.996196 0
    outer loop
      vertex 86.33 9.63 37.1
      vertex 86.0912 9.60911 36.3
      vertex 86.33 9.63 36.3
    endloop
  endfacet
  facet normal 0.258818 -0.965926 0
    outer loop
      vertex 85.8597 9.54708 36.3
      vertex 86.0912 9.60911 37.1
      vertex 85.8597 9.54708 37.1
    endloop
  endfacet
  facet normal 0.258818 -0.965926 0
    outer loop
      vertex 86.0912 9.60911 37.1
      vertex 85.8597 9.54708 36.3
      vertex 86.0912 9.60911 36.3
    endloop
  endfacet
  facet normal 0.42268 -0.906279 0
    outer loop
      vertex 85.6425 9.44578 36.3
      vertex 85.8597 9.54708 37.1
      vertex 85.6425 9.44578 37.1
    endloop
  endfacet
  facet normal 0.42268 -0.906279 0
    outer loop
      vertex 85.8597 9.54708 37.1
      vertex 85.6425 9.44578 36.3
      vertex 85.8597 9.54708 36.3
    endloop
  endfacet
  facet normal 0.57363 -0.819114 0
    outer loop
      vertex 85.4462 9.30831 36.3
      vertex 85.6425 9.44578 37.1
      vertex 85.4462 9.30831 37.1
    endloop
  endfacet
  facet normal 0.57363 -0.819114 0
    outer loop
      vertex 85.6425 9.44578 37.1
      vertex 85.4462 9.30831 36.3
      vertex 85.6425 9.44578 36.3
    endloop
  endfacet
  facet normal 0.707065 -0.707148 0
    outer loop
      vertex 85.2767 9.13883 36.3
      vertex 85.4462 9.30831 37.1
      vertex 85.2767 9.13883 37.1
    endloop
  endfacet
  facet normal 0.707065 -0.707148 0
    outer loop
      vertex 85.4462 9.30831 37.1
      vertex 85.2767 9.13883 36.3
      vertex 85.4462 9.30831 36.3
    endloop
  endfacet
  facet normal 0.819097 -0.573656 0
    outer loop
      vertex 85.1392 8.9425 37.1
      vertex 85.2767 9.13883 36.3
      vertex 85.2767 9.13883 37.1
    endloop
  endfacet
  facet normal 0.819097 -0.573656 0
    outer loop
      vertex 85.2767 9.13883 36.3
      vertex 85.1392 8.9425 37.1
      vertex 85.1392 8.9425 36.3
    endloop
  endfacet
  facet normal 0.906294 -0.422648 0
    outer loop
      vertex 85.0379 8.72528 37.1
      vertex 85.1392 8.9425 36.3
      vertex 85.1392 8.9425 37.1
    endloop
  endfacet
  facet normal 0.906294 -0.422648 0
    outer loop
      vertex 85.1392 8.9425 36.3
      vertex 85.0379 8.72528 37.1
      vertex 85.0379 8.72528 36.3
    endloop
  endfacet
  facet normal 0.96596 -0.258691 0
    outer loop
      vertex 84.9759 8.49377 37.1
      vertex 85.0379 8.72528 36.3
      vertex 85.0379 8.72528 37.1
    endloop
  endfacet
  facet normal 0.96596 -0.258691 0
    outer loop
      vertex 85.0379 8.72528 36.3
      vertex 84.9759 8.49377 37.1
      vertex 84.9759 8.49377 36.3
    endloop
  endfacet
  facet normal 0.996191 -0.0871985 0
    outer loop
      vertex 84.955 8.255 37.1
      vertex 84.9759 8.49377 36.3
      vertex 84.9759 8.49377 37.1
    endloop
  endfacet
  facet normal 0.996191 -0.0871985 0
    outer loop
      vertex 84.9759 8.49377 36.3
      vertex 84.955 8.255 37.1
      vertex 84.955 8.255 36.3
    endloop
  endfacet
  facet normal 0 1 -0
    outer loop
      vertex 93.2082 26.3 37.1
      vertex 79.065 26.3 38.65
      vertex 93.2082 26.3 38.65
    endloop
  endfacet
  facet normal 0 1 0
    outer loop
      vertex 79.065 26.3 38.65
      vertex 93.2082 26.3 37.1
      vertex 79.065 26.3 37.1
    endloop
  endfacet
  facet normal -0.642771 -0.766058 0
    outer loop
      vertex 90.5424 20.0728 37.1
      vertex 91.9181 18.9185 38.65
      vertex 90.5424 20.0728 38.65
    endloop
  endfacet
  facet normal -0.642771 -0.766058 -0
    outer loop
      vertex 91.9181 18.9185 38.65
      vertex 90.5424 20.0728 37.1
      vertex 91.9181 18.9185 37.1
    endloop
  endfacet
  facet normal 0.90635 -0.422528 0
    outer loop
      vertex 92.3859 19.9218 38
      vertex 92.3859 19.9218 38.65
      vertex 92.2825 19.7 38
    endloop
  endfacet
  facet normal 0.906324 -0.422584 2.33757e-05
    outer loop
      vertex 92.2825 19.7 38
      vertex 92.3859 19.9218 38.65
      vertex 91.9181 18.9185 38.65
    endloop
  endfacet
  facet normal 0.906316 -0.4226 0
    outer loop
      vertex 91.9181 18.9185 37.1
      vertex 92.2825 19.7 38
      vertex 91.9181 18.9185 38.65
    endloop
  endfacet
  facet normal 0.906316 -0.4226 0
    outer loop
      vertex 92.2825 19.7 38
      vertex 91.9181 18.9185 37.1
      vertex 92.2825 19.7 37.1
    endloop
  endfacet
  facet normal 0 -1 0
    outer loop
      vertex 91.1 24.7 36.3
      vertex 96.45 24.7 38
      vertex 91.1 24.7 38
    endloop
  endfacet
  facet normal 0 -1 -0
    outer loop
      vertex 96.45 24.7 38
      vertex 91.1 24.7 36.3
      vertex 96.45 24.7 36.3
    endloop
  endfacet
  facet normal 0 1 -0
    outer loop
      vertex 95.95 20.7498 38
      vertex 93.7 20.7498 38.65
      vertex 95.95 20.7498 38.65
    endloop
  endfacet
  facet normal 0 1 0
    outer loop
      vertex 93.7 20.7498 38.65
      vertex 95.95 20.7498 38
      vertex 93.7 20.7498 38
    endloop
  endfacet
  facet normal 0.996189 0.0872239 0
    outer loop
      vertex 92.7152 21.5762 38.65
      vertex 92.7 21.7498 38
      vertex 92.7 21.7498 38.65
    endloop
  endfacet
  facet normal 0.996189 0.0872239 0
    outer loop
      vertex 92.7 21.7498 38
      vertex 92.7152 21.5762 38.65
      vertex 92.7152 21.5762 38
    endloop
  endfacet
  facet normal 0.965958 0.258698 0
    outer loop
      vertex 92.7603 21.4078 38.65
      vertex 92.7152 21.5762 38
      vertex 92.7152 21.5762 38.65
    endloop
  endfacet
  facet normal 0.965958 0.258698 0
    outer loop
      vertex 92.7152 21.5762 38
      vertex 92.7603 21.4078 38.65
      vertex 92.7603 21.4078 38
    endloop
  endfacet
  facet normal 0.906256 0.422728 0
    outer loop
      vertex 92.834 21.2498 38.65
      vertex 92.7603 21.4078 38
      vertex 92.7603 21.4078 38.65
    endloop
  endfacet
  facet normal 0.906256 0.422728 0
    outer loop
      vertex 92.7603 21.4078 38
      vertex 92.834 21.2498 38.65
      vertex 92.834 21.2498 38
    endloop
  endfacet
  facet normal 0.819124 0.573616 0
    outer loop
      vertex 92.934 21.107 38.65
      vertex 92.834 21.2498 38
      vertex 92.834 21.2498 38.65
    endloop
  endfacet
  facet normal 0.819124 0.573616 0
    outer loop
      vertex 92.834 21.2498 38
      vertex 92.934 21.107 38.65
      vertex 92.934 21.107 38
    endloop
  endfacet
  facet normal 0.707107 0.707107 0
    outer loop
      vertex 93.0572 20.9838 38.65
      vertex 92.934 21.107 38
      vertex 92.934 21.107 38.65
    endloop
  endfacet
  facet normal 0.707107 0.707107 0
    outer loop
      vertex 92.934 21.107 38
      vertex 93.0572 20.9838 38.65
      vertex 93.0572 20.9838 38
    endloop
  endfacet
  facet normal 0.573616 0.819124 -0
    outer loop
      vertex 93.2 20.8838 38
      vertex 93.0572 20.9838 38.65
      vertex 93.2 20.8838 38.65
    endloop
  endfacet
  facet normal 0.573616 0.819124 0
    outer loop
      vertex 93.0572 20.9838 38.65
      vertex 93.2 20.8838 38
      vertex 93.0572 20.9838 38
    endloop
  endfacet
  facet normal 0.422728 0.906256 -0
    outer loop
      vertex 93.358 20.8101 38
      vertex 93.2 20.8838 38.65
      vertex 93.358 20.8101 38.65
    endloop
  endfacet
  facet normal 0.422728 0.906256 0
    outer loop
      vertex 93.2 20.8838 38.65
      vertex 93.358 20.8101 38
      vertex 93.2 20.8838 38
    endloop
  endfacet
  facet normal 0.258698 0.965958 -0
    outer loop
      vertex 93.5264 20.765 38
      vertex 93.358 20.8101 38.65
      vertex 93.5264 20.765 38.65
    endloop
  endfacet
  facet normal 0.258698 0.965958 0
    outer loop
      vertex 93.358 20.8101 38.65
      vertex 93.5264 20.765 38
      vertex 93.358 20.8101 38
    endloop
  endfacet
  facet normal 0.0872239 0.996189 -0
    outer loop
      vertex 93.7 20.7498 38
      vertex 93.5264 20.765 38.65
      vertex 93.7 20.7498 38.65
    endloop
  endfacet
  facet normal 0.0872239 0.996189 0
    outer loop
      vertex 93.5264 20.765 38.65
      vertex 93.7 20.7498 38
      vertex 93.5264 20.765 38
    endloop
  endfacet
  facet normal 1 -0 0
    outer loop
      vertex 92.7 21.7498 38.65
      vertex 92.7 22.1998 38
      vertex 92.7 22.1998 38.65
    endloop
  endfacet
  facet normal 1 0 0
    outer loop
      vertex 92.7 22.1998 38
      vertex 92.7 21.7498 38.65
      vertex 92.7 21.7498 38
    endloop
  endfacet
  facet normal 0.0872239 -0.996189 0
    outer loop
      vertex 93.5264 23.1846 38
      vertex 93.7 23.1998 38.65
      vertex 93.5264 23.1846 38.65
    endloop
  endfacet
  facet normal 0.0872239 -0.996189 0
    outer loop
      vertex 93.7 23.1998 38.65
      vertex 93.5264 23.1846 38
      vertex 93.7 23.1998 38
    endloop
  endfacet
  facet normal 0.258698 -0.965958 0
    outer loop
      vertex 93.358 23.1395 38
      vertex 93.5264 23.1846 38.65
      vertex 93.358 23.1395 38.65
    endloop
  endfacet
  facet normal 0.258698 -0.965958 0
    outer loop
      vertex 93.5264 23.1846 38.65
      vertex 93.358 23.1395 38
      vertex 93.5264 23.1846 38
    endloop
  endfacet
  facet normal 0.422728 -0.906256 0
    outer loop
      vertex 93.2 23.0658 38
      vertex 93.358 23.1395 38.65
      vertex 93.2 23.0658 38.65
    endloop
  endfacet
  facet normal 0.422728 -0.906256 0
    outer loop
      vertex 93.358 23.1395 38.65
      vertex 93.2 23.0658 38
      vertex 93.358 23.1395 38
    endloop
  endfacet
  facet normal 0.573616 -0.819124 0
    outer loop
      vertex 93.0572 22.9658 38
      vertex 93.2 23.0658 38.65
      vertex 93.0572 22.9658 38.65
    endloop
  endfacet
  facet normal 0.573616 -0.819124 0
    outer loop
      vertex 93.2 23.0658 38.65
      vertex 93.0572 22.9658 38
      vertex 93.2 23.0658 38
    endloop
  endfacet
  facet normal 0.707107 -0.707107 0
    outer loop
      vertex 92.934 22.8426 38.65
      vertex 93.0572 22.9658 38
      vertex 93.0572 22.9658 38.65
    endloop
  endfacet
  facet normal 0.707107 -0.707107 0
    outer loop
      vertex 93.0572 22.9658 38
      vertex 92.934 22.8426 38.65
      vertex 92.934 22.8426 38
    endloop
  endfacet
  facet normal 0.819124 -0.573616 0
    outer loop
      vertex 92.834 22.6998 38.65
      vertex 92.934 22.8426 38
      vertex 92.934 22.8426 38.65
    endloop
  endfacet
  facet normal 0.819124 -0.573616 0
    outer loop
      vertex 92.934 22.8426 38
      vertex 92.834 22.6998 38.65
      vertex 92.834 22.6998 38
    endloop
  endfacet
  facet normal 0.906256 -0.422728 0
    outer loop
      vertex 92.7603 22.5418 38.65
      vertex 92.834 22.6998 38
      vertex 92.834 22.6998 38.65
    endloop
  endfacet
  facet normal 0.906256 -0.422728 0
    outer loop
      vertex 92.834 22.6998 38
      vertex 92.7603 22.5418 38.65
      vertex 92.7603 22.5418 38
    endloop
  endfacet
  facet normal 0.965958 -0.258698 0
    outer loop
      vertex 92.7152 22.3734 38.65
      vertex 92.7603 22.5418 38
      vertex 92.7603 22.5418 38.65
    endloop
  endfacet
  facet normal 0.965958 -0.258698 0
    outer loop
      vertex 92.7603 22.5418 38
      vertex 92.7152 22.3734 38.65
      vertex 92.7152 22.3734 38
    endloop
  endfacet
  facet normal 0.996189 -0.0872239 0
    outer loop
      vertex 92.7 22.1998 38.65
      vertex 92.7152 22.3734 38
      vertex 92.7152 22.3734 38.65
    endloop
  endfacet
  facet normal 0.996189 -0.0872239 0
    outer loop
      vertex 92.7152 22.3734 38
      vertex 92.7 22.1998 38.65
      vertex 92.7 22.1998 38
    endloop
  endfacet
  facet normal 0 -1 0
    outer loop
      vertex 93.7 23.1998 38
      vertex 95.95 23.1998 38.65
      vertex 93.7 23.1998 38.65
    endloop
  endfacet
  facet normal 0 -1 -0
    outer loop
      vertex 95.95 23.1998 38.65
      vertex 93.7 23.1998 38
      vertex 95.95 23.1998 38
    endloop
  endfacet
  facet normal -0.0632833 0.0295111 0.997559
    outer loop
      vertex 91.2804 21.779 40.2392
      vertex 91.9612 23.2389 40.2392
      vertex 91.0844 23.7249 40.1692
    endloop
  endfacet
  facet normal -0.0632882 0.0295106 0.997559
    outer loop
      vertex 91.2804 21.779 40.2392
      vertex 91.0844 23.7249 40.1692
      vertex 90.7967 23.1079 40.1692
    endloop
  endfacet
  facet normal -0.0632848 0.0295118 0.997559
    outer loop
      vertex 91.2804 21.779 40.2392
      vertex 90.7967 23.1079 40.1692
      vertex 90.1475 22.3073 40.1517
    endloop
  endfacet
  facet normal -0.063173 0.0294538 0.997568
    outer loop
      vertex 89.2412 22.7299 40.0818
      vertex 88.9841 23.9532 40.0294
      vertex 88.5615 23.0468 40.0294
    endloop
  endfacet
  facet normal -0.0631999 0.0294667 0.997566
    outer loop
      vertex 89.8524 21.6744 40.1517
      vertex 89.2412 22.7299 40.0818
      vertex 88.9166 22.0337 40.0818
    endloop
  endfacet
  facet normal -0.0631986 0.0294674 0.997566
    outer loop
      vertex 89.8524 21.6744 40.1517
      vertex 90.1475 22.3073 40.1517
      vertex 89.2412 22.7299 40.0818
    endloop
  endfacet
  facet normal -0.0632085 0.0294462 0.997566
    outer loop
      vertex 89.2412 22.7299 40.0818
      vertex 90.1475 22.3073 40.1517
      vertex 88.9841 23.9532 40.0294
    endloop
  endfacet
  facet normal -0.0632061 0.0294479 0.997566
    outer loop
      vertex 90.1475 22.3073 40.1517
      vertex 90.7967 23.1079 40.1692
      vertex 88.9841 23.9532 40.0294
    endloop
  endfacet
  facet normal -0.422722 -0.906259 0
    outer loop
      vertex 90.1475 22.3073 37.1
      vertex 90.5424 22.1231 38.65
      vertex 90.1475 22.3073 40.1517
    endloop
  endfacet
  facet normal -0.422722 -0.906259 -0
    outer loop
      vertex 90.5424 22.1231 38.65
      vertex 90.1475 22.3073 37.1
      vertex 90.5424 22.1231 37.1
    endloop
  endfacet
  facet normal -0.422583 -0.906324 0
    outer loop
      vertex 91.2804 21.779 38.65
      vertex 91.2804 21.779 40.2392
      vertex 90.5424 22.1231 38.65
    endloop
  endfacet
  facet normal -0.422633 -0.906301 2.84604e-05
    outer loop
      vertex 90.5424 22.1231 38.65
      vertex 91.2804 21.779 40.2392
      vertex 90.1475 22.3073 40.1517
    endloop
  endfacet
  facet normal 0.906322 -0.422588 0
    outer loop
      vertex 90.1475 22.3073 37.1
      vertex 90.1475 22.3073 40.1517
      vertex 89.8524 21.6744 40.1517
    endloop
  endfacet
  facet normal 0.906299 -0.422637 -1.26045e-05
    outer loop
      vertex 90.1475 22.3073 37.1
      vertex 89.8524 21.6744 40.1517
      vertex 89.5981 21.1291 39.55
    endloop
  endfacet
  facet normal 0.906309 -0.422616 0
    outer loop
      vertex 90.1475 22.3073 37.1
      vertex 89.5981 21.1291 39.55
      vertex 89.5981 21.1291 37.1
    endloop
  endfacet
  facet normal -0.422606 -0.906313 0
    outer loop
      vertex 88.6918 21.5517 37.1
      vertex 89.5981 21.1291 39.55
      vertex 88.6918 21.5517 39.55
    endloop
  endfacet
  facet normal -0.422606 -0.906313 -0
    outer loop
      vertex 89.5981 21.1291 39.55
      vertex 88.6918 21.5517 37.1
      vertex 89.5981 21.1291 37.1
    endloop
  endfacet
  facet normal -0.906329 0.422572 0.000118873
    outer loop
      vertex 88.9166 22.0337 40.0818
      vertex 89.2412 22.7299 40.0818
      vertex 88.6918 21.5517 39.55
    endloop
  endfacet
  facet normal -0.906309 0.422616 0
    outer loop
      vertex 88.6918 21.5517 39.55
      vertex 89.2412 22.7299 37.1
      vertex 88.6918 21.5517 37.1
    endloop
  endfacet
  facet normal -0.906309 0.422616 0
    outer loop
      vertex 89.2412 22.7299 37.1
      vertex 88.6918 21.5517 39.55
      vertex 89.2412 22.7299 40.0818
    endloop
  endfacet
  facet normal -0.422544 -0.906342 0
    outer loop
      vertex 89.2412 22.7299 37.1
      vertex 89.2412 22.7299 40.0818
      vertex 88.7322 22.9672 37.1
    endloop
  endfacet
  facet normal -0.422565 -0.906333 4.20979e-06
    outer loop
      vertex 88.7322 22.9672 37.1
      vertex 89.2412 22.7299 40.0818
      vertex 88.5615 23.0468 40.0294
    endloop
  endfacet
  facet normal -0.422624 -0.906305 0
    outer loop
      vertex 88.7322 22.9672 37.1
      vertex 88.5615 23.0468 40.0294
      vertex 88.5615 23.0468 37.1
    endloop
  endfacet
  facet normal -0.906331 0.422568 0
    outer loop
      vertex 88.5615 23.0468 37.1
      vertex 88.9841 23.9532 40.0294
      vertex 88.9841 23.9532 37.1
    endloop
  endfacet
  facet normal -0.906331 0.422568 0
    outer loop
      vertex 88.9841 23.9532 40.0294
      vertex 88.5615 23.0468 37.1
      vertex 88.5615 23.0468 40.0294
    endloop
  endfacet
  facet normal 0.422643 0.906296 0
    outer loop
      vertex 88.9841 23.9532 37.1
      vertex 90.5424 23.2265 38.65
      vertex 90.5424 23.2265 37.1
    endloop
  endfacet
  facet normal 0.422643 0.906296 0
    outer loop
      vertex 90.5424 23.2265 38.65
      vertex 88.9841 23.9532 37.1
      vertex 88.9841 23.9532 40.0294
    endloop
  endfacet
  facet normal 0.422671 0.906283 3.76432e-05
    outer loop
      vertex 90.7967 23.1079 38.65
      vertex 90.5424 23.2265 38.65
      vertex 88.9841 23.9532 40.0294
    endloop
  endfacet
  facet normal 0.422647 0.906294 0
    outer loop
      vertex 90.7967 23.1079 40.1692
      vertex 90.7967 23.1079 38.65
      vertex 88.9841 23.9532 40.0294
    endloop
  endfacet
  facet normal -0.906314 0.422604 0
    outer loop
      vertex 90.7967 23.1079 40.1692
      vertex 91.0844 23.7249 40.1692
      vertex 90.7967 23.1079 38.65
    endloop
  endfacet
  facet normal -0.906306 0.422621 -8.55933e-06
    outer loop
      vertex 91.0844 23.7249 40.1692
      vertex 91.3461 24.2861 39.55
      vertex 90.7967 23.1079 38.65
    endloop
  endfacet
  facet normal -0.906309 0.422616 0
    outer loop
      vertex 91.3461 24.2861 39.55
      vertex 91.3461 24.2861 38.65
      vertex 90.7967 23.1079 38.65
    endloop
  endfacet
  facet normal 0.906299 -0.422637 -9.43983e-05
    outer loop
      vertex 92.2524 23.8635 39.55
      vertex 91.9612 23.2389 40.2392
      vertex 91.2804 21.779 40.2392
    endloop
  endfacet
  facet normal 0.906311 -0.422612 0
    outer loop
      vertex 91.2804 21.779 38.65
      vertex 92.2524 23.8635 39.55
      vertex 91.2804 21.779 40.2392
    endloop
  endfacet
  facet normal 0.906311 -0.422612 0
    outer loop
      vertex 92.2524 23.8635 39.55
      vertex 91.2804 21.779 38.65
      vertex 92.2524 23.8635 38.65
    endloop
  endfacet
  facet normal 0.422606 0.906313 -0
    outer loop
      vertex 92.2524 23.8635 38.65
      vertex 91.3461 24.2861 39.55
      vertex 92.2524 23.8635 39.55
    endloop
  endfacet
  facet normal 0.422606 0.906313 0
    outer loop
      vertex 91.3461 24.2861 39.55
      vertex 92.2524 23.8635 38.65
      vertex 91.3461 24.2861 38.65
    endloop
  endfacet
  facet normal 0.422606 0.906313 -0
    outer loop
      vertex 83.4865 13.9382 37.1
      vertex 82.5802 14.3608 38.75
      vertex 83.4865 13.9382 38.75
    endloop
  endfacet
  facet normal 0.422606 0.906313 0
    outer loop
      vertex 82.5802 14.3608 38.75
      vertex 83.4865 13.9382 37.1
      vertex 82.5802 14.3608 37.1
    endloop
  endfacet
  facet normal -0.906286 0.422665 0
    outer loop
      vertex 82.0308 13.1826 39.105
      vertex 82.4302 14.039 39.105
      vertex 82.0308 13.1826 37.1
    endloop
  endfacet
  facet normal -0.906343 0.422542 6.38964e-05
    outer loop
      vertex 82.4302 14.039 39.105
      vertex 82.5802 14.3608 38.75
      vertex 82.0308 13.1826 37.1
    endloop
  endfacet
  facet normal -0.906309 0.422616 0
    outer loop
      vertex 82.5802 14.3608 38.75
      vertex 82.5802 14.3608 37.1
      vertex 82.0308 13.1826 37.1
    endloop
  endfacet
  facet normal 0.422674 0.906282 -0
    outer loop
      vertex 82.0308 13.1826 37.1
      vertex 81.3511 13.4996 39.0526
      vertex 82.0308 13.1826 39.105
    endloop
  endfacet
  facet normal 0.422674 0.906282 0
    outer loop
      vertex 81.3511 13.4996 39.0526
      vertex 82.0308 13.1826 37.1
      vertex 81.3511 13.4996 37.1
    endloop
  endfacet
  facet normal -0.906313 0.422606 0
    outer loop
      vertex 80.9285 12.5933 37.1
      vertex 81.3511 13.4996 39.0526
      vertex 81.3511 13.4996 37.1
    endloop
  endfacet
  facet normal -0.906313 0.422606 0
    outer loop
      vertex 81.3511 13.4996 39.0526
      vertex 80.9285 12.5933 37.1
      vertex 80.9285 12.5933 39.0526
    endloop
  endfacet
  facet normal -0.422647 -0.906294 0
    outer loop
      vertex 82.7411 11.748 37.1
      vertex 80.9285 12.5933 39.0526
      vertex 80.9285 12.5933 37.1
    endloop
  endfacet
  facet normal -0.422647 -0.906294 0
    outer loop
      vertex 80.9285 12.5933 39.0526
      vertex 82.7411 11.748 37.1
      vertex 82.7411 11.748 39.1925
    endloop
  endfacet
  facet normal -0.906314 0.422605 3.68944e-05
    outer loop
      vertex 82.3787 10.9708 39.1925
      vertex 82.7411 11.748 39.1925
      vertex 82.1917 10.5698 38.75
    endloop
  endfacet
  facet normal -0.906309 0.422616 0
    outer loop
      vertex 82.1917 10.5698 38.75
      vertex 82.7411 11.748 37.1
      vertex 82.1917 10.5698 37.1
    endloop
  endfacet
  facet normal -0.906309 0.422616 0
    outer loop
      vertex 82.7411 11.748 37.1
      vertex 82.1917 10.5698 38.75
      vertex 82.7411 11.748 39.1925
    endloop
  endfacet
  facet normal -0.422606 -0.906313 0
    outer loop
      vertex 82.1917 10.5698 37.1
      vertex 83.098 10.1472 38.75
      vertex 82.1917 10.5698 38.75
    endloop
  endfacet
  facet normal -0.422606 -0.906313 -0
    outer loop
      vertex 83.098 10.1472 38.75
      vertex 82.1917 10.5698 37.1
      vertex 83.098 10.1472 37.1
    endloop
  endfacet
  facet normal 0.9063 -0.422634 0
    outer loop
      vertex 84.07 12.2317 37.1
      vertex 84.07 12.2317 39.2624
      vertex 83.3145 10.6116 39.2624
    endloop
  endfacet
  facet normal 0.906326 -0.422579 5.06683e-05
    outer loop
      vertex 84.07 12.2317 37.1
      vertex 83.3145 10.6116 39.2624
      vertex 83.098 10.1472 38.75
    endloop
  endfacet
  facet normal 0.906311 -0.422612 0
    outer loop
      vertex 84.07 12.2317 37.1
      vertex 83.098 10.1472 38.75
      vertex 83.098 10.1472 37.1
    endloop
  endfacet
  facet normal 0.422631 0.906302 -0
    outer loop
      vertex 84.07 12.2317 37.1
      vertex 82.9371 12.76 39.175
      vertex 84.07 12.2317 39.2624
    endloop
  endfacet
  facet normal 0.422631 0.906302 0
    outer loop
      vertex 82.9371 12.76 39.175
      vertex 84.07 12.2317 37.1
      vertex 82.9371 12.76 37.1
    endloop
  endfacet
  facet normal 0.9063 -0.422635 -6.49691e-05
    outer loop
      vertex 83.4865 13.9382 38.75
      vertex 83.3069 13.553 39.175
      vertex 82.9371 12.76 39.175
    endloop
  endfacet
  facet normal 0.906309 -0.422616 0
    outer loop
      vertex 82.9371 12.76 37.1
      vertex 83.4865 13.9382 38.75
      vertex 82.9371 12.76 39.175
    endloop
  endfacet
  facet normal 0.906309 -0.422616 0
    outer loop
      vertex 83.4865 13.9382 38.75
      vertex 82.9371 12.76 37.1
      vertex 83.4865 13.9382 37.1
    endloop
  endfacet
  facet normal -0.0631682 0.0294548 0.997568
    outer loop
      vertex 82.0308 13.1826 39.105
      vertex 81.3511 13.4996 39.0526
      vertex 80.9285 12.5933 39.0526
    endloop
  endfacet
  facet normal -0.063289 0.0295136 0.997559
    outer loop
      vertex 82.9371 12.76 39.175
      vertex 83.3069 13.553 39.175
      vertex 82.4302 14.039 39.105
    endloop
  endfacet
  facet normal -0.0632861 0.0295148 0.997559
    outer loop
      vertex 82.9371 12.76 39.175
      vertex 82.4302 14.039 39.105
      vertex 82.0308 13.1826 39.105
    endloop
  endfacet
  facet normal -0.0632459 0.029601 0.997559
    outer loop
      vertex 82.9371 12.76 39.175
      vertex 82.0308 13.1826 39.105
      vertex 80.9285 12.5933 39.0526
    endloop
  endfacet
  facet normal -0.0632325 0.0294359 0.997565
    outer loop
      vertex 84.07 12.2317 39.2624
      vertex 82.9371 12.76 39.175
      vertex 80.9285 12.5933 39.0526
    endloop
  endfacet
  facet normal -0.0632212 0.0295329 0.997562
    outer loop
      vertex 82.7411 11.748 39.1925
      vertex 84.07 12.2317 39.2624
      vertex 80.9285 12.5933 39.0526
    endloop
  endfacet
  facet normal -0.0631991 0.0294716 0.997566
    outer loop
      vertex 83.3145 10.6116 39.2624
      vertex 84.07 12.2317 39.2624
      vertex 82.7411 11.748 39.1925
    endloop
  endfacet
  facet normal -0.0632017 0.0294703 0.997566
    outer loop
      vertex 83.3145 10.6116 39.2624
      vertex 82.7411 11.748 39.1925
      vertex 82.3787 10.9708 39.1925
    endloop
  endfacet
  facet normal 0 -1 0
    outer loop
      vertex 86.2042 25.7 37.1
      vertex 90.5424 25.7 38.65
      vertex 86.2042 25.7 38.65
    endloop
  endfacet
  facet normal 0 -1 -0
    outer loop
      vertex 90.5424 25.7 38.65
      vertex 86.2042 25.7 37.1
      vertex 90.5424 25.7 37.1
    endloop
  endfacet
  facet normal 0 -1 0
    outer loop
      vertex 79.065 25.7 37.1
      vertex 84.9139 25.7 38.65
      vertex 79.065 25.7 38.65
    endloop
  endfacet
  facet normal 0 -1 -0
    outer loop
      vertex 84.9139 25.7 38.65
      vertex 79.065 25.7 37.1
      vertex 84.9139 25.7 37.1
    endloop
  endfacet
  facet normal -0.465001 0.88531 0
    outer loop
      vertex 84.9139 25.7 37.1
      vertex 82.515 24.44 38.65
      vertex 84.9139 25.7 38.65
    endloop
  endfacet
  facet normal -0.465001 0.88531 0
    outer loop
      vertex 82.515 24.44 38.65
      vertex 84.9139 25.7 37.1
      vertex 82.515 24.44 37.1
    endloop
  endfacet
  facet normal 0.465057 -0.885281 0
    outer loop
      vertex 86.2042 25.7 37.1
      vertex 86.2042 25.7 38.65
      vertex 85.4894 25.3245 37.1
    endloop
  endfacet
  facet normal 0.465004 -0.885308 3.10648e-05
    outer loop
      vertex 85.4894 25.3245 37.1
      vertex 86.2042 25.7 38.65
      vertex 82.663 23.84 38.65
    endloop
  endfacet
  facet normal 0.464991 -0.885315 0
    outer loop
      vertex 85.4894 25.3245 37.1
      vertex 82.663 23.84 38.65
      vertex 82.663 23.84 37.1
    endloop
  endfacet
  facet normal 0 1 -0
    outer loop
      vertex 82.515 24.44 37.1
      vertex 79.065 24.44 38.65
      vertex 82.515 24.44 38.65
    endloop
  endfacet
  facet normal 0 1 0
    outer loop
      vertex 79.065 24.44 38.65
      vertex 82.515 24.44 37.1
      vertex 79.065 24.44 37.1
    endloop
  endfacet
  facet normal 0 -1 0
    outer loop
      vertex 79.065 23.84 37.1
      vertex 82.663 23.84 38.65
      vertex 79.065 23.84 38.65
    endloop
  endfacet
  facet normal 0 -1 -0
    outer loop
      vertex 82.663 23.84 38.65
      vertex 79.065 23.84 37.1
      vertex 82.663 23.84 37.1
    endloop
  endfacet
  facet normal 0.422624 0.906305 0
    outer loop
      vertex 87.1564 20.9146 37.65
      vertex 87.1564 20.9146 37.1
      vertex 83.9843 22.3938 37.65
    endloop
  endfacet
  facet normal 0.422647 0.906294 0.00016225
    outer loop
      vertex 87.1564 20.9146 37.1
      vertex 85.4894 21.692 37.1
      vertex 83.9843 22.3938 37.65
    endloop
  endfacet
  facet normal 0.422599 0.906317 0
    outer loop
      vertex 83.9843 22.3938 37.65
      vertex 85.4894 21.692 37.1
      vertex 83.9843 22.3938 37.1
    endloop
  endfacet
  facet normal -0.906358 0.422511 0
    outer loop
      vertex 83.7308 21.85 37.1
      vertex 83.9843 22.3938 37.65
      vertex 83.9843 22.3938 37.1
    endloop
  endfacet
  facet normal -0.906358 0.422511 0
    outer loop
      vertex 83.9843 22.3938 37.65
      vertex 83.7308 21.85 37.1
      vertex 83.7308 21.85 37.65
    endloop
  endfacet
  facet normal -0.422635 -0.9063 0
    outer loop
      vertex 83.7308 21.85 37.1
      vertex 86.9028 20.3708 37.65
      vertex 83.7308 21.85 37.65
    endloop
  endfacet
  facet normal -0.422635 -0.9063 -0
    outer loop
      vertex 86.9028 20.3708 37.65
      vertex 83.7308 21.85 37.1
      vertex 86.9028 20.3708 37.1
    endloop
  endfacet
  facet normal 0.906294 -0.422648 0
    outer loop
      vertex 86.9028 20.3708 37.65
      vertex 87.1564 20.9146 37.1
      vertex 87.1564 20.9146 37.65
    endloop
  endfacet
  facet normal 0.906294 -0.422648 0
    outer loop
      vertex 87.1564 20.9146 37.1
      vertex 86.9028 20.3708 37.65
      vertex 86.9028 20.3708 37.1
    endloop
  endfacet
  facet normal 0 0 1
    outer loop
      vertex 83.9843 22.3938 37.65
      vertex 86.9028 20.3708 37.65
      vertex 87.1564 20.9146 37.65
    endloop
  endfacet
  facet normal 0 0 1
    outer loop
      vertex 86.9028 20.3708 37.65
      vertex 83.9843 22.3938 37.65
      vertex 83.7308 21.85 37.65
    endloop
  endfacet
  facet normal -0.906205 0.422839 0
    outer loop
      vertex 79.8529 19.6861 37.65
      vertex 79.9535 19.9017 37.1
      vertex 79.8529 19.6861 37.1
    endloop
  endfacet
  facet normal -0.906312 0.42261 -0.000109387
    outer loop
      vertex 80.3907 20.8393 37.1
      vertex 79.9535 19.9017 37.1
      vertex 79.8529 19.6861 37.65
    endloop
  endfacet
  facet normal -0.906303 0.422628 -6.37183e-05
    outer loop
      vertex 81.245 22.6713 37.1
      vertex 80.3907 20.8393 37.1
      vertex 79.8529 19.6861 37.65
    endloop
  endfacet
  facet normal -0.906299 0.422636 -1.15504e-05
    outer loop
      vertex 81.3744 22.9488 37.65
      vertex 81.245 22.6713 37.1
      vertex 79.8529 19.6861 37.65
    endloop
  endfacet
  facet normal -0.906308 0.422617 0
    outer loop
      vertex 81.3744 22.9488 37.65
      vertex 81.3744 22.9488 37.1
      vertex 81.245 22.6713 37.1
    endloop
  endfacet
  facet normal -0.422648 -0.906294 0
    outer loop
      vertex 79.8529 19.6861 37.1
      vertex 80.3967 19.4325 37.65
      vertex 79.8529 19.6861 37.65
    endloop
  endfacet
  facet normal -0.422648 -0.906294 -0
    outer loop
      vertex 80.3967 19.4325 37.65
      vertex 79.8529 19.6861 37.1
      vertex 80.3967 19.4325 37.1
    endloop
  endfacet
  facet normal 0.906299 -0.422636 0
    outer loop
      vertex 80.3967 19.4325 37.65
      vertex 81.9182 22.6952 37.1
      vertex 81.9182 22.6952 37.65
    endloop
  endfacet
  facet normal 0.906299 -0.422636 0
    outer loop
      vertex 81.9182 22.6952 37.1
      vertex 80.3967 19.4325 37.65
      vertex 80.3967 19.4325 37.1
    endloop
  endfacet
  facet normal 0.422648 0.906294 -0
    outer loop
      vertex 81.9182 22.6952 37.1
      vertex 81.3744 22.9488 37.65
      vertex 81.9182 22.6952 37.65
    endloop
  endfacet
  facet normal 0.422648 0.906294 0
    outer loop
      vertex 81.3744 22.9488 37.65
      vertex 81.9182 22.6952 37.1
      vertex 81.3744 22.9488 37.1
    endloop
  endfacet
  facet normal 0 0 1
    outer loop
      vertex 81.3744 22.9488 37.65
      vertex 80.3967 19.4325 37.65
      vertex 81.9182 22.6952 37.65
    endloop
  endfacet
  facet normal 0 -0 1
    outer loop
      vertex 80.3967 19.4325 37.65
      vertex 81.3744 22.9488 37.65
      vertex 79.8529 19.6861 37.65
    endloop
  endfacet
  facet normal 0.422542 0.906343 0
    outer loop
      vertex 85.4138 14.2747 37.65
      vertex 85.4138 14.2747 37.1
      vertex 85.2259 14.3623 37.1
    endloop
  endfacet
  facet normal 0.422656 0.90629 -4.73275e-05
    outer loop
      vertex 85.4138 14.2747 37.65
      vertex 85.2259 14.3623 37.1
      vertex 84.5125 14.695 37.1
    endloop
  endfacet
  facet normal 0.422612 0.906311 4.09206e-05
    outer loop
      vertex 85.4138 14.2747 37.65
      vertex 84.5125 14.695 37.1
      vertex 82.2418 15.7538 37.65
    endloop
  endfacet
  facet normal 0.422604 0.906314 3.25566e-06
    outer loop
      vertex 84.5125 14.695 37.1
      vertex 82.66 15.5588 37.1
      vertex 82.2418 15.7538 37.65
    endloop
  endfacet
  facet normal 0.422601 0.906316 0
    outer loop
      vertex 82.2418 15.7538 37.65
      vertex 82.66 15.5588 37.1
      vertex 82.2418 15.7538 37.1
    endloop
  endfacet
  facet normal -0.906294 0.422648 0
    outer loop
      vertex 81.9882 15.21 37.1
      vertex 82.2418 15.7538 37.65
      vertex 82.2418 15.7538 37.1
    endloop
  endfacet
  facet normal -0.906294 0.422648 0
    outer loop
      vertex 82.2418 15.7538 37.65
      vertex 81.9882 15.21 37.1
      vertex 81.9882 15.21 37.65
    endloop
  endfacet
  facet normal -0.422601 -0.906316 0
    outer loop
      vertex 81.9882 15.21 37.1
      vertex 85.1603 13.7309 37.65
      vertex 81.9882 15.21 37.65
    endloop
  endfacet
  facet normal -0.422601 -0.906316 -0
    outer loop
      vertex 85.1603 13.7309 37.65
      vertex 81.9882 15.21 37.1
      vertex 85.1603 13.7309 37.1
    endloop
  endfacet
  facet normal 0.906358 -0.422511 0
    outer loop
      vertex 85.1603 13.7309 37.65
      vertex 85.4138 14.2747 37.1
      vertex 85.4138 14.2747 37.65
    endloop
  endfacet
  facet normal 0.906358 -0.422511 0
    outer loop
      vertex 85.4138 14.2747 37.1
      vertex 85.1603 13.7309 37.65
      vertex 85.1603 13.7309 37.1
    endloop
  endfacet
  facet normal 0 0 1
    outer loop
      vertex 82.2418 15.7538 37.65
      vertex 85.1603 13.7309 37.65
      vertex 85.4138 14.2747 37.65
    endloop
  endfacet
  facet normal 0 0 1
    outer loop
      vertex 85.1603 13.7309 37.65
      vertex 82.2418 15.7538 37.65
      vertex 81.9882 15.21 37.65
    endloop
  endfacet
  facet normal 0 0 -1
    outer loop
      vertex 88.9417 11.0713 34.3
      vertex 88.9771 11.7228 34.3
      vertex 88.9872 11.3955 34.3
    endloop
  endfacet
  facet normal 0 0 -1
    outer loop
      vertex 88.9417 11.0713 34.3
      vertex 88.9116 12.0436 34.3
      vertex 88.9771 11.7228 34.3
    endloop
  endfacet
  facet normal 0 0 -1
    outer loop
      vertex 88.8419 10.7595 34.3
      vertex 88.9116 12.0436 34.3
      vertex 88.9417 11.0713 34.3
    endloop
  endfacet
  facet normal 0 0 -1
    outer loop
      vertex 88.8419 10.7595 34.3
      vertex 88.7928 12.3487 34.3
      vertex 88.9116 12.0436 34.3
    endloop
  endfacet
  facet normal 0 0 -1
    outer loop
      vertex 88.6907 10.4691 34.3
      vertex 88.7928 12.3487 34.3
      vertex 88.8419 10.7595 34.3
    endloop
  endfacet
  facet normal 0 0 -1
    outer loop
      vertex 88.6907 10.4691 34.3
      vertex 88.624 12.6292 34.3
      vertex 88.7928 12.3487 34.3
    endloop
  endfacet
  facet normal 0 0 -1
    outer loop
      vertex 88.4924 10.2085 34.3
      vertex 88.624 12.6292 34.3
      vertex 88.6907 10.4691 34.3
    endloop
  endfacet
  facet normal 0 0 -1
    outer loop
      vertex 88.4924 10.2085 34.3
      vertex 88.4101 12.8771 34.3
      vertex 88.624 12.6292 34.3
    endloop
  endfacet
  facet normal 0 0 -1
    outer loop
      vertex 88.2529 9.98525 34.3
      vertex 88.4101 12.8771 34.3
      vertex 88.4924 10.2085 34.3
    endloop
  endfacet
  facet normal 0 0 -1
    outer loop
      vertex 88.2529 9.98525 34.3
      vertex 88.1572 13.0851 34.3
      vertex 88.4101 12.8771 34.3
    endloop
  endfacet
  facet normal 0 0 -1
    outer loop
      vertex 87.979 9.80584 34.3
      vertex 88.1572 13.0851 34.3
      vertex 88.2529 9.98525 34.3
    endloop
  endfacet
  facet normal 0 0 -1
    outer loop
      vertex 87.979 9.80584 34.3
      vertex 87.8728 13.2473 34.3
      vertex 88.1572 13.0851 34.3
    endloop
  endfacet
  facet normal 0 0 -1
    outer loop
      vertex 87.6787 9.67545 34.3
      vertex 87.8728 13.2473 34.3
      vertex 87.979 9.80584 34.3
    endloop
  endfacet
  facet normal 0 0 -1
    outer loop
      vertex 87.6787 9.67545 34.3
      vertex 87.565 13.3589 34.3
      vertex 87.8728 13.2473 34.3
    endloop
  endfacet
  facet normal 0 0 -1
    outer loop
      vertex 85.765 12.9197 34.3
      vertex 87.565 13.3589 34.3
      vertex 87.3606 9.59783 34.3
    endloop
  endfacet
  facet normal 0 0 -1
    outer loop
      vertex 87.3606 9.59783 34.3
      vertex 87.565 13.3589 34.3
      vertex 87.6787 9.67545 34.3
    endloop
  endfacet
  facet normal 0 0 -1
    outer loop
      vertex 88.9771 22.6772 34.3
      vertex 88.9417 23.3287 34.3
      vertex 88.9872 23.0044 34.3
    endloop
  endfacet
  facet normal 0 0 -1
    outer loop
      vertex 88.9116 22.3564 34.3
      vertex 88.9417 23.3287 34.3
      vertex 88.9771 22.6772 34.3
    endloop
  endfacet
  facet normal 0 0 -1
    outer loop
      vertex 88.9116 22.3564 34.3
      vertex 88.8419 23.6405 34.3
      vertex 88.9417 23.3287 34.3
    endloop
  endfacet
  facet normal 0 0 -1
    outer loop
      vertex 88.7928 22.0513 34.3
      vertex 88.8419 23.6405 34.3
      vertex 88.9116 22.3564 34.3
    endloop
  endfacet
  facet normal 0 0 -1
    outer loop
      vertex 88.7928 22.0513 34.3
      vertex 88.6907 23.9309 34.3
      vertex 88.8419 23.6405 34.3
    endloop
  endfacet
  facet normal 0 0 -1
    outer loop
      vertex 88.624 21.7708 34.3
      vertex 88.6907 23.9309 34.3
      vertex 88.7928 22.0513 34.3
    endloop
  endfacet
  facet normal 0 0 -1
    outer loop
      vertex 88.624 21.7708 34.3
      vertex 88.4924 24.1915 34.3
      vertex 88.6907 23.9309 34.3
    endloop
  endfacet
  facet normal 0 0 -1
    outer loop
      vertex 88.4101 21.5229 34.3
      vertex 88.4924 24.1915 34.3
      vertex 88.624 21.7708 34.3
    endloop
  endfacet
  facet normal 0 0 -1
    outer loop
      vertex 88.4101 21.5229 34.3
      vertex 88.2529 24.4147 34.3
      vertex 88.4924 24.1915 34.3
    endloop
  endfacet
  facet normal 0 0 -1
    outer loop
      vertex 88.1572 21.3149 34.3
      vertex 88.2529 24.4147 34.3
      vertex 88.4101 21.5229 34.3
    endloop
  endfacet
  facet normal 0 0 -1
    outer loop
      vertex 88.1572 21.3149 34.3
      vertex 87.979 24.5942 34.3
      vertex 88.2529 24.4147 34.3
    endloop
  endfacet
  facet normal 0 0 -1
    outer loop
      vertex 87.8728 21.1527 34.3
      vertex 87.979 24.5942 34.3
      vertex 88.1572 21.3149 34.3
    endloop
  endfacet
  facet normal 0 0 -1
    outer loop
      vertex 87.8728 21.1527 34.3
      vertex 87.6787 24.7246 34.3
      vertex 87.979 24.5942 34.3
    endloop
  endfacet
  facet normal 0 0 -1
    outer loop
      vertex 87.565 21.0411 34.3
      vertex 87.6787 24.7246 34.3
      vertex 87.8728 21.1527 34.3
    endloop
  endfacet
  facet normal 0 0 -1
    outer loop
      vertex 87.565 21.0411 34.3
      vertex 87.3606 24.8022 34.3
      vertex 87.6787 24.7246 34.3
    endloop
  endfacet
  facet normal -0 0 -1
    outer loop
      vertex 87.565 13.3589 34.3
      vertex 85.765 12.9197 34.3
      vertex 87.565 21.0411 34.3
    endloop
  endfacet
  facet normal 0 0 -1
    outer loop
      vertex 85.765 12.9197 34.3
      vertex 87.3606 9.59783 34.3
      vertex 87.034 9.57525 34.3
    endloop
  endfacet
  facet normal 0 0 -1
    outer loop
      vertex 85.765 21.4803 34.3
      vertex 87.565 21.0411 34.3
      vertex 85.765 12.9197 34.3
    endloop
  endfacet
  facet normal 0 0 -1
    outer loop
      vertex 85.765 12.9197 34.3
      vertex 87.034 9.57525 34.3
      vertex 86.7083 9.60834 34.3
    endloop
  endfacet
  facet normal 0 0 -1
    outer loop
      vertex 87.565 21.0411 34.3
      vertex 85.765 21.4803 34.3
      vertex 87.3606 24.8022 34.3
    endloop
  endfacet
  facet normal 0 0 -1
    outer loop
      vertex 85.765 12.9197 34.3
      vertex 86.7083 9.60834 34.3
      vertex 86.3928 9.69616 34.3
    endloop
  endfacet
  facet normal -0 0 -1
    outer loop
      vertex 87.3606 24.8022 34.3
      vertex 85.765 21.4803 34.3
      vertex 87.034 24.8247 34.3
    endloop
  endfacet
  facet normal 0 0 -1
    outer loop
      vertex 85.765 12.9197 34.3
      vertex 86.3928 9.69616 34.3
      vertex 86.0969 9.83617 34.3
    endloop
  endfacet
  facet normal 0 0 -1
    outer loop
      vertex 87.034 24.8247 34.3
      vertex 85.765 21.4803 34.3
      vertex 86.7083 24.7917 34.3
    endloop
  endfacet
  facet normal 0 0 -1
    outer loop
      vertex 85.765 12.9197 34.3
      vertex 86.0969 9.83617 34.3
      vertex 85.8289 10.0243 34.3
    endloop
  endfacet
  facet normal 0 0 -1
    outer loop
      vertex 86.7083 24.7917 34.3
      vertex 85.765 21.4803 34.3
      vertex 86.3928 24.7038 34.3
    endloop
  endfacet
  facet normal 0 0 -1
    outer loop
      vertex 86.3928 24.7038 34.3
      vertex 85.765 21.4803 34.3
      vertex 86.0969 24.5638 34.3
    endloop
  endfacet
  facet normal 0 0 -1
    outer loop
      vertex 85.5967 10.2551 34.3
      vertex 85.765 12.9197 34.3
      vertex 85.8289 10.0243 34.3
    endloop
  endfacet
  facet normal 0 0 -1
    outer loop
      vertex 85.5967 10.2551 34.3
      vertex 85.5432 12.6789 34.3
      vertex 85.765 12.9197 34.3
    endloop
  endfacet
  facet normal 0 0 -1
    outer loop
      vertex 85.407 10.522 34.3
      vertex 85.5432 12.6789 34.3
      vertex 85.5967 10.2551 34.3
    endloop
  endfacet
  facet normal 0 0 -1
    outer loop
      vertex 85.407 10.522 34.3
      vertex 85.3654 12.4039 34.3
      vertex 85.5432 12.6789 34.3
    endloop
  endfacet
  facet normal 0 0 -1
    outer loop
      vertex 85.2652 10.8171 34.3
      vertex 85.3654 12.4039 34.3
      vertex 85.407 10.522 34.3
    endloop
  endfacet
  facet normal 0 0 -1
    outer loop
      vertex 85.2652 10.8171 34.3
      vertex 85.2368 12.1028 34.3
      vertex 85.3654 12.4039 34.3
    endloop
  endfacet
  facet normal 0 0 -1
    outer loop
      vertex 85.1755 11.132 34.3
      vertex 85.2368 12.1028 34.3
      vertex 85.2652 10.8171 34.3
    endloop
  endfacet
  facet normal 0 0 -1
    outer loop
      vertex 85.1755 11.132 34.3
      vertex 85.1611 11.7843 34.3
      vertex 85.2368 12.1028 34.3
    endloop
  endfacet
  facet normal 0 -0 -1
    outer loop
      vertex 85.1611 11.7843 34.3
      vertex 85.1755 11.132 34.3
      vertex 85.1405 11.4575 34.3
    endloop
  endfacet
  facet normal 0 0 -1
    outer loop
      vertex 86.0969 24.5638 34.3
      vertex 85.765 21.4803 34.3
      vertex 85.8289 24.3757 34.3
    endloop
  endfacet
  facet normal 0 0 -1
    outer loop
      vertex 85.765 21.4803 34.3
      vertex 85.5967 24.1449 34.3
      vertex 85.8289 24.3757 34.3
    endloop
  endfacet
  facet normal 0 0 -1
    outer loop
      vertex 85.5432 21.7211 34.3
      vertex 85.5967 24.1449 34.3
      vertex 85.765 21.4803 34.3
    endloop
  endfacet
  facet normal 0 0 -1
    outer loop
      vertex 85.5432 21.7211 34.3
      vertex 85.407 23.878 34.3
      vertex 85.5967 24.1449 34.3
    endloop
  endfacet
  facet normal 0 0 -1
    outer loop
      vertex 85.3654 21.9961 34.3
      vertex 85.407 23.878 34.3
      vertex 85.5432 21.7211 34.3
    endloop
  endfacet
  facet normal 0 0 -1
    outer loop
      vertex 85.3654 21.9961 34.3
      vertex 85.2652 23.5829 34.3
      vertex 85.407 23.878 34.3
    endloop
  endfacet
  facet normal 0 0 -1
    outer loop
      vertex 85.2368 22.2972 34.3
      vertex 85.2652 23.5829 34.3
      vertex 85.3654 21.9961 34.3
    endloop
  endfacet
  facet normal 0 0 -1
    outer loop
      vertex 85.2368 22.2972 34.3
      vertex 85.1755 23.268 34.3
      vertex 85.2652 23.5829 34.3
    endloop
  endfacet
  facet normal 0 0 -1
    outer loop
      vertex 85.1611 22.6157 34.3
      vertex 85.1755 23.268 34.3
      vertex 85.2368 22.2972 34.3
    endloop
  endfacet
  facet normal 0 0 -1
    outer loop
      vertex 85.1755 23.268 34.3
      vertex 85.1611 22.6157 34.3
      vertex 85.1405 22.9425 34.3
    endloop
  endfacet
  facet normal -0.89506 -0.445946 0
    outer loop
      vertex 87.3172 5.51283 36.3
      vertex 87.1243 5.9 39.28
      vertex 87.1243 5.9 36.3
    endloop
  endfacet
  facet normal -0.89506 -0.445946 0
    outer loop
      vertex 87.1243 5.9 39.28
      vertex 87.3172 5.51283 36.3
      vertex 87.3172 5.51283 39.28
    endloop
  endfacet
  facet normal 0 0 1
    outer loop
      vertex 88.0282 22.9 34.7
      vertex 88.565 22.9 34.7
      vertex 88.5422 23.1605 34.7
    endloop
  endfacet
  facet normal 0 0 1
    outer loop
      vertex 88.0135 23.0673 34.7
      vertex 88.5422 23.1605 34.7
      vertex 88.4745 23.413 34.7
    endloop
  endfacet
  facet normal 0 0 1
    outer loop
      vertex 88.565 22.9 34.7
      vertex 88.0282 22.9 34.7
      vertex 88.5422 22.6395 34.7
    endloop
  endfacet
  facet normal 0 0 1
    outer loop
      vertex 87.9701 23.2294 34.7
      vertex 88.4745 23.413 34.7
      vertex 88.364 23.65 34.7
    endloop
  endfacet
  facet normal -0 0 1
    outer loop
      vertex 88.0135 22.7327 34.7
      vertex 88.5422 22.6395 34.7
      vertex 88.0282 22.9 34.7
    endloop
  endfacet
  facet normal 0 0 1
    outer loop
      vertex 87.8991 23.3816 34.7
      vertex 88.364 23.65 34.7
      vertex 88.2141 23.8642 34.7
    endloop
  endfacet
  facet normal 0 0 1
    outer loop
      vertex 88.5422 22.6395 34.7
      vertex 88.0135 22.7327 34.7
      vertex 88.4745 22.387 34.7
    endloop
  endfacet
  facet normal 0 0 1
    outer loop
      vertex 87.8028 23.5191 34.7
      vertex 88.2141 23.8642 34.7
      vertex 88.0292 24.0491 34.7
    endloop
  endfacet
  facet normal -0 0 1
    outer loop
      vertex 87.9701 22.5706 34.7
      vertex 88.4745 22.387 34.7
      vertex 88.0135 22.7327 34.7
    endloop
  endfacet
  facet normal 0 0 1
    outer loop
      vertex 88.4745 22.387 34.7
      vertex 87.9701 22.5706 34.7
      vertex 88.364 22.15 34.7
    endloop
  endfacet
  facet normal 0 0 1
    outer loop
      vertex 88.5422 23.1605 34.7
      vertex 88.0135 23.0673 34.7
      vertex 88.0282 22.9 34.7
    endloop
  endfacet
  facet normal 0 0 1
    outer loop
      vertex 88.4745 23.413 34.7
      vertex 87.9701 23.2294 34.7
      vertex 88.0135 23.0673 34.7
    endloop
  endfacet
  facet normal 0 0 1
    outer loop
      vertex 88.364 23.65 34.7
      vertex 87.8991 23.3816 34.7
      vertex 87.9701 23.2294 34.7
    endloop
  endfacet
  facet normal 0 0 1
    outer loop
      vertex 87.6841 23.6378 34.7
      vertex 88.0292 24.0491 34.7
      vertex 87.815 24.199 34.7
    endloop
  endfacet
  facet normal 0 0 1
    outer loop
      vertex 88.2141 23.8642 34.7
      vertex 87.8028 23.5191 34.7
      vertex 87.8991 23.3816 34.7
    endloop
  endfacet
  facet normal 0 0 1
    outer loop
      vertex 88.0292 24.0491 34.7
      vertex 87.6841 23.6378 34.7
      vertex 87.8028 23.5191 34.7
    endloop
  endfacet
  facet normal 0 0 1
    outer loop
      vertex 87.5466 23.7341 34.7
      vertex 87.815 24.199 34.7
      vertex 87.578 24.3095 34.7
    endloop
  endfacet
  facet normal 0 0 1
    outer loop
      vertex 87.815 24.199 34.7
      vertex 87.5466 23.7341 34.7
      vertex 87.6841 23.6378 34.7
    endloop
  endfacet
  facet normal 0 0 1
    outer loop
      vertex 87.578 24.3095 34.7
      vertex 87.3944 23.8051 34.7
      vertex 87.5466 23.7341 34.7
    endloop
  endfacet
  facet normal 0 0 1
    outer loop
      vertex 87.3255 24.3772 34.7
      vertex 87.3944 23.8051 34.7
      vertex 87.578 24.3095 34.7
    endloop
  endfacet
  facet normal 0 0 1
    outer loop
      vertex 87.3255 24.3772 34.7
      vertex 87.2323 23.8485 34.7
      vertex 87.3944 23.8051 34.7
    endloop
  endfacet
  facet normal 0 0 1
    outer loop
      vertex 87.065 24.4 34.7
      vertex 87.2323 23.8485 34.7
      vertex 87.3255 24.3772 34.7
    endloop
  endfacet
  facet normal 0 0 1
    outer loop
      vertex 87.065 24.4 34.7
      vertex 87.065 23.8632 34.7
      vertex 87.2323 23.8485 34.7
    endloop
  endfacet
  facet normal 0 0 1
    outer loop
      vertex 87.065 24.4 34.7
      vertex 86.8978 23.8485 34.7
      vertex 87.065 23.8632 34.7
    endloop
  endfacet
  facet normal -0 0 1
    outer loop
      vertex 86.8045 24.3772 34.7
      vertex 86.8978 23.8485 34.7
      vertex 87.065 24.4 34.7
    endloop
  endfacet
  facet normal 0 0 1
    outer loop
      vertex 86.8045 24.3772 34.7
      vertex 86.7356 23.8051 34.7
      vertex 86.8978 23.8485 34.7
    endloop
  endfacet
  facet normal -0 0 1
    outer loop
      vertex 86.552 24.3095 34.7
      vertex 86.7356 23.8051 34.7
      vertex 86.8045 24.3772 34.7
    endloop
  endfacet
  facet normal 0 0 1
    outer loop
      vertex 86.7356 23.8051 34.7
      vertex 86.552 24.3095 34.7
      vertex 86.5834 23.7341 34.7
    endloop
  endfacet
  facet normal -0 0 1
    outer loop
      vertex 86.315 24.199 34.7
      vertex 86.5834 23.7341 34.7
      vertex 86.552 24.3095 34.7
    endloop
  endfacet
  facet normal 0 0 1
    outer loop
      vertex 86.5834 23.7341 34.7
      vertex 86.315 24.199 34.7
      vertex 86.4459 23.6378 34.7
    endloop
  endfacet
  facet normal -0 0 1
    outer loop
      vertex 86.1008 24.0491 34.7
      vertex 86.4459 23.6378 34.7
      vertex 86.315 24.199 34.7
    endloop
  endfacet
  facet normal 0 0 1
    outer loop
      vertex 86.4459 23.6378 34.7
      vertex 86.1008 24.0491 34.7
      vertex 86.3272 23.5191 34.7
    endloop
  endfacet
  facet normal -0 0 1
    outer loop
      vertex 85.9159 23.8642 34.7
      vertex 86.3272 23.5191 34.7
      vertex 86.1008 24.0491 34.7
    endloop
  endfacet
  facet normal 0 0 1
    outer loop
      vertex 86.3272 23.5191 34.7
      vertex 85.9159 23.8642 34.7
      vertex 86.2309 23.3816 34.7
    endloop
  endfacet
  facet normal 0 0 1
    outer loop
      vertex 86.2309 23.3816 34.7
      vertex 85.766 23.65 34.7
      vertex 86.1599 23.2294 34.7
    endloop
  endfacet
  facet normal -0 0 1
    outer loop
      vertex 85.766 23.65 34.7
      vertex 86.2309 23.3816 34.7
      vertex 85.9159 23.8642 34.7
    endloop
  endfacet
  facet normal -0 0 1
    outer loop
      vertex 87.8991 22.4184 34.7
      vertex 88.364 22.15 34.7
      vertex 87.9701 22.5706 34.7
    endloop
  endfacet
  facet normal 0 0 1
    outer loop
      vertex 88.364 22.15 34.7
      vertex 87.8991 22.4184 34.7
      vertex 88.2141 21.9358 34.7
    endloop
  endfacet
  facet normal -0 0 1
    outer loop
      vertex 87.8028 22.2809 34.7
      vertex 88.2141 21.9358 34.7
      vertex 87.8991 22.4184 34.7
    endloop
  endfacet
  facet normal 0 0 1
    outer loop
      vertex 88.2141 21.9358 34.7
      vertex 87.8028 22.2809 34.7
      vertex 88.0292 21.7509 34.7
    endloop
  endfacet
  facet normal -0 0 1
    outer loop
      vertex 87.6841 22.1622 34.7
      vertex 88.0292 21.7509 34.7
      vertex 87.8028 22.2809 34.7
    endloop
  endfacet
  facet normal 0 0 1
    outer loop
      vertex 88.0292 21.7509 34.7
      vertex 87.6841 22.1622 34.7
      vertex 87.815 21.601 34.7
    endloop
  endfacet
  facet normal -0 0 1
    outer loop
      vertex 87.5466 22.0659 34.7
      vertex 87.815 21.601 34.7
      vertex 87.6841 22.1622 34.7
    endloop
  endfacet
  facet normal 0 0 1
    outer loop
      vertex 87.815 21.601 34.7
      vertex 87.5466 22.0659 34.7
      vertex 87.578 21.4905 34.7
    endloop
  endfacet
  facet normal -0 0 1
    outer loop
      vertex 87.3944 21.9949 34.7
      vertex 87.578 21.4905 34.7
      vertex 87.5466 22.0659 34.7
    endloop
  endfacet
  facet normal 0 0 1
    outer loop
      vertex 87.3944 21.9949 34.7
      vertex 87.3255 21.4228 34.7
      vertex 87.578 21.4905 34.7
    endloop
  endfacet
  facet normal -0 0 1
    outer loop
      vertex 87.2323 21.9515 34.7
      vertex 87.3255 21.4228 34.7
      vertex 87.3944 21.9949 34.7
    endloop
  endfacet
  facet normal -0 0 1
    outer loop
      vertex 87.065 21.9368 34.7
      vertex 87.3255 21.4228 34.7
      vertex 87.2323 21.9515 34.7
    endloop
  endfacet
  facet normal 0 0 1
    outer loop
      vertex 87.065 21.9368 34.7
      vertex 87.065 21.4 34.7
      vertex 87.3255 21.4228 34.7
    endloop
  endfacet
  facet normal 0 0 1
    outer loop
      vertex 86.8978 21.9515 34.7
      vertex 87.065 21.4 34.7
      vertex 87.065 21.9368 34.7
    endloop
  endfacet
  facet normal 0 0 1
    outer loop
      vertex 86.8978 21.9515 34.7
      vertex 86.8045 21.4228 34.7
      vertex 87.065 21.4 34.7
    endloop
  endfacet
  facet normal 0 0 1
    outer loop
      vertex 86.7356 21.9949 34.7
      vertex 86.8045 21.4228 34.7
      vertex 86.8978 21.9515 34.7
    endloop
  endfacet
  facet normal 0 0 1
    outer loop
      vertex 86.552 21.4905 34.7
      vertex 86.7356 21.9949 34.7
      vertex 86.5834 22.0659 34.7
    endloop
  endfacet
  facet normal 0 0 1
    outer loop
      vertex 86.7356 21.9949 34.7
      vertex 86.552 21.4905 34.7
      vertex 86.8045 21.4228 34.7
    endloop
  endfacet
  facet normal 0 0 1
    outer loop
      vertex 86.315 21.601 34.7
      vertex 86.5834 22.0659 34.7
      vertex 86.4459 22.1622 34.7
    endloop
  endfacet
  facet normal 0 0 1
    outer loop
      vertex 86.1008 21.7509 34.7
      vertex 86.4459 22.1622 34.7
      vertex 86.3272 22.2809 34.7
    endloop
  endfacet
  facet normal 0 0 1
    outer loop
      vertex 86.5834 22.0659 34.7
      vertex 86.315 21.601 34.7
      vertex 86.552 21.4905 34.7
    endloop
  endfacet
  facet normal 0 0 1
    outer loop
      vertex 85.9159 21.9358 34.7
      vertex 86.3272 22.2809 34.7
      vertex 86.2309 22.4184 34.7
    endloop
  endfacet
  facet normal 0 0 1
    outer loop
      vertex 85.766 22.15 34.7
      vertex 86.2309 22.4184 34.7
      vertex 86.1599 22.5706 34.7
    endloop
  endfacet
  facet normal 0 0 1
    outer loop
      vertex 85.6555 22.387 34.7
      vertex 86.1599 22.5706 34.7
      vertex 86.1165 22.7327 34.7
    endloop
  endfacet
  facet normal 0 0 1
    outer loop
      vertex 86.4459 22.1622 34.7
      vertex 86.1008 21.7509 34.7
      vertex 86.315 21.601 34.7
    endloop
  endfacet
  facet normal 0 0 1
    outer loop
      vertex 85.5878 22.6395 34.7
      vertex 86.1165 22.7327 34.7
      vertex 86.1018 22.9 34.7
    endloop
  endfacet
  facet normal -0 0 1
    outer loop
      vertex 85.6555 23.413 34.7
      vertex 86.1599 23.2294 34.7
      vertex 85.766 23.65 34.7
    endloop
  endfacet
  facet normal 0 0 1
    outer loop
      vertex 86.1599 23.2294 34.7
      vertex 85.6555 23.413 34.7
      vertex 86.1165 23.0673 34.7
    endloop
  endfacet
  facet normal 0 0 1
    outer loop
      vertex 86.3272 22.2809 34.7
      vertex 85.9159 21.9358 34.7
      vertex 86.1008 21.7509 34.7
    endloop
  endfacet
  facet normal -0 0 1
    outer loop
      vertex 85.5878 23.1605 34.7
      vertex 86.1165 23.0673 34.7
      vertex 85.6555 23.413 34.7
    endloop
  endfacet
  facet normal 0 0 1
    outer loop
      vertex 86.2309 22.4184 34.7
      vertex 85.766 22.15 34.7
      vertex 85.9159 21.9358 34.7
    endloop
  endfacet
  facet normal 0 0 1
    outer loop
      vertex 86.1165 23.0673 34.7
      vertex 85.5878 23.1605 34.7
      vertex 86.1018 22.9 34.7
    endloop
  endfacet
  facet normal 0 0 1
    outer loop
      vertex 86.1599 22.5706 34.7
      vertex 85.6555 22.387 34.7
      vertex 85.766 22.15 34.7
    endloop
  endfacet
  facet normal 0 0 1
    outer loop
      vertex 85.565 22.9 34.7
      vertex 86.1018 22.9 34.7
      vertex 85.5878 23.1605 34.7
    endloop
  endfacet
  facet normal 0 0 1
    outer loop
      vertex 86.1165 22.7327 34.7
      vertex 85.5878 22.6395 34.7
      vertex 85.6555 22.387 34.7
    endloop
  endfacet
  facet normal 0 0 1
    outer loop
      vertex 86.1018 22.9 34.7
      vertex 85.565 22.9 34.7
      vertex 85.5878 22.6395 34.7
    endloop
  endfacet
  facet normal 0.996192 0.0871907 0
    outer loop
      vertex 85.5878 22.6395 37.1
      vertex 85.565 22.9 34.7
      vertex 85.565 22.9 37.1
    endloop
  endfacet
  facet normal 0.996192 0.0871907 0
    outer loop
      vertex 85.565 22.9 34.7
      vertex 85.5878 22.6395 37.1
      vertex 85.5878 22.6395 34.7
    endloop
  endfacet
  facet normal 0.965885 0.258972 0
    outer loop
      vertex 85.6555 22.387 37.1
      vertex 85.5878 22.6395 34.7
      vertex 85.5878 22.6395 37.1
    endloop
  endfacet
  facet normal 0.965885 0.258972 0
    outer loop
      vertex 85.5878 22.6395 34.7
      vertex 85.6555 22.387 37.1
      vertex 85.6555 22.387 34.7
    endloop
  endfacet
  facet normal 0.90633 0.422571 0
    outer loop
      vertex 85.766 22.15 37.1
      vertex 85.6555 22.387 34.7
      vertex 85.6555 22.387 37.1
    endloop
  endfacet
  facet normal 0.90633 0.422571 0
    outer loop
      vertex 85.6555 22.387 34.7
      vertex 85.766 22.15 37.1
      vertex 85.766 22.15 34.7
    endloop
  endfacet
  facet normal 0.819304 0.57336 0
    outer loop
      vertex 85.9159 21.9358 37.1
      vertex 85.766 22.15 34.7
      vertex 85.766 22.15 37.1
    endloop
  endfacet
  facet normal 0.819304 0.57336 0
    outer loop
      vertex 85.766 22.15 34.7
      vertex 85.9159 21.9358 37.1
      vertex 85.9159 21.9358 34.7
    endloop
  endfacet
  facet normal 0.707107 0.707107 0
    outer loop
      vertex 86.1008 21.7509 37.1
      vertex 85.9159 21.9358 34.7
      vertex 85.9159 21.9358 37.1
    endloop
  endfacet
  facet normal 0.707107 0.707107 0
    outer loop
      vertex 85.9159 21.9358 34.7
      vertex 86.1008 21.7509 37.1
      vertex 86.1008 21.7509 34.7
    endloop
  endfacet
  facet normal 0.57336 0.819304 -0
    outer loop
      vertex 86.315 21.601 34.7
      vertex 86.1008 21.7509 37.1
      vertex 86.315 21.601 37.1
    endloop
  endfacet
  facet normal 0.57336 0.819304 0
    outer loop
      vertex 86.1008 21.7509 37.1
      vertex 86.315 21.601 34.7
      vertex 86.1008 21.7509 34.7
    endloop
  endfacet
  facet normal 0.422571 0.90633 -0
    outer loop
      vertex 86.552 21.4905 34.7
      vertex 86.315 21.601 37.1
      vertex 86.552 21.4905 37.1
    endloop
  endfacet
  facet normal 0.422571 0.90633 0
    outer loop
      vertex 86.315 21.601 37.1
      vertex 86.552 21.4905 34.7
      vertex 86.315 21.601 34.7
    endloop
  endfacet
  facet normal 0.258972 0.965885 -0
    outer loop
      vertex 86.8045 21.4228 34.7
      vertex 86.552 21.4905 37.1
      vertex 86.8045 21.4228 37.1
    endloop
  endfacet
  facet normal 0.258972 0.965885 0
    outer loop
      vertex 86.552 21.4905 37.1
      vertex 86.8045 21.4228 34.7
      vertex 86.552 21.4905 34.7
    endloop
  endfacet
  facet normal 0.0871907 0.996192 -0
    outer loop
      vertex 87.065 21.4 34.7
      vertex 86.8045 21.4228 37.1
      vertex 87.065 21.4 37.1
    endloop
  endfacet
  facet normal 0.0871907 0.996192 0
    outer loop
      vertex 86.8045 21.4228 37.1
      vertex 87.065 21.4 34.7
      vertex 86.8045 21.4228 34.7
    endloop
  endfacet
  facet normal -0.0871907 0.996192 0
    outer loop
      vertex 87.3255 21.4228 34.7
      vertex 87.065 21.4 37.1
      vertex 87.3255 21.4228 37.1
    endloop
  endfacet
  facet normal -0.0871907 0.996192 0
    outer loop
      vertex 87.065 21.4 37.1
      vertex 87.3255 21.4228 34.7
      vertex 87.065 21.4 34.7
    endloop
  endfacet
  facet normal -0.258972 0.965885 0
    outer loop
      vertex 87.578 21.4905 34.7
      vertex 87.3255 21.4228 37.1
      vertex 87.578 21.4905 37.1
    endloop
  endfacet
  facet normal -0.258972 0.965885 0
    outer loop
      vertex 87.3255 21.4228 37.1
      vertex 87.578 21.4905 34.7
      vertex 87.3255 21.4228 34.7
    endloop
  endfacet
  facet normal -0.422571 0.90633 0
    outer loop
      vertex 87.815 21.601 34.7
      vertex 87.578 21.4905 37.1
      vertex 87.815 21.601 37.1
    endloop
  endfacet
  facet normal -0.422571 0.90633 0
    outer loop
      vertex 87.578 21.4905 37.1
      vertex 87.815 21.601 34.7
      vertex 87.578 21.4905 34.7
    endloop
  endfacet
  facet normal -0.57336 0.819304 0
    outer loop
      vertex 88.0292 21.7509 34.7
      vertex 87.815 21.601 37.1
      vertex 88.0292 21.7509 37.1
    endloop
  endfacet
  facet normal -0.57336 0.819304 0
    outer loop
      vertex 87.815 21.601 37.1
      vertex 88.0292 21.7509 34.7
      vertex 87.815 21.601 34.7
    endloop
  endfacet
  facet normal -0.707107 0.707107 0
    outer loop
      vertex 88.0292 21.7509 34.7
      vertex 88.2141 21.9358 37.1
      vertex 88.2141 21.9358 34.7
    endloop
  endfacet
  facet normal -0.707107 0.707107 0
    outer loop
      vertex 88.2141 21.9358 37.1
      vertex 88.0292 21.7509 34.7
      vertex 88.0292 21.7509 37.1
    endloop
  endfacet
  facet normal -0.819304 0.57336 0
    outer loop
      vertex 88.2141 21.9358 34.7
      vertex 88.364 22.15 37.1
      vertex 88.364 22.15 34.7
    endloop
  endfacet
  facet normal -0.819304 0.57336 0
    outer loop
      vertex 88.364 22.15 37.1
      vertex 88.2141 21.9358 34.7
      vertex 88.2141 21.9358 37.1
    endloop
  endfacet
  facet normal -0.90633 0.422571 0
    outer loop
      vertex 88.364 22.15 34.7
      vertex 88.4745 22.387 37.1
      vertex 88.4745 22.387 34.7
    endloop
  endfacet
  facet normal -0.90633 0.422571 0
    outer loop
      vertex 88.4745 22.387 37.1
      vertex 88.364 22.15 34.7
      vertex 88.364 22.15 37.1
    endloop
  endfacet
  facet normal -0.965885 0.258972 0
    outer loop
      vertex 88.4745 22.387 34.7
      vertex 88.5422 22.6395 37.1
      vertex 88.5422 22.6395 34.7
    endloop
  endfacet
  facet normal -0.965885 0.258972 0
    outer loop
      vertex 88.5422 22.6395 37.1
      vertex 88.4745 22.387 34.7
      vertex 88.4745 22.387 37.1
    endloop
  endfacet
  facet normal -0.996192 0.0871907 0
    outer loop
      vertex 88.5422 22.6395 34.7
      vertex 88.565 22.9 37.1
      vertex 88.565 22.9 34.7
    endloop
  endfacet
  facet normal -0.996192 0.0871907 0
    outer loop
      vertex 88.565 22.9 37.1
      vertex 88.5422 22.6395 34.7
      vertex 88.5422 22.6395 37.1
    endloop
  endfacet
  facet normal -0.996192 -0.0871907 0
    outer loop
      vertex 88.565 22.9 34.7
      vertex 88.5422 23.1605 37.1
      vertex 88.5422 23.1605 34.7
    endloop
  endfacet
  facet normal -0.996192 -0.0871907 0
    outer loop
      vertex 88.5422 23.1605 37.1
      vertex 88.565 22.9 34.7
      vertex 88.565 22.9 37.1
    endloop
  endfacet
  facet normal -0.965885 -0.258972 0
    outer loop
      vertex 88.5422 23.1605 34.7
      vertex 88.4745 23.413 37.1
      vertex 88.4745 23.413 34.7
    endloop
  endfacet
  facet normal -0.965885 -0.258972 0
    outer loop
      vertex 88.4745 23.413 37.1
      vertex 88.5422 23.1605 34.7
      vertex 88.5422 23.1605 37.1
    endloop
  endfacet
  facet normal -0.90633 -0.422571 0
    outer loop
      vertex 88.4745 23.413 34.7
      vertex 88.364 23.65 37.1
      vertex 88.364 23.65 34.7
    endloop
  endfacet
  facet normal -0.90633 -0.422571 0
    outer loop
      vertex 88.364 23.65 37.1
      vertex 88.4745 23.413 34.7
      vertex 88.4745 23.413 37.1
    endloop
  endfacet
  facet normal -0.819304 -0.57336 0
    outer loop
      vertex 88.364 23.65 34.7
      vertex 88.2141 23.8642 37.1
      vertex 88.2141 23.8642 34.7
    endloop
  endfacet
  facet normal -0.819304 -0.57336 0
    outer loop
      vertex 88.2141 23.8642 37.1
      vertex 88.364 23.65 34.7
      vertex 88.364 23.65 37.1
    endloop
  endfacet
  facet normal -0.707107 -0.707107 0
    outer loop
      vertex 88.2141 23.8642 34.7
      vertex 88.0292 24.0491 37.1
      vertex 88.0292 24.0491 34.7
    endloop
  endfacet
  facet normal -0.707107 -0.707107 0
    outer loop
      vertex 88.0292 24.0491 37.1
      vertex 88.2141 23.8642 34.7
      vertex 88.2141 23.8642 37.1
    endloop
  endfacet
  facet normal -0.57336 -0.819304 0
    outer loop
      vertex 87.815 24.199 34.7
      vertex 88.0292 24.0491 37.1
      vertex 87.815 24.199 37.1
    endloop
  endfacet
  facet normal -0.57336 -0.819304 -0
    outer loop
      vertex 88.0292 24.0491 37.1
      vertex 87.815 24.199 34.7
      vertex 88.0292 24.0491 34.7
    endloop
  endfacet
  facet normal -0.422571 -0.90633 0
    outer loop
      vertex 87.578 24.3095 34.7
      vertex 87.815 24.199 37.1
      vertex 87.578 24.3095 37.1
    endloop
  endfacet
  facet normal -0.422571 -0.90633 -0
    outer loop
      vertex 87.815 24.199 37.1
      vertex 87.578 24.3095 34.7
      vertex 87.815 24.199 34.7
    endloop
  endfacet
  facet normal -0.258972 -0.965885 0
    outer loop
      vertex 87.3255 24.3772 34.7
      vertex 87.578 24.3095 37.1
      vertex 87.3255 24.3772 37.1
    endloop
  endfacet
  facet normal -0.258972 -0.965885 -0
    outer loop
      vertex 87.578 24.3095 37.1
      vertex 87.3255 24.3772 34.7
      vertex 87.578 24.3095 34.7
    endloop
  endfacet
  facet normal -0.0871907 -0.996192 0
    outer loop
      vertex 87.065 24.4 34.7
      vertex 87.3255 24.3772 37.1
      vertex 87.065 24.4 37.1
    endloop
  endfacet
  facet normal -0.0871907 -0.996192 -0
    outer loop
      vertex 87.3255 24.3772 37.1
      vertex 87.065 24.4 34.7
      vertex 87.3255 24.3772 34.7
    endloop
  endfacet
  facet normal 0.0871907 -0.996192 0
    outer loop
      vertex 86.8045 24.3772 34.7
      vertex 87.065 24.4 37.1
      vertex 86.8045 24.3772 37.1
    endloop
  endfacet
  facet normal 0.0871907 -0.996192 0
    outer loop
      vertex 87.065 24.4 37.1
      vertex 86.8045 24.3772 34.7
      vertex 87.065 24.4 34.7
    endloop
  endfacet
  facet normal 0.258972 -0.965885 0
    outer loop
      vertex 86.552 24.3095 34.7
      vertex 86.8045 24.3772 37.1
      vertex 86.552 24.3095 37.1
    endloop
  endfacet
  facet normal 0.258972 -0.965885 0
    outer loop
      vertex 86.8045 24.3772 37.1
      vertex 86.552 24.3095 34.7
      vertex 86.8045 24.3772 34.7
    endloop
  endfacet
  facet normal 0.422571 -0.90633 0
    outer loop
      vertex 86.315 24.199 34.7
      vertex 86.552 24.3095 37.1
      vertex 86.315 24.199 37.1
    endloop
  endfacet
  facet normal 0.422571 -0.90633 0
    outer loop
      vertex 86.552 24.3095 37.1
      vertex 86.315 24.199 34.7
      vertex 86.552 24.3095 34.7
    endloop
  endfacet
  facet normal 0.57336 -0.819304 0
    outer loop
      vertex 86.1008 24.0491 34.7
      vertex 86.315 24.199 37.1
      vertex 86.1008 24.0491 37.1
    endloop
  endfacet
  facet normal 0.57336 -0.819304 0
    outer loop
      vertex 86.315 24.199 37.1
      vertex 86.1008 24.0491 34.7
      vertex 86.315 24.199 34.7
    endloop
  endfacet
  facet normal 0.707107 -0.707107 0
    outer loop
      vertex 85.9159 23.8642 37.1
      vertex 86.1008 24.0491 34.7
      vertex 86.1008 24.0491 37.1
    endloop
  endfacet
  facet normal 0.707107 -0.707107 0
    outer loop
      vertex 86.1008 24.0491 34.7
      vertex 85.9159 23.8642 37.1
      vertex 85.9159 23.8642 34.7
    endloop
  endfacet
  facet normal 0.819304 -0.57336 0
    outer loop
      vertex 85.766 23.65 37.1
      vertex 85.9159 23.8642 34.7
      vertex 85.9159 23.8642 37.1
    endloop
  endfacet
  facet normal 0.819304 -0.57336 0
    outer loop
      vertex 85.9159 23.8642 34.7
      vertex 85.766 23.65 37.1
      vertex 85.766 23.65 34.7
    endloop
  endfacet
  facet normal 0.90633 -0.422571 0
    outer loop
      vertex 85.6555 23.413 37.1
      vertex 85.766 23.65 34.7
      vertex 85.766 23.65 37.1
    endloop
  endfacet
  facet normal 0.90633 -0.422571 0
    outer loop
      vertex 85.766 23.65 34.7
      vertex 85.6555 23.413 37.1
      vertex 85.6555 23.413 34.7
    endloop
  endfacet
  facet normal 0.965885 -0.258972 0
    outer loop
      vertex 85.5878 23.1605 37.1
      vertex 85.6555 23.413 34.7
      vertex 85.6555 23.413 37.1
    endloop
  endfacet
  facet normal 0.965885 -0.258972 0
    outer loop
      vertex 85.6555 23.413 34.7
      vertex 85.5878 23.1605 37.1
      vertex 85.5878 23.1605 34.7
    endloop
  endfacet
  facet normal 0.996192 -0.0871907 0
    outer loop
      vertex 85.565 22.9 37.1
      vertex 85.5878 23.1605 34.7
      vertex 85.5878 23.1605 37.1
    endloop
  endfacet
  facet normal 0.996192 -0.0871907 0
    outer loop
      vertex 85.5878 23.1605 34.7
      vertex 85.565 22.9 37.1
      vertex 85.565 22.9 34.7
    endloop
  endfacet
  facet normal 0 0 1
    outer loop
      vertex 88.0282 11.5 34.7
      vertex 88.565 11.5 34.7
      vertex 88.5422 11.7605 34.7
    endloop
  endfacet
  facet normal 0 0 1
    outer loop
      vertex 88.0135 11.6673 34.7
      vertex 88.5422 11.7605 34.7
      vertex 88.4745 12.013 34.7
    endloop
  endfacet
  facet normal 0 0 1
    outer loop
      vertex 88.565 11.5 34.7
      vertex 88.0282 11.5 34.7
      vertex 88.5422 11.2395 34.7
    endloop
  endfacet
  facet normal 0 0 1
    outer loop
      vertex 87.9701 11.8294 34.7
      vertex 88.4745 12.013 34.7
      vertex 88.364 12.25 34.7
    endloop
  endfacet
  facet normal -0 0 1
    outer loop
      vertex 88.0135 11.3327 34.7
      vertex 88.5422 11.2395 34.7
      vertex 88.0282 11.5 34.7
    endloop
  endfacet
  facet normal 0 0 1
    outer loop
      vertex 87.8991 11.9816 34.7
      vertex 88.364 12.25 34.7
      vertex 88.2141 12.4642 34.7
    endloop
  endfacet
  facet normal 0 0 1
    outer loop
      vertex 88.5422 11.2395 34.7
      vertex 88.0135 11.3327 34.7
      vertex 88.4745 10.987 34.7
    endloop
  endfacet
  facet normal 0 0 1
    outer loop
      vertex 87.8028 12.1191 34.7
      vertex 88.2141 12.4642 34.7
      vertex 88.0292 12.6491 34.7
    endloop
  endfacet
  facet normal -0 0 1
    outer loop
      vertex 87.9701 11.1706 34.7
      vertex 88.4745 10.987 34.7
      vertex 88.0135 11.3327 34.7
    endloop
  endfacet
  facet normal 0 0 1
    outer loop
      vertex 88.4745 10.987 34.7
      vertex 87.9701 11.1706 34.7
      vertex 88.364 10.75 34.7
    endloop
  endfacet
  facet normal 0 0 1
    outer loop
      vertex 88.5422 11.7605 34.7
      vertex 88.0135 11.6673 34.7
      vertex 88.0282 11.5 34.7
    endloop
  endfacet
  facet normal 0 0 1
    outer loop
      vertex 88.4745 12.013 34.7
      vertex 87.9701 11.8294 34.7
      vertex 88.0135 11.6673 34.7
    endloop
  endfacet
  facet normal 0 0 1
    outer loop
      vertex 88.364 12.25 34.7
      vertex 87.8991 11.9816 34.7
      vertex 87.9701 11.8294 34.7
    endloop
  endfacet
  facet normal 0 0 1
    outer loop
      vertex 87.6841 12.2378 34.7
      vertex 88.0292 12.6491 34.7
      vertex 87.815 12.799 34.7
    endloop
  endfacet
  facet normal 0 0 1
    outer loop
      vertex 88.2141 12.4642 34.7
      vertex 87.8028 12.1191 34.7
      vertex 87.8991 11.9816 34.7
    endloop
  endfacet
  facet normal 0 0 1
    outer loop
      vertex 88.0292 12.6491 34.7
      vertex 87.6841 12.2378 34.7
      vertex 87.8028 12.1191 34.7
    endloop
  endfacet
  facet normal 0 0 1
    outer loop
      vertex 87.5466 12.3341 34.7
      vertex 87.815 12.799 34.7
      vertex 87.578 12.9095 34.7
    endloop
  endfacet
  facet normal 0 0 1
    outer loop
      vertex 87.815 12.799 34.7
      vertex 87.5466 12.3341 34.7
      vertex 87.6841 12.2378 34.7
    endloop
  endfacet
  facet normal 0 0 1
    outer loop
      vertex 87.578 12.9095 34.7
      vertex 87.3944 12.4051 34.7
      vertex 87.5466 12.3341 34.7
    endloop
  endfacet
  facet normal 0 0 1
    outer loop
      vertex 87.3255 12.9772 34.7
      vertex 87.3944 12.4051 34.7
      vertex 87.578 12.9095 34.7
    endloop
  endfacet
  facet normal 0 0 1
    outer loop
      vertex 87.3255 12.9772 34.7
      vertex 87.2323 12.4485 34.7
      vertex 87.3944 12.4051 34.7
    endloop
  endfacet
  facet normal 0 0 1
    outer loop
      vertex 87.065 13 34.7
      vertex 87.2323 12.4485 34.7
      vertex 87.3255 12.9772 34.7
    endloop
  endfacet
  facet normal 0 0 1
    outer loop
      vertex 87.065 13 34.7
      vertex 87.065 12.4632 34.7
      vertex 87.2323 12.4485 34.7
    endloop
  endfacet
  facet normal 0 0 1
    outer loop
      vertex 87.065 13 34.7
      vertex 86.8978 12.4485 34.7
      vertex 87.065 12.4632 34.7
    endloop
  endfacet
  facet normal -0 0 1
    outer loop
      vertex 86.8045 12.9772 34.7
      vertex 86.8978 12.4485 34.7
      vertex 87.065 13 34.7
    endloop
  endfacet
  facet normal 0 0 1
    outer loop
      vertex 86.8045 12.9772 34.7
      vertex 86.7356 12.4051 34.7
      vertex 86.8978 12.4485 34.7
    endloop
  endfacet
  facet normal -0 0 1
    outer loop
      vertex 86.552 12.9095 34.7
      vertex 86.7356 12.4051 34.7
      vertex 86.8045 12.9772 34.7
    endloop
  endfacet
  facet normal 0 0 1
    outer loop
      vertex 86.7356 12.4051 34.7
      vertex 86.552 12.9095 34.7
      vertex 86.5834 12.3341 34.7
    endloop
  endfacet
  facet normal -0 0 1
    outer loop
      vertex 86.315 12.799 34.7
      vertex 86.5834 12.3341 34.7
      vertex 86.552 12.9095 34.7
    endloop
  endfacet
  facet normal 0 0 1
    outer loop
      vertex 86.5834 12.3341 34.7
      vertex 86.315 12.799 34.7
      vertex 86.4459 12.2378 34.7
    endloop
  endfacet
  facet normal -0 0 1
    outer loop
      vertex 86.1008 12.6491 34.7
      vertex 86.4459 12.2378 34.7
      vertex 86.315 12.799 34.7
    endloop
  endfacet
  facet normal 0 0 1
    outer loop
      vertex 86.4459 12.2378 34.7
      vertex 86.1008 12.6491 34.7
      vertex 86.3272 12.1191 34.7
    endloop
  endfacet
  facet normal -0 0 1
    outer loop
      vertex 85.9159 12.4642 34.7
      vertex 86.3272 12.1191 34.7
      vertex 86.1008 12.6491 34.7
    endloop
  endfacet
  facet normal 0 0 1
    outer loop
      vertex 86.3272 12.1191 34.7
      vertex 85.9159 12.4642 34.7
      vertex 86.2309 11.9816 34.7
    endloop
  endfacet
  facet normal 0 0 1
    outer loop
      vertex 86.2309 11.9816 34.7
      vertex 85.766 12.25 34.7
      vertex 86.1599 11.8294 34.7
    endloop
  endfacet
  facet normal -0 0 1
    outer loop
      vertex 85.766 12.25 34.7
      vertex 86.2309 11.9816 34.7
      vertex 85.9159 12.4642 34.7
    endloop
  endfacet
  facet normal -0 0 1
    outer loop
      vertex 87.8991 11.0184 34.7
      vertex 88.364 10.75 34.7
      vertex 87.9701 11.1706 34.7
    endloop
  endfacet
  facet normal 0 0 1
    outer loop
      vertex 88.364 10.75 34.7
      vertex 87.8991 11.0184 34.7
      vertex 88.2141 10.5358 34.7
    endloop
  endfacet
  facet normal -0 0 1
    outer loop
      vertex 87.8028 10.8809 34.7
      vertex 88.2141 10.5358 34.7
      vertex 87.8991 11.0184 34.7
    endloop
  endfacet
  facet normal 0 0 1
    outer loop
      vertex 88.2141 10.5358 34.7
      vertex 87.8028 10.8809 34.7
      vertex 88.0292 10.3509 34.7
    endloop
  endfacet
  facet normal -0 0 1
    outer loop
      vertex 87.6841 10.7622 34.7
      vertex 88.0292 10.3509 34.7
      vertex 87.8028 10.8809 34.7
    endloop
  endfacet
  facet normal 0 0 1
    outer loop
      vertex 88.0292 10.3509 34.7
      vertex 87.6841 10.7622 34.7
      vertex 87.815 10.201 34.7
    endloop
  endfacet
  facet normal -0 0 1
    outer loop
      vertex 87.5466 10.6659 34.7
      vertex 87.815 10.201 34.7
      vertex 87.6841 10.7622 34.7
    endloop
  endfacet
  facet normal 0 0 1
    outer loop
      vertex 87.815 10.201 34.7
      vertex 87.5466 10.6659 34.7
      vertex 87.578 10.0905 34.7
    endloop
  endfacet
  facet normal -0 0 1
    outer loop
      vertex 87.3944 10.5949 34.7
      vertex 87.578 10.0905 34.7
      vertex 87.5466 10.6659 34.7
    endloop
  endfacet
  facet normal 0 0 1
    outer loop
      vertex 87.3944 10.5949 34.7
      vertex 87.3255 10.0228 34.7
      vertex 87.578 10.0905 34.7
    endloop
  endfacet
  facet normal -0 0 1
    outer loop
      vertex 87.2323 10.5515 34.7
      vertex 87.3255 10.0228 34.7
      vertex 87.3944 10.5949 34.7
    endloop
  endfacet
  facet normal -0 0 1
    outer loop
      vertex 87.065 10.5368 34.7
      vertex 87.3255 10.0228 34.7
      vertex 87.2323 10.5515 34.7
    endloop
  endfacet
  facet normal 0 0 1
    outer loop
      vertex 87.065 10.5368 34.7
      vertex 87.065 10 34.7
      vertex 87.3255 10.0228 34.7
    endloop
  endfacet
  facet normal 0 0 1
    outer loop
      vertex 86.8978 10.5515 34.7
      vertex 87.065 10 34.7
      vertex 87.065 10.5368 34.7
    endloop
  endfacet
  facet normal 0 0 1
    outer loop
      vertex 86.8978 10.5515 34.7
      vertex 86.8045 10.0228 34.7
      vertex 87.065 10 34.7
    endloop
  endfacet
  facet normal 0 0 1
    outer loop
      vertex 86.7356 10.5949 34.7
      vertex 86.8045 10.0228 34.7
      vertex 86.8978 10.5515 34.7
    endloop
  endfacet
  facet normal 0 0 1
    outer loop
      vertex 86.552 10.0905 34.7
      vertex 86.7356 10.5949 34.7
      vertex 86.5834 10.6659 34.7
    endloop
  endfacet
  facet normal 0 0 1
    outer loop
      vertex 86.7356 10.5949 34.7
      vertex 86.552 10.0905 34.7
      vertex 86.8045 10.0228 34.7
    endloop
  endfacet
  facet normal 0 0 1
    outer loop
      vertex 86.315 10.201 34.7
      vertex 86.5834 10.6659 34.7
      vertex 86.4459 10.7622 34.7
    endloop
  endfacet
  facet normal 0 0 1
    outer loop
      vertex 86.1008 10.3509 34.7
      vertex 86.4459 10.7622 34.7
      vertex 86.3272 10.8809 34.7
    endloop
  endfacet
  facet normal 0 0 1
    outer loop
      vertex 86.5834 10.6659 34.7
      vertex 86.315 10.201 34.7
      vertex 86.552 10.0905 34.7
    endloop
  endfacet
  facet normal 0 0 1
    outer loop
      vertex 85.9159 10.5358 34.7
      vertex 86.3272 10.8809 34.7
      vertex 86.2309 11.0184 34.7
    endloop
  endfacet
  facet normal 0 0 1
    outer loop
      vertex 85.766 10.75 34.7
      vertex 86.2309 11.0184 34.7
      vertex 86.1599 11.1706 34.7
    endloop
  endfacet
  facet normal 0 0 1
    outer loop
      vertex 85.6555 10.987 34.7
      vertex 86.1599 11.1706 34.7
      vertex 86.1165 11.3327 34.7
    endloop
  endfacet
  facet normal 0 0 1
    outer loop
      vertex 86.4459 10.7622 34.7
      vertex 86.1008 10.3509 34.7
      vertex 86.315 10.201 34.7
    endloop
  endfacet
  facet normal 0 0 1
    outer loop
      vertex 85.5878 11.2395 34.7
      vertex 86.1165 11.3327 34.7
      vertex 86.1018 11.5 34.7
    endloop
  endfacet
  facet normal -0 0 1
    outer loop
      vertex 85.6555 12.013 34.7
      vertex 86.1599 11.8294 34.7
      vertex 85.766 12.25 34.7
    endloop
  endfacet
  facet normal 0 0 1
    outer loop
      vertex 86.1599 11.8294 34.7
      vertex 85.6555 12.013 34.7
      vertex 86.1165 11.6673 34.7
    endloop
  endfacet
  facet normal 0 0 1
    outer loop
      vertex 86.3272 10.8809 34.7
      vertex 85.9159 10.5358 34.7
      vertex 86.1008 10.3509 34.7
    endloop
  endfacet
  facet normal -0 0 1
    outer loop
      vertex 85.5878 11.7605 34.7
      vertex 86.1165 11.6673 34.7
      vertex 85.6555 12.013 34.7
    endloop
  endfacet
  facet normal 0 0 1
    outer loop
      vertex 86.2309 11.0184 34.7
      vertex 85.766 10.75 34.7
      vertex 85.9159 10.5358 34.7
    endloop
  endfacet
  facet normal 0 0 1
    outer loop
      vertex 86.1165 11.6673 34.7
      vertex 85.5878 11.7605 34.7
      vertex 86.1018 11.5 34.7
    endloop
  endfacet
  facet normal 0 0 1
    outer loop
      vertex 86.1599 11.1706 34.7
      vertex 85.6555 10.987 34.7
      vertex 85.766 10.75 34.7
    endloop
  endfacet
  facet normal 0 0 1
    outer loop
      vertex 85.565 11.5 34.7
      vertex 86.1018 11.5 34.7
      vertex 85.5878 11.7605 34.7
    endloop
  endfacet
  facet normal 0 0 1
    outer loop
      vertex 86.1165 11.3327 34.7
      vertex 85.5878 11.2395 34.7
      vertex 85.6555 10.987 34.7
    endloop
  endfacet
  facet normal 0 0 1
    outer loop
      vertex 86.1018 11.5 34.7
      vertex 85.565 11.5 34.7
      vertex 85.5878 11.2395 34.7
    endloop
  endfacet
  facet normal 0.996192 0.0871907 0
    outer loop
      vertex 85.5878 11.2395 37.1
      vertex 85.565 11.5 34.7
      vertex 85.565 11.5 37.1
    endloop
  endfacet
  facet normal 0.996192 0.0871907 0
    outer loop
      vertex 85.565 11.5 34.7
      vertex 85.5878 11.2395 37.1
      vertex 85.5878 11.2395 34.7
    endloop
  endfacet
  facet normal 0.965885 0.258972 0
    outer loop
      vertex 85.6555 10.987 37.1
      vertex 85.5878 11.2395 34.7
      vertex 85.5878 11.2395 37.1
    endloop
  endfacet
  facet normal 0.965885 0.258972 0
    outer loop
      vertex 85.5878 11.2395 34.7
      vertex 85.6555 10.987 37.1
      vertex 85.6555 10.987 34.7
    endloop
  endfacet
  facet normal 0.90633 0.422571 0
    outer loop
      vertex 85.766 10.75 37.1
      vertex 85.6555 10.987 34.7
      vertex 85.6555 10.987 37.1
    endloop
  endfacet
  facet normal 0.90633 0.422571 0
    outer loop
      vertex 85.6555 10.987 34.7
      vertex 85.766 10.75 37.1
      vertex 85.766 10.75 34.7
    endloop
  endfacet
  facet normal 0.819304 0.57336 0
    outer loop
      vertex 85.9159 10.5358 37.1
      vertex 85.766 10.75 34.7
      vertex 85.766 10.75 37.1
    endloop
  endfacet
  facet normal 0.819304 0.57336 0
    outer loop
      vertex 85.766 10.75 34.7
      vertex 85.9159 10.5358 37.1
      vertex 85.9159 10.5358 34.7
    endloop
  endfacet
  facet normal 0.707107 0.707107 0
    outer loop
      vertex 86.1008 10.3509 37.1
      vertex 85.9159 10.5358 34.7
      vertex 85.9159 10.5358 37.1
    endloop
  endfacet
  facet normal 0.707107 0.707107 0
    outer loop
      vertex 85.9159 10.5358 34.7
      vertex 86.1008 10.3509 37.1
      vertex 86.1008 10.3509 34.7
    endloop
  endfacet
  facet normal 0.57336 0.819304 -0
    outer loop
      vertex 86.315 10.201 34.7
      vertex 86.1008 10.3509 37.1
      vertex 86.315 10.201 37.1
    endloop
  endfacet
  facet normal 0.57336 0.819304 0
    outer loop
      vertex 86.1008 10.3509 37.1
      vertex 86.315 10.201 34.7
      vertex 86.1008 10.3509 34.7
    endloop
  endfacet
  facet normal 0.422571 0.90633 -0
    outer loop
      vertex 86.552 10.0905 34.7
      vertex 86.315 10.201 37.1
      vertex 86.552 10.0905 37.1
    endloop
  endfacet
  facet normal 0.422571 0.90633 0
    outer loop
      vertex 86.315 10.201 37.1
      vertex 86.552 10.0905 34.7
      vertex 86.315 10.201 34.7
    endloop
  endfacet
  facet normal 0.258972 0.965885 -0
    outer loop
      vertex 86.8045 10.0228 34.7
      vertex 86.552 10.0905 37.1
      vertex 86.8045 10.0228 37.1
    endloop
  endfacet
  facet normal 0.258972 0.965885 0
    outer loop
      vertex 86.552 10.0905 37.1
      vertex 86.8045 10.0228 34.7
      vertex 86.552 10.0905 34.7
    endloop
  endfacet
  facet normal 0.0871907 0.996192 -0
    outer loop
      vertex 87.065 10 34.7
      vertex 86.8045 10.0228 37.1
      vertex 87.065 10 37.1
    endloop
  endfacet
  facet normal 0.0871907 0.996192 0
    outer loop
      vertex 86.8045 10.0228 37.1
      vertex 87.065 10 34.7
      vertex 86.8045 10.0228 34.7
    endloop
  endfacet
  facet normal -0.0871907 0.996192 0
    outer loop
      vertex 87.3255 10.0228 34.7
      vertex 87.065 10 37.1
      vertex 87.3255 10.0228 37.1
    endloop
  endfacet
  facet normal -0.0871907 0.996192 0
    outer loop
      vertex 87.065 10 37.1
      vertex 87.3255 10.0228 34.7
      vertex 87.065 10 34.7
    endloop
  endfacet
  facet normal -0.258972 0.965885 0
    outer loop
      vertex 87.578 10.0905 34.7
      vertex 87.3255 10.0228 37.1
      vertex 87.578 10.0905 37.1
    endloop
  endfacet
  facet normal -0.258972 0.965885 0
    outer loop
      vertex 87.3255 10.0228 37.1
      vertex 87.578 10.0905 34.7
      vertex 87.3255 10.0228 34.7
    endloop
  endfacet
  facet normal -0.422571 0.90633 0
    outer loop
      vertex 87.815 10.201 34.7
      vertex 87.578 10.0905 37.1
      vertex 87.815 10.201 37.1
    endloop
  endfacet
  facet normal -0.422571 0.90633 0
    outer loop
      vertex 87.578 10.0905 37.1
      vertex 87.815 10.201 34.7
      vertex 87.578 10.0905 34.7
    endloop
  endfacet
  facet normal -0.57336 0.819304 0
    outer loop
      vertex 88.0292 10.3509 34.7
      vertex 87.815 10.201 37.1
      vertex 88.0292 10.3509 37.1
    endloop
  endfacet
  facet normal -0.57336 0.819304 0
    outer loop
      vertex 87.815 10.201 37.1
      vertex 88.0292 10.3509 34.7
      vertex 87.815 10.201 34.7
    endloop
  endfacet
  facet normal -0.707107 0.707107 0
    outer loop
      vertex 88.0292 10.3509 34.7
      vertex 88.2141 10.5358 37.1
      vertex 88.2141 10.5358 34.7
    endloop
  endfacet
  facet normal -0.707107 0.707107 0
    outer loop
      vertex 88.2141 10.5358 37.1
      vertex 88.0292 10.3509 34.7
      vertex 88.0292 10.3509 37.1
    endloop
  endfacet
  facet normal -0.819304 0.57336 0
    outer loop
      vertex 88.2141 10.5358 34.7
      vertex 88.364 10.75 37.1
      vertex 88.364 10.75 34.7
    endloop
  endfacet
  facet normal -0.819304 0.57336 0
    outer loop
      vertex 88.364 10.75 37.1
      vertex 88.2141 10.5358 34.7
      vertex 88.2141 10.5358 37.1
    endloop
  endfacet
  facet normal -0.90633 0.422571 0
    outer loop
      vertex 88.364 10.75 34.7
      vertex 88.4745 10.987 37.1
      vertex 88.4745 10.987 34.7
    endloop
  endfacet
  facet normal -0.90633 0.422571 0
    outer loop
      vertex 88.4745 10.987 37.1
      vertex 88.364 10.75 34.7
      vertex 88.364 10.75 37.1
    endloop
  endfacet
  facet normal -0.965885 0.258972 0
    outer loop
      vertex 88.4745 10.987 34.7
      vertex 88.5422 11.2395 37.1
      vertex 88.5422 11.2395 34.7
    endloop
  endfacet
  facet normal -0.965885 0.258972 0
    outer loop
      vertex 88.5422 11.2395 37.1
      vertex 88.4745 10.987 34.7
      vertex 88.4745 10.987 37.1
    endloop
  endfacet
  facet normal -0.996192 0.0871907 0
    outer loop
      vertex 88.5422 11.2395 34.7
      vertex 88.565 11.5 37.1
      vertex 88.565 11.5 34.7
    endloop
  endfacet
  facet normal -0.996192 0.0871907 0
    outer loop
      vertex 88.565 11.5 37.1
      vertex 88.5422 11.2395 34.7
      vertex 88.5422 11.2395 37.1
    endloop
  endfacet
  facet normal -0.996192 -0.0871907 0
    outer loop
      vertex 88.565 11.5 34.7
      vertex 88.5422 11.7605 37.1
      vertex 88.5422 11.7605 34.7
    endloop
  endfacet
  facet normal -0.996192 -0.0871907 0
    outer loop
      vertex 88.5422 11.7605 37.1
      vertex 88.565 11.5 34.7
      vertex 88.565 11.5 37.1
    endloop
  endfacet
  facet normal -0.965885 -0.258972 0
    outer loop
      vertex 88.5422 11.7605 34.7
      vertex 88.4745 12.013 37.1
      vertex 88.4745 12.013 34.7
    endloop
  endfacet
  facet normal -0.965885 -0.258972 0
    outer loop
      vertex 88.4745 12.013 37.1
      vertex 88.5422 11.7605 34.7
      vertex 88.5422 11.7605 37.1
    endloop
  endfacet
  facet normal -0.90633 -0.422571 0
    outer loop
      vertex 88.4745 12.013 34.7
      vertex 88.364 12.25 37.1
      vertex 88.364 12.25 34.7
    endloop
  endfacet
  facet normal -0.90633 -0.422571 0
    outer loop
      vertex 88.364 12.25 37.1
      vertex 88.4745 12.013 34.7
      vertex 88.4745 12.013 37.1
    endloop
  endfacet
  facet normal -0.819304 -0.57336 0
    outer loop
      vertex 88.364 12.25 34.7
      vertex 88.2141 12.4642 37.1
      vertex 88.2141 12.4642 34.7
    endloop
  endfacet
  facet normal -0.819304 -0.57336 0
    outer loop
      vertex 88.2141 12.4642 37.1
      vertex 88.364 12.25 34.7
      vertex 88.364 12.25 37.1
    endloop
  endfacet
  facet normal -0.707107 -0.707107 0
    outer loop
      vertex 88.2141 12.4642 34.7
      vertex 88.0292 12.6491 37.1
      vertex 88.0292 12.6491 34.7
    endloop
  endfacet
  facet normal -0.707107 -0.707107 0
    outer loop
      vertex 88.0292 12.6491 37.1
      vertex 88.2141 12.4642 34.7
      vertex 88.2141 12.4642 37.1
    endloop
  endfacet
  facet normal -0.57336 -0.819304 0
    outer loop
      vertex 87.815 12.799 34.7
      vertex 88.0292 12.6491 37.1
      vertex 87.815 12.799 37.1
    endloop
  endfacet
  facet normal -0.57336 -0.819304 -0
    outer loop
      vertex 88.0292 12.6491 37.1
      vertex 87.815 12.799 34.7
      vertex 88.0292 12.6491 34.7
    endloop
  endfacet
  facet normal -0.422571 -0.90633 0
    outer loop
      vertex 87.578 12.9095 34.7
      vertex 87.815 12.799 37.1
      vertex 87.578 12.9095 37.1
    endloop
  endfacet
  facet normal -0.422571 -0.90633 -0
    outer loop
      vertex 87.815 12.799 37.1
      vertex 87.578 12.9095 34.7
      vertex 87.815 12.799 34.7
    endloop
  endfacet
  facet normal -0.258972 -0.965885 0
    outer loop
      vertex 87.3255 12.9772 34.7
      vertex 87.578 12.9095 37.1
      vertex 87.3255 12.9772 37.1
    endloop
  endfacet
  facet normal -0.258972 -0.965885 -0
    outer loop
      vertex 87.578 12.9095 37.1
      vertex 87.3255 12.9772 34.7
      vertex 87.578 12.9095 34.7
    endloop
  endfacet
  facet normal -0.0871907 -0.996192 0
    outer loop
      vertex 87.065 13 34.7
      vertex 87.3255 12.9772 37.1
      vertex 87.065 13 37.1
    endloop
  endfacet
  facet normal -0.0871907 -0.996192 -0
    outer loop
      vertex 87.3255 12.9772 37.1
      vertex 87.065 13 34.7
      vertex 87.3255 12.9772 34.7
    endloop
  endfacet
  facet normal 0.0871907 -0.996192 0
    outer loop
      vertex 86.8045 12.9772 34.7
      vertex 87.065 13 37.1
      vertex 86.8045 12.9772 37.1
    endloop
  endfacet
  facet normal 0.0871907 -0.996192 0
    outer loop
      vertex 87.065 13 37.1
      vertex 86.8045 12.9772 34.7
      vertex 87.065 13 34.7
    endloop
  endfacet
  facet normal 0.258972 -0.965885 0
    outer loop
      vertex 86.552 12.9095 34.7
      vertex 86.8045 12.9772 37.1
      vertex 86.552 12.9095 37.1
    endloop
  endfacet
  facet normal 0.258972 -0.965885 0
    outer loop
      vertex 86.8045 12.9772 37.1
      vertex 86.552 12.9095 34.7
      vertex 86.8045 12.9772 34.7
    endloop
  endfacet
  facet normal 0.422571 -0.90633 0
    outer loop
      vertex 86.315 12.799 34.7
      vertex 86.552 12.9095 37.1
      vertex 86.315 12.799 37.1
    endloop
  endfacet
  facet normal 0.422571 -0.90633 0
    outer loop
      vertex 86.552 12.9095 37.1
      vertex 86.315 12.799 34.7
      vertex 86.552 12.9095 34.7
    endloop
  endfacet
  facet normal 0.57336 -0.819304 0
    outer loop
      vertex 86.1008 12.6491 34.7
      vertex 86.315 12.799 37.1
      vertex 86.1008 12.6491 37.1
    endloop
  endfacet
  facet normal 0.57336 -0.819304 0
    outer loop
      vertex 86.315 12.799 37.1
      vertex 86.1008 12.6491 34.7
      vertex 86.315 12.799 34.7
    endloop
  endfacet
  facet normal 0.707107 -0.707107 0
    outer loop
      vertex 85.9159 12.4642 37.1
      vertex 86.1008 12.6491 34.7
      vertex 86.1008 12.6491 37.1
    endloop
  endfacet
  facet normal 0.707107 -0.707107 0
    outer loop
      vertex 86.1008 12.6491 34.7
      vertex 85.9159 12.4642 37.1
      vertex 85.9159 12.4642 34.7
    endloop
  endfacet
  facet normal 0.819304 -0.57336 0
    outer loop
      vertex 85.766 12.25 37.1
      vertex 85.9159 12.4642 34.7
      vertex 85.9159 12.4642 37.1
    endloop
  endfacet
  facet normal 0.819304 -0.57336 0
    outer loop
      vertex 85.9159 12.4642 34.7
      vertex 85.766 12.25 37.1
      vertex 85.766 12.25 34.7
    endloop
  endfacet
  facet normal 0.90633 -0.422571 0
    outer loop
      vertex 85.6555 12.013 37.1
      vertex 85.766 12.25 34.7
      vertex 85.766 12.25 37.1
    endloop
  endfacet
  facet normal 0.90633 -0.422571 0
    outer loop
      vertex 85.766 12.25 34.7
      vertex 85.6555 12.013 37.1
      vertex 85.6555 12.013 34.7
    endloop
  endfacet
  facet normal 0.965885 -0.258972 0
    outer loop
      vertex 85.5878 11.7605 37.1
      vertex 85.6555 12.013 34.7
      vertex 85.6555 12.013 37.1
    endloop
  endfacet
  facet normal 0.965885 -0.258972 0
    outer loop
      vertex 85.6555 12.013 34.7
      vertex 85.5878 11.7605 37.1
      vertex 85.5878 11.7605 34.7
    endloop
  endfacet
  facet normal 0.996192 -0.0871907 0
    outer loop
      vertex 85.565 11.5 37.1
      vertex 85.5878 11.7605 34.7
      vertex 85.5878 11.7605 37.1
    endloop
  endfacet
  facet normal 0.996192 -0.0871907 0
    outer loop
      vertex 85.5878 11.7605 34.7
      vertex 85.565 11.5 37.1
      vertex 85.565 11.5 34.7
    endloop
  endfacet
  facet normal -0.988793 0.0868814 0.121409
    outer loop
      vertex 86.449 11.6086 37.45
      vertex 86.1165 11.6673 34.7
      vertex 86.1018 11.5 34.7
    endloop
  endfacet
  facet normal -0.958815 0.256777 0.12141
    outer loop
      vertex 86.449 11.6086 37.45
      vertex 86.4772 11.7139 37.45
      vertex 86.1165 11.6673 34.7
    endloop
  endfacet
  facet normal -0.958831 0.256714 0.121414
    outer loop
      vertex 86.4772 11.7139 37.45
      vertex 86.1599 11.8294 34.7
      vertex 86.1165 11.6673 34.7
    endloop
  endfacet
  facet normal -0.899665 0.419358 0.121418
    outer loop
      vertex 86.4772 11.7139 37.45
      vertex 86.5233 11.8128 37.45
      vertex 86.1599 11.8294 34.7
    endloop
  endfacet
  facet normal -0.899541 0.419628 0.121403
    outer loop
      vertex 86.5233 11.8128 37.45
      vertex 86.2309 11.9816 34.7
      vertex 86.1599 11.8294 34.7
    endloop
  endfacet
  facet normal -0.813215 0.569159 0.121403
    outer loop
      vertex 86.5233 11.8128 37.45
      vertex 86.5858 11.9021 37.45
      vertex 86.2309 11.9816 34.7
    endloop
  endfacet
  facet normal -0.813035 0.56942 0.121387
    outer loop
      vertex 86.5858 11.9021 37.45
      vertex 86.3272 12.1191 34.7
      vertex 86.2309 11.9816 34.7
    endloop
  endfacet
  facet normal -0.701878 0.701878 0.121387
    outer loop
      vertex 86.5858 11.9021 37.45
      vertex 86.6629 11.9792 37.45
      vertex 86.3272 12.1191 34.7
    endloop
  endfacet
  facet normal -0.701878 0.701878 0.121387
    outer loop
      vertex 86.6629 11.9792 37.45
      vertex 86.4459 12.2378 34.7
      vertex 86.3272 12.1191 34.7
    endloop
  endfacet
  facet normal -0.568734 0.813517 0.121378
    outer loop
      vertex 86.6629 11.9792 37.45
      vertex 86.7523 12.0417 37.45
      vertex 86.4459 12.2378 34.7
    endloop
  endfacet
  facet normal -0.569418 0.813032 0.12142
    outer loop
      vertex 86.7523 12.0417 37.45
      vertex 86.5834 12.3341 34.7
      vertex 86.4459 12.2378 34.7
    endloop
  endfacet
  facet normal -0.419707 0.899502 0.121419
    outer loop
      vertex 86.7523 12.0417 37.45
      vertex 86.8511 12.0878 37.45
      vertex 86.5834 12.3341 34.7
    endloop
  endfacet
  facet normal -0.419627 0.899539 0.121415
    outer loop
      vertex 86.8511 12.0878 37.45
      vertex 86.7356 12.4051 34.7
      vertex 86.5834 12.3341 34.7
    endloop
  endfacet
  facet normal -0.256776 0.958814 0.121414
    outer loop
      vertex 86.8511 12.0878 37.45
      vertex 86.9564 12.116 37.45
      vertex 86.7356 12.4051 34.7
    endloop
  endfacet
  facet normal -0.256566 0.958872 0.121404
    outer loop
      vertex 86.9564 12.116 37.45
      vertex 86.8978 12.4485 34.7
      vertex 86.7356 12.4051 34.7
    endloop
  endfacet
  facet normal -0.0864996 0.988827 0.121401
    outer loop
      vertex 86.9564 12.116 37.45
      vertex 87.065 12.1255 37.45
      vertex 86.8978 12.4485 34.7
    endloop
  endfacet
  facet normal -0.0869328 0.988787 0.121423
    outer loop
      vertex 87.065 12.1255 37.45
      vertex 87.065 12.4632 34.7
      vertex 86.8978 12.4485 34.7
    endloop
  endfacet
  facet normal 0.0864994 0.988824 0.121428
    outer loop
      vertex 87.1736 12.116 37.45
      vertex 87.065 12.4632 34.7
      vertex 87.065 12.1255 37.45
    endloop
  endfacet
  facet normal 0.0868814 0.988793 0.121409
    outer loop
      vertex 87.1736 12.116 37.45
      vertex 87.2323 12.4485 34.7
      vertex 87.065 12.4632 34.7
    endloop
  endfacet
  facet normal 0.256777 0.958815 0.12141
    outer loop
      vertex 87.2789 12.0878 37.45
      vertex 87.2323 12.4485 34.7
      vertex 87.1736 12.116 37.45
    endloop
  endfacet
  facet normal 0.256714 0.958831 0.121414
    outer loop
      vertex 87.2789 12.0878 37.45
      vertex 87.3944 12.4051 34.7
      vertex 87.2323 12.4485 34.7
    endloop
  endfacet
  facet normal 0.419358 0.899665 0.121418
    outer loop
      vertex 87.3778 12.0417 37.45
      vertex 87.3944 12.4051 34.7
      vertex 87.2789 12.0878 37.45
    endloop
  endfacet
  facet normal 0.419628 0.899541 0.121403
    outer loop
      vertex 87.5466 12.3341 34.7
      vertex 87.3944 12.4051 34.7
      vertex 87.3778 12.0417 37.45
    endloop
  endfacet
  facet normal 0.569159 0.813215 0.121403
    outer loop
      vertex 87.4671 11.9792 37.45
      vertex 87.5466 12.3341 34.7
      vertex 87.3778 12.0417 37.45
    endloop
  endfacet
  facet normal 0.56942 0.813035 0.121387
    outer loop
      vertex 87.6841 12.2378 34.7
      vertex 87.5466 12.3341 34.7
      vertex 87.4671 11.9792 37.45
    endloop
  endfacet
  facet normal 0.701878 0.701878 0.121387
    outer loop
      vertex 87.5442 11.9021 37.45
      vertex 87.6841 12.2378 34.7
      vertex 87.4671 11.9792 37.45
    endloop
  endfacet
  facet normal 0.701878 0.701878 0.121387
    outer loop
      vertex 87.8028 12.1191 34.7
      vertex 87.6841 12.2378 34.7
      vertex 87.5442 11.9021 37.45
    endloop
  endfacet
  facet normal 0.813217 0.569161 0.121384
    outer loop
      vertex 87.6067 11.8128 37.45
      vertex 87.8028 12.1191 34.7
      vertex 87.5442 11.9021 37.45
    endloop
  endfacet
  facet normal 0.813034 0.569419 0.1214
    outer loop
      vertex 87.8991 11.9816 34.7
      vertex 87.8028 12.1191 34.7
      vertex 87.6067 11.8128 37.45
    endloop
  endfacet
  facet normal 0.899667 0.419359 0.1214
    outer loop
      vertex 87.6528 11.7139 37.45
      vertex 87.8991 11.9816 34.7
      vertex 87.6067 11.8128 37.45
    endloop
  endfacet
  facet normal 0.899539 0.419627 0.121415
    outer loop
      vertex 87.9701 11.8294 34.7
      vertex 87.8991 11.9816 34.7
      vertex 87.6528 11.7139 37.45
    endloop
  endfacet
  facet normal 0.958814 0.256776 0.121414
    outer loop
      vertex 87.681 11.6086 37.45
      vertex 87.9701 11.8294 34.7
      vertex 87.6528 11.7139 37.45
    endloop
  endfacet
  facet normal 0.958831 0.256714 0.121411
    outer loop
      vertex 88.0135 11.6673 34.7
      vertex 87.9701 11.8294 34.7
      vertex 87.681 11.6086 37.45
    endloop
  endfacet
  facet normal 0.988827 0.0864996 0.121405
    outer loop
      vertex 87.6905 11.5 37.45
      vertex 88.0135 11.6673 34.7
      vertex 87.681 11.6086 37.45
    endloop
  endfacet
  facet normal 0.988791 0.0868812 0.121424
    outer loop
      vertex 88.0282 11.5 34.7
      vertex 88.0135 11.6673 34.7
      vertex 87.6905 11.5 37.45
    endloop
  endfacet
  facet normal 0.988824 -0.0864994 0.121428
    outer loop
      vertex 88.0282 11.5 34.7
      vertex 87.6905 11.5 37.45
      vertex 87.681 11.3914 37.45
    endloop
  endfacet
  facet normal 0.988793 -0.0868814 0.121409
    outer loop
      vertex 88.0135 11.3327 34.7
      vertex 88.0282 11.5 34.7
      vertex 87.681 11.3914 37.45
    endloop
  endfacet
  facet normal 0.958815 -0.256777 0.12141
    outer loop
      vertex 88.0135 11.3327 34.7
      vertex 87.681 11.3914 37.45
      vertex 87.6528 11.2861 37.45
    endloop
  endfacet
  facet normal 0.958831 -0.256714 0.121414
    outer loop
      vertex 87.9701 11.1706 34.7
      vertex 88.0135 11.3327 34.7
      vertex 87.6528 11.2861 37.45
    endloop
  endfacet
  facet normal 0.899665 -0.419358 0.121418
    outer loop
      vertex 87.9701 11.1706 34.7
      vertex 87.6528 11.2861 37.45
      vertex 87.6067 11.1872 37.45
    endloop
  endfacet
  facet normal 0.899541 -0.419628 0.121403
    outer loop
      vertex 87.8991 11.0184 34.7
      vertex 87.9701 11.1706 34.7
      vertex 87.6067 11.1872 37.45
    endloop
  endfacet
  facet normal 0.813215 -0.569159 0.121403
    outer loop
      vertex 87.8991 11.0184 34.7
      vertex 87.6067 11.1872 37.45
      vertex 87.5442 11.0979 37.45
    endloop
  endfacet
  facet normal 0.813035 -0.56942 0.121387
    outer loop
      vertex 87.8028 10.8809 34.7
      vertex 87.8991 11.0184 34.7
      vertex 87.5442 11.0979 37.45
    endloop
  endfacet
  facet normal 0.701878 -0.701878 0.121387
    outer loop
      vertex 87.8028 10.8809 34.7
      vertex 87.5442 11.0979 37.45
      vertex 87.4671 11.0208 37.45
    endloop
  endfacet
  facet normal 0.701878 -0.701878 0.121387
    outer loop
      vertex 87.6841 10.7622 34.7
      vertex 87.8028 10.8809 34.7
      vertex 87.4671 11.0208 37.45
    endloop
  endfacet
  facet normal 0.569161 -0.813217 0.121384
    outer loop
      vertex 87.6841 10.7622 34.7
      vertex 87.4671 11.0208 37.45
      vertex 87.3778 10.9583 37.45
    endloop
  endfacet
  facet normal 0.569419 -0.813034 0.1214
    outer loop
      vertex 87.5466 10.6659 34.7
      vertex 87.6841 10.7622 34.7
      vertex 87.3778 10.9583 37.45
    endloop
  endfacet
  facet normal 0.419359 -0.899667 0.1214
    outer loop
      vertex 87.5466 10.6659 34.7
      vertex 87.3778 10.9583 37.45
      vertex 87.2789 10.9122 37.45
    endloop
  endfacet
  facet normal 0.419627 -0.899539 0.121415
    outer loop
      vertex 87.3944 10.5949 34.7
      vertex 87.5466 10.6659 34.7
      vertex 87.2789 10.9122 37.45
    endloop
  endfacet
  facet normal 0.256776 -0.958814 0.121414
    outer loop
      vertex 87.3944 10.5949 34.7
      vertex 87.2789 10.9122 37.45
      vertex 87.1736 10.884 37.45
    endloop
  endfacet
  facet normal 0.256714 -0.958831 0.121411
    outer loop
      vertex 87.2323 10.5515 34.7
      vertex 87.3944 10.5949 34.7
      vertex 87.1736 10.884 37.45
    endloop
  endfacet
  facet normal 0.0864996 -0.988827 0.121405
    outer loop
      vertex 87.2323 10.5515 34.7
      vertex 87.1736 10.884 37.45
      vertex 87.065 10.8745 37.45
    endloop
  endfacet
  facet normal 0.0868812 -0.988791 0.121424
    outer loop
      vertex 87.2323 10.5515 34.7
      vertex 87.065 10.8745 37.45
      vertex 87.065 10.5368 34.7
    endloop
  endfacet
  facet normal -0.0864994 -0.988824 0.121428
    outer loop
      vertex 87.065 10.5368 34.7
      vertex 87.065 10.8745 37.45
      vertex 86.9564 10.884 37.45
    endloop
  endfacet
  facet normal -0.086933 -0.988789 0.121406
    outer loop
      vertex 87.065 10.5368 34.7
      vertex 86.9564 10.884 37.45
      vertex 86.8978 10.5515 34.7
    endloop
  endfacet
  facet normal -0.256777 -0.958816 0.121401
    outer loop
      vertex 86.8978 10.5515 34.7
      vertex 86.9564 10.884 37.45
      vertex 86.8511 10.9122 37.45
    endloop
  endfacet
  facet normal -0.256566 -0.958871 0.121412
    outer loop
      vertex 86.8978 10.5515 34.7
      vertex 86.8511 10.9122 37.45
      vertex 86.7356 10.5949 34.7
    endloop
  endfacet
  facet normal -0.419707 -0.899502 0.121414
    outer loop
      vertex 86.8511 10.9122 37.45
      vertex 86.7523 10.9583 37.45
      vertex 86.7356 10.5949 34.7
    endloop
  endfacet
  facet normal -0.419627 -0.899539 0.121418
    outer loop
      vertex 86.7356 10.5949 34.7
      vertex 86.7523 10.9583 37.45
      vertex 86.5834 10.6659 34.7
    endloop
  endfacet
  facet normal -0.56873 -0.813512 0.121429
    outer loop
      vertex 86.7523 10.9583 37.45
      vertex 86.6629 11.0208 37.45
      vertex 86.5834 10.6659 34.7
    endloop
  endfacet
  facet normal -0.56942 -0.813035 0.121387
    outer loop
      vertex 86.5834 10.6659 34.7
      vertex 86.6629 11.0208 37.45
      vertex 86.4459 10.7622 34.7
    endloop
  endfacet
  facet normal -0.701878 -0.701878 0.121387
    outer loop
      vertex 86.6629 11.0208 37.45
      vertex 86.5858 11.0979 37.45
      vertex 86.4459 10.7622 34.7
    endloop
  endfacet
  facet normal -0.701878 -0.701878 0.121387
    outer loop
      vertex 86.4459 10.7622 34.7
      vertex 86.5858 11.0979 37.45
      vertex 86.3272 10.8809 34.7
    endloop
  endfacet
  facet normal -0.813217 -0.569161 0.121384
    outer loop
      vertex 86.5858 11.0979 37.45
      vertex 86.5233 11.1872 37.45
      vertex 86.3272 10.8809 34.7
    endloop
  endfacet
  facet normal -0.813034 -0.569419 0.1214
    outer loop
      vertex 86.3272 10.8809 34.7
      vertex 86.5233 11.1872 37.45
      vertex 86.2309 11.0184 34.7
    endloop
  endfacet
  facet normal -0.899667 -0.419359 0.1214
    outer loop
      vertex 86.5233 11.1872 37.45
      vertex 86.4772 11.2861 37.45
      vertex 86.2309 11.0184 34.7
    endloop
  endfacet
  facet normal -0.899539 -0.419627 0.121415
    outer loop
      vertex 86.2309 11.0184 34.7
      vertex 86.4772 11.2861 37.45
      vertex 86.1599 11.1706 34.7
    endloop
  endfacet
  facet normal -0.958814 -0.256776 0.121414
    outer loop
      vertex 86.4772 11.2861 37.45
      vertex 86.449 11.3914 37.45
      vertex 86.1599 11.1706 34.7
    endloop
  endfacet
  facet normal -0.958831 -0.256714 0.121411
    outer loop
      vertex 86.1599 11.1706 34.7
      vertex 86.449 11.3914 37.45
      vertex 86.1165 11.3327 34.7
    endloop
  endfacet
  facet normal -0.988827 -0.0864996 0.121405
    outer loop
      vertex 86.449 11.3914 37.45
      vertex 86.4395 11.5 37.45
      vertex 86.1165 11.3327 34.7
    endloop
  endfacet
  facet normal -0.988791 -0.0868812 0.121424
    outer loop
      vertex 86.1165 11.3327 34.7
      vertex 86.4395 11.5 37.45
      vertex 86.1018 11.5 34.7
    endloop
  endfacet
  facet normal -0.988824 0.0864994 0.121428
    outer loop
      vertex 86.4395 11.5 37.45
      vertex 86.449 11.6086 37.45
      vertex 86.1018 11.5 34.7
    endloop
  endfacet
  facet normal 0 0 1
    outer loop
      vertex 87.681 11.6086 37.45
      vertex 87.681 11.3914 37.45
      vertex 87.6905 11.5 37.45
    endloop
  endfacet
  facet normal 0 0 1
    outer loop
      vertex 87.6528 11.7139 37.45
      vertex 87.681 11.3914 37.45
      vertex 87.681 11.6086 37.45
    endloop
  endfacet
  facet normal 0 0 1
    outer loop
      vertex 87.6528 11.7139 37.45
      vertex 87.6528 11.2861 37.45
      vertex 87.681 11.3914 37.45
    endloop
  endfacet
  facet normal 0 0 1
    outer loop
      vertex 87.6067 11.8128 37.45
      vertex 87.6528 11.2861 37.45
      vertex 87.6528 11.7139 37.45
    endloop
  endfacet
  facet normal 0 0 1
    outer loop
      vertex 87.6067 11.8128 37.45
      vertex 87.6067 11.1872 37.45
      vertex 87.6528 11.2861 37.45
    endloop
  endfacet
  facet normal 0 0 1
    outer loop
      vertex 87.5442 11.9021 37.45
      vertex 87.6067 11.1872 37.45
      vertex 87.6067 11.8128 37.45
    endloop
  endfacet
  facet normal 0 0 1
    outer loop
      vertex 87.5442 11.9021 37.45
      vertex 87.5442 11.0979 37.45
      vertex 87.6067 11.1872 37.45
    endloop
  endfacet
  facet normal 0 0 1
    outer loop
      vertex 87.4671 11.9792 37.45
      vertex 87.5442 11.0979 37.45
      vertex 87.5442 11.9021 37.45
    endloop
  endfacet
  facet normal 0 0 1
    outer loop
      vertex 87.4671 11.9792 37.45
      vertex 87.4671 11.0208 37.45
      vertex 87.5442 11.0979 37.45
    endloop
  endfacet
  facet normal 0 0 1
    outer loop
      vertex 87.3778 12.0417 37.45
      vertex 87.4671 11.0208 37.45
      vertex 87.4671 11.9792 37.45
    endloop
  endfacet
  facet normal 0 0 1
    outer loop
      vertex 87.3778 12.0417 37.45
      vertex 87.3778 10.9583 37.45
      vertex 87.4671 11.0208 37.45
    endloop
  endfacet
  facet normal 0 0 1
    outer loop
      vertex 87.2789 12.0878 37.45
      vertex 87.3778 10.9583 37.45
      vertex 87.3778 12.0417 37.45
    endloop
  endfacet
  facet normal 0 0 1
    outer loop
      vertex 87.2789 12.0878 37.45
      vertex 87.2789 10.9122 37.45
      vertex 87.3778 10.9583 37.45
    endloop
  endfacet
  facet normal 0 0 1
    outer loop
      vertex 87.1736 12.116 37.45
      vertex 87.2789 10.9122 37.45
      vertex 87.2789 12.0878 37.45
    endloop
  endfacet
  facet normal 0 0 1
    outer loop
      vertex 87.1736 12.116 37.45
      vertex 87.1736 10.884 37.45
      vertex 87.2789 10.9122 37.45
    endloop
  endfacet
  facet normal 0 0 1
    outer loop
      vertex 87.065 12.1255 37.45
      vertex 87.1736 10.884 37.45
      vertex 87.1736 12.116 37.45
    endloop
  endfacet
  facet normal 0 0 1
    outer loop
      vertex 87.065 12.1255 37.45
      vertex 87.065 10.8745 37.45
      vertex 87.1736 10.884 37.45
    endloop
  endfacet
  facet normal -0 0 1
    outer loop
      vertex 86.9564 12.116 37.45
      vertex 87.065 10.8745 37.45
      vertex 87.065 12.1255 37.45
    endloop
  endfacet
  facet normal 0 0 1
    outer loop
      vertex 86.9564 12.116 37.45
      vertex 86.9564 10.884 37.45
      vertex 87.065 10.8745 37.45
    endloop
  endfacet
  facet normal -0 0 1
    outer loop
      vertex 86.8511 12.0878 37.45
      vertex 86.9564 10.884 37.45
      vertex 86.9564 12.116 37.45
    endloop
  endfacet
  facet normal 0 0 1
    outer loop
      vertex 86.8511 12.0878 37.45
      vertex 86.8511 10.9122 37.45
      vertex 86.9564 10.884 37.45
    endloop
  endfacet
  facet normal -0 0 1
    outer loop
      vertex 86.7523 12.0417 37.45
      vertex 86.8511 10.9122 37.45
      vertex 86.8511 12.0878 37.45
    endloop
  endfacet
  facet normal 0 0 1
    outer loop
      vertex 86.7523 12.0417 37.45
      vertex 86.7523 10.9583 37.45
      vertex 86.8511 10.9122 37.45
    endloop
  endfacet
  facet normal -0 0 1
    outer loop
      vertex 86.6629 11.9792 37.45
      vertex 86.7523 10.9583 37.45
      vertex 86.7523 12.0417 37.45
    endloop
  endfacet
  facet normal 0 0 1
    outer loop
      vertex 86.6629 11.9792 37.45
      vertex 86.6629 11.0208 37.45
      vertex 86.7523 10.9583 37.45
    endloop
  endfacet
  facet normal -0 0 1
    outer loop
      vertex 86.5858 11.9021 37.45
      vertex 86.6629 11.0208 37.45
      vertex 86.6629 11.9792 37.45
    endloop
  endfacet
  facet normal 0 0 1
    outer loop
      vertex 86.5858 11.9021 37.45
      vertex 86.5858 11.0979 37.45
      vertex 86.6629 11.0208 37.45
    endloop
  endfacet
  facet normal -0 0 1
    outer loop
      vertex 86.5233 11.8128 37.45
      vertex 86.5858 11.0979 37.45
      vertex 86.5858 11.9021 37.45
    endloop
  endfacet
  facet normal 0 0 1
    outer loop
      vertex 86.5233 11.8128 37.45
      vertex 86.5233 11.1872 37.45
      vertex 86.5858 11.0979 37.45
    endloop
  endfacet
  facet normal -0 0 1
    outer loop
      vertex 86.4772 11.7139 37.45
      vertex 86.5233 11.1872 37.45
      vertex 86.5233 11.8128 37.45
    endloop
  endfacet
  facet normal 0 0 1
    outer loop
      vertex 86.4772 11.7139 37.45
      vertex 86.4772 11.2861 37.45
      vertex 86.5233 11.1872 37.45
    endloop
  endfacet
  facet normal -0 0 1
    outer loop
      vertex 86.449 11.6086 37.45
      vertex 86.4772 11.2861 37.45
      vertex 86.4772 11.7139 37.45
    endloop
  endfacet
  facet normal 0 0 1
    outer loop
      vertex 86.449 11.6086 37.45
      vertex 86.449 11.3914 37.45
      vertex 86.4772 11.2861 37.45
    endloop
  endfacet
  facet normal 0 -0 1
    outer loop
      vertex 86.449 11.3914 37.45
      vertex 86.449 11.6086 37.45
      vertex 86.4395 11.5 37.45
    endloop
  endfacet
  facet normal -0.988793 0.0868814 0.121409
    outer loop
      vertex 86.449 23.0086 37.45
      vertex 86.1165 23.0673 34.7
      vertex 86.1018 22.9 34.7
    endloop
  endfacet
  facet normal -0.958815 0.256777 0.12141
    outer loop
      vertex 86.449 23.0086 37.45
      vertex 86.4772 23.1139 37.45
      vertex 86.1165 23.0673 34.7
    endloop
  endfacet
  facet normal -0.958831 0.256714 0.121414
    outer loop
      vertex 86.4772 23.1139 37.45
      vertex 86.1599 23.2294 34.7
      vertex 86.1165 23.0673 34.7
    endloop
  endfacet
  facet normal -0.899665 0.419358 0.121418
    outer loop
      vertex 86.4772 23.1139 37.45
      vertex 86.5233 23.2128 37.45
      vertex 86.1599 23.2294 34.7
    endloop
  endfacet
  facet normal -0.899541 0.419628 0.121403
    outer loop
      vertex 86.5233 23.2128 37.45
      vertex 86.2309 23.3816 34.7
      vertex 86.1599 23.2294 34.7
    endloop
  endfacet
  facet normal -0.813215 0.569159 0.121403
    outer loop
      vertex 86.5233 23.2128 37.45
      vertex 86.5858 23.3021 37.45
      vertex 86.2309 23.3816 34.7
    endloop
  endfacet
  facet normal -0.813035 0.56942 0.121387
    outer loop
      vertex 86.5858 23.3021 37.45
      vertex 86.3272 23.5191 34.7
      vertex 86.2309 23.3816 34.7
    endloop
  endfacet
  facet normal -0.701878 0.701878 0.121387
    outer loop
      vertex 86.5858 23.3021 37.45
      vertex 86.6629 23.3792 37.45
      vertex 86.3272 23.5191 34.7
    endloop
  endfacet
  facet normal -0.701878 0.701878 0.121387
    outer loop
      vertex 86.6629 23.3792 37.45
      vertex 86.4459 23.6378 34.7
      vertex 86.3272 23.5191 34.7
    endloop
  endfacet
  facet normal -0.568734 0.813517 0.121378
    outer loop
      vertex 86.6629 23.3792 37.45
      vertex 86.7523 23.4417 37.45
      vertex 86.4459 23.6378 34.7
    endloop
  endfacet
  facet normal -0.569418 0.813032 0.12142
    outer loop
      vertex 86.7523 23.4417 37.45
      vertex 86.5834 23.7341 34.7
      vertex 86.4459 23.6378 34.7
    endloop
  endfacet
  facet normal -0.419707 0.899502 0.121419
    outer loop
      vertex 86.7523 23.4417 37.45
      vertex 86.8511 23.4878 37.45
      vertex 86.5834 23.7341 34.7
    endloop
  endfacet
  facet normal -0.419627 0.899539 0.121415
    outer loop
      vertex 86.8511 23.4878 37.45
      vertex 86.7356 23.8051 34.7
      vertex 86.5834 23.7341 34.7
    endloop
  endfacet
  facet normal -0.256776 0.958814 0.121414
    outer loop
      vertex 86.8511 23.4878 37.45
      vertex 86.9564 23.516 37.45
      vertex 86.7356 23.8051 34.7
    endloop
  endfacet
  facet normal -0.256566 0.958872 0.121404
    outer loop
      vertex 86.9564 23.516 37.45
      vertex 86.8978 23.8485 34.7
      vertex 86.7356 23.8051 34.7
    endloop
  endfacet
  facet normal -0.0864996 0.988827 0.121401
    outer loop
      vertex 86.9564 23.516 37.45
      vertex 87.065 23.5255 37.45
      vertex 86.8978 23.8485 34.7
    endloop
  endfacet
  facet normal -0.0869328 0.988787 0.121423
    outer loop
      vertex 87.065 23.5255 37.45
      vertex 87.065 23.8632 34.7
      vertex 86.8978 23.8485 34.7
    endloop
  endfacet
  facet normal 0.0864994 0.988824 0.121428
    outer loop
      vertex 87.1736 23.516 37.45
      vertex 87.065 23.8632 34.7
      vertex 87.065 23.5255 37.45
    endloop
  endfacet
  facet normal 0.0868814 0.988793 0.121409
    outer loop
      vertex 87.1736 23.516 37.45
      vertex 87.2323 23.8485 34.7
      vertex 87.065 23.8632 34.7
    endloop
  endfacet
  facet normal 0.256777 0.958815 0.12141
    outer loop
      vertex 87.2789 23.4878 37.45
      vertex 87.2323 23.8485 34.7
      vertex 87.1736 23.516 37.45
    endloop
  endfacet
  facet normal 0.256714 0.958831 0.121414
    outer loop
      vertex 87.2789 23.4878 37.45
      vertex 87.3944 23.8051 34.7
      vertex 87.2323 23.8485 34.7
    endloop
  endfacet
  facet normal 0.419358 0.899665 0.121418
    outer loop
      vertex 87.3778 23.4417 37.45
      vertex 87.3944 23.8051 34.7
      vertex 87.2789 23.4878 37.45
    endloop
  endfacet
  facet normal 0.419628 0.899541 0.121403
    outer loop
      vertex 87.5466 23.7341 34.7
      vertex 87.3944 23.8051 34.7
      vertex 87.3778 23.4417 37.45
    endloop
  endfacet
  facet normal 0.569159 0.813215 0.121403
    outer loop
      vertex 87.4671 23.3792 37.45
      vertex 87.5466 23.7341 34.7
      vertex 87.3778 23.4417 37.45
    endloop
  endfacet
  facet normal 0.56942 0.813035 0.121387
    outer loop
      vertex 87.6841 23.6378 34.7
      vertex 87.5466 23.7341 34.7
      vertex 87.4671 23.3792 37.45
    endloop
  endfacet
  facet normal 0.701878 0.701878 0.121387
    outer loop
      vertex 87.5442 23.3021 37.45
      vertex 87.6841 23.6378 34.7
      vertex 87.4671 23.3792 37.45
    endloop
  endfacet
  facet normal 0.701878 0.701878 0.121387
    outer loop
      vertex 87.8028 23.5191 34.7
      vertex 87.6841 23.6378 34.7
      vertex 87.5442 23.3021 37.45
    endloop
  endfacet
  facet normal 0.813217 0.569161 0.121384
    outer loop
      vertex 87.6067 23.2128 37.45
      vertex 87.8028 23.5191 34.7
      vertex 87.5442 23.3021 37.45
    endloop
  endfacet
  facet normal 0.813034 0.569419 0.1214
    outer loop
      vertex 87.8991 23.3816 34.7
      vertex 87.8028 23.5191 34.7
      vertex 87.6067 23.2128 37.45
    endloop
  endfacet
  facet normal 0.899667 0.419359 0.1214
    outer loop
      vertex 87.6528 23.1139 37.45
      vertex 87.8991 23.3816 34.7
      vertex 87.6067 23.2128 37.45
    endloop
  endfacet
  facet normal 0.899539 0.419627 0.121415
    outer loop
      vertex 87.9701 23.2294 34.7
      vertex 87.8991 23.3816 34.7
      vertex 87.6528 23.1139 37.45
    endloop
  endfacet
  facet normal 0.958814 0.256776 0.121414
    outer loop
      vertex 87.681 23.0086 37.45
      vertex 87.9701 23.2294 34.7
      vertex 87.6528 23.1139 37.45
    endloop
  endfacet
  facet normal 0.958831 0.256714 0.121411
    outer loop
      vertex 88.0135 23.0673 34.7
      vertex 87.9701 23.2294 34.7
      vertex 87.681 23.0086 37.45
    endloop
  endfacet
  facet normal 0.988827 0.0864996 0.121405
    outer loop
      vertex 87.6905 22.9 37.45
      vertex 88.0135 23.0673 34.7
      vertex 87.681 23.0086 37.45
    endloop
  endfacet
  facet normal 0.988791 0.0868812 0.121424
    outer loop
      vertex 88.0282 22.9 34.7
      vertex 88.0135 23.0673 34.7
      vertex 87.6905 22.9 37.45
    endloop
  endfacet
  facet normal 0.988824 -0.0864994 0.121428
    outer loop
      vertex 88.0282 22.9 34.7
      vertex 87.6905 22.9 37.45
      vertex 87.681 22.7914 37.45
    endloop
  endfacet
  facet normal 0.988793 -0.0868814 0.121409
    outer loop
      vertex 88.0135 22.7327 34.7
      vertex 88.0282 22.9 34.7
      vertex 87.681 22.7914 37.45
    endloop
  endfacet
  facet normal 0.958815 -0.256777 0.12141
    outer loop
      vertex 88.0135 22.7327 34.7
      vertex 87.681 22.7914 37.45
      vertex 87.6528 22.6861 37.45
    endloop
  endfacet
  facet normal 0.958831 -0.256714 0.121414
    outer loop
      vertex 87.9701 22.5706 34.7
      vertex 88.0135 22.7327 34.7
      vertex 87.6528 22.6861 37.45
    endloop
  endfacet
  facet normal 0.899665 -0.419358 0.121418
    outer loop
      vertex 87.9701 22.5706 34.7
      vertex 87.6528 22.6861 37.45
      vertex 87.6067 22.5872 37.45
    endloop
  endfacet
  facet normal 0.899541 -0.419628 0.121403
    outer loop
      vertex 87.8991 22.4184 34.7
      vertex 87.9701 22.5706 34.7
      vertex 87.6067 22.5872 37.45
    endloop
  endfacet
  facet normal 0.813215 -0.569159 0.121403
    outer loop
      vertex 87.8991 22.4184 34.7
      vertex 87.6067 22.5872 37.45
      vertex 87.5442 22.4979 37.45
    endloop
  endfacet
  facet normal 0.813035 -0.56942 0.121387
    outer loop
      vertex 87.8028 22.2809 34.7
      vertex 87.8991 22.4184 34.7
      vertex 87.5442 22.4979 37.45
    endloop
  endfacet
  facet normal 0.701878 -0.701878 0.121387
    outer loop
      vertex 87.8028 22.2809 34.7
      vertex 87.5442 22.4979 37.45
      vertex 87.4671 22.4208 37.45
    endloop
  endfacet
  facet normal 0.701878 -0.701878 0.121387
    outer loop
      vertex 87.6841 22.1622 34.7
      vertex 87.8028 22.2809 34.7
      vertex 87.4671 22.4208 37.45
    endloop
  endfacet
  facet normal 0.569161 -0.813217 0.121384
    outer loop
      vertex 87.6841 22.1622 34.7
      vertex 87.4671 22.4208 37.45
      vertex 87.3778 22.3583 37.45
    endloop
  endfacet
  facet normal 0.569419 -0.813034 0.1214
    outer loop
      vertex 87.5466 22.0659 34.7
      vertex 87.6841 22.1622 34.7
      vertex 87.3778 22.3583 37.45
    endloop
  endfacet
  facet normal 0.419359 -0.899667 0.1214
    outer loop
      vertex 87.5466 22.0659 34.7
      vertex 87.3778 22.3583 37.45
      vertex 87.2789 22.3122 37.45
    endloop
  endfacet
  facet normal 0.419627 -0.899539 0.121415
    outer loop
      vertex 87.3944 21.9949 34.7
      vertex 87.5466 22.0659 34.7
      vertex 87.2789 22.3122 37.45
    endloop
  endfacet
  facet normal 0.256776 -0.958814 0.121414
    outer loop
      vertex 87.3944 21.9949 34.7
      vertex 87.2789 22.3122 37.45
      vertex 87.1736 22.284 37.45
    endloop
  endfacet
  facet normal 0.256714 -0.958831 0.121411
    outer loop
      vertex 87.2323 21.9515 34.7
      vertex 87.3944 21.9949 34.7
      vertex 87.1736 22.284 37.45
    endloop
  endfacet
  facet normal 0.0864996 -0.988827 0.121405
    outer loop
      vertex 87.2323 21.9515 34.7
      vertex 87.1736 22.284 37.45
      vertex 87.065 22.2745 37.45
    endloop
  endfacet
  facet normal 0.0868812 -0.988791 0.121424
    outer loop
      vertex 87.2323 21.9515 34.7
      vertex 87.065 22.2745 37.45
      vertex 87.065 21.9368 34.7
    endloop
  endfacet
  facet normal -0.0864994 -0.988824 0.121428
    outer loop
      vertex 87.065 21.9368 34.7
      vertex 87.065 22.2745 37.45
      vertex 86.9564 22.284 37.45
    endloop
  endfacet
  facet normal -0.086933 -0.988789 0.121406
    outer loop
      vertex 87.065 21.9368 34.7
      vertex 86.9564 22.284 37.45
      vertex 86.8978 21.9515 34.7
    endloop
  endfacet
  facet normal -0.256777 -0.958816 0.121401
    outer loop
      vertex 86.8978 21.9515 34.7
      vertex 86.9564 22.284 37.45
      vertex 86.8511 22.3122 37.45
    endloop
  endfacet
  facet normal -0.256566 -0.958871 0.121412
    outer loop
      vertex 86.8978 21.9515 34.7
      vertex 86.8511 22.3122 37.45
      vertex 86.7356 21.9949 34.7
    endloop
  endfacet
  facet normal -0.419707 -0.899502 0.121414
    outer loop
      vertex 86.8511 22.3122 37.45
      vertex 86.7523 22.3583 37.45
      vertex 86.7356 21.9949 34.7
    endloop
  endfacet
  facet normal -0.419627 -0.899539 0.121418
    outer loop
      vertex 86.7356 21.9949 34.7
      vertex 86.7523 22.3583 37.45
      vertex 86.5834 22.0659 34.7
    endloop
  endfacet
  facet normal -0.56873 -0.813512 0.121429
    outer loop
      vertex 86.7523 22.3583 37.45
      vertex 86.6629 22.4208 37.45
      vertex 86.5834 22.0659 34.7
    endloop
  endfacet
  facet normal -0.56942 -0.813035 0.121387
    outer loop
      vertex 86.5834 22.0659 34.7
      vertex 86.6629 22.4208 37.45
      vertex 86.4459 22.1622 34.7
    endloop
  endfacet
  facet normal -0.701878 -0.701878 0.121387
    outer loop
      vertex 86.6629 22.4208 37.45
      vertex 86.5858 22.4979 37.45
      vertex 86.4459 22.1622 34.7
    endloop
  endfacet
  facet normal -0.701878 -0.701878 0.121387
    outer loop
      vertex 86.4459 22.1622 34.7
      vertex 86.5858 22.4979 37.45
      vertex 86.3272 22.2809 34.7
    endloop
  endfacet
  facet normal -0.813217 -0.569161 0.121384
    outer loop
      vertex 86.5858 22.4979 37.45
      vertex 86.5233 22.5872 37.45
      vertex 86.3272 22.2809 34.7
    endloop
  endfacet
  facet normal -0.813034 -0.569419 0.1214
    outer loop
      vertex 86.3272 22.2809 34.7
      vertex 86.5233 22.5872 37.45
      vertex 86.2309 22.4184 34.7
    endloop
  endfacet
  facet normal -0.899667 -0.419359 0.1214
    outer loop
      vertex 86.5233 22.5872 37.45
      vertex 86.4772 22.6861 37.45
      vertex 86.2309 22.4184 34.7
    endloop
  endfacet
  facet normal -0.899539 -0.419627 0.121415
    outer loop
      vertex 86.2309 22.4184 34.7
      vertex 86.4772 22.6861 37.45
      vertex 86.1599 22.5706 34.7
    endloop
  endfacet
  facet normal -0.958814 -0.256776 0.121414
    outer loop
      vertex 86.4772 22.6861 37.45
      vertex 86.449 22.7914 37.45
      vertex 86.1599 22.5706 34.7
    endloop
  endfacet
  facet normal -0.958831 -0.256714 0.121411
    outer loop
      vertex 86.1599 22.5706 34.7
      vertex 86.449 22.7914 37.45
      vertex 86.1165 22.7327 34.7
    endloop
  endfacet
  facet normal -0.988827 -0.0864996 0.121405
    outer loop
      vertex 86.449 22.7914 37.45
      vertex 86.4395 22.9 37.45
      vertex 86.1165 22.7327 34.7
    endloop
  endfacet
  facet normal -0.988791 -0.0868812 0.121424
    outer loop
      vertex 86.1165 22.7327 34.7
      vertex 86.4395 22.9 37.45
      vertex 86.1018 22.9 34.7
    endloop
  endfacet
  facet normal -0.988824 0.0864994 0.121428
    outer loop
      vertex 86.4395 22.9 37.45
      vertex 86.449 23.0086 37.45
      vertex 86.1018 22.9 34.7
    endloop
  endfacet
  facet normal 0 0 1
    outer loop
      vertex 87.681 23.0086 37.45
      vertex 87.681 22.7914 37.45
      vertex 87.6905 22.9 37.45
    endloop
  endfacet
  facet normal 0 0 1
    outer loop
      vertex 87.6528 23.1139 37.45
      vertex 87.681 22.7914 37.45
      vertex 87.681 23.0086 37.45
    endloop
  endfacet
  facet normal 0 0 1
    outer loop
      vertex 87.6528 23.1139 37.45
      vertex 87.6528 22.6861 37.45
      vertex 87.681 22.7914 37.45
    endloop
  endfacet
  facet normal 0 0 1
    outer loop
      vertex 87.6067 23.2128 37.45
      vertex 87.6528 22.6861 37.45
      vertex 87.6528 23.1139 37.45
    endloop
  endfacet
  facet normal 0 0 1
    outer loop
      vertex 87.6067 23.2128 37.45
      vertex 87.6067 22.5872 37.45
      vertex 87.6528 22.6861 37.45
    endloop
  endfacet
  facet normal 0 0 1
    outer loop
      vertex 87.5442 23.3021 37.45
      vertex 87.6067 22.5872 37.45
      vertex 87.6067 23.2128 37.45
    endloop
  endfacet
  facet normal 0 0 1
    outer loop
      vertex 87.5442 23.3021 37.45
      vertex 87.5442 22.4979 37.45
      vertex 87.6067 22.5872 37.45
    endloop
  endfacet
  facet normal 0 0 1
    outer loop
      vertex 87.4671 23.3792 37.45
      vertex 87.5442 22.4979 37.45
      vertex 87.5442 23.3021 37.45
    endloop
  endfacet
  facet normal 0 0 1
    outer loop
      vertex 87.4671 23.3792 37.45
      vertex 87.4671 22.4208 37.45
      vertex 87.5442 22.4979 37.45
    endloop
  endfacet
  facet normal 0 0 1
    outer loop
      vertex 87.3778 23.4417 37.45
      vertex 87.4671 22.4208 37.45
      vertex 87.4671 23.3792 37.45
    endloop
  endfacet
  facet normal 0 0 1
    outer loop
      vertex 87.3778 23.4417 37.45
      vertex 87.3778 22.3583 37.45
      vertex 87.4671 22.4208 37.45
    endloop
  endfacet
  facet normal 0 0 1
    outer loop
      vertex 87.2789 23.4878 37.45
      vertex 87.3778 22.3583 37.45
      vertex 87.3778 23.4417 37.45
    endloop
  endfacet
  facet normal 0 0 1
    outer loop
      vertex 87.2789 23.4878 37.45
      vertex 87.2789 22.3122 37.45
      vertex 87.3778 22.3583 37.45
    endloop
  endfacet
  facet normal 0 0 1
    outer loop
      vertex 87.1736 23.516 37.45
      vertex 87.2789 22.3122 37.45
      vertex 87.2789 23.4878 37.45
    endloop
  endfacet
  facet normal 0 0 1
    outer loop
      vertex 87.1736 23.516 37.45
      vertex 87.1736 22.284 37.45
      vertex 87.2789 22.3122 37.45
    endloop
  endfacet
  facet normal 0 0 1
    outer loop
      vertex 87.065 23.5255 37.45
      vertex 87.1736 22.284 37.45
      vertex 87.1736 23.516 37.45
    endloop
  endfacet
  facet normal 0 0 1
    outer loop
      vertex 87.065 23.5255 37.45
      vertex 87.065 22.2745 37.45
      vertex 87.1736 22.284 37.45
    endloop
  endfacet
  facet normal -0 0 1
    outer loop
      vertex 86.9564 23.516 37.45
      vertex 87.065 22.2745 37.45
      vertex 87.065 23.5255 37.45
    endloop
  endfacet
  facet normal 0 0 1
    outer loop
      vertex 86.9564 23.516 37.45
      vertex 86.9564 22.284 37.45
      vertex 87.065 22.2745 37.45
    endloop
  endfacet
  facet normal -0 0 1
    outer loop
      vertex 86.8511 23.4878 37.45
      vertex 86.9564 22.284 37.45
      vertex 86.9564 23.516 37.45
    endloop
  endfacet
  facet normal 0 0 1
    outer loop
      vertex 86.8511 23.4878 37.45
      vertex 86.8511 22.3122 37.45
      vertex 86.9564 22.284 37.45
    endloop
  endfacet
  facet normal -0 0 1
    outer loop
      vertex 86.7523 23.4417 37.45
      vertex 86.8511 22.3122 37.45
      vertex 86.8511 23.4878 37.45
    endloop
  endfacet
  facet normal 0 0 1
    outer loop
      vertex 86.7523 23.4417 37.45
      vertex 86.7523 22.3583 37.45
      vertex 86.8511 22.3122 37.45
    endloop
  endfacet
  facet normal -0 0 1
    outer loop
      vertex 86.6629 23.3792 37.45
      vertex 86.7523 22.3583 37.45
      vertex 86.7523 23.4417 37.45
    endloop
  endfacet
  facet normal 0 0 1
    outer loop
      vertex 86.6629 23.3792 37.45
      vertex 86.6629 22.4208 37.45
      vertex 86.7523 22.3583 37.45
    endloop
  endfacet
  facet normal -0 0 1
    outer loop
      vertex 86.5858 23.3021 37.45
      vertex 86.6629 22.4208 37.45
      vertex 86.6629 23.3792 37.45
    endloop
  endfacet
  facet normal 0 0 1
    outer loop
      vertex 86.5858 23.3021 37.45
      vertex 86.5858 22.4979 37.45
      vertex 86.6629 22.4208 37.45
    endloop
  endfacet
  facet normal -0 0 1
    outer loop
      vertex 86.5233 23.2128 37.45
      vertex 86.5858 22.4979 37.45
      vertex 86.5858 23.3021 37.45
    endloop
  endfacet
  facet normal 0 0 1
    outer loop
      vertex 86.5233 23.2128 37.45
      vertex 86.5233 22.5872 37.45
      vertex 86.5858 22.4979 37.45
    endloop
  endfacet
  facet normal -0 0 1
    outer loop
      vertex 86.4772 23.1139 37.45
      vertex 86.5233 22.5872 37.45
      vertex 86.5233 23.2128 37.45
    endloop
  endfacet
  facet normal 0 0 1
    outer loop
      vertex 86.4772 23.1139 37.45
      vertex 86.4772 22.6861 37.45
      vertex 86.5233 22.5872 37.45
    endloop
  endfacet
  facet normal -0 0 1
    outer loop
      vertex 86.449 23.0086 37.45
      vertex 86.4772 22.6861 37.45
      vertex 86.4772 23.1139 37.45
    endloop
  endfacet
  facet normal 0 0 1
    outer loop
      vertex 86.449 23.0086 37.45
      vertex 86.449 22.7914 37.45
      vertex 86.4772 22.6861 37.45
    endloop
  endfacet
  facet normal 0 -0 1
    outer loop
      vertex 86.449 22.7914 37.45
      vertex 86.449 23.0086 37.45
      vertex 86.4395 22.9 37.45
    endloop
  endfacet
  facet normal 1 0 0
    outer loop
      vertex 87.565 15.95 34.9
      vertex 87.565 13.3589 34.9
      vertex 87.565 15.95 34.5
    endloop
  endfacet
  facet normal 1 0 0
    outer loop
      vertex 87.565 18.55 34.5
      vertex 87.565 21.0411 34.9
      vertex 87.565 18.55 34.9
    endloop
  endfacet
  facet normal 1 0 0
    outer loop
      vertex 87.565 21.0411 34.9
      vertex 87.565 18.55 34.5
      vertex 87.565 21.0411 34.3
    endloop
  endfacet
  facet normal 1 -0 0
    outer loop
      vertex 87.565 15.95 34.5
      vertex 87.565 21.0411 34.3
      vertex 87.565 18.55 34.5
    endloop
  endfacet
  facet normal 1 0 0
    outer loop
      vertex 87.565 15.95 34.5
      vertex 87.565 13.3589 34.3
      vertex 87.565 21.0411 34.3
    endloop
  endfacet
  facet normal 1 0 0
    outer loop
      vertex 87.565 13.3589 34.3
      vertex 87.565 15.95 34.5
      vertex 87.565 13.3589 34.9
    endloop
  endfacet
  facet normal -1 0 0
    outer loop
      vertex 85.765 12.9197 34.3
      vertex 85.765 21.4803 36.3
      vertex 85.765 21.4803 34.3
    endloop
  endfacet
  facet normal -1 -0 0
    outer loop
      vertex 85.765 21.4803 36.3
      vertex 85.765 12.9197 34.3
      vertex 85.765 12.9197 36.3
    endloop
  endfacet
  facet normal 0.0869534 -0.996212 0
    outer loop
      vertex 89.865 15.95 34.5
      vertex 90.0907 15.9697 34.9
      vertex 89.865 15.95 34.9
    endloop
  endfacet
  facet normal 0.0869534 -0.996212 0
    outer loop
      vertex 90.0907 15.9697 34.9
      vertex 89.865 15.95 34.5
      vertex 90.0907 15.9697 34.5
    endloop
  endfacet
  facet normal 0.259008 -0.965875 0
    outer loop
      vertex 90.0907 15.9697 34.5
      vertex 90.3096 16.0284 34.9
      vertex 90.0907 15.9697 34.9
    endloop
  endfacet
  facet normal 0.259008 -0.965875 0
    outer loop
      vertex 90.3096 16.0284 34.9
      vertex 90.0907 15.9697 34.5
      vertex 90.3096 16.0284 34.5
    endloop
  endfacet
  facet normal 0.366675 -0.930349 0
    outer loop
      vertex 90.3743 16.0539 34.9
      vertex 90.3096 16.0284 34.9
      vertex 90.3096 16.0284 34.5
    endloop
  endfacet
  facet normal 0.422668 -0.906222 -0.0105949
    outer loop
      vertex 90.515 16.1242 34.5
      vertex 90.3743 16.0539 34.9
      vertex 90.3096 16.0284 34.5
    endloop
  endfacet
  facet normal 0.446959 -0.894554 0
    outer loop
      vertex 90.3743 16.0539 34.9
      vertex 90.515 16.1242 36.3
      vertex 90.3743 16.0539 36.3
    endloop
  endfacet
  facet normal 0.446959 -0.894554 0
    outer loop
      vertex 90.515 16.1242 36.3
      vertex 90.3743 16.0539 34.9
      vertex 90.515 16.1242 34.5
    endloop
  endfacet
  facet normal 0.364459 0.930534 -0.0357131
    outer loop
      vertex 90.3696 18.4481 34.9
      vertex 90.515 18.3758 34.5
      vertex 90.3096 18.4716 34.9
    endloop
  endfacet
  facet normal 0.422692 0.906273 0
    outer loop
      vertex 90.3096 18.4716 34.9
      vertex 90.515 18.3758 34.5
      vertex 90.3096 18.4716 34.5
    endloop
  endfacet
  facet normal 0.259008 0.965875 -0
    outer loop
      vertex 90.3096 18.4716 34.5
      vertex 90.0907 18.5303 34.9
      vertex 90.3096 18.4716 34.9
    endloop
  endfacet
  facet normal 0.259008 0.965875 0
    outer loop
      vertex 90.0907 18.5303 34.9
      vertex 90.3096 18.4716 34.5
      vertex 90.0907 18.5303 34.5
    endloop
  endfacet
  facet normal 0.0869534 0.996212 -0
    outer loop
      vertex 90.0907 18.5303 34.5
      vertex 89.865 18.55 34.9
      vertex 90.0907 18.5303 34.9
    endloop
  endfacet
  facet normal 0.0869534 0.996212 0
    outer loop
      vertex 89.865 18.55 34.9
      vertex 90.0907 18.5303 34.5
      vertex 89.865 18.55 34.5
    endloop
  endfacet
  facet normal 0.573403 -0.819273 0
    outer loop
      vertex 90.515 16.1242 34.5
      vertex 90.7006 16.2541 36.3
      vertex 90.515 16.1242 36.3
    endloop
  endfacet
  facet normal 0.573403 -0.819273 0
    outer loop
      vertex 90.7006 16.2541 36.3
      vertex 90.515 16.1242 34.5
      vertex 90.7006 16.2541 34.5
    endloop
  endfacet
  facet normal 0.707107 -0.707107 0
    outer loop
      vertex 90.7006 16.2541 34.5
      vertex 90.8609 16.4144 36.3
      vertex 90.7006 16.2541 36.3
    endloop
  endfacet
  facet normal 0.707107 -0.707107 0
    outer loop
      vertex 90.8609 16.4144 36.3
      vertex 90.7006 16.2541 34.5
      vertex 90.8609 16.4144 34.5
    endloop
  endfacet
  facet normal 0.819273 -0.573403 0
    outer loop
      vertex 90.8609 16.4144 36.3
      vertex 90.9908 16.6 34.5
      vertex 90.9908 16.6 36.3
    endloop
  endfacet
  facet normal 0.819273 -0.573403 0
    outer loop
      vertex 90.9908 16.6 34.5
      vertex 90.8609 16.4144 36.3
      vertex 90.8609 16.4144 34.5
    endloop
  endfacet
  facet normal 0.906273 -0.422692 0
    outer loop
      vertex 90.9908 16.6 36.3
      vertex 91.0866 16.8054 34.5
      vertex 91.0866 16.8054 36.3
    endloop
  endfacet
  facet normal 0.906273 -0.422692 0
    outer loop
      vertex 91.0866 16.8054 34.5
      vertex 90.9908 16.6 36.3
      vertex 90.9908 16.6 34.5
    endloop
  endfacet
  facet normal 0.965985 -0.258596 0
    outer loop
      vertex 91.0866 16.8054 36.3
      vertex 91.1452 17.0243 34.5
      vertex 91.1452 17.0243 36.3
    endloop
  endfacet
  facet normal 0.965985 -0.258596 0
    outer loop
      vertex 91.1452 17.0243 34.5
      vertex 91.0866 16.8054 36.3
      vertex 91.0866 16.8054 34.5
    endloop
  endfacet
  facet normal 0.996174 -0.0873914 0
    outer loop
      vertex 91.1452 17.0243 36.3
      vertex 91.165 17.25 34.5
      vertex 91.165 17.25 36.3
    endloop
  endfacet
  facet normal 0.996174 -0.0873914 0
    outer loop
      vertex 91.165 17.25 34.5
      vertex 91.1452 17.0243 36.3
      vertex 91.1452 17.0243 34.5
    endloop
  endfacet
  facet normal 0.996174 0.0873914 0
    outer loop
      vertex 91.165 17.25 36.3
      vertex 91.1452 17.4757 34.5
      vertex 91.1452 17.4757 36.3
    endloop
  endfacet
  facet normal 0.996174 0.0873914 0
    outer loop
      vertex 91.1452 17.4757 34.5
      vertex 91.165 17.25 36.3
      vertex 91.165 17.25 34.5
    endloop
  endfacet
  facet normal 0.965985 0.258596 0
    outer loop
      vertex 91.1452 17.4757 36.3
      vertex 91.0866 17.6946 34.5
      vertex 91.0866 17.6946 36.3
    endloop
  endfacet
  facet normal 0.965985 0.258596 0
    outer loop
      vertex 91.0866 17.6946 34.5
      vertex 91.1452 17.4757 36.3
      vertex 91.1452 17.4757 34.5
    endloop
  endfacet
  facet normal 0.906273 0.422692 0
    outer loop
      vertex 91.0866 17.6946 36.3
      vertex 90.9908 17.9 34.5
      vertex 90.9908 17.9 36.3
    endloop
  endfacet
  facet normal 0.906273 0.422692 0
    outer loop
      vertex 90.9908 17.9 34.5
      vertex 91.0866 17.6946 36.3
      vertex 91.0866 17.6946 34.5
    endloop
  endfacet
  facet normal 0.819273 0.573403 0
    outer loop
      vertex 90.9908 17.9 36.3
      vertex 90.8609 18.0856 34.5
      vertex 90.8609 18.0856 36.3
    endloop
  endfacet
  facet normal 0.819273 0.573403 0
    outer loop
      vertex 90.8609 18.0856 34.5
      vertex 90.9908 17.9 36.3
      vertex 90.9908 17.9 34.5
    endloop
  endfacet
  facet normal 0.707107 0.707107 0
    outer loop
      vertex 90.8609 18.0856 36.3
      vertex 90.7006 18.2459 34.5
      vertex 90.7006 18.2459 36.3
    endloop
  endfacet
  facet normal 0.707107 0.707107 0
    outer loop
      vertex 90.7006 18.2459 34.5
      vertex 90.8609 18.0856 36.3
      vertex 90.8609 18.0856 34.5
    endloop
  endfacet
  facet normal 0.573403 0.819273 -0
    outer loop
      vertex 90.7006 18.2459 34.5
      vertex 90.515 18.3758 36.3
      vertex 90.7006 18.2459 36.3
    endloop
  endfacet
  facet normal 0.573403 0.819273 0
    outer loop
      vertex 90.515 18.3758 36.3
      vertex 90.7006 18.2459 34.5
      vertex 90.515 18.3758 34.5
    endloop
  endfacet
  facet normal 0.445242 0.89541 0
    outer loop
      vertex 90.515 18.3758 36.3
      vertex 90.3696 18.4481 34.9
      vertex 90.3696 18.4481 36.3
    endloop
  endfacet
  facet normal 0.445242 0.89541 0
    outer loop
      vertex 90.3696 18.4481 34.9
      vertex 90.515 18.3758 36.3
      vertex 90.515 18.3758 34.5
    endloop
  endfacet
  facet normal 0 0 -1
    outer loop
      vertex 91.1452 17.0243 34.5
      vertex 91.1452 17.4757 34.5
      vertex 91.165 17.25 34.5
    endloop
  endfacet
  facet normal 0 0 -1
    outer loop
      vertex 91.0866 16.8054 34.5
      vertex 91.1452 17.4757 34.5
      vertex 91.1452 17.0243 34.5
    endloop
  endfacet
  facet normal 0 0 -1
    outer loop
      vertex 91.0866 16.8054 34.5
      vertex 91.0866 17.6946 34.5
      vertex 91.1452 17.4757 34.5
    endloop
  endfacet
  facet normal 0 0 -1
    outer loop
      vertex 90.9908 16.6 34.5
      vertex 91.0866 17.6946 34.5
      vertex 91.0866 16.8054 34.5
    endloop
  endfacet
  facet normal 0 0 -1
    outer loop
      vertex 90.9908 16.6 34.5
      vertex 90.9908 17.9 34.5
      vertex 91.0866 17.6946 34.5
    endloop
  endfacet
  facet normal 0 0 -1
    outer loop
      vertex 90.8609 16.4144 34.5
      vertex 90.9908 17.9 34.5
      vertex 90.9908 16.6 34.5
    endloop
  endfacet
  facet normal 0 0 -1
    outer loop
      vertex 90.8609 16.4144 34.5
      vertex 90.8609 18.0856 34.5
      vertex 90.9908 17.9 34.5
    endloop
  endfacet
  facet normal 0 0 -1
    outer loop
      vertex 90.7006 16.2541 34.5
      vertex 90.8609 18.0856 34.5
      vertex 90.8609 16.4144 34.5
    endloop
  endfacet
  facet normal 0 0 -1
    outer loop
      vertex 90.7006 16.2541 34.5
      vertex 90.7006 18.2459 34.5
      vertex 90.8609 18.0856 34.5
    endloop
  endfacet
  facet normal 0 0 -1
    outer loop
      vertex 90.515 16.1242 34.5
      vertex 90.7006 18.2459 34.5
      vertex 90.7006 16.2541 34.5
    endloop
  endfacet
  facet normal 0 0 -1
    outer loop
      vertex 90.515 16.1242 34.5
      vertex 90.515 18.3758 34.5
      vertex 90.7006 18.2459 34.5
    endloop
  endfacet
  facet normal 0 0 -1
    outer loop
      vertex 90.3096 16.0284 34.5
      vertex 90.515 18.3758 34.5
      vertex 90.515 16.1242 34.5
    endloop
  endfacet
  facet normal 0 0 -1
    outer loop
      vertex 90.3096 16.0284 34.5
      vertex 90.3096 18.4716 34.5
      vertex 90.515 18.3758 34.5
    endloop
  endfacet
  facet normal 0 0 -1
    outer loop
      vertex 90.0907 15.9697 34.5
      vertex 90.3096 18.4716 34.5
      vertex 90.3096 16.0284 34.5
    endloop
  endfacet
  facet normal 0 0 -1
    outer loop
      vertex 90.0907 15.9697 34.5
      vertex 90.0907 18.5303 34.5
      vertex 90.3096 18.4716 34.5
    endloop
  endfacet
  facet normal 0 0 -1
    outer loop
      vertex 89.865 15.95 34.5
      vertex 90.0907 18.5303 34.5
      vertex 90.0907 15.9697 34.5
    endloop
  endfacet
  facet normal 0 0 -1
    outer loop
      vertex 89.865 15.95 34.5
      vertex 89.865 18.55 34.5
      vertex 90.0907 18.5303 34.5
    endloop
  endfacet
  facet normal 0 0 -1
    outer loop
      vertex 87.565 15.95 34.5
      vertex 89.865 18.55 34.5
      vertex 89.865 15.95 34.5
    endloop
  endfacet
  facet normal -0 0 -1
    outer loop
      vertex 89.865 18.55 34.5
      vertex 87.565 15.95 34.5
      vertex 87.565 18.55 34.5
    endloop
  endfacet
  facet normal 0 0 1
    outer loop
      vertex 90.6036 17.3802 34.9
      vertex 90.6036 17.1198 34.9
      vertex 90.615 17.25 34.9
    endloop
  endfacet
  facet normal 0 0 1
    outer loop
      vertex 90.5698 17.5065 34.9
      vertex 90.6036 17.1198 34.9
      vertex 90.6036 17.3802 34.9
    endloop
  endfacet
  facet normal 0 0 1
    outer loop
      vertex 90.5698 17.5065 34.9
      vertex 90.5698 16.9935 34.9
      vertex 90.6036 17.1198 34.9
    endloop
  endfacet
  facet normal 0 0 1
    outer loop
      vertex 90.5145 17.625 34.9
      vertex 90.5698 16.9935 34.9
      vertex 90.5698 17.5065 34.9
    endloop
  endfacet
  facet normal 0 0 1
    outer loop
      vertex 90.5145 17.625 34.9
      vertex 90.5145 16.875 34.9
      vertex 90.5698 16.9935 34.9
    endloop
  endfacet
  facet normal 0 0 1
    outer loop
      vertex 90.4395 17.7321 34.9
      vertex 90.5145 16.875 34.9
      vertex 90.5145 17.625 34.9
    endloop
  endfacet
  facet normal 0 0 1
    outer loop
      vertex 90.4395 17.7321 34.9
      vertex 90.4395 16.7679 34.9
      vertex 90.5145 16.875 34.9
    endloop
  endfacet
  facet normal 0 0 1
    outer loop
      vertex 90.3471 17.8245 34.9
      vertex 90.4395 16.7679 34.9
      vertex 90.4395 17.7321 34.9
    endloop
  endfacet
  facet normal 0 0 1
    outer loop
      vertex 90.3471 17.8245 34.9
      vertex 90.3471 16.6755 34.9
      vertex 90.4395 16.7679 34.9
    endloop
  endfacet
  facet normal 0 0 1
    outer loop
      vertex 90.24 17.8995 34.9
      vertex 90.3471 16.6755 34.9
      vertex 90.3471 17.8245 34.9
    endloop
  endfacet
  facet normal 0 0 1
    outer loop
      vertex 90.24 17.8995 34.9
      vertex 90.24 16.6005 34.9
      vertex 90.3471 16.6755 34.9
    endloop
  endfacet
  facet normal 0 0 1
    outer loop
      vertex 90.1215 17.9548 34.9
      vertex 90.24 16.6005 34.9
      vertex 90.24 17.8995 34.9
    endloop
  endfacet
  facet normal 0 0 1
    outer loop
      vertex 90.1215 17.9548 34.9
      vertex 90.1215 16.5452 34.9
      vertex 90.24 16.6005 34.9
    endloop
  endfacet
  facet normal 0 0 1
    outer loop
      vertex 89.9952 17.9886 34.9
      vertex 90.1215 16.5452 34.9
      vertex 90.1215 17.9548 34.9
    endloop
  endfacet
  facet normal 0 0 1
    outer loop
      vertex 89.9952 17.9886 34.9
      vertex 89.9952 16.5114 34.9
      vertex 90.1215 16.5452 34.9
    endloop
  endfacet
  facet normal 0 0 1
    outer loop
      vertex 89.865 18 34.9
      vertex 89.9952 16.5114 34.9
      vertex 89.9952 17.9886 34.9
    endloop
  endfacet
  facet normal 0 0 1
    outer loop
      vertex 89.865 18 34.9
      vertex 89.865 16.5 34.9
      vertex 89.9952 16.5114 34.9
    endloop
  endfacet
  facet normal -0 0 1
    outer loop
      vertex 89.7348 17.9886 34.9
      vertex 89.865 16.5 34.9
      vertex 89.865 18 34.9
    endloop
  endfacet
  facet normal 0 0 1
    outer loop
      vertex 89.7348 17.9886 34.9
      vertex 89.7348 16.5114 34.9
      vertex 89.865 16.5 34.9
    endloop
  endfacet
  facet normal -0 0 1
    outer loop
      vertex 89.6085 17.9548 34.9
      vertex 89.7348 16.5114 34.9
      vertex 89.7348 17.9886 34.9
    endloop
  endfacet
  facet normal 0 0 1
    outer loop
      vertex 89.6085 17.9548 34.9
      vertex 89.6085 16.5452 34.9
      vertex 89.7348 16.5114 34.9
    endloop
  endfacet
  facet normal -0 0 1
    outer loop
      vertex 89.49 17.8995 34.9
      vertex 89.6085 16.5452 34.9
      vertex 89.6085 17.9548 34.9
    endloop
  endfacet
  facet normal 0 0 1
    outer loop
      vertex 89.49 17.8995 34.9
      vertex 89.49 16.6005 34.9
      vertex 89.6085 16.5452 34.9
    endloop
  endfacet
  facet normal -0 0 1
    outer loop
      vertex 89.3829 17.8245 34.9
      vertex 89.49 16.6005 34.9
      vertex 89.49 17.8995 34.9
    endloop
  endfacet
  facet normal 0 0 1
    outer loop
      vertex 89.3829 17.8245 34.9
      vertex 89.3829 16.6755 34.9
      vertex 89.49 16.6005 34.9
    endloop
  endfacet
  facet normal -0 0 1
    outer loop
      vertex 89.2905 17.7321 34.9
      vertex 89.3829 16.6755 34.9
      vertex 89.3829 17.8245 34.9
    endloop
  endfacet
  facet normal 0 0 1
    outer loop
      vertex 89.2905 17.7321 34.9
      vertex 89.2905 16.7679 34.9
      vertex 89.3829 16.6755 34.9
    endloop
  endfacet
  facet normal -0 0 1
    outer loop
      vertex 89.2155 17.625 34.9
      vertex 89.2905 16.7679 34.9
      vertex 89.2905 17.7321 34.9
    endloop
  endfacet
  facet normal 0 0 1
    outer loop
      vertex 89.2155 17.625 34.9
      vertex 89.2155 16.875 34.9
      vertex 89.2905 16.7679 34.9
    endloop
  endfacet
  facet normal -0 0 1
    outer loop
      vertex 89.1602 17.5065 34.9
      vertex 89.2155 16.875 34.9
      vertex 89.2155 17.625 34.9
    endloop
  endfacet
  facet normal 0 0 1
    outer loop
      vertex 89.1602 17.5065 34.9
      vertex 89.1602 16.9935 34.9
      vertex 89.2155 16.875 34.9
    endloop
  endfacet
  facet normal -0 0 1
    outer loop
      vertex 89.1264 17.3802 34.9
      vertex 89.1602 16.9935 34.9
      vertex 89.1602 17.5065 34.9
    endloop
  endfacet
  facet normal 0 0 1
    outer loop
      vertex 89.1264 17.3802 34.9
      vertex 89.1264 17.1198 34.9
      vertex 89.1602 16.9935 34.9
    endloop
  endfacet
  facet normal 0 -0 1
    outer loop
      vertex 89.1264 17.1198 34.9
      vertex 89.1264 17.3802 34.9
      vertex 89.115 17.25 34.9
    endloop
  endfacet
  facet normal 0.996189 0.0872239 0
    outer loop
      vertex 89.1264 17.1198 37.1
      vertex 89.115 17.25 34.9
      vertex 89.115 17.25 37.1
    endloop
  endfacet
  facet normal 0.996189 0.0872239 0
    outer loop
      vertex 89.115 17.25 34.9
      vertex 89.1264 17.1198 37.1
      vertex 89.1264 17.1198 34.9
    endloop
  endfacet
  facet normal 0.966006 0.258519 0
    outer loop
      vertex 89.1602 16.9935 37.1
      vertex 89.1264 17.1198 34.9
      vertex 89.1264 17.1198 37.1
    endloop
  endfacet
  facet normal 0.966006 0.258519 0
    outer loop
      vertex 89.1264 17.1198 34.9
      vertex 89.1602 16.9935 37.1
      vertex 89.1602 16.9935 34.9
    endloop
  endfacet
  facet normal 0.906183 0.422885 0
    outer loop
      vertex 89.2155 16.875 37.1
      vertex 89.1602 16.9935 34.9
      vertex 89.1602 16.9935 37.1
    endloop
  endfacet
  facet normal 0.906183 0.422885 0
    outer loop
      vertex 89.1602 16.9935 34.9
      vertex 89.2155 16.875 37.1
      vertex 89.2155 16.875 34.9
    endloop
  endfacet
  facet normal 0.819124 0.573616 0
    outer loop
      vertex 89.2905 16.7679 37.1
      vertex 89.2155 16.875 34.9
      vertex 89.2155 16.875 37.1
    endloop
  endfacet
  facet normal 0.819124 0.573616 0
    outer loop
      vertex 89.2155 16.875 34.9
      vertex 89.2905 16.7679 37.1
      vertex 89.2905 16.7679 34.9
    endloop
  endfacet
  facet normal 0.707107 0.707107 -0
    outer loop
      vertex 89.3829 16.6755 34.9
      vertex 89.2905 16.7679 37.1
      vertex 89.3829 16.6755 37.1
    endloop
  endfacet
  facet normal 0.707107 0.707107 0
    outer loop
      vertex 89.2905 16.7679 37.1
      vertex 89.3829 16.6755 34.9
      vertex 89.2905 16.7679 34.9
    endloop
  endfacet
  facet normal 0.573616 0.819124 -0
    outer loop
      vertex 89.49 16.6005 34.9
      vertex 89.3829 16.6755 37.1
      vertex 89.49 16.6005 37.1
    endloop
  endfacet
  facet normal 0.573616 0.819124 0
    outer loop
      vertex 89.3829 16.6755 37.1
      vertex 89.49 16.6005 34.9
      vertex 89.3829 16.6755 34.9
    endloop
  endfacet
  facet normal 0.422885 0.906183 -0
    outer loop
      vertex 89.6085 16.5452 34.9
      vertex 89.49 16.6005 37.1
      vertex 89.6085 16.5452 37.1
    endloop
  endfacet
  facet normal 0.422885 0.906183 0
    outer loop
      vertex 89.49 16.6005 37.1
      vertex 89.6085 16.5452 34.9
      vertex 89.49 16.6005 34.9
    endloop
  endfacet
  facet normal 0.258519 0.966006 -0
    outer loop
      vertex 89.7348 16.5114 34.9
      vertex 89.6085 16.5452 37.1
      vertex 89.7348 16.5114 37.1
    endloop
  endfacet
  facet normal 0.258519 0.966006 0
    outer loop
      vertex 89.6085 16.5452 37.1
      vertex 89.7348 16.5114 34.9
      vertex 89.6085 16.5452 34.9
    endloop
  endfacet
  facet normal 0.0872239 0.996189 -0
    outer loop
      vertex 89.865 16.5 34.9
      vertex 89.7348 16.5114 37.1
      vertex 89.865 16.5 37.1
    endloop
  endfacet
  facet normal 0.0872239 0.996189 0
    outer loop
      vertex 89.7348 16.5114 37.1
      vertex 89.865 16.5 34.9
      vertex 89.7348 16.5114 34.9
    endloop
  endfacet
  facet normal -0.0872239 0.996189 0
    outer loop
      vertex 89.9952 16.5114 34.9
      vertex 89.865 16.5 37.1
      vertex 89.9952 16.5114 37.1
    endloop
  endfacet
  facet normal -0.0872239 0.996189 0
    outer loop
      vertex 89.865 16.5 37.1
      vertex 89.9952 16.5114 34.9
      vertex 89.865 16.5 34.9
    endloop
  endfacet
  facet normal -0.258519 0.966006 0
    outer loop
      vertex 90.1215 16.5452 34.9
      vertex 89.9952 16.5114 37.1
      vertex 90.1215 16.5452 37.1
    endloop
  endfacet
  facet normal -0.258519 0.966006 0
    outer loop
      vertex 89.9952 16.5114 37.1
      vertex 90.1215 16.5452 34.9
      vertex 89.9952 16.5114 34.9
    endloop
  endfacet
  facet normal -0.422885 0.906183 0
    outer loop
      vertex 90.24 16.6005 34.9
      vertex 90.1215 16.5452 37.1
      vertex 90.24 16.6005 37.1
    endloop
  endfacet
  facet normal -0.422885 0.906183 0
    outer loop
      vertex 90.1215 16.5452 37.1
      vertex 90.24 16.6005 34.9
      vertex 90.1215 16.5452 34.9
    endloop
  endfacet
  facet normal -0.573616 0.819124 0
    outer loop
      vertex 90.3471 16.6755 34.9
      vertex 90.24 16.6005 37.1
      vertex 90.3471 16.6755 37.1
    endloop
  endfacet
  facet normal -0.573616 0.819124 0
    outer loop
      vertex 90.24 16.6005 37.1
      vertex 90.3471 16.6755 34.9
      vertex 90.24 16.6005 34.9
    endloop
  endfacet
  facet normal -0.707107 0.707107 0
    outer loop
      vertex 90.3471 16.6755 34.9
      vertex 90.4395 16.7679 37.1
      vertex 90.4395 16.7679 34.9
    endloop
  endfacet
  facet normal -0.707107 0.707107 0
    outer loop
      vertex 90.4395 16.7679 37.1
      vertex 90.3471 16.6755 34.9
      vertex 90.3471 16.6755 37.1
    endloop
  endfacet
  facet normal -0.819124 0.573616 0
    outer loop
      vertex 90.4395 16.7679 34.9
      vertex 90.5145 16.875 37.1
      vertex 90.5145 16.875 34.9
    endloop
  endfacet
  facet normal -0.819124 0.573616 0
    outer loop
      vertex 90.5145 16.875 37.1
      vertex 90.4395 16.7679 34.9
      vertex 90.4395 16.7679 37.1
    endloop
  endfacet
  facet normal -0.906183 0.422885 0
    outer loop
      vertex 90.5145 16.875 34.9
      vertex 90.5698 16.9935 37.1
      vertex 90.5698 16.9935 34.9
    endloop
  endfacet
  facet normal -0.906183 0.422885 0
    outer loop
      vertex 90.5698 16.9935 37.1
      vertex 90.5145 16.875 34.9
      vertex 90.5145 16.875 37.1
    endloop
  endfacet
  facet normal -0.966006 0.258519 0
    outer loop
      vertex 90.5698 16.9935 34.9
      vertex 90.6036 17.1198 37.1
      vertex 90.6036 17.1198 34.9
    endloop
  endfacet
  facet normal -0.966006 0.258519 0
    outer loop
      vertex 90.6036 17.1198 37.1
      vertex 90.5698 16.9935 34.9
      vertex 90.5698 16.9935 37.1
    endloop
  endfacet
  facet normal -0.996189 0.0872239 0
    outer loop
      vertex 90.6036 17.1198 34.9
      vertex 90.615 17.25 37.1
      vertex 90.615 17.25 34.9
    endloop
  endfacet
  facet normal -0.996189 0.0872239 0
    outer loop
      vertex 90.615 17.25 37.1
      vertex 90.6036 17.1198 34.9
      vertex 90.6036 17.1198 37.1
    endloop
  endfacet
  facet normal -0.996189 -0.0872239 0
    outer loop
      vertex 90.615 17.25 34.9
      vertex 90.6036 17.3802 37.1
      vertex 90.6036 17.3802 34.9
    endloop
  endfacet
  facet normal -0.996189 -0.0872239 0
    outer loop
      vertex 90.6036 17.3802 37.1
      vertex 90.615 17.25 34.9
      vertex 90.615 17.25 37.1
    endloop
  endfacet
  facet normal -0.966006 -0.258519 0
    outer loop
      vertex 90.6036 17.3802 34.9
      vertex 90.5698 17.5065 37.1
      vertex 90.5698 17.5065 34.9
    endloop
  endfacet
  facet normal -0.966006 -0.258519 0
    outer loop
      vertex 90.5698 17.5065 37.1
      vertex 90.6036 17.3802 34.9
      vertex 90.6036 17.3802 37.1
    endloop
  endfacet
  facet normal -0.906183 -0.422885 0
    outer loop
      vertex 90.5698 17.5065 34.9
      vertex 90.5145 17.625 37.1
      vertex 90.5145 17.625 34.9
    endloop
  endfacet
  facet normal -0.906183 -0.422885 0
    outer loop
      vertex 90.5145 17.625 37.1
      vertex 90.5698 17.5065 34.9
      vertex 90.5698 17.5065 37.1
    endloop
  endfacet
  facet normal -0.819124 -0.573616 0
    outer loop
      vertex 90.5145 17.625 34.9
      vertex 90.4395 17.7321 37.1
      vertex 90.4395 17.7321 34.9
    endloop
  endfacet
  facet normal -0.819124 -0.573616 0
    outer loop
      vertex 90.4395 17.7321 37.1
      vertex 90.5145 17.625 34.9
      vertex 90.5145 17.625 37.1
    endloop
  endfacet
  facet normal -0.707107 -0.707107 0
    outer loop
      vertex 90.4395 17.7321 34.9
      vertex 90.3471 17.8245 37.1
      vertex 90.3471 17.8245 34.9
    endloop
  endfacet
  facet normal -0.707107 -0.707107 0
    outer loop
      vertex 90.3471 17.8245 37.1
      vertex 90.4395 17.7321 34.9
      vertex 90.4395 17.7321 37.1
    endloop
  endfacet
  facet normal -0.573616 -0.819124 0
    outer loop
      vertex 90.24 17.8995 34.9
      vertex 90.3471 17.8245 37.1
      vertex 90.24 17.8995 37.1
    endloop
  endfacet
  facet normal -0.573616 -0.819124 -0
    outer loop
      vertex 90.3471 17.8245 37.1
      vertex 90.24 17.8995 34.9
      vertex 90.3471 17.8245 34.9
    endloop
  endfacet
  facet normal -0.422885 -0.906183 0
    outer loop
      vertex 90.1215 17.9548 34.9
      vertex 90.24 17.8995 37.1
      vertex 90.1215 17.9548 37.1
    endloop
  endfacet
  facet normal -0.422885 -0.906183 -0
    outer loop
      vertex 90.24 17.8995 37.1
      vertex 90.1215 17.9548 34.9
      vertex 90.24 17.8995 34.9
    endloop
  endfacet
  facet normal -0.258519 -0.966006 0
    outer loop
      vertex 89.9952 17.9886 34.9
      vertex 90.1215 17.9548 37.1
      vertex 89.9952 17.9886 37.1
    endloop
  endfacet
  facet normal -0.258519 -0.966006 -0
    outer loop
      vertex 90.1215 17.9548 37.1
      vertex 89.9952 17.9886 34.9
      vertex 90.1215 17.9548 34.9
    endloop
  endfacet
  facet normal -0.0872239 -0.996189 0
    outer loop
      vertex 89.865 18 34.9
      vertex 89.9952 17.9886 37.1
      vertex 89.865 18 37.1
    endloop
  endfacet
  facet normal -0.0872239 -0.996189 -0
    outer loop
      vertex 89.9952 17.9886 37.1
      vertex 89.865 18 34.9
      vertex 89.9952 17.9886 34.9
    endloop
  endfacet
  facet normal 0.0872239 -0.996189 0
    outer loop
      vertex 89.7348 17.9886 34.9
      vertex 89.865 18 37.1
      vertex 89.7348 17.9886 37.1
    endloop
  endfacet
  facet normal 0.0872239 -0.996189 0
    outer loop
      vertex 89.865 18 37.1
      vertex 89.7348 17.9886 34.9
      vertex 89.865 18 34.9
    endloop
  endfacet
  facet normal 0.258519 -0.966006 0
    outer loop
      vertex 89.6085 17.9548 34.9
      vertex 89.7348 17.9886 37.1
      vertex 89.6085 17.9548 37.1
    endloop
  endfacet
  facet normal 0.258519 -0.966006 0
    outer loop
      vertex 89.7348 17.9886 37.1
      vertex 89.6085 17.9548 34.9
      vertex 89.7348 17.9886 34.9
    endloop
  endfacet
  facet normal 0.422885 -0.906183 0
    outer loop
      vertex 89.49 17.8995 34.9
      vertex 89.6085 17.9548 37.1
      vertex 89.49 17.8995 37.1
    endloop
  endfacet
  facet normal 0.422885 -0.906183 0
    outer loop
      vertex 89.6085 17.9548 37.1
      vertex 89.49 17.8995 34.9
      vertex 89.6085 17.9548 34.9
    endloop
  endfacet
  facet normal 0.573616 -0.819124 0
    outer loop
      vertex 89.3829 17.8245 34.9
      vertex 89.49 17.8995 37.1
      vertex 89.3829 17.8245 37.1
    endloop
  endfacet
  facet normal 0.573616 -0.819124 0
    outer loop
      vertex 89.49 17.8995 37.1
      vertex 89.3829 17.8245 34.9
      vertex 89.49 17.8995 34.9
    endloop
  endfacet
  facet normal 0.707107 -0.707107 0
    outer loop
      vertex 89.2905 17.7321 34.9
      vertex 89.3829 17.8245 37.1
      vertex 89.2905 17.7321 37.1
    endloop
  endfacet
  facet normal 0.707107 -0.707107 0
    outer loop
      vertex 89.3829 17.8245 37.1
      vertex 89.2905 17.7321 34.9
      vertex 89.3829 17.8245 34.9
    endloop
  endfacet
  facet normal 0.819124 -0.573616 0
    outer loop
      vertex 89.2155 17.625 37.1
      vertex 89.2905 17.7321 34.9
      vertex 89.2905 17.7321 37.1
    endloop
  endfacet
  facet normal 0.819124 -0.573616 0
    outer loop
      vertex 89.2905 17.7321 34.9
      vertex 89.2155 17.625 37.1
      vertex 89.2155 17.625 34.9
    endloop
  endfacet
  facet normal 0.906183 -0.422885 0
    outer loop
      vertex 89.1602 17.5065 37.1
      vertex 89.2155 17.625 34.9
      vertex 89.2155 17.625 37.1
    endloop
  endfacet
  facet normal 0.906183 -0.422885 0
    outer loop
      vertex 89.2155 17.625 34.9
      vertex 89.1602 17.5065 37.1
      vertex 89.1602 17.5065 34.9
    endloop
  endfacet
  facet normal 0.966006 -0.258519 0
    outer loop
      vertex 89.1264 17.3802 37.1
      vertex 89.1602 17.5065 34.9
      vertex 89.1602 17.5065 37.1
    endloop
  endfacet
  facet normal 0.966006 -0.258519 0
    outer loop
      vertex 89.1602 17.5065 34.9
      vertex 89.1264 17.3802 37.1
      vertex 89.1264 17.3802 34.9
    endloop
  endfacet
  facet normal 0.996189 -0.0872239 0
    outer loop
      vertex 89.115 17.25 37.1
      vertex 89.1264 17.3802 34.9
      vertex 89.1264 17.3802 37.1
    endloop
  endfacet
  facet normal 0.996189 -0.0872239 0
    outer loop
      vertex 89.1264 17.3802 34.9
      vertex 89.115 17.25 37.1
      vertex 89.115 17.25 34.9
    endloop
  endfacet
  facet normal 0.996189 -0.0872239 0
    outer loop
      vertex 88.8917 14.777 37.95
      vertex 88.8993 14.8638 37.1
      vertex 88.8993 14.8638 37.95
    endloop
  endfacet
  facet normal 0.996189 -0.0872239 0
    outer loop
      vertex 88.8993 14.8638 37.1
      vertex 88.8917 14.777 37.95
      vertex 88.8917 14.777 37.1
    endloop
  endfacet
  facet normal 0.966102 -0.258163 0
    outer loop
      vertex 88.8692 14.6928 37.95
      vertex 88.8917 14.777 37.1
      vertex 88.8917 14.777 37.95
    endloop
  endfacet
  facet normal 0.966102 -0.258163 0
    outer loop
      vertex 88.8917 14.777 37.1
      vertex 88.8692 14.6928 37.95
      vertex 88.8692 14.6928 37.1
    endloop
  endfacet
  facet normal 0.906476 -0.422257 0
    outer loop
      vertex 88.8324 14.6138 37.95
      vertex 88.8692 14.6928 37.1
      vertex 88.8692 14.6928 37.95
    endloop
  endfacet
  facet normal 0.906476 -0.422257 0
    outer loop
      vertex 88.8692 14.6928 37.1
      vertex 88.8324 14.6138 37.95
      vertex 88.8324 14.6138 37.1
    endloop
  endfacet
  facet normal 0.819124 -0.573616 0
    outer loop
      vertex 88.7824 14.5424 37.95
      vertex 88.8324 14.6138 37.1
      vertex 88.8324 14.6138 37.95
    endloop
  endfacet
  facet normal 0.819124 -0.573616 0
    outer loop
      vertex 88.8324 14.6138 37.1
      vertex 88.7824 14.5424 37.95
      vertex 88.7824 14.5424 37.1
    endloop
  endfacet
  facet normal 0.706533 -0.70768 0
    outer loop
      vertex 88.7207 14.4808 37.95
      vertex 88.7824 14.5424 37.1
      vertex 88.7824 14.5424 37.95
    endloop
  endfacet
  facet normal 0.706533 -0.70768 0
    outer loop
      vertex 88.7824 14.5424 37.1
      vertex 88.7207 14.4808 37.95
      vertex 88.7207 14.4808 37.1
    endloop
  endfacet
  facet normal 0.573616 -0.819124 0
    outer loop
      vertex 88.6493 14.4308 37.1
      vertex 88.7207 14.4808 37.95
      vertex 88.6493 14.4308 37.95
    endloop
  endfacet
  facet normal 0.573616 -0.819124 0
    outer loop
      vertex 88.7207 14.4808 37.95
      vertex 88.6493 14.4308 37.1
      vertex 88.7207 14.4808 37.1
    endloop
  endfacet
  facet normal 0.423199 -0.906037 0
    outer loop
      vertex 88.5703 14.3939 37.1
      vertex 88.6493 14.4308 37.95
      vertex 88.5703 14.3939 37.95
    endloop
  endfacet
  facet normal 0.423199 -0.906037 0
    outer loop
      vertex 88.6493 14.4308 37.95
      vertex 88.5703 14.3939 37.1
      vertex 88.6493 14.4308 37.1
    endloop
  endfacet
  facet normal 0.258449 -0.966025 0
    outer loop
      vertex 88.4862 14.3714 37.1
      vertex 88.5703 14.3939 37.95
      vertex 88.4862 14.3714 37.95
    endloop
  endfacet
  facet normal 0.258449 -0.966025 0
    outer loop
      vertex 88.5703 14.3939 37.95
      vertex 88.4862 14.3714 37.1
      vertex 88.5703 14.3939 37.1
    endloop
  endfacet
  facet normal 0.0871243 -0.996197 0
    outer loop
      vertex 88.3993 14.3638 37.1
      vertex 88.4862 14.3714 37.95
      vertex 88.3993 14.3638 37.95
    endloop
  endfacet
  facet normal 0.0871243 -0.996197 0
    outer loop
      vertex 88.4862 14.3714 37.95
      vertex 88.3993 14.3638 37.1
      vertex 88.4862 14.3714 37.1
    endloop
  endfacet
  facet normal -0.0872239 -0.996189 0
    outer loop
      vertex 88.3125 14.3714 37.1
      vertex 88.3993 14.3638 37.95
      vertex 88.3125 14.3714 37.95
    endloop
  endfacet
  facet normal -0.0872239 -0.996189 -0
    outer loop
      vertex 88.3993 14.3638 37.95
      vertex 88.3125 14.3714 37.1
      vertex 88.3993 14.3638 37.1
    endloop
  endfacet
  facet normal -0.258163 -0.966102 0
    outer loop
      vertex 88.2283 14.3939 37.1
      vertex 88.3125 14.3714 37.95
      vertex 88.2283 14.3939 37.95
    endloop
  endfacet
  facet normal -0.258163 -0.966102 -0
    outer loop
      vertex 88.3125 14.3714 37.95
      vertex 88.2283 14.3939 37.1
      vertex 88.3125 14.3714 37.1
    endloop
  endfacet
  facet normal -0.423199 -0.906037 0
    outer loop
      vertex 88.1493 14.4308 37.1
      vertex 88.2283 14.3939 37.95
      vertex 88.1493 14.4308 37.95
    endloop
  endfacet
  facet normal -0.423199 -0.906037 -0
    outer loop
      vertex 88.2283 14.3939 37.95
      vertex 88.1493 14.4308 37.1
      vertex 88.2283 14.3939 37.1
    endloop
  endfacet
  facet normal -0.573616 -0.819124 0
    outer loop
      vertex 88.0779 14.4808 37.1
      vertex 88.1493 14.4308 37.95
      vertex 88.0779 14.4808 37.95
    endloop
  endfacet
  facet normal -0.573616 -0.819124 -0
    outer loop
      vertex 88.1493 14.4308 37.95
      vertex 88.0779 14.4808 37.1
      vertex 88.1493 14.4308 37.1
    endloop
  endfacet
  facet normal -0.707107 -0.707107 0
    outer loop
      vertex 88.0779 14.4808 37.1
      vertex 88.0163 14.5424 37.95
      vertex 88.0163 14.5424 37.1
    endloop
  endfacet
  facet normal -0.707107 -0.707107 0
    outer loop
      vertex 88.0163 14.5424 37.95
      vertex 88.0779 14.4808 37.1
      vertex 88.0779 14.4808 37.95
    endloop
  endfacet
  facet normal -0.819124 -0.573616 0
    outer loop
      vertex 88.0163 14.5424 37.1
      vertex 87.9663 14.6138 37.95
      vertex 87.9663 14.6138 37.1
    endloop
  endfacet
  facet normal -0.819124 -0.573616 0
    outer loop
      vertex 87.9663 14.6138 37.95
      vertex 88.0163 14.5424 37.1
      vertex 88.0163 14.5424 37.95
    endloop
  endfacet
  facet normal -0.906476 -0.422257 0
    outer loop
      vertex 87.9663 14.6138 37.1
      vertex 87.9295 14.6928 37.95
      vertex 87.9295 14.6928 37.1
    endloop
  endfacet
  facet normal -0.906476 -0.422257 0
    outer loop
      vertex 87.9295 14.6928 37.95
      vertex 87.9663 14.6138 37.1
      vertex 87.9663 14.6138 37.95
    endloop
  endfacet
  facet normal -0.965815 -0.259233 0
    outer loop
      vertex 87.9295 14.6928 37.1
      vertex 87.9069 14.777 37.95
      vertex 87.9069 14.777 37.1
    endloop
  endfacet
  facet normal -0.965815 -0.259233 0
    outer loop
      vertex 87.9069 14.777 37.95
      vertex 87.9295 14.6928 37.1
      vertex 87.9295 14.6928 37.95
    endloop
  endfacet
  facet normal -0.996189 -0.0872239 0
    outer loop
      vertex 87.9069 14.777 37.1
      vertex 87.8993 14.8638 37.95
      vertex 87.8993 14.8638 37.1
    endloop
  endfacet
  facet normal -0.996189 -0.0872239 0
    outer loop
      vertex 87.8993 14.8638 37.95
      vertex 87.9069 14.777 37.1
      vertex 87.9069 14.777 37.95
    endloop
  endfacet
  facet normal -0.996189 0.0872239 0
    outer loop
      vertex 87.8993 14.8638 37.1
      vertex 87.9069 14.9506 37.95
      vertex 87.9069 14.9506 37.1
    endloop
  endfacet
  facet normal -0.996189 0.0872239 0
    outer loop
      vertex 87.9069 14.9506 37.95
      vertex 87.8993 14.8638 37.1
      vertex 87.8993 14.8638 37.95
    endloop
  endfacet
  facet normal -0.965815 0.259233 0
    outer loop
      vertex 87.9069 14.9506 37.1
      vertex 87.9295 15.0348 37.95
      vertex 87.9295 15.0348 37.1
    endloop
  endfacet
  facet normal -0.965815 0.259233 0
    outer loop
      vertex 87.9295 15.0348 37.95
      vertex 87.9069 14.9506 37.1
      vertex 87.9069 14.9506 37.95
    endloop
  endfacet
  facet normal -0.906476 0.422257 0
    outer loop
      vertex 87.9295 15.0348 37.1
      vertex 87.9663 15.1138 37.95
      vertex 87.9663 15.1138 37.1
    endloop
  endfacet
  facet normal -0.906476 0.422257 0
    outer loop
      vertex 87.9663 15.1138 37.95
      vertex 87.9295 15.0348 37.1
      vertex 87.9295 15.0348 37.95
    endloop
  endfacet
  facet normal -0.819124 0.573616 0
    outer loop
      vertex 87.9663 15.1138 37.1
      vertex 88.0163 15.1852 37.95
      vertex 88.0163 15.1852 37.1
    endloop
  endfacet
  facet normal -0.819124 0.573616 0
    outer loop
      vertex 88.0163 15.1852 37.95
      vertex 87.9663 15.1138 37.1
      vertex 87.9663 15.1138 37.95
    endloop
  endfacet
  facet normal -0.707107 0.707107 0
    outer loop
      vertex 88.0163 15.1852 37.1
      vertex 88.0779 15.2468 37.95
      vertex 88.0779 15.2468 37.1
    endloop
  endfacet
  facet normal -0.707107 0.707107 0
    outer loop
      vertex 88.0779 15.2468 37.95
      vertex 88.0163 15.1852 37.1
      vertex 88.0163 15.1852 37.95
    endloop
  endfacet
  facet normal -0.573616 0.819124 0
    outer loop
      vertex 88.1493 15.2968 37.1
      vertex 88.0779 15.2468 37.95
      vertex 88.1493 15.2968 37.95
    endloop
  endfacet
  facet normal -0.573616 0.819124 0
    outer loop
      vertex 88.0779 15.2468 37.95
      vertex 88.1493 15.2968 37.1
      vertex 88.0779 15.2468 37.1
    endloop
  endfacet
  facet normal -0.422257 0.906476 0
    outer loop
      vertex 88.2283 15.3336 37.1
      vertex 88.1493 15.2968 37.95
      vertex 88.2283 15.3336 37.95
    endloop
  endfacet
  facet normal -0.422257 0.906476 0
    outer loop
      vertex 88.1493 15.2968 37.95
      vertex 88.2283 15.3336 37.1
      vertex 88.1493 15.2968 37.1
    endloop
  endfacet
  facet normal -0.259233 0.965815 0
    outer loop
      vertex 88.3125 15.3562 37.1
      vertex 88.2283 15.3336 37.95
      vertex 88.3125 15.3562 37.95
    endloop
  endfacet
  facet normal -0.259233 0.965815 0
    outer loop
      vertex 88.2283 15.3336 37.95
      vertex 88.3125 15.3562 37.1
      vertex 88.2283 15.3336 37.1
    endloop
  endfacet
  facet normal -0.0872239 0.996189 0
    outer loop
      vertex 88.3993 15.3638 37.1
      vertex 88.3125 15.3562 37.95
      vertex 88.3993 15.3638 37.95
    endloop
  endfacet
  facet normal -0.0872239 0.996189 0
    outer loop
      vertex 88.3125 15.3562 37.95
      vertex 88.3993 15.3638 37.1
      vertex 88.3125 15.3562 37.1
    endloop
  endfacet
  facet normal 0.0871243 0.996197 -0
    outer loop
      vertex 88.4862 15.3562 37.1
      vertex 88.3993 15.3638 37.95
      vertex 88.4862 15.3562 37.95
    endloop
  endfacet
  facet normal 0.0871243 0.996197 0
    outer loop
      vertex 88.3993 15.3638 37.95
      vertex 88.4862 15.3562 37.1
      vertex 88.3993 15.3638 37.1
    endloop
  endfacet
  facet normal 0.25952 0.965738 -0
    outer loop
      vertex 88.5703 15.3336 37.1
      vertex 88.4862 15.3562 37.95
      vertex 88.5703 15.3336 37.95
    endloop
  endfacet
  facet normal 0.25952 0.965738 0
    outer loop
      vertex 88.4862 15.3562 37.95
      vertex 88.5703 15.3336 37.1
      vertex 88.4862 15.3562 37.1
    endloop
  endfacet
  facet normal 0.422257 0.906476 -0
    outer loop
      vertex 88.6493 15.2968 37.1
      vertex 88.5703 15.3336 37.95
      vertex 88.6493 15.2968 37.95
    endloop
  endfacet
  facet normal 0.422257 0.906476 0
    outer loop
      vertex 88.5703 15.3336 37.95
      vertex 88.6493 15.2968 37.1
      vertex 88.5703 15.3336 37.1
    endloop
  endfacet
  facet normal 0.573616 0.819124 -0
    outer loop
      vertex 88.7207 15.2468 37.1
      vertex 88.6493 15.2968 37.95
      vertex 88.7207 15.2468 37.95
    endloop
  endfacet
  facet normal 0.573616 0.819124 0
    outer loop
      vertex 88.6493 15.2968 37.95
      vertex 88.7207 15.2468 37.1
      vertex 88.6493 15.2968 37.1
    endloop
  endfacet
  facet normal 0.706533 0.70768 0
    outer loop
      vertex 88.7824 15.1852 37.95
      vertex 88.7207 15.2468 37.1
      vertex 88.7207 15.2468 37.95
    endloop
  endfacet
  facet normal 0.706533 0.70768 0
    outer loop
      vertex 88.7207 15.2468 37.1
      vertex 88.7824 15.1852 37.95
      vertex 88.7824 15.1852 37.1
    endloop
  endfacet
  facet normal 0.819124 0.573616 0
    outer loop
      vertex 88.8324 15.1138 37.95
      vertex 88.7824 15.1852 37.1
      vertex 88.7824 15.1852 37.95
    endloop
  endfacet
  facet normal 0.819124 0.573616 0
    outer loop
      vertex 88.7824 15.1852 37.1
      vertex 88.8324 15.1138 37.95
      vertex 88.8324 15.1138 37.1
    endloop
  endfacet
  facet normal 0.906476 0.422257 0
    outer loop
      vertex 88.8692 15.0348 37.95
      vertex 88.8324 15.1138 37.1
      vertex 88.8324 15.1138 37.95
    endloop
  endfacet
  facet normal 0.906476 0.422257 0
    outer loop
      vertex 88.8324 15.1138 37.1
      vertex 88.8692 15.0348 37.95
      vertex 88.8692 15.0348 37.1
    endloop
  endfacet
  facet normal 0.966102 0.258163 0
    outer loop
      vertex 88.8917 14.9506 37.95
      vertex 88.8692 15.0348 37.1
      vertex 88.8692 15.0348 37.95
    endloop
  endfacet
  facet normal 0.966102 0.258163 0
    outer loop
      vertex 88.8692 15.0348 37.1
      vertex 88.8917 14.9506 37.95
      vertex 88.8917 14.9506 37.1
    endloop
  endfacet
  facet normal 0.996189 0.0872239 0
    outer loop
      vertex 88.8993 14.8638 37.95
      vertex 88.8917 14.9506 37.1
      vertex 88.8917 14.9506 37.95
    endloop
  endfacet
  facet normal 0.996189 0.0872239 0
    outer loop
      vertex 88.8917 14.9506 37.1
      vertex 88.8993 14.8638 37.95
      vertex 88.8993 14.8638 37.1
    endloop
  endfacet
  facet normal 0 0 1
    outer loop
      vertex 88.8917 14.9506 37.95
      vertex 88.8917 14.777 37.95
      vertex 88.8993 14.8638 37.95
    endloop
  endfacet
  facet normal 0 0 1
    outer loop
      vertex 88.8692 15.0348 37.95
      vertex 88.8917 14.777 37.95
      vertex 88.8917 14.9506 37.95
    endloop
  endfacet
  facet normal 0 0 1
    outer loop
      vertex 88.8692 15.0348 37.95
      vertex 88.8692 14.6928 37.95
      vertex 88.8917 14.777 37.95
    endloop
  endfacet
  facet normal 0 0 1
    outer loop
      vertex 88.8324 15.1138 37.95
      vertex 88.8692 14.6928 37.95
      vertex 88.8692 15.0348 37.95
    endloop
  endfacet
  facet normal 0 0 1
    outer loop
      vertex 88.8324 15.1138 37.95
      vertex 88.8324 14.6138 37.95
      vertex 88.8692 14.6928 37.95
    endloop
  endfacet
  facet normal 0 0 1
    outer loop
      vertex 88.7824 15.1852 37.95
      vertex 88.8324 14.6138 37.95
      vertex 88.8324 15.1138 37.95
    endloop
  endfacet
  facet normal 0 0 1
    outer loop
      vertex 88.7824 15.1852 37.95
      vertex 88.7824 14.5424 37.95
      vertex 88.8324 14.6138 37.95
    endloop
  endfacet
  facet normal 0 0 1
    outer loop
      vertex 88.7207 15.2468 37.95
      vertex 88.7824 14.5424 37.95
      vertex 88.7824 15.1852 37.95
    endloop
  endfacet
  facet normal 0 0 1
    outer loop
      vertex 88.7207 15.2468 37.95
      vertex 88.7207 14.4808 37.95
      vertex 88.7824 14.5424 37.95
    endloop
  endfacet
  facet normal 0 0 1
    outer loop
      vertex 88.6493 15.2968 37.95
      vertex 88.7207 14.4808 37.95
      vertex 88.7207 15.2468 37.95
    endloop
  endfacet
  facet normal 0 0 1
    outer loop
      vertex 88.6493 15.2968 37.95
      vertex 88.6493 14.4308 37.95
      vertex 88.7207 14.4808 37.95
    endloop
  endfacet
  facet normal 0 0 1
    outer loop
      vertex 88.5703 15.3336 37.95
      vertex 88.6493 14.4308 37.95
      vertex 88.6493 15.2968 37.95
    endloop
  endfacet
  facet normal 0 0 1
    outer loop
      vertex 88.5703 15.3336 37.95
      vertex 88.5703 14.3939 37.95
      vertex 88.6493 14.4308 37.95
    endloop
  endfacet
  facet normal 0 0 1
    outer loop
      vertex 88.4862 15.3562 37.95
      vertex 88.5703 14.3939 37.95
      vertex 88.5703 15.3336 37.95
    endloop
  endfacet
  facet normal 0 0 1
    outer loop
      vertex 88.4862 15.3562 37.95
      vertex 88.4862 14.3714 37.95
      vertex 88.5703 14.3939 37.95
    endloop
  endfacet
  facet normal 0 0 1
    outer loop
      vertex 88.3993 15.3638 37.95
      vertex 88.4862 14.3714 37.95
      vertex 88.4862 15.3562 37.95
    endloop
  endfacet
  facet normal 0 0 1
    outer loop
      vertex 88.3993 15.3638 37.95
      vertex 88.3993 14.3638 37.95
      vertex 88.4862 14.3714 37.95
    endloop
  endfacet
  facet normal -0 0 1
    outer loop
      vertex 88.3125 15.3562 37.95
      vertex 88.3993 14.3638 37.95
      vertex 88.3993 15.3638 37.95
    endloop
  endfacet
  facet normal 0 0 1
    outer loop
      vertex 88.3125 15.3562 37.95
      vertex 88.3125 14.3714 37.95
      vertex 88.3993 14.3638 37.95
    endloop
  endfacet
  facet normal -0 0 1
    outer loop
      vertex 88.2283 15.3336 37.95
      vertex 88.3125 14.3714 37.95
      vertex 88.3125 15.3562 37.95
    endloop
  endfacet
  facet normal 0 0 1
    outer loop
      vertex 88.2283 15.3336 37.95
      vertex 88.2283 14.3939 37.95
      vertex 88.3125 14.3714 37.95
    endloop
  endfacet
  facet normal -0 0 1
    outer loop
      vertex 88.1493 15.2968 37.95
      vertex 88.2283 14.3939 37.95
      vertex 88.2283 15.3336 37.95
    endloop
  endfacet
  facet normal 0 0 1
    outer loop
      vertex 88.1493 15.2968 37.95
      vertex 88.1493 14.4308 37.95
      vertex 88.2283 14.3939 37.95
    endloop
  endfacet
  facet normal -0 0 1
    outer loop
      vertex 88.0779 15.2468 37.95
      vertex 88.1493 14.4308 37.95
      vertex 88.1493 15.2968 37.95
    endloop
  endfacet
  facet normal 0 0 1
    outer loop
      vertex 88.0779 15.2468 37.95
      vertex 88.0779 14.4808 37.95
      vertex 88.1493 14.4308 37.95
    endloop
  endfacet
  facet normal -0 0 1
    outer loop
      vertex 88.0163 15.1852 37.95
      vertex 88.0779 14.4808 37.95
      vertex 88.0779 15.2468 37.95
    endloop
  endfacet
  facet normal 0 0 1
    outer loop
      vertex 88.0163 15.1852 37.95
      vertex 88.0163 14.5424 37.95
      vertex 88.0779 14.4808 37.95
    endloop
  endfacet
  facet normal -0 0 1
    outer loop
      vertex 87.9663 15.1138 37.95
      vertex 88.0163 14.5424 37.95
      vertex 88.0163 15.1852 37.95
    endloop
  endfacet
  facet normal 0 0 1
    outer loop
      vertex 87.9663 15.1138 37.95
      vertex 87.9663 14.6138 37.95
      vertex 88.0163 14.5424 37.95
    endloop
  endfacet
  facet normal -0 0 1
    outer loop
      vertex 87.9295 15.0348 37.95
      vertex 87.9663 14.6138 37.95
      vertex 87.9663 15.1138 37.95
    endloop
  endfacet
  facet normal 0 0 1
    outer loop
      vertex 87.9295 15.0348 37.95
      vertex 87.9295 14.6928 37.95
      vertex 87.9663 14.6138 37.95
    endloop
  endfacet
  facet normal -0 0 1
    outer loop
      vertex 87.9069 14.9506 37.95
      vertex 87.9295 14.6928 37.95
      vertex 87.9295 15.0348 37.95
    endloop
  endfacet
  facet normal 0 0 1
    outer loop
      vertex 87.9069 14.9506 37.95
      vertex 87.9069 14.777 37.95
      vertex 87.9295 14.6928 37.95
    endloop
  endfacet
  facet normal 0 -0 1
    outer loop
      vertex 87.9069 14.777 37.95
      vertex 87.9069 14.9506 37.95
      vertex 87.8993 14.8638 37.95
    endloop
  endfacet
  facet normal -1 0 0
    outer loop
      vertex 76.065 1.9 36.3
      vertex 76.065 4.4307 36.3369
      vertex 76.065 4.9 36.3
    endloop
  endfacet
  facet normal -1 0 0
    outer loop
      vertex 76.065 1.9 36.3
      vertex 76.065 3.97295 36.4468
      vertex 76.065 4.4307 36.3369
    endloop
  endfacet
  facet normal -1 0 0
    outer loop
      vertex 76.065 1.9 36.3
      vertex 76.065 3.53803 36.627
      vertex 76.065 3.97295 36.4468
    endloop
  endfacet
  facet normal -1 0 0
    outer loop
      vertex 76.065 1.9 36.3
      vertex 76.065 3.13664 36.8729
      vertex 76.065 3.53803 36.627
    endloop
  endfacet
  facet normal -1 0 0
    outer loop
      vertex 76.065 1.9 36.3
      vertex 76.065 2.77868 37.1787
      vertex 76.065 3.13664 36.8729
    endloop
  endfacet
  facet normal -1 0 0
    outer loop
      vertex 76.065 1.9 36.3
      vertex 76.065 2.47294 37.5366
      vertex 76.065 2.77868 37.1787
    endloop
  endfacet
  facet normal -1 0 0
    outer loop
      vertex 76.065 1.9 36.3
      vertex 76.065 2.22698 37.938
      vertex 76.065 2.47294 37.5366
    endloop
  endfacet
  facet normal -1 0 0
    outer loop
      vertex 76.065 1.9 36.3
      vertex 76.065 2.04683 38.3729
      vertex 76.065 2.22698 37.938
    endloop
  endfacet
  facet normal -1 0 0
    outer loop
      vertex 76.065 1.9 36.3
      vertex 76.065 1.93693 38.8307
      vertex 76.065 2.04683 38.3729
    endloop
  endfacet
  facet normal -1 -0 0
    outer loop
      vertex 76.065 1.93693 38.8307
      vertex 76.065 1.9 36.3
      vertex 76.065 1.9 39.3
    endloop
  endfacet
  facet normal 1 0 0
    outer loop
      vertex 65.315 4.4307 36.3369
      vertex 65.315 2.7 36.3
      vertex 65.315 4.9 36.3
    endloop
  endfacet
  facet normal 1 0 0
    outer loop
      vertex 65.315 3.97295 36.4468
      vertex 65.315 2.7 36.3
      vertex 65.315 4.4307 36.3369
    endloop
  endfacet
  facet normal 1 0 0
    outer loop
      vertex 65.315 3.53803 36.627
      vertex 65.315 2.7 36.3
      vertex 65.315 3.97295 36.4468
    endloop
  endfacet
  facet normal 1 0 0
    outer loop
      vertex 65.315 3.13664 36.8729
      vertex 65.315 2.7 36.3
      vertex 65.315 3.53803 36.627
    endloop
  endfacet
  facet normal 1 0 0
    outer loop
      vertex 65.315 2.77868 37.1787
      vertex 65.315 2.7 36.3
      vertex 65.315 3.13664 36.8729
    endloop
  endfacet
  facet normal 1 0 0
    outer loop
      vertex 65.315 2.47294 37.5366
      vertex 65.315 2.7 36.3
      vertex 65.315 2.77868 37.1787
    endloop
  endfacet
  facet normal 1 0 0
    outer loop
      vertex 65.315 2.22698 37.938
      vertex 65.315 2.7 36.3
      vertex 65.315 2.47294 37.5366
    endloop
  endfacet
  facet normal 1 0 0
    outer loop
      vertex 65.315 2.7 36.3
      vertex 65.315 2.22698 37.938
      vertex 65.315 1.9 33.75
    endloop
  endfacet
  facet normal 1 0 0
    outer loop
      vertex 65.315 1.9 33.75
      vertex 65.315 2.22698 37.938
      vertex 65.315 2.04683 38.3729
    endloop
  endfacet
  facet normal 1 0 0
    outer loop
      vertex 65.315 1.9 33.75
      vertex 65.315 2.04683 38.3729
      vertex 65.315 1.93693 38.8307
    endloop
  endfacet
  facet normal 1 0 0
    outer loop
      vertex 65.315 2.7 36.3
      vertex 65.315 1.9 33.75
      vertex 65.315 2.7 33.75
    endloop
  endfacet
  facet normal 1 0 0
    outer loop
      vertex 65.315 1.9 33.75
      vertex 65.315 1.93693 38.8307
      vertex 65.315 1.9 39.3
    endloop
  endfacet
  facet normal 0 0 -1
    outer loop
      vertex 65.315 1.9 33.75
      vertex 64.315 2.7 33.75
      vertex 65.315 2.7 33.75
    endloop
  endfacet
  facet normal 0 0 -1
    outer loop
      vertex 65.315 1.9 33.75
      vertex 63.315 2.7 33.75
      vertex 64.315 2.7 33.75
    endloop
  endfacet
  facet normal 0 0 -1
    outer loop
      vertex 65.315 1.9 33.75
      vertex 60.215 2.7 33.75
      vertex 63.315 2.7 33.75
    endloop
  endfacet
  facet normal 0 0 -1
    outer loop
      vertex 58.215 1.9 33.75
      vertex 60.215 2.7 33.75
      vertex 65.315 1.9 33.75
    endloop
  endfacet
  facet normal -0 0 -1
    outer loop
      vertex 60.215 2.7 33.75
      vertex 58.215 1.9 33.75
      vertex 59.215 2.7 33.75
    endloop
  endfacet
  facet normal -0 0 -1
    outer loop
      vertex 59.215 2.7 33.75
      vertex 58.215 1.9 33.75
      vertex 58.215 2.7 33.75
    endloop
  endfacet
  facet normal -1 0 0
    outer loop
      vertex 58.215 1.9 33.75
      vertex 58.215 2.7 35.8
      vertex 58.215 2.7 33.75
    endloop
  endfacet
  facet normal -1 -0 0
    outer loop
      vertex 58.215 2.7 35.8
      vertex 58.215 1.9 33.75
      vertex 58.215 1.9 35.8
    endloop
  endfacet
  facet normal -0.996189 0 -0.0872239
    outer loop
      vertex 58.215 1.9 35.8
      vertex 58.2074 2.7 35.8868
      vertex 58.215 2.7 35.8
    endloop
  endfacet
  facet normal -0.996189 -0 -0.0872239
    outer loop
      vertex 58.2074 2.7 35.8868
      vertex 58.215 1.9 35.8
      vertex 58.2074 1.9 35.8868
    endloop
  endfacet
  facet normal -0.965815 0 -0.259233
    outer loop
      vertex 58.2074 1.9 35.8868
      vertex 58.1848 2.7 35.971
      vertex 58.2074 2.7 35.8868
    endloop
  endfacet
  facet normal -0.965815 -0 -0.259233
    outer loop
      vertex 58.1848 2.7 35.971
      vertex 58.2074 1.9 35.8868
      vertex 58.1848 1.9 35.971
    endloop
  endfacet
  facet normal -0.906476 0 -0.422257
    outer loop
      vertex 58.1848 1.9 35.971
      vertex 58.148 2.7 36.05
      vertex 58.1848 2.7 35.971
    endloop
  endfacet
  facet normal -0.906476 -0 -0.422257
    outer loop
      vertex 58.148 2.7 36.05
      vertex 58.1848 1.9 35.971
      vertex 58.148 1.9 36.05
    endloop
  endfacet
  facet normal -0.819124 0 -0.573616
    outer loop
      vertex 58.148 1.9 36.05
      vertex 58.098 2.7 36.1214
      vertex 58.148 2.7 36.05
    endloop
  endfacet
  facet normal -0.819124 -0 -0.573616
    outer loop
      vertex 58.098 2.7 36.1214
      vertex 58.148 1.9 36.05
      vertex 58.098 1.9 36.1214
    endloop
  endfacet
  facet normal -0.707107 0 -0.707107
    outer loop
      vertex 58.098 1.9 36.1214
      vertex 58.0364 2.7 36.183
      vertex 58.098 2.7 36.1214
    endloop
  endfacet
  facet normal -0.707107 -0 -0.707107
    outer loop
      vertex 58.0364 2.7 36.183
      vertex 58.098 1.9 36.1214
      vertex 58.0364 1.9 36.183
    endloop
  endfacet
  facet normal -0.573616 0 -0.819124
    outer loop
      vertex 57.965 1.9 36.233
      vertex 58.0364 2.7 36.183
      vertex 58.0364 1.9 36.183
    endloop
  endfacet
  facet normal -0.573616 0 -0.819124
    outer loop
      vertex 58.0364 2.7 36.183
      vertex 57.965 1.9 36.233
      vertex 57.965 2.7 36.233
    endloop
  endfacet
  facet normal -0.422257 0 -0.906476
    outer loop
      vertex 57.886 1.9 36.2698
      vertex 57.965 2.7 36.233
      vertex 57.965 1.9 36.233
    endloop
  endfacet
  facet normal -0.422257 0 -0.906476
    outer loop
      vertex 57.965 2.7 36.233
      vertex 57.886 1.9 36.2698
      vertex 57.886 2.7 36.2698
    endloop
  endfacet
  facet normal -0.259233 0 -0.965815
    outer loop
      vertex 57.8018 1.9 36.2924
      vertex 57.886 2.7 36.2698
      vertex 57.886 1.9 36.2698
    endloop
  endfacet
  facet normal -0.259233 0 -0.965815
    outer loop
      vertex 57.886 2.7 36.2698
      vertex 57.8018 1.9 36.2924
      vertex 57.8018 2.7 36.2924
    endloop
  endfacet
  facet normal -0.0872239 0 -0.996189
    outer loop
      vertex 57.715 1.9 36.3
      vertex 57.8018 2.7 36.2924
      vertex 57.8018 1.9 36.2924
    endloop
  endfacet
  facet normal -0.0872239 0 -0.996189
    outer loop
      vertex 57.8018 2.7 36.2924
      vertex 57.715 1.9 36.3
      vertex 57.715 2.7 36.3
    endloop
  endfacet
  facet normal 0.0872239 0 -0.996189
    outer loop
      vertex 51.1782 1.9 36.2924
      vertex 51.265 2.7 36.3
      vertex 51.265 1.9 36.3
    endloop
  endfacet
  facet normal 0.0872239 0 -0.996189
    outer loop
      vertex 51.265 2.7 36.3
      vertex 51.1782 1.9 36.2924
      vertex 51.1782 2.7 36.2924
    endloop
  endfacet
  facet normal 0.259233 0 -0.965815
    outer loop
      vertex 51.094 1.9 36.2698
      vertex 51.1782 2.7 36.2924
      vertex 51.1782 1.9 36.2924
    endloop
  endfacet
  facet normal 0.259233 0 -0.965815
    outer loop
      vertex 51.1782 2.7 36.2924
      vertex 51.094 1.9 36.2698
      vertex 51.094 2.7 36.2698
    endloop
  endfacet
  facet normal 0.422257 0 -0.906476
    outer loop
      vertex 51.015 1.9 36.233
      vertex 51.094 2.7 36.2698
      vertex 51.094 1.9 36.2698
    endloop
  endfacet
  facet normal 0.422257 0 -0.906476
    outer loop
      vertex 51.094 2.7 36.2698
      vertex 51.015 1.9 36.233
      vertex 51.015 2.7 36.233
    endloop
  endfacet
  facet normal 0.573616 0 -0.819124
    outer loop
      vertex 50.9436 1.9 36.183
      vertex 51.015 2.7 36.233
      vertex 51.015 1.9 36.233
    endloop
  endfacet
  facet normal 0.573616 0 -0.819124
    outer loop
      vertex 51.015 2.7 36.233
      vertex 50.9436 1.9 36.183
      vertex 50.9436 2.7 36.183
    endloop
  endfacet
  facet normal 0.707107 0 -0.707107
    outer loop
      vertex 50.9436 1.9 36.183
      vertex 50.882 2.7 36.1214
      vertex 50.9436 2.7 36.183
    endloop
  endfacet
  facet normal 0.707107 0 -0.707107
    outer loop
      vertex 50.882 2.7 36.1214
      vertex 50.9436 1.9 36.183
      vertex 50.882 1.9 36.1214
    endloop
  endfacet
  facet normal 0.819124 0 -0.573616
    outer loop
      vertex 50.882 1.9 36.1214
      vertex 50.832 2.7 36.05
      vertex 50.882 2.7 36.1214
    endloop
  endfacet
  facet normal 0.819124 0 -0.573616
    outer loop
      vertex 50.832 2.7 36.05
      vertex 50.882 1.9 36.1214
      vertex 50.832 1.9 36.05
    endloop
  endfacet
  facet normal 0.906476 0 -0.422257
    outer loop
      vertex 50.832 1.9 36.05
      vertex 50.7952 2.7 35.971
      vertex 50.832 2.7 36.05
    endloop
  endfacet
  facet normal 0.906476 0 -0.422257
    outer loop
      vertex 50.7952 2.7 35.971
      vertex 50.832 1.9 36.05
      vertex 50.7952 1.9 35.971
    endloop
  endfacet
  facet normal 0.965815 0 -0.259233
    outer loop
      vertex 50.7952 1.9 35.971
      vertex 50.7726 2.7 35.8868
      vertex 50.7952 2.7 35.971
    endloop
  endfacet
  facet normal 0.965815 0 -0.259233
    outer loop
      vertex 50.7726 2.7 35.8868
      vertex 50.7952 1.9 35.971
      vertex 50.7726 1.9 35.8868
    endloop
  endfacet
  facet normal 0.996189 0 -0.0872239
    outer loop
      vertex 50.7726 1.9 35.8868
      vertex 50.765 2.7 35.8
      vertex 50.7726 2.7 35.8868
    endloop
  endfacet
  facet normal 0.996189 0 -0.0872239
    outer loop
      vertex 50.765 2.7 35.8
      vertex 50.7726 1.9 35.8868
      vertex 50.765 1.9 35.8
    endloop
  endfacet
  facet normal 1 -0 0
    outer loop
      vertex 50.765 1.9 35.8
      vertex 50.765 2.7 33.75
      vertex 50.765 2.7 35.8
    endloop
  endfacet
  facet normal 1 0 0
    outer loop
      vertex 50.765 2.7 33.75
      vertex 50.765 1.9 35.8
      vertex 50.765 1.9 33.75
    endloop
  endfacet
  facet normal 0 0 -1
    outer loop
      vertex 50.765 1.9 33.75
      vertex 48.265 2.7 33.75
      vertex 50.765 2.7 33.75
    endloop
  endfacet
  facet normal 0 0 -1
    outer loop
      vertex 50.765 1.9 33.75
      vertex 47.265 2.7 33.75
      vertex 48.265 2.7 33.75
    endloop
  endfacet
  facet normal 0 0 -1
    outer loop
      vertex 50.765 1.9 33.75
      vertex 43.715 2.7 33.75
      vertex 47.265 2.7 33.75
    endloop
  endfacet
  facet normal 0 0 -1
    outer loop
      vertex 50.765 1.9 33.75
      vertex 42.715 2.7 33.75
      vertex 43.715 2.7 33.75
    endloop
  endfacet
  facet normal 0 0 -1
    outer loop
      vertex 35.665 1.9 33.75
      vertex 42.715 2.7 33.75
      vertex 50.765 1.9 33.75
    endloop
  endfacet
  facet normal -0 0 -1
    outer loop
      vertex 42.715 2.7 33.75
      vertex 35.665 1.9 33.75
      vertex 39.165 2.7 33.75
    endloop
  endfacet
  facet normal -0 0 -1
    outer loop
      vertex 39.165 2.7 33.75
      vertex 35.665 1.9 33.75
      vertex 38.165 2.7 33.75
    endloop
  endfacet
  facet normal -0 0 -1
    outer loop
      vertex 38.165 2.7 33.75
      vertex 35.665 1.9 33.75
      vertex 35.665 2.7 33.75
    endloop
  endfacet
  facet normal -0 0 1
    outer loop
      vertex 28.095 29.23 31.7
      vertex 34.6 28.5 31.7
      vertex 34.6 29.23 31.7
    endloop
  endfacet
  facet normal 0 0 1
    outer loop
      vertex 34.6 28.5 31.7
      vertex 28.095 29.23 31.7
      vertex 28.095 28.5 31.7
    endloop
  endfacet
  facet normal 1 0 0
    outer loop
      vertex 28.095 29.23 31.7
      vertex 28.095 28.5 33.89
      vertex 28.095 28.5 31.7
    endloop
  endfacet
  facet normal -0 0 1
    outer loop
      vertex 68.965 29.23 31.7
      vertex 75.365 28.5 31.7
      vertex 75.365 29.23 31.7
    endloop
  endfacet
  facet normal 0 0 1
    outer loop
      vertex 75.365 28.5 31.7
      vertex 68.965 29.23 31.7
      vertex 68.965 28.5 31.7
    endloop
  endfacet
  facet normal 1 0 0
    outer loop
      vertex 68.965 29.23 31.7
      vertex 68.965 28.5 33.89
      vertex 68.965 28.5 31.7
    endloop
  endfacet
  facet normal -1 0 0
    outer loop
      vertex 75.365 28.5 33.89
      vertex 75.365 29.23 31.7
      vertex 75.365 28.5 31.7
    endloop
  endfacet
  facet normal 0 1 0
    outer loop
      vertex 19.265 6.12999 36.3
      vertex 25.865 6.12999 37.74
      vertex 25.865 6.12999 36.3
    endloop
  endfacet
  facet normal 0 1 0
    outer loop
      vertex 25.865 6.12999 37.74
      vertex 19.265 6.12999 36.3
      vertex 15.765 6.12999 37.74
    endloop
  endfacet
  facet normal 0 1 -0
    outer loop
      vertex 17.765 6.12999 34.8
      vertex 15.765 6.12999 37.74
      vertex 19.265 6.12999 36.3
    endloop
  endfacet
  facet normal 0 1 0
    outer loop
      vertex 15.765 6.12999 37.74
      vertex 17.765 6.12999 34.8
      vertex 14.265 6.12999 36.24
    endloop
  endfacet
  facet normal 0 1 0
    outer loop
      vertex 14.265 6.12999 34.69
      vertex 17.765 6.12999 34.8
      vertex 17.765 6.12999 34.69
    endloop
  endfacet
  facet normal 0 1 0
    outer loop
      vertex 17.765 6.12999 34.8
      vertex 14.265 6.12999 34.69
      vertex 14.265 6.12999 36.24
    endloop
  endfacet
  facet normal -1 0 0
    outer loop
      vertex 14.265 6.12999 34.69
      vertex 14.265 5.53 35.6
      vertex 14.265 6.12999 36.24
    endloop
  endfacet
  facet normal -1 0 0
    outer loop
      vertex 14.265 2.31211 34.69
      vertex 14.265 5.53 35.6
      vertex 14.265 6.12999 34.69
    endloop
  endfacet
  facet normal -1 -0 0
    outer loop
      vertex 14.265 5.53 35.6
      vertex 14.265 2.31211 34.69
      vertex 14.265 2.5 35.6
    endloop
  endfacet
  facet normal -1 0 0
    outer loop
      vertex 14.265 2.31211 36.24
      vertex 14.265 2.5 35.6
      vertex 14.265 2.31211 34.69
    endloop
  endfacet
  facet normal -1 0 0
    outer loop
      vertex 14.265 2.5 35.6
      vertex 14.265 2.31211 36.24
      vertex 14.265 2.5 36.24
    endloop
  endfacet
  facet normal -1 -0 0
    outer loop
      vertex 14.265 6.12999 36.24
      vertex 14.265 5.53 35.6
      vertex 14.265 5.53 36.24
    endloop
  endfacet
  facet normal 1 -0 0
    outer loop
      vertex 17.765 1.9 34.8
      vertex 17.765 6.12999 34.69
      vertex 17.765 6.12999 34.8
    endloop
  endfacet
  facet normal 1 0 0
    outer loop
      vertex 17.765 6.12999 34.69
      vertex 17.765 1.9 34.8
      vertex 17.765 1.9 34.69
    endloop
  endfacet
  facet normal 0.707107 0 -0.707107
    outer loop
      vertex 19.265 1.9 36.3
      vertex 17.765 6.12999 34.8
      vertex 19.265 6.12999 36.3
    endloop
  endfacet
  facet normal 0.707107 0 -0.707107
    outer loop
      vertex 17.765 6.12999 34.8
      vertex 19.265 1.9 36.3
      vertex 17.765 1.9 34.8
    endloop
  endfacet
  facet normal -0.285138 -0.958486 0
    outer loop
      vertex 15.6503 1.9 34.69
      vertex 14.265 2.31211 36.24
      vertex 14.265 2.31211 34.69
    endloop
  endfacet
  facet normal -0.285138 -0.958486 0
    outer loop
      vertex 14.265 2.31211 36.24
      vertex 15.6503 1.9 34.69
      vertex 15.6503 1.9 37.6253
    endloop
  endfacet
  facet normal 0 0 1
    outer loop
      vertex 17.365 5.53 35.6
      vertex 16.36 4.22 35.6
      vertex 17.365 2.5 35.6
    endloop
  endfacet
  facet normal 0 0 1
    outer loop
      vertex 17.365 5.53 35.6
      vertex 16.3478 4.35892 35.6
      vertex 16.36 4.22 35.6
    endloop
  endfacet
  facet normal 0 0 1
    outer loop
      vertex 17.365 5.53 35.6
      vertex 16.3118 4.49362 35.6
      vertex 16.3478 4.35892 35.6
    endloop
  endfacet
  facet normal 0 0 1
    outer loop
      vertex 17.365 5.53 35.6
      vertex 16.2528 4.62 35.6
      vertex 16.3118 4.49362 35.6
    endloop
  endfacet
  facet normal 0 0 1
    outer loop
      vertex 17.365 5.53 35.6
      vertex 16.1728 4.73423 35.6
      vertex 16.2528 4.62 35.6
    endloop
  endfacet
  facet normal 0 0 1
    outer loop
      vertex 17.365 5.53 35.6
      vertex 16.0742 4.83283 35.6
      vertex 16.1728 4.73423 35.6
    endloop
  endfacet
  facet normal 0 0 1
    outer loop
      vertex 17.365 5.53 35.6
      vertex 15.96 4.91282 35.6
      vertex 16.0742 4.83283 35.6
    endloop
  endfacet
  facet normal 0 0 1
    outer loop
      vertex 17.365 5.53 35.6
      vertex 15.8336 4.97175 35.6
      vertex 15.96 4.91282 35.6
    endloop
  endfacet
  facet normal 0 0 1
    outer loop
      vertex 17.365 5.53 35.6
      vertex 15.6989 5.00785 35.6
      vertex 15.8336 4.97175 35.6
    endloop
  endfacet
  facet normal 0 0 1
    outer loop
      vertex 17.365 5.53 35.6
      vertex 15.56 5.02 35.6
      vertex 15.6989 5.00785 35.6
    endloop
  endfacet
  facet normal -0 0 1
    outer loop
      vertex 14.265 5.53 35.6
      vertex 15.56 5.02 35.6
      vertex 17.365 5.53 35.6
    endloop
  endfacet
  facet normal 0 0 1
    outer loop
      vertex 15.56 5.02 35.6
      vertex 14.265 5.53 35.6
      vertex 15.4211 5.00785 35.6
    endloop
  endfacet
  facet normal 0 0 1
    outer loop
      vertex 14.7722 4.35892 35.6
      vertex 14.265 5.53 35.6
      vertex 14.76 4.22 35.6
    endloop
  endfacet
  facet normal 0 0 1
    outer loop
      vertex 14.8082 4.49362 35.6
      vertex 14.265 5.53 35.6
      vertex 14.7722 4.35892 35.6
    endloop
  endfacet
  facet normal 0 0 1
    outer loop
      vertex 14.8672 4.62 35.6
      vertex 14.265 5.53 35.6
      vertex 14.8082 4.49362 35.6
    endloop
  endfacet
  facet normal 0 0 1
    outer loop
      vertex 14.9472 4.73423 35.6
      vertex 14.265 5.53 35.6
      vertex 14.8672 4.62 35.6
    endloop
  endfacet
  facet normal 0 0 1
    outer loop
      vertex 15.0458 4.83283 35.6
      vertex 14.265 5.53 35.6
      vertex 14.9472 4.73423 35.6
    endloop
  endfacet
  facet normal 0 0 1
    outer loop
      vertex 15.16 4.91282 35.6
      vertex 14.265 5.53 35.6
      vertex 15.0458 4.83283 35.6
    endloop
  endfacet
  facet normal 0 0 1
    outer loop
      vertex 15.2864 4.97175 35.6
      vertex 14.265 5.53 35.6
      vertex 15.16 4.91282 35.6
    endloop
  endfacet
  facet normal 0 0 1
    outer loop
      vertex 15.4211 5.00785 35.6
      vertex 14.265 5.53 35.6
      vertex 15.2864 4.97175 35.6
    endloop
  endfacet
  facet normal -0 0 1
    outer loop
      vertex 16.3478 4.08108 35.6
      vertex 17.365 2.5 35.6
      vertex 16.36 4.22 35.6
    endloop
  endfacet
  facet normal -0 0 1
    outer loop
      vertex 16.3118 3.94639 35.6
      vertex 17.365 2.5 35.6
      vertex 16.3478 4.08108 35.6
    endloop
  endfacet
  facet normal -0 0 1
    outer loop
      vertex 16.2528 3.82 35.6
      vertex 17.365 2.5 35.6
      vertex 16.3118 3.94639 35.6
    endloop
  endfacet
  facet normal -0 0 1
    outer loop
      vertex 16.1728 3.70577 35.6
      vertex 17.365 2.5 35.6
      vertex 16.2528 3.82 35.6
    endloop
  endfacet
  facet normal -0 0 1
    outer loop
      vertex 16.0742 3.60716 35.6
      vertex 17.365 2.5 35.6
      vertex 16.1728 3.70577 35.6
    endloop
  endfacet
  facet normal -0 0 1
    outer loop
      vertex 15.96 3.52718 35.6
      vertex 17.365 2.5 35.6
      vertex 16.0742 3.60716 35.6
    endloop
  endfacet
  facet normal -0 0 1
    outer loop
      vertex 15.8336 3.46824 35.6
      vertex 17.365 2.5 35.6
      vertex 15.96 3.52718 35.6
    endloop
  endfacet
  facet normal -0 0 1
    outer loop
      vertex 15.6989 3.43215 35.6
      vertex 17.365 2.5 35.6
      vertex 15.8336 3.46824 35.6
    endloop
  endfacet
  facet normal 0 0 1
    outer loop
      vertex 14.265 2.5 35.6
      vertex 15.6989 3.43215 35.6
      vertex 15.56 3.42 35.6
    endloop
  endfacet
  facet normal 0 0 1
    outer loop
      vertex 14.265 2.5 35.6
      vertex 15.56 3.42 35.6
      vertex 15.4211 3.43215 35.6
    endloop
  endfacet
  facet normal 0 0 1
    outer loop
      vertex 14.265 2.5 35.6
      vertex 15.4211 3.43215 35.6
      vertex 15.2864 3.46824 35.6
    endloop
  endfacet
  facet normal 0 0 1
    outer loop
      vertex 14.265 2.5 35.6
      vertex 14.76 4.22 35.6
      vertex 14.265 5.53 35.6
    endloop
  endfacet
  facet normal 0 0 1
    outer loop
      vertex 14.76 4.22 35.6
      vertex 14.265 2.5 35.6
      vertex 14.7722 4.08108 35.6
    endloop
  endfacet
  facet normal 0 0 1
    outer loop
      vertex 15.6989 3.43215 35.6
      vertex 14.265 2.5 35.6
      vertex 17.365 2.5 35.6
    endloop
  endfacet
  facet normal 0 0 1
    outer loop
      vertex 15.16 3.52718 35.6
      vertex 14.265 2.5 35.6
      vertex 15.2864 3.46824 35.6
    endloop
  endfacet
  facet normal 0 0 1
    outer loop
      vertex 15.0458 3.60716 35.6
      vertex 14.265 2.5 35.6
      vertex 15.16 3.52718 35.6
    endloop
  endfacet
  facet normal 0 0 1
    outer loop
      vertex 14.9472 3.70577 35.6
      vertex 14.265 2.5 35.6
      vertex 15.0458 3.60716 35.6
    endloop
  endfacet
  facet normal 0 0 1
    outer loop
      vertex 14.8672 3.82 35.6
      vertex 14.265 2.5 35.6
      vertex 14.9472 3.70577 35.6
    endloop
  endfacet
  facet normal 0 0 1
    outer loop
      vertex 14.8082 3.94639 35.6
      vertex 14.265 2.5 35.6
      vertex 14.8672 3.82 35.6
    endloop
  endfacet
  facet normal 0 0 1
    outer loop
      vertex 14.7722 4.08108 35.6
      vertex 14.265 2.5 35.6
      vertex 14.8082 3.94639 35.6
    endloop
  endfacet
  facet normal 0 -1 0
    outer loop
      vertex 17.365 5.53 35.6
      vertex 15.765 5.53 37.74
      vertex 14.265 5.53 36.24
    endloop
  endfacet
  facet normal 0 -1 0
    outer loop
      vertex 17.365 5.53 35.6
      vertex 14.265 5.53 36.24
      vertex 14.265 5.53 35.6
    endloop
  endfacet
  facet normal 0 -1 0
    outer loop
      vertex 15.765 5.53 37.74
      vertex 17.365 5.53 35.6
      vertex 17.365 5.53 37.74
    endloop
  endfacet
  facet normal -1 0 0
    outer loop
      vertex 17.365 5.53 35.6
      vertex 17.365 4.9 37.74
      vertex 17.365 5.53 37.74
    endloop
  endfacet
  facet normal -1 0 0
    outer loop
      vertex 17.365 2.5 35.6
      vertex 17.365 4.9 37.74
      vertex 17.365 5.53 35.6
    endloop
  endfacet
  facet normal -1 -0 0
    outer loop
      vertex 17.365 4.9 37.74
      vertex 17.365 2.5 35.6
      vertex 17.365 2.5 37.74
    endloop
  endfacet
  facet normal 0 1 0
    outer loop
      vertex 17.365 2.5 37.74
      vertex 17.9026 2.5 39.8776
      vertex 19.5026 2.5 39.8776
    endloop
  endfacet
  facet normal 0 1 -0
    outer loop
      vertex 17.365 2.5 37.74
      vertex 14.265 2.5 36.24
      vertex 17.9026 2.5 39.8776
    endloop
  endfacet
  facet normal 0 1 -0
    outer loop
      vertex 17.365 2.5 35.6
      vertex 14.265 2.5 36.24
      vertex 17.365 2.5 37.74
    endloop
  endfacet
  facet normal 0 1 0
    outer loop
      vertex 14.265 2.5 36.24
      vertex 17.365 2.5 35.6
      vertex 14.265 2.5 35.6
    endloop
  endfacet
  facet normal 0.959954 0.280156 0
    outer loop
      vertex 90.3696 18.4481 36.3
      vertex 89.1384 22.6668 34.9
      vertex 89.1384 22.6668 36.3
    endloop
  endfacet
  facet normal 0.959954 0.280156 0
    outer loop
      vertex 89.1384 22.6668 34.9
      vertex 90.3696 18.4481 36.3
      vertex 90.3696 18.4481 34.9
    endloop
  endfacet
  facet normal 0.961214 -0.275805 0
    outer loop
      vertex 88.9153 10.9691 36.3
      vertex 90.3743 16.0539 34.9
      vertex 90.3743 16.0539 36.3
    endloop
  endfacet
  facet normal 0.961214 -0.275805 0
    outer loop
      vertex 90.3743 16.0539 34.9
      vertex 88.9153 10.9691 36.3
      vertex 88.9153 10.9691 34.9
    endloop
  endfacet
  facet normal 0 0.766045 -0.642787
    outer loop
      vertex 43.715 2.7 33.75
      vertex 42.715 4.8397 36.3
      vertex 43.715 4.8397 36.3
    endloop
  endfacet
  facet normal 0 0.766045 -0.642787
    outer loop
      vertex 42.715 4.8397 36.3
      vertex 43.715 2.7 33.75
      vertex 42.715 2.7 33.75
    endloop
  endfacet
  facet normal 1 -0 0
    outer loop
      vertex 43.715 2.7 36.45
      vertex 43.715 4.8397 36.3
      vertex 43.715 4.8397 36.45
    endloop
  endfacet
  facet normal 1 0 0
    outer loop
      vertex 43.715 4.8397 36.3
      vertex 43.715 2.7 36.45
      vertex 43.715 2.7 33.75
    endloop
  endfacet
  facet normal -1 0 0
    outer loop
      vertex 42.715 2.7 36.45
      vertex 42.715 4.8397 36.3
      vertex 42.715 2.7 33.75
    endloop
  endfacet
  facet normal -1 0 0
    outer loop
      vertex 42.715 4.8397 36.3
      vertex 42.715 2.7 36.45
      vertex 42.715 4.8397 36.45
    endloop
  endfacet
  facet normal 0 0.766045 -0.642787
    outer loop
      vertex 39.165 2.7 33.75
      vertex 38.165 4.8397 36.3
      vertex 39.165 4.8397 36.3
    endloop
  endfacet
  facet normal 0 0.766045 -0.642787
    outer loop
      vertex 38.165 4.8397 36.3
      vertex 39.165 2.7 33.75
      vertex 38.165 2.7 33.75
    endloop
  endfacet
  facet normal 1 -0 0
    outer loop
      vertex 39.165 2.7 36.45
      vertex 39.165 4.8397 36.3
      vertex 39.165 4.8397 36.45
    endloop
  endfacet
  facet normal 1 0 0
    outer loop
      vertex 39.165 4.8397 36.3
      vertex 39.165 2.7 36.45
      vertex 39.165 2.7 33.75
    endloop
  endfacet
  facet normal -1 0 0
    outer loop
      vertex 38.165 2.7 36.3
      vertex 38.165 4.8397 36.3
      vertex 38.165 2.7 33.75
    endloop
  endfacet
  facet normal 0 0.766045 -0.642787
    outer loop
      vertex 48.265 2.7 33.75
      vertex 47.265 4.8397 36.3
      vertex 48.265 4.8397 36.3
    endloop
  endfacet
  facet normal 0 0.766045 -0.642787
    outer loop
      vertex 47.265 4.8397 36.3
      vertex 48.265 2.7 33.75
      vertex 47.265 2.7 33.75
    endloop
  endfacet
  facet normal 1 0 0
    outer loop
      vertex 48.265 4.8397 36.3
      vertex 48.265 2.7 36.3
      vertex 48.265 2.7 33.75
    endloop
  endfacet
  facet normal -1 0 0
    outer loop
      vertex 47.265 2.7 36.45
      vertex 47.265 4.8397 36.3
      vertex 47.265 2.7 33.75
    endloop
  endfacet
  facet normal -1 0 0
    outer loop
      vertex 47.265 4.8397 36.3
      vertex 47.265 2.7 36.45
      vertex 47.265 4.8397 36.45
    endloop
  endfacet
  facet normal 0 0.766045 -0.642787
    outer loop
      vertex 60.215 2.7 33.75
      vertex 59.215 4.8397 36.3
      vertex 60.215 4.8397 36.3
    endloop
  endfacet
  facet normal 0 0.766045 -0.642787
    outer loop
      vertex 59.215 4.8397 36.3
      vertex 60.215 2.7 33.75
      vertex 59.215 2.7 33.75
    endloop
  endfacet
  facet normal 1 -0 0
    outer loop
      vertex 60.215 2.7 36.45
      vertex 60.215 4.8397 36.3
      vertex 60.215 4.8397 36.45
    endloop
  endfacet
  facet normal 1 0 0
    outer loop
      vertex 60.215 4.8397 36.3
      vertex 60.215 2.7 36.45
      vertex 60.215 2.7 33.75
    endloop
  endfacet
  facet normal -1 0 0
    outer loop
      vertex 59.215 2.7 36.3
      vertex 59.215 4.8397 36.3
      vertex 59.215 2.7 33.75
    endloop
  endfacet
  facet normal 0 0.766045 -0.642787
    outer loop
      vertex 64.315 2.7 33.75
      vertex 63.315 4.8397 36.3
      vertex 64.315 4.8397 36.3
    endloop
  endfacet
  facet normal 0 0.766045 -0.642787
    outer loop
      vertex 63.315 4.8397 36.3
      vertex 64.315 2.7 33.75
      vertex 63.315 2.7 33.75
    endloop
  endfacet
  facet normal 1 0 0
    outer loop
      vertex 64.315 4.8397 36.3
      vertex 64.315 2.7 36.3
      vertex 64.315 2.7 33.75
    endloop
  endfacet
  facet normal -1 0 0
    outer loop
      vertex 63.315 2.7 36.45
      vertex 63.315 4.8397 36.3
      vertex 63.315 2.7 33.75
    endloop
  endfacet
  facet normal -1 0 0
    outer loop
      vertex 63.315 4.8397 36.3
      vertex 63.315 2.7 36.45
      vertex 63.315 4.8397 36.45
    endloop
  endfacet
  facet normal 0 -1 0
    outer loop
      vertex 60.215 4.8397 36.3
      vertex 63.315 4.8397 36.45
      vertex 60.215 4.8397 36.45
    endloop
  endfacet
  facet normal 0 -1 -0
    outer loop
      vertex 63.315 4.8397 36.45
      vertex 60.215 4.8397 36.3
      vertex 63.315 4.8397 36.3
    endloop
  endfacet
  facet normal 0 0 -1
    outer loop
      vertex 60.215 2.7 36.45
      vertex 63.315 4.8397 36.45
      vertex 63.315 2.7 36.45
    endloop
  endfacet
  facet normal -0 0 -1
    outer loop
      vertex 63.315 4.8397 36.45
      vertex 60.215 2.7 36.45
      vertex 60.215 4.8397 36.45
    endloop
  endfacet
  facet normal 0 -1 0
    outer loop
      vertex 43.715 4.8397 36.3
      vertex 47.265 4.8397 36.45
      vertex 43.715 4.8397 36.45
    endloop
  endfacet
  facet normal 0 -1 -0
    outer loop
      vertex 47.265 4.8397 36.45
      vertex 43.715 4.8397 36.3
      vertex 47.265 4.8397 36.3
    endloop
  endfacet
  facet normal 0 0 -1
    outer loop
      vertex 43.715 2.7 36.45
      vertex 47.265 4.8397 36.45
      vertex 47.265 2.7 36.45
    endloop
  endfacet
  facet normal -0 0 -1
    outer loop
      vertex 47.265 4.8397 36.45
      vertex 43.715 2.7 36.45
      vertex 43.715 4.8397 36.45
    endloop
  endfacet
  facet normal 0 -1 0
    outer loop
      vertex 39.165 4.8397 36.3
      vertex 42.715 4.8397 36.45
      vertex 39.165 4.8397 36.45
    endloop
  endfacet
  facet normal 0 -1 -0
    outer loop
      vertex 42.715 4.8397 36.45
      vertex 39.165 4.8397 36.3
      vertex 42.715 4.8397 36.3
    endloop
  endfacet
  facet normal 0 0 -1
    outer loop
      vertex 39.165 2.7 36.45
      vertex 42.715 4.8397 36.45
      vertex 42.715 2.7 36.45
    endloop
  endfacet
  facet normal -0 0 -1
    outer loop
      vertex 42.715 4.8397 36.45
      vertex 39.165 2.7 36.45
      vertex 39.165 4.8397 36.45
    endloop
  endfacet
  facet normal -0 0 1
    outer loop
      vertex 19.5026 2.5 39.8776
      vertex 25.865 1.9 39.8776
      vertex 25.865 2.5 39.8776
    endloop
  endfacet
  facet normal 0 0 1
    outer loop
      vertex 17.9026 1.9 39.8776
      vertex 19.5026 2.5 39.8776
      vertex 17.9026 2.5 39.8776
    endloop
  endfacet
  facet normal 0 0 1
    outer loop
      vertex 19.5026 2.5 39.8776
      vertex 17.9026 1.9 39.8776
      vertex 25.865 1.9 39.8776
    endloop
  endfacet
  facet normal 0 0.755816 0.654784
    outer loop
      vertex 25.865 3.99303 38.1542
      vertex 19.5026 2.5 39.8776
      vertex 25.865 2.5 39.8776
    endloop
  endfacet
  facet normal 0 0.755816 0.654784
    outer loop
      vertex 19.5026 2.5 39.8776
      vertex 25.865 3.99303 38.1542
      vertex 17.7792 3.99303 38.1542
    endloop
  endfacet
  facet normal -0.707107 0 0.707107
    outer loop
      vertex 17.3687 4.80585 37.7437
      vertex 17.365 4.9 37.74
      vertex 17.365 2.5 37.74
    endloop
  endfacet
  facet normal -0.707107 2.86593e-15 0.707107
    outer loop
      vertex 17.3798 4.71228 37.7548
      vertex 17.3687 4.80585 37.7437
      vertex 17.365 2.5 37.74
    endloop
  endfacet
  facet normal -0.707107 -2.95176e-16 0.707107
    outer loop
      vertex 19.5026 2.5 39.8776
      vertex 17.7792 3.99303 38.1542
      vertex 17.365 2.5 37.74
    endloop
  endfacet
  facet normal -0.707107 0 0.707107
    outer loop
      vertex 17.7792 3.99303 38.1542
      vertex 17.7165 4.05147 38.0915
      vertex 17.365 2.5 37.74
    endloop
  endfacet
  facet normal -0.707107 3.67879e-15 0.707107
    outer loop
      vertex 17.7165 4.05147 38.0915
      vertex 17.5942 4.19465 37.9692
      vertex 17.365 2.5 37.74
    endloop
  endfacet
  facet normal -0.707107 4.36301e-15 0.707107
    outer loop
      vertex 17.4563 4.44078 37.8313
      vertex 17.4237 4.52918 37.7987
      vertex 17.365 2.5 37.74
    endloop
  endfacet
  facet normal -0.707107 -2.92055e-15 0.707107
    outer loop
      vertex 17.4237 4.52918 37.7987
      vertex 17.3982 4.61987 37.7732
      vertex 17.365 2.5 37.74
    endloop
  endfacet
  facet normal -0.707107 0 0.707107
    outer loop
      vertex 17.3982 4.61987 37.7732
      vertex 17.3798 4.71228 37.7548
      vertex 17.365 2.5 37.74
    endloop
  endfacet
  facet normal -0.707107 -4.15935e-15 0.707107
    outer loop
      vertex 17.5942 4.19465 37.9692
      vertex 17.5418 4.273 37.9168
      vertex 17.365 2.5 37.74
    endloop
  endfacet
  facet normal -0.707107 0 0.707107
    outer loop
      vertex 17.5418 4.273 37.9168
      vertex 17.4958 4.35521 37.8708
      vertex 17.365 2.5 37.74
    endloop
  endfacet
  facet normal -0.707107 3.89162e-15 0.707107
    outer loop
      vertex 17.4958 4.35521 37.8708
      vertex 17.4563 4.44078 37.8313
      vertex 17.365 2.5 37.74
    endloop
  endfacet
  facet normal -0.906336 0.422558 0
    outer loop
      vertex 95.4603 16.309 39.75
      vertex 95.4603 16.309 37.1
      vertex 95.3754 16.1269 37.1
    endloop
  endfacet
  facet normal -0.906314 0.422606 -3.9733e-06
    outer loop
      vertex 95.4603 16.309 39.75
      vertex 95.3754 16.1269 37.1
      vertex 95.1105 15.5588 37.1
    endloop
  endfacet
  facet normal -0.90629 0.422657 -2.16945e-05
    outer loop
      vertex 95.4603 16.309 39.75
      vertex 95.1105 15.5588 37.1
      vertex 94.5525 14.3623 37.1
    endloop
  endfacet
  facet normal -0.906308 0.422618 1.35919e-05
    outer loop
      vertex 95.4603 16.309 39.75
      vertex 94.5525 14.3623 37.1
      vertex 93.4106 11.9134 39.75
    endloop
  endfacet
  facet normal -0.906329 0.422572 -3.82151e-05
    outer loop
      vertex 94.5525 14.3623 37.1
      vertex 94.0877 13.3654 37.1
      vertex 93.4106 11.9134 39.75
    endloop
  endfacet
  facet normal -0.906303 0.422629 0
    outer loop
      vertex 93.4106 11.9134 39.75
      vertex 94.0877 13.3654 37.1
      vertex 93.4106 11.9134 37.1
    endloop
  endfacet
  facet normal -0.870411 0.492325 0
    outer loop
      vertex 93.1005 9.40978 39.28
      vertex 93.1623 9.51904 39.75
      vertex 93.1623 9.51904 39.28
    endloop
  endfacet
  facet normal -0.870411 0.492325 0
    outer loop
      vertex 93.1623 9.51904 39.75
      vertex 93.1005 9.40978 39.28
      vertex 93.1005 9.40978 39.75
    endloop
  endfacet
  facet normal -0.78242 0.622751 0
    outer loop
      vertex 93.0223 9.31153 39.28
      vertex 93.1005 9.40978 39.75
      vertex 93.1005 9.40978 39.28
    endloop
  endfacet
  facet normal -0.78242 0.622751 0
    outer loop
      vertex 93.1005 9.40978 39.75
      vertex 93.0223 9.31153 39.28
      vertex 93.0223 9.31153 39.75
    endloop
  endfacet
  facet normal -0.675804 0.737081 0
    outer loop
      vertex 93.0223 9.31153 39.28
      vertex 92.9298 9.22672 39.75
      vertex 93.0223 9.31153 39.75
    endloop
  endfacet
  facet normal -0.675804 0.737081 0
    outer loop
      vertex 92.9298 9.22672 39.75
      vertex 93.0223 9.31153 39.28
      vertex 92.9298 9.22672 39.28
    endloop
  endfacet
  facet normal -0.551829 0.833957 0
    outer loop
      vertex 92.9298 9.22672 39.28
      vertex 92.8251 9.15744 39.75
      vertex 92.9298 9.22672 39.75
    endloop
  endfacet
  facet normal -0.551829 0.833957 0
    outer loop
      vertex 92.8251 9.15744 39.75
      vertex 92.9298 9.22672 39.28
      vertex 92.8251 9.15744 39.28
    endloop
  endfacet
  facet normal -0.414799 0.909913 0
    outer loop
      vertex 92.8251 9.15744 39.28
      vertex 92.7109 9.10538 39.75
      vertex 92.8251 9.15744 39.75
    endloop
  endfacet
  facet normal -0.414799 0.909913 0
    outer loop
      vertex 92.7109 9.10538 39.75
      vertex 92.8251 9.15744 39.28
      vertex 92.7109 9.10538 39.28
    endloop
  endfacet
  facet normal -0.267192 0.963643 0
    outer loop
      vertex 92.7109 9.10538 39.28
      vertex 92.5899 9.07183 39.75
      vertex 92.7109 9.10538 39.75
    endloop
  endfacet
  facet normal -0.267192 0.963643 0
    outer loop
      vertex 92.5899 9.07183 39.75
      vertex 92.7109 9.10538 39.28
      vertex 92.5899 9.07183 39.28
    endloop
  endfacet
  facet normal -0.113221 0.99357 0
    outer loop
      vertex 92.5899 9.07183 39.28
      vertex 92.4652 9.05762 39.75
      vertex 92.5899 9.07183 39.75
    endloop
  endfacet
  facet normal -0.113221 0.99357 0
    outer loop
      vertex 92.4652 9.05762 39.75
      vertex 92.5899 9.07183 39.28
      vertex 92.4652 9.05762 39.28
    endloop
  endfacet
  facet normal 0.0436238 0.999048 -0
    outer loop
      vertex 92.4652 9.05762 39.28
      vertex 92.3397 9.0631 39.75
      vertex 92.4652 9.05762 39.75
    endloop
  endfacet
  facet normal 0.0436238 0.999048 0
    outer loop
      vertex 92.3397 9.0631 39.75
      vertex 92.4652 9.05762 39.28
      vertex 92.3397 9.0631 39.28
    endloop
  endfacet
  facet normal 0.199332 0.979932 -0
    outer loop
      vertex 92.3397 9.0631 39.28
      vertex 92.2167 9.08812 39.75
      vertex 92.3397 9.0631 39.75
    endloop
  endfacet
  facet normal 0.199332 0.979932 0
    outer loop
      vertex 92.2167 9.08812 39.75
      vertex 92.3397 9.0631 39.28
      vertex 92.2167 9.08812 39.28
    endloop
  endfacet
  facet normal 0.350215 0.936669 -0
    outer loop
      vertex 92.2167 9.08812 39.28
      vertex 92.0991 9.13209 39.75
      vertex 92.2167 9.08812 39.75
    endloop
  endfacet
  facet normal 0.350215 0.936669 0
    outer loop
      vertex 92.0991 9.13209 39.75
      vertex 92.2167 9.08812 39.28
      vertex 92.0991 9.13209 39.28
    endloop
  endfacet
  facet normal -0.49253 -0.870296 0
    outer loop
      vertex 96.6212 18.8296 39.28
      vertex 96.7304 18.7678 39.75
      vertex 96.6212 18.8296 39.75
    endloop
  endfacet
  facet normal -0.49253 -0.870296 -0
    outer loop
      vertex 96.7304 18.7678 39.75
      vertex 96.6212 18.8296 39.28
      vertex 96.7304 18.7678 39.28
    endloop
  endfacet
  facet normal -0.622557 -0.782575 0
    outer loop
      vertex 96.7304 18.7678 39.28
      vertex 96.8287 18.6896 39.75
      vertex 96.7304 18.7678 39.75
    endloop
  endfacet
  facet normal -0.622557 -0.782575 -0
    outer loop
      vertex 96.8287 18.6896 39.75
      vertex 96.7304 18.7678 39.28
      vertex 96.8287 18.6896 39.28
    endloop
  endfacet
  facet normal -0.737121 -0.675761 0
    outer loop
      vertex 96.9135 18.5971 39.28
      vertex 96.8287 18.6896 39.75
      vertex 96.8287 18.6896 39.28
    endloop
  endfacet
  facet normal -0.737121 -0.675761 0
    outer loop
      vertex 96.8287 18.6896 39.75
      vertex 96.9135 18.5971 39.28
      vertex 96.9135 18.5971 39.75
    endloop
  endfacet
  facet normal -0.833884 -0.55194 0
    outer loop
      vertex 96.9828 18.4924 39.28
      vertex 96.9135 18.5971 39.75
      vertex 96.9135 18.5971 39.28
    endloop
  endfacet
  facet normal -0.833884 -0.55194 0
    outer loop
      vertex 96.9135 18.5971 39.75
      vertex 96.9828 18.4924 39.28
      vertex 96.9828 18.4924 39.75
    endloop
  endfacet
  facet normal -0.91023 -0.414103 0
    outer loop
      vertex 97.0348 18.3781 39.28
      vertex 96.9828 18.4924 39.75
      vertex 96.9828 18.4924 39.28
    endloop
  endfacet
  facet normal -0.91023 -0.414103 0
    outer loop
      vertex 96.9828 18.4924 39.75
      vertex 97.0348 18.3781 39.28
      vertex 97.0348 18.3781 39.75
    endloop
  endfacet
  facet normal -0.963484 -0.267767 0
    outer loop
      vertex 97.0684 18.2572 39.28
      vertex 97.0348 18.3781 39.75
      vertex 97.0348 18.3781 39.28
    endloop
  endfacet
  facet normal -0.963484 -0.267767 0
    outer loop
      vertex 97.0348 18.3781 39.75
      vertex 97.0684 18.2572 39.28
      vertex 97.0684 18.2572 39.75
    endloop
  endfacet
  facet normal -0.993579 -0.113142 0
    outer loop
      vertex 97.0826 18.1325 39.28
      vertex 97.0684 18.2572 39.75
      vertex 97.0684 18.2572 39.28
    endloop
  endfacet
  facet normal -0.993579 -0.113142 0
    outer loop
      vertex 97.0684 18.2572 39.75
      vertex 97.0826 18.1325 39.28
      vertex 97.0826 18.1325 39.75
    endloop
  endfacet
  facet normal -0.999041 0.0437827 0
    outer loop
      vertex 97.0771 18.007 39.28
      vertex 97.0826 18.1325 39.75
      vertex 97.0826 18.1325 39.28
    endloop
  endfacet
  facet normal -0.999041 0.0437827 0
    outer loop
      vertex 97.0826 18.1325 39.75
      vertex 97.0771 18.007 39.28
      vertex 97.0771 18.007 39.75
    endloop
  endfacet
  facet normal -0.979963 0.199179 0
    outer loop
      vertex 97.0521 17.884 39.28
      vertex 97.0771 18.007 39.75
      vertex 97.0771 18.007 39.28
    endloop
  endfacet
  facet normal -0.979963 0.199179 0
    outer loop
      vertex 97.0771 18.007 39.75
      vertex 97.0521 17.884 39.28
      vertex 97.0521 17.884 39.75
    endloop
  endfacet
  facet normal -0.936591 0.350425 0
    outer loop
      vertex 97.0081 17.7664 39.28
      vertex 97.0521 17.884 39.75
      vertex 97.0521 17.884 39.28
    endloop
  endfacet
  facet normal -0.936591 0.350425 0
    outer loop
      vertex 97.0521 17.884 39.75
      vertex 97.0081 17.7664 39.28
      vertex 97.0081 17.7664 39.75
    endloop
  endfacet
  facet normal -0.341916 -0.939731 0
    outer loop
      vertex 93.318 20.3564 38
      vertex 93.4491 20.3087 38.65
      vertex 93.318 20.3564 38.65
    endloop
  endfacet
  facet normal -0.341916 -0.939731 -0
    outer loop
      vertex 93.4491 20.3087 38.65
      vertex 93.318 20.3564 38
      vertex 93.4491 20.3087 38
    endloop
  endfacet
  facet normal -0.174276 -0.984697 0
    outer loop
      vertex 93.1807 20.3807 38
      vertex 93.318 20.3564 38.65
      vertex 93.1807 20.3807 38.65
    endloop
  endfacet
  facet normal -0.174276 -0.984697 -0
    outer loop
      vertex 93.318 20.3564 38.65
      vertex 93.1807 20.3807 38
      vertex 93.318 20.3564 38
    endloop
  endfacet
  facet normal 0 -1 0
    outer loop
      vertex 93.0413 20.3807 38
      vertex 93.1807 20.3807 38.65
      vertex 93.0413 20.3807 38.65
    endloop
  endfacet
  facet normal 0 -1 -0
    outer loop
      vertex 93.1807 20.3807 38.65
      vertex 93.0413 20.3807 38
      vertex 93.1807 20.3807 38
    endloop
  endfacet
  facet normal 0.174153 -0.984719 0
    outer loop
      vertex 92.9039 20.3564 38
      vertex 93.0413 20.3807 38.65
      vertex 92.9039 20.3564 38.65
    endloop
  endfacet
  facet normal 0.174153 -0.984719 0
    outer loop
      vertex 93.0413 20.3807 38.65
      vertex 92.9039 20.3564 38
      vertex 93.0413 20.3807 38
    endloop
  endfacet
  facet normal 0.342146 -0.939647 0
    outer loop
      vertex 92.7729 20.3087 38
      vertex 92.9039 20.3564 38.65
      vertex 92.7729 20.3087 38.65
    endloop
  endfacet
  facet normal 0.342146 -0.939647 0
    outer loop
      vertex 92.9039 20.3564 38.65
      vertex 92.7729 20.3087 38
      vertex 92.9039 20.3564 38
    endloop
  endfacet
  facet normal 0.499764 -0.866162 0
    outer loop
      vertex 92.6521 20.239 38
      vertex 92.7729 20.3087 38.65
      vertex 92.6521 20.239 38.65
    endloop
  endfacet
  facet normal 0.499764 -0.866162 0
    outer loop
      vertex 92.7729 20.3087 38.65
      vertex 92.6521 20.239 38
      vertex 92.7729 20.3087 38
    endloop
  endfacet
  facet normal 0.642721 -0.7661 0
    outer loop
      vertex 92.5453 20.1494 38
      vertex 92.6521 20.239 38.65
      vertex 92.5453 20.1494 38.65
    endloop
  endfacet
  facet normal 0.642721 -0.7661 0
    outer loop
      vertex 92.6521 20.239 38.65
      vertex 92.5453 20.1494 38
      vertex 92.6521 20.239 38
    endloop
  endfacet
  facet normal 0.7661 -0.642721 0
    outer loop
      vertex 92.4557 20.0426 38.65
      vertex 92.5453 20.1494 38
      vertex 92.5453 20.1494 38.65
    endloop
  endfacet
  facet normal 0.7661 -0.642721 0
    outer loop
      vertex 92.5453 20.1494 38
      vertex 92.4557 20.0426 38.65
      vertex 92.4557 20.0426 38
    endloop
  endfacet
  facet normal 0.865851 -0.500301 0
    outer loop
      vertex 92.3859 19.9218 38.65
      vertex 92.4557 20.0426 38
      vertex 92.4557 20.0426 38.65
    endloop
  endfacet
  facet normal 0.865851 -0.500301 0
    outer loop
      vertex 92.4557 20.0426 38
      vertex 92.3859 19.9218 38.65
      vertex 92.3859 19.9218 38
    endloop
  endfacet
  facet normal -0.298832 -0.640869 0.707097
    outer loop
      vertex 83.098 10.1472 38.75
      vertex 83.3145 10.6116 39.2624
      vertex 82.1917 10.5698 38.75
    endloop
  endfacet
  facet normal -0.29882 -0.6409 0.707074
    outer loop
      vertex 83.3145 10.6116 39.2624
      vertex 82.3787 10.9708 39.1925
      vertex 82.1917 10.5698 38.75
    endloop
  endfacet
  facet normal 0.29881 0.640822 0.707149
    outer loop
      vertex 83.4865 13.9382 38.75
      vertex 82.5802 14.3608 38.75
      vertex 82.4302 14.039 39.105
    endloop
  endfacet
  facet normal 0.298803 0.640861 0.707117
    outer loop
      vertex 83.3069 13.553 39.175
      vertex 83.4865 13.9382 38.75
      vertex 82.4302 14.039 39.105
    endloop
  endfacet
  facet normal -0.298832 -0.64087 0.707096
    outer loop
      vertex 89.5981 21.1291 39.55
      vertex 89.8524 21.6744 40.1517
      vertex 88.6918 21.5517 39.55
    endloop
  endfacet
  facet normal -0.29886 -0.640813 0.707137
    outer loop
      vertex 89.8524 21.6744 40.1517
      vertex 88.9166 22.0337 40.0818
      vertex 88.6918 21.5517 39.55
    endloop
  endfacet
  facet normal 0.298823 0.64085 0.707118
    outer loop
      vertex 92.2524 23.8635 39.55
      vertex 91.3461 24.2861 39.55
      vertex 91.0844 23.7249 40.1692
    endloop
  endfacet
  facet normal 0.298796 0.640905 0.707079
    outer loop
      vertex 91.9612 23.2389 40.2392
      vertex 92.2524 23.8635 39.55
      vertex 91.0844 23.7249 40.1692
    endloop
  endfacet
  facet normal 0 -0.707107 -0.707107
    outer loop
      vertex 69.665 27.8 34.64
      vertex 74.665 26.14 36.3
      vertex 69.665 26.14 36.3
    endloop
  endfacet
  facet normal 0 -0.707107 -0.707107
    outer loop
      vertex 74.665 26.14 36.3
      vertex 69.665 27.8 34.64
      vertex 74.665 27.8 34.64
    endloop
  endfacet
  facet normal -1 -0 -0
    outer loop
      vertex 69.665 27.8 36.3
      vertex 69.665 27.8 34.64
      vertex 69.665 26.14 36.3
    endloop
  endfacet
  facet normal 1 0 -0
    outer loop
      vertex 74.665 27.8 34.64
      vertex 74.665 27.8 36.3
      vertex 74.665 26.14 36.3
    endloop
  endfacet
  facet normal 0 -0.707107 -0.707107
    outer loop
      vertex 30 27.8 34.64
      vertex 34.6 26.14 36.3
      vertex 30 26.14 36.3
    endloop
  endfacet
  facet normal 0 -0.707107 -0.707107
    outer loop
      vertex 34.6 26.14 36.3
      vertex 30 27.8 34.64
      vertex 34.6 27.8 34.64
    endloop
  endfacet
  facet normal -1 -0 -0
    outer loop
      vertex 30 27.8 36.3
      vertex 30 27.8 34.64
      vertex 30 26.14 36.3
    endloop
  endfacet
  facet normal -1 0 0
    outer loop
      vertex 89.35 26.55 33.55
      vertex 89.35 28.5 34.9
      vertex 89.35 28.5 33.55
    endloop
  endfacet
  facet normal -1 -0 0
    outer loop
      vertex 89.35 28.5 34.9
      vertex 89.35 26.55 33.55
      vertex 89.35 26.55 34.9
    endloop
  endfacet
  facet normal 0 -1 0
    outer loop
      vertex 89.35 26.55 34.9
      vertex 89.35 26.55 33.55
      vertex 91.3 26.55 34.9
    endloop
  endfacet
  facet normal 0 -1 0
    outer loop
      vertex 91.3 26.55 34.9
      vertex 95.3 26.55 36.3
      vertex 91.3 26.55 36.3
    endloop
  endfacet
  facet normal 0 -1 0
    outer loop
      vertex 95.3 26.55 33.55
      vertex 91.3 26.55 34.9
      vertex 89.35 26.55 33.55
    endloop
  endfacet
  facet normal 0 -1 0
    outer loop
      vertex 91.3 26.55 34.9
      vertex 95.3 26.55 33.55
      vertex 95.3 26.55 36.3
    endloop
  endfacet
  facet normal 0 0 -1
    outer loop
      vertex 95.3 26.55 33.55
      vertex 93.2082 28.5 33.55
      vertex 95.3 28.8 33.55
    endloop
  endfacet
  facet normal 0 0 -1
    outer loop
      vertex 89.35 26.55 33.55
      vertex 93.2082 28.5 33.55
      vertex 95.3 26.55 33.55
    endloop
  endfacet
  facet normal -0 0 -1
    outer loop
      vertex 93.2082 28.5 33.55
      vertex 89.35 26.55 33.55
      vertex 89.35 28.5 33.55
    endloop
  endfacet
  facet normal -0 0 -1
    outer loop
      vertex 95.3 28.8 33.55
      vertex 93.2082 28.5 33.55
      vertex 93.2082 28.8 33.55
    endloop
  endfacet
  facet normal 0.873749 -0.486376 0
    outer loop
      vertex 89.1384 22.6668 36.3
      vertex 91.3 26.55 34.9
      vertex 91.3 26.55 36.3
    endloop
  endfacet
  facet normal 0.873749 -0.486376 0
    outer loop
      vertex 91.3 26.55 34.9
      vertex 89.1384 22.6668 36.3
      vertex 89.1384 22.6668 34.9
    endloop
  endfacet
  facet normal -0.757498 0.652837 0
    outer loop
      vertex 85.6068 24.1567 36.3
      vertex 89.35 28.5 34.9
      vertex 85.6068 24.1567 34.9
    endloop
  endfacet
  facet normal -0.757505 0.652829 -4.1475e-05
    outer loop
      vertex 88.5499 27.5717 36.3
      vertex 89.35 28.5 34.9
      vertex 85.6068 24.1567 36.3
    endloop
  endfacet
  facet normal -0.757474 0.652865 0
    outer loop
      vertex 89.35 28.5 36.3
      vertex 89.35 28.5 34.9
      vertex 88.5499 27.5717 36.3
    endloop
  endfacet
  facet normal 1 -0 0
    outer loop
      vertex 95.3 26.55 36.3
      vertex 95.3 28.8 33.55
      vertex 95.3 28.8 36.3
    endloop
  endfacet
  facet normal 1 0 0
    outer loop
      vertex 95.3 28.8 33.55
      vertex 95.3 26.55 36.3
      vertex 95.3 26.55 33.55
    endloop
  endfacet
  facet normal 0 1 -0
    outer loop
      vertex 28.615 24.525 33.8
      vertex 25.865 24.525 36.3
      vertex 31.115 24.525 36.3
    endloop
  endfacet
  facet normal 0 1 0
    outer loop
      vertex 25.865 24.525 36.3
      vertex 28.615 24.525 33.8
      vertex 25.865 24.525 33.8
    endloop
  endfacet
  facet normal 0 -1 0
    outer loop
      vertex 28.615 21.775 33.8
      vertex 25.865 21.775 36.3
      vertex 25.865 21.775 33.8
    endloop
  endfacet
  facet normal 0 -1 0
    outer loop
      vertex 25.865 21.775 36.3
      vertex 28.615 21.775 33.8
      vertex 31.115 21.775 36.3
    endloop
  endfacet
  facet normal 0 0 -1
    outer loop
      vertex 25.865 21.775 33.8
      vertex 28.615 24.525 33.8
      vertex 28.615 21.775 33.8
    endloop
  endfacet
  facet normal -0 0 -1
    outer loop
      vertex 28.615 24.525 33.8
      vertex 25.865 21.775 33.8
      vertex 25.865 24.525 33.8
    endloop
  endfacet
  facet normal 0.707107 0 -0.707107
    outer loop
      vertex 31.115 21.775 36.3
      vertex 28.615 24.525 33.8
      vertex 31.115 24.525 36.3
    endloop
  endfacet
  facet normal 0.707107 0 -0.707107
    outer loop
      vertex 28.615 24.525 33.8
      vertex 31.115 21.775 36.3
      vertex 28.615 21.775 33.8
    endloop
  endfacet
  facet normal 0 1 -0
    outer loop
      vertex 89.865 18.55 34.5
      vertex 87.565 18.55 34.9
      vertex 89.865 18.55 34.9
    endloop
  endfacet
  facet normal 0 1 0
    outer loop
      vertex 87.565 18.55 34.9
      vertex 89.865 18.55 34.5
      vertex 87.565 18.55 34.5
    endloop
  endfacet
  facet normal 0 -1 0
    outer loop
      vertex 87.565 15.95 34.5
      vertex 89.865 15.95 34.9
      vertex 87.565 15.95 34.9
    endloop
  endfacet
  facet normal 0 -1 -0
    outer loop
      vertex 89.865 15.95 34.9
      vertex 87.565 15.95 34.5
      vertex 89.865 15.95 34.5
    endloop
  endfacet
  facet normal 1 -0 0
    outer loop
      vertex 100.5 1.2 62.34
      vertex 100.5 34.2 40.34
      vertex 100.5 34.2 62.34
    endloop
  endfacet
  facet normal 1 0 0
    outer loop
      vertex 100.5 34.2 40.34
      vertex 100.5 1.2 62.34
      vertex 100.5 1.2 40.34
    endloop
  endfacet
  facet normal 0 0 1
    outer loop
      vertex 100.5 34.2 62.34
      vertex 93 17.7 62.34
      vertex 100.5 1.2 62.34
    endloop
  endfacet
  facet normal 0 0 1
    outer loop
      vertex 100.5 34.2 62.34
      vertex 92.9928 17.847 62.34
      vertex 93 17.7 62.34
    endloop
  endfacet
  facet normal 0 0 1
    outer loop
      vertex 100.5 34.2 62.34
      vertex 92.9712 17.9926 62.34
      vertex 92.9928 17.847 62.34
    endloop
  endfacet
  facet normal 0 0 1
    outer loop
      vertex 100.5 34.2 62.34
      vertex 92.9354 18.1354 62.34
      vertex 92.9712 17.9926 62.34
    endloop
  endfacet
  facet normal 0 0 1
    outer loop
      vertex 100.5 34.2 62.34
      vertex 92.8858 18.274 62.34
      vertex 92.9354 18.1354 62.34
    endloop
  endfacet
  facet normal 0 0 1
    outer loop
      vertex 100.5 34.2 62.34
      vertex 92.8229 18.4071 62.34
      vertex 92.8858 18.274 62.34
    endloop
  endfacet
  facet normal 0 0 1
    outer loop
      vertex 100.5 34.2 62.34
      vertex 92.7472 18.5334 62.34
      vertex 92.8229 18.4071 62.34
    endloop
  endfacet
  facet normal 0 0 1
    outer loop
      vertex 100.5 34.2 62.34
      vertex 92.6595 18.6516 62.34
      vertex 92.7472 18.5334 62.34
    endloop
  endfacet
  facet normal 0 0 1
    outer loop
      vertex 100.5 34.2 62.34
      vertex 92.5607 18.7607 62.34
      vertex 92.6595 18.6516 62.34
    endloop
  endfacet
  facet normal 0 0 1
    outer loop
      vertex 100.5 34.2 62.34
      vertex 92.4516 18.8595 62.34
      vertex 92.5607 18.7607 62.34
    endloop
  endfacet
  facet normal 0 0 1
    outer loop
      vertex 100.5 34.2 62.34
      vertex 92.3334 18.9472 62.34
      vertex 92.4516 18.8595 62.34
    endloop
  endfacet
  facet normal 0 0 1
    outer loop
      vertex 100.5 34.2 62.34
      vertex 92.2071 19.0229 62.34
      vertex 92.3334 18.9472 62.34
    endloop
  endfacet
  facet normal 0 0 1
    outer loop
      vertex 100.5 34.2 62.34
      vertex 92.074 19.0858 62.34
      vertex 92.2071 19.0229 62.34
    endloop
  endfacet
  facet normal 0 0 1
    outer loop
      vertex 100.5 34.2 62.34
      vertex 91.9354 19.1354 62.34
      vertex 92.074 19.0858 62.34
    endloop
  endfacet
  facet normal 0 0 1
    outer loop
      vertex 100.5 34.2 62.34
      vertex 91.7926 19.1712 62.34
      vertex 91.9354 19.1354 62.34
    endloop
  endfacet
  facet normal 0 0 1
    outer loop
      vertex 100.5 34.2 62.34
      vertex 91.647 19.1928 62.34
      vertex 91.7926 19.1712 62.34
    endloop
  endfacet
  facet normal 0 0 1
    outer loop
      vertex 100.5 34.2 62.34
      vertex 91.5 19.2 62.34
      vertex 91.647 19.1928 62.34
    endloop
  endfacet
  facet normal 0 0 1
    outer loop
      vertex 100.5 34.2 62.34
      vertex 91.353 19.1928 62.34
      vertex 91.5 19.2 62.34
    endloop
  endfacet
  facet normal 0 0 1
    outer loop
      vertex 100.5 34.2 62.34
      vertex 91.2074 19.1712 62.34
      vertex 91.353 19.1928 62.34
    endloop
  endfacet
  facet normal 0 0 1
    outer loop
      vertex 100.5 34.2 62.34
      vertex 91.0646 19.1354 62.34
      vertex 91.2074 19.1712 62.34
    endloop
  endfacet
  facet normal 0 0 1
    outer loop
      vertex 100.5 34.2 62.34
      vertex 90.926 19.0858 62.34
      vertex 91.0646 19.1354 62.34
    endloop
  endfacet
  facet normal 0 0 1
    outer loop
      vertex 81.074 19.0858 62.34
      vertex 90.926 19.0858 62.34
      vertex 100.5 34.2 62.34
    endloop
  endfacet
  facet normal 0 0 1
    outer loop
      vertex 90.926 19.0858 62.34
      vertex 81.074 19.0858 62.34
      vertex 90.7929 19.0229 62.34
    endloop
  endfacet
  facet normal 0 -0 1
    outer loop
      vertex 81.2071 19.0229 62.34
      vertex 90.7929 19.0229 62.34
      vertex 81.074 19.0858 62.34
    endloop
  endfacet
  facet normal 0 0 1
    outer loop
      vertex 90.7929 19.0229 62.34
      vertex 81.2071 19.0229 62.34
      vertex 90.6666 18.9472 62.34
    endloop
  endfacet
  facet normal 0 -0 1
    outer loop
      vertex 81.3334 18.9472 62.34
      vertex 90.6666 18.9472 62.34
      vertex 81.2071 19.0229 62.34
    endloop
  endfacet
  facet normal 0 0 1
    outer loop
      vertex 90.6666 18.9472 62.34
      vertex 81.3334 18.9472 62.34
      vertex 90.5484 18.8595 62.34
    endloop
  endfacet
  facet normal 0 0 1
    outer loop
      vertex 90.0072 17.847 62.34
      vertex 82 17.7 62.34
      vertex 90 17.7 62.34
    endloop
  endfacet
  facet normal 0 0 1
    outer loop
      vertex 81.9928 17.847 62.34
      vertex 90.0072 17.847 62.34
      vertex 90.0288 17.9926 62.34
    endloop
  endfacet
  facet normal 0 0 1
    outer loop
      vertex 81.9712 17.9926 62.34
      vertex 90.0288 17.9926 62.34
      vertex 90.0646 18.1354 62.34
    endloop
  endfacet
  facet normal 0 0 1
    outer loop
      vertex 81.9354 18.1354 62.34
      vertex 90.0646 18.1354 62.34
      vertex 90.1142 18.274 62.34
    endloop
  endfacet
  facet normal 0 0 1
    outer loop
      vertex 81.8858 18.274 62.34
      vertex 90.1142 18.274 62.34
      vertex 90.1771 18.4071 62.34
    endloop
  endfacet
  facet normal 0 0 1
    outer loop
      vertex 81.8229 18.4071 62.34
      vertex 90.1771 18.4071 62.34
      vertex 90.2528 18.5334 62.34
    endloop
  endfacet
  facet normal 0 -0 1
    outer loop
      vertex 81.4516 18.8595 62.34
      vertex 90.5484 18.8595 62.34
      vertex 81.3334 18.9472 62.34
    endloop
  endfacet
  facet normal 0 0 1
    outer loop
      vertex 90.0072 17.847 62.34
      vertex 81.9928 17.847 62.34
      vertex 82 17.7 62.34
    endloop
  endfacet
  facet normal 0 0 1
    outer loop
      vertex 90.0288 17.9926 62.34
      vertex 81.9712 17.9926 62.34
      vertex 81.9928 17.847 62.34
    endloop
  endfacet
  facet normal 0 0 1
    outer loop
      vertex 90.0646 18.1354 62.34
      vertex 81.9354 18.1354 62.34
      vertex 81.9712 17.9926 62.34
    endloop
  endfacet
  facet normal 0 0 1
    outer loop
      vertex 90.1142 18.274 62.34
      vertex 81.8858 18.274 62.34
      vertex 81.9354 18.1354 62.34
    endloop
  endfacet
  facet normal 0 0 1
    outer loop
      vertex 90.1771 18.4071 62.34
      vertex 81.8229 18.4071 62.34
      vertex 81.8858 18.274 62.34
    endloop
  endfacet
  facet normal 0 0 1
    outer loop
      vertex 90.2528 18.5334 62.34
      vertex 81.7472 18.5334 62.34
      vertex 81.8229 18.4071 62.34
    endloop
  endfacet
  facet normal 0 0 1
    outer loop
      vertex 90.2528 18.5334 62.34
      vertex 81.6595 18.6516 62.34
      vertex 81.7472 18.5334 62.34
    endloop
  endfacet
  facet normal 0 0 1
    outer loop
      vertex 90.3405 18.6516 62.34
      vertex 81.6595 18.6516 62.34
      vertex 90.2528 18.5334 62.34
    endloop
  endfacet
  facet normal 0 -0 1
    outer loop
      vertex 81.6595 18.6516 62.34
      vertex 90.3405 18.6516 62.34
      vertex 81.5607 18.7607 62.34
    endloop
  endfacet
  facet normal 0 0 1
    outer loop
      vertex 90.4393 18.7607 62.34
      vertex 81.5607 18.7607 62.34
      vertex 90.3405 18.6516 62.34
    endloop
  endfacet
  facet normal 0 -0 1
    outer loop
      vertex 81.5607 18.7607 62.34
      vertex 90.4393 18.7607 62.34
      vertex 81.4516 18.8595 62.34
    endloop
  endfacet
  facet normal 0 0 1
    outer loop
      vertex 90.5484 18.8595 62.34
      vertex 81.4516 18.8595 62.34
      vertex 90.4393 18.7607 62.34
    endloop
  endfacet
  facet normal 0 0 1
    outer loop
      vertex 100.5 34.2 62.34
      vertex 80.9354 19.1354 62.34
      vertex 81.074 19.0858 62.34
    endloop
  endfacet
  facet normal 0 0 1
    outer loop
      vertex 100.5 34.2 62.34
      vertex 80.7926 19.1712 62.34
      vertex 80.9354 19.1354 62.34
    endloop
  endfacet
  facet normal 0 0 1
    outer loop
      vertex 100.5 34.2 62.34
      vertex 80.647 19.1928 62.34
      vertex 80.7926 19.1712 62.34
    endloop
  endfacet
  facet normal 0 0 1
    outer loop
      vertex 100.5 34.2 62.34
      vertex 80.5 19.2 62.34
      vertex 80.647 19.1928 62.34
    endloop
  endfacet
  facet normal 0 0 1
    outer loop
      vertex 100.5 34.2 62.34
      vertex 80.353 19.1928 62.34
      vertex 80.5 19.2 62.34
    endloop
  endfacet
  facet normal 0 0 1
    outer loop
      vertex 100.5 34.2 62.34
      vertex 80.2074 19.1712 62.34
      vertex 80.353 19.1928 62.34
    endloop
  endfacet
  facet normal 0 0 1
    outer loop
      vertex 69.7926 19.1712 62.34
      vertex 80.2074 19.1712 62.34
      vertex 100.5 34.2 62.34
    endloop
  endfacet
  facet normal 0 0 1
    outer loop
      vertex 80.2074 19.1712 62.34
      vertex 69.7926 19.1712 62.34
      vertex 80.0646 19.1354 62.34
    endloop
  endfacet
  facet normal 0 -0 1
    outer loop
      vertex 69.9354 19.1354 62.34
      vertex 80.0646 19.1354 62.34
      vertex 69.7926 19.1712 62.34
    endloop
  endfacet
  facet normal 0 0 1
    outer loop
      vertex 80.0646 19.1354 62.34
      vertex 69.9354 19.1354 62.34
      vertex 79.926 19.0858 62.34
    endloop
  endfacet
  facet normal 0 0 1
    outer loop
      vertex 79.0072 17.847 62.34
      vertex 71 17.7 62.34
      vertex 79 17.7 62.34
    endloop
  endfacet
  facet normal 0 0 1
    outer loop
      vertex 70.9928 17.847 62.34
      vertex 79.0072 17.847 62.34
      vertex 79.0288 17.9926 62.34
    endloop
  endfacet
  facet normal 0 0 1
    outer loop
      vertex 70.9712 17.9926 62.34
      vertex 79.0288 17.9926 62.34
      vertex 79.0646 18.1354 62.34
    endloop
  endfacet
  facet normal 0 0 1
    outer loop
      vertex 70.9354 18.1354 62.34
      vertex 79.0646 18.1354 62.34
      vertex 79.1142 18.274 62.34
    endloop
  endfacet
  facet normal 0 0 1
    outer loop
      vertex 70.8858 18.274 62.34
      vertex 79.1142 18.274 62.34
      vertex 79.1771 18.4071 62.34
    endloop
  endfacet
  facet normal 0 0 1
    outer loop
      vertex 70.8229 18.4071 62.34
      vertex 79.1771 18.4071 62.34
      vertex 79.2528 18.5334 62.34
    endloop
  endfacet
  facet normal 0 0 1
    outer loop
      vertex 70.7472 18.5334 62.34
      vertex 79.2528 18.5334 62.34
      vertex 79.3405 18.6516 62.34
    endloop
  endfacet
  facet normal 0 0 1
    outer loop
      vertex 70.6595 18.6516 62.34
      vertex 79.3405 18.6516 62.34
      vertex 79.4393 18.7607 62.34
    endloop
  endfacet
  facet normal 0 0 1
    outer loop
      vertex 70.5607 18.7607 62.34
      vertex 79.4393 18.7607 62.34
      vertex 79.5484 18.8595 62.34
    endloop
  endfacet
  facet normal 0 0 1
    outer loop
      vertex 70.4516 18.8595 62.34
      vertex 79.5484 18.8595 62.34
      vertex 79.6666 18.9472 62.34
    endloop
  endfacet
  facet normal 0 -0 1
    outer loop
      vertex 70.074 19.0858 62.34
      vertex 79.926 19.0858 62.34
      vertex 69.9354 19.1354 62.34
    endloop
  endfacet
  facet normal 0 0 1
    outer loop
      vertex 79.0072 17.847 62.34
      vertex 70.9928 17.847 62.34
      vertex 71 17.7 62.34
    endloop
  endfacet
  facet normal 0 0 1
    outer loop
      vertex 79.0288 17.9926 62.34
      vertex 70.9712 17.9926 62.34
      vertex 70.9928 17.847 62.34
    endloop
  endfacet
  facet normal 0 0 1
    outer loop
      vertex 79.0646 18.1354 62.34
      vertex 70.9354 18.1354 62.34
      vertex 70.9712 17.9926 62.34
    endloop
  endfacet
  facet normal 0 0 1
    outer loop
      vertex 79.1142 18.274 62.34
      vertex 70.8858 18.274 62.34
      vertex 70.9354 18.1354 62.34
    endloop
  endfacet
  facet normal 0 0 1
    outer loop
      vertex 79.1771 18.4071 62.34
      vertex 70.8229 18.4071 62.34
      vertex 70.8858 18.274 62.34
    endloop
  endfacet
  facet normal 0 0 1
    outer loop
      vertex 79.2528 18.5334 62.34
      vertex 70.7472 18.5334 62.34
      vertex 70.8229 18.4071 62.34
    endloop
  endfacet
  facet normal 0 0 1
    outer loop
      vertex 79.3405 18.6516 62.34
      vertex 70.6595 18.6516 62.34
      vertex 70.7472 18.5334 62.34
    endloop
  endfacet
  facet normal 0 0 1
    outer loop
      vertex 79.4393 18.7607 62.34
      vertex 70.5607 18.7607 62.34
      vertex 70.6595 18.6516 62.34
    endloop
  endfacet
  facet normal 0 0 1
    outer loop
      vertex 79.5484 18.8595 62.34
      vertex 70.4516 18.8595 62.34
      vertex 70.5607 18.7607 62.34
    endloop
  endfacet
  facet normal 0 0 1
    outer loop
      vertex 79.6666 18.9472 62.34
      vertex 70.3334 18.9472 62.34
      vertex 70.4516 18.8595 62.34
    endloop
  endfacet
  facet normal 0 0 1
    outer loop
      vertex 79.6666 18.9472 62.34
      vertex 70.2071 19.0229 62.34
      vertex 70.3334 18.9472 62.34
    endloop
  endfacet
  facet normal 0 0 1
    outer loop
      vertex 79.7929 19.0229 62.34
      vertex 70.2071 19.0229 62.34
      vertex 79.6666 18.9472 62.34
    endloop
  endfacet
  facet normal 0 -0 1
    outer loop
      vertex 70.2071 19.0229 62.34
      vertex 79.7929 19.0229 62.34
      vertex 70.074 19.0858 62.34
    endloop
  endfacet
  facet normal 0 0 1
    outer loop
      vertex 79.926 19.0858 62.34
      vertex 70.074 19.0858 62.34
      vertex 79.7929 19.0229 62.34
    endloop
  endfacet
  facet normal -0 0 1
    outer loop
      vertex 49.5 34.2 62.34
      vertex 69.7926 19.1712 62.34
      vertex 100.5 34.2 62.34
    endloop
  endfacet
  facet normal 0 0 1
    outer loop
      vertex 69.7926 19.1712 62.34
      vertex 49.5 34.2 62.34
      vertex 69.647 19.1928 62.34
    endloop
  endfacet
  facet normal 0 0 1
    outer loop
      vertex 69.647 19.1928 62.34
      vertex 49.5 34.2 62.34
      vertex 69.5 19.2 62.34
    endloop
  endfacet
  facet normal 0 0 1
    outer loop
      vertex 69.5 19.2 62.34
      vertex 49.5 34.2 62.34
      vertex 69.353 19.1928 62.34
    endloop
  endfacet
  facet normal 0 0 1
    outer loop
      vertex 69.353 19.1928 62.34
      vertex 49.5 34.2 62.34
      vertex 69.2074 19.1712 62.34
    endloop
  endfacet
  facet normal 0 0 1
    outer loop
      vertex 69.2074 19.1712 62.34
      vertex 49.5 34.2 62.34
      vertex 69.0646 19.1354 62.34
    endloop
  endfacet
  facet normal 0 0 1
    outer loop
      vertex 69.0646 19.1354 62.34
      vertex 49.5 34.2 62.34
      vertex 68.926 19.0858 62.34
    endloop
  endfacet
  facet normal 0 0 1
    outer loop
      vertex 68.0072 17.847 62.34
      vertex 60 17.7 62.34
      vertex 68 17.7 62.34
    endloop
  endfacet
  facet normal 0 0 1
    outer loop
      vertex 59.9928 17.847 62.34
      vertex 68.0072 17.847 62.34
      vertex 68.0288 17.9926 62.34
    endloop
  endfacet
  facet normal 0 0 1
    outer loop
      vertex 59.9712 17.9926 62.34
      vertex 68.0288 17.9926 62.34
      vertex 68.0646 18.1354 62.34
    endloop
  endfacet
  facet normal 0 0 1
    outer loop
      vertex 59.9354 18.1354 62.34
      vertex 68.0646 18.1354 62.34
      vertex 68.1142 18.274 62.34
    endloop
  endfacet
  facet normal 0 0 1
    outer loop
      vertex 59.8858 18.274 62.34
      vertex 68.1142 18.274 62.34
      vertex 68.1771 18.4071 62.34
    endloop
  endfacet
  facet normal 0 0 1
    outer loop
      vertex 59.8229 18.4071 62.34
      vertex 68.1771 18.4071 62.34
      vertex 68.2528 18.5334 62.34
    endloop
  endfacet
  facet normal 0 0 1
    outer loop
      vertex 59.7472 18.5334 62.34
      vertex 68.2528 18.5334 62.34
      vertex 68.3405 18.6516 62.34
    endloop
  endfacet
  facet normal 0 0 1
    outer loop
      vertex 59.6595 18.6516 62.34
      vertex 68.3405 18.6516 62.34
      vertex 68.4393 18.7607 62.34
    endloop
  endfacet
  facet normal 0 0 1
    outer loop
      vertex 59.5607 18.7607 62.34
      vertex 68.4393 18.7607 62.34
      vertex 68.5484 18.8595 62.34
    endloop
  endfacet
  facet normal 0 0 1
    outer loop
      vertex 59.4516 18.8595 62.34
      vertex 68.5484 18.8595 62.34
      vertex 68.6666 18.9472 62.34
    endloop
  endfacet
  facet normal 0 0 1
    outer loop
      vertex 59.3334 18.9472 62.34
      vertex 68.6666 18.9472 62.34
      vertex 68.7929 19.0229 62.34
    endloop
  endfacet
  facet normal 0 -0 1
    outer loop
      vertex 59.074 19.0858 62.34
      vertex 68.926 19.0858 62.34
      vertex 49.5 34.2 62.34
    endloop
  endfacet
  facet normal 0 0 1
    outer loop
      vertex 68.0072 17.847 62.34
      vertex 59.9928 17.847 62.34
      vertex 60 17.7 62.34
    endloop
  endfacet
  facet normal 0 0 1
    outer loop
      vertex 68.0288 17.9926 62.34
      vertex 59.9712 17.9926 62.34
      vertex 59.9928 17.847 62.34
    endloop
  endfacet
  facet normal 0 0 1
    outer loop
      vertex 68.0646 18.1354 62.34
      vertex 59.9354 18.1354 62.34
      vertex 59.9712 17.9926 62.34
    endloop
  endfacet
  facet normal 0 0 1
    outer loop
      vertex 68.1142 18.274 62.34
      vertex 59.8858 18.274 62.34
      vertex 59.9354 18.1354 62.34
    endloop
  endfacet
  facet normal 0 0 1
    outer loop
      vertex 68.1771 18.4071 62.34
      vertex 59.8229 18.4071 62.34
      vertex 59.8858 18.274 62.34
    endloop
  endfacet
  facet normal 0 0 1
    outer loop
      vertex 68.2528 18.5334 62.34
      vertex 59.7472 18.5334 62.34
      vertex 59.8229 18.4071 62.34
    endloop
  endfacet
  facet normal 0 0 1
    outer loop
      vertex 68.3405 18.6516 62.34
      vertex 59.6595 18.6516 62.34
      vertex 59.7472 18.5334 62.34
    endloop
  endfacet
  facet normal 0 0 1
    outer loop
      vertex 68.4393 18.7607 62.34
      vertex 59.5607 18.7607 62.34
      vertex 59.6595 18.6516 62.34
    endloop
  endfacet
  facet normal 0 0 1
    outer loop
      vertex 68.5484 18.8595 62.34
      vertex 59.4516 18.8595 62.34
      vertex 59.5607 18.7607 62.34
    endloop
  endfacet
  facet normal 0 0 1
    outer loop
      vertex 68.6666 18.9472 62.34
      vertex 59.3334 18.9472 62.34
      vertex 59.4516 18.8595 62.34
    endloop
  endfacet
  facet normal 0 0 1
    outer loop
      vertex 68.926 19.0858 62.34
      vertex 59.074 19.0858 62.34
      vertex 68.7929 19.0229 62.34
    endloop
  endfacet
  facet normal 0 0 1
    outer loop
      vertex 68.7929 19.0229 62.34
      vertex 59.2071 19.0229 62.34
      vertex 59.3334 18.9472 62.34
    endloop
  endfacet
  facet normal 0 0 1
    outer loop
      vertex 68.7929 19.0229 62.34
      vertex 59.074 19.0858 62.34
      vertex 59.2071 19.0229 62.34
    endloop
  endfacet
  facet normal 0 0 1
    outer loop
      vertex 59.074 19.0858 62.34
      vertex 49.5 34.2 62.34
      vertex 58.9354 19.1354 62.34
    endloop
  endfacet
  facet normal 0 0 1
    outer loop
      vertex 58.9354 19.1354 62.34
      vertex 49.5 34.2 62.34
      vertex 58.7926 19.1712 62.34
    endloop
  endfacet
  facet normal 0 0 1
    outer loop
      vertex 58.7926 19.1712 62.34
      vertex 49.5 34.2 62.34
      vertex 58.647 19.1928 62.34
    endloop
  endfacet
  facet normal 0 0 1
    outer loop
      vertex 58.647 19.1928 62.34
      vertex 49.5 34.2 62.34
      vertex 58.5 19.2 62.34
    endloop
  endfacet
  facet normal 0 0 1
    outer loop
      vertex 58.5 19.2 62.34
      vertex 49.5 34.2 62.34
      vertex 58.353 19.1928 62.34
    endloop
  endfacet
  facet normal 0 0 1
    outer loop
      vertex 58.353 19.1928 62.34
      vertex 49.5 34.2 62.34
      vertex 58.2074 19.1712 62.34
    endloop
  endfacet
  facet normal 0 0 1
    outer loop
      vertex 57.0072 17.847 62.34
      vertex 49.5 34.2 62.34
      vertex 57 17.7 62.34
    endloop
  endfacet
  facet normal 0 0 1
    outer loop
      vertex 57.0288 17.9926 62.34
      vertex 49.5 34.2 62.34
      vertex 57.0072 17.847 62.34
    endloop
  endfacet
  facet normal 0 0 1
    outer loop
      vertex 57.0646 18.1354 62.34
      vertex 49.5 34.2 62.34
      vertex 57.0288 17.9926 62.34
    endloop
  endfacet
  facet normal 0 0 1
    outer loop
      vertex 57.1142 18.274 62.34
      vertex 49.5 34.2 62.34
      vertex 57.0646 18.1354 62.34
    endloop
  endfacet
  facet normal 0 0 1
    outer loop
      vertex 57.1771 18.4071 62.34
      vertex 49.5 34.2 62.34
      vertex 57.1142 18.274 62.34
    endloop
  endfacet
  facet normal 0 0 1
    outer loop
      vertex 57.2528 18.5334 62.34
      vertex 49.5 34.2 62.34
      vertex 57.1771 18.4071 62.34
    endloop
  endfacet
  facet normal 0 0 1
    outer loop
      vertex 57.3405 18.6516 62.34
      vertex 49.5 34.2 62.34
      vertex 57.2528 18.5334 62.34
    endloop
  endfacet
  facet normal 0 0 1
    outer loop
      vertex 57.4393 18.7607 62.34
      vertex 49.5 34.2 62.34
      vertex 57.3405 18.6516 62.34
    endloop
  endfacet
  facet normal 0 0 1
    outer loop
      vertex 57.5484 18.8595 62.34
      vertex 49.5 34.2 62.34
      vertex 57.4393 18.7607 62.34
    endloop
  endfacet
  facet normal 0 0 1
    outer loop
      vertex 57.6666 18.9472 62.34
      vertex 49.5 34.2 62.34
      vertex 57.5484 18.8595 62.34
    endloop
  endfacet
  facet normal 0 0 1
    outer loop
      vertex 57.7929 19.0229 62.34
      vertex 49.5 34.2 62.34
      vertex 57.6666 18.9472 62.34
    endloop
  endfacet
  facet normal 0 0 1
    outer loop
      vertex 57.926 19.0858 62.34
      vertex 49.5 34.2 62.34
      vertex 57.7929 19.0229 62.34
    endloop
  endfacet
  facet normal 0 0 1
    outer loop
      vertex 58.0646 19.1354 62.34
      vertex 49.5 34.2 62.34
      vertex 57.926 19.0858 62.34
    endloop
  endfacet
  facet normal 0 0 1
    outer loop
      vertex 58.2074 19.1712 62.34
      vertex 49.5 34.2 62.34
      vertex 58.0646 19.1354 62.34
    endloop
  endfacet
  facet normal -0 0 1
    outer loop
      vertex 92.9928 17.553 62.34
      vertex 100.5 1.2 62.34
      vertex 93 17.7 62.34
    endloop
  endfacet
  facet normal -0 0 1
    outer loop
      vertex 92.9712 17.4074 62.34
      vertex 100.5 1.2 62.34
      vertex 92.9928 17.553 62.34
    endloop
  endfacet
  facet normal -0 0 1
    outer loop
      vertex 92.9354 17.2646 62.34
      vertex 100.5 1.2 62.34
      vertex 92.9712 17.4074 62.34
    endloop
  endfacet
  facet normal -0 0 1
    outer loop
      vertex 92.8858 17.126 62.34
      vertex 100.5 1.2 62.34
      vertex 92.9354 17.2646 62.34
    endloop
  endfacet
  facet normal -0 0 1
    outer loop
      vertex 92.8229 16.9929 62.34
      vertex 100.5 1.2 62.34
      vertex 92.8858 17.126 62.34
    endloop
  endfacet
  facet normal -0 0 1
    outer loop
      vertex 92.7472 16.8666 62.34
      vertex 100.5 1.2 62.34
      vertex 92.8229 16.9929 62.34
    endloop
  endfacet
  facet normal -0 0 1
    outer loop
      vertex 92.6595 16.7484 62.34
      vertex 100.5 1.2 62.34
      vertex 92.7472 16.8666 62.34
    endloop
  endfacet
  facet normal -0 0 1
    outer loop
      vertex 92.5607 16.6393 62.34
      vertex 100.5 1.2 62.34
      vertex 92.6595 16.7484 62.34
    endloop
  endfacet
  facet normal -0 0 1
    outer loop
      vertex 92.4516 16.5405 62.34
      vertex 100.5 1.2 62.34
      vertex 92.5607 16.6393 62.34
    endloop
  endfacet
  facet normal -0 0 1
    outer loop
      vertex 92.3334 16.4528 62.34
      vertex 100.5 1.2 62.34
      vertex 92.4516 16.5405 62.34
    endloop
  endfacet
  facet normal -0 0 1
    outer loop
      vertex 92.2071 16.3771 62.34
      vertex 100.5 1.2 62.34
      vertex 92.3334 16.4528 62.34
    endloop
  endfacet
  facet normal -0 0 1
    outer loop
      vertex 92.074 16.3142 62.34
      vertex 100.5 1.2 62.34
      vertex 92.2071 16.3771 62.34
    endloop
  endfacet
  facet normal -0 0 1
    outer loop
      vertex 91.9354 16.2646 62.34
      vertex 100.5 1.2 62.34
      vertex 92.074 16.3142 62.34
    endloop
  endfacet
  facet normal -0 0 1
    outer loop
      vertex 91.7926 16.2288 62.34
      vertex 100.5 1.2 62.34
      vertex 91.9354 16.2646 62.34
    endloop
  endfacet
  facet normal -0 0 1
    outer loop
      vertex 91.647 16.2072 62.34
      vertex 100.5 1.2 62.34
      vertex 91.7926 16.2288 62.34
    endloop
  endfacet
  facet normal -0 0 1
    outer loop
      vertex 91.5 16.2 62.34
      vertex 100.5 1.2 62.34
      vertex 91.647 16.2072 62.34
    endloop
  endfacet
  facet normal 0 0 1
    outer loop
      vertex 91.353 16.2072 62.34
      vertex 100.5 1.2 62.34
      vertex 91.5 16.2 62.34
    endloop
  endfacet
  facet normal 0 0 1
    outer loop
      vertex 91.2074 16.2288 62.34
      vertex 100.5 1.2 62.34
      vertex 91.353 16.2072 62.34
    endloop
  endfacet
  facet normal 0 0 1
    outer loop
      vertex 91.0646 16.2646 62.34
      vertex 100.5 1.2 62.34
      vertex 91.2074 16.2288 62.34
    endloop
  endfacet
  facet normal 0 0 1
    outer loop
      vertex 90.926 16.3142 62.34
      vertex 100.5 1.2 62.34
      vertex 91.0646 16.2646 62.34
    endloop
  endfacet
  facet normal 0 0 1
    outer loop
      vertex 81.074 16.3142 62.34
      vertex 90.926 16.3142 62.34
      vertex 90.7929 16.3771 62.34
    endloop
  endfacet
  facet normal 0 0 1
    outer loop
      vertex 81.2071 16.3771 62.34
      vertex 90.7929 16.3771 62.34
      vertex 90.6666 16.4528 62.34
    endloop
  endfacet
  facet normal 0 0 1
    outer loop
      vertex 81.3334 16.4528 62.34
      vertex 90.6666 16.4528 62.34
      vertex 90.5484 16.5405 62.34
    endloop
  endfacet
  facet normal 0 0 1
    outer loop
      vertex 81.4516 16.5405 62.34
      vertex 90.5484 16.5405 62.34
      vertex 90.4393 16.6393 62.34
    endloop
  endfacet
  facet normal 0 0 1
    outer loop
      vertex 81.5607 16.6393 62.34
      vertex 90.4393 16.6393 62.34
      vertex 90.3405 16.7484 62.34
    endloop
  endfacet
  facet normal 0 0 1
    outer loop
      vertex 81.6595 16.7484 62.34
      vertex 90.3405 16.7484 62.34
      vertex 90.2528 16.8666 62.34
    endloop
  endfacet
  facet normal -0 0 1
    outer loop
      vertex 82 17.7 62.34
      vertex 90.0072 17.553 62.34
      vertex 90 17.7 62.34
    endloop
  endfacet
  facet normal 0 0 1
    outer loop
      vertex 81.9928 17.553 62.34
      vertex 90.0072 17.553 62.34
      vertex 82 17.7 62.34
    endloop
  endfacet
  facet normal 0 0 1
    outer loop
      vertex 90.0072 17.553 62.34
      vertex 81.9928 17.553 62.34
      vertex 90.0288 17.4074 62.34
    endloop
  endfacet
  facet normal 0 0 1
    outer loop
      vertex 81.9712 17.4074 62.34
      vertex 90.0288 17.4074 62.34
      vertex 81.9928 17.553 62.34
    endloop
  endfacet
  facet normal 0 0 1
    outer loop
      vertex 90.0288 17.4074 62.34
      vertex 81.9712 17.4074 62.34
      vertex 90.0646 17.2646 62.34
    endloop
  endfacet
  facet normal 0 0 1
    outer loop
      vertex 81.9354 17.2646 62.34
      vertex 90.0646 17.2646 62.34
      vertex 81.9712 17.4074 62.34
    endloop
  endfacet
  facet normal 0 0 1
    outer loop
      vertex 90.0646 17.2646 62.34
      vertex 81.9354 17.2646 62.34
      vertex 90.1142 17.126 62.34
    endloop
  endfacet
  facet normal 0 0 1
    outer loop
      vertex 81.8858 17.126 62.34
      vertex 90.1142 17.126 62.34
      vertex 81.9354 17.2646 62.34
    endloop
  endfacet
  facet normal 0 0 1
    outer loop
      vertex 90.1142 17.126 62.34
      vertex 81.8858 17.126 62.34
      vertex 90.1771 16.9929 62.34
    endloop
  endfacet
  facet normal 0 0 1
    outer loop
      vertex 81.8229 16.9929 62.34
      vertex 90.1771 16.9929 62.34
      vertex 81.8858 17.126 62.34
    endloop
  endfacet
  facet normal 0 0 1
    outer loop
      vertex 90.1771 16.9929 62.34
      vertex 81.8229 16.9929 62.34
      vertex 90.2528 16.8666 62.34
    endloop
  endfacet
  facet normal 0 0 1
    outer loop
      vertex 81.7472 16.8666 62.34
      vertex 90.2528 16.8666 62.34
      vertex 81.8229 16.9929 62.34
    endloop
  endfacet
  facet normal 0 0 1
    outer loop
      vertex 81.6595 16.7484 62.34
      vertex 90.2528 16.8666 62.34
      vertex 81.7472 16.8666 62.34
    endloop
  endfacet
  facet normal 0 0 1
    outer loop
      vertex 90.3405 16.7484 62.34
      vertex 81.6595 16.7484 62.34
      vertex 81.5607 16.6393 62.34
    endloop
  endfacet
  facet normal 0 0 1
    outer loop
      vertex 90.4393 16.6393 62.34
      vertex 81.5607 16.6393 62.34
      vertex 81.4516 16.5405 62.34
    endloop
  endfacet
  facet normal 0 0 1
    outer loop
      vertex 90.5484 16.5405 62.34
      vertex 81.4516 16.5405 62.34
      vertex 81.3334 16.4528 62.34
    endloop
  endfacet
  facet normal 0 0 1
    outer loop
      vertex 90.6666 16.4528 62.34
      vertex 81.3334 16.4528 62.34
      vertex 81.2071 16.3771 62.34
    endloop
  endfacet
  facet normal 0 0 1
    outer loop
      vertex 90.7929 16.3771 62.34
      vertex 81.2071 16.3771 62.34
      vertex 81.074 16.3142 62.34
    endloop
  endfacet
  facet normal 0 0 1
    outer loop
      vertex 90.926 16.3142 62.34
      vertex 81.074 16.3142 62.34
      vertex 100.5 1.2 62.34
    endloop
  endfacet
  facet normal -0 0 1
    outer loop
      vertex 80.9354 16.2646 62.34
      vertex 100.5 1.2 62.34
      vertex 81.074 16.3142 62.34
    endloop
  endfacet
  facet normal -0 0 1
    outer loop
      vertex 80.7926 16.2288 62.34
      vertex 100.5 1.2 62.34
      vertex 80.9354 16.2646 62.34
    endloop
  endfacet
  facet normal -0 0 1
    outer loop
      vertex 80.647 16.2072 62.34
      vertex 100.5 1.2 62.34
      vertex 80.7926 16.2288 62.34
    endloop
  endfacet
  facet normal -0 0 1
    outer loop
      vertex 80.5 16.2 62.34
      vertex 100.5 1.2 62.34
      vertex 80.647 16.2072 62.34
    endloop
  endfacet
  facet normal 0 0 1
    outer loop
      vertex 80.353 16.2072 62.34
      vertex 100.5 1.2 62.34
      vertex 80.5 16.2 62.34
    endloop
  endfacet
  facet normal 0 0 1
    outer loop
      vertex 80.2074 16.2288 62.34
      vertex 100.5 1.2 62.34
      vertex 80.353 16.2072 62.34
    endloop
  endfacet
  facet normal 0 0 1
    outer loop
      vertex 69.7926 16.2288 62.34
      vertex 80.2074 16.2288 62.34
      vertex 80.0646 16.2646 62.34
    endloop
  endfacet
  facet normal 0 0 1
    outer loop
      vertex 69.9354 16.2646 62.34
      vertex 80.0646 16.2646 62.34
      vertex 79.926 16.3142 62.34
    endloop
  endfacet
  facet normal 0 0 1
    outer loop
      vertex 70.074 16.3142 62.34
      vertex 79.926 16.3142 62.34
      vertex 79.7929 16.3771 62.34
    endloop
  endfacet
  facet normal 0 0 1
    outer loop
      vertex 70.2071 16.3771 62.34
      vertex 79.7929 16.3771 62.34
      vertex 79.6666 16.4528 62.34
    endloop
  endfacet
  facet normal -0 0 1
    outer loop
      vertex 71 17.7 62.34
      vertex 79.0072 17.553 62.34
      vertex 79 17.7 62.34
    endloop
  endfacet
  facet normal 0 0 1
    outer loop
      vertex 70.9928 17.553 62.34
      vertex 79.0072 17.553 62.34
      vertex 71 17.7 62.34
    endloop
  endfacet
  facet normal 0 0 1
    outer loop
      vertex 79.0072 17.553 62.34
      vertex 70.9928 17.553 62.34
      vertex 79.0288 17.4074 62.34
    endloop
  endfacet
  facet normal 0 0 1
    outer loop
      vertex 70.9712 17.4074 62.34
      vertex 79.0288 17.4074 62.34
      vertex 70.9928 17.553 62.34
    endloop
  endfacet
  facet normal 0 0 1
    outer loop
      vertex 79.0288 17.4074 62.34
      vertex 70.9712 17.4074 62.34
      vertex 79.0646 17.2646 62.34
    endloop
  endfacet
  facet normal 0 0 1
    outer loop
      vertex 70.9354 17.2646 62.34
      vertex 79.0646 17.2646 62.34
      vertex 70.9712 17.4074 62.34
    endloop
  endfacet
  facet normal 0 0 1
    outer loop
      vertex 79.0646 17.2646 62.34
      vertex 70.9354 17.2646 62.34
      vertex 79.1142 17.126 62.34
    endloop
  endfacet
  facet normal 0 0 1
    outer loop
      vertex 70.8858 17.126 62.34
      vertex 79.1142 17.126 62.34
      vertex 70.9354 17.2646 62.34
    endloop
  endfacet
  facet normal 0 0 1
    outer loop
      vertex 79.1142 17.126 62.34
      vertex 70.8858 17.126 62.34
      vertex 79.1771 16.9929 62.34
    endloop
  endfacet
  facet normal 0 0 1
    outer loop
      vertex 70.8229 16.9929 62.34
      vertex 79.1771 16.9929 62.34
      vertex 70.8858 17.126 62.34
    endloop
  endfacet
  facet normal 0 0 1
    outer loop
      vertex 79.1771 16.9929 62.34
      vertex 70.8229 16.9929 62.34
      vertex 79.2528 16.8666 62.34
    endloop
  endfacet
  facet normal 0 0 1
    outer loop
      vertex 70.7472 16.8666 62.34
      vertex 79.2528 16.8666 62.34
      vertex 70.8229 16.9929 62.34
    endloop
  endfacet
  facet normal 0 0 1
    outer loop
      vertex 79.2528 16.8666 62.34
      vertex 70.7472 16.8666 62.34
      vertex 79.3405 16.7484 62.34
    endloop
  endfacet
  facet normal 0 0 1
    outer loop
      vertex 70.6595 16.7484 62.34
      vertex 79.3405 16.7484 62.34
      vertex 70.7472 16.8666 62.34
    endloop
  endfacet
  facet normal 0 0 1
    outer loop
      vertex 79.3405 16.7484 62.34
      vertex 70.6595 16.7484 62.34
      vertex 79.4393 16.6393 62.34
    endloop
  endfacet
  facet normal 0 0 1
    outer loop
      vertex 70.5607 16.6393 62.34
      vertex 79.4393 16.6393 62.34
      vertex 70.6595 16.7484 62.34
    endloop
  endfacet
  facet normal 0 0 1
    outer loop
      vertex 79.4393 16.6393 62.34
      vertex 70.5607 16.6393 62.34
      vertex 79.5484 16.5405 62.34
    endloop
  endfacet
  facet normal 0 0 1
    outer loop
      vertex 70.4516 16.5405 62.34
      vertex 79.5484 16.5405 62.34
      vertex 70.5607 16.6393 62.34
    endloop
  endfacet
  facet normal 0 0 1
    outer loop
      vertex 79.5484 16.5405 62.34
      vertex 70.4516 16.5405 62.34
      vertex 79.6666 16.4528 62.34
    endloop
  endfacet
  facet normal 0 0 1
    outer loop
      vertex 70.3334 16.4528 62.34
      vertex 79.6666 16.4528 62.34
      vertex 70.4516 16.5405 62.34
    endloop
  endfacet
  facet normal 0 0 1
    outer loop
      vertex 70.2071 16.3771 62.34
      vertex 79.6666 16.4528 62.34
      vertex 70.3334 16.4528 62.34
    endloop
  endfacet
  facet normal 0 0 1
    outer loop
      vertex 79.7929 16.3771 62.34
      vertex 70.2071 16.3771 62.34
      vertex 70.074 16.3142 62.34
    endloop
  endfacet
  facet normal 0 0 1
    outer loop
      vertex 79.926 16.3142 62.34
      vertex 70.074 16.3142 62.34
      vertex 69.9354 16.2646 62.34
    endloop
  endfacet
  facet normal 0 0 1
    outer loop
      vertex 80.0646 16.2646 62.34
      vertex 69.9354 16.2646 62.34
      vertex 69.7926 16.2288 62.34
    endloop
  endfacet
  facet normal 0 0 1
    outer loop
      vertex 80.2074 16.2288 62.34
      vertex 69.7926 16.2288 62.34
      vertex 100.5 1.2 62.34
    endloop
  endfacet
  facet normal 0 0 1
    outer loop
      vertex 49.5 1.2 62.34
      vertex 69.7926 16.2288 62.34
      vertex 69.647 16.2072 62.34
    endloop
  endfacet
  facet normal 0 0 1
    outer loop
      vertex 49.5 1.2 62.34
      vertex 69.647 16.2072 62.34
      vertex 69.5 16.2 62.34
    endloop
  endfacet
  facet normal 0 0 1
    outer loop
      vertex 49.5 1.2 62.34
      vertex 69.5 16.2 62.34
      vertex 69.353 16.2072 62.34
    endloop
  endfacet
  facet normal 0 0 1
    outer loop
      vertex 49.5 1.2 62.34
      vertex 69.353 16.2072 62.34
      vertex 69.2074 16.2288 62.34
    endloop
  endfacet
  facet normal 0 0 1
    outer loop
      vertex 49.5 1.2 62.34
      vertex 69.2074 16.2288 62.34
      vertex 69.0646 16.2646 62.34
    endloop
  endfacet
  facet normal 0 0 1
    outer loop
      vertex 49.5 1.2 62.34
      vertex 69.0646 16.2646 62.34
      vertex 68.926 16.3142 62.34
    endloop
  endfacet
  facet normal 0 0 1
    outer loop
      vertex 59.074 16.3142 62.34
      vertex 68.926 16.3142 62.34
      vertex 68.7929 16.3771 62.34
    endloop
  endfacet
  facet normal -0 0 1
    outer loop
      vertex 60 17.7 62.34
      vertex 68.0072 17.553 62.34
      vertex 68 17.7 62.34
    endloop
  endfacet
  facet normal 0 0 1
    outer loop
      vertex 59.9928 17.553 62.34
      vertex 68.0072 17.553 62.34
      vertex 60 17.7 62.34
    endloop
  endfacet
  facet normal 0 0 1
    outer loop
      vertex 68.0072 17.553 62.34
      vertex 59.9928 17.553 62.34
      vertex 68.0288 17.4074 62.34
    endloop
  endfacet
  facet normal 0 0 1
    outer loop
      vertex 59.9712 17.4074 62.34
      vertex 68.0288 17.4074 62.34
      vertex 59.9928 17.553 62.34
    endloop
  endfacet
  facet normal 0 0 1
    outer loop
      vertex 68.0288 17.4074 62.34
      vertex 59.9712 17.4074 62.34
      vertex 68.0646 17.2646 62.34
    endloop
  endfacet
  facet normal 0 0 1
    outer loop
      vertex 59.9354 17.2646 62.34
      vertex 68.0646 17.2646 62.34
      vertex 59.9712 17.4074 62.34
    endloop
  endfacet
  facet normal 0 0 1
    outer loop
      vertex 68.0646 17.2646 62.34
      vertex 59.9354 17.2646 62.34
      vertex 68.1142 17.126 62.34
    endloop
  endfacet
  facet normal 0 0 1
    outer loop
      vertex 59.8858 17.126 62.34
      vertex 68.1142 17.126 62.34
      vertex 59.9354 17.2646 62.34
    endloop
  endfacet
  facet normal 0 0 1
    outer loop
      vertex 68.1142 17.126 62.34
      vertex 59.8858 17.126 62.34
      vertex 68.1771 16.9929 62.34
    endloop
  endfacet
  facet normal 0 0 1
    outer loop
      vertex 59.8229 16.9929 62.34
      vertex 68.1771 16.9929 62.34
      vertex 59.8858 17.126 62.34
    endloop
  endfacet
  facet normal 0 0 1
    outer loop
      vertex 68.1771 16.9929 62.34
      vertex 59.8229 16.9929 62.34
      vertex 68.2528 16.8666 62.34
    endloop
  endfacet
  facet normal 0 0 1
    outer loop
      vertex 59.7472 16.8666 62.34
      vertex 68.2528 16.8666 62.34
      vertex 59.8229 16.9929 62.34
    endloop
  endfacet
  facet normal 0 0 1
    outer loop
      vertex 68.2528 16.8666 62.34
      vertex 59.7472 16.8666 62.34
      vertex 68.3405 16.7484 62.34
    endloop
  endfacet
  facet normal 0 0 1
    outer loop
      vertex 59.6595 16.7484 62.34
      vertex 68.3405 16.7484 62.34
      vertex 59.7472 16.8666 62.34
    endloop
  endfacet
  facet normal 0 0 1
    outer loop
      vertex 68.3405 16.7484 62.34
      vertex 59.6595 16.7484 62.34
      vertex 68.4393 16.6393 62.34
    endloop
  endfacet
  facet normal 0 0 1
    outer loop
      vertex 59.5607 16.6393 62.34
      vertex 68.4393 16.6393 62.34
      vertex 59.6595 16.7484 62.34
    endloop
  endfacet
  facet normal 0 0 1
    outer loop
      vertex 68.4393 16.6393 62.34
      vertex 59.5607 16.6393 62.34
      vertex 68.5484 16.5405 62.34
    endloop
  endfacet
  facet normal 0 0 1
    outer loop
      vertex 59.4516 16.5405 62.34
      vertex 68.5484 16.5405 62.34
      vertex 59.5607 16.6393 62.34
    endloop
  endfacet
  facet normal 0 0 1
    outer loop
      vertex 68.5484 16.5405 62.34
      vertex 59.4516 16.5405 62.34
      vertex 68.6666 16.4528 62.34
    endloop
  endfacet
  facet normal 0 0 1
    outer loop
      vertex 59.3334 16.4528 62.34
      vertex 68.6666 16.4528 62.34
      vertex 59.4516 16.5405 62.34
    endloop
  endfacet
  facet normal 0 0 1
    outer loop
      vertex 68.6666 16.4528 62.34
      vertex 59.3334 16.4528 62.34
      vertex 68.7929 16.3771 62.34
    endloop
  endfacet
  facet normal 0 0 1
    outer loop
      vertex 59.2071 16.3771 62.34
      vertex 68.7929 16.3771 62.34
      vertex 59.3334 16.4528 62.34
    endloop
  endfacet
  facet normal 0 0 1
    outer loop
      vertex 59.074 16.3142 62.34
      vertex 68.7929 16.3771 62.34
      vertex 59.2071 16.3771 62.34
    endloop
  endfacet
  facet normal 0 0 1
    outer loop
      vertex 68.926 16.3142 62.34
      vertex 59.074 16.3142 62.34
      vertex 49.5 1.2 62.34
    endloop
  endfacet
  facet normal 0 0 1
    outer loop
      vertex 49.5 1.2 62.34
      vertex 59.074 16.3142 62.34
      vertex 58.9354 16.2646 62.34
    endloop
  endfacet
  facet normal 0 0 1
    outer loop
      vertex 49.5 1.2 62.34
      vertex 58.9354 16.2646 62.34
      vertex 58.7926 16.2288 62.34
    endloop
  endfacet
  facet normal 0 0 1
    outer loop
      vertex 49.5 1.2 62.34
      vertex 58.7926 16.2288 62.34
      vertex 58.647 16.2072 62.34
    endloop
  endfacet
  facet normal 0 0 1
    outer loop
      vertex 49.5 1.2 62.34
      vertex 58.647 16.2072 62.34
      vertex 58.5 16.2 62.34
    endloop
  endfacet
  facet normal 0 0 1
    outer loop
      vertex 49.5 1.2 62.34
      vertex 58.5 16.2 62.34
      vertex 58.353 16.2072 62.34
    endloop
  endfacet
  facet normal 0 0 1
    outer loop
      vertex 49.5 1.2 62.34
      vertex 58.353 16.2072 62.34
      vertex 58.2074 16.2288 62.34
    endloop
  endfacet
  facet normal 0 0 1
    outer loop
      vertex 49.5 1.2 62.34
      vertex 58.2074 16.2288 62.34
      vertex 58.0646 16.2646 62.34
    endloop
  endfacet
  facet normal 0 0 1
    outer loop
      vertex 49.5 1.2 62.34
      vertex 57 17.7 62.34
      vertex 49.5 34.2 62.34
    endloop
  endfacet
  facet normal 0 0 1
    outer loop
      vertex 57 17.7 62.34
      vertex 49.5 1.2 62.34
      vertex 57.0072 17.553 62.34
    endloop
  endfacet
  facet normal 0 0 1
    outer loop
      vertex 57.0072 17.553 62.34
      vertex 49.5 1.2 62.34
      vertex 57.0288 17.4074 62.34
    endloop
  endfacet
  facet normal 0 0 1
    outer loop
      vertex 57.0288 17.4074 62.34
      vertex 49.5 1.2 62.34
      vertex 57.0646 17.2646 62.34
    endloop
  endfacet
  facet normal 0 0 1
    outer loop
      vertex 69.7926 16.2288 62.34
      vertex 49.5 1.2 62.34
      vertex 100.5 1.2 62.34
    endloop
  endfacet
  facet normal 0 0 1
    outer loop
      vertex 57.926 16.3142 62.34
      vertex 49.5 1.2 62.34
      vertex 58.0646 16.2646 62.34
    endloop
  endfacet
  facet normal 0 0 1
    outer loop
      vertex 57.7929 16.3771 62.34
      vertex 49.5 1.2 62.34
      vertex 57.926 16.3142 62.34
    endloop
  endfacet
  facet normal 0 0 1
    outer loop
      vertex 57.6666 16.4528 62.34
      vertex 49.5 1.2 62.34
      vertex 57.7929 16.3771 62.34
    endloop
  endfacet
  facet normal 0 0 1
    outer loop
      vertex 57.5484 16.5405 62.34
      vertex 49.5 1.2 62.34
      vertex 57.6666 16.4528 62.34
    endloop
  endfacet
  facet normal 0 0 1
    outer loop
      vertex 57.4393 16.6393 62.34
      vertex 49.5 1.2 62.34
      vertex 57.5484 16.5405 62.34
    endloop
  endfacet
  facet normal 0 0 1
    outer loop
      vertex 57.3405 16.7484 62.34
      vertex 49.5 1.2 62.34
      vertex 57.4393 16.6393 62.34
    endloop
  endfacet
  facet normal 0 0 1
    outer loop
      vertex 57.2528 16.8666 62.34
      vertex 49.5 1.2 62.34
      vertex 57.3405 16.7484 62.34
    endloop
  endfacet
  facet normal 0 0 1
    outer loop
      vertex 57.1771 16.9929 62.34
      vertex 49.5 1.2 62.34
      vertex 57.2528 16.8666 62.34
    endloop
  endfacet
  facet normal 0 0 1
    outer loop
      vertex 57.1142 17.126 62.34
      vertex 49.5 1.2 62.34
      vertex 57.1771 16.9929 62.34
    endloop
  endfacet
  facet normal 0 0 1
    outer loop
      vertex 57.0646 17.2646 62.34
      vertex 49.5 1.2 62.34
      vertex 57.1142 17.126 62.34
    endloop
  endfacet
  facet normal 0 0 -1
    outer loop
      vertex 78.365 2.75 40.34
      vertex 68.165 27.65 40.34
      vertex 78.365 27.65 40.34
    endloop
  endfacet
  facet normal 0 0 -1
    outer loop
      vertex 68.165 27.65 40.34
      vertex 58.965 27.65 40.34
      vertex 68.165 28.5 40.34
    endloop
  endfacet
  facet normal 0 0 -1
    outer loop
      vertex 49.5 2.75 40.34
      vertex 68.165 27.65 40.34
      vertex 78.365 2.75 40.34
    endloop
  endfacet
  facet normal -0 0 -1
    outer loop
      vertex 68.165 27.65 40.34
      vertex 49.5 2.75 40.34
      vertex 58.965 27.65 40.34
    endloop
  endfacet
  facet normal 0 0 -1
    outer loop
      vertex 49.5 34.2 40.34
      vertex 55.395 27.65 40.34
      vertex 49.5 2.75 40.34
    endloop
  endfacet
  facet normal -0 0 -1
    outer loop
      vertex 58.965 27.65 40.34
      vertex 49.5 2.75 40.34
      vertex 55.395 27.65 40.34
    endloop
  endfacet
  facet normal 0 0 -1
    outer loop
      vertex 95.2594 18.1129 40.34
      vertex 98.9 20.4 40.34
      vertex 98.7545 18.0531 40.34
    endloop
  endfacet
  facet normal 0 0 -1
    outer loop
      vertex 100.5 1.2 40.34
      vertex 99.8045 20.4 40.34
      vertex 100.5 34.2 40.34
    endloop
  endfacet
  facet normal 0 0 -1
    outer loop
      vertex 100.5 1.2 40.34
      vertex 99.7835 19.7372 40.34
      vertex 99.8045 20.4 40.34
    endloop
  endfacet
  facet normal 0 0 -1
    outer loop
      vertex 100.5 1.2 40.34
      vertex 99.7649 19.1449 40.34
      vertex 99.7835 19.7372 40.34
    endloop
  endfacet
  facet normal 0 0 -1
    outer loop
      vertex 100.5 1.2 40.34
      vertex 99.7022 18.4847 40.34
      vertex 99.7649 19.1449 40.34
    endloop
  endfacet
  facet normal 0 0 -1
    outer loop
      vertex 100.5 1.2 40.34
      vertex 99.6462 17.8947 40.34
      vertex 99.7022 18.4847 40.34
    endloop
  endfacet
  facet normal 0 0 -1
    outer loop
      vertex 100.5 1.2 40.34
      vertex 99.542 17.2398 40.34
      vertex 99.6462 17.8947 40.34
    endloop
  endfacet
  facet normal 0 0 -1
    outer loop
      vertex 100.5 1.2 40.34
      vertex 99.4489 16.6546 40.34
      vertex 99.542 17.2398 40.34
    endloop
  endfacet
  facet normal 0 0 -1
    outer loop
      vertex 100.5 1.2 40.34
      vertex 99.3036 16.0075 40.34
      vertex 99.4489 16.6546 40.34
    endloop
  endfacet
  facet normal 0 0 -1
    outer loop
      vertex 100.5 1.2 40.34
      vertex 99.1738 15.4293 40.34
      vertex 99.3036 16.0075 40.34
    endloop
  endfacet
  facet normal 0 0 -1
    outer loop
      vertex 100.5 1.2 40.34
      vertex 98.988 14.7927 40.34
      vertex 99.1738 15.4293 40.34
    endloop
  endfacet
  facet normal 0 0 -1
    outer loop
      vertex 100.5 1.2 40.34
      vertex 98.822 14.2239 40.34
      vertex 98.988 14.7927 40.34
    endloop
  endfacet
  facet normal 0 0 -1
    outer loop
      vertex 100.5 1.2 40.34
      vertex 98.5965 13.6002 40.34
      vertex 98.822 14.2239 40.34
    endloop
  endfacet
  facet normal 0 0 -1
    outer loop
      vertex 100.5 1.2 40.34
      vertex 98.3949 13.043 40.34
      vertex 98.5965 13.6002 40.34
    endloop
  endfacet
  facet normal 0 0 -1
    outer loop
      vertex 100.5 1.2 40.34
      vertex 98.1305 12.4348 40.34
      vertex 98.3949 13.043 40.34
    endloop
  endfacet
  facet normal 0 0 -1
    outer loop
      vertex 100.5 1.2 40.34
      vertex 97.8942 11.8914 40.34
      vertex 98.1305 12.4348 40.34
    endloop
  endfacet
  facet normal 0 0 -1
    outer loop
      vertex 100.5 1.2 40.34
      vertex 97.5919 11.3011 40.34
      vertex 97.8942 11.8914 40.34
    endloop
  endfacet
  facet normal 0 0 -1
    outer loop
      vertex 100.5 1.2 40.34
      vertex 97.3218 10.7736 40.34
      vertex 97.5919 11.3011 40.34
    endloop
  endfacet
  facet normal 0 0 -1
    outer loop
      vertex 100.5 1.2 40.34
      vertex 96.983 10.2036 40.34
      vertex 97.3218 10.7736 40.34
    endloop
  endfacet
  facet normal 0 0 -1
    outer loop
      vertex 100.5 1.2 40.34
      vertex 96.6802 9.6942 40.34
      vertex 96.983 10.2036 40.34
    endloop
  endfacet
  facet normal 0 0 -1
    outer loop
      vertex 100.5 1.2 40.34
      vertex 96.306 9.14668 40.34
      vertex 96.6802 9.6942 40.34
    endloop
  endfacet
  facet normal 0 0 -1
    outer loop
      vertex 100.5 1.2 40.34
      vertex 95.9717 8.65739 40.34
      vertex 96.306 9.14668 40.34
    endloop
  endfacet
  facet normal 0 0 -1
    outer loop
      vertex 100.5 1.2 40.34
      vertex 95.5638 8.13455 40.34
      vertex 95.9717 8.65739 40.34
    endloop
  endfacet
  facet normal 0 0 -1
    outer loop
      vertex 100.5 1.2 40.34
      vertex 95.1992 7.66732 40.34
      vertex 95.5638 8.13455 40.34
    endloop
  endfacet
  facet normal 0 0 -1
    outer loop
      vertex 100.5 1.2 40.34
      vertex 94.7592 7.17124 40.34
      vertex 95.1992 7.66732 40.34
    endloop
  endfacet
  facet normal 0 0 -1
    outer loop
      vertex 100.5 1.2 40.34
      vertex 94.3659 6.72792 40.34
      vertex 94.7592 7.17124 40.34
    endloop
  endfacet
  facet normal 0 0 -1
    outer loop
      vertex 100.5 1.2 40.34
      vertex 93.8954 6.26058 40.34
      vertex 94.3659 6.72792 40.34
    endloop
  endfacet
  facet normal 0 0 -1
    outer loop
      vertex 100.5 1.2 40.34
      vertex 93.475 5.84294 40.34
      vertex 93.8954 6.26058 40.34
    endloop
  endfacet
  facet normal 0 0 -1
    outer loop
      vertex 100.5 1.2 40.34
      vertex 92.976 5.4062 40.34
      vertex 93.475 5.84294 40.34
    endloop
  endfacet
  facet normal 0 0 -1
    outer loop
      vertex 100.5 1.2 40.34
      vertex 92.53 5.01591 40.34
      vertex 92.976 5.4062 40.34
    endloop
  endfacet
  facet normal 0 0 -1
    outer loop
      vertex 100.5 1.2 40.34
      vertex 92.0045 4.6115 40.34
      vertex 92.53 5.01591 40.34
    endloop
  endfacet
  facet normal 0 0 -1
    outer loop
      vertex 100.5 1.2 40.34
      vertex 91.5348 4.25011 40.34
      vertex 92.0045 4.6115 40.34
    endloop
  endfacet
  facet normal 0 0 -1
    outer loop
      vertex 100.5 1.2 40.34
      vertex 90.9848 3.87965 40.34
      vertex 91.5348 4.25011 40.34
    endloop
  endfacet
  facet normal 0 0 -1
    outer loop
      vertex 100.5 1.2 40.34
      vertex 90.4933 3.54858 40.34
      vertex 90.9848 3.87965 40.34
    endloop
  endfacet
  facet normal 0 0 -1
    outer loop
      vertex 100.5 1.2 40.34
      vertex 89.921 3.21354 40.34
      vertex 90.4933 3.54858 40.34
    endloop
  endfacet
  facet normal 0 0 -1
    outer loop
      vertex 100.5 1.2 40.34
      vertex 89.4096 2.91413 40.34
      vertex 89.921 3.21354 40.34
    endloop
  endfacet
  facet normal 0 0 -1
    outer loop
      vertex 100.5 1.2 40.34
      vertex 88.8173 2.61584 40.34
      vertex 89.4096 2.91413 40.34
    endloop
  endfacet
  facet normal 0 0 -1
    outer loop
      vertex 100.5 1.2 40.34
      vertex 88.288 2.34928 40.34
      vertex 88.8173 2.61584 40.34
    endloop
  endfacet
  facet normal 0 0 -1
    outer loop
      vertex 100.5 1.2 40.34
      vertex 87.6781 2.08893 40.34
      vertex 88.288 2.34928 40.34
    endloop
  endfacet
  facet normal 0 0 -1
    outer loop
      vertex 100.5 1.2 40.34
      vertex 87.1331 1.85627 40.34
      vertex 87.6781 2.08893 40.34
    endloop
  endfacet
  facet normal 0 0 -1
    outer loop
      vertex 100.5 1.2 40.34
      vertex 86.3571 1.56331 40.34
      vertex 87.1331 1.85627 40.34
    endloop
  endfacet
  facet normal 0 0 -1
    outer loop
      vertex 100.5 1.2 40.34
      vertex 86.1 1.47117 40.34
      vertex 86.3571 1.56331 40.34
    endloop
  endfacet
  facet normal 0 0 -1
    outer loop
      vertex 86.1 1.47117 40.34
      vertex 79.065 2.01472 40.34
      vertex 86.1 2.44004 40.34
    endloop
  endfacet
  facet normal 0 0 -1
    outer loop
      vertex 49.5 1.2 40.34
      vertex 86.1 1.47117 40.34
      vertex 100.5 1.2 40.34
    endloop
  endfacet
  facet normal 0 0 -1
    outer loop
      vertex 49.5 1.2 40.34
      vertex 79.065 2.01472 40.34
      vertex 86.1 1.47117 40.34
    endloop
  endfacet
  facet normal -0 0 -1
    outer loop
      vertex 79.065 2.01472 40.34
      vertex 49.5 1.2 40.34
      vertex 49.5 2.01472 40.34
    endloop
  endfacet
  facet normal 0 0 -1
    outer loop
      vertex 99.8045 27.5 40.34
      vertex 100.5 34.2 40.34
      vertex 99.8045 20.4 40.34
    endloop
  endfacet
  facet normal 0 0 -1
    outer loop
      vertex 98.9 27.5 40.34
      vertex 100.5 34.2 40.34
      vertex 99.8045 27.5 40.34
    endloop
  endfacet
  facet normal 0 0 -1
    outer loop
      vertex 95.8829 17.2153 40.34
      vertex 98.7545 18.0531 40.34
      vertex 98.3202 15.7421 40.34
    endloop
  endfacet
  facet normal 0 0 -1
    outer loop
      vertex 95.4603 16.309 40.34
      vertex 98.3202 15.7421 40.34
      vertex 97.6038 13.5024 40.34
    endloop
  endfacet
  facet normal 0 0 -1
    outer loop
      vertex 93.4106 11.9134 40.34
      vertex 97.6038 13.5024 40.34
      vertex 96.6162 11.3684 40.34
    endloop
  endfacet
  facet normal -0 0 -1
    outer loop
      vertex 98.7545 18.0531 40.34
      vertex 95.8829 17.2153 40.34
      vertex 95.2594 18.1129 40.34
    endloop
  endfacet
  facet normal 0 0 -1
    outer loop
      vertex 98.9 20.4 40.34
      vertex 95.2594 18.1129 40.34
      vertex 95.0913 18.1913 40.34
    endloop
  endfacet
  facet normal 0 0 -1
    outer loop
      vertex 98.9 20.4 40.34
      vertex 95.0913 18.1913 40.34
      vertex 94.9513 18.2566 40.34
    endloop
  endfacet
  facet normal 0 0 -1
    outer loop
      vertex 94.8372 18.3098 40.34
      vertex 98.9 20.4 40.34
      vertex 94.9513 18.2566 40.34
    endloop
  endfacet
  facet normal 0 0 -1
    outer loop
      vertex 94.7369 18.3566 40.34
      vertex 98.9 20.4 40.34
      vertex 94.8372 18.3098 40.34
    endloop
  endfacet
  facet normal 0 0 -1
    outer loop
      vertex 94.9263 28.8 40.34
      vertex 98.9 27.5 40.34
      vertex 94.9263 28.3 40.34
    endloop
  endfacet
  facet normal 0 0 -1
    outer loop
      vertex 98.9 27.5 40.34
      vertex 94.9263 28.8 40.34
      vertex 100.5 34.2 40.34
    endloop
  endfacet
  facet normal 0 0 -1
    outer loop
      vertex 93.2082 28.8 40.34
      vertex 100.5 34.2 40.34
      vertex 94.9263 28.8 40.34
    endloop
  endfacet
  facet normal 0 0 -1
    outer loop
      vertex 92.9374 18.5888 40.34
      vertex 79.065 28.5 40.34
      vertex 93.2082 27.3 40.34
    endloop
  endfacet
  facet normal 0 0 -1
    outer loop
      vertex 91.3566 12.8712 40.34
      vertex 93.3839 17.2773 40.34
      vertex 91.3705 12.8647 40.34
    endloop
  endfacet
  facet normal 0 0 -1
    outer loop
      vertex 91.3414 12.8783 40.34
      vertex 93.3839 17.2773 40.34
      vertex 91.3566 12.8712 40.34
    endloop
  endfacet
  facet normal -0 0 -1
    outer loop
      vertex 93.3839 17.2773 40.34
      vertex 91.3414 12.8783 40.34
      vertex 93.3645 17.2863 40.34
    endloop
  endfacet
  facet normal 0 0 -1
    outer loop
      vertex 91.3248 12.8861 40.34
      vertex 93.3645 17.2863 40.34
      vertex 91.3414 12.8783 40.34
    endloop
  endfacet
  facet normal -0 0 -1
    outer loop
      vertex 93.3645 17.2863 40.34
      vertex 91.3248 12.8861 40.34
      vertex 93.3426 17.2965 40.34
    endloop
  endfacet
  facet normal 0 0 -1
    outer loop
      vertex 91.3063 12.8947 40.34
      vertex 93.3426 17.2965 40.34
      vertex 91.3248 12.8861 40.34
    endloop
  endfacet
  facet normal -0 0 -1
    outer loop
      vertex 93.3426 17.2965 40.34
      vertex 91.3063 12.8947 40.34
      vertex 93.318 17.308 40.34
    endloop
  endfacet
  facet normal 0 0 -1
    outer loop
      vertex 91.2859 12.9042 40.34
      vertex 93.318 17.308 40.34
      vertex 91.3063 12.8947 40.34
    endloop
  endfacet
  facet normal -0 0 -1
    outer loop
      vertex 93.318 17.308 40.34
      vertex 91.2859 12.9042 40.34
      vertex 93.2899 17.3211 40.34
    endloop
  endfacet
  facet normal 0 0 -1
    outer loop
      vertex 91.2629 12.9149 40.34
      vertex 93.2899 17.3211 40.34
      vertex 91.2859 12.9042 40.34
    endloop
  endfacet
  facet normal 0 0 -1
    outer loop
      vertex 91.2371 12.9269 40.34
      vertex 93.2899 17.3211 40.34
      vertex 91.2629 12.9149 40.34
    endloop
  endfacet
  facet normal -0 0 -1
    outer loop
      vertex 93.2899 17.3211 40.34
      vertex 91.2371 12.9269 40.34
      vertex 93.2577 17.3361 40.34
    endloop
  endfacet
  facet normal 0 0 -1
    outer loop
      vertex 91.208 12.9405 40.34
      vertex 93.2577 17.3361 40.34
      vertex 91.2371 12.9269 40.34
    endloop
  endfacet
  facet normal -0 0 -1
    outer loop
      vertex 93.2577 17.3361 40.34
      vertex 91.208 12.9405 40.34
      vertex 92.5148 17.6825 40.34
    endloop
  endfacet
  facet normal 0 0 -1
    outer loop
      vertex 90.4651 13.2869 40.34
      vertex 92.5148 17.6825 40.34
      vertex 91.208 12.9405 40.34
    endloop
  endfacet
  facet normal 0 0 -1
    outer loop
      vertex 79.065 28.5 40.34
      vertex 92.5148 17.6825 40.34
      vertex 90.4651 13.2869 40.34
    endloop
  endfacet
  facet normal 0 0 -1
    outer loop
      vertex 79.065 28.5 40.34
      vertex 90.4651 13.2869 40.34
      vertex 90.0425 12.3806 40.34
    endloop
  endfacet
  facet normal 0 0 -1
    outer loop
      vertex 86.1 2.44004 40.34
      vertex 90.0425 12.3806 40.34
      vertex 88.271 3.34343 40.34
    endloop
  endfacet
  facet normal 0 0 -1
    outer loop
      vertex 79.065 2.01472 40.34
      vertex 90.0425 12.3806 40.34
      vertex 86.1 2.44004 40.34
    endloop
  endfacet
  facet normal -0 0 -1
    outer loop
      vertex 90.0425 12.3806 40.34
      vertex 79.065 2.01472 40.34
      vertex 79.065 28.5 40.34
    endloop
  endfacet
  facet normal 0 0 -1
    outer loop
      vertex 93.2082 27.3 40.34
      vertex 79.065 28.5 40.34
      vertex 93.2082 28.8 40.34
    endloop
  endfacet
  facet normal 0 0 -1
    outer loop
      vertex 79.065 28.5 40.34
      vertex 100.5 34.2 40.34
      vertex 93.2082 28.8 40.34
    endloop
  endfacet
  facet normal 0 0 -1
    outer loop
      vertex 49.5 34.2 40.34
      vertex 79.065 28.5 40.34
      vertex 68.165 28.5 40.34
    endloop
  endfacet
  facet normal 0 0 -1
    outer loop
      vertex 58.965 28.5 40.34
      vertex 68.165 28.5 40.34
      vertex 58.965 27.65 40.34
    endloop
  endfacet
  facet normal 0 0 -1
    outer loop
      vertex 49.5 34.2 40.34
      vertex 68.165 28.5 40.34
      vertex 58.965 28.5 40.34
    endloop
  endfacet
  facet normal 0 0 -1
    outer loop
      vertex 49.5 34.2 40.34
      vertex 58.965 28.5 40.34
      vertex 55.395 28.5 40.34
    endloop
  endfacet
  facet normal 0 0 -1
    outer loop
      vertex 79.065 28.5 40.34
      vertex 49.5 34.2 40.34
      vertex 100.5 34.2 40.34
    endloop
  endfacet
  facet normal 0 0 -1
    outer loop
      vertex 55.395 27.65 40.34
      vertex 49.5 34.2 40.34
      vertex 55.395 28.5 40.34
    endloop
  endfacet
  facet normal 0 0 -1
    outer loop
      vertex 90.7228 11.6583 40.34
      vertex 90.6516 12.0966 40.34
      vertex 90.8426 12.0075 40.34
    endloop
  endfacet
  facet normal 0 0 -1
    outer loop
      vertex 90.3833 12.2217 40.34
      vertex 90.7228 11.6583 40.34
      vertex 90.666 11.483 40.34
    endloop
  endfacet
  facet normal 0 0 -1
    outer loop
      vertex 93.2782 18.4299 40.34
      vertex 94.0054 18.6555 40.34
      vertex 93.3741 18.3852 40.34
    endloop
  endfacet
  facet normal -0 0 -1
    outer loop
      vertex 94.0054 18.6555 40.34
      vertex 93.2782 18.4299 40.34
      vertex 94.0258 18.6882 40.34
    endloop
  endfacet
  facet normal 0 0 -1
    outer loop
      vertex 93.2211 18.4566 40.34
      vertex 94.0258 18.6882 40.34
      vertex 93.2782 18.4299 40.34
    endloop
  endfacet
  facet normal 0 0 -1
    outer loop
      vertex 92.9374 18.5888 40.34
      vertex 94.0258 18.6882 40.34
      vertex 93.2211 18.4566 40.34
    endloop
  endfacet
  facet normal 0 -0 -1
    outer loop
      vertex 93.2082 27.3 40.34
      vertex 94.0258 18.6882 40.34
      vertex 92.9374 18.5888 40.34
    endloop
  endfacet
  facet normal 0 0 -1
    outer loop
      vertex 79.065 28.5 40.34
      vertex 92.9374 18.5888 40.34
      vertex 92.5148 17.6825 40.34
    endloop
  endfacet
  facet normal 0 0 -1
    outer loop
      vertex 94.0258 18.6882 40.34
      vertex 93.2082 27.3 40.34
      vertex 93.7082 27.3 40.34
    endloop
  endfacet
  facet normal 0 0 -1
    outer loop
      vertex 94.6426 18.4006 40.34
      vertex 98.9 20.4 40.34
      vertex 94.7369 18.3566 40.34
    endloop
  endfacet
  facet normal 0 0 -1
    outer loop
      vertex 94.5483 18.4445 40.34
      vertex 98.9 20.4 40.34
      vertex 94.6426 18.4006 40.34
    endloop
  endfacet
  facet normal 0 0 -1
    outer loop
      vertex 94.448 18.4913 40.34
      vertex 98.9 20.4 40.34
      vertex 94.5483 18.4445 40.34
    endloop
  endfacet
  facet normal 0 0 -1
    outer loop
      vertex 94.3339 18.5445 40.34
      vertex 98.9 20.4 40.34
      vertex 94.448 18.4913 40.34
    endloop
  endfacet
  facet normal 0 0 -1
    outer loop
      vertex 94.1939 18.6098 40.34
      vertex 98.9 20.4 40.34
      vertex 94.3339 18.5445 40.34
    endloop
  endfacet
  facet normal 0 0 -1
    outer loop
      vertex 98.9 20.4 40.34
      vertex 93.7082 27.3 40.34
      vertex 98.9 27.5 40.34
    endloop
  endfacet
  facet normal 0 0 -1
    outer loop
      vertex 94.0258 18.6882 40.34
      vertex 98.9 20.4 40.34
      vertex 94.1939 18.6098 40.34
    endloop
  endfacet
  facet normal -0 0 -1
    outer loop
      vertex 98.9 20.4 40.34
      vertex 94.0258 18.6882 40.34
      vertex 93.7082 27.3 40.34
    endloop
  endfacet
  facet normal -0 0 -1
    outer loop
      vertex 93.9281 18.532 40.34
      vertex 93.3741 18.3852 40.34
      vertex 94.0054 18.6555 40.34
    endloop
  endfacet
  facet normal 0 0 -1
    outer loop
      vertex 93.3741 18.3852 40.34
      vertex 93.9281 18.532 40.34
      vertex 93.5308 18.3122 40.34
    endloop
  endfacet
  facet normal 0 0 -1
    outer loop
      vertex 93.5308 18.3122 40.34
      vertex 93.9281 18.532 40.34
      vertex 93.7744 18.277 40.34
    endloop
  endfacet
  facet normal 0 0 -1
    outer loop
      vertex 93.5308 18.3122 40.34
      vertex 93.7744 18.277 40.34
      vertex 93.7375 18.2157 40.34
    endloop
  endfacet
  facet normal -0 0 -1
    outer loop
      vertex 98.9 27.5 40.34
      vertex 93.7082 27.3 40.34
      vertex 94.9263 28.3 40.34
    endloop
  endfacet
  facet normal -0 0 -1
    outer loop
      vertex 94.9263 28.3 40.34
      vertex 93.7082 27.3 40.34
      vertex 93.7082 28.3 40.34
    endloop
  endfacet
  facet normal 0 0 -1
    outer loop
      vertex 95.8829 17.2153 40.34
      vertex 95.2026 17.9377 40.34
      vertex 95.2594 18.1129 40.34
    endloop
  endfacet
  facet normal 0 0 -1
    outer loop
      vertex 95.1376 17.5629 40.34
      vertex 95.2026 17.9377 40.34
      vertex 95.8829 17.2153 40.34
    endloop
  endfacet
  facet normal 0 0 -1
    outer loop
      vertex 95.0968 17.5819 40.34
      vertex 95.2026 17.9377 40.34
      vertex 95.1376 17.5629 40.34
    endloop
  endfacet
  facet normal 0 0 -1
    outer loop
      vertex 95.0898 17.5852 40.34
      vertex 95.2026 17.9377 40.34
      vertex 95.0968 17.5819 40.34
    endloop
  endfacet
  facet normal 0 0 -1
    outer loop
      vertex 95.2026 17.9377 40.34
      vertex 95.0898 17.5852 40.34
      vertex 95.0828 17.5884 40.34
    endloop
  endfacet
  facet normal 0 0 -1
    outer loop
      vertex 98.3202 15.7421 40.34
      vertex 95.4603 16.309 40.34
      vertex 95.8829 17.2153 40.34
    endloop
  endfacet
  facet normal 0 0 -1
    outer loop
      vertex 93.4106 11.9134 40.34
      vertex 96.6162 11.3684 40.34
      vertex 95.3726 9.37276 40.34
    endloop
  endfacet
  facet normal -0 0 -1
    outer loop
      vertex 97.6038 13.5024 40.34
      vertex 93.4106 11.9134 40.34
      vertex 95.4603 16.309 40.34
    endloop
  endfacet
  facet normal -0 0 -1
    outer loop
      vertex 95.4603 16.309 40.34
      vertex 93.4106 11.9134 40.34
      vertex 94.7175 16.6554 40.34
    endloop
  endfacet
  facet normal 0 0 -1
    outer loop
      vertex 92.6678 12.2598 40.34
      vertex 94.7175 16.6554 40.34
      vertex 93.4106 11.9134 40.34
    endloop
  endfacet
  facet normal -0 0 -1
    outer loop
      vertex 94.7175 16.6554 40.34
      vertex 92.6678 12.2598 40.34
      vertex 94.6853 16.6704 40.34
    endloop
  endfacet
  facet normal 0 0 -1
    outer loop
      vertex 92.6356 12.2748 40.34
      vertex 94.6853 16.6704 40.34
      vertex 92.6678 12.2598 40.34
    endloop
  endfacet
  facet normal -0 0 -1
    outer loop
      vertex 94.6853 16.6704 40.34
      vertex 92.6356 12.2748 40.34
      vertex 94.6572 16.6835 40.34
    endloop
  endfacet
  facet normal 0 0 -1
    outer loop
      vertex 92.6075 12.2879 40.34
      vertex 94.6572 16.6835 40.34
      vertex 92.6356 12.2748 40.34
    endloop
  endfacet
  facet normal -0 0 -1
    outer loop
      vertex 94.6572 16.6835 40.34
      vertex 92.6075 12.2879 40.34
      vertex 94.6325 16.695 40.34
    endloop
  endfacet
  facet normal 0 0 -1
    outer loop
      vertex 92.5828 12.2994 40.34
      vertex 94.6325 16.695 40.34
      vertex 92.6075 12.2879 40.34
    endloop
  endfacet
  facet normal -0 0 -1
    outer loop
      vertex 94.6325 16.695 40.34
      vertex 92.5828 12.2994 40.34
      vertex 94.6107 16.7052 40.34
    endloop
  endfacet
  facet normal 0 0 -1
    outer loop
      vertex 92.988 11.0071 40.34
      vertex 95.3726 9.37276 40.34
      vertex 93.8919 7.54599 40.34
    endloop
  endfacet
  facet normal -0 0 -1
    outer loop
      vertex 94.6107 16.7052 40.34
      vertex 92.5828 12.2994 40.34
      vertex 94.5912 16.7143 40.34
    endloop
  endfacet
  facet normal 0 0 -1
    outer loop
      vertex 92.561 12.3096 40.34
      vertex 94.5912 16.7143 40.34
      vertex 92.5828 12.2994 40.34
    endloop
  endfacet
  facet normal -0 0 -1
    outer loop
      vertex 94.5912 16.7143 40.34
      vertex 92.561 12.3096 40.34
      vertex 94.5737 16.7225 40.34
    endloop
  endfacet
  facet normal 0 0 -1
    outer loop
      vertex 92.5415 12.3187 40.34
      vertex 94.5737 16.7225 40.34
      vertex 92.561 12.3096 40.34
    endloop
  endfacet
  facet normal -0 0 -1
    outer loop
      vertex 94.5737 16.7225 40.34
      vertex 92.5415 12.3187 40.34
      vertex 94.5579 16.7298 40.34
    endloop
  endfacet
  facet normal 0 0 -1
    outer loop
      vertex 95.3726 9.37276 40.34
      vertex 92.988 11.0071 40.34
      vertex 93.4106 11.9134 40.34
    endloop
  endfacet
  facet normal 0 0 -1
    outer loop
      vertex 91.8996 10.9078 40.34
      vertex 92.988 11.0071 40.34
      vertex 93.8919 7.54599 40.34
    endloop
  endfacet
  facet normal -0 0 -1
    outer loop
      vertex 92.988 11.0071 40.34
      vertex 91.8996 10.9078 40.34
      vertex 92.5513 11.2108 40.34
    endloop
  endfacet
  facet normal 0 0 -1
    outer loop
      vertex 91.8996 10.9078 40.34
      vertex 93.8919 7.54599 40.34
      vertex 92.197 5.9161 40.34
    endloop
  endfacet
  facet normal 0 -0 -1
    outer loop
      vertex 91.9201 10.9404 40.34
      vertex 92.5513 11.2108 40.34
      vertex 91.8996 10.9078 40.34
    endloop
  endfacet
  facet normal 0 0 -1
    outer loop
      vertex 92.3947 11.2838 40.34
      vertex 92.151 11.3189 40.34
      vertex 92.1879 11.3802 40.34
    endloop
  endfacet
  facet normal -0 0 -1
    outer loop
      vertex 92.3947 11.2838 40.34
      vertex 91.9973 11.064 40.34
      vertex 92.151 11.3189 40.34
    endloop
  endfacet
  facet normal -0 0 -1
    outer loop
      vertex 92.5513 11.2108 40.34
      vertex 91.9973 11.064 40.34
      vertex 92.3947 11.2838 40.34
    endloop
  endfacet
  facet normal 0 -0 -1
    outer loop
      vertex 91.9973 11.064 40.34
      vertex 92.5513 11.2108 40.34
      vertex 91.9201 10.9404 40.34
    endloop
  endfacet
  facet normal 0 0 -1
    outer loop
      vertex 92.197 5.9161 40.34
      vertex 91.7315 10.9862 40.34
      vertex 91.8996 10.9078 40.34
    endloop
  endfacet
  facet normal 0 0 -1
    outer loop
      vertex 92.197 5.9161 40.34
      vertex 91.5915 11.0514 40.34
      vertex 91.7315 10.9862 40.34
    endloop
  endfacet
  facet normal 0 0 -1
    outer loop
      vertex 92.197 5.9161 40.34
      vertex 91.4774 11.1046 40.34
      vertex 91.5915 11.0514 40.34
    endloop
  endfacet
  facet normal 0 0 -1
    outer loop
      vertex 92.197 5.9161 40.34
      vertex 91.3771 11.1514 40.34
      vertex 91.4774 11.1046 40.34
    endloop
  endfacet
  facet normal 0 0 -1
    outer loop
      vertex 92.197 5.9161 40.34
      vertex 91.2828 11.1954 40.34
      vertex 91.3771 11.1514 40.34
    endloop
  endfacet
  facet normal 0 0 -1
    outer loop
      vertex 92.197 5.9161 40.34
      vertex 91.1885 11.2394 40.34
      vertex 91.2828 11.1954 40.34
    endloop
  endfacet
  facet normal 0 0 -1
    outer loop
      vertex 92.197 5.9161 40.34
      vertex 91.0882 11.2862 40.34
      vertex 91.1885 11.2394 40.34
    endloop
  endfacet
  facet normal 0 0 -1
    outer loop
      vertex 92.197 5.9161 40.34
      vertex 90.9741 11.3394 40.34
      vertex 91.0882 11.2862 40.34
    endloop
  endfacet
  facet normal 0 0 -1
    outer loop
      vertex 92.197 5.9161 40.34
      vertex 90.8341 11.4046 40.34
      vertex 90.9741 11.3394 40.34
    endloop
  endfacet
  facet normal 0 0 -1
    outer loop
      vertex 92.197 5.9161 40.34
      vertex 90.666 11.483 40.34
      vertex 90.8341 11.4046 40.34
    endloop
  endfacet
  facet normal 0 0 -1
    outer loop
      vertex 90.7228 11.6583 40.34
      vertex 90.6358 12.104 40.34
      vertex 90.6516 12.0966 40.34
    endloop
  endfacet
  facet normal 0 0 -1
    outer loop
      vertex 90.7228 11.6583 40.34
      vertex 90.4792 12.177 40.34
      vertex 90.6358 12.104 40.34
    endloop
  endfacet
  facet normal 0 0 -1
    outer loop
      vertex 90.7228 11.6583 40.34
      vertex 90.3833 12.2217 40.34
      vertex 90.4792 12.177 40.34
    endloop
  endfacet
  facet normal 0 0 -1
    outer loop
      vertex 90.3138 4.50806 40.34
      vertex 90.666 11.483 40.34
      vertex 92.197 5.9161 40.34
    endloop
  endfacet
  facet normal 0 0 -1
    outer loop
      vertex 88.271 3.34343 40.34
      vertex 90.666 11.483 40.34
      vertex 90.3138 4.50806 40.34
    endloop
  endfacet
  facet normal 0 0 -1
    outer loop
      vertex 90.666 11.483 40.34
      vertex 90.3261 12.2484 40.34
      vertex 90.3833 12.2217 40.34
    endloop
  endfacet
  facet normal 0 0 -1
    outer loop
      vertex 90.666 11.483 40.34
      vertex 90.2944 12.2632 40.34
      vertex 90.3261 12.2484 40.34
    endloop
  endfacet
  facet normal 0 0 -1
    outer loop
      vertex 90.666 11.483 40.34
      vertex 90.0425 12.3806 40.34
      vertex 90.2944 12.2632 40.34
    endloop
  endfacet
  facet normal -0 0 -1
    outer loop
      vertex 90.666 11.483 40.34
      vertex 88.271 3.34343 40.34
      vertex 90.0425 12.3806 40.34
    endloop
  endfacet
  facet normal 0 0 -1
    outer loop
      vertex 92.524 12.3269 40.34
      vertex 94.5579 16.7298 40.34
      vertex 92.5415 12.3187 40.34
    endloop
  endfacet
  facet normal -0 0 -1
    outer loop
      vertex 94.5579 16.7298 40.34
      vertex 92.524 12.3269 40.34
      vertex 94.5435 16.7365 40.34
    endloop
  endfacet
  facet normal 0 0 -1
    outer loop
      vertex 92.5082 12.3342 40.34
      vertex 94.5435 16.7365 40.34
      vertex 92.524 12.3269 40.34
    endloop
  endfacet
  facet normal -0 0 -1
    outer loop
      vertex 94.5435 16.7365 40.34
      vertex 92.5082 12.3342 40.34
      vertex 94.5304 16.7426 40.34
    endloop
  endfacet
  facet normal 0 0 -1
    outer loop
      vertex 92.4938 12.3409 40.34
      vertex 94.5304 16.7426 40.34
      vertex 92.5082 12.3342 40.34
    endloop
  endfacet
  facet normal 0 0 -1
    outer loop
      vertex 92.4807 12.347 40.34
      vertex 94.5304 16.7426 40.34
      vertex 92.4938 12.3409 40.34
    endloop
  endfacet
  facet normal 0 0 -1
    outer loop
      vertex 92.1578 12.4976 40.34
      vertex 94.5304 16.7426 40.34
      vertex 92.4807 12.347 40.34
    endloop
  endfacet
  facet normal -0 0 -1
    outer loop
      vertex 94.5304 16.7426 40.34
      vertex 92.1578 12.4976 40.34
      vertex 93.7676 17.0983 40.34
    endloop
  endfacet
  facet normal 0 0 -1
    outer loop
      vertex 91.395 12.8533 40.34
      vertex 93.7676 17.0983 40.34
      vertex 92.1578 12.4976 40.34
    endloop
  endfacet
  facet normal -0 0 -1
    outer loop
      vertex 93.7676 17.0983 40.34
      vertex 91.395 12.8533 40.34
      vertex 93.4447 17.2489 40.34
    endloop
  endfacet
  facet normal -0 0 -1
    outer loop
      vertex 93.4447 17.2489 40.34
      vertex 91.395 12.8533 40.34
      vertex 93.4316 17.255 40.34
    endloop
  endfacet
  facet normal -0 0 -1
    outer loop
      vertex 93.4316 17.255 40.34
      vertex 91.395 12.8533 40.34
      vertex 93.4172 17.2617 40.34
    endloop
  endfacet
  facet normal 0 0 -1
    outer loop
      vertex 91.3833 12.8588 40.34
      vertex 93.4172 17.2617 40.34
      vertex 91.395 12.8533 40.34
    endloop
  endfacet
  facet normal -0 0 -1
    outer loop
      vertex 93.4172 17.2617 40.34
      vertex 91.3833 12.8588 40.34
      vertex 93.4014 17.2691 40.34
    endloop
  endfacet
  facet normal 0 0 -1
    outer loop
      vertex 91.3705 12.8647 40.34
      vertex 93.4014 17.2691 40.34
      vertex 91.3833 12.8588 40.34
    endloop
  endfacet
  facet normal -0 0 -1
    outer loop
      vertex 93.4014 17.2691 40.34
      vertex 91.3705 12.8647 40.34
      vertex 93.3839 17.2773 40.34
    endloop
  endfacet
  facet normal -1 0 0
    outer loop
      vertex 49.5 2.75 41.1645
      vertex 49.5 34.2 40.34
      vertex 49.5 2.75 40.34
    endloop
  endfacet
  facet normal -1 0 0
    outer loop
      vertex 49.5 34.2 40.34
      vertex 49.5 2.75 41.1645
      vertex 49.5 34.2 62.34
    endloop
  endfacet
  facet normal -1 0 0
    outer loop
      vertex 49.5 1.2 40.34
      vertex 49.5 2.02133 40.355
      vertex 49.5 2.01472 40.34
    endloop
  endfacet
  facet normal -1 0 0
    outer loop
      vertex 49.5 1.2 40.34
      vertex 49.5 2.11225 40.4936
      vertex 49.5 2.02133 40.355
    endloop
  endfacet
  facet normal -1 0 0
    outer loop
      vertex 49.5 1.2 40.34
      vertex 49.5 2.60157 41.0303
      vertex 49.5 2.11225 40.4936
    endloop
  endfacet
  facet normal -1 0 0
    outer loop
      vertex 49.5 1.2 40.34
      vertex 49.5 2.75 41.1645
      vertex 49.5 2.60157 41.0303
    endloop
  endfacet
  facet normal -1 0 0
    outer loop
      vertex 49.5 1.2 62.34
      vertex 49.5 2.75 41.1645
      vertex 49.5 1.2 40.34
    endloop
  endfacet
  facet normal -1 0 0
    outer loop
      vertex 49.5 2.75 41.1645
      vertex 49.5 1.2 62.34
      vertex 49.5 34.2 62.34
    endloop
  endfacet
  facet normal 0 1 -0
    outer loop
      vertex 100.5 34.2 40.34
      vertex 49.5 34.2 62.34
      vertex 100.5 34.2 62.34
    endloop
  endfacet
  facet normal 0 1 0
    outer loop
      vertex 49.5 34.2 62.34
      vertex 100.5 34.2 40.34
      vertex 49.5 34.2 40.34
    endloop
  endfacet
  facet normal 0 -1 0
    outer loop
      vertex 49.5 1.2 40.34
      vertex 100.5 1.2 62.34
      vertex 49.5 1.2 62.34
    endloop
  endfacet
  facet normal 0 -1 -0
    outer loop
      vertex 100.5 1.2 62.34
      vertex 49.5 1.2 40.34
      vertex 100.5 1.2 40.34
    endloop
  endfacet
  facet normal -0.989174 -0.146746 0
    outer loop
      vertex 59.9928 17.847 60.34
      vertex 59.9712 17.9926 62.34
      vertex 59.9712 17.9926 60.34
    endloop
  endfacet
  facet normal -0.989174 -0.146746 0
    outer loop
      vertex 59.9712 17.9926 62.34
      vertex 59.9928 17.847 60.34
      vertex 59.9928 17.847 62.34
    endloop
  endfacet
  facet normal 0.0489209 0.998803 -0
    outer loop
      vertex 58.5 16.2 60.34
      vertex 58.353 16.2072 62.34
      vertex 58.5 16.2 62.34
    endloop
  endfacet
  facet normal 0.0489209 0.998803 0
    outer loop
      vertex 58.353 16.2072 62.34
      vertex 58.5 16.2 60.34
      vertex 58.353 16.2072 60.34
    endloop
  endfacet
  facet normal -0.74123 -0.671251 0
    outer loop
      vertex 59.6595 18.6516 60.34
      vertex 59.5607 18.7607 62.34
      vertex 59.5607 18.7607 60.34
    endloop
  endfacet
  facet normal -0.74123 -0.671251 0
    outer loop
      vertex 59.5607 18.7607 62.34
      vertex 59.6595 18.6516 60.34
      vertex 59.6595 18.6516 62.34
    endloop
  endfacet
  facet normal -0.243175 0.969982 0
    outer loop
      vertex 58.9354 16.2646 60.34
      vertex 58.7926 16.2288 62.34
      vertex 58.9354 16.2646 62.34
    endloop
  endfacet
  facet normal -0.243175 0.969982 0
    outer loop
      vertex 58.7926 16.2288 62.34
      vertex 58.9354 16.2646 60.34
      vertex 58.7926 16.2288 60.34
    endloop
  endfacet
  facet normal -0.803088 0.595861 0
    outer loop
      vertex 59.6595 16.7484 60.34
      vertex 59.7472 16.8666 62.34
      vertex 59.7472 16.8666 60.34
    endloop
  endfacet
  facet normal -0.803088 0.595861 0
    outer loop
      vertex 59.7472 16.8666 62.34
      vertex 59.6595 16.7484 60.34
      vertex 59.6595 16.7484 62.34
    endloop
  endfacet
  facet normal -0.595861 0.803088 0
    outer loop
      vertex 59.4516 16.5405 60.34
      vertex 59.3334 16.4528 62.34
      vertex 59.4516 16.5405 62.34
    endloop
  endfacet
  facet normal -0.595861 0.803088 0
    outer loop
      vertex 59.3334 16.4528 62.34
      vertex 59.4516 16.5405 60.34
      vertex 59.3334 16.4528 60.34
    endloop
  endfacet
  facet normal 0.904125 0.427269 0
    outer loop
      vertex 57.1771 16.9929 62.34
      vertex 57.1142 17.126 60.34
      vertex 57.1142 17.126 62.34
    endloop
  endfacet
  facet normal 0.904125 0.427269 0
    outer loop
      vertex 57.1142 17.126 60.34
      vertex 57.1771 16.9929 62.34
      vertex 57.1771 16.9929 60.34
    endloop
  endfacet
  facet normal 0.803088 -0.595861 0
    outer loop
      vertex 57.2528 18.5334 62.34
      vertex 57.3405 18.6516 60.34
      vertex 57.3405 18.6516 62.34
    endloop
  endfacet
  facet normal 0.803088 -0.595861 0
    outer loop
      vertex 57.3405 18.6516 60.34
      vertex 57.2528 18.5334 62.34
      vertex 57.2528 18.5334 60.34
    endloop
  endfacet
  facet normal -0.941527 -0.336939 0
    outer loop
      vertex 59.9354 18.1354 60.34
      vertex 59.8858 18.274 62.34
      vertex 59.8858 18.274 60.34
    endloop
  endfacet
  facet normal -0.941527 -0.336939 0
    outer loop
      vertex 59.8858 18.274 62.34
      vertex 59.9354 18.1354 60.34
      vertex 59.9354 18.1354 62.34
    endloop
  endfacet
  facet normal 0.941527 0.336939 0
    outer loop
      vertex 57.1142 17.126 62.34
      vertex 57.0646 17.2646 60.34
      vertex 57.0646 17.2646 62.34
    endloop
  endfacet
  facet normal 0.941527 0.336939 0
    outer loop
      vertex 57.0646 17.2646 60.34
      vertex 57.1142 17.126 62.34
      vertex 57.1142 17.126 60.34
    endloop
  endfacet
  facet normal -0.336939 -0.941527 0
    outer loop
      vertex 58.9354 19.1354 60.34
      vertex 59.074 19.0858 62.34
      vertex 58.9354 19.1354 62.34
    endloop
  endfacet
  facet normal -0.336939 -0.941527 -0
    outer loop
      vertex 59.074 19.0858 62.34
      vertex 58.9354 19.1354 60.34
      vertex 59.074 19.0858 60.34
    endloop
  endfacet
  facet normal -0.671251 0.74123 0
    outer loop
      vertex 59.5607 16.6393 60.34
      vertex 59.4516 16.5405 62.34
      vertex 59.5607 16.6393 62.34
    endloop
  endfacet
  facet normal -0.671251 0.74123 0
    outer loop
      vertex 59.4516 16.5405 62.34
      vertex 59.5607 16.6393 60.34
      vertex 59.4516 16.5405 60.34
    endloop
  endfacet
  facet normal -0.989174 0.146746 0
    outer loop
      vertex 59.9712 17.4074 60.34
      vertex 59.9928 17.553 62.34
      vertex 59.9928 17.553 60.34
    endloop
  endfacet
  facet normal -0.989174 0.146746 0
    outer loop
      vertex 59.9928 17.553 62.34
      vertex 59.9712 17.4074 60.34
      vertex 59.9712 17.4074 62.34
    endloop
  endfacet
  facet normal 0.74123 0.671251 0
    outer loop
      vertex 57.4393 16.6393 62.34
      vertex 57.3405 16.7484 60.34
      vertex 57.3405 16.7484 62.34
    endloop
  endfacet
  facet normal 0.74123 0.671251 0
    outer loop
      vertex 57.3405 16.7484 60.34
      vertex 57.4393 16.6393 62.34
      vertex 57.4393 16.6393 60.34
    endloop
  endfacet
  facet normal -0.904125 0.427269 0
    outer loop
      vertex 59.8229 16.9929 60.34
      vertex 59.8858 17.126 62.34
      vertex 59.8858 17.126 60.34
    endloop
  endfacet
  facet normal -0.904125 0.427269 0
    outer loop
      vertex 59.8858 17.126 62.34
      vertex 59.8229 16.9929 60.34
      vertex 59.8229 16.9929 62.34
    endloop
  endfacet
  facet normal 0.0489209 -0.998803 0
    outer loop
      vertex 58.353 19.1928 60.34
      vertex 58.5 19.2 62.34
      vertex 58.353 19.1928 62.34
    endloop
  endfacet
  facet normal 0.0489209 -0.998803 0
    outer loop
      vertex 58.5 19.2 62.34
      vertex 58.353 19.1928 60.34
      vertex 58.5 19.2 60.34
    endloop
  endfacet
  facet normal 0.857733 0.514096 0
    outer loop
      vertex 57.2528 16.8666 62.34
      vertex 57.1771 16.9929 60.34
      vertex 57.1771 16.9929 62.34
    endloop
  endfacet
  facet normal 0.857733 0.514096 0
    outer loop
      vertex 57.1771 16.9929 60.34
      vertex 57.2528 16.8666 62.34
      vertex 57.2528 16.8666 60.34
    endloop
  endfacet
  facet normal -0.998803 -0.0489209 0
    outer loop
      vertex 60 17.7 60.34
      vertex 59.9928 17.847 62.34
      vertex 59.9928 17.847 60.34
    endloop
  endfacet
  facet normal -0.998803 -0.0489209 0
    outer loop
      vertex 59.9928 17.847 62.34
      vertex 60 17.7 60.34
      vertex 60 17.7 62.34
    endloop
  endfacet
  facet normal -0.969982 -0.243175 0
    outer loop
      vertex 59.9712 17.9926 60.34
      vertex 59.9354 18.1354 62.34
      vertex 59.9354 18.1354 60.34
    endloop
  endfacet
  facet normal -0.969982 -0.243175 0
    outer loop
      vertex 59.9354 18.1354 62.34
      vertex 59.9712 17.9926 60.34
      vertex 59.9712 17.9926 62.34
    endloop
  endfacet
  facet normal 0.146746 -0.989174 0
    outer loop
      vertex 58.2074 19.1712 60.34
      vertex 58.353 19.1928 62.34
      vertex 58.2074 19.1712 62.34
    endloop
  endfacet
  facet normal 0.146746 -0.989174 0
    outer loop
      vertex 58.353 19.1928 62.34
      vertex 58.2074 19.1712 60.34
      vertex 58.353 19.1928 60.34
    endloop
  endfacet
  facet normal 0.243175 -0.969982 0
    outer loop
      vertex 58.0646 19.1354 60.34
      vertex 58.2074 19.1712 62.34
      vertex 58.0646 19.1354 62.34
    endloop
  endfacet
  facet normal 0.243175 -0.969982 0
    outer loop
      vertex 58.2074 19.1712 62.34
      vertex 58.0646 19.1354 60.34
      vertex 58.2074 19.1712 60.34
    endloop
  endfacet
  facet normal -0.0489209 0.998803 0
    outer loop
      vertex 58.647 16.2072 60.34
      vertex 58.5 16.2 62.34
      vertex 58.647 16.2072 62.34
    endloop
  endfacet
  facet normal -0.0489209 0.998803 0
    outer loop
      vertex 58.5 16.2 62.34
      vertex 58.647 16.2072 60.34
      vertex 58.5 16.2 60.34
    endloop
  endfacet
  facet normal 0.336939 0.941527 -0
    outer loop
      vertex 58.0646 16.2646 60.34
      vertex 57.926 16.3142 62.34
      vertex 58.0646 16.2646 62.34
    endloop
  endfacet
  facet normal 0.336939 0.941527 0
    outer loop
      vertex 57.926 16.3142 62.34
      vertex 58.0646 16.2646 60.34
      vertex 57.926 16.3142 60.34
    endloop
  endfacet
  facet normal -0.671251 -0.74123 0
    outer loop
      vertex 59.4516 18.8595 60.34
      vertex 59.5607 18.7607 62.34
      vertex 59.4516 18.8595 62.34
    endloop
  endfacet
  facet normal -0.671251 -0.74123 -0
    outer loop
      vertex 59.5607 18.7607 62.34
      vertex 59.4516 18.8595 60.34
      vertex 59.5607 18.7607 60.34
    endloop
  endfacet
  facet normal -0.514096 -0.857733 0
    outer loop
      vertex 59.2071 19.0229 60.34
      vertex 59.3334 18.9472 62.34
      vertex 59.2071 19.0229 62.34
    endloop
  endfacet
  facet normal -0.514096 -0.857733 -0
    outer loop
      vertex 59.3334 18.9472 62.34
      vertex 59.2071 19.0229 60.34
      vertex 59.3334 18.9472 60.34
    endloop
  endfacet
  facet normal -0.904125 -0.427269 0
    outer loop
      vertex 59.8858 18.274 60.34
      vertex 59.8229 18.4071 62.34
      vertex 59.8229 18.4071 60.34
    endloop
  endfacet
  facet normal -0.904125 -0.427269 0
    outer loop
      vertex 59.8229 18.4071 62.34
      vertex 59.8858 18.274 60.34
      vertex 59.8858 18.274 62.34
    endloop
  endfacet
  facet normal 0.336939 -0.941527 0
    outer loop
      vertex 57.926 19.0858 60.34
      vertex 58.0646 19.1354 62.34
      vertex 57.926 19.0858 62.34
    endloop
  endfacet
  facet normal 0.336939 -0.941527 0
    outer loop
      vertex 58.0646 19.1354 62.34
      vertex 57.926 19.0858 60.34
      vertex 58.0646 19.1354 60.34
    endloop
  endfacet
  facet normal 0.671251 0.74123 -0
    outer loop
      vertex 57.5484 16.5405 60.34
      vertex 57.4393 16.6393 62.34
      vertex 57.5484 16.5405 62.34
    endloop
  endfacet
  facet normal 0.671251 0.74123 0
    outer loop
      vertex 57.4393 16.6393 62.34
      vertex 57.5484 16.5405 60.34
      vertex 57.4393 16.6393 60.34
    endloop
  endfacet
  facet normal 0.998803 -0.0489209 0
    outer loop
      vertex 57 17.7 62.34
      vertex 57.0072 17.847 60.34
      vertex 57.0072 17.847 62.34
    endloop
  endfacet
  facet normal 0.998803 -0.0489209 0
    outer loop
      vertex 57.0072 17.847 60.34
      vertex 57 17.7 62.34
      vertex 57 17.7 60.34
    endloop
  endfacet
  facet normal 0.74123 -0.671251 0
    outer loop
      vertex 57.3405 18.6516 62.34
      vertex 57.4393 18.7607 60.34
      vertex 57.4393 18.7607 62.34
    endloop
  endfacet
  facet normal 0.74123 -0.671251 0
    outer loop
      vertex 57.4393 18.7607 60.34
      vertex 57.3405 18.6516 62.34
      vertex 57.3405 18.6516 60.34
    endloop
  endfacet
  facet normal -0.0489209 -0.998803 0
    outer loop
      vertex 58.5 19.2 60.34
      vertex 58.647 19.1928 62.34
      vertex 58.5 19.2 62.34
    endloop
  endfacet
  facet normal -0.0489209 -0.998803 -0
    outer loop
      vertex 58.647 19.1928 62.34
      vertex 58.5 19.2 60.34
      vertex 58.647 19.1928 60.34
    endloop
  endfacet
  facet normal -0.998803 0.0489209 0
    outer loop
      vertex 59.9928 17.553 60.34
      vertex 60 17.7 62.34
      vertex 60 17.7 60.34
    endloop
  endfacet
  facet normal -0.998803 0.0489209 0
    outer loop
      vertex 60 17.7 62.34
      vertex 59.9928 17.553 60.34
      vertex 59.9928 17.553 62.34
    endloop
  endfacet
  facet normal -0.336939 0.941527 0
    outer loop
      vertex 59.074 16.3142 60.34
      vertex 58.9354 16.2646 62.34
      vertex 59.074 16.3142 62.34
    endloop
  endfacet
  facet normal -0.336939 0.941527 0
    outer loop
      vertex 58.9354 16.2646 62.34
      vertex 59.074 16.3142 60.34
      vertex 58.9354 16.2646 60.34
    endloop
  endfacet
  facet normal 0.803088 0.595861 0
    outer loop
      vertex 57.3405 16.7484 62.34
      vertex 57.2528 16.8666 60.34
      vertex 57.2528 16.8666 62.34
    endloop
  endfacet
  facet normal 0.803088 0.595861 0
    outer loop
      vertex 57.2528 16.8666 60.34
      vertex 57.3405 16.7484 62.34
      vertex 57.3405 16.7484 60.34
    endloop
  endfacet
  facet normal -0.427269 -0.904125 0
    outer loop
      vertex 59.074 19.0858 60.34
      vertex 59.2071 19.0229 62.34
      vertex 59.074 19.0858 62.34
    endloop
  endfacet
  facet normal -0.427269 -0.904125 -0
    outer loop
      vertex 59.2071 19.0229 62.34
      vertex 59.074 19.0858 60.34
      vertex 59.2071 19.0229 60.34
    endloop
  endfacet
  facet normal -0.595861 -0.803088 0
    outer loop
      vertex 59.3334 18.9472 60.34
      vertex 59.4516 18.8595 62.34
      vertex 59.3334 18.9472 62.34
    endloop
  endfacet
  facet normal -0.595861 -0.803088 -0
    outer loop
      vertex 59.4516 18.8595 62.34
      vertex 59.3334 18.9472 60.34
      vertex 59.4516 18.8595 60.34
    endloop
  endfacet
  facet normal -0.857733 0.514096 0
    outer loop
      vertex 59.7472 16.8666 60.34
      vertex 59.8229 16.9929 62.34
      vertex 59.8229 16.9929 60.34
    endloop
  endfacet
  facet normal -0.857733 0.514096 0
    outer loop
      vertex 59.8229 16.9929 62.34
      vertex 59.7472 16.8666 60.34
      vertex 59.7472 16.8666 62.34
    endloop
  endfacet
  facet normal 0.595861 -0.803088 0
    outer loop
      vertex 57.5484 18.8595 60.34
      vertex 57.6666 18.9472 62.34
      vertex 57.5484 18.8595 62.34
    endloop
  endfacet
  facet normal 0.595861 -0.803088 0
    outer loop
      vertex 57.6666 18.9472 62.34
      vertex 57.5484 18.8595 60.34
      vertex 57.6666 18.9472 60.34
    endloop
  endfacet
  facet normal 0.998803 0.0489209 0
    outer loop
      vertex 57.0072 17.553 62.34
      vertex 57 17.7 60.34
      vertex 57 17.7 62.34
    endloop
  endfacet
  facet normal 0.998803 0.0489209 0
    outer loop
      vertex 57 17.7 60.34
      vertex 57.0072 17.553 62.34
      vertex 57.0072 17.553 60.34
    endloop
  endfacet
  facet normal 0.989174 0.146746 0
    outer loop
      vertex 57.0288 17.4074 62.34
      vertex 57.0072 17.553 60.34
      vertex 57.0072 17.553 62.34
    endloop
  endfacet
  facet normal 0.989174 0.146746 0
    outer loop
      vertex 57.0072 17.553 60.34
      vertex 57.0288 17.4074 62.34
      vertex 57.0288 17.4074 60.34
    endloop
  endfacet
  facet normal -0.146746 0.989174 0
    outer loop
      vertex 58.7926 16.2288 60.34
      vertex 58.647 16.2072 62.34
      vertex 58.7926 16.2288 62.34
    endloop
  endfacet
  facet normal -0.146746 0.989174 0
    outer loop
      vertex 58.647 16.2072 62.34
      vertex 58.7926 16.2288 60.34
      vertex 58.647 16.2072 60.34
    endloop
  endfacet
  facet normal 0.427269 0.904125 -0
    outer loop
      vertex 57.926 16.3142 60.34
      vertex 57.7929 16.3771 62.34
      vertex 57.926 16.3142 62.34
    endloop
  endfacet
  facet normal 0.427269 0.904125 0
    outer loop
      vertex 57.7929 16.3771 62.34
      vertex 57.926 16.3142 60.34
      vertex 57.7929 16.3771 60.34
    endloop
  endfacet
  facet normal -0.803088 -0.595861 0
    outer loop
      vertex 59.7472 18.5334 60.34
      vertex 59.6595 18.6516 62.34
      vertex 59.6595 18.6516 60.34
    endloop
  endfacet
  facet normal -0.803088 -0.595861 0
    outer loop
      vertex 59.6595 18.6516 62.34
      vertex 59.7472 18.5334 60.34
      vertex 59.7472 18.5334 62.34
    endloop
  endfacet
  facet normal -0.969982 0.243175 0
    outer loop
      vertex 59.9354 17.2646 60.34
      vertex 59.9712 17.4074 62.34
      vertex 59.9712 17.4074 60.34
    endloop
  endfacet
  facet normal -0.969982 0.243175 0
    outer loop
      vertex 59.9712 17.4074 62.34
      vertex 59.9354 17.2646 60.34
      vertex 59.9354 17.2646 62.34
    endloop
  endfacet
  facet normal -0.941527 0.336939 0
    outer loop
      vertex 59.8858 17.126 60.34
      vertex 59.9354 17.2646 62.34
      vertex 59.9354 17.2646 60.34
    endloop
  endfacet
  facet normal -0.941527 0.336939 0
    outer loop
      vertex 59.9354 17.2646 62.34
      vertex 59.8858 17.126 60.34
      vertex 59.8858 17.126 62.34
    endloop
  endfacet
  facet normal 0.595861 0.803088 -0
    outer loop
      vertex 57.6666 16.4528 60.34
      vertex 57.5484 16.5405 62.34
      vertex 57.6666 16.4528 62.34
    endloop
  endfacet
  facet normal 0.595861 0.803088 0
    outer loop
      vertex 57.5484 16.5405 62.34
      vertex 57.6666 16.4528 60.34
      vertex 57.5484 16.5405 60.34
    endloop
  endfacet
  facet normal -0.857733 -0.514096 0
    outer loop
      vertex 59.8229 18.4071 60.34
      vertex 59.7472 18.5334 62.34
      vertex 59.7472 18.5334 60.34
    endloop
  endfacet
  facet normal -0.857733 -0.514096 0
    outer loop
      vertex 59.7472 18.5334 62.34
      vertex 59.8229 18.4071 60.34
      vertex 59.8229 18.4071 62.34
    endloop
  endfacet
  facet normal 0.243175 0.969982 -0
    outer loop
      vertex 58.2074 16.2288 60.34
      vertex 58.0646 16.2646 62.34
      vertex 58.2074 16.2288 62.34
    endloop
  endfacet
  facet normal 0.243175 0.969982 0
    outer loop
      vertex 58.0646 16.2646 62.34
      vertex 58.2074 16.2288 60.34
      vertex 58.0646 16.2646 60.34
    endloop
  endfacet
  facet normal 0.671251 -0.74123 0
    outer loop
      vertex 57.4393 18.7607 60.34
      vertex 57.5484 18.8595 62.34
      vertex 57.4393 18.7607 62.34
    endloop
  endfacet
  facet normal 0.671251 -0.74123 0
    outer loop
      vertex 57.5484 18.8595 62.34
      vertex 57.4393 18.7607 60.34
      vertex 57.5484 18.8595 60.34
    endloop
  endfacet
  facet normal -0.146746 -0.989174 0
    outer loop
      vertex 58.647 19.1928 60.34
      vertex 58.7926 19.1712 62.34
      vertex 58.647 19.1928 62.34
    endloop
  endfacet
  facet normal -0.146746 -0.989174 -0
    outer loop
      vertex 58.7926 19.1712 62.34
      vertex 58.647 19.1928 60.34
      vertex 58.7926 19.1712 60.34
    endloop
  endfacet
  facet normal 0.857733 -0.514096 0
    outer loop
      vertex 57.1771 18.4071 62.34
      vertex 57.2528 18.5334 60.34
      vertex 57.2528 18.5334 62.34
    endloop
  endfacet
  facet normal 0.857733 -0.514096 0
    outer loop
      vertex 57.2528 18.5334 60.34
      vertex 57.1771 18.4071 62.34
      vertex 57.1771 18.4071 60.34
    endloop
  endfacet
  facet normal 0.989174 -0.146746 0
    outer loop
      vertex 57.0072 17.847 62.34
      vertex 57.0288 17.9926 60.34
      vertex 57.0288 17.9926 62.34
    endloop
  endfacet
  facet normal 0.989174 -0.146746 0
    outer loop
      vertex 57.0288 17.9926 60.34
      vertex 57.0072 17.847 62.34
      vertex 57.0072 17.847 60.34
    endloop
  endfacet
  facet normal 0.969982 -0.243175 0
    outer loop
      vertex 57.0288 17.9926 62.34
      vertex 57.0646 18.1354 60.34
      vertex 57.0646 18.1354 62.34
    endloop
  endfacet
  facet normal 0.969982 -0.243175 0
    outer loop
      vertex 57.0646 18.1354 60.34
      vertex 57.0288 17.9926 62.34
      vertex 57.0288 17.9926 60.34
    endloop
  endfacet
  facet normal 0.146746 0.989174 -0
    outer loop
      vertex 58.353 16.2072 60.34
      vertex 58.2074 16.2288 62.34
      vertex 58.353 16.2072 62.34
    endloop
  endfacet
  facet normal 0.146746 0.989174 0
    outer loop
      vertex 58.2074 16.2288 62.34
      vertex 58.353 16.2072 60.34
      vertex 58.2074 16.2288 60.34
    endloop
  endfacet
  facet normal 0.427269 -0.904125 0
    outer loop
      vertex 57.7929 19.0229 60.34
      vertex 57.926 19.0858 62.34
      vertex 57.7929 19.0229 62.34
    endloop
  endfacet
  facet normal 0.427269 -0.904125 0
    outer loop
      vertex 57.926 19.0858 62.34
      vertex 57.7929 19.0229 60.34
      vertex 57.926 19.0858 60.34
    endloop
  endfacet
  facet normal -0.74123 0.671251 0
    outer loop
      vertex 59.5607 16.6393 60.34
      vertex 59.6595 16.7484 62.34
      vertex 59.6595 16.7484 60.34
    endloop
  endfacet
  facet normal -0.74123 0.671251 0
    outer loop
      vertex 59.6595 16.7484 62.34
      vertex 59.5607 16.6393 60.34
      vertex 59.5607 16.6393 62.34
    endloop
  endfacet
  facet normal 0.941527 -0.336939 0
    outer loop
      vertex 57.0646 18.1354 62.34
      vertex 57.1142 18.274 60.34
      vertex 57.1142 18.274 62.34
    endloop
  endfacet
  facet normal 0.941527 -0.336939 0
    outer loop
      vertex 57.1142 18.274 60.34
      vertex 57.0646 18.1354 62.34
      vertex 57.0646 18.1354 60.34
    endloop
  endfacet
  facet normal 0.969982 0.243175 0
    outer loop
      vertex 57.0646 17.2646 62.34
      vertex 57.0288 17.4074 60.34
      vertex 57.0288 17.4074 62.34
    endloop
  endfacet
  facet normal 0.969982 0.243175 0
    outer loop
      vertex 57.0288 17.4074 60.34
      vertex 57.0646 17.2646 62.34
      vertex 57.0646 17.2646 60.34
    endloop
  endfacet
  facet normal -0.243175 -0.969982 0
    outer loop
      vertex 58.7926 19.1712 60.34
      vertex 58.9354 19.1354 62.34
      vertex 58.7926 19.1712 62.34
    endloop
  endfacet
  facet normal -0.243175 -0.969982 -0
    outer loop
      vertex 58.9354 19.1354 62.34
      vertex 58.7926 19.1712 60.34
      vertex 58.9354 19.1354 60.34
    endloop
  endfacet
  facet normal -0.427269 0.904125 0
    outer loop
      vertex 59.2071 16.3771 60.34
      vertex 59.074 16.3142 62.34
      vertex 59.2071 16.3771 62.34
    endloop
  endfacet
  facet normal -0.427269 0.904125 0
    outer loop
      vertex 59.074 16.3142 62.34
      vertex 59.2071 16.3771 60.34
      vertex 59.074 16.3142 60.34
    endloop
  endfacet
  facet normal -0.514096 0.857733 0
    outer loop
      vertex 59.3334 16.4528 60.34
      vertex 59.2071 16.3771 62.34
      vertex 59.3334 16.4528 62.34
    endloop
  endfacet
  facet normal -0.514096 0.857733 0
    outer loop
      vertex 59.2071 16.3771 62.34
      vertex 59.3334 16.4528 60.34
      vertex 59.2071 16.3771 60.34
    endloop
  endfacet
  facet normal 0.514096 -0.857733 0
    outer loop
      vertex 57.6666 18.9472 60.34
      vertex 57.7929 19.0229 62.34
      vertex 57.6666 18.9472 62.34
    endloop
  endfacet
  facet normal 0.514096 -0.857733 0
    outer loop
      vertex 57.7929 19.0229 62.34
      vertex 57.6666 18.9472 60.34
      vertex 57.7929 19.0229 60.34
    endloop
  endfacet
  facet normal 0.904125 -0.427269 0
    outer loop
      vertex 57.1142 18.274 62.34
      vertex 57.1771 18.4071 60.34
      vertex 57.1771 18.4071 62.34
    endloop
  endfacet
  facet normal 0.904125 -0.427269 0
    outer loop
      vertex 57.1771 18.4071 60.34
      vertex 57.1142 18.274 62.34
      vertex 57.1142 18.274 60.34
    endloop
  endfacet
  facet normal 0.514096 0.857733 -0
    outer loop
      vertex 57.7929 16.3771 60.34
      vertex 57.6666 16.4528 62.34
      vertex 57.7929 16.3771 62.34
    endloop
  endfacet
  facet normal 0.514096 0.857733 0
    outer loop
      vertex 57.6666 16.4528 62.34
      vertex 57.7929 16.3771 60.34
      vertex 57.6666 16.4528 60.34
    endloop
  endfacet
  facet normal -0.989174 -0.146746 0
    outer loop
      vertex 70.9928 17.847 60.34
      vertex 70.9712 17.9926 62.34
      vertex 70.9712 17.9926 60.34
    endloop
  endfacet
  facet normal -0.989174 -0.146746 0
    outer loop
      vertex 70.9712 17.9926 62.34
      vertex 70.9928 17.847 60.34
      vertex 70.9928 17.847 62.34
    endloop
  endfacet
  facet normal 0.0489209 0.998803 -0
    outer loop
      vertex 69.5 16.2 60.34
      vertex 69.353 16.2072 62.34
      vertex 69.5 16.2 62.34
    endloop
  endfacet
  facet normal 0.0489209 0.998803 0
    outer loop
      vertex 69.353 16.2072 62.34
      vertex 69.5 16.2 60.34
      vertex 69.353 16.2072 60.34
    endloop
  endfacet
  facet normal -0.74123 -0.671251 0
    outer loop
      vertex 70.6595 18.6516 60.34
      vertex 70.5607 18.7607 62.34
      vertex 70.5607 18.7607 60.34
    endloop
  endfacet
  facet normal -0.74123 -0.671251 0
    outer loop
      vertex 70.5607 18.7607 62.34
      vertex 70.6595 18.6516 60.34
      vertex 70.6595 18.6516 62.34
    endloop
  endfacet
  facet normal -0.243175 -0.969982 0
    outer loop
      vertex 69.7926 19.1712 60.34
      vertex 69.9354 19.1354 62.34
      vertex 69.7926 19.1712 62.34
    endloop
  endfacet
  facet normal -0.243175 -0.969982 -0
    outer loop
      vertex 69.9354 19.1354 62.34
      vertex 69.7926 19.1712 60.34
      vertex 69.9354 19.1354 60.34
    endloop
  endfacet
  facet normal -0.243175 0.969982 0
    outer loop
      vertex 69.9354 16.2646 60.34
      vertex 69.7926 16.2288 62.34
      vertex 69.9354 16.2646 62.34
    endloop
  endfacet
  facet normal -0.243175 0.969982 0
    outer loop
      vertex 69.7926 16.2288 62.34
      vertex 69.9354 16.2646 60.34
      vertex 69.7926 16.2288 60.34
    endloop
  endfacet
  facet normal -0.803088 0.595861 0
    outer loop
      vertex 70.6595 16.7484 60.34
      vertex 70.7472 16.8666 62.34
      vertex 70.7472 16.8666 60.34
    endloop
  endfacet
  facet normal -0.803088 0.595861 0
    outer loop
      vertex 70.7472 16.8666 62.34
      vertex 70.6595 16.7484 60.34
      vertex 70.6595 16.7484 62.34
    endloop
  endfacet
  facet normal -0.595861 0.803088 0
    outer loop
      vertex 70.4516 16.5405 60.34
      vertex 70.3334 16.4528 62.34
      vertex 70.4516 16.5405 62.34
    endloop
  endfacet
  facet normal -0.595861 0.803088 0
    outer loop
      vertex 70.3334 16.4528 62.34
      vertex 70.4516 16.5405 60.34
      vertex 70.3334 16.4528 60.34
    endloop
  endfacet
  facet normal 0.803088 -0.595861 0
    outer loop
      vertex 68.2528 18.5334 62.34
      vertex 68.3405 18.6516 60.34
      vertex 68.3405 18.6516 62.34
    endloop
  endfacet
  facet normal 0.803088 -0.595861 0
    outer loop
      vertex 68.3405 18.6516 60.34
      vertex 68.2528 18.5334 62.34
      vertex 68.2528 18.5334 60.34
    endloop
  endfacet
  facet normal -0.941527 -0.336939 0
    outer loop
      vertex 70.9354 18.1354 60.34
      vertex 70.8858 18.274 62.34
      vertex 70.8858 18.274 60.34
    endloop
  endfacet
  facet normal -0.941527 -0.336939 0
    outer loop
      vertex 70.8858 18.274 62.34
      vertex 70.9354 18.1354 60.34
      vertex 70.9354 18.1354 62.34
    endloop
  endfacet
  facet normal 0.941527 0.336939 0
    outer loop
      vertex 68.1142 17.126 62.34
      vertex 68.0646 17.2646 60.34
      vertex 68.0646 17.2646 62.34
    endloop
  endfacet
  facet normal 0.941527 0.336939 0
    outer loop
      vertex 68.0646 17.2646 60.34
      vertex 68.1142 17.126 62.34
      vertex 68.1142 17.126 60.34
    endloop
  endfacet
  facet normal -0.336939 -0.941527 0
    outer loop
      vertex 69.9354 19.1354 60.34
      vertex 70.074 19.0858 62.34
      vertex 69.9354 19.1354 62.34
    endloop
  endfacet
  facet normal -0.336939 -0.941527 -0
    outer loop
      vertex 70.074 19.0858 62.34
      vertex 69.9354 19.1354 60.34
      vertex 70.074 19.0858 60.34
    endloop
  endfacet
  facet normal -0.671251 0.74123 0
    outer loop
      vertex 70.5607 16.6393 60.34
      vertex 70.4516 16.5405 62.34
      vertex 70.5607 16.6393 62.34
    endloop
  endfacet
  facet normal -0.671251 0.74123 0
    outer loop
      vertex 70.4516 16.5405 62.34
      vertex 70.5607 16.6393 60.34
      vertex 70.4516 16.5405 60.34
    endloop
  endfacet
  facet normal -0.989174 0.146746 0
    outer loop
      vertex 70.9712 17.4074 60.34
      vertex 70.9928 17.553 62.34
      vertex 70.9928 17.553 60.34
    endloop
  endfacet
  facet normal -0.989174 0.146746 0
    outer loop
      vertex 70.9928 17.553 62.34
      vertex 70.9712 17.4074 60.34
      vertex 70.9712 17.4074 62.34
    endloop
  endfacet
  facet normal 0.74123 0.671251 0
    outer loop
      vertex 68.4393 16.6393 62.34
      vertex 68.3405 16.7484 60.34
      vertex 68.3405 16.7484 62.34
    endloop
  endfacet
  facet normal 0.74123 0.671251 0
    outer loop
      vertex 68.3405 16.7484 60.34
      vertex 68.4393 16.6393 62.34
      vertex 68.4393 16.6393 60.34
    endloop
  endfacet
  facet normal -0.904125 0.427269 0
    outer loop
      vertex 70.8229 16.9929 60.34
      vertex 70.8858 17.126 62.34
      vertex 70.8858 17.126 60.34
    endloop
  endfacet
  facet normal -0.904125 0.427269 0
    outer loop
      vertex 70.8858 17.126 62.34
      vertex 70.8229 16.9929 60.34
      vertex 70.8229 16.9929 62.34
    endloop
  endfacet
  facet normal 0.0489209 -0.998803 0
    outer loop
      vertex 69.353 19.1928 60.34
      vertex 69.5 19.2 62.34
      vertex 69.353 19.1928 62.34
    endloop
  endfacet
  facet normal 0.0489209 -0.998803 0
    outer loop
      vertex 69.5 19.2 62.34
      vertex 69.353 19.1928 60.34
      vertex 69.5 19.2 60.34
    endloop
  endfacet
  facet normal 0.857733 0.514096 0
    outer loop
      vertex 68.2528 16.8666 62.34
      vertex 68.1771 16.9929 60.34
      vertex 68.1771 16.9929 62.34
    endloop
  endfacet
  facet normal 0.857733 0.514096 0
    outer loop
      vertex 68.1771 16.9929 60.34
      vertex 68.2528 16.8666 62.34
      vertex 68.2528 16.8666 60.34
    endloop
  endfacet
  facet normal -0.998803 -0.0489209 0
    outer loop
      vertex 71 17.7 60.34
      vertex 70.9928 17.847 62.34
      vertex 70.9928 17.847 60.34
    endloop
  endfacet
  facet normal -0.998803 -0.0489209 0
    outer loop
      vertex 70.9928 17.847 62.34
      vertex 71 17.7 60.34
      vertex 71 17.7 62.34
    endloop
  endfacet
  facet normal -0.969982 -0.243175 0
    outer loop
      vertex 70.9712 17.9926 60.34
      vertex 70.9354 18.1354 62.34
      vertex 70.9354 18.1354 60.34
    endloop
  endfacet
  facet normal -0.969982 -0.243175 0
    outer loop
      vertex 70.9354 18.1354 62.34
      vertex 70.9712 17.9926 60.34
      vertex 70.9712 17.9926 62.34
    endloop
  endfacet
  facet normal 0.146746 -0.989174 0
    outer loop
      vertex 69.2074 19.1712 60.34
      vertex 69.353 19.1928 62.34
      vertex 69.2074 19.1712 62.34
    endloop
  endfacet
  facet normal 0.146746 -0.989174 0
    outer loop
      vertex 69.353 19.1928 62.34
      vertex 69.2074 19.1712 60.34
      vertex 69.353 19.1928 60.34
    endloop
  endfacet
  facet normal 0.243175 -0.969982 0
    outer loop
      vertex 69.0646 19.1354 60.34
      vertex 69.2074 19.1712 62.34
      vertex 69.0646 19.1354 62.34
    endloop
  endfacet
  facet normal 0.243175 -0.969982 0
    outer loop
      vertex 69.2074 19.1712 62.34
      vertex 69.0646 19.1354 60.34
      vertex 69.2074 19.1712 60.34
    endloop
  endfacet
  facet normal -0.0489209 0.998803 0
    outer loop
      vertex 69.647 16.2072 60.34
      vertex 69.5 16.2 62.34
      vertex 69.647 16.2072 62.34
    endloop
  endfacet
  facet normal -0.0489209 0.998803 0
    outer loop
      vertex 69.5 16.2 62.34
      vertex 69.647 16.2072 60.34
      vertex 69.5 16.2 60.34
    endloop
  endfacet
  facet normal 0.336939 0.941527 -0
    outer loop
      vertex 69.0646 16.2646 60.34
      vertex 68.926 16.3142 62.34
      vertex 69.0646 16.2646 62.34
    endloop
  endfacet
  facet normal 0.336939 0.941527 0
    outer loop
      vertex 68.926 16.3142 62.34
      vertex 69.0646 16.2646 60.34
      vertex 68.926 16.3142 60.34
    endloop
  endfacet
  facet normal -0.671251 -0.74123 0
    outer loop
      vertex 70.4516 18.8595 60.34
      vertex 70.5607 18.7607 62.34
      vertex 70.4516 18.8595 62.34
    endloop
  endfacet
  facet normal -0.671251 -0.74123 -0
    outer loop
      vertex 70.5607 18.7607 62.34
      vertex 70.4516 18.8595 60.34
      vertex 70.5607 18.7607 60.34
    endloop
  endfacet
  facet normal -0.514096 -0.857733 0
    outer loop
      vertex 70.2071 19.0229 60.34
      vertex 70.3334 18.9472 62.34
      vertex 70.2071 19.0229 62.34
    endloop
  endfacet
  facet normal -0.514096 -0.857733 -0
    outer loop
      vertex 70.3334 18.9472 62.34
      vertex 70.2071 19.0229 60.34
      vertex 70.3334 18.9472 60.34
    endloop
  endfacet
  facet normal -0.904125 -0.427269 0
    outer loop
      vertex 70.8858 18.274 60.34
      vertex 70.8229 18.4071 62.34
      vertex 70.8229 18.4071 60.34
    endloop
  endfacet
  facet normal -0.904125 -0.427269 0
    outer loop
      vertex 70.8229 18.4071 62.34
      vertex 70.8858 18.274 60.34
      vertex 70.8858 18.274 62.34
    endloop
  endfacet
  facet normal 0.336939 -0.941527 0
    outer loop
      vertex 68.926 19.0858 60.34
      vertex 69.0646 19.1354 62.34
      vertex 68.926 19.0858 62.34
    endloop
  endfacet
  facet normal 0.336939 -0.941527 0
    outer loop
      vertex 69.0646 19.1354 62.34
      vertex 68.926 19.0858 60.34
      vertex 69.0646 19.1354 60.34
    endloop
  endfacet
  facet normal 0.671251 0.74123 -0
    outer loop
      vertex 68.5484 16.5405 60.34
      vertex 68.4393 16.6393 62.34
      vertex 68.5484 16.5405 62.34
    endloop
  endfacet
  facet normal 0.671251 0.74123 0
    outer loop
      vertex 68.4393 16.6393 62.34
      vertex 68.5484 16.5405 60.34
      vertex 68.4393 16.6393 60.34
    endloop
  endfacet
  facet normal 0.998803 -0.0489209 0
    outer loop
      vertex 68 17.7 62.34
      vertex 68.0072 17.847 60.34
      vertex 68.0072 17.847 62.34
    endloop
  endfacet
  facet normal 0.998803 -0.0489209 0
    outer loop
      vertex 68.0072 17.847 60.34
      vertex 68 17.7 62.34
      vertex 68 17.7 60.34
    endloop
  endfacet
  facet normal 0.74123 -0.671251 0
    outer loop
      vertex 68.3405 18.6516 62.34
      vertex 68.4393 18.7607 60.34
      vertex 68.4393 18.7607 62.34
    endloop
  endfacet
  facet normal 0.74123 -0.671251 0
    outer loop
      vertex 68.4393 18.7607 60.34
      vertex 68.3405 18.6516 62.34
      vertex 68.3405 18.6516 60.34
    endloop
  endfacet
  facet normal -0.0489209 -0.998803 0
    outer loop
      vertex 69.5 19.2 60.34
      vertex 69.647 19.1928 62.34
      vertex 69.5 19.2 62.34
    endloop
  endfacet
  facet normal -0.0489209 -0.998803 -0
    outer loop
      vertex 69.647 19.1928 62.34
      vertex 69.5 19.2 60.34
      vertex 69.647 19.1928 60.34
    endloop
  endfacet
  facet normal -0.998803 0.0489209 0
    outer loop
      vertex 70.9928 17.553 60.34
      vertex 71 17.7 62.34
      vertex 71 17.7 60.34
    endloop
  endfacet
  facet normal -0.998803 0.0489209 0
    outer loop
      vertex 71 17.7 62.34
      vertex 70.9928 17.553 60.34
      vertex 70.9928 17.553 62.34
    endloop
  endfacet
  facet normal -0.336939 0.941527 0
    outer loop
      vertex 70.074 16.3142 60.34
      vertex 69.9354 16.2646 62.34
      vertex 70.074 16.3142 62.34
    endloop
  endfacet
  facet normal -0.336939 0.941527 0
    outer loop
      vertex 69.9354 16.2646 62.34
      vertex 70.074 16.3142 60.34
      vertex 69.9354 16.2646 60.34
    endloop
  endfacet
  facet normal 0.803088 0.595861 0
    outer loop
      vertex 68.3405 16.7484 62.34
      vertex 68.2528 16.8666 60.34
      vertex 68.2528 16.8666 62.34
    endloop
  endfacet
  facet normal 0.803088 0.595861 0
    outer loop
      vertex 68.2528 16.8666 60.34
      vertex 68.3405 16.7484 62.34
      vertex 68.3405 16.7484 60.34
    endloop
  endfacet
  facet normal -0.427269 -0.904125 0
    outer loop
      vertex 70.074 19.0858 60.34
      vertex 70.2071 19.0229 62.34
      vertex 70.074 19.0858 62.34
    endloop
  endfacet
  facet normal -0.427269 -0.904125 -0
    outer loop
      vertex 70.2071 19.0229 62.34
      vertex 70.074 19.0858 60.34
      vertex 70.2071 19.0229 60.34
    endloop
  endfacet
  facet normal -0.595861 -0.803088 0
    outer loop
      vertex 70.3334 18.9472 60.34
      vertex 70.4516 18.8595 62.34
      vertex 70.3334 18.9472 62.34
    endloop
  endfacet
  facet normal -0.595861 -0.803088 -0
    outer loop
      vertex 70.4516 18.8595 62.34
      vertex 70.3334 18.9472 60.34
      vertex 70.4516 18.8595 60.34
    endloop
  endfacet
  facet normal -0.857733 0.514096 0
    outer loop
      vertex 70.7472 16.8666 60.34
      vertex 70.8229 16.9929 62.34
      vertex 70.8229 16.9929 60.34
    endloop
  endfacet
  facet normal -0.857733 0.514096 0
    outer loop
      vertex 70.8229 16.9929 62.34
      vertex 70.7472 16.8666 60.34
      vertex 70.7472 16.8666 62.34
    endloop
  endfacet
  facet normal 0.595861 -0.803088 0
    outer loop
      vertex 68.5484 18.8595 60.34
      vertex 68.6666 18.9472 62.34
      vertex 68.5484 18.8595 62.34
    endloop
  endfacet
  facet normal 0.595861 -0.803088 0
    outer loop
      vertex 68.6666 18.9472 62.34
      vertex 68.5484 18.8595 60.34
      vertex 68.6666 18.9472 60.34
    endloop
  endfacet
  facet normal 0.998803 0.0489209 0
    outer loop
      vertex 68.0072 17.553 62.34
      vertex 68 17.7 60.34
      vertex 68 17.7 62.34
    endloop
  endfacet
  facet normal 0.998803 0.0489209 0
    outer loop
      vertex 68 17.7 60.34
      vertex 68.0072 17.553 62.34
      vertex 68.0072 17.553 60.34
    endloop
  endfacet
  facet normal 0.989174 0.146746 0
    outer loop
      vertex 68.0288 17.4074 62.34
      vertex 68.0072 17.553 60.34
      vertex 68.0072 17.553 62.34
    endloop
  endfacet
  facet normal 0.989174 0.146746 0
    outer loop
      vertex 68.0072 17.553 60.34
      vertex 68.0288 17.4074 62.34
      vertex 68.0288 17.4074 60.34
    endloop
  endfacet
  facet normal -0.146746 0.989174 0
    outer loop
      vertex 69.7926 16.2288 60.34
      vertex 69.647 16.2072 62.34
      vertex 69.7926 16.2288 62.34
    endloop
  endfacet
  facet normal -0.146746 0.989174 0
    outer loop
      vertex 69.647 16.2072 62.34
      vertex 69.7926 16.2288 60.34
      vertex 69.647 16.2072 60.34
    endloop
  endfacet
  facet normal 0.427269 0.904125 -0
    outer loop
      vertex 68.926 16.3142 60.34
      vertex 68.7929 16.3771 62.34
      vertex 68.926 16.3142 62.34
    endloop
  endfacet
  facet normal 0.427269 0.904125 0
    outer loop
      vertex 68.7929 16.3771 62.34
      vertex 68.926 16.3142 60.34
      vertex 68.7929 16.3771 60.34
    endloop
  endfacet
  facet normal -0.803088 -0.595861 0
    outer loop
      vertex 70.7472 18.5334 60.34
      vertex 70.6595 18.6516 62.34
      vertex 70.6595 18.6516 60.34
    endloop
  endfacet
  facet normal -0.803088 -0.595861 0
    outer loop
      vertex 70.6595 18.6516 62.34
      vertex 70.7472 18.5334 60.34
      vertex 70.7472 18.5334 62.34
    endloop
  endfacet
  facet normal -0.969982 0.243175 0
    outer loop
      vertex 70.9354 17.2646 60.34
      vertex 70.9712 17.4074 62.34
      vertex 70.9712 17.4074 60.34
    endloop
  endfacet
  facet normal -0.969982 0.243175 0
    outer loop
      vertex 70.9712 17.4074 62.34
      vertex 70.9354 17.2646 60.34
      vertex 70.9354 17.2646 62.34
    endloop
  endfacet
  facet normal -0.941527 0.336939 0
    outer loop
      vertex 70.8858 17.126 60.34
      vertex 70.9354 17.2646 62.34
      vertex 70.9354 17.2646 60.34
    endloop
  endfacet
  facet normal -0.941527 0.336939 0
    outer loop
      vertex 70.9354 17.2646 62.34
      vertex 70.8858 17.126 60.34
      vertex 70.8858 17.126 62.34
    endloop
  endfacet
  facet normal 0.595861 0.803088 -0
    outer loop
      vertex 68.6666 16.4528 60.34
      vertex 68.5484 16.5405 62.34
      vertex 68.6666 16.4528 62.34
    endloop
  endfacet
  facet normal 0.595861 0.803088 0
    outer loop
      vertex 68.5484 16.5405 62.34
      vertex 68.6666 16.4528 60.34
      vertex 68.5484 16.5405 60.34
    endloop
  endfacet
  facet normal -0.857733 -0.514096 0
    outer loop
      vertex 70.8229 18.4071 60.34
      vertex 70.7472 18.5334 62.34
      vertex 70.7472 18.5334 60.34
    endloop
  endfacet
  facet normal -0.857733 -0.514096 0
    outer loop
      vertex 70.7472 18.5334 62.34
      vertex 70.8229 18.4071 60.34
      vertex 70.8229 18.4071 62.34
    endloop
  endfacet
  facet normal 0.243175 0.969982 -0
    outer loop
      vertex 69.2074 16.2288 60.34
      vertex 69.0646 16.2646 62.34
      vertex 69.2074 16.2288 62.34
    endloop
  endfacet
  facet normal 0.243175 0.969982 0
    outer loop
      vertex 69.0646 16.2646 62.34
      vertex 69.2074 16.2288 60.34
      vertex 69.0646 16.2646 60.34
    endloop
  endfacet
  facet normal 0.671251 -0.74123 0
    outer loop
      vertex 68.4393 18.7607 60.34
      vertex 68.5484 18.8595 62.34
      vertex 68.4393 18.7607 62.34
    endloop
  endfacet
  facet normal 0.671251 -0.74123 0
    outer loop
      vertex 68.5484 18.8595 62.34
      vertex 68.4393 18.7607 60.34
      vertex 68.5484 18.8595 60.34
    endloop
  endfacet
  facet normal 0.904125 0.427269 0
    outer loop
      vertex 68.1771 16.9929 62.34
      vertex 68.1142 17.126 60.34
      vertex 68.1142 17.126 62.34
    endloop
  endfacet
  facet normal 0.904125 0.427269 0
    outer loop
      vertex 68.1142 17.126 60.34
      vertex 68.1771 16.9929 62.34
      vertex 68.1771 16.9929 60.34
    endloop
  endfacet
  facet normal -0.146746 -0.989174 0
    outer loop
      vertex 69.647 19.1928 60.34
      vertex 69.7926 19.1712 62.34
      vertex 69.647 19.1928 62.34
    endloop
  endfacet
  facet normal -0.146746 -0.989174 -0
    outer loop
      vertex 69.7926 19.1712 62.34
      vertex 69.647 19.1928 60.34
      vertex 69.7926 19.1712 60.34
    endloop
  endfacet
  facet normal 0.857733 -0.514096 0
    outer loop
      vertex 68.1771 18.4071 62.34
      vertex 68.2528 18.5334 60.34
      vertex 68.2528 18.5334 62.34
    endloop
  endfacet
  facet normal 0.857733 -0.514096 0
    outer loop
      vertex 68.2528 18.5334 60.34
      vertex 68.1771 18.4071 62.34
      vertex 68.1771 18.4071 60.34
    endloop
  endfacet
  facet normal 0.989174 -0.146746 0
    outer loop
      vertex 68.0072 17.847 62.34
      vertex 68.0288 17.9926 60.34
      vertex 68.0288 17.9926 62.34
    endloop
  endfacet
  facet normal 0.989174 -0.146746 0
    outer loop
      vertex 68.0288 17.9926 60.34
      vertex 68.0072 17.847 62.34
      vertex 68.0072 17.847 60.34
    endloop
  endfacet
  facet normal 0.969982 -0.243175 0
    outer loop
      vertex 68.0288 17.9926 62.34
      vertex 68.0646 18.1354 60.34
      vertex 68.0646 18.1354 62.34
    endloop
  endfacet
  facet normal 0.969982 -0.243175 0
    outer loop
      vertex 68.0646 18.1354 60.34
      vertex 68.0288 17.9926 62.34
      vertex 68.0288 17.9926 60.34
    endloop
  endfacet
  facet normal 0.146746 0.989174 -0
    outer loop
      vertex 69.353 16.2072 60.34
      vertex 69.2074 16.2288 62.34
      vertex 69.353 16.2072 62.34
    endloop
  endfacet
  facet normal 0.146746 0.989174 0
    outer loop
      vertex 69.2074 16.2288 62.34
      vertex 69.353 16.2072 60.34
      vertex 69.2074 16.2288 60.34
    endloop
  endfacet
  facet normal 0.427269 -0.904125 0
    outer loop
      vertex 68.7929 19.0229 60.34
      vertex 68.926 19.0858 62.34
      vertex 68.7929 19.0229 62.34
    endloop
  endfacet
  facet normal 0.427269 -0.904125 0
    outer loop
      vertex 68.926 19.0858 62.34
      vertex 68.7929 19.0229 60.34
      vertex 68.926 19.0858 60.34
    endloop
  endfacet
  facet normal -0.74123 0.671251 0
    outer loop
      vertex 70.5607 16.6393 60.34
      vertex 70.6595 16.7484 62.34
      vertex 70.6595 16.7484 60.34
    endloop
  endfacet
  facet normal -0.74123 0.671251 0
    outer loop
      vertex 70.6595 16.7484 62.34
      vertex 70.5607 16.6393 60.34
      vertex 70.5607 16.6393 62.34
    endloop
  endfacet
  facet normal 0.941527 -0.336939 0
    outer loop
      vertex 68.0646 18.1354 62.34
      vertex 68.1142 18.274 60.34
      vertex 68.1142 18.274 62.34
    endloop
  endfacet
  facet normal 0.941527 -0.336939 0
    outer loop
      vertex 68.1142 18.274 60.34
      vertex 68.0646 18.1354 62.34
      vertex 68.0646 18.1354 60.34
    endloop
  endfacet
  facet normal 0.969982 0.243175 0
    outer loop
      vertex 68.0646 17.2646 62.34
      vertex 68.0288 17.4074 60.34
      vertex 68.0288 17.4074 62.34
    endloop
  endfacet
  facet normal 0.969982 0.243175 0
    outer loop
      vertex 68.0288 17.4074 60.34
      vertex 68.0646 17.2646 62.34
      vertex 68.0646 17.2646 60.34
    endloop
  endfacet
  facet normal -0.427269 0.904125 0
    outer loop
      vertex 70.2071 16.3771 60.34
      vertex 70.074 16.3142 62.34
      vertex 70.2071 16.3771 62.34
    endloop
  endfacet
  facet normal -0.427269 0.904125 0
    outer loop
      vertex 70.074 16.3142 62.34
      vertex 70.2071 16.3771 60.34
      vertex 70.074 16.3142 60.34
    endloop
  endfacet
  facet normal -0.514096 0.857733 0
    outer loop
      vertex 70.3334 16.4528 60.34
      vertex 70.2071 16.3771 62.34
      vertex 70.3334 16.4528 62.34
    endloop
  endfacet
  facet normal -0.514096 0.857733 0
    outer loop
      vertex 70.2071 16.3771 62.34
      vertex 70.3334 16.4528 60.34
      vertex 70.2071 16.3771 60.34
    endloop
  endfacet
  facet normal 0.514096 -0.857733 0
    outer loop
      vertex 68.6666 18.9472 60.34
      vertex 68.7929 19.0229 62.34
      vertex 68.6666 18.9472 62.34
    endloop
  endfacet
  facet normal 0.514096 -0.857733 0
    outer loop
      vertex 68.7929 19.0229 62.34
      vertex 68.6666 18.9472 60.34
      vertex 68.7929 19.0229 60.34
    endloop
  endfacet
  facet normal 0.904125 -0.427269 0
    outer loop
      vertex 68.1142 18.274 62.34
      vertex 68.1771 18.4071 60.34
      vertex 68.1771 18.4071 62.34
    endloop
  endfacet
  facet normal 0.904125 -0.427269 0
    outer loop
      vertex 68.1771 18.4071 60.34
      vertex 68.1142 18.274 62.34
      vertex 68.1142 18.274 60.34
    endloop
  endfacet
  facet normal 0.514096 0.857733 -0
    outer loop
      vertex 68.7929 16.3771 60.34
      vertex 68.6666 16.4528 62.34
      vertex 68.7929 16.3771 62.34
    endloop
  endfacet
  facet normal 0.514096 0.857733 0
    outer loop
      vertex 68.6666 16.4528 62.34
      vertex 68.7929 16.3771 60.34
      vertex 68.6666 16.4528 60.34
    endloop
  endfacet
  facet normal -0.989174 -0.146746 0
    outer loop
      vertex 81.9928 17.847 60.34
      vertex 81.9712 17.9926 62.34
      vertex 81.9712 17.9926 60.34
    endloop
  endfacet
  facet normal -0.989174 -0.146746 0
    outer loop
      vertex 81.9712 17.9926 62.34
      vertex 81.9928 17.847 60.34
      vertex 81.9928 17.847 62.34
    endloop
  endfacet
  facet normal 0.0489209 0.998803 -0
    outer loop
      vertex 80.5 16.2 60.34
      vertex 80.353 16.2072 62.34
      vertex 80.5 16.2 62.34
    endloop
  endfacet
  facet normal 0.0489209 0.998803 0
    outer loop
      vertex 80.353 16.2072 62.34
      vertex 80.5 16.2 60.34
      vertex 80.353 16.2072 60.34
    endloop
  endfacet
  facet normal -0.74123 -0.671251 0
    outer loop
      vertex 81.6595 18.6516 60.34
      vertex 81.5607 18.7607 62.34
      vertex 81.5607 18.7607 60.34
    endloop
  endfacet
  facet normal -0.74123 -0.671251 0
    outer loop
      vertex 81.5607 18.7607 62.34
      vertex 81.6595 18.6516 60.34
      vertex 81.6595 18.6516 62.34
    endloop
  endfacet
  facet normal -0.243175 -0.969982 0
    outer loop
      vertex 80.7926 19.1712 60.34
      vertex 80.9354 19.1354 62.34
      vertex 80.7926 19.1712 62.34
    endloop
  endfacet
  facet normal -0.243175 -0.969982 -0
    outer loop
      vertex 80.9354 19.1354 62.34
      vertex 80.7926 19.1712 60.34
      vertex 80.9354 19.1354 60.34
    endloop
  endfacet
  facet normal -0.243175 0.969982 0
    outer loop
      vertex 80.9354 16.2646 60.34
      vertex 80.7926 16.2288 62.34
      vertex 80.9354 16.2646 62.34
    endloop
  endfacet
  facet normal -0.243175 0.969982 0
    outer loop
      vertex 80.7926 16.2288 62.34
      vertex 80.9354 16.2646 60.34
      vertex 80.7926 16.2288 60.34
    endloop
  endfacet
  facet normal -0.803088 0.595861 0
    outer loop
      vertex 81.6595 16.7484 60.34
      vertex 81.7472 16.8666 62.34
      vertex 81.7472 16.8666 60.34
    endloop
  endfacet
  facet normal -0.803088 0.595861 0
    outer loop
      vertex 81.7472 16.8666 62.34
      vertex 81.6595 16.7484 60.34
      vertex 81.6595 16.7484 62.34
    endloop
  endfacet
  facet normal -0.595861 0.803088 0
    outer loop
      vertex 81.4516 16.5405 60.34
      vertex 81.3334 16.4528 62.34
      vertex 81.4516 16.5405 62.34
    endloop
  endfacet
  facet normal -0.595861 0.803088 0
    outer loop
      vertex 81.3334 16.4528 62.34
      vertex 81.4516 16.5405 60.34
      vertex 81.3334 16.4528 60.34
    endloop
  endfacet
  facet normal 0.904125 0.427269 0
    outer loop
      vertex 79.1771 16.9929 62.34
      vertex 79.1142 17.126 60.34
      vertex 79.1142 17.126 62.34
    endloop
  endfacet
  facet normal 0.904125 0.427269 0
    outer loop
      vertex 79.1142 17.126 60.34
      vertex 79.1771 16.9929 62.34
      vertex 79.1771 16.9929 60.34
    endloop
  endfacet
  facet normal 0.803088 -0.595861 0
    outer loop
      vertex 79.2528 18.5334 62.34
      vertex 79.3405 18.6516 60.34
      vertex 79.3405 18.6516 62.34
    endloop
  endfacet
  facet normal 0.803088 -0.595861 0
    outer loop
      vertex 79.3405 18.6516 60.34
      vertex 79.2528 18.5334 62.34
      vertex 79.2528 18.5334 60.34
    endloop
  endfacet
  facet normal -0.941527 -0.336939 0
    outer loop
      vertex 81.9354 18.1354 60.34
      vertex 81.8858 18.274 62.34
      vertex 81.8858 18.274 60.34
    endloop
  endfacet
  facet normal -0.941527 -0.336939 0
    outer loop
      vertex 81.8858 18.274 62.34
      vertex 81.9354 18.1354 60.34
      vertex 81.9354 18.1354 62.34
    endloop
  endfacet
  facet normal 0.941527 0.336939 0
    outer loop
      vertex 79.1142 17.126 62.34
      vertex 79.0646 17.2646 60.34
      vertex 79.0646 17.2646 62.34
    endloop
  endfacet
  facet normal 0.941527 0.336939 0
    outer loop
      vertex 79.0646 17.2646 60.34
      vertex 79.1142 17.126 62.34
      vertex 79.1142 17.126 60.34
    endloop
  endfacet
  facet normal -0.336939 -0.941527 0
    outer loop
      vertex 80.9354 19.1354 60.34
      vertex 81.074 19.0858 62.34
      vertex 80.9354 19.1354 62.34
    endloop
  endfacet
  facet normal -0.336939 -0.941527 -0
    outer loop
      vertex 81.074 19.0858 62.34
      vertex 80.9354 19.1354 60.34
      vertex 81.074 19.0858 60.34
    endloop
  endfacet
  facet normal -0.671251 0.74123 0
    outer loop
      vertex 81.5607 16.6393 60.34
      vertex 81.4516 16.5405 62.34
      vertex 81.5607 16.6393 62.34
    endloop
  endfacet
  facet normal -0.671251 0.74123 0
    outer loop
      vertex 81.4516 16.5405 62.34
      vertex 81.5607 16.6393 60.34
      vertex 81.4516 16.5405 60.34
    endloop
  endfacet
  facet normal -0.989174 0.146746 0
    outer loop
      vertex 81.9712 17.4074 60.34
      vertex 81.9928 17.553 62.34
      vertex 81.9928 17.553 60.34
    endloop
  endfacet
  facet normal -0.989174 0.146746 0
    outer loop
      vertex 81.9928 17.553 62.34
      vertex 81.9712 17.4074 60.34
      vertex 81.9712 17.4074 62.34
    endloop
  endfacet
  facet normal 0.74123 0.671251 0
    outer loop
      vertex 79.4393 16.6393 62.34
      vertex 79.3405 16.7484 60.34
      vertex 79.3405 16.7484 62.34
    endloop
  endfacet
  facet normal 0.74123 0.671251 0
    outer loop
      vertex 79.3405 16.7484 60.34
      vertex 79.4393 16.6393 62.34
      vertex 79.4393 16.6393 60.34
    endloop
  endfacet
  facet normal -0.904125 0.427269 0
    outer loop
      vertex 81.8229 16.9929 60.34
      vertex 81.8858 17.126 62.34
      vertex 81.8858 17.126 60.34
    endloop
  endfacet
  facet normal -0.904125 0.427269 0
    outer loop
      vertex 81.8858 17.126 62.34
      vertex 81.8229 16.9929 60.34
      vertex 81.8229 16.9929 62.34
    endloop
  endfacet
  facet normal 0.0489209 -0.998803 0
    outer loop
      vertex 80.353 19.1928 60.34
      vertex 80.5 19.2 62.34
      vertex 80.353 19.1928 62.34
    endloop
  endfacet
  facet normal 0.0489209 -0.998803 0
    outer loop
      vertex 80.5 19.2 62.34
      vertex 80.353 19.1928 60.34
      vertex 80.5 19.2 60.34
    endloop
  endfacet
  facet normal 0.857733 0.514096 0
    outer loop
      vertex 79.2528 16.8666 62.34
      vertex 79.1771 16.9929 60.34
      vertex 79.1771 16.9929 62.34
    endloop
  endfacet
  facet normal 0.857733 0.514096 0
    outer loop
      vertex 79.1771 16.9929 60.34
      vertex 79.2528 16.8666 62.34
      vertex 79.2528 16.8666 60.34
    endloop
  endfacet
  facet normal -0.998803 -0.0489209 0
    outer loop
      vertex 82 17.7 60.34
      vertex 81.9928 17.847 62.34
      vertex 81.9928 17.847 60.34
    endloop
  endfacet
  facet normal -0.998803 -0.0489209 0
    outer loop
      vertex 81.9928 17.847 62.34
      vertex 82 17.7 60.34
      vertex 82 17.7 62.34
    endloop
  endfacet
  facet normal -0.969982 -0.243175 0
    outer loop
      vertex 81.9712 17.9926 60.34
      vertex 81.9354 18.1354 62.34
      vertex 81.9354 18.1354 60.34
    endloop
  endfacet
  facet normal -0.969982 -0.243175 0
    outer loop
      vertex 81.9354 18.1354 62.34
      vertex 81.9712 17.9926 60.34
      vertex 81.9712 17.9926 62.34
    endloop
  endfacet
  facet normal 0.146746 -0.989174 0
    outer loop
      vertex 80.2074 19.1712 60.34
      vertex 80.353 19.1928 62.34
      vertex 80.2074 19.1712 62.34
    endloop
  endfacet
  facet normal 0.146746 -0.989174 0
    outer loop
      vertex 80.353 19.1928 62.34
      vertex 80.2074 19.1712 60.34
      vertex 80.353 19.1928 60.34
    endloop
  endfacet
  facet normal 0.243175 -0.969982 0
    outer loop
      vertex 80.0646 19.1354 60.34
      vertex 80.2074 19.1712 62.34
      vertex 80.0646 19.1354 62.34
    endloop
  endfacet
  facet normal 0.243175 -0.969982 0
    outer loop
      vertex 80.2074 19.1712 62.34
      vertex 80.0646 19.1354 60.34
      vertex 80.2074 19.1712 60.34
    endloop
  endfacet
  facet normal -0.0489209 0.998803 0
    outer loop
      vertex 80.647 16.2072 60.34
      vertex 80.5 16.2 62.34
      vertex 80.647 16.2072 62.34
    endloop
  endfacet
  facet normal -0.0489209 0.998803 0
    outer loop
      vertex 80.5 16.2 62.34
      vertex 80.647 16.2072 60.34
      vertex 80.5 16.2 60.34
    endloop
  endfacet
  facet normal 0.336939 0.941527 -0
    outer loop
      vertex 80.0646 16.2646 60.34
      vertex 79.926 16.3142 62.34
      vertex 80.0646 16.2646 62.34
    endloop
  endfacet
  facet normal 0.336939 0.941527 0
    outer loop
      vertex 79.926 16.3142 62.34
      vertex 80.0646 16.2646 60.34
      vertex 79.926 16.3142 60.34
    endloop
  endfacet
  facet normal -0.671251 -0.74123 0
    outer loop
      vertex 81.4516 18.8595 60.34
      vertex 81.5607 18.7607 62.34
      vertex 81.4516 18.8595 62.34
    endloop
  endfacet
  facet normal -0.671251 -0.74123 -0
    outer loop
      vertex 81.5607 18.7607 62.34
      vertex 81.4516 18.8595 60.34
      vertex 81.5607 18.7607 60.34
    endloop
  endfacet
  facet normal -0.514096 -0.857733 0
    outer loop
      vertex 81.2071 19.0229 60.34
      vertex 81.3334 18.9472 62.34
      vertex 81.2071 19.0229 62.34
    endloop
  endfacet
  facet normal -0.514096 -0.857733 -0
    outer loop
      vertex 81.3334 18.9472 62.34
      vertex 81.2071 19.0229 60.34
      vertex 81.3334 18.9472 60.34
    endloop
  endfacet
  facet normal -0.904125 -0.427269 0
    outer loop
      vertex 81.8858 18.274 60.34
      vertex 81.8229 18.4071 62.34
      vertex 81.8229 18.4071 60.34
    endloop
  endfacet
  facet normal -0.904125 -0.427269 0
    outer loop
      vertex 81.8229 18.4071 62.34
      vertex 81.8858 18.274 60.34
      vertex 81.8858 18.274 62.34
    endloop
  endfacet
  facet normal 0.336939 -0.941527 0
    outer loop
      vertex 79.926 19.0858 60.34
      vertex 80.0646 19.1354 62.34
      vertex 79.926 19.0858 62.34
    endloop
  endfacet
  facet normal 0.336939 -0.941527 0
    outer loop
      vertex 80.0646 19.1354 62.34
      vertex 79.926 19.0858 60.34
      vertex 80.0646 19.1354 60.34
    endloop
  endfacet
  facet normal 0.671251 0.74123 -0
    outer loop
      vertex 79.5484 16.5405 60.34
      vertex 79.4393 16.6393 62.34
      vertex 79.5484 16.5405 62.34
    endloop
  endfacet
  facet normal 0.671251 0.74123 0
    outer loop
      vertex 79.4393 16.6393 62.34
      vertex 79.5484 16.5405 60.34
      vertex 79.4393 16.6393 60.34
    endloop
  endfacet
  facet normal 0.998803 -0.0489209 0
    outer loop
      vertex 79 17.7 62.34
      vertex 79.0072 17.847 60.34
      vertex 79.0072 17.847 62.34
    endloop
  endfacet
  facet normal 0.998803 -0.0489209 0
    outer loop
      vertex 79.0072 17.847 60.34
      vertex 79 17.7 62.34
      vertex 79 17.7 60.34
    endloop
  endfacet
  facet normal 0.74123 -0.671251 0
    outer loop
      vertex 79.3405 18.6516 62.34
      vertex 79.4393 18.7607 60.34
      vertex 79.4393 18.7607 62.34
    endloop
  endfacet
  facet normal 0.74123 -0.671251 0
    outer loop
      vertex 79.4393 18.7607 60.34
      vertex 79.3405 18.6516 62.34
      vertex 79.3405 18.6516 60.34
    endloop
  endfacet
  facet normal -0.0489209 -0.998803 0
    outer loop
      vertex 80.5 19.2 60.34
      vertex 80.647 19.1928 62.34
      vertex 80.5 19.2 62.34
    endloop
  endfacet
  facet normal -0.0489209 -0.998803 -0
    outer loop
      vertex 80.647 19.1928 62.34
      vertex 80.5 19.2 60.34
      vertex 80.647 19.1928 60.34
    endloop
  endfacet
  facet normal -0.998803 0.0489209 0
    outer loop
      vertex 81.9928 17.553 60.34
      vertex 82 17.7 62.34
      vertex 82 17.7 60.34
    endloop
  endfacet
  facet normal -0.998803 0.0489209 0
    outer loop
      vertex 82 17.7 62.34
      vertex 81.9928 17.553 60.34
      vertex 81.9928 17.553 62.34
    endloop
  endfacet
  facet normal -0.336939 0.941527 0
    outer loop
      vertex 81.074 16.3142 60.34
      vertex 80.9354 16.2646 62.34
      vertex 81.074 16.3142 62.34
    endloop
  endfacet
  facet normal -0.336939 0.941527 0
    outer loop
      vertex 80.9354 16.2646 62.34
      vertex 81.074 16.3142 60.34
      vertex 80.9354 16.2646 60.34
    endloop
  endfacet
  facet normal 0.803088 0.595861 0
    outer loop
      vertex 79.3405 16.7484 62.34
      vertex 79.2528 16.8666 60.34
      vertex 79.2528 16.8666 62.34
    endloop
  endfacet
  facet normal 0.803088 0.595861 0
    outer loop
      vertex 79.2528 16.8666 60.34
      vertex 79.3405 16.7484 62.34
      vertex 79.3405 16.7484 60.34
    endloop
  endfacet
  facet normal -0.427269 -0.904125 0
    outer loop
      vertex 81.074 19.0858 60.34
      vertex 81.2071 19.0229 62.34
      vertex 81.074 19.0858 62.34
    endloop
  endfacet
  facet normal -0.427269 -0.904125 -0
    outer loop
      vertex 81.2071 19.0229 62.34
      vertex 81.074 19.0858 60.34
      vertex 81.2071 19.0229 60.34
    endloop
  endfacet
  facet normal -0.595861 -0.803088 0
    outer loop
      vertex 81.3334 18.9472 60.34
      vertex 81.4516 18.8595 62.34
      vertex 81.3334 18.9472 62.34
    endloop
  endfacet
  facet normal -0.595861 -0.803088 -0
    outer loop
      vertex 81.4516 18.8595 62.34
      vertex 81.3334 18.9472 60.34
      vertex 81.4516 18.8595 60.34
    endloop
  endfacet
  facet normal -0.857733 0.514096 0
    outer loop
      vertex 81.7472 16.8666 60.34
      vertex 81.8229 16.9929 62.34
      vertex 81.8229 16.9929 60.34
    endloop
  endfacet
  facet normal -0.857733 0.514096 0
    outer loop
      vertex 81.8229 16.9929 62.34
      vertex 81.7472 16.8666 60.34
      vertex 81.7472 16.8666 62.34
    endloop
  endfacet
  facet normal 0.595861 -0.803088 0
    outer loop
      vertex 79.5484 18.8595 60.34
      vertex 79.6666 18.9472 62.34
      vertex 79.5484 18.8595 62.34
    endloop
  endfacet
  facet normal 0.595861 -0.803088 0
    outer loop
      vertex 79.6666 18.9472 62.34
      vertex 79.5484 18.8595 60.34
      vertex 79.6666 18.9472 60.34
    endloop
  endfacet
  facet normal 0.998803 0.0489209 0
    outer loop
      vertex 79.0072 17.553 62.34
      vertex 79 17.7 60.34
      vertex 79 17.7 62.34
    endloop
  endfacet
  facet normal 0.998803 0.0489209 0
    outer loop
      vertex 79 17.7 60.34
      vertex 79.0072 17.553 62.34
      vertex 79.0072 17.553 60.34
    endloop
  endfacet
  facet normal 0.989174 0.146746 0
    outer loop
      vertex 79.0288 17.4074 62.34
      vertex 79.0072 17.553 60.34
      vertex 79.0072 17.553 62.34
    endloop
  endfacet
  facet normal 0.989174 0.146746 0
    outer loop
      vertex 79.0072 17.553 60.34
      vertex 79.0288 17.4074 62.34
      vertex 79.0288 17.4074 60.34
    endloop
  endfacet
  facet normal -0.146746 0.989174 0
    outer loop
      vertex 80.7926 16.2288 60.34
      vertex 80.647 16.2072 62.34
      vertex 80.7926 16.2288 62.34
    endloop
  endfacet
  facet normal -0.146746 0.989174 0
    outer loop
      vertex 80.647 16.2072 62.34
      vertex 80.7926 16.2288 60.34
      vertex 80.647 16.2072 60.34
    endloop
  endfacet
  facet normal 0.427269 0.904125 -0
    outer loop
      vertex 79.926 16.3142 60.34
      vertex 79.7929 16.3771 62.34
      vertex 79.926 16.3142 62.34
    endloop
  endfacet
  facet normal 0.427269 0.904125 0
    outer loop
      vertex 79.7929 16.3771 62.34
      vertex 79.926 16.3142 60.34
      vertex 79.7929 16.3771 60.34
    endloop
  endfacet
  facet normal -0.803088 -0.595861 0
    outer loop
      vertex 81.7472 18.5334 60.34
      vertex 81.6595 18.6516 62.34
      vertex 81.6595 18.6516 60.34
    endloop
  endfacet
  facet normal -0.803088 -0.595861 0
    outer loop
      vertex 81.6595 18.6516 62.34
      vertex 81.7472 18.5334 60.34
      vertex 81.7472 18.5334 62.34
    endloop
  endfacet
  facet normal -0.969982 0.243175 0
    outer loop
      vertex 81.9354 17.2646 60.34
      vertex 81.9712 17.4074 62.34
      vertex 81.9712 17.4074 60.34
    endloop
  endfacet
  facet normal -0.969982 0.243175 0
    outer loop
      vertex 81.9712 17.4074 62.34
      vertex 81.9354 17.2646 60.34
      vertex 81.9354 17.2646 62.34
    endloop
  endfacet
  facet normal -0.941527 0.336939 0
    outer loop
      vertex 81.8858 17.126 60.34
      vertex 81.9354 17.2646 62.34
      vertex 81.9354 17.2646 60.34
    endloop
  endfacet
  facet normal -0.941527 0.336939 0
    outer loop
      vertex 81.9354 17.2646 62.34
      vertex 81.8858 17.126 60.34
      vertex 81.8858 17.126 62.34
    endloop
  endfacet
  facet normal 0.595861 0.803088 -0
    outer loop
      vertex 79.6666 16.4528 60.34
      vertex 79.5484 16.5405 62.34
      vertex 79.6666 16.4528 62.34
    endloop
  endfacet
  facet normal 0.595861 0.803088 0
    outer loop
      vertex 79.5484 16.5405 62.34
      vertex 79.6666 16.4528 60.34
      vertex 79.5484 16.5405 60.34
    endloop
  endfacet
  facet normal -0.857733 -0.514096 0
    outer loop
      vertex 81.8229 18.4071 60.34
      vertex 81.7472 18.5334 62.34
      vertex 81.7472 18.5334 60.34
    endloop
  endfacet
  facet normal -0.857733 -0.514096 0
    outer loop
      vertex 81.7472 18.5334 62.34
      vertex 81.8229 18.4071 60.34
      vertex 81.8229 18.4071 62.34
    endloop
  endfacet
  facet normal 0.243175 0.969982 -0
    outer loop
      vertex 80.2074 16.2288 60.34
      vertex 80.0646 16.2646 62.34
      vertex 80.2074 16.2288 62.34
    endloop
  endfacet
  facet normal 0.243175 0.969982 0
    outer loop
      vertex 80.0646 16.2646 62.34
      vertex 80.2074 16.2288 60.34
      vertex 80.0646 16.2646 60.34
    endloop
  endfacet
  facet normal 0.671251 -0.74123 0
    outer loop
      vertex 79.4393 18.7607 60.34
      vertex 79.5484 18.8595 62.34
      vertex 79.4393 18.7607 62.34
    endloop
  endfacet
  facet normal 0.671251 -0.74123 0
    outer loop
      vertex 79.5484 18.8595 62.34
      vertex 79.4393 18.7607 60.34
      vertex 79.5484 18.8595 60.34
    endloop
  endfacet
  facet normal -0.146746 -0.989174 0
    outer loop
      vertex 80.647 19.1928 60.34
      vertex 80.7926 19.1712 62.34
      vertex 80.647 19.1928 62.34
    endloop
  endfacet
  facet normal -0.146746 -0.989174 -0
    outer loop
      vertex 80.7926 19.1712 62.34
      vertex 80.647 19.1928 60.34
      vertex 80.7926 19.1712 60.34
    endloop
  endfacet
  facet normal 0.857733 -0.514096 0
    outer loop
      vertex 79.1771 18.4071 62.34
      vertex 79.2528 18.5334 60.34
      vertex 79.2528 18.5334 62.34
    endloop
  endfacet
  facet normal 0.857733 -0.514096 0
    outer loop
      vertex 79.2528 18.5334 60.34
      vertex 79.1771 18.4071 62.34
      vertex 79.1771 18.4071 60.34
    endloop
  endfacet
  facet normal 0.989174 -0.146746 0
    outer loop
      vertex 79.0072 17.847 62.34
      vertex 79.0288 17.9926 60.34
      vertex 79.0288 17.9926 62.34
    endloop
  endfacet
  facet normal 0.989174 -0.146746 0
    outer loop
      vertex 79.0288 17.9926 60.34
      vertex 79.0072 17.847 62.34
      vertex 79.0072 17.847 60.34
    endloop
  endfacet
  facet normal 0.969982 -0.243175 0
    outer loop
      vertex 79.0288 17.9926 62.34
      vertex 79.0646 18.1354 60.34
      vertex 79.0646 18.1354 62.34
    endloop
  endfacet
  facet normal 0.969982 -0.243175 0
    outer loop
      vertex 79.0646 18.1354 60.34
      vertex 79.0288 17.9926 62.34
      vertex 79.0288 17.9926 60.34
    endloop
  endfacet
  facet normal 0.146746 0.989174 -0
    outer loop
      vertex 80.353 16.2072 60.34
      vertex 80.2074 16.2288 62.34
      vertex 80.353 16.2072 62.34
    endloop
  endfacet
  facet normal 0.146746 0.989174 0
    outer loop
      vertex 80.2074 16.2288 62.34
      vertex 80.353 16.2072 60.34
      vertex 80.2074 16.2288 60.34
    endloop
  endfacet
  facet normal 0.427269 -0.904125 0
    outer loop
      vertex 79.7929 19.0229 60.34
      vertex 79.926 19.0858 62.34
      vertex 79.7929 19.0229 62.34
    endloop
  endfacet
  facet normal 0.427269 -0.904125 0
    outer loop
      vertex 79.926 19.0858 62.34
      vertex 79.7929 19.0229 60.34
      vertex 79.926 19.0858 60.34
    endloop
  endfacet
  facet normal -0.74123 0.671251 0
    outer loop
      vertex 81.5607 16.6393 60.34
      vertex 81.6595 16.7484 62.34
      vertex 81.6595 16.7484 60.34
    endloop
  endfacet
  facet normal -0.74123 0.671251 0
    outer loop
      vertex 81.6595 16.7484 62.34
      vertex 81.5607 16.6393 60.34
      vertex 81.5607 16.6393 62.34
    endloop
  endfacet
  facet normal 0.941527 -0.336939 0
    outer loop
      vertex 79.0646 18.1354 62.34
      vertex 79.1142 18.274 60.34
      vertex 79.1142 18.274 62.34
    endloop
  endfacet
  facet normal 0.941527 -0.336939 0
    outer loop
      vertex 79.1142 18.274 60.34
      vertex 79.0646 18.1354 62.34
      vertex 79.0646 18.1354 60.34
    endloop
  endfacet
  facet normal 0.969982 0.243175 0
    outer loop
      vertex 79.0646 17.2646 62.34
      vertex 79.0288 17.4074 60.34
      vertex 79.0288 17.4074 62.34
    endloop
  endfacet
  facet normal 0.969982 0.243175 0
    outer loop
      vertex 79.0288 17.4074 60.34
      vertex 79.0646 17.2646 62.34
      vertex 79.0646 17.2646 60.34
    endloop
  endfacet
  facet normal -0.427269 0.904125 0
    outer loop
      vertex 81.2071 16.3771 60.34
      vertex 81.074 16.3142 62.34
      vertex 81.2071 16.3771 62.34
    endloop
  endfacet
  facet normal -0.427269 0.904125 0
    outer loop
      vertex 81.074 16.3142 62.34
      vertex 81.2071 16.3771 60.34
      vertex 81.074 16.3142 60.34
    endloop
  endfacet
  facet normal -0.514096 0.857733 0
    outer loop
      vertex 81.3334 16.4528 60.34
      vertex 81.2071 16.3771 62.34
      vertex 81.3334 16.4528 62.34
    endloop
  endfacet
  facet normal -0.514096 0.857733 0
    outer loop
      vertex 81.2071 16.3771 62.34
      vertex 81.3334 16.4528 60.34
      vertex 81.2071 16.3771 60.34
    endloop
  endfacet
  facet normal 0.514096 -0.857733 0
    outer loop
      vertex 79.6666 18.9472 60.34
      vertex 79.7929 19.0229 62.34
      vertex 79.6666 18.9472 62.34
    endloop
  endfacet
  facet normal 0.514096 -0.857733 0
    outer loop
      vertex 79.7929 19.0229 62.34
      vertex 79.6666 18.9472 60.34
      vertex 79.7929 19.0229 60.34
    endloop
  endfacet
  facet normal 0.904125 -0.427269 0
    outer loop
      vertex 79.1142 18.274 62.34
      vertex 79.1771 18.4071 60.34
      vertex 79.1771 18.4071 62.34
    endloop
  endfacet
  facet normal 0.904125 -0.427269 0
    outer loop
      vertex 79.1771 18.4071 60.34
      vertex 79.1142 18.274 62.34
      vertex 79.1142 18.274 60.34
    endloop
  endfacet
  facet normal 0.514096 0.857733 -0
    outer loop
      vertex 79.7929 16.3771 60.34
      vertex 79.6666 16.4528 62.34
      vertex 79.7929 16.3771 62.34
    endloop
  endfacet
  facet normal 0.514096 0.857733 0
    outer loop
      vertex 79.6666 16.4528 62.34
      vertex 79.7929 16.3771 60.34
      vertex 79.6666 16.4528 60.34
    endloop
  endfacet
  facet normal -0.989174 -0.146746 0
    outer loop
      vertex 92.9928 17.847 60.34
      vertex 92.9712 17.9926 62.34
      vertex 92.9712 17.9926 60.34
    endloop
  endfacet
  facet normal -0.989174 -0.146746 0
    outer loop
      vertex 92.9712 17.9926 62.34
      vertex 92.9928 17.847 60.34
      vertex 92.9928 17.847 62.34
    endloop
  endfacet
  facet normal 0.0489209 0.998803 -0
    outer loop
      vertex 91.5 16.2 60.34
      vertex 91.353 16.2072 62.34
      vertex 91.5 16.2 62.34
    endloop
  endfacet
  facet normal 0.0489209 0.998803 0
    outer loop
      vertex 91.353 16.2072 62.34
      vertex 91.5 16.2 60.34
      vertex 91.353 16.2072 60.34
    endloop
  endfacet
  facet normal -0.74123 -0.671251 0
    outer loop
      vertex 92.6595 18.6516 60.34
      vertex 92.5607 18.7607 62.34
      vertex 92.5607 18.7607 60.34
    endloop
  endfacet
  facet normal -0.74123 -0.671251 0
    outer loop
      vertex 92.5607 18.7607 62.34
      vertex 92.6595 18.6516 60.34
      vertex 92.6595 18.6516 62.34
    endloop
  endfacet
  facet normal -0.243175 0.969982 0
    outer loop
      vertex 91.9354 16.2646 60.34
      vertex 91.7926 16.2288 62.34
      vertex 91.9354 16.2646 62.34
    endloop
  endfacet
  facet normal -0.243175 0.969982 0
    outer loop
      vertex 91.7926 16.2288 62.34
      vertex 91.9354 16.2646 60.34
      vertex 91.7926 16.2288 60.34
    endloop
  endfacet
  facet normal -0.803088 0.595861 0
    outer loop
      vertex 92.6595 16.7484 60.34
      vertex 92.7472 16.8666 62.34
      vertex 92.7472 16.8666 60.34
    endloop
  endfacet
  facet normal -0.803088 0.595861 0
    outer loop
      vertex 92.7472 16.8666 62.34
      vertex 92.6595 16.7484 60.34
      vertex 92.6595 16.7484 62.34
    endloop
  endfacet
  facet normal -0.595861 0.803088 0
    outer loop
      vertex 92.4516 16.5405 60.34
      vertex 92.3334 16.4528 62.34
      vertex 92.4516 16.5405 62.34
    endloop
  endfacet
  facet normal -0.595861 0.803088 0
    outer loop
      vertex 92.3334 16.4528 62.34
      vertex 92.4516 16.5405 60.34
      vertex 92.3334 16.4528 60.34
    endloop
  endfacet
  facet normal 0.803088 -0.595861 0
    outer loop
      vertex 90.2528 18.5334 62.34
      vertex 90.3405 18.6516 60.34
      vertex 90.3405 18.6516 62.34
    endloop
  endfacet
  facet normal 0.803088 -0.595861 0
    outer loop
      vertex 90.3405 18.6516 60.34
      vertex 90.2528 18.5334 62.34
      vertex 90.2528 18.5334 60.34
    endloop
  endfacet
  facet normal -0.941527 -0.336939 0
    outer loop
      vertex 92.9354 18.1354 60.34
      vertex 92.8858 18.274 62.34
      vertex 92.8858 18.274 60.34
    endloop
  endfacet
  facet normal -0.941527 -0.336939 0
    outer loop
      vertex 92.8858 18.274 62.34
      vertex 92.9354 18.1354 60.34
      vertex 92.9354 18.1354 62.34
    endloop
  endfacet
  facet normal 0.941527 0.336939 0
    outer loop
      vertex 90.1142 17.126 62.34
      vertex 90.0646 17.2646 60.34
      vertex 90.0646 17.2646 62.34
    endloop
  endfacet
  facet normal 0.941527 0.336939 0
    outer loop
      vertex 90.0646 17.2646 60.34
      vertex 90.1142 17.126 62.34
      vertex 90.1142 17.126 60.34
    endloop
  endfacet
  facet normal -0.336939 -0.941527 0
    outer loop
      vertex 91.9354 19.1354 60.34
      vertex 92.074 19.0858 62.34
      vertex 91.9354 19.1354 62.34
    endloop
  endfacet
  facet normal -0.336939 -0.941527 -0
    outer loop
      vertex 92.074 19.0858 62.34
      vertex 91.9354 19.1354 60.34
      vertex 92.074 19.0858 60.34
    endloop
  endfacet
  facet normal -0.671251 0.74123 0
    outer loop
      vertex 92.5607 16.6393 60.34
      vertex 92.4516 16.5405 62.34
      vertex 92.5607 16.6393 62.34
    endloop
  endfacet
  facet normal -0.671251 0.74123 0
    outer loop
      vertex 92.4516 16.5405 62.34
      vertex 92.5607 16.6393 60.34
      vertex 92.4516 16.5405 60.34
    endloop
  endfacet
  facet normal -0.989174 0.146746 0
    outer loop
      vertex 92.9712 17.4074 60.34
      vertex 92.9928 17.553 62.34
      vertex 92.9928 17.553 60.34
    endloop
  endfacet
  facet normal -0.989174 0.146746 0
    outer loop
      vertex 92.9928 17.553 62.34
      vertex 92.9712 17.4074 60.34
      vertex 92.9712 17.4074 62.34
    endloop
  endfacet
  facet normal 0.74123 0.671251 0
    outer loop
      vertex 90.4393 16.6393 62.34
      vertex 90.3405 16.7484 60.34
      vertex 90.3405 16.7484 62.34
    endloop
  endfacet
  facet normal 0.74123 0.671251 0
    outer loop
      vertex 90.3405 16.7484 60.34
      vertex 90.4393 16.6393 62.34
      vertex 90.4393 16.6393 60.34
    endloop
  endfacet
  facet normal -0.904125 0.427269 0
    outer loop
      vertex 92.8229 16.9929 60.34
      vertex 92.8858 17.126 62.34
      vertex 92.8858 17.126 60.34
    endloop
  endfacet
  facet normal -0.904125 0.427269 0
    outer loop
      vertex 92.8858 17.126 62.34
      vertex 92.8229 16.9929 60.34
      vertex 92.8229 16.9929 62.34
    endloop
  endfacet
  facet normal 0.0489209 -0.998803 0
    outer loop
      vertex 91.353 19.1928 60.34
      vertex 91.5 19.2 62.34
      vertex 91.353 19.1928 62.34
    endloop
  endfacet
  facet normal 0.0489209 -0.998803 0
    outer loop
      vertex 91.5 19.2 62.34
      vertex 91.353 19.1928 60.34
      vertex 91.5 19.2 60.34
    endloop
  endfacet
  facet normal 0.857733 0.514096 0
    outer loop
      vertex 90.2528 16.8666 62.34
      vertex 90.1771 16.9929 60.34
      vertex 90.1771 16.9929 62.34
    endloop
  endfacet
  facet normal 0.857733 0.514096 0
    outer loop
      vertex 90.1771 16.9929 60.34
      vertex 90.2528 16.8666 62.34
      vertex 90.2528 16.8666 60.34
    endloop
  endfacet
  facet normal -0.998803 -0.0489209 0
    outer loop
      vertex 93 17.7 60.34
      vertex 92.9928 17.847 62.34
      vertex 92.9928 17.847 60.34
    endloop
  endfacet
  facet normal -0.998803 -0.0489209 0
    outer loop
      vertex 92.9928 17.847 62.34
      vertex 93 17.7 60.34
      vertex 93 17.7 62.34
    endloop
  endfacet
  facet normal -0.969982 -0.243175 0
    outer loop
      vertex 92.9712 17.9926 60.34
      vertex 92.9354 18.1354 62.34
      vertex 92.9354 18.1354 60.34
    endloop
  endfacet
  facet normal -0.969982 -0.243175 0
    outer loop
      vertex 92.9354 18.1354 62.34
      vertex 92.9712 17.9926 60.34
      vertex 92.9712 17.9926 62.34
    endloop
  endfacet
  facet normal 0.146746 -0.989174 0
    outer loop
      vertex 91.2074 19.1712 60.34
      vertex 91.353 19.1928 62.34
      vertex 91.2074 19.1712 62.34
    endloop
  endfacet
  facet normal 0.146746 -0.989174 0
    outer loop
      vertex 91.353 19.1928 62.34
      vertex 91.2074 19.1712 60.34
      vertex 91.353 19.1928 60.34
    endloop
  endfacet
  facet normal 0.243175 -0.969982 0
    outer loop
      vertex 91.0646 19.1354 60.34
      vertex 91.2074 19.1712 62.34
      vertex 91.0646 19.1354 62.34
    endloop
  endfacet
  facet normal 0.243175 -0.969982 0
    outer loop
      vertex 91.2074 19.1712 62.34
      vertex 91.0646 19.1354 60.34
      vertex 91.2074 19.1712 60.34
    endloop
  endfacet
  facet normal -0.0489209 0.998803 0
    outer loop
      vertex 91.647 16.2072 60.34
      vertex 91.5 16.2 62.34
      vertex 91.647 16.2072 62.34
    endloop
  endfacet
  facet normal -0.0489209 0.998803 0
    outer loop
      vertex 91.5 16.2 62.34
      vertex 91.647 16.2072 60.34
      vertex 91.5 16.2 60.34
    endloop
  endfacet
  facet normal 0.336939 0.941527 -0
    outer loop
      vertex 91.0646 16.2646 60.34
      vertex 90.926 16.3142 62.34
      vertex 91.0646 16.2646 62.34
    endloop
  endfacet
  facet normal 0.336939 0.941527 0
    outer loop
      vertex 90.926 16.3142 62.34
      vertex 91.0646 16.2646 60.34
      vertex 90.926 16.3142 60.34
    endloop
  endfacet
  facet normal -0.671251 -0.74123 0
    outer loop
      vertex 92.4516 18.8595 60.34
      vertex 92.5607 18.7607 62.34
      vertex 92.4516 18.8595 62.34
    endloop
  endfacet
  facet normal -0.671251 -0.74123 -0
    outer loop
      vertex 92.5607 18.7607 62.34
      vertex 92.4516 18.8595 60.34
      vertex 92.5607 18.7607 60.34
    endloop
  endfacet
  facet normal -0.514096 -0.857733 0
    outer loop
      vertex 92.2071 19.0229 60.34
      vertex 92.3334 18.9472 62.34
      vertex 92.2071 19.0229 62.34
    endloop
  endfacet
  facet normal -0.514096 -0.857733 -0
    outer loop
      vertex 92.3334 18.9472 62.34
      vertex 92.2071 19.0229 60.34
      vertex 92.3334 18.9472 60.34
    endloop
  endfacet
  facet normal -0.904125 -0.427269 0
    outer loop
      vertex 92.8858 18.274 60.34
      vertex 92.8229 18.4071 62.34
      vertex 92.8229 18.4071 60.34
    endloop
  endfacet
  facet normal -0.904125 -0.427269 0
    outer loop
      vertex 92.8229 18.4071 62.34
      vertex 92.8858 18.274 60.34
      vertex 92.8858 18.274 62.34
    endloop
  endfacet
  facet normal 0.336939 -0.941527 0
    outer loop
      vertex 90.926 19.0858 60.34
      vertex 91.0646 19.1354 62.34
      vertex 90.926 19.0858 62.34
    endloop
  endfacet
  facet normal 0.336939 -0.941527 0
    outer loop
      vertex 91.0646 19.1354 62.34
      vertex 90.926 19.0858 60.34
      vertex 91.0646 19.1354 60.34
    endloop
  endfacet
  facet normal 0.671251 0.74123 -0
    outer loop
      vertex 90.5484 16.5405 60.34
      vertex 90.4393 16.6393 62.34
      vertex 90.5484 16.5405 62.34
    endloop
  endfacet
  facet normal 0.671251 0.74123 0
    outer loop
      vertex 90.4393 16.6393 62.34
      vertex 90.5484 16.5405 60.34
      vertex 90.4393 16.6393 60.34
    endloop
  endfacet
  facet normal 0.998803 -0.0489209 0
    outer loop
      vertex 90 17.7 62.34
      vertex 90.0072 17.847 60.34
      vertex 90.0072 17.847 62.34
    endloop
  endfacet
  facet normal 0.998803 -0.0489209 0
    outer loop
      vertex 90.0072 17.847 60.34
      vertex 90 17.7 62.34
      vertex 90 17.7 60.34
    endloop
  endfacet
  facet normal 0.74123 -0.671251 0
    outer loop
      vertex 90.3405 18.6516 62.34
      vertex 90.4393 18.7607 60.34
      vertex 90.4393 18.7607 62.34
    endloop
  endfacet
  facet normal 0.74123 -0.671251 0
    outer loop
      vertex 90.4393 18.7607 60.34
      vertex 90.3405 18.6516 62.34
      vertex 90.3405 18.6516 60.34
    endloop
  endfacet
  facet normal -0.0489209 -0.998803 0
    outer loop
      vertex 91.5 19.2 60.34
      vertex 91.647 19.1928 62.34
      vertex 91.5 19.2 62.34
    endloop
  endfacet
  facet normal -0.0489209 -0.998803 -0
    outer loop
      vertex 91.647 19.1928 62.34
      vertex 91.5 19.2 60.34
      vertex 91.647 19.1928 60.34
    endloop
  endfacet
  facet normal -0.998803 0.0489209 0
    outer loop
      vertex 92.9928 17.553 60.34
      vertex 93 17.7 62.34
      vertex 93 17.7 60.34
    endloop
  endfacet
  facet normal -0.998803 0.0489209 0
    outer loop
      vertex 93 17.7 62.34
      vertex 92.9928 17.553 60.34
      vertex 92.9928 17.553 62.34
    endloop
  endfacet
  facet normal -0.336939 0.941527 0
    outer loop
      vertex 92.074 16.3142 60.34
      vertex 91.9354 16.2646 62.34
      vertex 92.074 16.3142 62.34
    endloop
  endfacet
  facet normal -0.336939 0.941527 0
    outer loop
      vertex 91.9354 16.2646 62.34
      vertex 92.074 16.3142 60.34
      vertex 91.9354 16.2646 60.34
    endloop
  endfacet
  facet normal 0.803088 0.595861 0
    outer loop
      vertex 90.3405 16.7484 62.34
      vertex 90.2528 16.8666 60.34
      vertex 90.2528 16.8666 62.34
    endloop
  endfacet
  facet normal 0.803088 0.595861 0
    outer loop
      vertex 90.2528 16.8666 60.34
      vertex 90.3405 16.7484 62.34
      vertex 90.3405 16.7484 60.34
    endloop
  endfacet
  facet normal -0.427269 -0.904125 0
    outer loop
      vertex 92.074 19.0858 60.34
      vertex 92.2071 19.0229 62.34
      vertex 92.074 19.0858 62.34
    endloop
  endfacet
  facet normal -0.427269 -0.904125 -0
    outer loop
      vertex 92.2071 19.0229 62.34
      vertex 92.074 19.0858 60.34
      vertex 92.2071 19.0229 60.34
    endloop
  endfacet
  facet normal -0.595861 -0.803088 0
    outer loop
      vertex 92.3334 18.9472 60.34
      vertex 92.4516 18.8595 62.34
      vertex 92.3334 18.9472 62.34
    endloop
  endfacet
  facet normal -0.595861 -0.803088 -0
    outer loop
      vertex 92.4516 18.8595 62.34
      vertex 92.3334 18.9472 60.34
      vertex 92.4516 18.8595 60.34
    endloop
  endfacet
  facet normal -0.857733 0.514096 0
    outer loop
      vertex 92.7472 16.8666 60.34
      vertex 92.8229 16.9929 62.34
      vertex 92.8229 16.9929 60.34
    endloop
  endfacet
  facet normal -0.857733 0.514096 0
    outer loop
      vertex 92.8229 16.9929 62.34
      vertex 92.7472 16.8666 60.34
      vertex 92.7472 16.8666 62.34
    endloop
  endfacet
  facet normal 0.595861 -0.803088 0
    outer loop
      vertex 90.5484 18.8595 60.34
      vertex 90.6666 18.9472 62.34
      vertex 90.5484 18.8595 62.34
    endloop
  endfacet
  facet normal 0.595861 -0.803088 0
    outer loop
      vertex 90.6666 18.9472 62.34
      vertex 90.5484 18.8595 60.34
      vertex 90.6666 18.9472 60.34
    endloop
  endfacet
  facet normal 0.998803 0.0489209 0
    outer loop
      vertex 90.0072 17.553 62.34
      vertex 90 17.7 60.34
      vertex 90 17.7 62.34
    endloop
  endfacet
  facet normal 0.998803 0.0489209 0
    outer loop
      vertex 90 17.7 60.34
      vertex 90.0072 17.553 62.34
      vertex 90.0072 17.553 60.34
    endloop
  endfacet
  facet normal 0.989174 0.146746 0
    outer loop
      vertex 90.0288 17.4074 62.34
      vertex 90.0072 17.553 60.34
      vertex 90.0072 17.553 62.34
    endloop
  endfacet
  facet normal 0.989174 0.146746 0
    outer loop
      vertex 90.0072 17.553 60.34
      vertex 90.0288 17.4074 62.34
      vertex 90.0288 17.4074 60.34
    endloop
  endfacet
  facet normal -0.146746 0.989174 0
    outer loop
      vertex 91.7926 16.2288 60.34
      vertex 91.647 16.2072 62.34
      vertex 91.7926 16.2288 62.34
    endloop
  endfacet
  facet normal -0.146746 0.989174 0
    outer loop
      vertex 91.647 16.2072 62.34
      vertex 91.7926 16.2288 60.34
      vertex 91.647 16.2072 60.34
    endloop
  endfacet
  facet normal 0.427269 0.904125 -0
    outer loop
      vertex 90.926 16.3142 60.34
      vertex 90.7929 16.3771 62.34
      vertex 90.926 16.3142 62.34
    endloop
  endfacet
  facet normal 0.427269 0.904125 0
    outer loop
      vertex 90.7929 16.3771 62.34
      vertex 90.926 16.3142 60.34
      vertex 90.7929 16.3771 60.34
    endloop
  endfacet
  facet normal -0.803088 -0.595861 0
    outer loop
      vertex 92.7472 18.5334 60.34
      vertex 92.6595 18.6516 62.34
      vertex 92.6595 18.6516 60.34
    endloop
  endfacet
  facet normal -0.803088 -0.595861 0
    outer loop
      vertex 92.6595 18.6516 62.34
      vertex 92.7472 18.5334 60.34
      vertex 92.7472 18.5334 62.34
    endloop
  endfacet
  facet normal -0.969982 0.243175 0
    outer loop
      vertex 92.9354 17.2646 60.34
      vertex 92.9712 17.4074 62.34
      vertex 92.9712 17.4074 60.34
    endloop
  endfacet
  facet normal -0.969982 0.243175 0
    outer loop
      vertex 92.9712 17.4074 62.34
      vertex 92.9354 17.2646 60.34
      vertex 92.9354 17.2646 62.34
    endloop
  endfacet
  facet normal -0.941527 0.336939 0
    outer loop
      vertex 92.8858 17.126 60.34
      vertex 92.9354 17.2646 62.34
      vertex 92.9354 17.2646 60.34
    endloop
  endfacet
  facet normal -0.941527 0.336939 0
    outer loop
      vertex 92.9354 17.2646 62.34
      vertex 92.8858 17.126 60.34
      vertex 92.8858 17.126 62.34
    endloop
  endfacet
  facet normal 0.595861 0.803088 -0
    outer loop
      vertex 90.6666 16.4528 60.34
      vertex 90.5484 16.5405 62.34
      vertex 90.6666 16.4528 62.34
    endloop
  endfacet
  facet normal 0.595861 0.803088 0
    outer loop
      vertex 90.5484 16.5405 62.34
      vertex 90.6666 16.4528 60.34
      vertex 90.5484 16.5405 60.34
    endloop
  endfacet
  facet normal -0.857733 -0.514096 0
    outer loop
      vertex 92.8229 18.4071 60.34
      vertex 92.7472 18.5334 62.34
      vertex 92.7472 18.5334 60.34
    endloop
  endfacet
  facet normal -0.857733 -0.514096 0
    outer loop
      vertex 92.7472 18.5334 62.34
      vertex 92.8229 18.4071 60.34
      vertex 92.8229 18.4071 62.34
    endloop
  endfacet
  facet normal 0.243175 0.969982 -0
    outer loop
      vertex 91.2074 16.2288 60.34
      vertex 91.0646 16.2646 62.34
      vertex 91.2074 16.2288 62.34
    endloop
  endfacet
  facet normal 0.243175 0.969982 0
    outer loop
      vertex 91.0646 16.2646 62.34
      vertex 91.2074 16.2288 60.34
      vertex 91.0646 16.2646 60.34
    endloop
  endfacet
  facet normal 0.671251 -0.74123 0
    outer loop
      vertex 90.4393 18.7607 60.34
      vertex 90.5484 18.8595 62.34
      vertex 90.4393 18.7607 62.34
    endloop
  endfacet
  facet normal 0.671251 -0.74123 0
    outer loop
      vertex 90.5484 18.8595 62.34
      vertex 90.4393 18.7607 60.34
      vertex 90.5484 18.8595 60.34
    endloop
  endfacet
  facet normal 0.904125 0.427269 0
    outer loop
      vertex 90.1771 16.9929 62.34
      vertex 90.1142 17.126 60.34
      vertex 90.1142 17.126 62.34
    endloop
  endfacet
  facet normal 0.904125 0.427269 0
    outer loop
      vertex 90.1142 17.126 60.34
      vertex 90.1771 16.9929 62.34
      vertex 90.1771 16.9929 60.34
    endloop
  endfacet
  facet normal -0.146746 -0.989174 0
    outer loop
      vertex 91.647 19.1928 60.34
      vertex 91.7926 19.1712 62.34
      vertex 91.647 19.1928 62.34
    endloop
  endfacet
  facet normal -0.146746 -0.989174 -0
    outer loop
      vertex 91.7926 19.1712 62.34
      vertex 91.647 19.1928 60.34
      vertex 91.7926 19.1712 60.34
    endloop
  endfacet
  facet normal 0.857733 -0.514096 0
    outer loop
      vertex 90.1771 18.4071 62.34
      vertex 90.2528 18.5334 60.34
      vertex 90.2528 18.5334 62.34
    endloop
  endfacet
  facet normal 0.857733 -0.514096 0
    outer loop
      vertex 90.2528 18.5334 60.34
      vertex 90.1771 18.4071 62.34
      vertex 90.1771 18.4071 60.34
    endloop
  endfacet
  facet normal 0.989174 -0.146746 0
    outer loop
      vertex 90.0072 17.847 62.34
      vertex 90.0288 17.9926 60.34
      vertex 90.0288 17.9926 62.34
    endloop
  endfacet
  facet normal 0.989174 -0.146746 0
    outer loop
      vertex 90.0288 17.9926 60.34
      vertex 90.0072 17.847 62.34
      vertex 90.0072 17.847 60.34
    endloop
  endfacet
  facet normal 0.969982 -0.243175 0
    outer loop
      vertex 90.0288 17.9926 62.34
      vertex 90.0646 18.1354 60.34
      vertex 90.0646 18.1354 62.34
    endloop
  endfacet
  facet normal 0.969982 -0.243175 0
    outer loop
      vertex 90.0646 18.1354 60.34
      vertex 90.0288 17.9926 62.34
      vertex 90.0288 17.9926 60.34
    endloop
  endfacet
  facet normal 0.146746 0.989174 -0
    outer loop
      vertex 91.353 16.2072 60.34
      vertex 91.2074 16.2288 62.34
      vertex 91.353 16.2072 62.34
    endloop
  endfacet
  facet normal 0.146746 0.989174 0
    outer loop
      vertex 91.2074 16.2288 62.34
      vertex 91.353 16.2072 60.34
      vertex 91.2074 16.2288 60.34
    endloop
  endfacet
  facet normal 0.427269 -0.904125 0
    outer loop
      vertex 90.7929 19.0229 60.34
      vertex 90.926 19.0858 62.34
      vertex 90.7929 19.0229 62.34
    endloop
  endfacet
  facet normal 0.427269 -0.904125 0
    outer loop
      vertex 90.926 19.0858 62.34
      vertex 90.7929 19.0229 60.34
      vertex 90.926 19.0858 60.34
    endloop
  endfacet
  facet normal -0.74123 0.671251 0
    outer loop
      vertex 92.5607 16.6393 60.34
      vertex 92.6595 16.7484 62.34
      vertex 92.6595 16.7484 60.34
    endloop
  endfacet
  facet normal -0.74123 0.671251 0
    outer loop
      vertex 92.6595 16.7484 62.34
      vertex 92.5607 16.6393 60.34
      vertex 92.5607 16.6393 62.34
    endloop
  endfacet
  facet normal 0.941527 -0.336939 0
    outer loop
      vertex 90.0646 18.1354 62.34
      vertex 90.1142 18.274 60.34
      vertex 90.1142 18.274 62.34
    endloop
  endfacet
  facet normal 0.941527 -0.336939 0
    outer loop
      vertex 90.1142 18.274 60.34
      vertex 90.0646 18.1354 62.34
      vertex 90.0646 18.1354 60.34
    endloop
  endfacet
  facet normal 0.969982 0.243175 0
    outer loop
      vertex 90.0646 17.2646 62.34
      vertex 90.0288 17.4074 60.34
      vertex 90.0288 17.4074 62.34
    endloop
  endfacet
  facet normal 0.969982 0.243175 0
    outer loop
      vertex 90.0288 17.4074 60.34
      vertex 90.0646 17.2646 62.34
      vertex 90.0646 17.2646 60.34
    endloop
  endfacet
  facet normal -0.243175 -0.969982 0
    outer loop
      vertex 91.7926 19.1712 60.34
      vertex 91.9354 19.1354 62.34
      vertex 91.7926 19.1712 62.34
    endloop
  endfacet
  facet normal -0.243175 -0.969982 -0
    outer loop
      vertex 91.9354 19.1354 62.34
      vertex 91.7926 19.1712 60.34
      vertex 91.9354 19.1354 60.34
    endloop
  endfacet
  facet normal -0.427269 0.904125 0
    outer loop
      vertex 92.2071 16.3771 60.34
      vertex 92.074 16.3142 62.34
      vertex 92.2071 16.3771 62.34
    endloop
  endfacet
  facet normal -0.427269 0.904125 0
    outer loop
      vertex 92.074 16.3142 62.34
      vertex 92.2071 16.3771 60.34
      vertex 92.074 16.3142 60.34
    endloop
  endfacet
  facet normal -0.514096 0.857733 0
    outer loop
      vertex 92.3334 16.4528 60.34
      vertex 92.2071 16.3771 62.34
      vertex 92.3334 16.4528 62.34
    endloop
  endfacet
  facet normal -0.514096 0.857733 0
    outer loop
      vertex 92.2071 16.3771 62.34
      vertex 92.3334 16.4528 60.34
      vertex 92.2071 16.3771 60.34
    endloop
  endfacet
  facet normal 0.514096 -0.857733 0
    outer loop
      vertex 90.6666 18.9472 60.34
      vertex 90.7929 19.0229 62.34
      vertex 90.6666 18.9472 62.34
    endloop
  endfacet
  facet normal 0.514096 -0.857733 0
    outer loop
      vertex 90.7929 19.0229 62.34
      vertex 90.6666 18.9472 60.34
      vertex 90.7929 19.0229 60.34
    endloop
  endfacet
  facet normal 0.904125 -0.427269 0
    outer loop
      vertex 90.1142 18.274 62.34
      vertex 90.1771 18.4071 60.34
      vertex 90.1771 18.4071 62.34
    endloop
  endfacet
  facet normal 0.904125 -0.427269 0
    outer loop
      vertex 90.1771 18.4071 60.34
      vertex 90.1142 18.274 62.34
      vertex 90.1142 18.274 60.34
    endloop
  endfacet
  facet normal 0.514096 0.857733 -0
    outer loop
      vertex 90.7929 16.3771 60.34
      vertex 90.6666 16.4528 62.34
      vertex 90.7929 16.3771 62.34
    endloop
  endfacet
  facet normal 0.514096 0.857733 0
    outer loop
      vertex 90.6666 16.4528 62.34
      vertex 90.7929 16.3771 60.34
      vertex 90.6666 16.4528 60.34
    endloop
  endfacet
  facet normal -1 0 0
    outer loop
      vertex 97.5 4.2 42.84
      vertex 97.5 31.2 60.34
      vertex 97.5 31.2 42.84
    endloop
  endfacet
  facet normal -1 -0 0
    outer loop
      vertex 97.5 31.2 60.34
      vertex 97.5 4.2 42.84
      vertex 97.5 4.2 60.34
    endloop
  endfacet
  facet normal 0 0 -1
    outer loop
      vertex 97.5 4.2 60.34
      vertex 93 17.7 60.34
      vertex 97.5 31.2 60.34
    endloop
  endfacet
  facet normal 0 0 -1
    outer loop
      vertex 97.5 4.2 60.34
      vertex 92.9928 17.553 60.34
      vertex 93 17.7 60.34
    endloop
  endfacet
  facet normal 0 0 -1
    outer loop
      vertex 97.5 4.2 60.34
      vertex 92.9712 17.4074 60.34
      vertex 92.9928 17.553 60.34
    endloop
  endfacet
  facet normal 0 0 -1
    outer loop
      vertex 97.5 4.2 60.34
      vertex 92.9354 17.2646 60.34
      vertex 92.9712 17.4074 60.34
    endloop
  endfacet
  facet normal 0 0 -1
    outer loop
      vertex 97.5 4.2 60.34
      vertex 92.8858 17.126 60.34
      vertex 92.9354 17.2646 60.34
    endloop
  endfacet
  facet normal 0 0 -1
    outer loop
      vertex 97.5 4.2 60.34
      vertex 92.8229 16.9929 60.34
      vertex 92.8858 17.126 60.34
    endloop
  endfacet
  facet normal 0 0 -1
    outer loop
      vertex 97.5 4.2 60.34
      vertex 92.7472 16.8666 60.34
      vertex 92.8229 16.9929 60.34
    endloop
  endfacet
  facet normal 0 0 -1
    outer loop
      vertex 97.5 4.2 60.34
      vertex 92.6595 16.7484 60.34
      vertex 92.7472 16.8666 60.34
    endloop
  endfacet
  facet normal 0 0 -1
    outer loop
      vertex 97.5 4.2 60.34
      vertex 92.5607 16.6393 60.34
      vertex 92.6595 16.7484 60.34
    endloop
  endfacet
  facet normal 0 0 -1
    outer loop
      vertex 97.5 4.2 60.34
      vertex 92.4516 16.5405 60.34
      vertex 92.5607 16.6393 60.34
    endloop
  endfacet
  facet normal 0 0 -1
    outer loop
      vertex 97.5 4.2 60.34
      vertex 92.3334 16.4528 60.34
      vertex 92.4516 16.5405 60.34
    endloop
  endfacet
  facet normal 0 0 -1
    outer loop
      vertex 97.5 4.2 60.34
      vertex 92.2071 16.3771 60.34
      vertex 92.3334 16.4528 60.34
    endloop
  endfacet
  facet normal 0 0 -1
    outer loop
      vertex 97.5 4.2 60.34
      vertex 92.074 16.3142 60.34
      vertex 92.2071 16.3771 60.34
    endloop
  endfacet
  facet normal 0 0 -1
    outer loop
      vertex 97.5 4.2 60.34
      vertex 91.9354 16.2646 60.34
      vertex 92.074 16.3142 60.34
    endloop
  endfacet
  facet normal 0 0 -1
    outer loop
      vertex 97.5 4.2 60.34
      vertex 91.7926 16.2288 60.34
      vertex 91.9354 16.2646 60.34
    endloop
  endfacet
  facet normal 0 0 -1
    outer loop
      vertex 97.5 4.2 60.34
      vertex 91.647 16.2072 60.34
      vertex 91.7926 16.2288 60.34
    endloop
  endfacet
  facet normal 0 0 -1
    outer loop
      vertex 97.5 4.2 60.34
      vertex 91.5 16.2 60.34
      vertex 91.647 16.2072 60.34
    endloop
  endfacet
  facet normal 0 0 -1
    outer loop
      vertex 97.5 4.2 60.34
      vertex 91.353 16.2072 60.34
      vertex 91.5 16.2 60.34
    endloop
  endfacet
  facet normal 0 0 -1
    outer loop
      vertex 97.5 4.2 60.34
      vertex 91.2074 16.2288 60.34
      vertex 91.353 16.2072 60.34
    endloop
  endfacet
  facet normal 0 0 -1
    outer loop
      vertex 97.5 4.2 60.34
      vertex 91.0646 16.2646 60.34
      vertex 91.2074 16.2288 60.34
    endloop
  endfacet
  facet normal 0 0 -1
    outer loop
      vertex 97.5 4.2 60.34
      vertex 90.926 16.3142 60.34
      vertex 91.0646 16.2646 60.34
    endloop
  endfacet
  facet normal 0 0 -1
    outer loop
      vertex 81.074 16.3142 60.34
      vertex 90.926 16.3142 60.34
      vertex 97.5 4.2 60.34
    endloop
  endfacet
  facet normal 0 0 -1
    outer loop
      vertex 90.926 16.3142 60.34
      vertex 81.2071 16.3771 60.34
      vertex 90.7929 16.3771 60.34
    endloop
  endfacet
  facet normal 0 0 -1
    outer loop
      vertex 90.7929 16.3771 60.34
      vertex 81.2071 16.3771 60.34
      vertex 90.6666 16.4528 60.34
    endloop
  endfacet
  facet normal 0 -0 -1
    outer loop
      vertex 81.3334 16.4528 60.34
      vertex 90.6666 16.4528 60.34
      vertex 81.2071 16.3771 60.34
    endloop
  endfacet
  facet normal 0 0 -1
    outer loop
      vertex 90.6666 16.4528 60.34
      vertex 81.3334 16.4528 60.34
      vertex 90.5484 16.5405 60.34
    endloop
  endfacet
  facet normal 0 -0 -1
    outer loop
      vertex 81.4516 16.5405 60.34
      vertex 90.5484 16.5405 60.34
      vertex 81.3334 16.4528 60.34
    endloop
  endfacet
  facet normal 0 0 -1
    outer loop
      vertex 90.5484 16.5405 60.34
      vertex 81.4516 16.5405 60.34
      vertex 90.4393 16.6393 60.34
    endloop
  endfacet
  facet normal 0 0 -1
    outer loop
      vertex 90.0072 17.553 60.34
      vertex 82 17.7 60.34
      vertex 90 17.7 60.34
    endloop
  endfacet
  facet normal 0 0 -1
    outer loop
      vertex 81.9928 17.553 60.34
      vertex 90.0072 17.553 60.34
      vertex 90.0288 17.4074 60.34
    endloop
  endfacet
  facet normal 0 0 -1
    outer loop
      vertex 81.9712 17.4074 60.34
      vertex 90.0288 17.4074 60.34
      vertex 90.0646 17.2646 60.34
    endloop
  endfacet
  facet normal 0 0 -1
    outer loop
      vertex 81.9354 17.2646 60.34
      vertex 90.0646 17.2646 60.34
      vertex 90.1142 17.126 60.34
    endloop
  endfacet
  facet normal 0 0 -1
    outer loop
      vertex 81.8858 17.126 60.34
      vertex 90.1142 17.126 60.34
      vertex 90.1771 16.9929 60.34
    endloop
  endfacet
  facet normal 0 -0 -1
    outer loop
      vertex 81.5607 16.6393 60.34
      vertex 90.4393 16.6393 60.34
      vertex 81.4516 16.5405 60.34
    endloop
  endfacet
  facet normal 0 0 -1
    outer loop
      vertex 90.0072 17.553 60.34
      vertex 81.9928 17.553 60.34
      vertex 82 17.7 60.34
    endloop
  endfacet
  facet normal 0 0 -1
    outer loop
      vertex 90.0288 17.4074 60.34
      vertex 81.9712 17.4074 60.34
      vertex 81.9928 17.553 60.34
    endloop
  endfacet
  facet normal 0 0 -1
    outer loop
      vertex 90.0646 17.2646 60.34
      vertex 81.9354 17.2646 60.34
      vertex 81.9712 17.4074 60.34
    endloop
  endfacet
  facet normal 0 0 -1
    outer loop
      vertex 90.1142 17.126 60.34
      vertex 81.8858 17.126 60.34
      vertex 81.9354 17.2646 60.34
    endloop
  endfacet
  facet normal 0 0 -1
    outer loop
      vertex 90.1771 16.9929 60.34
      vertex 81.8229 16.9929 60.34
      vertex 81.8858 17.126 60.34
    endloop
  endfacet
  facet normal -0 0 -1
    outer loop
      vertex 90.1771 16.9929 60.34
      vertex 81.7472 16.8666 60.34
      vertex 81.8229 16.9929 60.34
    endloop
  endfacet
  facet normal 0 0 -1
    outer loop
      vertex 90.2528 16.8666 60.34
      vertex 81.7472 16.8666 60.34
      vertex 90.1771 16.9929 60.34
    endloop
  endfacet
  facet normal 0 -0 -1
    outer loop
      vertex 81.7472 16.8666 60.34
      vertex 90.2528 16.8666 60.34
      vertex 81.6595 16.7484 60.34
    endloop
  endfacet
  facet normal 0 0 -1
    outer loop
      vertex 90.3405 16.7484 60.34
      vertex 81.6595 16.7484 60.34
      vertex 90.2528 16.8666 60.34
    endloop
  endfacet
  facet normal 0 -0 -1
    outer loop
      vertex 81.6595 16.7484 60.34
      vertex 90.3405 16.7484 60.34
      vertex 81.5607 16.6393 60.34
    endloop
  endfacet
  facet normal 0 0 -1
    outer loop
      vertex 90.4393 16.6393 60.34
      vertex 81.5607 16.6393 60.34
      vertex 90.3405 16.7484 60.34
    endloop
  endfacet
  facet normal 0 0 -1
    outer loop
      vertex 90.926 16.3142 60.34
      vertex 81.074 16.3142 60.34
      vertex 81.2071 16.3771 60.34
    endloop
  endfacet
  facet normal 0 0 -1
    outer loop
      vertex 97.5 4.2 60.34
      vertex 80.9354 16.2646 60.34
      vertex 81.074 16.3142 60.34
    endloop
  endfacet
  facet normal 0 0 -1
    outer loop
      vertex 97.5 4.2 60.34
      vertex 80.7926 16.2288 60.34
      vertex 80.9354 16.2646 60.34
    endloop
  endfacet
  facet normal 0 0 -1
    outer loop
      vertex 97.5 4.2 60.34
      vertex 80.647 16.2072 60.34
      vertex 80.7926 16.2288 60.34
    endloop
  endfacet
  facet normal 0 0 -1
    outer loop
      vertex 97.5 4.2 60.34
      vertex 80.5 16.2 60.34
      vertex 80.647 16.2072 60.34
    endloop
  endfacet
  facet normal 0 0 -1
    outer loop
      vertex 97.5 4.2 60.34
      vertex 80.353 16.2072 60.34
      vertex 80.5 16.2 60.34
    endloop
  endfacet
  facet normal 0 0 -1
    outer loop
      vertex 97.5 4.2 60.34
      vertex 80.2074 16.2288 60.34
      vertex 80.353 16.2072 60.34
    endloop
  endfacet
  facet normal 0 0 -1
    outer loop
      vertex 69.7926 16.2288 60.34
      vertex 80.2074 16.2288 60.34
      vertex 97.5 4.2 60.34
    endloop
  endfacet
  facet normal 0 0 -1
    outer loop
      vertex 80.2074 16.2288 60.34
      vertex 69.7926 16.2288 60.34
      vertex 80.0646 16.2646 60.34
    endloop
  endfacet
  facet normal 0 -0 -1
    outer loop
      vertex 69.9354 16.2646 60.34
      vertex 80.0646 16.2646 60.34
      vertex 69.7926 16.2288 60.34
    endloop
  endfacet
  facet normal 0 0 -1
    outer loop
      vertex 80.0646 16.2646 60.34
      vertex 69.9354 16.2646 60.34
      vertex 79.926 16.3142 60.34
    endloop
  endfacet
  facet normal 0 0 -1
    outer loop
      vertex 79.0072 17.553 60.34
      vertex 71 17.7 60.34
      vertex 79 17.7 60.34
    endloop
  endfacet
  facet normal 0 0 -1
    outer loop
      vertex 70.9928 17.553 60.34
      vertex 79.0072 17.553 60.34
      vertex 79.0288 17.4074 60.34
    endloop
  endfacet
  facet normal 0 0 -1
    outer loop
      vertex 70.9712 17.4074 60.34
      vertex 79.0288 17.4074 60.34
      vertex 79.0646 17.2646 60.34
    endloop
  endfacet
  facet normal 0 0 -1
    outer loop
      vertex 70.9354 17.2646 60.34
      vertex 79.0646 17.2646 60.34
      vertex 79.1142 17.126 60.34
    endloop
  endfacet
  facet normal 0 0 -1
    outer loop
      vertex 70.8858 17.126 60.34
      vertex 79.1142 17.126 60.34
      vertex 79.1771 16.9929 60.34
    endloop
  endfacet
  facet normal 0 0 -1
    outer loop
      vertex 70.8229 16.9929 60.34
      vertex 79.1771 16.9929 60.34
      vertex 79.2528 16.8666 60.34
    endloop
  endfacet
  facet normal 0 0 -1
    outer loop
      vertex 70.7472 16.8666 60.34
      vertex 79.2528 16.8666 60.34
      vertex 79.3405 16.7484 60.34
    endloop
  endfacet
  facet normal 0 0 -1
    outer loop
      vertex 70.6595 16.7484 60.34
      vertex 79.3405 16.7484 60.34
      vertex 79.4393 16.6393 60.34
    endloop
  endfacet
  facet normal 0 0 -1
    outer loop
      vertex 70.5607 16.6393 60.34
      vertex 79.4393 16.6393 60.34
      vertex 79.5484 16.5405 60.34
    endloop
  endfacet
  facet normal 0 0 -1
    outer loop
      vertex 70.4516 16.5405 60.34
      vertex 79.5484 16.5405 60.34
      vertex 79.6666 16.4528 60.34
    endloop
  endfacet
  facet normal 0 -0 -1
    outer loop
      vertex 70.074 16.3142 60.34
      vertex 79.926 16.3142 60.34
      vertex 69.9354 16.2646 60.34
    endloop
  endfacet
  facet normal 0 0 -1
    outer loop
      vertex 79.0072 17.553 60.34
      vertex 70.9928 17.553 60.34
      vertex 71 17.7 60.34
    endloop
  endfacet
  facet normal 0 0 -1
    outer loop
      vertex 79.0288 17.4074 60.34
      vertex 70.9712 17.4074 60.34
      vertex 70.9928 17.553 60.34
    endloop
  endfacet
  facet normal 0 0 -1
    outer loop
      vertex 79.0646 17.2646 60.34
      vertex 70.9354 17.2646 60.34
      vertex 70.9712 17.4074 60.34
    endloop
  endfacet
  facet normal 0 0 -1
    outer loop
      vertex 79.1142 17.126 60.34
      vertex 70.8858 17.126 60.34
      vertex 70.9354 17.2646 60.34
    endloop
  endfacet
  facet normal 0 0 -1
    outer loop
      vertex 79.1771 16.9929 60.34
      vertex 70.8229 16.9929 60.34
      vertex 70.8858 17.126 60.34
    endloop
  endfacet
  facet normal 0 0 -1
    outer loop
      vertex 79.2528 16.8666 60.34
      vertex 70.7472 16.8666 60.34
      vertex 70.8229 16.9929 60.34
    endloop
  endfacet
  facet normal 0 0 -1
    outer loop
      vertex 79.3405 16.7484 60.34
      vertex 70.6595 16.7484 60.34
      vertex 70.7472 16.8666 60.34
    endloop
  endfacet
  facet normal 0 0 -1
    outer loop
      vertex 79.4393 16.6393 60.34
      vertex 70.5607 16.6393 60.34
      vertex 70.6595 16.7484 60.34
    endloop
  endfacet
  facet normal 0 0 -1
    outer loop
      vertex 79.5484 16.5405 60.34
      vertex 70.4516 16.5405 60.34
      vertex 70.5607 16.6393 60.34
    endloop
  endfacet
  facet normal 0 0 -1
    outer loop
      vertex 79.6666 16.4528 60.34
      vertex 70.3334 16.4528 60.34
      vertex 70.4516 16.5405 60.34
    endloop
  endfacet
  facet normal -0 0 -1
    outer loop
      vertex 79.6666 16.4528 60.34
      vertex 70.2071 16.3771 60.34
      vertex 70.3334 16.4528 60.34
    endloop
  endfacet
  facet normal 0 0 -1
    outer loop
      vertex 79.7929 16.3771 60.34
      vertex 70.2071 16.3771 60.34
      vertex 79.6666 16.4528 60.34
    endloop
  endfacet
  facet normal 0 -0 -1
    outer loop
      vertex 70.2071 16.3771 60.34
      vertex 79.7929 16.3771 60.34
      vertex 70.074 16.3142 60.34
    endloop
  endfacet
  facet normal 0 0 -1
    outer loop
      vertex 79.926 16.3142 60.34
      vertex 70.074 16.3142 60.34
      vertex 79.7929 16.3771 60.34
    endloop
  endfacet
  facet normal 0 0 -1
    outer loop
      vertex 52.5 4.2 60.34
      vertex 69.7926 16.2288 60.34
      vertex 97.5 4.2 60.34
    endloop
  endfacet
  facet normal 0 0 -1
    outer loop
      vertex 69.7926 16.2288 60.34
      vertex 52.5 4.2 60.34
      vertex 69.647 16.2072 60.34
    endloop
  endfacet
  facet normal 0 0 -1
    outer loop
      vertex 69.647 16.2072 60.34
      vertex 52.5 4.2 60.34
      vertex 69.5 16.2 60.34
    endloop
  endfacet
  facet normal -0 0 -1
    outer loop
      vertex 69.5 16.2 60.34
      vertex 52.5 4.2 60.34
      vertex 69.353 16.2072 60.34
    endloop
  endfacet
  facet normal -0 0 -1
    outer loop
      vertex 69.353 16.2072 60.34
      vertex 52.5 4.2 60.34
      vertex 69.2074 16.2288 60.34
    endloop
  endfacet
  facet normal -0 0 -1
    outer loop
      vertex 69.2074 16.2288 60.34
      vertex 52.5 4.2 60.34
      vertex 69.0646 16.2646 60.34
    endloop
  endfacet
  facet normal 0 0 -1
    outer loop
      vertex 68.0072 17.553 60.34
      vertex 60 17.7 60.34
      vertex 68 17.7 60.34
    endloop
  endfacet
  facet normal 0 0 -1
    outer loop
      vertex 59.9928 17.553 60.34
      vertex 68.0072 17.553 60.34
      vertex 68.0288 17.4074 60.34
    endloop
  endfacet
  facet normal 0 0 -1
    outer loop
      vertex 59.9712 17.4074 60.34
      vertex 68.0288 17.4074 60.34
      vertex 68.0646 17.2646 60.34
    endloop
  endfacet
  facet normal 0 0 -1
    outer loop
      vertex 59.9354 17.2646 60.34
      vertex 68.0646 17.2646 60.34
      vertex 68.1142 17.126 60.34
    endloop
  endfacet
  facet normal 0 0 -1
    outer loop
      vertex 59.8858 17.126 60.34
      vertex 68.1142 17.126 60.34
      vertex 68.1771 16.9929 60.34
    endloop
  endfacet
  facet normal 0 0 -1
    outer loop
      vertex 59.8229 16.9929 60.34
      vertex 68.1771 16.9929 60.34
      vertex 68.2528 16.8666 60.34
    endloop
  endfacet
  facet normal 0 0 -1
    outer loop
      vertex 59.7472 16.8666 60.34
      vertex 68.2528 16.8666 60.34
      vertex 68.3405 16.7484 60.34
    endloop
  endfacet
  facet normal 0 0 -1
    outer loop
      vertex 59.6595 16.7484 60.34
      vertex 68.3405 16.7484 60.34
      vertex 68.4393 16.6393 60.34
    endloop
  endfacet
  facet normal 0 0 -1
    outer loop
      vertex 59.5607 16.6393 60.34
      vertex 68.4393 16.6393 60.34
      vertex 68.5484 16.5405 60.34
    endloop
  endfacet
  facet normal 0 0 -1
    outer loop
      vertex 59.4516 16.5405 60.34
      vertex 68.5484 16.5405 60.34
      vertex 68.6666 16.4528 60.34
    endloop
  endfacet
  facet normal 0 0 -1
    outer loop
      vertex 59.3334 16.4528 60.34
      vertex 68.6666 16.4528 60.34
      vertex 68.7929 16.3771 60.34
    endloop
  endfacet
  facet normal 0 0 -1
    outer loop
      vertex 59.2071 16.3771 60.34
      vertex 68.7929 16.3771 60.34
      vertex 68.926 16.3142 60.34
    endloop
  endfacet
  facet normal -0 0 -1
    outer loop
      vertex 69.0646 16.2646 60.34
      vertex 52.5 4.2 60.34
      vertex 68.926 16.3142 60.34
    endloop
  endfacet
  facet normal 0 0 -1
    outer loop
      vertex 68.0072 17.553 60.34
      vertex 59.9928 17.553 60.34
      vertex 60 17.7 60.34
    endloop
  endfacet
  facet normal 0 0 -1
    outer loop
      vertex 68.0288 17.4074 60.34
      vertex 59.9712 17.4074 60.34
      vertex 59.9928 17.553 60.34
    endloop
  endfacet
  facet normal 0 0 -1
    outer loop
      vertex 68.0646 17.2646 60.34
      vertex 59.9354 17.2646 60.34
      vertex 59.9712 17.4074 60.34
    endloop
  endfacet
  facet normal 0 0 -1
    outer loop
      vertex 68.1142 17.126 60.34
      vertex 59.8858 17.126 60.34
      vertex 59.9354 17.2646 60.34
    endloop
  endfacet
  facet normal 0 0 -1
    outer loop
      vertex 68.1771 16.9929 60.34
      vertex 59.8229 16.9929 60.34
      vertex 59.8858 17.126 60.34
    endloop
  endfacet
  facet normal 0 0 -1
    outer loop
      vertex 68.2528 16.8666 60.34
      vertex 59.7472 16.8666 60.34
      vertex 59.8229 16.9929 60.34
    endloop
  endfacet
  facet normal 0 0 -1
    outer loop
      vertex 68.3405 16.7484 60.34
      vertex 59.6595 16.7484 60.34
      vertex 59.7472 16.8666 60.34
    endloop
  endfacet
  facet normal 0 0 -1
    outer loop
      vertex 68.4393 16.6393 60.34
      vertex 59.5607 16.6393 60.34
      vertex 59.6595 16.7484 60.34
    endloop
  endfacet
  facet normal 0 0 -1
    outer loop
      vertex 68.5484 16.5405 60.34
      vertex 59.4516 16.5405 60.34
      vertex 59.5607 16.6393 60.34
    endloop
  endfacet
  facet normal 0 -0 -1
    outer loop
      vertex 59.074 16.3142 60.34
      vertex 68.926 16.3142 60.34
      vertex 52.5 4.2 60.34
    endloop
  endfacet
  facet normal 0 0 -1
    outer loop
      vertex 68.6666 16.4528 60.34
      vertex 59.3334 16.4528 60.34
      vertex 59.4516 16.5405 60.34
    endloop
  endfacet
  facet normal 0 0 -1
    outer loop
      vertex 68.7929 16.3771 60.34
      vertex 59.2071 16.3771 60.34
      vertex 59.3334 16.4528 60.34
    endloop
  endfacet
  facet normal 0 0 -1
    outer loop
      vertex 68.926 16.3142 60.34
      vertex 59.074 16.3142 60.34
      vertex 59.2071 16.3771 60.34
    endloop
  endfacet
  facet normal 0 0 -1
    outer loop
      vertex 59.074 16.3142 60.34
      vertex 52.5 4.2 60.34
      vertex 58.9354 16.2646 60.34
    endloop
  endfacet
  facet normal 0 0 -1
    outer loop
      vertex 58.9354 16.2646 60.34
      vertex 52.5 4.2 60.34
      vertex 58.7926 16.2288 60.34
    endloop
  endfacet
  facet normal 0 0 -1
    outer loop
      vertex 58.7926 16.2288 60.34
      vertex 52.5 4.2 60.34
      vertex 58.647 16.2072 60.34
    endloop
  endfacet
  facet normal 0 0 -1
    outer loop
      vertex 58.647 16.2072 60.34
      vertex 52.5 4.2 60.34
      vertex 58.5 16.2 60.34
    endloop
  endfacet
  facet normal -0 0 -1
    outer loop
      vertex 58.5 16.2 60.34
      vertex 52.5 4.2 60.34
      vertex 58.353 16.2072 60.34
    endloop
  endfacet
  facet normal -0 0 -1
    outer loop
      vertex 58.353 16.2072 60.34
      vertex 52.5 4.2 60.34
      vertex 58.2074 16.2288 60.34
    endloop
  endfacet
  facet normal -0 0 -1
    outer loop
      vertex 57.0072 17.553 60.34
      vertex 52.5 4.2 60.34
      vertex 57 17.7 60.34
    endloop
  endfacet
  facet normal -0 0 -1
    outer loop
      vertex 57.0288 17.4074 60.34
      vertex 52.5 4.2 60.34
      vertex 57.0072 17.553 60.34
    endloop
  endfacet
  facet normal -0 0 -1
    outer loop
      vertex 57.0646 17.2646 60.34
      vertex 52.5 4.2 60.34
      vertex 57.0288 17.4074 60.34
    endloop
  endfacet
  facet normal -0 0 -1
    outer loop
      vertex 57.1142 17.126 60.34
      vertex 52.5 4.2 60.34
      vertex 57.0646 17.2646 60.34
    endloop
  endfacet
  facet normal -0 0 -1
    outer loop
      vertex 57.1771 16.9929 60.34
      vertex 52.5 4.2 60.34
      vertex 57.1142 17.126 60.34
    endloop
  endfacet
  facet normal -0 0 -1
    outer loop
      vertex 57.2528 16.8666 60.34
      vertex 52.5 4.2 60.34
      vertex 57.1771 16.9929 60.34
    endloop
  endfacet
  facet normal -0 0 -1
    outer loop
      vertex 57.3405 16.7484 60.34
      vertex 52.5 4.2 60.34
      vertex 57.2528 16.8666 60.34
    endloop
  endfacet
  facet normal -0 0 -1
    outer loop
      vertex 57.4393 16.6393 60.34
      vertex 52.5 4.2 60.34
      vertex 57.3405 16.7484 60.34
    endloop
  endfacet
  facet normal -0 0 -1
    outer loop
      vertex 57.5484 16.5405 60.34
      vertex 52.5 4.2 60.34
      vertex 57.4393 16.6393 60.34
    endloop
  endfacet
  facet normal -0 0 -1
    outer loop
      vertex 57.6666 16.4528 60.34
      vertex 52.5 4.2 60.34
      vertex 57.5484 16.5405 60.34
    endloop
  endfacet
  facet normal -0 0 -1
    outer loop
      vertex 57.7929 16.3771 60.34
      vertex 52.5 4.2 60.34
      vertex 57.6666 16.4528 60.34
    endloop
  endfacet
  facet normal -0 0 -1
    outer loop
      vertex 57.926 16.3142 60.34
      vertex 52.5 4.2 60.34
      vertex 57.7929 16.3771 60.34
    endloop
  endfacet
  facet normal -0 0 -1
    outer loop
      vertex 58.0646 16.2646 60.34
      vertex 52.5 4.2 60.34
      vertex 57.926 16.3142 60.34
    endloop
  endfacet
  facet normal -0 0 -1
    outer loop
      vertex 58.2074 16.2288 60.34
      vertex 52.5 4.2 60.34
      vertex 58.0646 16.2646 60.34
    endloop
  endfacet
  facet normal 0 0 -1
    outer loop
      vertex 92.9928 17.847 60.34
      vertex 97.5 31.2 60.34
      vertex 93 17.7 60.34
    endloop
  endfacet
  facet normal 0 0 -1
    outer loop
      vertex 92.9712 17.9926 60.34
      vertex 97.5 31.2 60.34
      vertex 92.9928 17.847 60.34
    endloop
  endfacet
  facet normal 0 0 -1
    outer loop
      vertex 92.9354 18.1354 60.34
      vertex 97.5 31.2 60.34
      vertex 92.9712 17.9926 60.34
    endloop
  endfacet
  facet normal 0 0 -1
    outer loop
      vertex 92.8858 18.274 60.34
      vertex 97.5 31.2 60.34
      vertex 92.9354 18.1354 60.34
    endloop
  endfacet
  facet normal 0 0 -1
    outer loop
      vertex 92.8229 18.4071 60.34
      vertex 97.5 31.2 60.34
      vertex 92.8858 18.274 60.34
    endloop
  endfacet
  facet normal 0 0 -1
    outer loop
      vertex 92.7472 18.5334 60.34
      vertex 97.5 31.2 60.34
      vertex 92.8229 18.4071 60.34
    endloop
  endfacet
  facet normal 0 0 -1
    outer loop
      vertex 92.6595 18.6516 60.34
      vertex 97.5 31.2 60.34
      vertex 92.7472 18.5334 60.34
    endloop
  endfacet
  facet normal 0 0 -1
    outer loop
      vertex 92.5607 18.7607 60.34
      vertex 97.5 31.2 60.34
      vertex 92.6595 18.6516 60.34
    endloop
  endfacet
  facet normal 0 0 -1
    outer loop
      vertex 92.4516 18.8595 60.34
      vertex 97.5 31.2 60.34
      vertex 92.5607 18.7607 60.34
    endloop
  endfacet
  facet normal 0 0 -1
    outer loop
      vertex 92.3334 18.9472 60.34
      vertex 97.5 31.2 60.34
      vertex 92.4516 18.8595 60.34
    endloop
  endfacet
  facet normal 0 0 -1
    outer loop
      vertex 92.2071 19.0229 60.34
      vertex 97.5 31.2 60.34
      vertex 92.3334 18.9472 60.34
    endloop
  endfacet
  facet normal 0 0 -1
    outer loop
      vertex 92.074 19.0858 60.34
      vertex 97.5 31.2 60.34
      vertex 92.2071 19.0229 60.34
    endloop
  endfacet
  facet normal 0 0 -1
    outer loop
      vertex 91.9354 19.1354 60.34
      vertex 97.5 31.2 60.34
      vertex 92.074 19.0858 60.34
    endloop
  endfacet
  facet normal 0 0 -1
    outer loop
      vertex 91.7926 19.1712 60.34
      vertex 97.5 31.2 60.34
      vertex 91.9354 19.1354 60.34
    endloop
  endfacet
  facet normal 0 0 -1
    outer loop
      vertex 91.647 19.1928 60.34
      vertex 97.5 31.2 60.34
      vertex 91.7926 19.1712 60.34
    endloop
  endfacet
  facet normal 0 0 -1
    outer loop
      vertex 91.5 19.2 60.34
      vertex 97.5 31.2 60.34
      vertex 91.647 19.1928 60.34
    endloop
  endfacet
  facet normal 0 0 -1
    outer loop
      vertex 91.353 19.1928 60.34
      vertex 97.5 31.2 60.34
      vertex 91.5 19.2 60.34
    endloop
  endfacet
  facet normal 0 0 -1
    outer loop
      vertex 91.2074 19.1712 60.34
      vertex 97.5 31.2 60.34
      vertex 91.353 19.1928 60.34
    endloop
  endfacet
  facet normal 0 0 -1
    outer loop
      vertex 91.0646 19.1354 60.34
      vertex 97.5 31.2 60.34
      vertex 91.2074 19.1712 60.34
    endloop
  endfacet
  facet normal 0 0 -1
    outer loop
      vertex 90.926 19.0858 60.34
      vertex 97.5 31.2 60.34
      vertex 91.0646 19.1354 60.34
    endloop
  endfacet
  facet normal 0 0 -1
    outer loop
      vertex 81.2071 19.0229 60.34
      vertex 90.926 19.0858 60.34
      vertex 90.7929 19.0229 60.34
    endloop
  endfacet
  facet normal 0 0 -1
    outer loop
      vertex 81.2071 19.0229 60.34
      vertex 90.7929 19.0229 60.34
      vertex 90.6666 18.9472 60.34
    endloop
  endfacet
  facet normal 0 0 -1
    outer loop
      vertex 81.3334 18.9472 60.34
      vertex 90.6666 18.9472 60.34
      vertex 90.5484 18.8595 60.34
    endloop
  endfacet
  facet normal 0 0 -1
    outer loop
      vertex 81.4516 18.8595 60.34
      vertex 90.5484 18.8595 60.34
      vertex 90.4393 18.7607 60.34
    endloop
  endfacet
  facet normal 0 0 -1
    outer loop
      vertex 81.5607 18.7607 60.34
      vertex 90.4393 18.7607 60.34
      vertex 90.3405 18.6516 60.34
    endloop
  endfacet
  facet normal 0 0 -1
    outer loop
      vertex 81.6595 18.6516 60.34
      vertex 90.3405 18.6516 60.34
      vertex 90.2528 18.5334 60.34
    endloop
  endfacet
  facet normal 0 0 -1
    outer loop
      vertex 81.7472 18.5334 60.34
      vertex 90.2528 18.5334 60.34
      vertex 90.1771 18.4071 60.34
    endloop
  endfacet
  facet normal 0 0 -1
    outer loop
      vertex 82 17.7 60.34
      vertex 90.0072 17.847 60.34
      vertex 90 17.7 60.34
    endloop
  endfacet
  facet normal 0 0 -1
    outer loop
      vertex 81.9928 17.847 60.34
      vertex 90.0072 17.847 60.34
      vertex 82 17.7 60.34
    endloop
  endfacet
  facet normal 0 0 -1
    outer loop
      vertex 90.0072 17.847 60.34
      vertex 81.9928 17.847 60.34
      vertex 90.0288 17.9926 60.34
    endloop
  endfacet
  facet normal 0 0 -1
    outer loop
      vertex 81.9712 17.9926 60.34
      vertex 90.0288 17.9926 60.34
      vertex 81.9928 17.847 60.34
    endloop
  endfacet
  facet normal 0 0 -1
    outer loop
      vertex 90.0288 17.9926 60.34
      vertex 81.9712 17.9926 60.34
      vertex 90.0646 18.1354 60.34
    endloop
  endfacet
  facet normal 0 0 -1
    outer loop
      vertex 81.9354 18.1354 60.34
      vertex 90.0646 18.1354 60.34
      vertex 81.9712 17.9926 60.34
    endloop
  endfacet
  facet normal 0 0 -1
    outer loop
      vertex 90.0646 18.1354 60.34
      vertex 81.9354 18.1354 60.34
      vertex 90.1142 18.274 60.34
    endloop
  endfacet
  facet normal 0 0 -1
    outer loop
      vertex 81.8858 18.274 60.34
      vertex 90.1142 18.274 60.34
      vertex 81.9354 18.1354 60.34
    endloop
  endfacet
  facet normal 0 0 -1
    outer loop
      vertex 90.1142 18.274 60.34
      vertex 81.8858 18.274 60.34
      vertex 90.1771 18.4071 60.34
    endloop
  endfacet
  facet normal 0 0 -1
    outer loop
      vertex 81.8229 18.4071 60.34
      vertex 90.1771 18.4071 60.34
      vertex 81.8858 18.274 60.34
    endloop
  endfacet
  facet normal 0 0 -1
    outer loop
      vertex 81.7472 18.5334 60.34
      vertex 90.1771 18.4071 60.34
      vertex 81.8229 18.4071 60.34
    endloop
  endfacet
  facet normal 0 0 -1
    outer loop
      vertex 90.2528 18.5334 60.34
      vertex 81.7472 18.5334 60.34
      vertex 81.6595 18.6516 60.34
    endloop
  endfacet
  facet normal 0 0 -1
    outer loop
      vertex 90.3405 18.6516 60.34
      vertex 81.6595 18.6516 60.34
      vertex 81.5607 18.7607 60.34
    endloop
  endfacet
  facet normal 0 0 -1
    outer loop
      vertex 90.4393 18.7607 60.34
      vertex 81.5607 18.7607 60.34
      vertex 81.4516 18.8595 60.34
    endloop
  endfacet
  facet normal 0 0 -1
    outer loop
      vertex 90.5484 18.8595 60.34
      vertex 81.4516 18.8595 60.34
      vertex 81.3334 18.9472 60.34
    endloop
  endfacet
  facet normal 0 0 -1
    outer loop
      vertex 90.6666 18.9472 60.34
      vertex 81.3334 18.9472 60.34
      vertex 81.2071 19.0229 60.34
    endloop
  endfacet
  facet normal 0 0 -1
    outer loop
      vertex 81.074 19.0858 60.34
      vertex 90.926 19.0858 60.34
      vertex 81.2071 19.0229 60.34
    endloop
  endfacet
  facet normal 0 0 -1
    outer loop
      vertex 90.926 19.0858 60.34
      vertex 81.074 19.0858 60.34
      vertex 97.5 31.2 60.34
    endloop
  endfacet
  facet normal 0 0 -1
    outer loop
      vertex 80.9354 19.1354 60.34
      vertex 97.5 31.2 60.34
      vertex 81.074 19.0858 60.34
    endloop
  endfacet
  facet normal 0 0 -1
    outer loop
      vertex 80.7926 19.1712 60.34
      vertex 97.5 31.2 60.34
      vertex 80.9354 19.1354 60.34
    endloop
  endfacet
  facet normal 0 0 -1
    outer loop
      vertex 80.647 19.1928 60.34
      vertex 97.5 31.2 60.34
      vertex 80.7926 19.1712 60.34
    endloop
  endfacet
  facet normal 0 0 -1
    outer loop
      vertex 80.5 19.2 60.34
      vertex 97.5 31.2 60.34
      vertex 80.647 19.1928 60.34
    endloop
  endfacet
  facet normal 0 0 -1
    outer loop
      vertex 80.353 19.1928 60.34
      vertex 97.5 31.2 60.34
      vertex 80.5 19.2 60.34
    endloop
  endfacet
  facet normal 0 0 -1
    outer loop
      vertex 80.2074 19.1712 60.34
      vertex 97.5 31.2 60.34
      vertex 80.353 19.1928 60.34
    endloop
  endfacet
  facet normal 0 0 -1
    outer loop
      vertex 69.7926 19.1712 60.34
      vertex 80.2074 19.1712 60.34
      vertex 80.0646 19.1354 60.34
    endloop
  endfacet
  facet normal 0 0 -1
    outer loop
      vertex 69.9354 19.1354 60.34
      vertex 80.0646 19.1354 60.34
      vertex 79.926 19.0858 60.34
    endloop
  endfacet
  facet normal 0 0 -1
    outer loop
      vertex 70.074 19.0858 60.34
      vertex 79.926 19.0858 60.34
      vertex 79.7929 19.0229 60.34
    endloop
  endfacet
  facet normal 0 0 -1
    outer loop
      vertex 70.2071 19.0229 60.34
      vertex 79.7929 19.0229 60.34
      vertex 79.6666 18.9472 60.34
    endloop
  endfacet
  facet normal 0 0 -1
    outer loop
      vertex 71 17.7 60.34
      vertex 79.0072 17.847 60.34
      vertex 79 17.7 60.34
    endloop
  endfacet
  facet normal 0 0 -1
    outer loop
      vertex 70.9928 17.847 60.34
      vertex 79.0072 17.847 60.34
      vertex 71 17.7 60.34
    endloop
  endfacet
  facet normal 0 0 -1
    outer loop
      vertex 79.0072 17.847 60.34
      vertex 70.9928 17.847 60.34
      vertex 79.0288 17.9926 60.34
    endloop
  endfacet
  facet normal 0 0 -1
    outer loop
      vertex 70.9712 17.9926 60.34
      vertex 79.0288 17.9926 60.34
      vertex 70.9928 17.847 60.34
    endloop
  endfacet
  facet normal 0 0 -1
    outer loop
      vertex 79.0288 17.9926 60.34
      vertex 70.9712 17.9926 60.34
      vertex 79.0646 18.1354 60.34
    endloop
  endfacet
  facet normal 0 0 -1
    outer loop
      vertex 70.9354 18.1354 60.34
      vertex 79.0646 18.1354 60.34
      vertex 70.9712 17.9926 60.34
    endloop
  endfacet
  facet normal 0 0 -1
    outer loop
      vertex 79.0646 18.1354 60.34
      vertex 70.9354 18.1354 60.34
      vertex 79.1142 18.274 60.34
    endloop
  endfacet
  facet normal 0 0 -1
    outer loop
      vertex 70.8858 18.274 60.34
      vertex 79.1142 18.274 60.34
      vertex 70.9354 18.1354 60.34
    endloop
  endfacet
  facet normal 0 0 -1
    outer loop
      vertex 79.1142 18.274 60.34
      vertex 70.8858 18.274 60.34
      vertex 79.1771 18.4071 60.34
    endloop
  endfacet
  facet normal 0 0 -1
    outer loop
      vertex 70.8229 18.4071 60.34
      vertex 79.1771 18.4071 60.34
      vertex 70.8858 18.274 60.34
    endloop
  endfacet
  facet normal 0 0 -1
    outer loop
      vertex 79.1771 18.4071 60.34
      vertex 70.8229 18.4071 60.34
      vertex 79.2528 18.5334 60.34
    endloop
  endfacet
  facet normal 0 0 -1
    outer loop
      vertex 70.7472 18.5334 60.34
      vertex 79.2528 18.5334 60.34
      vertex 70.8229 18.4071 60.34
    endloop
  endfacet
  facet normal 0 0 -1
    outer loop
      vertex 79.2528 18.5334 60.34
      vertex 70.7472 18.5334 60.34
      vertex 79.3405 18.6516 60.34
    endloop
  endfacet
  facet normal 0 0 -1
    outer loop
      vertex 70.6595 18.6516 60.34
      vertex 79.3405 18.6516 60.34
      vertex 70.7472 18.5334 60.34
    endloop
  endfacet
  facet normal 0 0 -1
    outer loop
      vertex 79.3405 18.6516 60.34
      vertex 70.6595 18.6516 60.34
      vertex 79.4393 18.7607 60.34
    endloop
  endfacet
  facet normal 0 0 -1
    outer loop
      vertex 70.5607 18.7607 60.34
      vertex 79.4393 18.7607 60.34
      vertex 70.6595 18.6516 60.34
    endloop
  endfacet
  facet normal 0 0 -1
    outer loop
      vertex 79.4393 18.7607 60.34
      vertex 70.5607 18.7607 60.34
      vertex 79.5484 18.8595 60.34
    endloop
  endfacet
  facet normal 0 0 -1
    outer loop
      vertex 70.4516 18.8595 60.34
      vertex 79.5484 18.8595 60.34
      vertex 70.5607 18.7607 60.34
    endloop
  endfacet
  facet normal 0 0 -1
    outer loop
      vertex 79.5484 18.8595 60.34
      vertex 70.4516 18.8595 60.34
      vertex 79.6666 18.9472 60.34
    endloop
  endfacet
  facet normal 0 0 -1
    outer loop
      vertex 70.3334 18.9472 60.34
      vertex 79.6666 18.9472 60.34
      vertex 70.4516 18.8595 60.34
    endloop
  endfacet
  facet normal 0 0 -1
    outer loop
      vertex 70.2071 19.0229 60.34
      vertex 79.6666 18.9472 60.34
      vertex 70.3334 18.9472 60.34
    endloop
  endfacet
  facet normal 0 0 -1
    outer loop
      vertex 79.7929 19.0229 60.34
      vertex 70.2071 19.0229 60.34
      vertex 70.074 19.0858 60.34
    endloop
  endfacet
  facet normal 0 0 -1
    outer loop
      vertex 79.926 19.0858 60.34
      vertex 70.074 19.0858 60.34
      vertex 69.9354 19.1354 60.34
    endloop
  endfacet
  facet normal 0 0 -1
    outer loop
      vertex 80.0646 19.1354 60.34
      vertex 69.9354 19.1354 60.34
      vertex 69.7926 19.1712 60.34
    endloop
  endfacet
  facet normal 0 0 -1
    outer loop
      vertex 80.2074 19.1712 60.34
      vertex 69.7926 19.1712 60.34
      vertex 97.5 31.2 60.34
    endloop
  endfacet
  facet normal 0 0 -1
    outer loop
      vertex 52.5 31.2 60.34
      vertex 69.7926 19.1712 60.34
      vertex 69.647 19.1928 60.34
    endloop
  endfacet
  facet normal 0 0 -1
    outer loop
      vertex 52.5 31.2 60.34
      vertex 69.647 19.1928 60.34
      vertex 69.5 19.2 60.34
    endloop
  endfacet
  facet normal 0 0 -1
    outer loop
      vertex 52.5 31.2 60.34
      vertex 69.5 19.2 60.34
      vertex 69.353 19.1928 60.34
    endloop
  endfacet
  facet normal 0 0 -1
    outer loop
      vertex 52.5 31.2 60.34
      vertex 69.353 19.1928 60.34
      vertex 69.2074 19.1712 60.34
    endloop
  endfacet
  facet normal 0 0 -1
    outer loop
      vertex 52.5 31.2 60.34
      vertex 69.2074 19.1712 60.34
      vertex 69.0646 19.1354 60.34
    endloop
  endfacet
  facet normal 0 0 -1
    outer loop
      vertex 52.5 31.2 60.34
      vertex 69.0646 19.1354 60.34
      vertex 68.926 19.0858 60.34
    endloop
  endfacet
  facet normal 0 0 -1
    outer loop
      vertex 60 17.7 60.34
      vertex 68.0072 17.847 60.34
      vertex 68 17.7 60.34
    endloop
  endfacet
  facet normal 0 0 -1
    outer loop
      vertex 59.9928 17.847 60.34
      vertex 68.0072 17.847 60.34
      vertex 60 17.7 60.34
    endloop
  endfacet
  facet normal 0 0 -1
    outer loop
      vertex 68.0072 17.847 60.34
      vertex 59.9928 17.847 60.34
      vertex 68.0288 17.9926 60.34
    endloop
  endfacet
  facet normal 0 0 -1
    outer loop
      vertex 59.9712 17.9926 60.34
      vertex 68.0288 17.9926 60.34
      vertex 59.9928 17.847 60.34
    endloop
  endfacet
  facet normal 0 0 -1
    outer loop
      vertex 68.0288 17.9926 60.34
      vertex 59.9712 17.9926 60.34
      vertex 68.0646 18.1354 60.34
    endloop
  endfacet
  facet normal 0 0 -1
    outer loop
      vertex 59.9354 18.1354 60.34
      vertex 68.0646 18.1354 60.34
      vertex 59.9712 17.9926 60.34
    endloop
  endfacet
  facet normal 0 0 -1
    outer loop
      vertex 68.0646 18.1354 60.34
      vertex 59.9354 18.1354 60.34
      vertex 68.1142 18.274 60.34
    endloop
  endfacet
  facet normal 0 0 -1
    outer loop
      vertex 59.8858 18.274 60.34
      vertex 68.1142 18.274 60.34
      vertex 59.9354 18.1354 60.34
    endloop
  endfacet
  facet normal 0 0 -1
    outer loop
      vertex 68.1142 18.274 60.34
      vertex 59.8858 18.274 60.34
      vertex 68.1771 18.4071 60.34
    endloop
  endfacet
  facet normal 0 0 -1
    outer loop
      vertex 59.8229 18.4071 60.34
      vertex 68.1771 18.4071 60.34
      vertex 59.8858 18.274 60.34
    endloop
  endfacet
  facet normal 0 0 -1
    outer loop
      vertex 68.1771 18.4071 60.34
      vertex 59.8229 18.4071 60.34
      vertex 68.2528 18.5334 60.34
    endloop
  endfacet
  facet normal 0 0 -1
    outer loop
      vertex 59.7472 18.5334 60.34
      vertex 68.2528 18.5334 60.34
      vertex 59.8229 18.4071 60.34
    endloop
  endfacet
  facet normal 0 0 -1
    outer loop
      vertex 68.2528 18.5334 60.34
      vertex 59.7472 18.5334 60.34
      vertex 68.3405 18.6516 60.34
    endloop
  endfacet
  facet normal 0 0 -1
    outer loop
      vertex 59.6595 18.6516 60.34
      vertex 68.3405 18.6516 60.34
      vertex 59.7472 18.5334 60.34
    endloop
  endfacet
  facet normal 0 0 -1
    outer loop
      vertex 68.3405 18.6516 60.34
      vertex 59.6595 18.6516 60.34
      vertex 68.4393 18.7607 60.34
    endloop
  endfacet
  facet normal 0 0 -1
    outer loop
      vertex 59.5607 18.7607 60.34
      vertex 68.4393 18.7607 60.34
      vertex 59.6595 18.6516 60.34
    endloop
  endfacet
  facet normal 0 0 -1
    outer loop
      vertex 68.4393 18.7607 60.34
      vertex 59.5607 18.7607 60.34
      vertex 68.5484 18.8595 60.34
    endloop
  endfacet
  facet normal 0 0 -1
    outer loop
      vertex 59.4516 18.8595 60.34
      vertex 68.5484 18.8595 60.34
      vertex 59.5607 18.7607 60.34
    endloop
  endfacet
  facet normal 0 0 -1
    outer loop
      vertex 68.5484 18.8595 60.34
      vertex 59.4516 18.8595 60.34
      vertex 68.6666 18.9472 60.34
    endloop
  endfacet
  facet normal 0 0 -1
    outer loop
      vertex 59.3334 18.9472 60.34
      vertex 68.6666 18.9472 60.34
      vertex 59.4516 18.8595 60.34
    endloop
  endfacet
  facet normal 0 0 -1
    outer loop
      vertex 68.6666 18.9472 60.34
      vertex 59.3334 18.9472 60.34
      vertex 68.7929 19.0229 60.34
    endloop
  endfacet
  facet normal 0 0 -1
    outer loop
      vertex 59.2071 19.0229 60.34
      vertex 68.7929 19.0229 60.34
      vertex 59.3334 18.9472 60.34
    endloop
  endfacet
  facet normal 0 0 -1
    outer loop
      vertex 68.7929 19.0229 60.34
      vertex 59.2071 19.0229 60.34
      vertex 68.926 19.0858 60.34
    endloop
  endfacet
  facet normal 0 0 -1
    outer loop
      vertex 59.074 19.0858 60.34
      vertex 68.926 19.0858 60.34
      vertex 59.2071 19.0229 60.34
    endloop
  endfacet
  facet normal 0 0 -1
    outer loop
      vertex 68.926 19.0858 60.34
      vertex 59.074 19.0858 60.34
      vertex 52.5 31.2 60.34
    endloop
  endfacet
  facet normal 0 0 -1
    outer loop
      vertex 52.5 31.2 60.34
      vertex 59.074 19.0858 60.34
      vertex 58.9354 19.1354 60.34
    endloop
  endfacet
  facet normal 0 0 -1
    outer loop
      vertex 52.5 31.2 60.34
      vertex 58.9354 19.1354 60.34
      vertex 58.7926 19.1712 60.34
    endloop
  endfacet
  facet normal 0 0 -1
    outer loop
      vertex 52.5 31.2 60.34
      vertex 58.7926 19.1712 60.34
      vertex 58.647 19.1928 60.34
    endloop
  endfacet
  facet normal 0 0 -1
    outer loop
      vertex 52.5 31.2 60.34
      vertex 58.647 19.1928 60.34
      vertex 58.5 19.2 60.34
    endloop
  endfacet
  facet normal 0 0 -1
    outer loop
      vertex 52.5 31.2 60.34
      vertex 58.5 19.2 60.34
      vertex 58.353 19.1928 60.34
    endloop
  endfacet
  facet normal 0 0 -1
    outer loop
      vertex 52.5 31.2 60.34
      vertex 58.353 19.1928 60.34
      vertex 58.2074 19.1712 60.34
    endloop
  endfacet
  facet normal 0 0 -1
    outer loop
      vertex 52.5 31.2 60.34
      vertex 58.2074 19.1712 60.34
      vertex 58.0646 19.1354 60.34
    endloop
  endfacet
  facet normal 0 0 -1
    outer loop
      vertex 52.5 31.2 60.34
      vertex 57 17.7 60.34
      vertex 52.5 4.2 60.34
    endloop
  endfacet
  facet normal 0 0 -1
    outer loop
      vertex 57 17.7 60.34
      vertex 52.5 31.2 60.34
      vertex 57.0072 17.847 60.34
    endloop
  endfacet
  facet normal 0 0 -1
    outer loop
      vertex 57.0072 17.847 60.34
      vertex 52.5 31.2 60.34
      vertex 57.0288 17.9926 60.34
    endloop
  endfacet
  facet normal 0 0 -1
    outer loop
      vertex 69.7926 19.1712 60.34
      vertex 52.5 31.2 60.34
      vertex 97.5 31.2 60.34
    endloop
  endfacet
  facet normal 0 0 -1
    outer loop
      vertex 57.926 19.0858 60.34
      vertex 52.5 31.2 60.34
      vertex 58.0646 19.1354 60.34
    endloop
  endfacet
  facet normal 0 0 -1
    outer loop
      vertex 57.7929 19.0229 60.34
      vertex 52.5 31.2 60.34
      vertex 57.926 19.0858 60.34
    endloop
  endfacet
  facet normal 0 0 -1
    outer loop
      vertex 57.6666 18.9472 60.34
      vertex 52.5 31.2 60.34
      vertex 57.7929 19.0229 60.34
    endloop
  endfacet
  facet normal 0 0 -1
    outer loop
      vertex 57.5484 18.8595 60.34
      vertex 52.5 31.2 60.34
      vertex 57.6666 18.9472 60.34
    endloop
  endfacet
  facet normal 0 0 -1
    outer loop
      vertex 57.4393 18.7607 60.34
      vertex 52.5 31.2 60.34
      vertex 57.5484 18.8595 60.34
    endloop
  endfacet
  facet normal 0 0 -1
    outer loop
      vertex 57.3405 18.6516 60.34
      vertex 52.5 31.2 60.34
      vertex 57.4393 18.7607 60.34
    endloop
  endfacet
  facet normal 0 0 -1
    outer loop
      vertex 57.2528 18.5334 60.34
      vertex 52.5 31.2 60.34
      vertex 57.3405 18.6516 60.34
    endloop
  endfacet
  facet normal 0 0 -1
    outer loop
      vertex 57.1771 18.4071 60.34
      vertex 52.5 31.2 60.34
      vertex 57.2528 18.5334 60.34
    endloop
  endfacet
  facet normal 0 0 -1
    outer loop
      vertex 57.1142 18.274 60.34
      vertex 52.5 31.2 60.34
      vertex 57.1771 18.4071 60.34
    endloop
  endfacet
  facet normal 0 0 -1
    outer loop
      vertex 57.0646 18.1354 60.34
      vertex 52.5 31.2 60.34
      vertex 57.1142 18.274 60.34
    endloop
  endfacet
  facet normal 0 0 -1
    outer loop
      vertex 57.0288 17.9926 60.34
      vertex 52.5 31.2 60.34
      vertex 57.0646 18.1354 60.34
    endloop
  endfacet
  facet normal -0 0 1
    outer loop
      vertex 52.5 31.2 42.84
      vertex 97.5 4.2 42.84
      vertex 97.5 31.2 42.84
    endloop
  endfacet
  facet normal 0 0 1
    outer loop
      vertex 97.5 4.2 42.84
      vertex 52.5 31.2 42.84
      vertex 52.5 4.2 42.84
    endloop
  endfacet
  facet normal 1 -0 0
    outer loop
      vertex 52.5 4.2 60.34
      vertex 52.5 31.2 42.84
      vertex 52.5 31.2 60.34
    endloop
  endfacet
  facet normal 1 0 0
    outer loop
      vertex 52.5 31.2 42.84
      vertex 52.5 4.2 60.34
      vertex 52.5 4.2 42.84
    endloop
  endfacet
  facet normal 0 -1 0
    outer loop
      vertex 52.5 31.2 42.84
      vertex 97.5 31.2 60.34
      vertex 52.5 31.2 60.34
    endloop
  endfacet
  facet normal 0 -1 -0
    outer loop
      vertex 97.5 31.2 60.34
      vertex 52.5 31.2 42.84
      vertex 97.5 31.2 42.84
    endloop
  endfacet
  facet normal 0 1 -0
    outer loop
      vertex 97.5 4.2 42.84
      vertex 52.5 4.2 60.34
      vertex 97.5 4.2 60.34
    endloop
  endfacet
  facet normal 0 1 0
    outer loop
      vertex 52.5 4.2 60.34
      vertex 97.5 4.2 42.84
      vertex 52.5 4.2 42.84
    endloop
  endfacet
  facet normal -1 0 0
    outer loop
      vertex 59.6 27.65 36.3
      vertex 59.6 26.827 37.2
      vertex 59.6 27.65 37.2
    endloop
  endfacet
  facet normal -1 0 0
    outer loop
      vertex 59.6 27.65 36.3
      vertex 59.6 26.7703 37.1834
      vertex 59.6 26.827 37.2
    endloop
  endfacet
  facet normal -1 0 0
    outer loop
      vertex 59.6 27.65 36.3
      vertex 59.6 26.7429 37.1761
      vertex 59.6 26.7703 37.1834
    endloop
  endfacet
  facet normal -1 0 0
    outer loop
      vertex 59.6 27.65 36.3
      vertex 59.6 26.6997 37.1675
      vertex 59.6 26.7429 37.1761
    endloop
  endfacet
  facet normal -1 0 0
    outer loop
      vertex 59.6 27.65 36.3
      vertex 59.6 26.6716 37.165
      vertex 59.6 26.6997 37.1675
    endloop
  endfacet
  facet normal -1 0 0
    outer loop
      vertex 59.6 27.65 36.3
      vertex 59.6 26.5928 37.1544
      vertex 59.6 26.6716 37.165
    endloop
  endfacet
  facet normal -1 0 0
    outer loop
      vertex 59.6 27.65 36.3
      vertex 59.6 26.5113 37.1501
      vertex 59.6 26.5928 37.1544
    endloop
  endfacet
  facet normal -1 0 0
    outer loop
      vertex 59.6 27.65 36.3
      vertex 59.6 26.5 37.15
      vertex 59.6 26.5113 37.1501
    endloop
  endfacet
  facet normal -1 0 0
    outer loop
      vertex 59.6 5.15 36.3
      vertex 59.6 26.5 37.15
      vertex 59.6 27.65 36.3
    endloop
  endfacet
  facet normal -1 -0 0
    outer loop
      vertex 59.6 26.5 37.15
      vertex 59.6 5.15 36.3
      vertex 59.6 5.15 37.15
    endloop
  endfacet
  facet normal 0 0 -1
    outer loop
      vertex 59.6 26.827 37.2
      vertex 58.965 27.65 37.2
      vertex 59.6 27.65 37.2
    endloop
  endfacet
  facet normal 0 0 -1
    outer loop
      vertex 56.4485 26.827 37.2
      vertex 58.965 27.65 37.2
      vertex 59.6 26.827 37.2
    endloop
  endfacet
  facet normal 0 0 -1
    outer loop
      vertex 56.4046 26.8938 37.2
      vertex 58.965 27.65 37.2
      vertex 56.4485 26.827 37.2
    endloop
  endfacet
  facet normal 0 0 -1
    outer loop
      vertex 56.3491 26.9642 37.2
      vertex 58.965 27.65 37.2
      vertex 56.4046 26.8938 37.2
    endloop
  endfacet
  facet normal -0 0 -1
    outer loop
      vertex 58.965 27.65 37.2
      vertex 56.3491 26.9642 37.2
      vertex 58.965 28.5 37.2
    endloop
  endfacet
  facet normal 0 0 -1
    outer loop
      vertex 56.3457 26.9675 37.2
      vertex 58.965 28.5 37.2
      vertex 56.3491 26.9642 37.2
    endloop
  endfacet
  facet normal 0 0 -1
    outer loop
      vertex 56.243 27.0779 37.2
      vertex 58.965 28.5 37.2
      vertex 56.3457 26.9675 37.2
    endloop
  endfacet
  facet normal 0 0 -1
    outer loop
      vertex 56.1642 27.1491 37.2
      vertex 58.965 28.5 37.2
      vertex 56.243 27.0779 37.2
    endloop
  endfacet
  facet normal 0 0 -1
    outer loop
      vertex 56.1524 27.1573 37.2
      vertex 58.965 28.5 37.2
      vertex 56.1642 27.1491 37.2
    endloop
  endfacet
  facet normal 0 0 -1
    outer loop
      vertex 56.0346 27.246 37.2
      vertex 58.965 28.5 37.2
      vertex 56.1524 27.1573 37.2
    endloop
  endfacet
  facet normal 0 0 -1
    outer loop
      vertex 55.95 27.299 37.2
      vertex 58.965 28.5 37.2
      vertex 56.0346 27.246 37.2
    endloop
  endfacet
  facet normal 0 0 -1
    outer loop
      vertex 55.8057 27.371 37.2
      vertex 58.965 28.5 37.2
      vertex 55.95 27.299 37.2
    endloop
  endfacet
  facet normal 0 0 -1
    outer loop
      vertex 55.7768 27.3844 37.2
      vertex 58.965 28.5 37.2
      vertex 55.8057 27.371 37.2
    endloop
  endfacet
  facet normal 0 0 -1
    outer loop
      vertex 55.7136 27.4093 37.2
      vertex 58.965 28.5 37.2
      vertex 55.7768 27.3844 37.2
    endloop
  endfacet
  facet normal 0 0 -1
    outer loop
      vertex 55.6085 27.4426 37.2
      vertex 58.965 28.5 37.2
      vertex 55.7136 27.4093 37.2
    endloop
  endfacet
  facet normal 0 0 -1
    outer loop
      vertex 55.5712 27.4526 37.2
      vertex 58.965 28.5 37.2
      vertex 55.6085 27.4426 37.2
    endloop
  endfacet
  facet normal 0 0 -1
    outer loop
      vertex 55.4605 27.4772 37.2
      vertex 58.965 28.5 37.2
      vertex 55.5712 27.4526 37.2
    endloop
  endfacet
  facet normal 0 0 -1
    outer loop
      vertex 55.3556 27.4903 37.2
      vertex 55.4605 27.4772 37.2
      vertex 55.4189 27.4808 37.2
    endloop
  endfacet
  facet normal 0 0 -1
    outer loop
      vertex 55.4605 27.4772 37.2
      vertex 55.3556 27.4903 37.2
      vertex 58.965 28.5 37.2
    endloop
  endfacet
  facet normal 0 0 -1
    outer loop
      vertex 55.2919 27.4966 37.2
      vertex 58.965 28.5 37.2
      vertex 55.3556 27.4903 37.2
    endloop
  endfacet
  facet normal 0 0 -1
    outer loop
      vertex 55.2 27.5 37.2
      vertex 58.965 28.5 37.2
      vertex 55.2919 27.4966 37.2
    endloop
  endfacet
  facet normal 0 0 -1
    outer loop
      vertex 55.1081 27.4966 37.2
      vertex 58.965 28.5 37.2
      vertex 55.2 27.5 37.2
    endloop
  endfacet
  facet normal 0 0 -1
    outer loop
      vertex 55.0445 27.4903 37.2
      vertex 58.965 28.5 37.2
      vertex 55.1081 27.4966 37.2
    endloop
  endfacet
  facet normal 0 0 -1
    outer loop
      vertex 55.0016 27.4866 37.2
      vertex 58.965 28.5 37.2
      vertex 55.0445 27.4903 37.2
    endloop
  endfacet
  facet normal 0 0 -1
    outer loop
      vertex 54.9395 27.4772 37.2
      vertex 58.965 28.5 37.2
      vertex 55.0016 27.4866 37.2
    endloop
  endfacet
  facet normal 0 0 -1
    outer loop
      vertex 46.7756 26.827 37.2
      vertex 54.9395 27.4772 37.2
      vertex 54.8294 27.4527 37.2
    endloop
  endfacet
  facet normal 0 0 -1
    outer loop
      vertex 46.7756 26.827 37.2
      vertex 53.9943 26.8923 37.2
      vertex 53.9515 26.827 37.2
    endloop
  endfacet
  facet normal 0 0 -1
    outer loop
      vertex 46.7756 26.827 37.2
      vertex 53.9954 26.8938 37.2
      vertex 53.9943 26.8923 37.2
    endloop
  endfacet
  facet normal 0 0 -1
    outer loop
      vertex 46.7756 26.827 37.2
      vertex 54.0509 26.9642 37.2
      vertex 53.9954 26.8938 37.2
    endloop
  endfacet
  facet normal 0 0 -1
    outer loop
      vertex 46.7756 26.827 37.2
      vertex 54.1499 27.0707 37.2
      vertex 54.0509 26.9642 37.2
    endloop
  endfacet
  facet normal 0 0 -1
    outer loop
      vertex 46.7756 26.827 37.2
      vertex 54.157 27.0779 37.2
      vertex 54.1499 27.0707 37.2
    endloop
  endfacet
  facet normal 0 0 -1
    outer loop
      vertex 46.7756 26.827 37.2
      vertex 54.2364 27.1496 37.2
      vertex 54.157 27.0779 37.2
    endloop
  endfacet
  facet normal 0 0 -1
    outer loop
      vertex 46.7756 26.827 37.2
      vertex 54.3456 27.2322 37.2
      vertex 54.2364 27.1496 37.2
    endloop
  endfacet
  facet normal 0 0 -1
    outer loop
      vertex 46.7756 26.827 37.2
      vertex 54.3622 27.2439 37.2
      vertex 54.3456 27.2322 37.2
    endloop
  endfacet
  facet normal 0 0 -1
    outer loop
      vertex 46.7756 26.827 37.2
      vertex 54.45 27.299 37.2
      vertex 54.3622 27.2439 37.2
    endloop
  endfacet
  facet normal 0 0 -1
    outer loop
      vertex 46.7756 26.827 37.2
      vertex 54.5987 27.3728 37.2
      vertex 54.45 27.299 37.2
    endloop
  endfacet
  facet normal 0 0 -1
    outer loop
      vertex 46.7756 26.827 37.2
      vertex 54.6278 27.3863 37.2
      vertex 54.5987 27.3728 37.2
    endloop
  endfacet
  facet normal 0 0 -1
    outer loop
      vertex 46.7756 26.827 37.2
      vertex 54.687 27.4095 37.2
      vertex 54.6278 27.3863 37.2
    endloop
  endfacet
  facet normal 0 0 -1
    outer loop
      vertex 46.7756 26.827 37.2
      vertex 54.7922 27.4428 37.2
      vertex 54.687 27.4095 37.2
    endloop
  endfacet
  facet normal 0 0 -1
    outer loop
      vertex 46.7756 26.827 37.2
      vertex 54.8294 27.4527 37.2
      vertex 54.7922 27.4428 37.2
    endloop
  endfacet
  facet normal -0 0 -1
    outer loop
      vertex 54.9395 27.4772 37.2
      vertex 46.7756 26.827 37.2
      vertex 58.965 28.5 37.2
    endloop
  endfacet
  facet normal 0 0 -1
    outer loop
      vertex 39.5583 27.6604 37.2
      vertex 46.7756 26.827 37.2
      vertex 45.5937 26.8212 37.2
    endloop
  endfacet
  facet normal 0 0 -1
    outer loop
      vertex 39.8063 27.588 37.2
      vertex 45.5937 26.8212 37.2
      vertex 42.3001 26.8316 37.2
    endloop
  endfacet
  facet normal 0 0 -1
    outer loop
      vertex 40.6722 26.85 37.2
      vertex 42.3001 26.8316 37.2
      vertex 40.6817 26.8315 37.2
    endloop
  endfacet
  facet normal 0 0 -1
    outer loop
      vertex 40.6433 26.8975 37.2
      vertex 42.3001 26.8316 37.2
      vertex 40.6722 26.85 37.2
    endloop
  endfacet
  facet normal 0 0 -1
    outer loop
      vertex 40.6433 26.8975 37.2
      vertex 40.6722 26.85 37.2
      vertex 40.6714 26.8512 37.2
    endloop
  endfacet
  facet normal 0 0 -1
    outer loop
      vertex 40.5154 27.0768 37.2
      vertex 42.3001 26.8316 37.2
      vertex 40.6433 26.8975 37.2
    endloop
  endfacet
  facet normal 0 0 -1
    outer loop
      vertex 40.502 27.0931 37.2
      vertex 42.3001 26.8316 37.2
      vertex 40.5154 27.0768 37.2
    endloop
  endfacet
  facet normal 0 0 -1
    outer loop
      vertex 40.4783 27.1168 37.2
      vertex 42.3001 26.8316 37.2
      vertex 40.502 27.0931 37.2
    endloop
  endfacet
  facet normal 0 0 -1
    outer loop
      vertex 42.3001 26.8316 37.2
      vertex 40.4783 27.1168 37.2
      vertex 40.3499 27.2516 37.2
    endloop
  endfacet
  facet normal 0 0 -1
    outer loop
      vertex 40.2919 27.303 37.2
      vertex 42.3001 26.8316 37.2
      vertex 40.3499 27.2516 37.2
    endloop
  endfacet
  facet normal 0 0 -1
    outer loop
      vertex 40.151 27.4071 37.2
      vertex 42.3001 26.8316 37.2
      vertex 40.2919 27.303 37.2
    endloop
  endfacet
  facet normal 0 0 -1
    outer loop
      vertex 40.151 27.4071 37.2
      vertex 40.2919 27.303 37.2
      vertex 40.2347 27.343 37.2
    endloop
  endfacet
  facet normal 0 0 -1
    outer loop
      vertex 40.05 27.4722 37.2
      vertex 42.3001 26.8316 37.2
      vertex 40.151 27.4071 37.2
    endloop
  endfacet
  facet normal 0 0 -1
    outer loop
      vertex 39.9245 27.5332 37.2
      vertex 42.3001 26.8316 37.2
      vertex 40.05 27.4722 37.2
    endloop
  endfacet
  facet normal 0 0 -1
    outer loop
      vertex 39.9245 27.5332 37.2
      vertex 40.05 27.4722 37.2
      vertex 39.9559 27.5161 37.2
    endloop
  endfacet
  facet normal 0 0 -1
    outer loop
      vertex 39.8063 27.588 37.2
      vertex 42.3001 26.8316 37.2
      vertex 39.9245 27.5332 37.2
    endloop
  endfacet
  facet normal 0 0 -1
    outer loop
      vertex 45.5937 26.8212 37.2
      vertex 39.8063 27.588 37.2
      vertex 39.7806 27.5978 37.2
    endloop
  endfacet
  facet normal 0 0 -1
    outer loop
      vertex 39.5847 27.6534 37.2
      vertex 45.5937 26.8212 37.2
      vertex 39.7806 27.5978 37.2
    endloop
  endfacet
  facet normal 0 0 -1
    outer loop
      vertex 39.6152 27.6443 37.2
      vertex 39.7806 27.5978 37.2
      vertex 39.6498 27.6328 37.2
    endloop
  endfacet
  facet normal 0 0 -1
    outer loop
      vertex 39.5847 27.6534 37.2
      vertex 39.7806 27.5978 37.2
      vertex 39.6152 27.6443 37.2
    endloop
  endfacet
  facet normal 0 0 -1
    outer loop
      vertex 39.57 27.6574 37.2
      vertex 45.5937 26.8212 37.2
      vertex 39.5847 27.6534 37.2
    endloop
  endfacet
  facet normal 0 0 -1
    outer loop
      vertex 39.5583 27.6604 37.2
      vertex 45.5937 26.8212 37.2
      vertex 39.57 27.6574 37.2
    endloop
  endfacet
  facet normal 0 0 -1
    outer loop
      vertex 46.7756 26.827 37.2
      vertex 39.5583 27.6604 37.2
      vertex 39.5518 27.662 37.2
    endloop
  endfacet
  facet normal 0 0 -1
    outer loop
      vertex 46.7756 26.827 37.2
      vertex 39.5518 27.662 37.2
      vertex 39.5478 27.663 37.2
    endloop
  endfacet
  facet normal 0 0 -1
    outer loop
      vertex 39.5465 27.6633 37.2
      vertex 46.7756 26.827 37.2
      vertex 39.5478 27.663 37.2
    endloop
  endfacet
  facet normal 0 0 -1
    outer loop
      vertex 46.7756 26.827 37.2
      vertex 39.5465 27.6633 37.2
      vertex 58.965 28.5 37.2
    endloop
  endfacet
  facet normal 0 0 -1
    outer loop
      vertex 39.4952 27.6742 37.2
      vertex 58.965 28.5 37.2
      vertex 39.5465 27.6633 37.2
    endloop
  endfacet
  facet normal 0 0 -1
    outer loop
      vertex 34.6 28.5 37.2
      vertex 39.4952 27.6742 37.2
      vertex 39.2 27.7 37.2
    endloop
  endfacet
  facet normal 0 0 -1
    outer loop
      vertex 38.6479 27.6076 37.2
      vertex 38.8153 27.6534 37.2
      vertex 38.7849 27.6443 37.2
    endloop
  endfacet
  facet normal 0 0 -1
    outer loop
      vertex 34.6 28.5 37.2
      vertex 38.8153 27.6534 37.2
      vertex 38.6479 27.6076 37.2
    endloop
  endfacet
  facet normal 0 0 -1
    outer loop
      vertex 34.6 26.8269 37.2
      vertex 37.7278 26.85 37.2
      vertex 37.7183 26.8315 37.2
    endloop
  endfacet
  facet normal 0 0 -1
    outer loop
      vertex 34.6 28.5 37.2
      vertex 37.7278 26.85 37.2
      vertex 34.6 26.8269 37.2
    endloop
  endfacet
  facet normal 0 0 -1
    outer loop
      vertex 37.7278 26.85 37.2
      vertex 34.6 28.5 37.2
      vertex 37.7531 26.8924 37.2
    endloop
  endfacet
  facet normal 0 0 -1
    outer loop
      vertex 37.7531 26.8924 37.2
      vertex 34.6 28.5 37.2
      vertex 37.7567 26.8975 37.2
    endloop
  endfacet
  facet normal 0 0 -1
    outer loop
      vertex 37.7567 26.8975 37.2
      vertex 34.6 28.5 37.2
      vertex 37.8846 27.0768 37.2
    endloop
  endfacet
  facet normal 0 0 -1
    outer loop
      vertex 37.8846 27.0768 37.2
      vertex 34.6 28.5 37.2
      vertex 37.898 27.0931 37.2
    endloop
  endfacet
  facet normal 0 0 -1
    outer loop
      vertex 37.898 27.0931 37.2
      vertex 34.6 28.5 37.2
      vertex 38.0091 27.2105 37.2
    endloop
  endfacet
  facet normal 0 0 -1
    outer loop
      vertex 38.0091 27.2105 37.2
      vertex 34.6 28.5 37.2
      vertex 38.0501 27.2516 37.2
    endloop
  endfacet
  facet normal 0 0 -1
    outer loop
      vertex 38.0501 27.2516 37.2
      vertex 34.6 28.5 37.2
      vertex 38.1081 27.303 37.2
    endloop
  endfacet
  facet normal 0 0 -1
    outer loop
      vertex 38.1081 27.303 37.2
      vertex 34.6 28.5 37.2
      vertex 38.1796 27.3584 37.2
    endloop
  endfacet
  facet normal 0 0 -1
    outer loop
      vertex 38.1796 27.3584 37.2
      vertex 34.6 28.5 37.2
      vertex 38.249 27.4071 37.2
    endloop
  endfacet
  facet normal 0 0 -1
    outer loop
      vertex 38.249 27.4071 37.2
      vertex 34.6 28.5 37.2
      vertex 38.3507 27.4726 37.2
    endloop
  endfacet
  facet normal 0 0 -1
    outer loop
      vertex 38.3507 27.4726 37.2
      vertex 34.6 28.5 37.2
      vertex 38.3768 27.4872 37.2
    endloop
  endfacet
  facet normal 0 0 -1
    outer loop
      vertex 38.3768 27.4872 37.2
      vertex 34.6 28.5 37.2
      vertex 38.4757 27.5333 37.2
    endloop
  endfacet
  facet normal 0 0 -1
    outer loop
      vertex 38.4757 27.5333 37.2
      vertex 34.6 28.5 37.2
      vertex 38.5937 27.588 37.2
    endloop
  endfacet
  facet normal 0 0 -1
    outer loop
      vertex 38.5937 27.588 37.2
      vertex 34.6 28.5 37.2
      vertex 38.6186 27.5975 37.2
    endloop
  endfacet
  facet normal 0 0 -1
    outer loop
      vertex 38.6186 27.5975 37.2
      vertex 34.6 28.5 37.2
      vertex 38.6479 27.6076 37.2
    endloop
  endfacet
  facet normal 0 0 -1
    outer loop
      vertex 38.8153 27.6534 37.2
      vertex 34.6 28.5 37.2
      vertex 38.83 27.6574 37.2
    endloop
  endfacet
  facet normal 0 0 -1
    outer loop
      vertex 38.83 27.6574 37.2
      vertex 34.6 28.5 37.2
      vertex 38.8417 27.6604 37.2
    endloop
  endfacet
  facet normal 0 0 -1
    outer loop
      vertex 38.8417 27.6604 37.2
      vertex 34.6 28.5 37.2
      vertex 38.8498 27.6624 37.2
    endloop
  endfacet
  facet normal 0 0 -1
    outer loop
      vertex 38.8498 27.6624 37.2
      vertex 34.6 28.5 37.2
      vertex 38.8522 27.663 37.2
    endloop
  endfacet
  facet normal 0 0 -1
    outer loop
      vertex 38.8522 27.663 37.2
      vertex 34.6 28.5 37.2
      vertex 38.8535 27.6633 37.2
    endloop
  endfacet
  facet normal 0 0 -1
    outer loop
      vertex 39.4952 27.6742 37.2
      vertex 34.6 28.5 37.2
      vertex 58.965 28.5 37.2
    endloop
  endfacet
  facet normal 0 0 -1
    outer loop
      vertex 38.9048 27.6742 37.2
      vertex 34.6 28.5 37.2
      vertex 39.2 27.7 37.2
    endloop
  endfacet
  facet normal 0 0 -1
    outer loop
      vertex 38.8535 27.6633 37.2
      vertex 34.6 28.5 37.2
      vertex 38.9048 27.6742 37.2
    endloop
  endfacet
  facet normal 1 0 0
    outer loop
      vertex 34.6 28.5 37.2
      vertex 34.6 27.8 34.64
      vertex 34.6 28.5 31.7
    endloop
  endfacet
  facet normal 1 -0 0
    outer loop
      vertex 34.6 26.8269 37.2
      vertex 34.6 27.8 34.64
      vertex 34.6 28.5 37.2
    endloop
  endfacet
  facet normal 1 0 0
    outer loop
      vertex 34.6 26.14 36.3
      vertex 34.6 26.8269 37.2
      vertex 34.6 26.753 37.1817
    endloop
  endfacet
  facet normal 1 0 0
    outer loop
      vertex 34.6 26.14 36.3
      vertex 34.6 26.753 37.1817
      vertex 34.6 26.6997 37.1675
    endloop
  endfacet
  facet normal 1 0 0
    outer loop
      vertex 34.6 26.14 36.3
      vertex 34.6 26.6997 37.1675
      vertex 34.6 26.6136 37.1569
    endloop
  endfacet
  facet normal 1 0 0
    outer loop
      vertex 34.6 26.14 36.3
      vertex 34.6 26.6136 37.1569
      vertex 34.6 26.554 37.1547
    endloop
  endfacet
  facet normal 1 0 0
    outer loop
      vertex 34.6 26.14 36.3
      vertex 34.6 26.554 37.1547
      vertex 34.6 26.5 37.15
    endloop
  endfacet
  facet normal 1 0 0
    outer loop
      vertex 34.6 26.8269 37.2
      vertex 34.6 26.14 36.3
      vertex 34.6 27.8 34.64
    endloop
  endfacet
  facet normal 1 -0 0
    outer loop
      vertex 34.6 5.15 37.15
      vertex 34.6 26.14 36.3
      vertex 34.6 26.5 37.15
    endloop
  endfacet
  facet normal 1 0 0
    outer loop
      vertex 34.6 26.14 36.3
      vertex 34.6 5.15 37.15
      vertex 34.6 5.15 36.3
    endloop
  endfacet
  facet normal 1 -0 0
    outer loop
      vertex 34.6 28.5 31.7
      vertex 34.6 29.3967 31.2
      vertex 34.6 29.23 31.7
    endloop
  endfacet
  facet normal 1 0 0
    outer loop
      vertex 34.6 28.5 31.7
      vertex 34.6 27.8 31.2
      vertex 34.6 29.3967 31.2
    endloop
  endfacet
  facet normal 1 0 0
    outer loop
      vertex 34.6 27.8 31.2
      vertex 34.6 28.5 31.7
      vertex 34.6 27.8 34.64
    endloop
  endfacet
  facet normal 0 1 -0
    outer loop
      vertex 59.6 5.15 36.3
      vertex 34.6 5.15 37.15
      vertex 59.6 5.15 37.15
    endloop
  endfacet
  facet normal 0 1 0
    outer loop
      vertex 34.6 5.15 37.15
      vertex 59.6 5.15 36.3
      vertex 34.6 5.15 36.3
    endloop
  endfacet
endsolid OpenSCAD_Model
