solid OpenSCAD_Model
  facet normal 0.783516 0.370616 0.498744
    outer loop
      vertex 94.3016 46.2642 40.2337
      vertex 96.1927 46.4525 37.1229
      vertex 95.857 47.1622 37.1229
    endloop
  endfacet
  facet normal 0.783552 0.37052 0.49876
    outer loop
      vertex 94.5203 45.8993 40.1612
      vertex 96.1927 46.4525 37.1229
      vertex 94.3016 46.2642 40.2337
    endloop
  endfacet
  facet normal 0.78352 0.370593 0.498756
    outer loop
      vertex 96.1927 46.4525 37.1229
      vertex 94.5203 45.8993 40.1612
      vertex 94.6735 45.5754 40.1612
    endloop
  endfacet
  facet normal 0 -0.866026 -0.499999
    outer loop
      vertex 24 3 6.79043
      vertex 76 1.21793 9.87707
      vertex 24 1.21793 9.87707
    endloop
  endfacet
  facet normal 0 -0.866026 -0.499999
    outer loop
      vertex 76 1.21793 9.87707
      vertex 24 3 6.79043
      vertex 76 3 6.79043
    endloop
  endfacet
  facet normal 0.958206 0.126144 0.256765
    outer loop
      vertex 99.2841 40.8898 33.0884
      vertex 98.7435 36.7841 37.1229
      vertex 99.8246 36.7841 33.0884
    endloop
  endfacet
  facet normal -0.89291 0.369853 0.25675
    outer loop
      vertex 2.8711 46.993 33.0884
      vertex 1.28637 43.1671 33.0884
      vertex 3.80731 46.4525 37.1229
    endloop
  endfacet
  facet normal -0.95821 -0.12615 -0.25675
    outer loop
      vertex 0.715919 19.1102 13.9116
      vertex 0.175396 23.2159 13.9116
      vertex 1.25644 23.2159 9.87707
    endloop
  endfacet
  facet normal -0.892907 -0.369858 0.256753
    outer loop
      vertex 2.33058 17.1126 37.1229
      vertex 1.28637 16.8328 33.0884
      vertex 3.80731 13.5475 37.1229
    endloop
  endfacet
  facet normal -0.965926 0 -0.258819
    outer loop
      vertex 1.21793 24 9.87707
      vertex 0.136883 36 13.9116
      vertex 1.21793 36 9.87707
    endloop
  endfacet
  facet normal -0.965926 -0 -0.258819
    outer loop
      vertex 0.136883 36 13.9116
      vertex 1.21793 24 9.87707
      vertex 0.136883 24 13.9116
    endloop
  endfacet
  facet normal -0.369856 0.89291 0.256748
    outer loop
      vertex 16.8328 58.7136 33.0884
      vertex 13.007 57.1289 33.0884
      vertex 13.5475 56.1927 37.1229
    endloop
  endfacet
  facet normal 0.332118 -0.801816 -0.496779
    outer loop
      vertex 82.8873 2.33058 9.87707
      vertex 83.0697 4.25266 6.89672
      vertex 86.4525 3.80731 9.87707
    endloop
  endfacet
  facet normal 0.332114 -0.801817 -0.49678
    outer loop
      vertex 83.0697 4.25266 6.89672
      vertex 82.8873 2.33058 9.87707
      vertex 82.4333 4.02496 6.83878
    endloop
  endfacet
  facet normal -0.0474974 0.964838 0.258518
    outer loop
      vertex 24 59.8631 33.0884
      vertex 23.2159 58.7435 37.1229
      vertex 24 58.7821 37.1229
    endloop
  endfacet
  facet normal -0.0473744 0.964838 0.258542
    outer loop
      vertex 23.2159 58.7435 37.1229
      vertex 24 59.8631 33.0884
      vertex 23.2159 59.8246 33.0884
    endloop
  endfacet
  facet normal 0.991446 -0.13052 0
    outer loop
      vertex 99.2841 19.1102 33.0884
      vertex 99.8246 23.2159 13.9116
      vertex 99.8246 23.2159 33.0884
    endloop
  endfacet
  facet normal 0.991446 -0.13052 0
    outer loop
      vertex 99.8246 23.2159 13.9116
      vertex 99.2841 19.1102 33.0884
      vertex 99.2841 19.1102 13.9116
    endloop
  endfacet
  facet normal -0.258819 0 -0.965926
    outer loop
      vertex 9.87707 24 1.21793
      vertex 13.9116 36 0.136883
      vertex 13.9116 24 0.136883
    endloop
  endfacet
  facet normal -0.258819 0 -0.965926
    outer loop
      vertex 13.9116 36 0.136883
      vertex 9.87707 24 1.21793
      vertex 9.87707 36 1.21793
    endloop
  endfacet
  facet normal 0.85805 0.127393 0.497515
    outer loop
      vertex 96.3899 40.9218 40.2337
      vertex 98.2399 40.61 37.1229
      vertex 98.1246 41.3866 37.1229
    endloop
  endfacet
  facet normal 0.85806 0.127238 0.497537
    outer loop
      vertex 98.2399 40.61 37.1229
      vertex 96.3899 40.9218 40.2337
      vertex 96.5794 40.1651 40.1004
    endloop
  endfacet
  facet normal 0 -0.86603 0.499992
    outer loop
      vertex 24 1.21793 37.1229
      vertex 76 3 40.2096
      vertex 24 3 40.2096
    endloop
  endfacet
  facet normal 0 -0.86603 0.499992
    outer loop
      vertex 76 3 40.2096
      vertex 24 1.21793 37.1229
      vertex 76 1.21793 37.1229
    endloop
  endfacet
  facet normal 0.49658 -0.828515 0.258787
    outer loop
      vertex 87.7027 3.20676 33.0884
      vertex 87.8356 4.54659 37.1229
      vertex 87.1622 4.14298 37.1229
    endloop
  endfacet
  facet normal 0.49658 -0.828515 0.258787
    outer loop
      vertex 87.8356 4.54659 37.1229
      vertex 87.7027 3.20676 33.0884
      vertex 88.3761 3.61037 33.0884
    endloop
  endfacet
  facet normal -0.892907 -0.369859 -0.256751
    outer loop
      vertex 3.80731 13.5475 9.87707
      vertex 1.28637 16.8328 13.9116
      vertex 2.33058 17.1126 9.87707
    endloop
  endfacet
  facet normal 0.74285 0.445225 0.499949
    outer loop
      vertex 93.898 46.9376 40.2337
      vertex 95.857 47.1622 37.1229
      vertex 95.4534 47.8356 37.1229
    endloop
  endfacet
  facet normal 0.74285 0.445225 0.499949
    outer loop
      vertex 95.857 47.1622 37.1229
      vertex 93.898 46.9376 40.2337
      vertex 94.3016 46.2642 40.2337
    endloop
  endfacet
  facet normal 0.126144 0.958207 -0.256763
    outer loop
      vertex 80.8898 59.2841 13.9116
      vertex 76.7841 58.7435 9.87707
      vertex 76.7841 59.8246 13.9116
    endloop
  endfacet
  facet normal 0.998797 0.0490418 0
    outer loop
      vertex 99.8631 36 33.0884
      vertex 99.8246 36.7841 13.9116
      vertex 99.8246 36.7841 33.0884
    endloop
  endfacet
  facet normal 0.998797 0.0490418 0
    outer loop
      vertex 99.8246 36.7841 13.9116
      vertex 99.8631 36 33.0884
      vertex 99.8631 36 13.9116
    endloop
  endfacet
  facet normal 0.94154 0.336901 0
    outer loop
      vertex 98.9781 42.4279 33.0884
      vertex 98.7136 43.1671 13.9116
      vertex 98.7136 43.1671 33.0884
    endloop
  endfacet
  facet normal 0.94154 0.336901 0
    outer loop
      vertex 98.7136 43.1671 13.9116
      vertex 98.9781 42.4279 33.0884
      vertex 98.9781 42.4279 13.9116
    endloop
  endfacet
  facet normal -0.671565 -0.740946 0
    outer loop
      vertex 7.12622 7.12622 13.9116
      vertex 7.70793 6.59898 33.0884
      vertex 7.12622 7.12622 33.0884
    endloop
  endfacet
  facet normal -0.671565 -0.740946 -0
    outer loop
      vertex 7.70793 6.59898 33.0884
      vertex 7.12622 7.12622 13.9116
      vertex 7.70793 6.59898 13.9116
    endloop
  endfacet
  facet normal 0.514093 -0.857734 0
    outer loop
      vertex 87.7027 3.20676 13.9116
      vertex 88.3761 3.61037 33.0884
      vertex 87.7027 3.20676 33.0884
    endloop
  endfacet
  facet normal 0.514093 -0.857734 0
    outer loop
      vertex 88.3761 3.61037 33.0884
      vertex 87.7027 3.20676 13.9116
      vertex 88.3761 3.61037 13.9116
    endloop
  endfacet
  facet normal -0.12615 -0.95821 -0.25675
    outer loop
      vertex 23.2159 0.175396 13.9116
      vertex 19.1102 0.715919 13.9116
      vertex 23.2159 1.25644 9.87707
    endloop
  endfacet
  facet normal -0.370591 -0.783532 0.498738
    outer loop
      vertex 13.5475 3.80731 37.1229
      vertex 13.7358 5.69835 40.2337
      vertex 12.8378 4.14298 37.1229
    endloop
  endfacet
  facet normal -0.370543 -0.78355 0.498746
    outer loop
      vertex 13.7358 5.69835 40.2337
      vertex 13.5475 3.80731 37.1229
      vertex 14.1007 5.47964 40.1612
    endloop
  endfacet
  facet normal -0.370577 -0.783535 0.498744
    outer loop
      vertex 14.1007 5.47964 40.1612
      vertex 13.5475 3.80731 37.1229
      vertex 14.4246 5.32645 40.1612
    endloop
  endfacet
  facet normal 0.292009 0.816079 0.498745
    outer loop
      vertex 82.1481 57.9339 37.1229
      vertex 82.4333 55.975 40.1612
      vertex 82.8873 57.6694 37.1229
    endloop
  endfacet
  facet normal 0.292026 0.816075 0.498741
    outer loop
      vertex 82.4333 55.975 40.1612
      vertex 82.1481 57.9339 37.1229
      vertex 82.096 56.0957 40.1612
    endloop
  endfacet
  facet normal 0.292074 0.816062 0.498734
    outer loop
      vertex 82.096 56.0957 40.1612
      vertex 82.1481 57.9339 37.1229
      vertex 81.6833 56.1991 40.2337
    endloop
  endfacet
  facet normal 0.113048 0.860488 0.496771
    outer loop
      vertex 80.61 58.2399 37.1229
      vertex 80.0969 56.5965 40.0863
      vertex 80.1651 56.5794 40.1004
    endloop
  endfacet
  facet normal 0.113257 0.860451 0.496787
    outer loop
      vertex 80.61 58.2399 37.1229
      vertex 79.4589 56.6911 40.0679
      vertex 80.0969 56.5965 40.0863
    endloop
  endfacet
  facet normal 0.11326 0.86045 0.496787
    outer loop
      vertex 79.4589 56.6911 40.0679
      vertex 80.61 58.2399 37.1229
      vertex 76.7841 58.7435 37.1229
    endloop
  endfacet
  facet normal -0.955888 0.141799 0.257237
    outer loop
      vertex 0.715919 40.8898 33.0884
      vertex 1.87533 41.3866 37.1229
      vertex 0.831122 41.6664 33.0884
    endloop
  endfacet
  facet normal -0.955889 0.141795 0.257237
    outer loop
      vertex 1.87533 41.3866 37.1229
      vertex 0.715919 40.8898 33.0884
      vertex 1.76013 40.61 37.1229
    endloop
  endfacet
  facet normal -0.575642 -0.776188 -0.257232
    outer loop
      vertex 11.5338 5.01425 9.87707
      vertex 11.6239 3.61037 13.9116
      vertex 10.9933 4.07804 13.9116
    endloop
  endfacet
  facet normal -0.575634 -0.776194 -0.257234
    outer loop
      vertex 11.6239 3.61037 13.9116
      vertex 11.5338 5.01425 9.87707
      vertex 12.1644 4.54659 9.87707
    endloop
  endfacet
  facet normal 0.89291 -0.369852 -0.256749
    outer loop
      vertex 98.7136 16.8328 13.9116
      vertex 96.1927 13.5475 9.87707
      vertex 97.6694 17.1126 9.87707
    endloop
  endfacet
  facet normal -0.258669 0.0340507 -0.965366
    outer loop
      vertex 13.9501 36.7841 0.136883
      vertex 9.91558 36.7841 1.21793
      vertex 10.1242 38.3689 1.21793
    endloop
  endfacet
  facet normal -0.865246 0.0424954 0.499543
    outer loop
      vertex 1.21793 36 37.1229
      vertex 3.03852 36.7841 40.2096
      vertex 1.25644 36.7841 37.1229
    endloop
  endfacet
  facet normal -0.865247 0.0425065 0.49954
    outer loop
      vertex 3.03852 36.7841 40.2096
      vertex 1.21793 36 37.1229
      vertex 3 36 40.2096
    endloop
  endfacet
  facet normal -0.528331 -0.688529 -0.496784
    outer loop
      vertex 9.65694 6.51685 9.79055
      vertex 11.5338 5.01425 9.87707
      vertex 9.55609 6.53181 9.87707
    endloop
  endfacet
  facet normal -0.52833 -0.688529 -0.496785
    outer loop
      vertex 10 6.5 9.44906
      vertex 11.5338 5.01425 9.87707
      vertex 9.65694 6.51685 9.79055
    endloop
  endfacet
  facet normal -0.528311 -0.688519 -0.496819
    outer loop
      vertex 10.3431 6.51685 9.06086
      vertex 11.5338 5.01425 9.87707
      vertex 10 6.5 9.44906
    endloop
  endfacet
  facet normal -0.528373 -0.688527 -0.496742
    outer loop
      vertex 10.6828 6.56725 8.62967
      vertex 11.5338 5.01425 9.87707
      vertex 10.3431 6.51685 9.06086
    endloop
  endfacet
  facet normal -0.52832 -0.688534 -0.496788
    outer loop
      vertex 11.5338 5.01425 9.87707
      vertex 10.6828 6.56725 8.62967
      vertex 10.871 6.61439 8.36419
    endloop
  endfacet
  facet normal -0.909661 -0.325494 -0.25801
    outer loop
      vertex 2.33058 17.1126 9.87707
      vertex 1.02187 17.572 13.9116
      vertex 2.06608 17.8518 9.87707
    endloop
  endfacet
  facet normal -0.909661 -0.325494 -0.25801
    outer loop
      vertex 1.02187 17.572 13.9116
      vertex 2.33058 17.1126 9.87707
      vertex 1.28637 16.8328 13.9116
    endloop
  endfacet
  facet normal 0.892913 0.369847 0.256747
    outer loop
      vertex 97.1289 46.993 33.0884
      vertex 96.1927 46.4525 37.1229
      vertex 98.7136 43.1671 33.0884
    endloop
  endfacet
  facet normal 0.991446 0.13052 0
    outer loop
      vertex 99.8246 36.7841 33.0884
      vertex 99.2841 40.8898 13.9116
      vertex 99.2841 40.8898 33.0884
    endloop
  endfacet
  facet normal 0.991446 0.13052 0
    outer loop
      vertex 99.2841 40.8898 13.9116
      vertex 99.8246 36.7841 33.0884
      vertex 99.8246 36.7841 13.9116
    endloop
  endfacet
  facet normal 0.696735 0.51675 0.497523
    outer loop
      vertex 93.497 47.6067 40.1004
      vertex 95.4534 47.8356 37.1229
      vertex 94.9857 48.4662 37.1229
    endloop
  endfacet
  facet normal 0.696762 0.516699 0.497538
    outer loop
      vertex 95.4534 47.8356 37.1229
      vertex 93.497 47.6067 40.1004
      vertex 93.898 46.9376 40.2337
    endloop
  endfacet
  facet normal 0.575666 0.776171 -0.257229
    outer loop
      vertex 88.4662 54.9857 9.87707
      vertex 88.3761 56.3896 13.9116
      vertex 89.0067 55.9219 13.9116
    endloop
  endfacet
  facet normal 0.575666 0.776171 -0.257229
    outer loop
      vertex 88.3761 56.3896 13.9116
      vertex 88.4662 54.9857 9.87707
      vertex 87.8356 55.4534 9.87707
    endloop
  endfacet
  facet normal 0.696762 -0.516699 0.497538
    outer loop
      vertex 93.497 12.3933 40.1004
      vertex 95.4534 12.1644 37.1229
      vertex 93.898 13.0624 40.2337
    endloop
  endfacet
  facet normal 0.696735 -0.51675 0.497523
    outer loop
      vertex 95.4534 12.1644 37.1229
      vertex 93.497 12.3933 40.1004
      vertex 94.9857 11.5338 37.1229
    endloop
  endfacet
  facet normal 0.0490418 0.998797 -0
    outer loop
      vertex 76.7841 59.8246 13.9116
      vertex 76 59.8631 33.0884
      vertex 76.7841 59.8246 33.0884
    endloop
  endfacet
  facet normal 0.0490418 0.998797 0
    outer loop
      vertex 76 59.8631 33.0884
      vertex 76.7841 59.8246 13.9116
      vertex 76 59.8631 13.9116
    endloop
  endfacet
  facet normal 0.0474972 0.964832 0.25854
    outer loop
      vertex 76.7841 59.8246 33.0884
      vertex 76 58.7821 37.1229
      vertex 76.7841 58.7435 37.1229
    endloop
  endfacet
  facet normal 0.0473747 0.964844 0.258519
    outer loop
      vertex 76 58.7821 37.1229
      vertex 76.7841 59.8246 33.0884
      vertex 76 59.8631 33.0884
    endloop
  endfacet
  facet normal -0.892907 -0.369862 -0.256748
    outer loop
      vertex 2.8711 13.007 13.9116
      vertex 1.28637 16.8328 13.9116
      vertex 3.80731 13.5475 9.87707
    endloop
  endfacet
  facet normal -0.141799 -0.955889 -0.257235
    outer loop
      vertex 18.6134 1.87533 9.87707
      vertex 19.1102 0.715919 13.9116
      vertex 18.3336 0.831122 13.9116
    endloop
  endfacet
  facet normal -0.141796 -0.955889 -0.257235
    outer loop
      vertex 19.1102 0.715919 13.9116
      vertex 18.6134 1.87533 9.87707
      vertex 19.39 1.76013 9.87707
    endloop
  endfacet
  facet normal -0.608759 -0.793355 0
    outer loop
      vertex 7.70793 6.59898 13.9116
      vertex 10.9933 4.07804 33.0884
      vertex 7.70793 6.59898 33.0884
    endloop
  endfacet
  facet normal -0.608759 -0.793355 -0
    outer loop
      vertex 10.9933 4.07804 33.0884
      vertex 7.70793 6.59898 13.9116
      vertex 10.9933 4.07804 13.9116
    endloop
  endfacet
  facet normal -0.413076 -0.873384 -0.258009
    outer loop
      vertex 12.8378 4.14298 9.87707
      vertex 13.007 2.8711 13.9116
      vertex 12.2973 3.20676 13.9116
    endloop
  endfacet
  facet normal -0.413086 -0.87338 -0.258008
    outer loop
      vertex 13.007 2.8711 13.9116
      vertex 12.8378 4.14298 9.87707
      vertex 13.5475 3.80731 9.87707
    endloop
  endfacet
  facet normal -0.113281 -0.860451 -0.49678
    outer loop
      vertex 19.39 1.76013 9.87707
      vertex 20.5411 3.30887 6.93208
      vertex 23.2159 1.25644 9.87707
    endloop
  endfacet
  facet normal -0.113274 -0.860453 -0.496779
    outer loop
      vertex 19.39 1.76013 9.87707
      vertex 19.9031 3.4035 6.91365
      vertex 20.5411 3.30887 6.93208
    endloop
  endfacet
  facet normal -0.113344 -0.860441 -0.496784
    outer loop
      vertex 19.9031 3.4035 6.91365
      vertex 19.39 1.76013 9.87707
      vertex 19.8349 3.42059 6.89961
    endloop
  endfacet
  facet normal -0.958209 -0.126151 -0.256751
    outer loop
      vertex 1.76013 19.39 9.87707
      vertex 0.715919 19.1102 13.9116
      vertex 1.25644 23.2159 9.87707
    endloop
  endfacet
  facet normal 0.234708 -0.936985 0.258788
    outer loop
      vertex 81.6664 0.831122 33.0884
      vertex 82.1481 2.06608 37.1229
      vertex 81.3866 1.87533 37.1229
    endloop
  endfacet
  facet normal 0.234705 -0.936986 0.258788
    outer loop
      vertex 82.1481 2.06608 37.1229
      vertex 81.6664 0.831122 33.0884
      vertex 82.4279 1.02187 33.0884
    endloop
  endfacet
  facet normal 0 1 -0
    outer loop
      vertex 76 59.8631 13.9116
      vertex 24 59.8631 33.0884
      vertex 76 59.8631 33.0884
    endloop
  endfacet
  facet normal 0 1 0
    outer loop
      vertex 24 59.8631 33.0884
      vertex 76 59.8631 13.9116
      vertex 24 59.8631 13.9116
    endloop
  endfacet
  facet normal -0.332057 0.801874 0.496725
    outer loop
      vertex 16.9303 55.7473 40.1033
      vertex 13.5475 56.1927 37.1229
      vertex 15.9636 55.4015 40.0153
    endloop
  endfacet
  facet normal -0.332173 0.801782 0.496796
    outer loop
      vertex 14.4246 54.6735 40.1612
      vertex 15.9636 55.4015 40.0153
      vertex 13.5475 56.1927 37.1229
    endloop
  endfacet
  facet normal 0.588349 -0.766763 0.256749
    outer loop
      vertex 92.2921 6.59898 33.0884
      vertex 88.4662 5.01425 37.1229
      vertex 89.0067 4.07804 33.0884
    endloop
  endfacet
  facet normal 0.0473868 -0.96484 0.25853
    outer loop
      vertex 76 0.136883 33.0884
      vertex 76.7841 1.25644 37.1229
      vertex 76 1.21793 37.1229
    endloop
  endfacet
  facet normal 0.0473905 -0.96484 0.258529
    outer loop
      vertex 76.7841 1.25644 37.1229
      vertex 76 0.136883 33.0884
      vertex 76.7841 0.175396 33.0884
    endloop
  endfacet
  facet normal -0.126151 -0.958209 0.256753
    outer loop
      vertex 19.39 1.76013 37.1229
      vertex 19.1102 0.715919 33.0884
      vertex 23.2159 1.25644 37.1229
    endloop
  endfacet
  facet normal 0.958212 -0.126129 0.25675
    outer loop
      vertex 98.7435 23.2159 37.1229
      vertex 98.2399 19.39 37.1229
      vertex 99.2841 19.1102 33.0884
    endloop
  endfacet
  facet normal -0.369861 -0.892906 0.25675
    outer loop
      vertex 13.5475 3.80731 37.1229
      vertex 13.007 2.8711 33.0884
      vertex 16.8328 1.28637 33.0884
    endloop
  endfacet
  facet normal -0.970038 -0.242953 0
    outer loop
      vertex 1.02187 17.572 13.9116
      vertex 0.831122 18.3336 33.0884
      vertex 0.831122 18.3336 13.9116
    endloop
  endfacet
  facet normal -0.970038 -0.242953 0
    outer loop
      vertex 0.831122 18.3336 33.0884
      vertex 1.02187 17.572 13.9116
      vertex 1.02187 17.572 33.0884
    endloop
  endfacet
  facet normal -0.860458 0.113302 0.496764
    outer loop
      vertex 1.25644 36.7841 37.1229
      vertex 3.10112 38.0583 40.0275
      vertex 3.30887 39.4589 40.0679
    endloop
  endfacet
  facet normal -0.860455 0.113269 0.496777
    outer loop
      vertex 3.10112 38.0583 40.0275
      vertex 1.25644 36.7841 37.1229
      vertex 3.03852 36.7841 40.2096
    endloop
  endfacet
  facet normal 0.85774 0.514084 0
    outer loop
      vertex 96.7932 47.7027 33.0884
      vertex 96.3896 48.3761 13.9116
      vertex 96.3896 48.3761 33.0884
    endloop
  endfacet
  facet normal 0.85774 0.514084 0
    outer loop
      vertex 96.3896 48.3761 13.9116
      vertex 96.7932 47.7027 33.0884
      vertex 96.7932 47.7027 13.9116
    endloop
  endfacet
  facet normal 0.873365 0.413116 0.258008
    outer loop
      vertex 95.857 47.1622 37.1229
      vertex 97.1289 46.993 33.0884
      vertex 96.7932 47.7027 33.0884
    endloop
  endfacet
  facet normal 0.873365 0.413116 0.258008
    outer loop
      vertex 97.1289 46.993 33.0884
      vertex 95.857 47.1622 37.1229
      vertex 96.1927 46.4525 37.1229
    endloop
  endfacet
  facet normal 0.382681 -0.92388 0
    outer loop
      vertex 83.1671 1.28637 13.9116
      vertex 86.993 2.8711 33.0884
      vertex 83.1671 1.28637 33.0884
    endloop
  endfacet
  facet normal 0.382681 -0.92388 0
    outer loop
      vertex 86.993 2.8711 33.0884
      vertex 83.1671 1.28637 13.9116
      vertex 86.993 2.8711 13.9116
    endloop
  endfacet
  facet normal 0.958213 0.126129 -0.256748
    outer loop
      vertex 98.7435 36.7841 9.87707
      vertex 98.2399 40.61 9.87707
      vertex 99.2841 40.8898 13.9116
    endloop
  endfacet
  facet normal -0.498919 0.0656768 -0.864156
    outer loop
      vertex 9.91558 36.7841 1.21793
      vertex 6.85954 37.0166 3
      vertex 10.1242 38.3689 1.21793
    endloop
  endfacet
  facet normal -0.49892 0.0656644 -0.864157
    outer loop
      vertex 6.85954 37.0166 3
      vertex 9.91558 36.7841 1.21793
      vertex 6.82894 36.7841 3
    endloop
  endfacet
  facet normal -0.155131 0.209163 -0.965497
    outer loop
      vertex 15.8634 47.4867 1.21793
      vertex 18.5112 44.4604 0.136883
      vertex 17.8806 43.9927 0.136883
    endloop
  endfacet
  facet normal -0.155131 0.209163 -0.965497
    outer loop
      vertex 18.5112 44.4604 0.136883
      vertex 15.8634 47.4867 1.21793
      vertex 16.494 47.9544 1.21793
    endloop
  endfacet
  facet normal -0.0490418 0.998797 0
    outer loop
      vertex 24 59.8631 13.9116
      vertex 23.2159 59.8246 33.0884
      vertex 24 59.8631 33.0884
    endloop
  endfacet
  facet normal -0.0490418 0.998797 0
    outer loop
      vertex 23.2159 59.8246 33.0884
      vertex 24 59.8631 13.9116
      vertex 23.2159 59.8246 13.9116
    endloop
  endfacet
  facet normal -0.141796 0.955889 0.257235
    outer loop
      vertex 19.1102 59.2841 33.0884
      vertex 18.6134 58.1247 37.1229
      vertex 19.39 58.2399 37.1229
    endloop
  endfacet
  facet normal -0.141796 0.955889 0.257235
    outer loop
      vertex 18.6134 58.1247 37.1229
      vertex 19.1102 59.2841 33.0884
      vertex 18.3336 59.1689 33.0884
    endloop
  endfacet
  facet normal 0 0.25882 -0.965925
    outer loop
      vertex 24 46.0884 0.136883
      vertex 76 50.1229 1.21793
      vertex 76 46.0884 0.136883
    endloop
  endfacet
  facet normal 0 0.25882 -0.965925
    outer loop
      vertex 76 50.1229 1.21793
      vertex 24 46.0884 0.136883
      vertex 24 50.1229 1.21793
    endloop
  endfacet
  facet normal 0.292008 0.816078 -0.498746
    outer loop
      vertex 82.4333 55.975 6.83878
      vertex 82.1481 57.9339 9.87707
      vertex 82.8873 57.6694 9.87707
    endloop
  endfacet
  facet normal 0.292025 0.816075 -0.498742
    outer loop
      vertex 82.096 56.0957 6.83878
      vertex 82.1481 57.9339 9.87707
      vertex 82.4333 55.975 6.83878
    endloop
  endfacet
  facet normal 0.292041 0.81607 -0.49874
    outer loop
      vertex 82.1481 57.9339 9.87707
      vertex 82.096 56.0957 6.83878
      vertex 81.6833 56.1991 6.76631
    endloop
  endfacet
  facet normal 0.369848 0.892913 -0.256746
    outer loop
      vertex 86.4525 56.1927 9.87707
      vertex 83.1671 58.7136 13.9116
      vertex 86.993 57.1289 13.9116
    endloop
  endfacet
  facet normal 0.588368 0.766798 0.256599
    outer loop
      vertex 90.6828 53.4327 36.6812
      vertex 88.4662 54.9857 37.1229
      vertex 90.4439 53.4682 37.1229
    endloop
  endfacet
  facet normal 0.588361 0.766702 0.256902
    outer loop
      vertex 91.016 53.3493 36.167
      vertex 88.4662 54.9857 37.1229
      vertex 90.6828 53.4327 36.6812
    endloop
  endfacet
  facet normal 0.588349 0.76675 0.256787
    outer loop
      vertex 91.3394 53.2336 35.7715
      vertex 88.4662 54.9857 37.1229
      vertex 91.016 53.3493 36.167
    endloop
  endfacet
  facet normal 0.588481 0.766649 0.256786
    outer loop
      vertex 92.2921 53.401 33.0884
      vertex 91.3394 53.2336 35.7715
      vertex 91.6499 53.0867 35.4985
    endloop
  endfacet
  facet normal 0.588341 0.76677 0.256744
    outer loop
      vertex 91.3394 53.2336 35.7715
      vertex 92.2921 53.401 33.0884
      vertex 88.4662 54.9857 37.1229
    endloop
  endfacet
  facet normal 0.588413 0.766705 0.256775
    outer loop
      vertex 92.2921 53.401 33.0884
      vertex 91.6499 53.0867 35.4985
      vertex 91.8549 52.9638 35.3957
    endloop
  endfacet
  facet normal 0.121459 0.48507 -0.865999
    outer loop
      vertex 79.907 49.5698 1.21793
      vertex 79.9443 52.742 3
      vertex 80.7059 52.5513 3
    endloop
  endfacet
  facet normal 0.121521 0.485066 -0.865993
    outer loop
      vertex 79.9443 52.742 3
      vertex 79.907 49.5698 1.21793
      vertex 79.1454 49.7606 1.21793
    endloop
  endfacet
  facet normal -0.234737 0.936979 -0.258784
    outer loop
      vertex 17.8518 57.9339 9.87707
      vertex 18.3336 59.1689 13.9116
      vertex 18.6134 58.1247 9.87707
    endloop
  endfacet
  facet normal -0.234737 0.936979 -0.258784
    outer loop
      vertex 18.3336 59.1689 13.9116
      vertex 17.8518 57.9339 9.87707
      vertex 17.572 58.9781 13.9116
    endloop
  endfacet
  facet normal -0.258798 0.0127072 -0.965848
    outer loop
      vertex 13.9116 36 0.136883
      vertex 9.91558 36.7841 1.21793
      vertex 13.9501 36.7841 0.136883
    endloop
  endfacet
  facet normal -0.258798 0.0127105 -0.965848
    outer loop
      vertex 9.91558 36.7841 1.21793
      vertex 13.9116 36 0.136883
      vertex 9.87707 36 1.21793
    endloop
  endfacet
  facet normal -0.766761 -0.588353 -0.256747
    outer loop
      vertex 6.59898 7.70793 13.9116
      vertex 4.07804 10.9933 13.9116
      vertex 5.01425 11.5338 9.87707
    endloop
  endfacet
  facet normal -0.866026 0 -0.499999
    outer loop
      vertex 3 24 6.79043
      vertex 1.21793 36 9.87707
      vertex 3 36 6.79043
    endloop
  endfacet
  facet normal -0.866026 -0 -0.499999
    outer loop
      vertex 1.21793 36 9.87707
      vertex 3 24 6.79043
      vertex 1.21793 24 9.87707
    endloop
  endfacet
  facet normal -0.127283 -0.858055 -0.497535
    outer loop
      vertex 19.0782 3.61012 6.76632
      vertex 19.39 1.76013 9.87707
      vertex 18.6134 1.87533 9.87707
    endloop
  endfacet
  facet normal -0.127277 -0.858055 -0.497536
    outer loop
      vertex 19.39 1.76013 9.87707
      vertex 19.0782 3.61012 6.76632
      vertex 19.8349 3.42059 6.89961
    endloop
  endfacet
  facet normal -0.325494 -0.909661 0.258012
    outer loop
      vertex 17.572 1.02187 33.0884
      vertex 17.1126 2.33058 37.1229
      vertex 16.8328 1.28637 33.0884
    endloop
  endfacet
  facet normal -0.325494 -0.909661 0.258012
    outer loop
      vertex 17.1126 2.33058 37.1229
      vertex 17.572 1.02187 33.0884
      vertex 17.8518 2.06608 37.1229
    endloop
  endfacet
  facet normal 0 -0.499999 -0.866026
    outer loop
      vertex 24 6.79043 3
      vertex 76 9.87707 1.21793
      vertex 76 6.79043 3
    endloop
  endfacet
  facet normal -0 -0.499999 -0.866026
    outer loop
      vertex 76 9.87707 1.21793
      vertex 24 6.79043 3
      vertex 24 9.87707 1.21793
    endloop
  endfacet
  facet normal -0.803217 -0.595687 0
    outer loop
      vertex 4.07804 10.9933 13.9116
      vertex 3.61037 11.6239 33.0884
      vertex 3.61037 11.6239 13.9116
    endloop
  endfacet
  facet normal -0.803217 -0.595687 0
    outer loop
      vertex 3.61037 11.6239 33.0884
      vertex 4.07804 10.9933 13.9116
      vertex 4.07804 10.9933 33.0884
    endloop
  endfacet
  facet normal -0.0473905 -0.964841 -0.258527
    outer loop
      vertex 23.2159 1.25644 9.87707
      vertex 24 0.136883 13.9116
      vertex 23.2159 0.175396 13.9116
    endloop
  endfacet
  facet normal -0.0473868 -0.964841 -0.258528
    outer loop
      vertex 24 0.136883 13.9116
      vertex 23.2159 1.25644 9.87707
      vertex 24 1.21793 9.87707
    endloop
  endfacet
  facet normal 0 0.965928 0.25881
    outer loop
      vertex 76 59.8631 33.0884
      vertex 24 58.7821 37.1229
      vertex 76 58.7821 37.1229
    endloop
  endfacet
  facet normal 0 0.965928 0.25881
    outer loop
      vertex 24 58.7821 37.1229
      vertex 76 59.8631 33.0884
      vertex 24 59.8631 33.0884
    endloop
  endfacet
  facet normal -0.801816 0.332118 -0.496779
    outer loop
      vertex 4.25266 43.0697 6.89672
      vertex 2.33058 42.8873 9.87707
      vertex 3.80731 46.4525 9.87707
    endloop
  endfacet
  facet normal -0.801817 0.332114 -0.49678
    outer loop
      vertex 2.33058 42.8873 9.87707
      vertex 4.25266 43.0697 6.89672
      vertex 4.02496 42.4333 6.83878
    endloop
  endfacet
  facet normal -0.783532 0.370591 0.498738
    outer loop
      vertex 3.80731 46.4525 37.1229
      vertex 5.69835 46.2642 40.2337
      vertex 4.14298 47.1622 37.1229
    endloop
  endfacet
  facet normal -0.78355 0.370543 0.498746
    outer loop
      vertex 3.80731 46.4525 37.1229
      vertex 5.47964 45.8993 40.1612
      vertex 5.69835 46.2642 40.2337
    endloop
  endfacet
  facet normal -0.783535 0.370577 0.498744
    outer loop
      vertex 5.47964 45.8993 40.1612
      vertex 3.80731 46.4525 37.1229
      vertex 5.32645 45.5754 40.1612
    endloop
  endfacet
  facet normal -0.575666 0.776171 0.257231
    outer loop
      vertex 11.6239 56.3896 33.0884
      vertex 11.5338 54.9857 37.1229
      vertex 12.1644 55.4534 37.1229
    endloop
  endfacet
  facet normal -0.575666 0.776171 0.257231
    outer loop
      vertex 11.5338 54.9857 37.1229
      vertex 11.6239 56.3896 33.0884
      vertex 10.9933 55.9219 33.0884
    endloop
  endfacet
  facet normal -0.496572 0.828522 0.258783
    outer loop
      vertex 12.2973 56.7932 33.0884
      vertex 12.1644 55.4534 37.1229
      vertex 12.8378 55.857 37.1229
    endloop
  endfacet
  facet normal -0.496572 0.828522 0.258783
    outer loop
      vertex 12.1644 55.4534 37.1229
      vertex 12.2973 56.7932 33.0884
      vertex 11.6239 56.3896 33.0884
    endloop
  endfacet
  facet normal -0.588355 0.766773 0.256705
    outer loop
      vertex 11.5338 54.9857 37.1229
      vertex 9.31718 53.4327 36.6813
      vertex 9.55612 53.4682 37.1229
    endloop
  endfacet
  facet normal -0.588352 0.766737 0.256818
    outer loop
      vertex 11.5338 54.9857 37.1229
      vertex 8.984 53.3493 36.167
      vertex 9.31718 53.4327 36.6813
    endloop
  endfacet
  facet normal -0.588347 0.766758 0.256768
    outer loop
      vertex 11.5338 54.9857 37.1229
      vertex 8.66061 53.2336 35.7715
      vertex 8.984 53.3493 36.167
    endloop
  endfacet
  facet normal -0.588342 0.766771 0.25674
    outer loop
      vertex 7.70793 53.401 33.0884
      vertex 8.66061 53.2336 35.7715
      vertex 11.5338 54.9857 37.1229
    endloop
  endfacet
  facet normal -0.588371 0.766741 0.256764
    outer loop
      vertex 8.35011 53.0867 35.4985
      vertex 7.70793 53.401 33.0884
      vertex 8.14509 52.9638 35.3957
    endloop
  endfacet
  facet normal -0.588478 0.766653 0.256781
    outer loop
      vertex 8.66061 53.2336 35.7715
      vertex 7.70793 53.401 33.0884
      vertex 8.35011 53.0867 35.4985
    endloop
  endfacet
  facet normal 0.325494 -0.909661 0.258012
    outer loop
      vertex 82.4279 1.02187 33.0884
      vertex 82.8873 2.33058 37.1229
      vertex 82.1481 2.06608 37.1229
    endloop
  endfacet
  facet normal 0.325494 -0.909661 0.258012
    outer loop
      vertex 82.8873 2.33058 37.1229
      vertex 82.4279 1.02187 33.0884
      vertex 83.1671 1.28637 33.0884
    endloop
  endfacet
  facet normal 0.595687 -0.803217 0
    outer loop
      vertex 88.3761 3.61037 13.9116
      vertex 89.0067 4.07804 33.0884
      vertex 88.3761 3.61037 33.0884
    endloop
  endfacet
  facet normal 0.595687 -0.803217 0
    outer loop
      vertex 89.0067 4.07804 33.0884
      vertex 88.3761 3.61037 13.9116
      vertex 89.0067 4.07804 13.9116
    endloop
  endfacet
  facet normal 0.516717 -0.69675 -0.497537
    outer loop
      vertex 87.8356 4.54659 9.87707
      vertex 87.6067 6.50298 6.89962
      vertex 88.4662 5.01425 9.87707
    endloop
  endfacet
  facet normal 0.516714 -0.696752 -0.497538
    outer loop
      vertex 87.6067 6.50298 6.89962
      vertex 87.8356 4.54659 9.87707
      vertex 86.9376 6.10196 6.76632
    endloop
  endfacet
  facet normal 0.964832 0.0474972 0.25854
    outer loop
      vertex 98.7821 36 37.1229
      vertex 99.8246 36.7841 33.0884
      vertex 98.7435 36.7841 37.1229
    endloop
  endfacet
  facet normal 0.964844 0.0473747 0.258519
    outer loop
      vertex 99.8246 36.7841 33.0884
      vertex 98.7821 36 37.1229
      vertex 99.8631 36 33.0884
    endloop
  endfacet
  facet normal 0.964838 -0.0474974 0.258518
    outer loop
      vertex 98.7435 23.2159 37.1229
      vertex 99.8631 24 33.0884
      vertex 98.7821 24 37.1229
    endloop
  endfacet
  facet normal 0.964838 -0.0473744 0.258542
    outer loop
      vertex 99.8631 24 33.0884
      vertex 98.7435 23.2159 37.1229
      vertex 99.8246 23.2159 33.0884
    endloop
  endfacet
  facet normal 0.0490583 -0.998796 0
    outer loop
      vertex 76 0.136883 13.9116
      vertex 76.7841 0.175396 33.0884
      vertex 76 0.136883 33.0884
    endloop
  endfacet
  facet normal 0.0490583 -0.998796 0
    outer loop
      vertex 76.7841 0.175396 33.0884
      vertex 76 0.136883 13.9116
      vertex 76.7841 0.175396 13.9116
    endloop
  endfacet
  facet normal -0.0425064 -0.865246 0.499542
    outer loop
      vertex 23.2159 1.25644 37.1229
      vertex 24 3 40.2096
      vertex 23.2159 3.03852 40.2096
    endloop
  endfacet
  facet normal -0.0424955 -0.865248 0.499541
    outer loop
      vertex 24 3 40.2096
      vertex 23.2159 1.25644 37.1229
      vertex 24 1.21793 37.1229
    endloop
  endfacet
  facet normal -0.648734 -0.715756 0.25853
    outer loop
      vertex 7.70793 6.59898 33.0884
      vertex 7.52513 7.52513 35.1938
      vertex 7.12622 7.12622 33.0884
    endloop
  endfacet
  facet normal -0.648751 -0.715743 0.258523
    outer loop
      vertex 7.52513 7.52513 35.1938
      vertex 7.70793 6.59898 33.0884
      vertex 7.77962 7.29446 35.1938
    endloop
  endfacet
  facet normal -0.648721 -0.715768 0.25853
    outer loop
      vertex 7.77962 7.29446 35.1938
      vertex 7.70793 6.59898 33.0884
      vertex 8.0555 7.08986 35.3196
    endloop
  endfacet
  facet normal -0.648852 -0.715651 0.258525
    outer loop
      vertex 8.0555 7.08986 35.3196
      vertex 7.70793 6.59898 33.0884
      vertex 8.1451 7.03615 35.3958
    endloop
  endfacet
  facet normal -0.715651 -0.648852 -0.258525
    outer loop
      vertex 7.08986 8.0555 11.6804
      vertex 6.59898 7.70793 13.9116
      vertex 7.03615 8.1451 11.6042
    endloop
  endfacet
  facet normal -0.715768 -0.648721 -0.25853
    outer loop
      vertex 7.29446 7.77962 11.8062
      vertex 6.59898 7.70793 13.9116
      vertex 7.08986 8.0555 11.6804
    endloop
  endfacet
  facet normal -0.715743 -0.648751 -0.258523
    outer loop
      vertex 7.52513 7.52513 11.8062
      vertex 6.59898 7.70793 13.9116
      vertex 7.29446 7.77962 11.8062
    endloop
  endfacet
  facet normal -0.715756 -0.648734 -0.25853
    outer loop
      vertex 6.59898 7.70793 13.9116
      vertex 7.52513 7.52513 11.8062
      vertex 7.12622 7.12622 13.9116
    endloop
  endfacet
  facet normal -0.740946 -0.671565 0
    outer loop
      vertex 7.12622 7.12622 13.9116
      vertex 6.59898 7.70793 33.0884
      vertex 6.59898 7.70793 13.9116
    endloop
  endfacet
  facet normal -0.740946 -0.671565 0
    outer loop
      vertex 6.59898 7.70793 33.0884
      vertex 7.12622 7.12622 13.9116
      vertex 7.12622 7.12622 33.0884
    endloop
  endfacet
  facet normal 0.80179 0.332156 0.496795
    outer loop
      vertex 95.4015 44.0363 40.0153
      vertex 96.1927 46.4525 37.1229
      vertex 94.6735 45.5754 40.1612
    endloop
  endfacet
  facet normal 0.801847 0.332084 0.496751
    outer loop
      vertex 96.1927 46.4525 37.1229
      vertex 95.4015 44.0363 40.0153
      vertex 95.7473 43.0697 40.1033
    endloop
  endfacet
  facet normal 0.816079 0.292009 0.498745
    outer loop
      vertex 95.975 42.4333 40.1612
      vertex 97.9339 42.1481 37.1229
      vertex 97.6694 42.8873 37.1229
    endloop
  endfacet
  facet normal 0.816075 0.292026 0.498741
    outer loop
      vertex 96.0957 42.096 40.1612
      vertex 97.9339 42.1481 37.1229
      vertex 95.975 42.4333 40.1612
    endloop
  endfacet
  facet normal 0.816062 0.292074 0.498734
    outer loop
      vertex 97.9339 42.1481 37.1229
      vertex 96.0957 42.096 40.1612
      vertex 96.1991 41.6833 40.2337
    endloop
  endfacet
  facet normal 0.306409 -0.399327 -0.86409
    outer loop
      vertex 85.6799 9.84018 3
      vertex 86.5673 10.6828 2.92527
      vertex 86.5402 10.5003 3
    endloop
  endfacet
  facet normal 0.306259 -0.39918 -0.864211
    outer loop
      vertex 85.6799 9.84018 3
      vertex 86.6507 11.016 2.80092
      vertex 86.5673 10.6828 2.92527
    endloop
  endfacet
  facet normal 0.306341 -0.399238 -0.864156
    outer loop
      vertex 84.1366 12.5133 1.21793
      vertex 86.6507 11.016 2.80092
      vertex 85.6799 9.84018 3
    endloop
  endfacet
  facet normal 0.306362 -0.399208 -0.864162
    outer loop
      vertex 86.6507 11.016 2.80092
      vertex 84.1366 12.5133 1.21793
      vertex 86.7664 11.3394 2.69254
    endloop
  endfacet
  facet normal 0.306172 -0.399532 -0.86408
    outer loop
      vertex 86.7664 11.3394 2.69254
      vertex 84.1366 12.5133 1.21793
      vertex 86.7999 11.4101 2.67172
    endloop
  endfacet
  facet normal 0.688554 0.528283 0.4968
    outer loop
      vertex 93.3493 48.984 38.8403
      vertex 94.9857 48.4662 37.1229
      vertex 93.3856 49.129 38.6358
    endloop
  endfacet
  facet normal 0.688541 0.528323 0.496776
    outer loop
      vertex 93.2336 48.6606 39.3446
      vertex 94.9857 48.4662 37.1229
      vertex 93.3493 48.984 38.8403
    endloop
  endfacet
  facet normal 0.688494 0.528356 0.496805
    outer loop
      vertex 93.4609 47.667 40.0863
      vertex 93.2336 48.6606 39.3446
      vertex 93.0867 48.3501 39.8784
    endloop
  endfacet
  facet normal 0.688614 0.528368 0.496627
    outer loop
      vertex 93.4609 47.667 40.0863
      vertex 93.0867 48.3501 39.8784
      vertex 93.0275 48.2513 40.0656
    endloop
  endfacet
  facet normal 0.6885 0.528354 0.496799
    outer loop
      vertex 93.497 47.6067 40.1004
      vertex 93.2336 48.6606 39.3446
      vertex 93.4609 47.667 40.0863
    endloop
  endfacet
  facet normal 0.688533 0.52834 0.496768
    outer loop
      vertex 93.2336 48.6606 39.3446
      vertex 93.497 47.6067 40.1004
      vertex 94.9857 48.4662 37.1229
    endloop
  endfacet
  facet normal 0.648712 0.715774 -0.258535
    outer loop
      vertex 92.4749 52.4749 11.8063
      vertex 92.2921 53.401 13.9116
      vertex 92.8738 52.8738 13.9116
    endloop
  endfacet
  facet normal 0.648619 0.715844 -0.258574
    outer loop
      vertex 92.2204 52.7055 11.8063
      vertex 92.2921 53.401 13.9116
      vertex 92.4749 52.4749 11.8063
    endloop
  endfacet
  facet normal 0.648696 0.715781 -0.258556
    outer loop
      vertex 91.9445 52.9101 11.6805
      vertex 92.2921 53.401 13.9116
      vertex 92.2204 52.7055 11.8063
    endloop
  endfacet
  facet normal 0.648811 0.715678 -0.258551
    outer loop
      vertex 92.2921 53.401 13.9116
      vertex 91.9445 52.9101 11.6805
      vertex 91.8549 52.9638 11.6043
    endloop
  endfacet
  facet normal 0.715774 0.648712 0.258535
    outer loop
      vertex 92.4749 52.4749 35.1937
      vertex 93.401 52.2921 33.0884
      vertex 92.8738 52.8738 33.0884
    endloop
  endfacet
  facet normal 0.715844 0.648619 0.258574
    outer loop
      vertex 92.7055 52.2204 35.1937
      vertex 93.401 52.2921 33.0884
      vertex 92.4749 52.4749 35.1937
    endloop
  endfacet
  facet normal 0.715781 0.648696 0.258556
    outer loop
      vertex 92.9101 51.9445 35.3195
      vertex 93.401 52.2921 33.0884
      vertex 92.7055 52.2204 35.1937
    endloop
  endfacet
  facet normal 0.715678 0.648811 0.258551
    outer loop
      vertex 93.401 52.2921 33.0884
      vertex 92.9101 51.9445 35.3195
      vertex 92.9638 51.8549 35.3957
    endloop
  endfacet
  facet normal 0 0.499992 -0.86603
    outer loop
      vertex 24 50.1229 1.21793
      vertex 76 53.2096 3
      vertex 76 50.1229 1.21793
    endloop
  endfacet
  facet normal 0 0.499992 -0.86603
    outer loop
      vertex 76 53.2096 3
      vertex 24 50.1229 1.21793
      vertex 24 53.2096 3
    endloop
  endfacet
  facet normal -0.258663 -0.0340673 -0.965367
    outer loop
      vertex 14.0213 22.6753 0.136883
      vertex 10.1242 21.6311 1.21793
      vertex 13.9501 23.2159 0.136883
    endloop
  endfacet
  facet normal -0.936993 -0.234679 -0.258786
    outer loop
      vertex 2.06608 17.8518 9.87707
      vertex 0.831122 18.3336 13.9116
      vertex 1.87533 18.6134 9.87707
    endloop
  endfacet
  facet normal -0.936993 -0.234676 -0.258786
    outer loop
      vertex 0.831122 18.3336 13.9116
      vertex 2.06608 17.8518 9.87707
      vertex 1.02187 17.572 13.9116
    endloop
  endfacet
  facet normal 0.141796 0.95589 -0.257233
    outer loop
      vertex 81.3866 58.1247 9.87707
      vertex 80.8898 59.2841 13.9116
      vertex 81.6664 59.1689 13.9116
    endloop
  endfacet
  facet normal 0.141796 0.95589 -0.257233
    outer loop
      vertex 80.8898 59.2841 13.9116
      vertex 81.3866 58.1247 9.87707
      vertex 80.61 58.2399 9.87707
    endloop
  endfacet
  facet normal -0.146733 0.989176 0
    outer loop
      vertex 19.1102 59.2841 13.9116
      vertex 18.3336 59.1689 33.0884
      vertex 19.1102 59.2841 33.0884
    endloop
  endfacet
  facet normal -0.146733 0.989176 0
    outer loop
      vertex 18.3336 59.1689 33.0884
      vertex 19.1102 59.2841 13.9116
      vertex 18.3336 59.1689 13.9116
    endloop
  endfacet
  facet normal -0.471949 0.168872 -0.865301
    outer loop
      vertex 10.4302 39.907 1.21793
      vertex 7.7132 41.4451 3
      vertex 10.6947 40.6462 1.21793
    endloop
  endfacet
  facet normal -0.471949 0.168872 -0.865301
    outer loop
      vertex 7.7132 41.4451 3
      vertex 10.4302 39.907 1.21793
      vertex 7.4487 40.7059 3
    endloop
  endfacet
  facet normal 0.234766 0.936972 -0.258784
    outer loop
      vertex 82.1481 57.9339 9.87707
      vertex 81.6664 59.1689 13.9116
      vertex 82.4279 58.9781 13.9116
    endloop
  endfacet
  facet normal 0.234766 0.936972 -0.258784
    outer loop
      vertex 81.6664 59.1689 13.9116
      vertex 82.1481 57.9339 9.87707
      vertex 81.3866 58.1247 9.87707
    endloop
  endfacet
  facet normal -0.133072 0.222029 -0.965917
    outer loop
      vertex 16.494 47.9544 1.21793
      vertex 19.1846 44.864 0.136883
      vertex 18.5112 44.4604 0.136883
    endloop
  endfacet
  facet normal -0.133072 0.222029 -0.965917
    outer loop
      vertex 19.1846 44.864 0.136883
      vertex 16.494 47.9544 1.21793
      vertex 17.1674 48.358 1.21793
    endloop
  endfacet
  facet normal -0.0340507 -0.258669 -0.965366
    outer loop
      vertex 23.2159 9.91558 1.21793
      vertex 21.6311 10.1242 1.21793
      vertex 23.2159 13.9501 0.136883
    endloop
  endfacet
  facet normal 0.828522 0.496572 0.258783
    outer loop
      vertex 95.4534 47.8356 37.1229
      vertex 96.7932 47.7027 33.0884
      vertex 96.3896 48.3761 33.0884
    endloop
  endfacet
  facet normal 0.828522 0.496572 0.258783
    outer loop
      vertex 96.7932 47.7027 33.0884
      vertex 95.4534 47.8356 37.1229
      vertex 95.857 47.1622 37.1229
    endloop
  endfacet
  facet normal 0.369843 0.892914 0.256751
    outer loop
      vertex 83.1671 58.7136 33.0884
      vertex 82.8873 57.6694 37.1229
      vertex 86.4525 56.1927 37.1229
    endloop
  endfacet
  facet normal 0.332144 0.801794 -0.496797
    outer loop
      vertex 86.4525 56.1927 9.87707
      vertex 85.5754 54.6735 6.83879
      vertex 84.0363 55.4015 6.98473
    endloop
  endfacet
  facet normal 0.332088 0.801839 -0.496762
    outer loop
      vertex 86.4525 56.1927 9.87707
      vertex 84.0363 55.4015 6.98473
      vertex 83.0697 55.7473 6.89672
    endloop
  endfacet
  facet normal -0.801812 -0.332113 -0.496788
    outer loop
      vertex 4.25266 16.9303 6.89672
      vertex 2.33058 17.1126 9.87707
      vertex 4.02496 17.5667 6.83878
    endloop
  endfacet
  facet normal -0.801809 -0.332124 -0.496786
    outer loop
      vertex 2.33058 17.1126 9.87707
      vertex 4.25266 16.9303 6.89672
      vertex 3.80731 13.5475 9.87707
    endloop
  endfacet
  facet normal -0.94154 -0.336901 0
    outer loop
      vertex 1.28637 16.8328 13.9116
      vertex 1.02187 17.572 33.0884
      vertex 1.02187 17.572 13.9116
    endloop
  endfacet
  facet normal -0.94154 -0.336901 0
    outer loop
      vertex 1.02187 17.572 33.0884
      vertex 1.28637 16.8328 13.9116
      vertex 1.28637 16.8328 33.0884
    endloop
  endfacet
  facet normal -0.251092 -0.0629132 -0.965916
    outer loop
      vertex 10.2394 20.8545 1.21793
      vertex 14.3272 21.1372 0.136883
      vertex 10.4302 20.093 1.21793
    endloop
  endfacet
  facet normal -0.251095 -0.0628809 -0.965918
    outer loop
      vertex 14.3272 21.1372 0.136883
      vertex 10.2394 20.8545 1.21793
      vertex 14.1365 21.8987 0.136883
    endloop
  endfacet
  facet normal -0.903991 -0.427552 0
    outer loop
      vertex 3.20676 12.2973 13.9116
      vertex 2.8711 13.007 33.0884
      vertex 2.8711 13.007 13.9116
    endloop
  endfacet
  facet normal -0.903991 -0.427552 0
    outer loop
      vertex 2.8711 13.007 33.0884
      vertex 3.20676 12.2973 13.9116
      vertex 3.20676 12.2973 33.0884
    endloop
  endfacet
  facet normal -0.234676 -0.936993 -0.258786
    outer loop
      vertex 17.8518 2.06608 9.87707
      vertex 18.3336 0.831122 13.9116
      vertex 17.572 1.02187 13.9116
    endloop
  endfacet
  facet normal -0.234679 -0.936993 -0.258786
    outer loop
      vertex 18.3336 0.831122 13.9116
      vertex 17.8518 2.06608 9.87707
      vertex 18.6134 1.87533 9.87707
    endloop
  endfacet
  facet normal -0.336901 -0.94154 0
    outer loop
      vertex 16.8328 1.28637 13.9116
      vertex 17.572 1.02187 33.0884
      vertex 16.8328 1.28637 33.0884
    endloop
  endfacet
  facet normal -0.336901 -0.94154 -0
    outer loop
      vertex 17.572 1.02187 33.0884
      vertex 16.8328 1.28637 13.9116
      vertex 17.572 1.02187 13.9116
    endloop
  endfacet
  facet normal -0.588353 -0.76676 0.256749
    outer loop
      vertex 11.5338 5.01425 37.1229
      vertex 7.70793 6.59898 33.0884
      vertex 10.9933 4.07804 33.0884
    endloop
  endfacet
  facet normal -0.453128 -0.214312 -0.865301
    outer loop
      vertex 8.63324 16.3337 3
      vertex 11.642 17.1674 1.21793
      vertex 8.9689 15.624 3
    endloop
  endfacet
  facet normal -0.453121 -0.214334 -0.865299
    outer loop
      vertex 11.642 17.1674 1.21793
      vertex 8.63324 16.3337 3
      vertex 11.3063 17.8771 1.21793
    endloop
  endfacet
  facet normal -0.516717 -0.69675 -0.497537
    outer loop
      vertex 12.3933 6.50298 6.89962
      vertex 12.1644 4.54659 9.87707
      vertex 11.5338 5.01425 9.87707
    endloop
  endfacet
  facet normal -0.516714 -0.696752 -0.497538
    outer loop
      vertex 12.1644 4.54659 9.87707
      vertex 12.3933 6.50298 6.89962
      vertex 13.0624 6.10196 6.76632
    endloop
  endfacet
  facet normal -0.234698 0.111016 -0.965708
    outer loop
      vertex 11.3063 42.1229 1.21793
      vertex 15.136 40.8154 0.136883
      vertex 14.8003 40.1057 0.136883
    endloop
  endfacet
  facet normal -0.234698 0.111016 -0.965708
    outer loop
      vertex 15.136 40.8154 0.136883
      vertex 11.3063 42.1229 1.21793
      vertex 11.642 42.8326 1.21793
    endloop
  endfacet
  facet normal 0.234708 -0.936986 -0.258786
    outer loop
      vertex 82.1481 2.06608 9.87707
      vertex 81.6664 0.831122 13.9116
      vertex 81.3866 1.87533 9.87707
    endloop
  endfacet
  facet normal 0.234705 -0.936986 -0.258786
    outer loop
      vertex 81.6664 0.831122 13.9116
      vertex 82.1481 2.06608 9.87707
      vertex 82.4279 1.02187 13.9116
    endloop
  endfacet
  facet normal 0 -1 0
    outer loop
      vertex 24 0.136883 13.9116
      vertex 76 0.136883 33.0884
      vertex 24 0.136883 33.0884
    endloop
  endfacet
  facet normal 0 -1 -0
    outer loop
      vertex 76 0.136883 33.0884
      vertex 24 0.136883 13.9116
      vertex 76 0.136883 13.9116
    endloop
  endfacet
  facet normal -0.89291 0.369853 -0.256748
    outer loop
      vertex 3.80731 46.4525 9.87707
      vertex 1.28637 43.1671 13.9116
      vertex 2.8711 46.993 13.9116
    endloop
  endfacet
  facet normal -0.528323 0.68854 -0.496777
    outer loop
      vertex 11.5338 54.9857 9.87707
      vertex 11.016 53.3493 8.15968
      vertex 10.871 53.3856 8.3642
    endloop
  endfacet
  facet normal -0.528333 0.688536 -0.496771
    outer loop
      vertex 11.5338 54.9857 9.87707
      vertex 11.3394 53.2336 7.65537
      vertex 11.016 53.3493 8.15968
    endloop
  endfacet
  facet normal -0.528323 0.688541 -0.496776
    outer loop
      vertex 12.3933 53.497 6.89962
      vertex 11.3394 53.2336 7.65537
      vertex 11.5338 54.9857 9.87707
    endloop
  endfacet
  facet normal -0.528384 0.688439 -0.496852
    outer loop
      vertex 11.3394 53.2336 7.65537
      vertex 12.333 53.4609 6.91366
      vertex 11.6499 53.0867 7.12162
    endloop
  endfacet
  facet normal -0.528394 0.688542 -0.496698
    outer loop
      vertex 11.6499 53.0867 7.12162
      vertex 12.333 53.4609 6.91366
      vertex 11.7487 53.0275 6.93445
    endloop
  endfacet
  facet normal -0.528089 0.689095 -0.496256
    outer loop
      vertex 11.3394 53.2336 7.65537
      vertex 12.3933 53.497 6.89962
      vertex 12.333 53.4609 6.91366
    endloop
  endfacet
  facet normal -1 0 0
    outer loop
      vertex 0.136883 24 13.9116
      vertex 0.136883 36 33.0884
      vertex 0.136883 36 13.9116
    endloop
  endfacet
  facet normal -1 -0 0
    outer loop
      vertex 0.136883 36 33.0884
      vertex 0.136883 24 13.9116
      vertex 0.136883 24 33.0884
    endloop
  endfacet
  facet normal -0.873379 -0.413086 0.258009
    outer loop
      vertex 2.8711 13.007 33.0884
      vertex 4.14298 12.8378 37.1229
      vertex 3.80731 13.5475 37.1229
    endloop
  endfacet
  facet normal -0.873383 -0.413076 0.258011
    outer loop
      vertex 4.14298 12.8378 37.1229
      vertex 2.8711 13.007 33.0884
      vertex 3.20676 12.2973 33.0884
    endloop
  endfacet
  facet normal -0.445223 0.742847 -0.499955
    outer loop
      vertex 13.0624 53.898 6.76632
      vertex 12.8378 55.857 9.87707
      vertex 13.7358 54.3016 6.76632
    endloop
  endfacet
  facet normal -0.445223 0.742847 -0.499955
    outer loop
      vertex 12.8378 55.857 9.87707
      vertex 13.0624 53.898 6.76632
      vertex 12.1644 55.4534 9.87707
    endloop
  endfacet
  facet normal -0.516748 0.696732 -0.49753
    outer loop
      vertex 12.1644 55.4534 9.87707
      vertex 12.3933 53.497 6.89962
      vertex 11.5338 54.9857 9.87707
    endloop
  endfacet
  facet normal -0.516698 0.696759 -0.497544
    outer loop
      vertex 12.3933 53.497 6.89962
      vertex 12.1644 55.4534 9.87707
      vertex 13.0624 53.898 6.76632
    endloop
  endfacet
  facet normal -0.903991 0.427552 0
    outer loop
      vertex 2.8711 46.993 13.9116
      vertex 3.20676 47.7027 33.0884
      vertex 3.20676 47.7027 13.9116
    endloop
  endfacet
  facet normal -0.903991 0.427552 0
    outer loop
      vertex 3.20676 47.7027 33.0884
      vertex 2.8711 46.993 13.9116
      vertex 2.8711 46.993 33.0884
    endloop
  endfacet
  facet normal 0.113281 -0.860452 0.496779
    outer loop
      vertex 80.61 1.76013 37.1229
      vertex 79.4589 3.30887 40.0679
      vertex 76.7841 1.25644 37.1229
    endloop
  endfacet
  facet normal 0.113297 -0.860448 0.496783
    outer loop
      vertex 79.4589 3.30887 40.0679
      vertex 80.61 1.76013 37.1229
      vertex 80.0969 3.4035 40.0863
    endloop
  endfacet
  facet normal 0.112931 -0.860512 0.496755
    outer loop
      vertex 80.0969 3.4035 40.0863
      vertex 80.61 1.76013 37.1229
      vertex 80.1651 3.42059 40.1004
    endloop
  endfacet
  facet normal 0.427552 -0.903991 0
    outer loop
      vertex 86.993 2.8711 13.9116
      vertex 87.7027 3.20676 33.0884
      vertex 86.993 2.8711 33.0884
    endloop
  endfacet
  facet normal 0.427552 -0.903991 0
    outer loop
      vertex 87.7027 3.20676 33.0884
      vertex 86.993 2.8711 13.9116
      vertex 87.7027 3.20676 13.9116
    endloop
  endfacet
  facet normal 0.126151 -0.958209 -0.256751
    outer loop
      vertex 80.8898 0.715919 13.9116
      vertex 76.7841 1.25644 9.87707
      vertex 80.61 1.76013 9.87707
    endloop
  endfacet
  facet normal 0.588357 -0.766753 0.256759
    outer loop
      vertex 88.4662 5.01425 37.1229
      vertex 90.6828 6.56725 36.6813
      vertex 90.4439 6.53181 37.1229
    endloop
  endfacet
  facet normal 0.588357 -0.766756 0.256751
    outer loop
      vertex 88.4662 5.01425 37.1229
      vertex 91.016 6.65071 36.167
      vertex 90.6828 6.56725 36.6813
    endloop
  endfacet
  facet normal 0.58836 -0.766745 0.256778
    outer loop
      vertex 88.4662 5.01425 37.1229
      vertex 91.3394 6.76642 35.7715
      vertex 91.016 6.65071 36.167
    endloop
  endfacet
  facet normal 0.588357 -0.766753 0.25676
    outer loop
      vertex 92.2921 6.59898 33.0884
      vertex 91.3394 6.76642 35.7715
      vertex 88.4662 5.01425 37.1229
    endloop
  endfacet
  facet normal 0.588446 -0.766683 0.256767
    outer loop
      vertex 91.6499 6.91327 35.4986
      vertex 92.2921 6.59898 33.0884
      vertex 91.8549 7.03615 35.3957
    endloop
  endfacet
  facet normal 0.588308 -0.766795 0.256745
    outer loop
      vertex 91.3394 6.76642 35.7715
      vertex 92.2921 6.59898 33.0884
      vertex 91.6499 6.91327 35.4986
    endloop
  endfacet
  facet normal 0.516715 -0.696755 0.497532
    outer loop
      vertex 87.8356 4.54659 37.1229
      vertex 87.6067 6.50298 40.1004
      vertex 86.9376 6.10196 40.2337
    endloop
  endfacet
  facet normal 0.51672 -0.696753 0.497531
    outer loop
      vertex 87.6067 6.50298 40.1004
      vertex 87.8356 4.54659 37.1229
      vertex 88.4662 5.01425 37.1229
    endloop
  endfacet
  facet normal 0.936971 0.234766 0.258786
    outer loop
      vertex 97.9339 42.1481 37.1229
      vertex 99.1689 41.6664 33.0884
      vertex 98.9781 42.4279 33.0884
    endloop
  endfacet
  facet normal 0.936995 0.234649 0.258807
    outer loop
      vertex 99.1689 41.6664 33.0884
      vertex 97.9339 42.1481 37.1229
      vertex 98.1246 41.3866 37.1229
    endloop
  endfacet
  facet normal 0.955883 0.141795 0.257257
    outer loop
      vertex 98.1246 41.3866 37.1229
      vertex 99.2841 40.8898 33.0884
      vertex 99.1689 41.6664 33.0884
    endloop
  endfacet
  facet normal 0.95587 0.141916 0.257238
    outer loop
      vertex 99.2841 40.8898 33.0884
      vertex 98.1246 41.3866 37.1229
      vertex 98.2399 40.61 37.1229
    endloop
  endfacet
  facet normal 0.865244 -0.0424843 0.499547
    outer loop
      vertex 96.9615 23.2159 40.2096
      vertex 98.7821 24 37.1229
      vertex 97 24 40.2096
    endloop
  endfacet
  facet normal 0.865252 -0.042595 0.499524
    outer loop
      vertex 98.7821 24 37.1229
      vertex 96.9615 23.2159 40.2096
      vertex 98.7435 23.2159 37.1229
    endloop
  endfacet
  facet normal -0.860456 -0.11326 0.496777
    outer loop
      vertex 1.25644 23.2159 37.1229
      vertex 3.10112 21.9416 40.0275
      vertex 3.03852 23.2159 40.2096
    endloop
  endfacet
  facet normal -0.860461 -0.113311 0.496758
    outer loop
      vertex 3.10112 21.9416 40.0275
      vertex 1.25644 23.2159 37.1229
      vertex 3.30887 20.5411 40.0679
    endloop
  endfacet
  facet normal -0.51672 -0.696753 0.497531
    outer loop
      vertex 12.1644 4.54659 37.1229
      vertex 12.3933 6.50298 40.1004
      vertex 11.5338 5.01425 37.1229
    endloop
  endfacet
  facet normal -0.516715 -0.696755 0.497532
    outer loop
      vertex 12.3933 6.50298 40.1004
      vertex 12.1644 4.54659 37.1229
      vertex 13.0624 6.10196 40.2337
    endloop
  endfacet
  facet normal 0.998797 -0.0490418 0
    outer loop
      vertex 99.8246 23.2159 33.0884
      vertex 99.8631 24 13.9116
      vertex 99.8631 24 33.0884
    endloop
  endfacet
  facet normal 0.998797 -0.0490418 0
    outer loop
      vertex 99.8631 24 13.9116
      vertex 99.8246 23.2159 33.0884
      vertex 99.8246 23.2159 13.9116
    endloop
  endfacet
  facet normal -0.112931 -0.860512 0.496755
    outer loop
      vertex 19.39 1.76013 37.1229
      vertex 19.9031 3.4035 40.0863
      vertex 19.8349 3.42059 40.1004
    endloop
  endfacet
  facet normal -0.113297 -0.860448 0.496783
    outer loop
      vertex 19.39 1.76013 37.1229
      vertex 20.5411 3.30887 40.0679
      vertex 19.9031 3.4035 40.0863
    endloop
  endfacet
  facet normal -0.113281 -0.860452 0.496779
    outer loop
      vertex 20.5411 3.30887 40.0679
      vertex 19.39 1.76013 37.1229
      vertex 23.2159 1.25644 37.1229
    endloop
  endfacet
  facet normal -0.234676 -0.936993 0.258788
    outer loop
      vertex 18.3336 0.831122 33.0884
      vertex 17.8518 2.06608 37.1229
      vertex 17.572 1.02187 33.0884
    endloop
  endfacet
  facet normal -0.234679 -0.936992 0.258787
    outer loop
      vertex 17.8518 2.06608 37.1229
      vertex 18.3336 0.831122 33.0884
      vertex 18.6134 1.87533 37.1229
    endloop
  endfacet
  facet normal -0.648734 -0.715756 -0.25853
    outer loop
      vertex 7.52513 7.52513 11.8062
      vertex 7.70793 6.59898 13.9116
      vertex 7.12622 7.12622 13.9116
    endloop
  endfacet
  facet normal -0.648751 -0.715743 -0.258523
    outer loop
      vertex 7.77962 7.29446 11.8062
      vertex 7.70793 6.59898 13.9116
      vertex 7.52513 7.52513 11.8062
    endloop
  endfacet
  facet normal -0.648721 -0.715768 -0.25853
    outer loop
      vertex 8.0555 7.08986 11.6804
      vertex 7.70793 6.59898 13.9116
      vertex 7.77962 7.29446 11.8062
    endloop
  endfacet
  facet normal -0.648852 -0.715651 -0.258525
    outer loop
      vertex 7.70793 6.59898 13.9116
      vertex 8.0555 7.08986 11.6804
      vertex 8.1451 7.03615 11.6042
    endloop
  endfacet
  facet normal -0.776194 -0.575634 -0.257234
    outer loop
      vertex 5.01425 11.5338 9.87707
      vertex 3.61037 11.6239 13.9116
      vertex 4.54659 12.1644 9.87707
    endloop
  endfacet
  facet normal -0.776188 -0.575642 -0.257232
    outer loop
      vertex 3.61037 11.6239 13.9116
      vertex 5.01425 11.5338 9.87707
      vertex 4.07804 10.9933 13.9116
    endloop
  endfacet
  facet normal -0.909661 -0.325494 0.258012
    outer loop
      vertex 1.02187 17.572 33.0884
      vertex 2.33058 17.1126 37.1229
      vertex 2.06608 17.8518 37.1229
    endloop
  endfacet
  facet normal -0.909661 -0.325494 0.258012
    outer loop
      vertex 2.33058 17.1126 37.1229
      vertex 1.02187 17.572 33.0884
      vertex 1.28637 16.8328 33.0884
    endloop
  endfacet
  facet normal -0.958209 -0.126151 0.256753
    outer loop
      vertex 1.25644 23.2159 37.1229
      vertex 0.715919 19.1102 33.0884
      vertex 1.76013 19.39 37.1229
    endloop
  endfacet
  facet normal 0.801815 0.332111 -0.496785
    outer loop
      vertex 97.6694 42.8873 9.87707
      vertex 95.7473 43.0697 6.89672
      vertex 96.1927 46.4525 9.87707
    endloop
  endfacet
  facet normal 0.801814 0.332113 -0.496784
    outer loop
      vertex 95.7473 43.0697 6.89672
      vertex 97.6694 42.8873 9.87707
      vertex 95.975 42.4333 6.83878
    endloop
  endfacet
  facet normal 0.892914 0.369843 0.256751
    outer loop
      vertex 98.7136 43.1671 33.0884
      vertex 96.1927 46.4525 37.1229
      vertex 97.6694 42.8873 37.1229
    endloop
  endfacet
  facet normal 0.909662 0.325494 0.25801
    outer loop
      vertex 97.6694 42.8873 37.1229
      vertex 98.9781 42.4279 33.0884
      vertex 98.7136 43.1671 33.0884
    endloop
  endfacet
  facet normal 0.909662 0.325494 0.25801
    outer loop
      vertex 98.9781 42.4279 33.0884
      vertex 97.6694 42.8873 37.1229
      vertex 97.9339 42.1481 37.1229
    endloop
  endfacet
  facet normal 0.903971 0.427594 0
    outer loop
      vertex 97.1289 46.993 33.0884
      vertex 96.7932 47.7027 13.9116
      vertex 96.7932 47.7027 33.0884
    endloop
  endfacet
  facet normal 0.903971 0.427594 0
    outer loop
      vertex 96.7932 47.7027 13.9116
      vertex 97.1289 46.993 33.0884
      vertex 97.1289 46.993 13.9116
    endloop
  endfacet
  facet normal 0.111016 -0.234698 -0.965708
    outer loop
      vertex 82.1229 11.3063 1.21793
      vertex 80.8154 15.136 0.136883
      vertex 82.8326 11.642 1.21793
    endloop
  endfacet
  facet normal 0.111016 -0.234698 -0.965708
    outer loop
      vertex 80.8154 15.136 0.136883
      vertex 82.1229 11.3063 1.21793
      vertex 80.1057 14.8003 0.136883
    endloop
  endfacet
  facet normal 0.299327 0.403583 -0.864595
    outer loop
      vertex 83.506 47.9544 1.21793
      vertex 85.6799 50.1598 3
      vertex 84.1366 47.4867 1.21793
    endloop
  endfacet
  facet normal 0.299327 0.403583 -0.864595
    outer loop
      vertex 85.6799 50.1598 3
      vertex 83.506 47.9544 1.21793
      vertex 85.0493 50.6275 3
    endloop
  endfacet
  facet normal 0.688555 0.528269 -0.496814
    outer loop
      vertex 94.9857 48.4662 9.87707
      vertex 93.3493 48.984 8.1597
      vertex 93.3856 49.129 8.36419
    endloop
  endfacet
  facet normal 0.688533 0.528337 -0.496773
    outer loop
      vertex 94.9857 48.4662 9.87707
      vertex 93.2336 48.6606 7.65539
      vertex 93.3493 48.984 8.1597
    endloop
  endfacet
  facet normal 0.688535 0.528331 -0.496775
    outer loop
      vertex 93.497 47.6067 6.89962
      vertex 93.2336 48.6606 7.65539
      vertex 94.9857 48.4662 9.87707
    endloop
  endfacet
  facet normal 0.688429 0.528394 -0.496855
    outer loop
      vertex 93.2336 48.6606 7.65539
      vertex 93.4609 47.667 6.91366
      vertex 93.0867 48.3501 7.12164
    endloop
  endfacet
  facet normal 0.688562 0.528407 -0.496658
    outer loop
      vertex 93.0867 48.3501 7.12164
      vertex 93.4609 47.667 6.91366
      vertex 93.0275 48.2513 6.93445
    endloop
  endfacet
  facet normal 0.689103 0.528091 -0.496242
    outer loop
      vertex 93.2336 48.6606 7.65539
      vertex 93.497 47.6067 6.89962
      vertex 93.4609 47.667 6.91366
    endloop
  endfacet
  facet normal 0.251097 0.0628732 -0.965918
    outer loop
      vertex 85.6728 38.8628 0.136883
      vertex 89.7606 39.1454 1.21793
      vertex 85.8635 38.1012 0.136883
    endloop
  endfacet
  facet normal 0.251094 0.0629055 -0.965916
    outer loop
      vertex 89.7606 39.1454 1.21793
      vertex 85.6728 38.8628 0.136883
      vertex 89.5698 39.907 1.21793
    endloop
  endfacet
  facet normal 0.688445 0.528248 0.496989
    outer loop
      vertex 93.4831 50.3431 37.2094
      vertex 94.9857 48.4662 37.1229
      vertex 93.4682 50.4439 37.1229
    endloop
  endfacet
  facet normal 0.688549 0.528343 0.496743
    outer loop
      vertex 93.5 50 37.5509
      vertex 94.9857 48.4662 37.1229
      vertex 93.4831 50.3431 37.2094
    endloop
  endfacet
  facet normal 0.688512 0.528271 0.496871
    outer loop
      vertex 93.4831 49.6569 37.9391
      vertex 94.9857 48.4662 37.1229
      vertex 93.5 50 37.5509
    endloop
  endfacet
  facet normal 0.688526 0.52838 0.496736
    outer loop
      vertex 93.4327 49.3172 38.3703
      vertex 94.9857 48.4662 37.1229
      vertex 93.4831 49.6569 37.9391
    endloop
  endfacet
  facet normal 0.688521 0.528411 0.496709
    outer loop
      vertex 94.9857 48.4662 37.1229
      vertex 93.4327 49.3172 38.3703
      vertex 93.3856 49.129 38.6358
    endloop
  endfacet
  facet normal -0.0127073 0.258799 -0.965847
    outer loop
      vertex 23.2159 50.0844 1.21793
      vertex 24 46.0884 0.136883
      vertex 23.2159 46.0499 0.136883
    endloop
  endfacet
  facet normal -0.0127073 0.258799 -0.965847
    outer loop
      vertex 24 46.0884 0.136883
      vertex 23.2159 50.0844 1.21793
      vertex 24 50.1229 1.21793
    endloop
  endfacet
  facet normal -0.958209 0.126151 -0.256751
    outer loop
      vertex 1.25644 36.7841 9.87707
      vertex 0.715919 40.8898 13.9116
      vertex 1.76013 40.61 9.87707
    endloop
  endfacet
  facet normal -0.25707 -0.428906 -0.865999
    outer loop
      vertex 14.9506 9.37251 3
      vertex 17.1674 11.642 1.21793
      vertex 15.624 8.9689 3
    endloop
  endfacet
  facet normal -0.257066 -0.42891 -0.865999
    outer loop
      vertex 17.1674 11.642 1.21793
      vertex 14.9506 9.37251 3
      vertex 16.494 12.0456 1.21793
    endloop
  endfacet
  facet normal -0.299343 -0.403566 -0.864597
    outer loop
      vertex 14.3201 9.84018 3
      vertex 16.494 12.0456 1.21793
      vertex 14.9506 9.37251 3
    endloop
  endfacet
  facet normal -0.299326 -0.403581 -0.864596
    outer loop
      vertex 16.494 12.0456 1.21793
      vertex 14.3201 9.84018 3
      vertex 15.8634 12.5133 1.21793
    endloop
  endfacet
  facet normal -0.801826 -0.332107 -0.496769
    outer loop
      vertex 4.59853 15.9636 6.98473
      vertex 3.80731 13.5475 9.87707
      vertex 4.25266 16.9303 6.89672
    endloop
  endfacet
  facet normal -0.801807 -0.332132 -0.496784
    outer loop
      vertex 3.80731 13.5475 9.87707
      vertex 4.59853 15.9636 6.98473
      vertex 5.32645 14.4246 6.83879
    endloop
  endfacet
  facet normal -0.865244 0.0424936 -0.499548
    outer loop
      vertex 3 36 6.79043
      vertex 1.25644 36.7841 9.87707
      vertex 3.03852 36.7841 6.79041
    endloop
  endfacet
  facet normal -0.865243 0.0424952 -0.499548
    outer loop
      vertex 1.25644 36.7841 9.87707
      vertex 3 36 6.79043
      vertex 1.21793 36 9.87707
    endloop
  endfacet
  facet normal -0.857734 0.514093 0
    outer loop
      vertex 3.20676 47.7027 13.9116
      vertex 3.61037 48.3761 33.0884
      vertex 3.61037 48.3761 13.9116
    endloop
  endfacet
  facet normal -0.857734 0.514093 0
    outer loop
      vertex 3.61037 48.3761 33.0884
      vertex 3.20676 47.7027 13.9116
      vertex 3.20676 47.7027 33.0884
    endloop
  endfacet
  facet normal -0.306338 0.399242 -0.864155
    outer loop
      vertex 13.3493 48.984 2.80092
      vertex 14.3201 50.1598 3
      vertex 15.8634 47.4867 1.21793
    endloop
  endfacet
  facet normal -0.3064 0.399327 -0.864093
    outer loop
      vertex 14.3201 50.1598 3
      vertex 13.4327 49.3172 2.92527
      vertex 13.4598 49.4997 3
    endloop
  endfacet
  facet normal -0.306249 0.399179 -0.864215
    outer loop
      vertex 14.3201 50.1598 3
      vertex 13.3493 48.984 2.80092
      vertex 13.4327 49.3172 2.92527
    endloop
  endfacet
  facet normal -0.306362 0.399208 -0.864162
    outer loop
      vertex 15.8634 47.4867 1.21793
      vertex 13.2336 48.6606 2.69254
      vertex 13.3493 48.984 2.80092
    endloop
  endfacet
  facet normal -0.306118 0.399622 -0.864057
    outer loop
      vertex 13.2336 48.6606 2.69254
      vertex 15.8634 47.4867 1.21793
      vertex 13.2001 48.5899 2.67171
    endloop
  endfacet
  facet normal 0 0.965929 -0.258808
    outer loop
      vertex 76 58.7821 9.87707
      vertex 24 59.8631 13.9116
      vertex 76 59.8631 13.9116
    endloop
  endfacet
  facet normal 0 0.965929 -0.258808
    outer loop
      vertex 24 59.8631 13.9116
      vertex 76 58.7821 9.87707
      vertex 24 58.7821 9.87707
    endloop
  endfacet
  facet normal -0.325494 0.909662 0.25801
    outer loop
      vertex 17.572 58.9781 33.0884
      vertex 17.1126 57.6694 37.1229
      vertex 17.8518 57.9339 37.1229
    endloop
  endfacet
  facet normal -0.325494 0.909662 0.25801
    outer loop
      vertex 17.1126 57.6694 37.1229
      vertex 17.572 58.9781 33.0884
      vertex 16.8328 58.7136 33.0884
    endloop
  endfacet
  facet normal -0.127238 0.85806 0.497537
    outer loop
      vertex 19.39 58.2399 37.1229
      vertex 19.0782 56.3899 40.2337
      vertex 19.8349 56.5794 40.1004
    endloop
  endfacet
  facet normal -0.127283 0.858057 0.497531
    outer loop
      vertex 19.0782 56.3899 40.2337
      vertex 19.39 58.2399 37.1229
      vertex 18.6134 58.1247 37.1229
    endloop
  endfacet
  facet normal 0.155131 -0.209163 -0.965497
    outer loop
      vertex 81.4888 15.5396 0.136883
      vertex 84.1366 12.5133 1.21793
      vertex 83.506 12.0456 1.21793
    endloop
  endfacet
  facet normal 0.155146 -0.209151 -0.965498
    outer loop
      vertex 84.1366 12.5133 1.21793
      vertex 81.4888 15.5396 0.136883
      vertex 82.1193 16.0073 0.136883
    endloop
  endfacet
  facet normal -0.801815 0.332114 -0.496783
    outer loop
      vertex 4.59853 44.0363 6.98473
      vertex 3.80731 46.4525 9.87707
      vertex 5.32645 45.5754 6.83879
    endloop
  endfacet
  facet normal -0.801799 0.332134 -0.496796
    outer loop
      vertex 3.80731 46.4525 9.87707
      vertex 4.59853 44.0363 6.98473
      vertex 4.25266 43.0697 6.89672
    endloop
  endfacet
  facet normal 0.126144 0.958206 0.256765
    outer loop
      vertex 76.7841 59.8246 33.0884
      vertex 76.7841 58.7435 37.1229
      vertex 80.8898 59.2841 33.0884
    endloop
  endfacet
  facet normal 0.445225 0.74285 0.499949
    outer loop
      vertex 87.1622 55.857 37.1229
      vertex 86.9376 53.898 40.2337
      vertex 87.8356 55.4534 37.1229
    endloop
  endfacet
  facet normal 0.445225 0.74285 0.499949
    outer loop
      vertex 86.9376 53.898 40.2337
      vertex 87.1622 55.857 37.1229
      vertex 86.2642 54.3016 40.2337
    endloop
  endfacet
  facet normal 0.214281 0.453145 -0.865299
    outer loop
      vertex 82.8326 48.358 1.21793
      vertex 83.6663 51.3667 3
      vertex 84.376 51.0311 3
    endloop
  endfacet
  facet normal 0.214281 0.453145 -0.865299
    outer loop
      vertex 83.6663 51.3667 3
      vertex 82.8326 48.358 1.21793
      vertex 82.1229 48.6936 1.21793
    endloop
  endfacet
  facet normal 0.803198 0.595712 0
    outer loop
      vertex 96.3896 48.3761 33.0884
      vertex 95.9219 49.0067 13.9116
      vertex 95.9219 49.0067 33.0884
    endloop
  endfacet
  facet normal 0.803198 0.595712 0
    outer loop
      vertex 95.9219 49.0067 13.9116
      vertex 96.3896 48.3761 33.0884
      vertex 96.3896 48.3761 13.9116
    endloop
  endfacet
  facet normal 0.766705 0.588413 0.256775
    outer loop
      vertex 93.0867 51.6499 35.4985
      vertex 93.401 52.2921 33.0884
      vertex 92.9638 51.8549 35.3957
    endloop
  endfacet
  facet normal 0.766649 0.588481 0.256786
    outer loop
      vertex 93.2336 51.3394 35.7715
      vertex 93.401 52.2921 33.0884
      vertex 93.0867 51.6499 35.4985
    endloop
  endfacet
  facet normal 0.76675 0.588349 0.256787
    outer loop
      vertex 94.9857 48.4662 37.1229
      vertex 93.2336 51.3394 35.7715
      vertex 93.3493 51.016 36.167
    endloop
  endfacet
  facet normal 0.766702 0.588361 0.256902
    outer loop
      vertex 94.9857 48.4662 37.1229
      vertex 93.3493 51.016 36.167
      vertex 93.4327 50.6828 36.6812
    endloop
  endfacet
  facet normal 0.766798 0.588368 0.256599
    outer loop
      vertex 94.9857 48.4662 37.1229
      vertex 93.4327 50.6828 36.6812
      vertex 93.4682 50.4439 37.1229
    endloop
  endfacet
  facet normal 0.76677 0.588341 0.256744
    outer loop
      vertex 93.2336 51.3394 35.7715
      vertex 94.9857 48.4662 37.1229
      vertex 93.401 52.2921 33.0884
    endloop
  endfacet
  facet normal 0.0473744 0.964838 -0.25854
    outer loop
      vertex 76.7841 58.7435 9.87707
      vertex 76 59.8631 13.9116
      vertex 76.7841 59.8246 13.9116
    endloop
  endfacet
  facet normal 0.0474975 0.964839 -0.258516
    outer loop
      vertex 76 59.8631 13.9116
      vertex 76.7841 58.7435 9.87707
      vertex 76 58.7821 9.87707
    endloop
  endfacet
  facet normal 0.595712 0.803198 -0
    outer loop
      vertex 89.0067 55.9219 13.9116
      vertex 88.3761 56.3896 33.0884
      vertex 89.0067 55.9219 33.0884
    endloop
  endfacet
  facet normal 0.595712 0.803198 0
    outer loop
      vertex 88.3761 56.3896 33.0884
      vertex 89.0067 55.9219 13.9116
      vertex 88.3761 56.3896 13.9116
    endloop
  endfacet
  facet normal 0.369844 0.892914 -0.256749
    outer loop
      vertex 86.4525 56.1927 9.87707
      vertex 82.8873 57.6694 9.87707
      vertex 83.1671 58.7136 13.9116
    endloop
  endfacet
  facet normal -0.964841 -0.0473868 -0.258528
    outer loop
      vertex 1.25644 23.2159 9.87707
      vertex 0.136883 24 13.9116
      vertex 1.21793 24 9.87707
    endloop
  endfacet
  facet normal -0.964841 -0.0473905 -0.258527
    outer loop
      vertex 0.136883 24 13.9116
      vertex 1.25644 23.2159 9.87707
      vertex 0.175396 23.2159 13.9116
    endloop
  endfacet
  facet normal -0.828515 -0.49658 0.258787
    outer loop
      vertex 3.20676 12.2973 33.0884
      vertex 4.54659 12.1644 37.1229
      vertex 4.14298 12.8378 37.1229
    endloop
  endfacet
  facet normal -0.828515 -0.49658 0.258787
    outer loop
      vertex 4.54659 12.1644 37.1229
      vertex 3.20676 12.2973 33.0884
      vertex 3.61037 11.6239 33.0884
    endloop
  endfacet
  facet normal -0.958209 -0.12615 0.256752
    outer loop
      vertex 1.25644 23.2159 37.1229
      vertex 0.175396 23.2159 33.0884
      vertex 0.715919 19.1102 33.0884
    endloop
  endfacet
  facet normal -0.923877 -0.38269 0
    outer loop
      vertex 2.8711 13.007 13.9116
      vertex 1.28637 16.8328 33.0884
      vertex 1.28637 16.8328 13.9116
    endloop
  endfacet
  facet normal -0.923877 -0.38269 0
    outer loop
      vertex 1.28637 16.8328 33.0884
      vertex 2.8711 13.007 13.9116
      vertex 2.8711 13.007 33.0884
    endloop
  endfacet
  facet normal -0.49658 -0.828516 -0.258785
    outer loop
      vertex 12.1644 4.54659 9.87707
      vertex 12.2973 3.20676 13.9116
      vertex 11.6239 3.61037 13.9116
    endloop
  endfacet
  facet normal -0.49658 -0.828516 -0.258785
    outer loop
      vertex 12.2973 3.20676 13.9116
      vertex 12.1644 4.54659 9.87707
      vertex 12.8378 4.14298 9.87707
    endloop
  endfacet
  facet normal -0.413076 -0.873383 0.258011
    outer loop
      vertex 13.007 2.8711 33.0884
      vertex 12.8378 4.14298 37.1229
      vertex 12.2973 3.20676 33.0884
    endloop
  endfacet
  facet normal -0.413086 -0.873379 0.258009
    outer loop
      vertex 12.8378 4.14298 37.1229
      vertex 13.007 2.8711 33.0884
      vertex 13.5475 3.80731 37.1229
    endloop
  endfacet
  facet normal -0.19256 -0.464932 -0.864152
    outer loop
      vertex 16.5504 8.54351 3
      vertex 17.8771 11.3063 1.21793
      vertex 19.3538 10.6947 1.21793
    endloop
  endfacet
  facet normal -0.192524 -0.464949 -0.864151
    outer loop
      vertex 17.8771 11.3063 1.21793
      vertex 16.5504 8.54351 3
      vertex 16.3337 8.63324 3
    endloop
  endfacet
  facet normal -0.126151 -0.958209 -0.256751
    outer loop
      vertex 23.2159 1.25644 9.87707
      vertex 19.1102 0.715919 13.9116
      vertex 19.39 1.76013 9.87707
    endloop
  endfacet
  facet normal -0.595687 -0.803217 0
    outer loop
      vertex 10.9933 4.07804 13.9116
      vertex 11.6239 3.61037 33.0884
      vertex 10.9933 4.07804 33.0884
    endloop
  endfacet
  facet normal -0.595687 -0.803217 -0
    outer loop
      vertex 11.6239 3.61037 33.0884
      vertex 10.9933 4.07804 13.9116
      vertex 11.6239 3.61037 13.9116
    endloop
  endfacet
  facet normal -0.528299 -0.68854 -0.496803
    outer loop
      vertex 11.016 6.65071 8.15966
      vertex 11.5338 5.01425 9.87707
      vertex 10.871 6.61439 8.36419
    endloop
  endfacet
  facet normal -0.528332 -0.688529 -0.496783
    outer loop
      vertex 11.3394 6.76642 7.65535
      vertex 11.5338 5.01425 9.87707
      vertex 11.016 6.65071 8.15966
    endloop
  endfacet
  facet normal -0.528343 -0.688519 -0.496786
    outer loop
      vertex 12.333 6.53912 6.91366
      vertex 11.3394 6.76642 7.65535
      vertex 11.6499 6.91327 7.1216
    endloop
  endfacet
  facet normal -0.528342 -0.688516 -0.49679
    outer loop
      vertex 12.333 6.53912 6.91366
      vertex 11.6499 6.91327 7.1216
      vertex 11.7487 6.97249 6.93445
    endloop
  endfacet
  facet normal -0.528333 -0.688541 -0.496765
    outer loop
      vertex 12.3933 6.50298 6.89962
      vertex 11.3394 6.76642 7.65535
      vertex 12.333 6.53912 6.91366
    endloop
  endfacet
  facet normal -0.528339 -0.688526 -0.49678
    outer loop
      vertex 11.3394 6.76642 7.65535
      vertex 12.3933 6.50298 6.89962
      vertex 11.5338 5.01425 9.87707
    endloop
  endfacet
  facet normal -0.445233 -0.742845 -0.499949
    outer loop
      vertex 13.0624 6.10196 6.76632
      vertex 12.8378 4.14298 9.87707
      vertex 12.1644 4.54659 9.87707
    endloop
  endfacet
  facet normal -0.445233 -0.742845 -0.499949
    outer loop
      vertex 12.8378 4.14298 9.87707
      vertex 13.0624 6.10196 6.76632
      vertex 13.7358 5.69835 6.76632
    endloop
  endfacet
  facet normal -0.0424952 -0.865243 -0.499548
    outer loop
      vertex 23.2159 1.25644 9.87707
      vertex 24 3 6.79043
      vertex 24 1.21793 9.87707
    endloop
  endfacet
  facet normal -0.0424936 -0.865244 -0.499548
    outer loop
      vertex 24 3 6.79043
      vertex 23.2159 1.25644 9.87707
      vertex 23.2159 3.03852 6.79041
    endloop
  endfacet
  facet normal -0.860453 -0.113274 -0.496779
    outer loop
      vertex 1.76013 19.39 9.87707
      vertex 3.30887 20.5411 6.93208
      vertex 3.4035 19.9031 6.91365
    endloop
  endfacet
  facet normal -0.860441 -0.113344 -0.496784
    outer loop
      vertex 1.76013 19.39 9.87707
      vertex 3.4035 19.9031 6.91365
      vertex 3.42059 19.8349 6.89961
    endloop
  endfacet
  facet normal -0.860451 -0.113281 -0.49678
    outer loop
      vertex 3.30887 20.5411 6.93208
      vertex 1.76013 19.39 9.87707
      vertex 1.25644 23.2159 9.87707
    endloop
  endfacet
  facet normal 0.113281 -0.860451 -0.49678
    outer loop
      vertex 79.4589 3.30887 6.93208
      vertex 80.61 1.76013 9.87707
      vertex 76.7841 1.25644 9.87707
    endloop
  endfacet
  facet normal 0.113274 -0.860453 -0.496779
    outer loop
      vertex 80.0969 3.4035 6.91365
      vertex 80.61 1.76013 9.87707
      vertex 79.4589 3.30887 6.93208
    endloop
  endfacet
  facet normal 0.113344 -0.860441 -0.496784
    outer loop
      vertex 80.61 1.76013 9.87707
      vertex 80.0969 3.4035 6.91365
      vertex 80.1651 3.42059 6.89961
    endloop
  endfacet
  facet normal 0.336132 -0.370766 -0.865765
    outer loop
      vertex 87.2945 12.2204 2.49374
      vertex 85.9864 14.0136 1.21793
      vertex 87.5251 12.4749 2.47428
    endloop
  endfacet
  facet normal 0.336109 -0.370783 -0.865766
    outer loop
      vertex 85.4047 13.4863 1.21793
      vertex 87.2945 12.2204 2.49374
      vertex 87.0899 11.9445 2.53247
    endloop
  endfacet
  facet normal 0.335857 -0.371046 -0.865751
    outer loop
      vertex 85.4047 13.4863 1.21793
      vertex 87.0899 11.9445 2.53247
      vertex 87.0361 11.8549 2.55
    endloop
  endfacet
  facet normal 0.336108 -0.370784 -0.865766
    outer loop
      vertex 87.2945 12.2204 2.49374
      vertex 85.4047 13.4863 1.21793
      vertex 85.9864 14.0136 1.21793
    endloop
  endfacet
  facet normal 0.0874705 -0.244454 -0.965708
    outer loop
      vertex 78.8628 14.3272 0.136883
      vertex 80.6462 10.6947 1.21793
      vertex 79.907 10.4302 1.21793
    endloop
  endfacet
  facet normal 0.0874705 -0.244454 -0.965708
    outer loop
      vertex 80.6462 10.6947 1.21793
      vertex 78.8628 14.3272 0.136883
      vertex 79.602 14.5917 0.136883
    endloop
  endfacet
  facet normal -0.998796 0.0490583 0
    outer loop
      vertex 0.136883 36 13.9116
      vertex 0.175396 36.7841 33.0884
      vertex 0.175396 36.7841 13.9116
    endloop
  endfacet
  facet normal -0.998796 0.0490583 0
    outer loop
      vertex 0.175396 36.7841 33.0884
      vertex 0.136883 36 13.9116
      vertex 0.136883 36 33.0884
    endloop
  endfacet
  facet normal -0.965925 0 0.25882
    outer loop
      vertex 0.136883 24 33.0884
      vertex 1.21793 36 37.1229
      vertex 0.136883 36 33.0884
    endloop
  endfacet
  facet normal -0.965925 0 0.25882
    outer loop
      vertex 1.21793 36 37.1229
      vertex 0.136883 24 33.0884
      vertex 1.21793 24 37.1229
    endloop
  endfacet
  facet normal -0.776188 0.575642 0.257234
    outer loop
      vertex 3.61037 48.3761 33.0884
      vertex 5.01425 48.4662 37.1229
      vertex 4.07804 49.0067 33.0884
    endloop
  endfacet
  facet normal -0.776193 0.575634 0.257236
    outer loop
      vertex 5.01425 48.4662 37.1229
      vertex 3.61037 48.3761 33.0884
      vertex 4.54659 47.8356 37.1229
    endloop
  endfacet
  facet normal -0.96484 0.0473905 0.258529
    outer loop
      vertex 0.136883 36 33.0884
      vertex 1.25644 36.7841 37.1229
      vertex 0.175396 36.7841 33.0884
    endloop
  endfacet
  facet normal -0.96484 0.0473868 0.25853
    outer loop
      vertex 1.25644 36.7841 37.1229
      vertex 0.136883 36 33.0884
      vertex 1.21793 36 37.1229
    endloop
  endfacet
  facet normal -0.858058 0.127283 0.497529
    outer loop
      vertex 1.76013 40.61 37.1229
      vertex 3.61012 40.9218 40.2337
      vertex 1.87533 41.3866 37.1229
    endloop
  endfacet
  facet normal -0.858059 0.127273 0.49753
    outer loop
      vertex 3.61012 40.9218 40.2337
      vertex 1.76013 40.61 37.1229
      vertex 3.42059 40.1651 40.1004
    endloop
  endfacet
  facet normal -0.715751 0.648741 0.258524
    outer loop
      vertex 6.59898 52.2921 33.0884
      vertex 7.52512 52.4749 35.1938
      vertex 7.12622 52.8738 33.0884
    endloop
  endfacet
  facet normal -0.715768 0.648719 0.258533
    outer loop
      vertex 6.59898 52.2921 33.0884
      vertex 7.29446 52.2204 35.1938
      vertex 7.52512 52.4749 35.1938
    endloop
  endfacet
  facet normal -0.715789 0.648694 0.258539
    outer loop
      vertex 6.59898 52.2921 33.0884
      vertex 7.08986 51.9445 35.3196
      vertex 7.29446 52.2204 35.1938
    endloop
  endfacet
  facet normal -0.715809 0.648672 0.25854
    outer loop
      vertex 7.08986 51.9445 35.3196
      vertex 6.59898 52.2921 33.0884
      vertex 7.03615 51.8549 35.3957
    endloop
  endfacet
  facet normal -0.292074 0.816058 0.498741
    outer loop
      vertex 17.8518 57.9339 37.1229
      vertex 17.904 56.0957 40.1612
      vertex 18.3167 56.1991 40.2337
    endloop
  endfacet
  facet normal -0.292024 0.816071 0.498748
    outer loop
      vertex 17.8518 57.9339 37.1229
      vertex 17.5667 55.975 40.1612
      vertex 17.904 56.0957 40.1612
    endloop
  endfacet
  facet normal -0.292007 0.816075 0.498752
    outer loop
      vertex 17.5667 55.975 40.1612
      vertex 17.8518 57.9339 37.1229
      vertex 17.1126 57.6694 37.1229
    endloop
  endfacet
  facet normal -0.369852 0.89291 -0.256749
    outer loop
      vertex 17.1126 57.6694 9.87707
      vertex 13.5475 56.1927 9.87707
      vertex 16.8328 58.7136 13.9116
    endloop
  endfacet
  facet normal -0.292007 0.816074 -0.498753
    outer loop
      vertex 17.8518 57.9339 9.87707
      vertex 17.5667 55.975 6.83878
      vertex 17.1126 57.6694 9.87707
    endloop
  endfacet
  facet normal -0.292024 0.816071 -0.498749
    outer loop
      vertex 17.8518 57.9339 9.87707
      vertex 17.904 56.0957 6.83878
      vertex 17.5667 55.975 6.83878
    endloop
  endfacet
  facet normal -0.292041 0.816066 -0.498747
    outer loop
      vertex 17.904 56.0957 6.83878
      vertex 17.8518 57.9339 9.87707
      vertex 18.3167 56.1991 6.76631
    endloop
  endfacet
  facet normal -0.696753 0.51672 0.497531
    outer loop
      vertex 4.54659 47.8356 37.1229
      vertex 6.50298 47.6067 40.1004
      vertex 5.01425 48.4662 37.1229
    endloop
  endfacet
  facet normal -0.696755 0.516715 0.497532
    outer loop
      vertex 6.50298 47.6067 40.1004
      vertex 4.54659 47.8356 37.1229
      vertex 6.10196 46.9376 40.2337
    endloop
  endfacet
  facet normal -0.776188 0.575642 -0.257232
    outer loop
      vertex 5.01425 48.4662 9.87707
      vertex 3.61037 48.3761 13.9116
      vertex 4.07804 49.0067 13.9116
    endloop
  endfacet
  facet normal -0.776194 0.575634 -0.257234
    outer loop
      vertex 3.61037 48.3761 13.9116
      vertex 5.01425 48.4662 9.87707
      vertex 4.54659 47.8356 9.87707
    endloop
  endfacet
  facet normal 0.332125 -0.801811 0.496781
    outer loop
      vertex 85.5754 5.32645 40.1612
      vertex 84.0363 4.59853 40.0153
      vertex 86.4525 3.80731 37.1229
    endloop
  endfacet
  facet normal 0.332131 -0.801807 0.496785
    outer loop
      vertex 83.0697 4.25266 40.1033
      vertex 86.4525 3.80731 37.1229
      vertex 84.0363 4.59853 40.0153
    endloop
  endfacet
  facet normal 0.130526 -0.991445 0
    outer loop
      vertex 76.7841 0.175396 13.9116
      vertex 80.8898 0.715919 33.0884
      vertex 76.7841 0.175396 33.0884
    endloop
  endfacet
  facet normal 0.130526 -0.991445 0
    outer loop
      vertex 80.8898 0.715919 33.0884
      vertex 76.7841 0.175396 13.9116
      vertex 80.8898 0.715919 13.9116
    endloop
  endfacet
  facet normal 0 -0.965926 -0.258819
    outer loop
      vertex 24 1.21793 9.87707
      vertex 76 0.136883 13.9116
      vertex 24 0.136883 13.9116
    endloop
  endfacet
  facet normal 0 -0.965926 -0.258819
    outer loop
      vertex 76 0.136883 13.9116
      vertex 24 1.21793 9.87707
      vertex 76 1.21793 9.87707
    endloop
  endfacet
  facet normal 0.0473905 -0.964841 -0.258528
    outer loop
      vertex 76 1.21793 9.87707
      vertex 76.7841 0.175396 13.9116
      vertex 76 0.136883 13.9116
    endloop
  endfacet
  facet normal 0.0473868 -0.964841 -0.258527
    outer loop
      vertex 76.7841 0.175396 13.9116
      vertex 76 1.21793 9.87707
      vertex 76.7841 1.25644 9.87707
    endloop
  endfacet
  facet normal 0.766773 -0.588355 0.256705
    outer loop
      vertex 93.4327 9.31718 36.6813
      vertex 94.9857 11.5338 37.1229
      vertex 93.4682 9.55612 37.1229
    endloop
  endfacet
  facet normal 0.766737 -0.588352 0.256818
    outer loop
      vertex 93.3493 8.984 36.167
      vertex 94.9857 11.5338 37.1229
      vertex 93.4327 9.31718 36.6813
    endloop
  endfacet
  facet normal 0.766758 -0.588347 0.256768
    outer loop
      vertex 93.2336 8.66061 35.7715
      vertex 94.9857 11.5338 37.1229
      vertex 93.3493 8.984 36.167
    endloop
  endfacet
  facet normal 0.766653 -0.588478 0.256781
    outer loop
      vertex 93.401 7.70793 33.0884
      vertex 93.2336 8.66061 35.7715
      vertex 93.0867 8.35011 35.4985
    endloop
  endfacet
  facet normal 0.766771 -0.588342 0.25674
    outer loop
      vertex 93.2336 8.66061 35.7715
      vertex 93.401 7.70793 33.0884
      vertex 94.9857 11.5338 37.1229
    endloop
  endfacet
  facet normal 0.766741 -0.588371 0.256764
    outer loop
      vertex 93.401 7.70793 33.0884
      vertex 93.0867 8.35011 35.4985
      vertex 92.9638 8.14509 35.3957
    endloop
  endfacet
  facet normal 0.445234 -0.742848 0.499943
    outer loop
      vertex 87.1622 4.14298 37.1229
      vertex 86.9376 6.10196 40.2337
      vertex 86.2642 5.69835 40.2337
    endloop
  endfacet
  facet normal 0.445234 -0.742848 0.499943
    outer loop
      vertex 86.9376 6.10196 40.2337
      vertex 87.1622 4.14298 37.1229
      vertex 87.8356 4.54659 37.1229
    endloop
  endfacet
  facet normal 0.36985 -0.892911 0.256753
    outer loop
      vertex 86.4525 3.80731 37.1229
      vertex 82.8873 2.33058 37.1229
      vertex 83.1671 1.28637 33.0884
    endloop
  endfacet
  facet normal 0.445233 -0.742845 -0.499949
    outer loop
      vertex 86.9376 6.10196 6.76632
      vertex 87.1622 4.14298 9.87707
      vertex 86.2642 5.69835 6.76632
    endloop
  endfacet
  facet normal 0.445233 -0.742845 -0.499949
    outer loop
      vertex 87.1622 4.14298 9.87707
      vertex 86.9376 6.10196 6.76632
      vertex 87.8356 4.54659 9.87707
    endloop
  endfacet
  facet normal 0.936972 0.234766 -0.258784
    outer loop
      vertex 99.1689 41.6664 13.9116
      vertex 97.9339 42.1481 9.87707
      vertex 98.9781 42.4279 13.9116
    endloop
  endfacet
  facet normal 0.936995 0.234649 -0.258806
    outer loop
      vertex 97.9339 42.1481 9.87707
      vertex 99.1689 41.6664 13.9116
      vertex 98.1246 41.3866 9.87707
    endloop
  endfacet
  facet normal 0.970015 0.243045 0
    outer loop
      vertex 99.1689 41.6664 33.0884
      vertex 98.9781 42.4279 13.9116
      vertex 98.9781 42.4279 33.0884
    endloop
  endfacet
  facet normal 0.970015 0.243045 0
    outer loop
      vertex 98.9781 42.4279 13.9116
      vertex 99.1689 41.6664 33.0884
      vertex 99.1689 41.6664 13.9116
    endloop
  endfacet
  facet normal 0.95587 -0.141916 0.257238
    outer loop
      vertex 98.1246 18.6134 37.1229
      vertex 99.2841 19.1102 33.0884
      vertex 98.2399 19.39 37.1229
    endloop
  endfacet
  facet normal 0.955883 -0.141795 0.257257
    outer loop
      vertex 99.2841 19.1102 33.0884
      vertex 98.1246 18.6134 37.1229
      vertex 99.1689 18.3336 33.0884
    endloop
  endfacet
  facet normal 0.965928 -0 0.25881
    outer loop
      vertex 98.7821 24 37.1229
      vertex 99.8631 36 33.0884
      vertex 98.7821 36 37.1229
    endloop
  endfacet
  facet normal 0.965928 0 0.25881
    outer loop
      vertex 99.8631 36 33.0884
      vertex 98.7821 24 37.1229
      vertex 99.8631 24 33.0884
    endloop
  endfacet
  facet normal 0.85806 -0.127238 0.497537
    outer loop
      vertex 96.3899 19.0782 40.2337
      vertex 98.2399 19.39 37.1229
      vertex 96.5794 19.8349 40.1004
    endloop
  endfacet
  facet normal 0.85805 -0.127393 0.497515
    outer loop
      vertex 98.2399 19.39 37.1229
      vertex 96.3899 19.0782 40.2337
      vertex 98.1246 18.6134 37.1229
    endloop
  endfacet
  facet normal 0.958212 0.126129 0.25675
    outer loop
      vertex 99.2841 40.8898 33.0884
      vertex 98.2399 40.61 37.1229
      vertex 98.7435 36.7841 37.1229
    endloop
  endfacet
  facet normal 0.865256 0.0424849 0.499526
    outer loop
      vertex 97 36 40.2096
      vertex 98.7435 36.7841 37.1229
      vertex 96.9615 36.7841 40.2096
    endloop
  endfacet
  facet normal 0.86524 0.0425944 0.499545
    outer loop
      vertex 98.7435 36.7841 37.1229
      vertex 97 36 40.2096
      vertex 98.7821 36 37.1229
    endloop
  endfacet
  facet normal 0.370543 -0.78355 0.498746
    outer loop
      vertex 86.4525 3.80731 37.1229
      vertex 86.2642 5.69835 40.2337
      vertex 85.8993 5.47964 40.1612
    endloop
  endfacet
  facet normal 0.370591 -0.783532 0.498738
    outer loop
      vertex 86.2642 5.69835 40.2337
      vertex 86.4525 3.80731 37.1229
      vertex 87.1622 4.14298 37.1229
    endloop
  endfacet
  facet normal 0.370577 -0.783535 0.498744
    outer loop
      vertex 85.5754 5.32645 40.1612
      vertex 86.4525 3.80731 37.1229
      vertex 85.8993 5.47964 40.1612
    endloop
  endfacet
  facet normal -0.146737 -0.989176 0
    outer loop
      vertex 18.3336 0.831122 13.9116
      vertex 19.1102 0.715919 33.0884
      vertex 18.3336 0.831122 33.0884
    endloop
  endfacet
  facet normal -0.146737 -0.989176 -0
    outer loop
      vertex 19.1102 0.715919 33.0884
      vertex 18.3336 0.831122 13.9116
      vertex 19.1102 0.715919 13.9116
    endloop
  endfacet
  facet normal -0.141799 -0.955888 0.257237
    outer loop
      vertex 19.1102 0.715919 33.0884
      vertex 18.6134 1.87533 37.1229
      vertex 18.3336 0.831122 33.0884
    endloop
  endfacet
  facet normal -0.141795 -0.955889 0.257237
    outer loop
      vertex 18.6134 1.87533 37.1229
      vertex 19.1102 0.715919 33.0884
      vertex 19.39 1.76013 37.1229
    endloop
  endfacet
  facet normal 0 -0.965925 0.25882
    outer loop
      vertex 24 0.136883 33.0884
      vertex 76 1.21793 37.1229
      vertex 24 1.21793 37.1229
    endloop
  endfacet
  facet normal 0 -0.965925 0.25882
    outer loop
      vertex 76 1.21793 37.1229
      vertex 24 0.136883 33.0884
      vertex 76 0.136883 33.0884
    endloop
  endfacet
  facet normal -0.292008 -0.816077 0.498748
    outer loop
      vertex 17.8518 2.06608 37.1229
      vertex 17.5667 4.02496 40.1612
      vertex 17.1126 2.33058 37.1229
    endloop
  endfacet
  facet normal -0.292048 -0.816069 0.498739
    outer loop
      vertex 17.5667 4.02496 40.1612
      vertex 17.8518 2.06608 37.1229
      vertex 17.904 3.90425 40.1612
    endloop
  endfacet
  facet normal -0.29202 -0.816076 0.498743
    outer loop
      vertex 17.904 3.90425 40.1612
      vertex 17.8518 2.06608 37.1229
      vertex 18.3167 3.80088 40.2337
    endloop
  endfacet
  facet normal -0.427552 -0.903991 0
    outer loop
      vertex 12.2973 3.20676 13.9116
      vertex 13.007 2.8711 33.0884
      vertex 12.2973 3.20676 33.0884
    endloop
  endfacet
  facet normal -0.427552 -0.903991 -0
    outer loop
      vertex 13.007 2.8711 33.0884
      vertex 12.2973 3.20676 13.9116
      vertex 13.007 2.8711 13.9116
    endloop
  endfacet
  facet normal -0.696755 -0.516715 0.497532
    outer loop
      vertex 4.54659 12.1644 37.1229
      vertex 6.50298 12.3933 40.1004
      vertex 6.10196 13.0624 40.2337
    endloop
  endfacet
  facet normal -0.696753 -0.51672 0.497531
    outer loop
      vertex 6.50298 12.3933 40.1004
      vertex 4.54659 12.1644 37.1229
      vertex 5.01425 11.5338 37.1229
    endloop
  endfacet
  facet normal -0.688463 -0.528315 0.496891
    outer loop
      vertex 6.53912 12.333 40.0863
      vertex 6.91327 11.6499 39.8784
      vertex 6.97249 11.7487 40.0655
    endloop
  endfacet
  facet normal -0.687954 -0.528599 0.497295
    outer loop
      vertex 6.76642 11.3394 39.3446
      vertex 6.53912 12.333 40.0863
      vertex 6.50298 12.3933 40.1004
    endloop
  endfacet
  facet normal -0.688513 -0.528363 0.496772
    outer loop
      vertex 6.76642 11.3394 39.3446
      vertex 6.50298 12.3933 40.1004
      vertex 5.01425 11.5338 37.1229
    endloop
  endfacet
  facet normal -0.688564 -0.528325 0.496741
    outer loop
      vertex 6.53912 12.333 40.0863
      vertex 6.76642 11.3394 39.3446
      vertex 6.91327 11.6499 39.8784
    endloop
  endfacet
  facet normal -0.68853 -0.528326 0.496788
    outer loop
      vertex 5.01425 11.5338 37.1229
      vertex 6.65071 11.016 38.8403
      vertex 6.76642 11.3394 39.3446
    endloop
  endfacet
  facet normal -0.688557 -0.528243 0.496839
    outer loop
      vertex 6.65071 11.016 38.8403
      vertex 5.01425 11.5338 37.1229
      vertex 6.61439 10.871 38.6358
    endloop
  endfacet
  facet normal -0.514093 -0.857734 0
    outer loop
      vertex 11.6239 3.61037 13.9116
      vertex 12.2973 3.20676 33.0884
      vertex 11.6239 3.61037 33.0884
    endloop
  endfacet
  facet normal -0.514093 -0.857734 -0
    outer loop
      vertex 12.2973 3.20676 33.0884
      vertex 11.6239 3.61037 13.9116
      vertex 12.2973 3.20676 13.9116
    endloop
  endfacet
  facet normal -0.715651 -0.648852 0.258525
    outer loop
      vertex 6.59898 7.70793 33.0884
      vertex 7.08986 8.0555 35.3196
      vertex 7.03615 8.1451 35.3958
    endloop
  endfacet
  facet normal -0.715768 -0.648721 0.25853
    outer loop
      vertex 6.59898 7.70793 33.0884
      vertex 7.29446 7.77962 35.1938
      vertex 7.08986 8.0555 35.3196
    endloop
  endfacet
  facet normal -0.715743 -0.648751 0.258523
    outer loop
      vertex 6.59898 7.70793 33.0884
      vertex 7.52513 7.52513 35.1938
      vertex 7.29446 7.77962 35.1938
    endloop
  endfacet
  facet normal -0.715756 -0.648734 0.25853
    outer loop
      vertex 7.52513 7.52513 35.1938
      vertex 6.59898 7.70793 33.0884
      vertex 7.12622 7.12622 33.0884
    endloop
  endfacet
  facet normal -0.892906 -0.369861 0.25675
    outer loop
      vertex 3.80731 13.5475 37.1229
      vertex 1.28637 16.8328 33.0884
      vertex 2.8711 13.007 33.0884
    endloop
  endfacet
  facet normal -0.964841 0.0473868 -0.258527
    outer loop
      vertex 1.21793 36 9.87707
      vertex 0.175396 36.7841 13.9116
      vertex 1.25644 36.7841 9.87707
    endloop
  endfacet
  facet normal -0.964841 0.0473905 -0.258528
    outer loop
      vertex 0.175396 36.7841 13.9116
      vertex 1.21793 36 9.87707
      vertex 0.136883 36 13.9116
    endloop
  endfacet
  facet normal 0.923883 0.382675 0
    outer loop
      vertex 98.7136 43.1671 33.0884
      vertex 97.1289 46.993 13.9116
      vertex 97.1289 46.993 33.0884
    endloop
  endfacet
  facet normal 0.923883 0.382675 0
    outer loop
      vertex 97.1289 46.993 13.9116
      vertex 98.7136 43.1671 33.0884
      vertex 98.7136 43.1671 13.9116
    endloop
  endfacet
  facet normal 0.909662 0.325495 -0.258008
    outer loop
      vertex 98.9781 42.4279 13.9116
      vertex 97.6694 42.8873 9.87707
      vertex 98.7136 43.1671 13.9116
    endloop
  endfacet
  facet normal 0.909662 0.325495 -0.258008
    outer loop
      vertex 97.6694 42.8873 9.87707
      vertex 98.9781 42.4279 13.9116
      vertex 97.9339 42.1481 9.87707
    endloop
  endfacet
  facet normal 0.909662 -0.325495 -0.258008
    outer loop
      vertex 98.9781 17.572 13.9116
      vertex 97.6694 17.1126 9.87707
      vertex 97.9339 17.8518 9.87707
    endloop
  endfacet
  facet normal 0.909662 -0.325495 -0.258008
    outer loop
      vertex 97.6694 17.1126 9.87707
      vertex 98.9781 17.572 13.9116
      vertex 98.7136 16.8328 13.9116
    endloop
  endfacet
  facet normal 0.964844 -0.0473747 -0.258517
    outer loop
      vertex 99.8246 23.2159 13.9116
      vertex 98.7821 24 9.87707
      vertex 99.8631 24 13.9116
    endloop
  endfacet
  facet normal 0.964833 -0.0474972 -0.258538
    outer loop
      vertex 98.7821 24 9.87707
      vertex 99.8246 23.2159 13.9116
      vertex 98.7435 23.2159 9.87707
    endloop
  endfacet
  facet normal -0.155131 -0.209163 -0.965497
    outer loop
      vertex 15.8634 12.5133 1.21793
      vertex 18.5112 15.5396 0.136883
      vertex 16.494 12.0456 1.21793
    endloop
  endfacet
  facet normal -0.155131 -0.209163 -0.965497
    outer loop
      vertex 18.5112 15.5396 0.136883
      vertex 15.8634 12.5133 1.21793
      vertex 17.8806 16.0073 0.136883
    endloop
  endfacet
  facet normal 0.742847 -0.445223 -0.499955
    outer loop
      vertex 95.857 12.8378 9.87707
      vertex 93.898 13.0624 6.76632
      vertex 94.3016 13.7358 6.76632
    endloop
  endfacet
  facet normal 0.742847 -0.445223 -0.499955
    outer loop
      vertex 93.898 13.0624 6.76632
      vertex 95.857 12.8378 9.87707
      vertex 95.4534 12.1644 9.87707
    endloop
  endfacet
  facet normal -0.113284 -0.860452 -0.496778
    outer loop
      vertex 23.2159 1.25644 9.87707
      vertex 20.5411 3.30887 6.93208
      vertex 21.9416 3.10112 6.97255
    endloop
  endfacet
  facet normal -0.113276 -0.860452 -0.496781
    outer loop
      vertex 23.2159 1.25644 9.87707
      vertex 21.9416 3.10112 6.97255
      vertex 23.2159 3.03852 6.79041
    endloop
  endfacet
  facet normal -0.168872 -0.471949 -0.865301
    outer loop
      vertex 18.5549 7.7132 3
      vertex 20.093 10.4302 1.21793
      vertex 19.2941 7.4487 3
    endloop
  endfacet
  facet normal -0.168872 -0.471949 -0.865301
    outer loop
      vertex 20.093 10.4302 1.21793
      vertex 18.5549 7.7132 3
      vertex 19.3538 10.6947 1.21793
    endloop
  endfacet
  facet normal 0 -0.258819 -0.965926
    outer loop
      vertex 24 9.87707 1.21793
      vertex 76 13.9116 0.136883
      vertex 76 9.87707 1.21793
    endloop
  endfacet
  facet normal -0 -0.258819 -0.965926
    outer loop
      vertex 76 13.9116 0.136883
      vertex 24 9.87707 1.21793
      vertex 24 13.9116 0.136883
    endloop
  endfacet
  facet normal 0.121489 -0.485063 -0.865999
    outer loop
      vertex 79.9443 7.25795 3
      vertex 79.907 10.4302 1.21793
      vertex 80.7059 7.4487 3
    endloop
  endfacet
  facet normal 0.12152 -0.48506 -0.865996
    outer loop
      vertex 79.907 10.4302 1.21793
      vertex 79.9443 7.25795 3
      vertex 79.1454 10.2394 1.21793
    endloop
  endfacet
  facet normal -0.258663 0.0340673 -0.965367
    outer loop
      vertex 13.9501 36.7841 0.136883
      vertex 10.1242 38.3689 1.21793
      vertex 14.0213 37.3247 0.136883
    endloop
  endfacet
  facet normal -0.464914 0.192578 -0.864158
    outer loop
      vertex 10.6947 40.6462 1.21793
      vertex 7.7132 41.4451 3
      vertex 8.54351 43.4496 3
    endloop
  endfacet
  facet normal 0.158833 0.206984 -0.965365
    outer loop
      vertex 85.4047 46.5136 1.21793
      vertex 82.5519 43.6608 0.136883
      vertex 84.1366 47.4867 1.21793
    endloop
  endfacet
  facet normal -0.0628809 -0.251095 -0.965918
    outer loop
      vertex 20.8545 10.2394 1.21793
      vertex 21.1372 14.3272 0.136883
      vertex 21.8987 14.1365 0.136883
    endloop
  endfacet
  facet normal -0.0629132 -0.251092 -0.965916
    outer loop
      vertex 21.1372 14.3272 0.136883
      vertex 20.8545 10.2394 1.21793
      vertex 20.093 10.4302 1.21793
    endloop
  endfacet
  facet normal -0.403581 -0.299326 -0.864596
    outer loop
      vertex 9.84018 14.3201 3
      vertex 12.0456 16.494 1.21793
      vertex 12.5133 15.8634 1.21793
    endloop
  endfacet
  facet normal -0.403566 -0.299343 -0.864597
    outer loop
      vertex 12.0456 16.494 1.21793
      vertex 9.84018 14.3201 3
      vertex 9.37251 14.9506 3
    endloop
  endfacet
  facet normal -0.783534 -0.370576 -0.498746
    outer loop
      vertex 5.47964 14.1007 6.83879
      vertex 3.80731 13.5475 9.87707
      vertex 5.32645 14.4246 6.83879
    endloop
  endfacet
  facet normal -0.783535 -0.370575 -0.498746
    outer loop
      vertex 5.69835 13.7358 6.76632
      vertex 3.80731 13.5475 9.87707
      vertex 5.47964 14.1007 6.83879
    endloop
  endfacet
  facet normal -0.783529 -0.370589 -0.498744
    outer loop
      vertex 3.80731 13.5475 9.87707
      vertex 5.69835 13.7358 6.76632
      vertex 4.14298 12.8378 9.87707
    endloop
  endfacet
  facet normal -0.241047 0.0998335 -0.965365
    outer loop
      vertex 14.5917 39.602 0.136883
      vertex 10.6947 40.6462 1.21793
      vertex 11.3063 42.1229 1.21793
    endloop
  endfacet
  facet normal -0.955889 0.141799 -0.257235
    outer loop
      vertex 1.87533 41.3866 9.87707
      vertex 0.715919 40.8898 13.9116
      vertex 0.831122 41.6664 13.9116
    endloop
  endfacet
  facet normal -0.955889 0.141796 -0.257235
    outer loop
      vertex 0.715919 40.8898 13.9116
      vertex 1.87533 41.3866 9.87707
      vertex 1.76013 40.61 9.87707
    endloop
  endfacet
  facet normal -0.873384 0.413076 -0.258009
    outer loop
      vertex 4.14298 47.1622 9.87707
      vertex 2.8711 46.993 13.9116
      vertex 3.20676 47.7027 13.9116
    endloop
  endfacet
  facet normal -0.87338 0.413086 -0.258008
    outer loop
      vertex 2.8711 46.993 13.9116
      vertex 4.14298 47.1622 9.87707
      vertex 3.80731 46.4525 9.87707
    endloop
  endfacet
  facet normal -0.909661 0.325494 -0.25801
    outer loop
      vertex 2.33058 42.8873 9.87707
      vertex 1.02187 42.4279 13.9116
      vertex 1.28637 43.1671 13.9116
    endloop
  endfacet
  facet normal -0.909661 0.325494 -0.25801
    outer loop
      vertex 1.02187 42.4279 13.9116
      vertex 2.33058 42.8873 9.87707
      vertex 2.06608 42.1481 9.87707
    endloop
  endfacet
  facet normal -0.715751 0.648741 -0.258524
    outer loop
      vertex 7.52512 52.4749 11.8062
      vertex 6.59898 52.2921 13.9116
      vertex 7.12622 52.8738 13.9116
    endloop
  endfacet
  facet normal -0.715768 0.648719 -0.258533
    outer loop
      vertex 7.29446 52.2204 11.8062
      vertex 6.59898 52.2921 13.9116
      vertex 7.52512 52.4749 11.8062
    endloop
  endfacet
  facet normal -0.715789 0.648694 -0.258539
    outer loop
      vertex 7.08986 51.9445 11.6804
      vertex 6.59898 52.2921 13.9116
      vertex 7.29446 52.2204 11.8062
    endloop
  endfacet
  facet normal -0.715809 0.648672 -0.25854
    outer loop
      vertex 6.59898 52.2921 13.9116
      vertex 7.08986 51.9445 11.6804
      vertex 7.03615 51.8549 11.6043
    endloop
  endfacet
  facet normal -0.126129 0.958213 -0.256748
    outer loop
      vertex 19.39 58.2399 9.87707
      vertex 19.1102 59.2841 13.9116
      vertex 23.2159 58.7435 9.87707
    endloop
  endfacet
  facet normal -0.243015 0.970023 0
    outer loop
      vertex 18.3336 59.1689 13.9116
      vertex 17.572 58.9781 33.0884
      vertex 18.3336 59.1689 33.0884
    endloop
  endfacet
  facet normal -0.243015 0.970023 0
    outer loop
      vertex 17.572 58.9781 33.0884
      vertex 18.3336 59.1689 13.9116
      vertex 17.572 58.9781 13.9116
    endloop
  endfacet
  facet normal -0.210491 0.840089 0.499943
    outer loop
      vertex 18.6134 58.1247 37.1229
      vertex 18.3167 56.1991 40.2337
      vertex 19.0782 56.3899 40.2337
    endloop
  endfacet
  facet normal -0.210465 0.840093 0.499948
    outer loop
      vertex 18.3167 56.1991 40.2337
      vertex 18.6134 58.1247 37.1229
      vertex 17.8518 57.9339 37.1229
    endloop
  endfacet
  facet normal -0.0473747 0.964844 -0.258517
    outer loop
      vertex 24 58.7821 9.87707
      vertex 23.2159 59.8246 13.9116
      vertex 24 59.8631 13.9116
    endloop
  endfacet
  facet normal -0.0474972 0.964833 -0.258538
    outer loop
      vertex 23.2159 59.8246 13.9116
      vertex 24 58.7821 9.87707
      vertex 23.2159 58.7435 9.87707
    endloop
  endfacet
  facet normal -0.370784 0.336108 -0.865766
    outer loop
      vertex 12.2204 47.2945 2.49374
      vertex 14.0136 45.9864 1.21793
      vertex 13.4863 45.4047 1.21793
    endloop
  endfacet
  facet normal -0.370766 0.336132 -0.865765
    outer loop
      vertex 14.0136 45.9864 1.21793
      vertex 12.2204 47.2945 2.49374
      vertex 12.4749 47.5251 2.47428
    endloop
  endfacet
  facet normal -0.370783 0.336109 -0.865766
    outer loop
      vertex 13.4863 45.4047 1.21793
      vertex 11.9445 47.0899 2.53247
      vertex 12.2204 47.2945 2.49374
    endloop
  endfacet
  facet normal -0.371046 0.335857 -0.865751
    outer loop
      vertex 11.9445 47.0899 2.53247
      vertex 13.4863 45.4047 1.21793
      vertex 11.8549 47.0361 2.55
    endloop
  endfacet
  facet normal 0.25867 0.0340476 -0.965365
    outer loop
      vertex 90.0844 36.7841 1.21793
      vertex 86.0499 36.7841 0.136883
      vertex 89.8758 38.3689 1.21793
    endloop
  endfacet
  facet normal 0.0424849 0.865256 0.499526
    outer loop
      vertex 76.7841 58.7435 37.1229
      vertex 76 57 40.2096
      vertex 76.7841 56.9615 40.2096
    endloop
  endfacet
  facet normal 0.0425944 0.86524 0.499545
    outer loop
      vertex 76 57 40.2096
      vertex 76.7841 58.7435 37.1229
      vertex 76 58.7821 37.1229
    endloop
  endfacet
  facet normal 0.243045 0.970015 -0
    outer loop
      vertex 82.4279 58.9781 13.9116
      vertex 81.6664 59.1689 33.0884
      vertex 82.4279 58.9781 33.0884
    endloop
  endfacet
  facet normal 0.243045 0.970015 0
    outer loop
      vertex 81.6664 59.1689 33.0884
      vertex 82.4279 58.9781 13.9116
      vertex 81.6664 59.1689 13.9116
    endloop
  endfacet
  facet normal 0.141796 0.955889 0.257235
    outer loop
      vertex 80.8898 59.2841 33.0884
      vertex 81.3866 58.1247 37.1229
      vertex 81.6664 59.1689 33.0884
    endloop
  endfacet
  facet normal 0.141796 0.955889 0.257235
    outer loop
      vertex 81.3866 58.1247 37.1229
      vertex 80.8898 59.2841 33.0884
      vertex 80.61 58.2399 37.1229
    endloop
  endfacet
  facet normal 0.126129 0.958212 0.25675
    outer loop
      vertex 80.8898 59.2841 33.0884
      vertex 76.7841 58.7435 37.1229
      vertex 80.61 58.2399 37.1229
    endloop
  endfacet
  facet normal 0.742847 0.445223 -0.499955
    outer loop
      vertex 95.857 47.1622 9.87707
      vertex 93.898 46.9376 6.76632
      vertex 95.4534 47.8356 9.87707
    endloop
  endfacet
  facet normal 0.742847 0.445223 -0.499955
    outer loop
      vertex 93.898 46.9376 6.76632
      vertex 95.857 47.1622 9.87707
      vertex 94.3016 46.2642 6.76632
    endloop
  endfacet
  facet normal 0.740965 0.671543 0
    outer loop
      vertex 93.401 52.2921 33.0884
      vertex 92.8738 52.8738 13.9116
      vertex 92.8738 52.8738 33.0884
    endloop
  endfacet
  facet normal 0.740965 0.671543 0
    outer loop
      vertex 92.8738 52.8738 13.9116
      vertex 93.401 52.2921 33.0884
      vertex 93.401 52.2921 13.9116
    endloop
  endfacet
  facet normal 0.127283 0.858057 0.497531
    outer loop
      vertex 80.61 58.2399 37.1229
      vertex 80.9218 56.3899 40.2337
      vertex 81.3866 58.1247 37.1229
    endloop
  endfacet
  facet normal 0.127238 0.85806 0.497537
    outer loop
      vertex 80.9218 56.3899 40.2337
      vertex 80.61 58.2399 37.1229
      vertex 80.1651 56.5794 40.1004
    endloop
  endfacet
  facet normal 0.766768 0.588344 0.256747
    outer loop
      vertex 95.9219 49.0067 33.0884
      vertex 93.401 52.2921 33.0884
      vertex 94.9857 48.4662 37.1229
    endloop
  endfacet
  facet normal 0.776171 0.575666 0.257231
    outer loop
      vertex 94.9857 48.4662 37.1229
      vertex 96.3896 48.3761 33.0884
      vertex 95.9219 49.0067 33.0884
    endloop
  endfacet
  facet normal 0.776171 0.575666 0.257231
    outer loop
      vertex 96.3896 48.3761 33.0884
      vertex 94.9857 48.4662 37.1229
      vertex 95.4534 47.8356 37.1229
    endloop
  endfacet
  facet normal 0.648712 0.715774 0.258535
    outer loop
      vertex 92.2921 53.401 33.0884
      vertex 92.4749 52.4749 35.1937
      vertex 92.8738 52.8738 33.0884
    endloop
  endfacet
  facet normal 0.648619 0.715844 0.258574
    outer loop
      vertex 92.4749 52.4749 35.1937
      vertex 92.2921 53.401 33.0884
      vertex 92.2204 52.7055 35.1937
    endloop
  endfacet
  facet normal 0.648696 0.715781 0.258556
    outer loop
      vertex 92.2204 52.7055 35.1937
      vertex 92.2921 53.401 33.0884
      vertex 91.9445 52.9101 35.3195
    endloop
  endfacet
  facet normal 0.648811 0.715678 0.258551
    outer loop
      vertex 91.9445 52.9101 35.3195
      vertex 92.2921 53.401 33.0884
      vertex 91.8549 52.9638 35.3957
    endloop
  endfacet
  facet normal 0.13052 0.991446 -0
    outer loop
      vertex 80.8898 59.2841 13.9116
      vertex 76.7841 59.8246 33.0884
      vertex 80.8898 59.2841 33.0884
    endloop
  endfacet
  facet normal 0.13052 0.991446 0
    outer loop
      vertex 76.7841 59.8246 33.0884
      vertex 80.8898 59.2841 13.9116
      vertex 76.7841 59.8246 13.9116
    endloop
  endfacet
  facet normal 0.332111 0.801815 -0.496785
    outer loop
      vertex 83.0697 55.7473 6.89672
      vertex 82.8873 57.6694 9.87707
      vertex 86.4525 56.1927 9.87707
    endloop
  endfacet
  facet normal 0.332113 0.801814 -0.496784
    outer loop
      vertex 82.8873 57.6694 9.87707
      vertex 83.0697 55.7473 6.89672
      vertex 82.4333 55.975 6.83878
    endloop
  endfacet
  facet normal 0.528269 0.688555 -0.496814
    outer loop
      vertex 88.984 53.3493 8.1597
      vertex 88.4662 54.9857 9.87707
      vertex 89.129 53.3856 8.36419
    endloop
  endfacet
  facet normal 0.528337 0.688533 -0.496773
    outer loop
      vertex 88.6606 53.2336 7.65539
      vertex 88.4662 54.9857 9.87707
      vertex 88.984 53.3493 8.1597
    endloop
  endfacet
  facet normal 0.528394 0.688429 -0.496855
    outer loop
      vertex 87.667 53.4609 6.91366
      vertex 88.6606 53.2336 7.65539
      vertex 88.3501 53.0867 7.12164
    endloop
  endfacet
  facet normal 0.528407 0.688562 -0.496658
    outer loop
      vertex 87.667 53.4609 6.91366
      vertex 88.3501 53.0867 7.12164
      vertex 88.2513 53.0275 6.93445
    endloop
  endfacet
  facet normal 0.528091 0.689103 -0.496242
    outer loop
      vertex 87.6067 53.497 6.89962
      vertex 88.6606 53.2336 7.65539
      vertex 87.667 53.4609 6.91366
    endloop
  endfacet
  facet normal 0.528331 0.688535 -0.496775
    outer loop
      vertex 88.6606 53.2336 7.65539
      vertex 87.6067 53.497 6.89962
      vertex 88.4662 54.9857 9.87707
    endloop
  endfacet
  facet normal 0.382675 0.923883 -0
    outer loop
      vertex 86.993 57.1289 13.9116
      vertex 83.1671 58.7136 33.0884
      vertex 86.993 57.1289 33.0884
    endloop
  endfacet
  facet normal 0.382675 0.923883 0
    outer loop
      vertex 83.1671 58.7136 33.0884
      vertex 86.993 57.1289 13.9116
      vertex 83.1671 58.7136 13.9116
    endloop
  endfacet
  facet normal 0.325495 0.909662 -0.258008
    outer loop
      vertex 82.8873 57.6694 9.87707
      vertex 82.4279 58.9781 13.9116
      vertex 83.1671 58.7136 13.9116
    endloop
  endfacet
  facet normal 0.325495 0.909662 -0.258008
    outer loop
      vertex 82.4279 58.9781 13.9116
      vertex 82.8873 57.6694 9.87707
      vertex 82.1481 57.9339 9.87707
    endloop
  endfacet
  facet normal 0.588344 0.766768 0.256747
    outer loop
      vertex 89.0067 55.9219 33.0884
      vertex 88.4662 54.9857 37.1229
      vertex 92.2921 53.401 33.0884
    endloop
  endfacet
  facet normal 0.336901 0.94154 -0
    outer loop
      vertex 83.1671 58.7136 13.9116
      vertex 82.4279 58.9781 33.0884
      vertex 83.1671 58.7136 33.0884
    endloop
  endfacet
  facet normal 0.336901 0.94154 0
    outer loop
      vertex 82.4279 58.9781 33.0884
      vertex 83.1671 58.7136 13.9116
      vertex 82.4279 58.9781 13.9116
    endloop
  endfacet
  facet normal 0.671543 0.740965 -0
    outer loop
      vertex 92.8738 52.8738 13.9116
      vertex 92.2921 53.401 33.0884
      vertex 92.8738 52.8738 33.0884
    endloop
  endfacet
  facet normal 0.671543 0.740965 0
    outer loop
      vertex 92.2921 53.401 33.0884
      vertex 92.8738 52.8738 13.9116
      vertex 92.2921 53.401 13.9116
    endloop
  endfacet
  facet normal -0.840101 -0.21045 0.499941
    outer loop
      vertex 1.87533 18.6134 37.1229
      vertex 3.80088 18.3167 40.2337
      vertex 3.61012 19.0782 40.2337
    endloop
  endfacet
  facet normal -0.840106 -0.210413 0.499948
    outer loop
      vertex 3.80088 18.3167 40.2337
      vertex 1.87533 18.6134 37.1229
      vertex 2.06608 17.8518 37.1229
    endloop
  endfacet
  facet normal -0.86603 0 0.499992
    outer loop
      vertex 1.21793 24 37.1229
      vertex 3 36 40.2096
      vertex 1.21793 36 37.1229
    endloop
  endfacet
  facet normal -0.86603 0 0.499992
    outer loop
      vertex 3 36 40.2096
      vertex 1.21793 24 37.1229
      vertex 3 24 40.2096
    endloop
  endfacet
  facet normal -0.998796 -0.0490583 0
    outer loop
      vertex 0.175396 23.2159 13.9116
      vertex 0.136883 24 33.0884
      vertex 0.136883 24 13.9116
    endloop
  endfacet
  facet normal -0.998796 -0.0490583 0
    outer loop
      vertex 0.136883 24 33.0884
      vertex 0.175396 23.2159 13.9116
      vertex 0.175396 23.2159 33.0884
    endloop
  endfacet
  facet normal -0.955889 -0.141796 -0.257235
    outer loop
      vertex 1.87533 18.6134 9.87707
      vertex 0.715919 19.1102 13.9116
      vertex 1.76013 19.39 9.87707
    endloop
  endfacet
  facet normal -0.955889 -0.141799 -0.257235
    outer loop
      vertex 0.715919 19.1102 13.9116
      vertex 1.87533 18.6134 9.87707
      vertex 0.831122 18.3336 13.9116
    endloop
  endfacet
  facet normal -0.858055 -0.127277 -0.497536
    outer loop
      vertex 3.61012 19.0782 6.76632
      vertex 1.76013 19.39 9.87707
      vertex 3.42059 19.8349 6.89961
    endloop
  endfacet
  facet normal -0.858055 -0.127283 -0.497535
    outer loop
      vertex 1.76013 19.39 9.87707
      vertex 3.61012 19.0782 6.76632
      vertex 1.87533 18.6134 9.87707
    endloop
  endfacet
  facet normal -0.38269 -0.923877 0
    outer loop
      vertex 13.007 2.8711 13.9116
      vertex 16.8328 1.28637 33.0884
      vertex 13.007 2.8711 33.0884
    endloop
  endfacet
  facet normal -0.38269 -0.923877 -0
    outer loop
      vertex 16.8328 1.28637 33.0884
      vertex 13.007 2.8711 13.9116
      vertex 16.8328 1.28637 13.9116
    endloop
  endfacet
  facet normal -0.325494 -0.909661 -0.25801
    outer loop
      vertex 17.1126 2.33058 9.87707
      vertex 17.572 1.02187 13.9116
      vertex 16.8328 1.28637 13.9116
    endloop
  endfacet
  facet normal -0.325494 -0.909661 -0.25801
    outer loop
      vertex 17.572 1.02187 13.9116
      vertex 17.1126 2.33058 9.87707
      vertex 17.8518 2.06608 9.87707
    endloop
  endfacet
  facet normal -0.369858 -0.892907 0.256753
    outer loop
      vertex 17.1126 2.33058 37.1229
      vertex 13.5475 3.80731 37.1229
      vertex 16.8328 1.28637 33.0884
    endloop
  endfacet
  facet normal -0.49658 -0.828515 0.258787
    outer loop
      vertex 12.2973 3.20676 33.0884
      vertex 12.1644 4.54659 37.1229
      vertex 11.6239 3.61037 33.0884
    endloop
  endfacet
  facet normal -0.49658 -0.828515 0.258787
    outer loop
      vertex 12.1644 4.54659 37.1229
      vertex 12.2973 3.20676 33.0884
      vertex 12.8378 4.14298 37.1229
    endloop
  endfacet
  facet normal -0.575642 -0.776188 0.257234
    outer loop
      vertex 11.6239 3.61037 33.0884
      vertex 11.5338 5.01425 37.1229
      vertex 10.9933 4.07804 33.0884
    endloop
  endfacet
  facet normal -0.575634 -0.776193 0.257236
    outer loop
      vertex 11.5338 5.01425 37.1229
      vertex 11.6239 3.61037 33.0884
      vertex 12.1644 4.54659 37.1229
    endloop
  endfacet
  facet normal 0.0245494 -0.499849 -0.865765
    outer loop
      vertex 76 9.87707 1.21793
      vertex 76.7841 6.82894 3
      vertex 76 6.79043 3
    endloop
  endfacet
  facet normal 0.0245494 -0.499849 -0.865765
    outer loop
      vertex 76.7841 6.82894 3
      vertex 76 9.87707 1.21793
      vertex 76.7841 9.91558 1.21793
    endloop
  endfacet
  facet normal -0.688534 -0.52832 -0.496788
    outer loop
      vertex 6.56725 10.6828 8.62967
      vertex 5.01425 11.5338 9.87707
      vertex 6.61439 10.871 8.36419
    endloop
  endfacet
  facet normal -0.688527 -0.528373 -0.496742
    outer loop
      vertex 6.51685 10.3431 9.06086
      vertex 5.01425 11.5338 9.87707
      vertex 6.56725 10.6828 8.62967
    endloop
  endfacet
  facet normal -0.688519 -0.528311 -0.496819
    outer loop
      vertex 6.5 10 9.44906
      vertex 5.01425 11.5338 9.87707
      vertex 6.51685 10.3431 9.06086
    endloop
  endfacet
  facet normal -0.688529 -0.52833 -0.496785
    outer loop
      vertex 6.51685 9.65694 9.79055
      vertex 5.01425 11.5338 9.87707
      vertex 6.5 10 9.44906
    endloop
  endfacet
  facet normal -0.688529 -0.528331 -0.496784
    outer loop
      vertex 5.01425 11.5338 9.87707
      vertex 6.51685 9.65694 9.79055
      vertex 6.53181 9.55609 9.87707
    endloop
  endfacet
  facet normal -0.766756 -0.588356 -0.256754
    outer loop
      vertex 6.56725 9.31718 10.3187
      vertex 5.01425 11.5338 9.87707
      vertex 6.53181 9.55609 9.87707
    endloop
  endfacet
  facet normal -0.766764 -0.588357 -0.256727
    outer loop
      vertex 6.65071 8.984 10.833
      vertex 5.01425 11.5338 9.87707
      vertex 6.56725 9.31718 10.3187
    endloop
  endfacet
  facet normal -0.76675 -0.588361 -0.256762
    outer loop
      vertex 6.76642 8.66061 11.2285
      vertex 5.01425 11.5338 9.87707
      vertex 6.65071 8.984 10.833
    endloop
  endfacet
  facet normal -0.766799 -0.588306 -0.25674
    outer loop
      vertex 6.59898 7.70793 13.9116
      vertex 6.76642 8.66061 11.2285
      vertex 6.91327 8.35011 11.5014
    endloop
  endfacet
  facet normal -0.766752 -0.58836 -0.256757
    outer loop
      vertex 6.76642 8.66061 11.2285
      vertex 6.59898 7.70793 13.9116
      vertex 5.01425 11.5338 9.87707
    endloop
  endfacet
  facet normal -0.766775 -0.588335 -0.256745
    outer loop
      vertex 6.59898 7.70793 13.9116
      vertex 6.91327 8.35011 11.5014
      vertex 7.03615 8.1451 11.6042
    endloop
  endfacet
  facet normal 0.113285 -0.860451 -0.49678
    outer loop
      vertex 76.7841 1.25644 9.87707
      vertex 76.7841 3.03852 6.79041
      vertex 78.0583 3.10112 6.97255
    endloop
  endfacet
  facet normal 0.113275 -0.86045 -0.496784
    outer loop
      vertex 76.7841 1.25644 9.87707
      vertex 78.0583 3.10112 6.97255
      vertex 79.4589 3.30887 6.93208
    endloop
  endfacet
  facet normal 0.292009 -0.81608 -0.498742
    outer loop
      vertex 82.1481 2.06608 9.87707
      vertex 82.4333 4.02496 6.83878
      vertex 82.8873 2.33058 9.87707
    endloop
  endfacet
  facet normal 0.292049 -0.816072 -0.498733
    outer loop
      vertex 82.1481 2.06608 9.87707
      vertex 82.096 3.90425 6.83878
      vertex 82.4333 4.02496 6.83878
    endloop
  endfacet
  facet normal 0.291987 -0.816089 -0.498742
    outer loop
      vertex 82.096 3.90425 6.83878
      vertex 82.1481 2.06608 9.87707
      vertex 81.6833 3.80088 6.76631
    endloop
  endfacet
  facet normal 0.0998335 -0.241047 -0.965365
    outer loop
      vertex 80.6462 10.6947 1.21793
      vertex 79.602 14.5917 0.136883
      vertex 82.1229 11.3063 1.21793
    endloop
  endfacet
  facet normal 0.0127105 -0.258798 -0.965848
    outer loop
      vertex 76 13.9116 0.136883
      vertex 76.7841 9.91558 1.21793
      vertex 76 9.87707 1.21793
    endloop
  endfacet
  facet normal 0.0127072 -0.258798 -0.965848
    outer loop
      vertex 76.7841 9.91558 1.21793
      vertex 76 13.9116 0.136883
      vertex 76.7841 13.9501 0.136883
    endloop
  endfacet
  facet normal 0.0340507 -0.258669 -0.965366
    outer loop
      vertex 78.3689 10.1242 1.21793
      vertex 76.7841 9.91558 1.21793
      vertex 76.7841 13.9501 0.136883
    endloop
  endfacet
  facet normal 0.528411 0.688521 0.496709
    outer loop
      vertex 89.3172 53.4327 38.3703
      vertex 88.4662 54.9857 37.1229
      vertex 89.129 53.3856 38.6358
    endloop
  endfacet
  facet normal 0.52838 0.688526 0.496736
    outer loop
      vertex 89.6569 53.4831 37.9391
      vertex 88.4662 54.9857 37.1229
      vertex 89.3172 53.4327 38.3703
    endloop
  endfacet
  facet normal 0.528271 0.688512 0.496871
    outer loop
      vertex 90 53.5 37.5509
      vertex 88.4662 54.9857 37.1229
      vertex 89.6569 53.4831 37.9391
    endloop
  endfacet
  facet normal 0.528343 0.688549 0.496743
    outer loop
      vertex 90.3431 53.4831 37.2094
      vertex 88.4662 54.9857 37.1229
      vertex 90 53.5 37.5509
    endloop
  endfacet
  facet normal 0.528248 0.688445 0.496989
    outer loop
      vertex 88.4662 54.9857 37.1229
      vertex 90.3431 53.4831 37.2094
      vertex 90.4439 53.4682 37.1229
    endloop
  endfacet
  facet normal -0.958209 0.12615 0.256752
    outer loop
      vertex 0.715919 40.8898 33.0884
      vertex 0.175396 36.7841 33.0884
      vertex 1.25644 36.7841 37.1229
    endloop
  endfacet
  facet normal -0.936986 0.234705 0.258788
    outer loop
      vertex 0.831122 41.6664 33.0884
      vertex 2.06608 42.1481 37.1229
      vertex 1.02187 42.4279 33.0884
    endloop
  endfacet
  facet normal -0.936985 0.234708 0.258788
    outer loop
      vertex 2.06608 42.1481 37.1229
      vertex 0.831122 41.6664 33.0884
      vertex 1.87533 41.3866 37.1229
    endloop
  endfacet
  facet normal -0.989176 0.146737 0
    outer loop
      vertex 0.715919 40.8898 13.9116
      vertex 0.831122 41.6664 33.0884
      vertex 0.831122 41.6664 13.9116
    endloop
  endfacet
  facet normal -0.989176 0.146737 0
    outer loop
      vertex 0.831122 41.6664 33.0884
      vertex 0.715919 40.8898 13.9116
      vertex 0.715919 40.8898 33.0884
    endloop
  endfacet
  facet normal -0.801811 0.332125 0.496781
    outer loop
      vertex 3.80731 46.4525 37.1229
      vertex 4.59853 44.0363 40.0153
      vertex 5.32645 45.5754 40.1612
    endloop
  endfacet
  facet normal -0.801807 0.332131 0.496785
    outer loop
      vertex 4.59853 44.0363 40.0153
      vertex 3.80731 46.4525 37.1229
      vertex 4.25266 43.0697 40.1033
    endloop
  endfacet
  facet normal -0.828515 0.49658 0.258787
    outer loop
      vertex 3.20676 47.7027 33.0884
      vertex 4.54659 47.8356 37.1229
      vertex 3.61037 48.3761 33.0884
    endloop
  endfacet
  facet normal -0.828515 0.49658 0.258787
    outer loop
      vertex 4.54659 47.8356 37.1229
      vertex 3.20676 47.7027 33.0884
      vertex 4.14298 47.1622 37.1229
    endloop
  endfacet
  facet normal -0.865248 -0.0424955 0.499541
    outer loop
      vertex 1.25644 23.2159 37.1229
      vertex 3 24 40.2096
      vertex 1.21793 24 37.1229
    endloop
  endfacet
  facet normal -0.865246 -0.0425064 0.499542
    outer loop
      vertex 3 24 40.2096
      vertex 1.25644 23.2159 37.1229
      vertex 3.03852 23.2159 40.2096
    endloop
  endfacet
  facet normal -0.892911 0.36985 0.256753
    outer loop
      vertex 3.80731 46.4525 37.1229
      vertex 1.28637 43.1671 33.0884
      vertex 2.33058 42.8873 37.1229
    endloop
  endfacet
  facet normal -0.909661 0.325494 0.258012
    outer loop
      vertex 1.02187 42.4279 33.0884
      vertex 2.33058 42.8873 37.1229
      vertex 1.28637 43.1671 33.0884
    endloop
  endfacet
  facet normal -0.909661 0.325494 0.258012
    outer loop
      vertex 2.33058 42.8873 37.1229
      vertex 1.02187 42.4279 33.0884
      vertex 2.06608 42.1481 37.1229
    endloop
  endfacet
  facet normal -0.113258 0.860466 0.49676
    outer loop
      vertex 23.2159 56.9615 40.2096
      vertex 23.2159 58.7435 37.1229
      vertex 21.9416 56.8989 40.0275
    endloop
  endfacet
  facet normal -0.113344 0.860474 0.496728
    outer loop
      vertex 20.5411 56.6911 40.0679
      vertex 21.9416 56.8989 40.0275
      vertex 23.2159 58.7435 37.1229
    endloop
  endfacet
  facet normal -0.0424843 0.865244 0.499547
    outer loop
      vertex 24 58.7821 37.1229
      vertex 23.2159 56.9615 40.2096
      vertex 24 57 40.2096
    endloop
  endfacet
  facet normal -0.042595 0.865252 0.499524
    outer loop
      vertex 23.2159 56.9615 40.2096
      vertex 24 58.7821 37.1229
      vertex 23.2159 58.7435 37.1229
    endloop
  endfacet
  facet normal -0.370593 0.78352 0.498756
    outer loop
      vertex 14.4246 54.6735 40.1612
      vertex 13.5475 56.1927 37.1229
      vertex 14.1007 54.5203 40.1612
    endloop
  endfacet
  facet normal -0.37052 0.783552 0.49876
    outer loop
      vertex 13.5475 56.1927 37.1229
      vertex 13.7358 54.3016 40.2337
      vertex 14.1007 54.5203 40.1612
    endloop
  endfacet
  facet normal -0.370616 0.783516 0.498744
    outer loop
      vertex 13.7358 54.3016 40.2337
      vertex 13.5475 56.1927 37.1229
      vertex 12.8378 55.857 37.1229
    endloop
  endfacet
  facet normal -0.74094 0.671571 0
    outer loop
      vertex 6.59898 52.2921 13.9116
      vertex 7.12622 52.8738 33.0884
      vertex 7.12622 52.8738 13.9116
    endloop
  endfacet
  facet normal -0.74094 0.671571 0
    outer loop
      vertex 7.12622 52.8738 33.0884
      vertex 6.59898 52.2921 13.9116
      vertex 6.59898 52.2921 33.0884
    endloop
  endfacet
  facet normal -0.382684 0.923879 0
    outer loop
      vertex 16.8328 58.7136 13.9116
      vertex 13.007 57.1289 33.0884
      vertex 16.8328 58.7136 33.0884
    endloop
  endfacet
  facet normal -0.382684 0.923879 0
    outer loop
      vertex 13.007 57.1289 33.0884
      vertex 16.8328 58.7136 13.9116
      vertex 13.007 57.1289 13.9116
    endloop
  endfacet
  facet normal -0.113267 0.860461 -0.496767
    outer loop
      vertex 23.2159 58.7435 9.87707
      vertex 23.2159 56.9615 6.79043
      vertex 21.9416 56.8989 6.97255
    endloop
  endfacet
  facet normal -0.113318 0.860465 -0.496748
    outer loop
      vertex 23.2159 58.7435 9.87707
      vertex 21.9416 56.8989 6.97255
      vertex 20.5411 56.6911 6.93208
    endloop
  endfacet
  facet normal 0.336901 -0.94154 0
    outer loop
      vertex 82.4279 1.02187 13.9116
      vertex 83.1671 1.28637 33.0884
      vertex 82.4279 1.02187 33.0884
    endloop
  endfacet
  facet normal 0.336901 -0.94154 0
    outer loop
      vertex 83.1671 1.28637 33.0884
      vertex 82.4279 1.02187 13.9116
      vertex 83.1671 1.28637 13.9116
    endloop
  endfacet
  facet normal 0.0425065 -0.865247 0.49954
    outer loop
      vertex 76 1.21793 37.1229
      vertex 76.7841 3.03852 40.2096
      vertex 76 3 40.2096
    endloop
  endfacet
  facet normal 0.0424954 -0.865246 0.499543
    outer loop
      vertex 76.7841 3.03852 40.2096
      vertex 76 1.21793 37.1229
      vertex 76.7841 1.25644 37.1229
    endloop
  endfacet
  facet normal 0.242983 -0.970031 0
    outer loop
      vertex 81.6664 0.831122 13.9116
      vertex 82.4279 1.02187 33.0884
      vertex 81.6664 0.831122 33.0884
    endloop
  endfacet
  facet normal 0.242983 -0.970031 0
    outer loop
      vertex 82.4279 1.02187 33.0884
      vertex 81.6664 0.831122 13.9116
      vertex 82.4279 1.02187 13.9116
    endloop
  endfacet
  facet normal 0.49658 -0.828516 -0.258785
    outer loop
      vertex 87.8356 4.54659 9.87707
      vertex 87.7027 3.20676 13.9116
      vertex 87.1622 4.14298 9.87707
    endloop
  endfacet
  facet normal 0.49658 -0.828516 -0.258785
    outer loop
      vertex 87.7027 3.20676 13.9116
      vertex 87.8356 4.54659 9.87707
      vertex 88.3761 3.61037 13.9116
    endloop
  endfacet
  facet normal 0.608756 -0.793358 0
    outer loop
      vertex 89.0067 4.07804 13.9116
      vertex 92.2921 6.59898 33.0884
      vertex 89.0067 4.07804 33.0884
    endloop
  endfacet
  facet normal 0.608756 -0.793358 0
    outer loop
      vertex 92.2921 6.59898 33.0884
      vertex 89.0067 4.07804 13.9116
      vertex 92.2921 6.59898 13.9116
    endloop
  endfacet
  facet normal 0.528314 -0.688444 0.496921
    outer loop
      vertex 87.667 6.53912 40.0863
      vertex 88.3501 6.91327 39.8784
      vertex 88.2513 6.9725 40.0655
    endloop
  endfacet
  facet normal 0.528599 -0.687954 0.497295
    outer loop
      vertex 88.6606 6.76642 39.3446
      vertex 87.667 6.53912 40.0863
      vertex 87.6067 6.50298 40.1004
    endloop
  endfacet
  facet normal 0.528325 -0.688564 0.496741
    outer loop
      vertex 87.667 6.53912 40.0863
      vertex 88.6606 6.76642 39.3446
      vertex 88.3501 6.91327 39.8784
    endloop
  endfacet
  facet normal 0.528363 -0.688513 0.496772
    outer loop
      vertex 88.4662 5.01425 37.1229
      vertex 88.6606 6.76642 39.3446
      vertex 87.6067 6.50298 40.1004
    endloop
  endfacet
  facet normal 0.528326 -0.68853 0.496788
    outer loop
      vertex 88.6606 6.76642 39.3446
      vertex 88.4662 5.01425 37.1229
      vertex 88.984 6.65071 38.8403
    endloop
  endfacet
  facet normal 0.52827 -0.688548 0.496823
    outer loop
      vertex 88.984 6.65071 38.8403
      vertex 88.4662 5.01425 37.1229
      vertex 89.129 6.6144 38.6358
    endloop
  endfacet
  facet normal 0.36985 -0.892911 -0.256751
    outer loop
      vertex 83.1671 1.28637 13.9116
      vertex 82.8873 2.33058 9.87707
      vertex 86.4525 3.80731 9.87707
    endloop
  endfacet
  facet normal 0.369853 -0.89291 -0.256748
    outer loop
      vertex 86.993 2.8711 13.9116
      vertex 83.1671 1.28637 13.9116
      vertex 86.4525 3.80731 9.87707
    endloop
  endfacet
  facet normal 0.413086 -0.873379 0.258009
    outer loop
      vertex 86.993 2.8711 33.0884
      vertex 87.1622 4.14298 37.1229
      vertex 86.4525 3.80731 37.1229
    endloop
  endfacet
  facet normal 0.413076 -0.873383 0.258011
    outer loop
      vertex 87.1622 4.14298 37.1229
      vertex 86.993 2.8711 33.0884
      vertex 87.7027 3.20676 33.0884
    endloop
  endfacet
  facet normal 0.206984 -0.158833 -0.965365
    outer loop
      vertex 86.5136 14.5953 1.21793
      vertex 83.6608 17.4481 0.136883
      vertex 87.4867 15.8634 1.21793
    endloop
  endfacet
  facet normal 0.715815 -0.648666 -0.258538
    outer loop
      vertex 93.401 7.70793 13.9116
      vertex 92.9101 8.0555 11.6804
      vertex 92.9638 8.14509 11.6043
    endloop
  endfacet
  facet normal 0.715765 -0.648722 -0.258536
    outer loop
      vertex 93.401 7.70793 13.9116
      vertex 92.7055 7.77962 11.8062
      vertex 92.9101 8.0555 11.6804
    endloop
  endfacet
  facet normal 0.715835 -0.648637 -0.258556
    outer loop
      vertex 93.401 7.70793 13.9116
      vertex 92.4749 7.52513 11.8062
      vertex 92.7055 7.77962 11.8062
    endloop
  endfacet
  facet normal 0.715781 -0.648708 -0.258526
    outer loop
      vertex 92.8738 7.12622 13.9116
      vertex 92.4749 7.52513 11.8062
      vertex 93.401 7.70793 13.9116
    endloop
  endfacet
  facet normal 0.982521 0 -0.186153
    outer loop
      vertex 92.4749 7.52513 11.8062
      vertex 92.8738 7.12622 13.9116
      vertex 92.4749 7.52512 11.8062
    endloop
  endfacet
  facet normal 0.413086 -0.87338 -0.258008
    outer loop
      vertex 87.1622 4.14298 9.87707
      vertex 86.993 2.8711 13.9116
      vertex 86.4525 3.80731 9.87707
    endloop
  endfacet
  facet normal 0.413076 -0.873384 -0.258009
    outer loop
      vertex 86.993 2.8711 13.9116
      vertex 87.1622 4.14298 9.87707
      vertex 87.7027 3.20676 13.9116
    endloop
  endfacet
  facet normal 0.958207 0.126144 -0.256763
    outer loop
      vertex 99.8246 36.7841 13.9116
      vertex 98.7435 36.7841 9.87707
      vertex 99.2841 40.8898 13.9116
    endloop
  endfacet
  facet normal 0.964838 0.0473744 -0.25854
    outer loop
      vertex 99.8631 36 13.9116
      vertex 98.7435 36.7841 9.87707
      vertex 99.8246 36.7841 13.9116
    endloop
  endfacet
  facet normal 0.964839 0.0474975 -0.258516
    outer loop
      vertex 98.7435 36.7841 9.87707
      vertex 99.8631 36 13.9116
      vertex 98.7821 36 9.87707
    endloop
  endfacet
  facet normal 0.989176 0.146733 0
    outer loop
      vertex 99.2841 40.8898 33.0884
      vertex 99.1689 41.6664 13.9116
      vertex 99.1689 41.6664 33.0884
    endloop
  endfacet
  facet normal 0.989176 0.146733 0
    outer loop
      vertex 99.1689 41.6664 13.9116
      vertex 99.2841 40.8898 33.0884
      vertex 99.2841 40.8898 13.9116
    endloop
  endfacet
  facet normal 0.89291 -0.369852 0.256751
    outer loop
      vertex 97.6694 17.1126 37.1229
      vertex 96.1927 13.5475 37.1229
      vertex 98.7136 16.8328 33.0884
    endloop
  endfacet
  facet normal 0.858056 -0.127242 -0.497542
    outer loop
      vertex 98.2399 19.39 9.87707
      vertex 96.3899 19.0782 6.76632
      vertex 96.5794 19.8349 6.89961
    endloop
  endfacet
  facet normal 0.858046 -0.127392 -0.497521
    outer loop
      vertex 96.3899 19.0782 6.76632
      vertex 98.2399 19.39 9.87707
      vertex 98.1246 18.6134 9.87707
    endloop
  endfacet
  facet normal 0.965929 0 -0.258808
    outer loop
      vertex 99.8631 24 13.9116
      vertex 98.7821 36 9.87707
      vertex 99.8631 36 13.9116
    endloop
  endfacet
  facet normal 0.965929 0 -0.258808
    outer loop
      vertex 98.7821 36 9.87707
      vertex 99.8631 24 13.9116
      vertex 98.7821 24 9.87707
    endloop
  endfacet
  facet normal 0.860466 -0.113258 0.49676
    outer loop
      vertex 96.8989 21.9416 40.0275
      vertex 98.7435 23.2159 37.1229
      vertex 96.9615 23.2159 40.2096
    endloop
  endfacet
  facet normal 0.860474 -0.113344 0.496728
    outer loop
      vertex 98.7435 23.2159 37.1229
      vertex 96.8989 21.9416 40.0275
      vertex 96.6911 20.5411 40.0679
    endloop
  endfacet
  facet normal 0.801819 0.332112 0.496778
    outer loop
      vertex 95.7473 43.0697 40.1033
      vertex 97.6694 42.8873 37.1229
      vertex 96.1927 46.4525 37.1229
    endloop
  endfacet
  facet normal 0.801826 0.332086 0.496784
    outer loop
      vertex 97.6694 42.8873 37.1229
      vertex 95.7473 43.0697 40.1033
      vertex 95.975 42.4333 40.1612
    endloop
  endfacet
  facet normal 0.840116 0.210388 0.499942
    outer loop
      vertex 96.1991 41.6833 40.2337
      vertex 98.1246 41.3866 37.1229
      vertex 97.9339 42.1481 37.1229
    endloop
  endfacet
  facet normal 0.840101 0.210494 0.499923
    outer loop
      vertex 98.1246 41.3866 37.1229
      vertex 96.1991 41.6833 40.2337
      vertex 96.3899 40.9218 40.2337
    endloop
  endfacet
  facet normal 0.860488 0.113048 0.496771
    outer loop
      vertex 96.5965 40.0969 40.0863
      vertex 98.2399 40.61 37.1229
      vertex 96.5794 40.1651 40.1004
    endloop
  endfacet
  facet normal 0.860451 0.113257 0.496787
    outer loop
      vertex 96.6911 39.4589 40.0679
      vertex 98.2399 40.61 37.1229
      vertex 96.5965 40.0969 40.0863
    endloop
  endfacet
  facet normal 0.86045 0.11326 0.496787
    outer loop
      vertex 98.2399 40.61 37.1229
      vertex 96.6911 39.4589 40.0679
      vertex 98.7435 36.7841 37.1229
    endloop
  endfacet
  facet normal -0.0490583 -0.998796 0
    outer loop
      vertex 23.2159 0.175396 13.9116
      vertex 24 0.136883 33.0884
      vertex 23.2159 0.175396 33.0884
    endloop
  endfacet
  facet normal -0.0490583 -0.998796 -0
    outer loop
      vertex 24 0.136883 33.0884
      vertex 23.2159 0.175396 13.9116
      vertex 24 0.136883 13.9116
    endloop
  endfacet
  facet normal -0.11326 -0.860456 0.496777
    outer loop
      vertex 23.2159 3.03852 40.2096
      vertex 21.9416 3.10112 40.0275
      vertex 23.2159 1.25644 37.1229
    endloop
  endfacet
  facet normal -0.113311 -0.860461 0.496758
    outer loop
      vertex 20.5411 3.30887 40.0679
      vertex 23.2159 1.25644 37.1229
      vertex 21.9416 3.10112 40.0275
    endloop
  endfacet
  facet normal -0.332125 -0.801812 0.496779
    outer loop
      vertex 17.1126 2.33058 37.1229
      vertex 16.9303 4.25266 40.1033
      vertex 13.5475 3.80731 37.1229
    endloop
  endfacet
  facet normal -0.332085 -0.801823 0.496789
    outer loop
      vertex 16.9303 4.25266 40.1033
      vertex 17.1126 2.33058 37.1229
      vertex 17.5667 4.02496 40.1612
    endloop
  endfacet
  facet normal -0.332143 -0.801803 0.496782
    outer loop
      vertex 14.4246 5.32645 40.1612
      vertex 13.5475 3.80731 37.1229
      vertex 15.9636 4.59853 40.0153
    endloop
  endfacet
  facet normal -0.332104 -0.801834 0.496758
    outer loop
      vertex 16.9303 4.25266 40.1033
      vertex 15.9636 4.59853 40.0153
      vertex 13.5475 3.80731 37.1229
    endloop
  endfacet
  facet normal -0.857734 -0.514093 0
    outer loop
      vertex 3.61037 11.6239 13.9116
      vertex 3.20676 12.2973 33.0884
      vertex 3.20676 12.2973 13.9116
    endloop
  endfacet
  facet normal -0.857734 -0.514093 0
    outer loop
      vertex 3.20676 12.2973 33.0884
      vertex 3.61037 11.6239 13.9116
      vertex 3.61037 11.6239 33.0884
    endloop
  endfacet
  facet normal -0.793355 -0.608759 0
    outer loop
      vertex 6.59898 7.70793 13.9116
      vertex 4.07804 10.9933 33.0884
      vertex 4.07804 10.9933 13.9116
    endloop
  endfacet
  facet normal -0.793355 -0.608759 0
    outer loop
      vertex 4.07804 10.9933 33.0884
      vertex 6.59898 7.70793 13.9116
      vertex 6.59898 7.70793 33.0884
    endloop
  endfacet
  facet normal -0.776193 -0.575634 0.257236
    outer loop
      vertex 3.61037 11.6239 33.0884
      vertex 5.01425 11.5338 37.1229
      vertex 4.54659 12.1644 37.1229
    endloop
  endfacet
  facet normal -0.776188 -0.575642 0.257234
    outer loop
      vertex 5.01425 11.5338 37.1229
      vertex 3.61037 11.6239 33.0884
      vertex 4.07804 10.9933 33.0884
    endloop
  endfacet
  facet normal -0.76676 -0.588353 0.256749
    outer loop
      vertex 5.01425 11.5338 37.1229
      vertex 4.07804 10.9933 33.0884
      vertex 6.59898 7.70793 33.0884
    endloop
  endfacet
  facet normal 0.892913 0.369848 -0.256746
    outer loop
      vertex 98.7136 43.1671 13.9116
      vertex 96.1927 46.4525 9.87707
      vertex 97.1289 46.993 13.9116
    endloop
  endfacet
  facet normal -0.174003 -0.191991 -0.965848
    outer loop
      vertex 14.5953 13.4863 1.21793
      vertex 16.8664 16.8664 0.136883
      vertex 17.4481 16.3392 0.136883
    endloop
  endfacet
  facet normal -0.174023 -0.191977 -0.965847
    outer loop
      vertex 16.8664 16.8664 0.136883
      vertex 14.5953 13.4863 1.21793
      vertex 14.0136 14.0136 1.21793
    endloop
  endfacet
  facet normal -0.485063 -0.121489 -0.865999
    outer loop
      vertex 7.25795 20.0557 3
      vertex 10.4302 20.093 1.21793
      vertex 7.4487 19.2941 3
    endloop
  endfacet
  facet normal -0.485059 -0.121536 -0.865995
    outer loop
      vertex 10.4302 20.093 1.21793
      vertex 7.25795 20.0557 3
      vertex 10.2394 20.8545 1.21793
    endloop
  endfacet
  facet normal -0.206994 0.15881 -0.965367
    outer loop
      vertex 16.0073 42.1193 0.136883
      vertex 12.5133 44.1366 1.21793
      vertex 16.3392 42.5519 0.136883
    endloop
  endfacet
  facet normal -0.206982 -0.158838 -0.965365
    outer loop
      vertex 16.3392 17.4481 0.136883
      vertex 12.5133 15.8634 1.21793
      vertex 16.0073 17.8806 0.136883
    endloop
  endfacet
  facet normal 1 -0 0
    outer loop
      vertex 99.8631 24 33.0884
      vertex 99.8631 36 13.9116
      vertex 99.8631 36 33.0884
    endloop
  endfacet
  facet normal 1 0 0
    outer loop
      vertex 99.8631 36 13.9116
      vertex 99.8631 24 33.0884
      vertex 99.8631 24 13.9116
    endloop
  endfacet
  facet normal 0.306426 -0.399174 -0.864155
    outer loop
      vertex 86.9133 11.6499 2.60115
      vertex 85.4047 13.4863 1.21793
      vertex 87.0361 11.8549 2.55
    endloop
  endfacet
  facet normal 0.306392 -0.3992 -0.864154
    outer loop
      vertex 86.7999 11.4101 2.67172
      vertex 85.4047 13.4863 1.21793
      vertex 86.9133 11.6499 2.60115
    endloop
  endfacet
  facet normal 0.306334 -0.399241 -0.864156
    outer loop
      vertex 85.4047 13.4863 1.21793
      vertex 86.7999 11.4101 2.67172
      vertex 84.1366 12.5133 1.21793
    endloop
  endfacet
  facet normal 0.25867 -0.0340476 -0.965365
    outer loop
      vertex 89.8758 21.6311 1.21793
      vertex 86.0499 23.2159 0.136883
      vertex 90.0844 23.2159 1.21793
    endloop
  endfacet
  facet normal 0.816078 0.292008 -0.498746
    outer loop
      vertex 97.9339 42.1481 9.87707
      vertex 95.975 42.4333 6.83878
      vertex 97.6694 42.8873 9.87707
    endloop
  endfacet
  facet normal 0.816075 0.292025 -0.498742
    outer loop
      vertex 97.9339 42.1481 9.87707
      vertex 96.0957 42.096 6.83878
      vertex 95.975 42.4333 6.83878
    endloop
  endfacet
  facet normal 0.81607 0.292041 -0.49874
    outer loop
      vertex 96.0957 42.096 6.83878
      vertex 97.9339 42.1481 9.87707
      vertex 96.1991 41.6833 6.76631
    endloop
  endfacet
  facet normal 0.828522 -0.496572 -0.258781
    outer loop
      vertex 96.7932 12.2973 13.9116
      vertex 95.4534 12.1644 9.87707
      vertex 95.857 12.8378 9.87707
    endloop
  endfacet
  facet normal 0.828522 -0.496572 -0.258781
    outer loop
      vertex 95.4534 12.1644 9.87707
      vertex 96.7932 12.2973 13.9116
      vertex 96.3896 11.6239 13.9116
    endloop
  endfacet
  facet normal 0.89291 -0.369856 -0.256746
    outer loop
      vertex 97.1289 13.007 13.9116
      vertex 96.1927 13.5475 9.87707
      vertex 98.7136 16.8328 13.9116
    endloop
  endfacet
  facet normal 0.89291 -0.369856 0.256748
    outer loop
      vertex 98.7136 16.8328 33.0884
      vertex 96.1927 13.5475 37.1229
      vertex 97.1289 13.007 33.0884
    endloop
  endfacet
  facet normal -0.214334 -0.453121 -0.865299
    outer loop
      vertex 16.3337 8.63324 3
      vertex 17.1674 11.642 1.21793
      vertex 17.8771 11.3063 1.21793
    endloop
  endfacet
  facet normal -0.214312 -0.453128 -0.865301
    outer loop
      vertex 17.1674 11.642 1.21793
      vertex 16.3337 8.63324 3
      vertex 15.624 8.9689 3
    endloop
  endfacet
  facet normal -0.499999 0 -0.866026
    outer loop
      vertex 6.79043 24 3
      vertex 9.87707 36 1.21793
      vertex 9.87707 24 1.21793
    endloop
  endfacet
  facet normal -0.499999 0 -0.866026
    outer loop
      vertex 9.87707 36 1.21793
      vertex 6.79043 24 3
      vertex 6.79043 36 3
    endloop
  endfacet
  facet normal -0.48506 0.12152 -0.865996
    outer loop
      vertex 7.25795 39.9443 3
      vertex 10.4302 39.907 1.21793
      vertex 10.2394 39.1454 1.21793
    endloop
  endfacet
  facet normal -0.485063 0.121489 -0.865999
    outer loop
      vertex 10.4302 39.907 1.21793
      vertex 7.25795 39.9443 3
      vertex 7.4487 40.7059 3
    endloop
  endfacet
  facet normal 0.258663 0.0340673 -0.965367
    outer loop
      vertex 86.0499 36.7841 0.136883
      vertex 85.9787 37.3247 0.136883
      vertex 89.8758 38.3689 1.21793
    endloop
  endfacet
  facet normal -0.174006 0.191994 -0.965847
    outer loop
      vertex 16.8664 43.1336 0.136883
      vertex 14.5953 46.5136 1.21793
      vertex 17.4481 43.6608 0.136883
    endloop
  endfacet
  facet normal -0.174006 0.191994 -0.965847
    outer loop
      vertex 14.5953 46.5136 1.21793
      vertex 16.8664 43.1336 0.136883
      vertex 14.0136 45.9864 1.21793
    endloop
  endfacet
  facet normal -0.258669 -0.0340507 -0.965366
    outer loop
      vertex 10.1242 21.6311 1.21793
      vertex 9.91558 23.2159 1.21793
      vertex 13.9501 23.2159 0.136883
    endloop
  endfacet
  facet normal -0.0737288 -0.497029 -0.864596
    outer loop
      vertex 20.8322 7.14275 3
      vertex 20.8545 10.2394 1.21793
      vertex 21.6311 10.1242 1.21793
    endloop
  endfacet
  facet normal -0.0737382 -0.497029 -0.864595
    outer loop
      vertex 20.8545 10.2394 1.21793
      vertex 20.8322 7.14275 3
      vertex 20.0557 7.25795 3
    endloop
  endfacet
  facet normal 0.174006 0.191994 -0.965847
    outer loop
      vertex 83.1336 43.1336 0.136883
      vertex 85.4047 46.5136 1.21793
      vertex 85.9864 45.9864 1.21793
    endloop
  endfacet
  facet normal 0.174006 0.191994 -0.965847
    outer loop
      vertex 85.4047 46.5136 1.21793
      vertex 83.1336 43.1336 0.136883
      vertex 82.5519 43.6608 0.136883
    endloop
  endfacet
  facet normal -0.20699 -0.158821 -0.965366
    outer loop
      vertex 13.4863 14.5953 1.21793
      vertex 12.5133 15.8634 1.21793
      vertex 16.3392 17.4481 0.136883
    endloop
  endfacet
  facet normal -0.471949 -0.168872 -0.865301
    outer loop
      vertex 7.7132 18.5549 3
      vertex 10.4302 20.093 1.21793
      vertex 10.6947 19.3538 1.21793
    endloop
  endfacet
  facet normal -0.471949 -0.168872 -0.865301
    outer loop
      vertex 10.4302 20.093 1.21793
      vertex 7.7132 18.5549 3
      vertex 7.4487 19.2941 3
    endloop
  endfacet
  facet normal -0.742845 -0.445233 -0.499949
    outer loop
      vertex 6.10196 13.0624 6.76632
      vertex 4.14298 12.8378 9.87707
      vertex 5.69835 13.7358 6.76632
    endloop
  endfacet
  facet normal -0.742845 -0.445233 -0.499949
    outer loop
      vertex 4.14298 12.8378 9.87707
      vertex 6.10196 13.0624 6.76632
      vertex 4.54659 12.1644 9.87707
    endloop
  endfacet
  facet normal -0.8401 0.210439 -0.499948
    outer loop
      vertex 3.80088 41.6833 6.76631
      vertex 1.87533 41.3866 9.87707
      vertex 2.06608 42.1481 9.87707
    endloop
  endfacet
  facet normal -0.840099 0.210443 -0.499947
    outer loop
      vertex 1.87533 41.3866 9.87707
      vertex 3.80088 41.6833 6.76631
      vertex 3.61012 40.9218 6.76632
    endloop
  endfacet
  facet normal -0.860441 0.113344 -0.496784
    outer loop
      vertex 3.4035 40.0969 6.91365
      vertex 1.76013 40.61 9.87707
      vertex 3.42059 40.1651 6.89961
    endloop
  endfacet
  facet normal -0.860453 0.113274 -0.496779
    outer loop
      vertex 3.30887 39.4589 6.93208
      vertex 1.76013 40.61 9.87707
      vertex 3.4035 40.0969 6.91365
    endloop
  endfacet
  facet normal -0.860451 0.113281 -0.49678
    outer loop
      vertex 1.76013 40.61 9.87707
      vertex 3.30887 39.4589 6.93208
      vertex 1.25644 36.7841 9.87707
    endloop
  endfacet
  facet normal -0.94154 0.336901 0
    outer loop
      vertex 1.02187 42.4279 13.9116
      vertex 1.28637 43.1671 33.0884
      vertex 1.28637 43.1671 13.9116
    endloop
  endfacet
  facet normal -0.94154 0.336901 0
    outer loop
      vertex 1.28637 43.1671 33.0884
      vertex 1.02187 42.4279 13.9116
      vertex 1.02187 42.4279 33.0884
    endloop
  endfacet
  facet normal -0.783529 0.370589 -0.498744
    outer loop
      vertex 5.69835 46.2642 6.76632
      vertex 3.80731 46.4525 9.87707
      vertex 4.14298 47.1622 9.87707
    endloop
  endfacet
  facet normal -0.783535 0.370575 -0.498746
    outer loop
      vertex 5.47964 45.8993 6.83879
      vertex 3.80731 46.4525 9.87707
      vertex 5.69835 46.2642 6.76632
    endloop
  endfacet
  facet normal -0.783534 0.370576 -0.498746
    outer loop
      vertex 3.80731 46.4525 9.87707
      vertex 5.47964 45.8993 6.83879
      vertex 5.32645 45.5754 6.83879
    endloop
  endfacet
  facet normal -0.936986 0.234705 -0.258786
    outer loop
      vertex 2.06608 42.1481 9.87707
      vertex 0.831122 41.6664 13.9116
      vertex 1.02187 42.4279 13.9116
    endloop
  endfacet
  facet normal -0.936986 0.234708 -0.258786
    outer loop
      vertex 0.831122 41.6664 13.9116
      vertex 2.06608 42.1481 9.87707
      vertex 1.87533 41.3866 9.87707
    endloop
  endfacet
  facet normal -0.95821 0.12615 -0.25675
    outer loop
      vertex 1.25644 36.7841 9.87707
      vertex 0.175396 36.7841 13.9116
      vertex 0.715919 40.8898 13.9116
    endloop
  endfacet
  facet normal -0.413117 0.873366 -0.258006
    outer loop
      vertex 12.8378 55.857 9.87707
      vertex 13.007 57.1289 13.9116
      vertex 13.5475 56.1927 9.87707
    endloop
  endfacet
  facet normal -0.413117 0.873366 -0.258006
    outer loop
      vertex 13.007 57.1289 13.9116
      vertex 12.8378 55.857 9.87707
      vertex 12.2973 56.7932 13.9116
    endloop
  endfacet
  facet normal -0.688612 0.528397 -0.496599
    outer loop
      vertex 6.51685 50.3431 9.79056
      vertex 5.01425 48.4662 9.87707
      vertex 6.53181 50.4439 9.87707
    endloop
  endfacet
  facet normal -0.688511 0.528305 -0.496837
    outer loop
      vertex 6.5 50 9.44908
      vertex 5.01425 48.4662 9.87707
      vertex 6.51685 50.3431 9.79056
    endloop
  endfacet
  facet normal -0.688518 0.528318 -0.496812
    outer loop
      vertex 6.51685 49.6569 9.06087
      vertex 5.01425 48.4662 9.87707
      vertex 6.5 50 9.44908
    endloop
  endfacet
  facet normal -0.688524 0.528369 -0.49675
    outer loop
      vertex 6.56725 49.3172 8.62969
      vertex 5.01425 48.4662 9.87707
      vertex 6.51685 49.6569 9.06087
    endloop
  endfacet
  facet normal -0.688528 0.528343 -0.496773
    outer loop
      vertex 5.01425 48.4662 9.87707
      vertex 6.56725 49.3172 8.62969
      vertex 6.6144 49.129 8.36418
    endloop
  endfacet
  facet normal -0.428915 0.257069 -0.865995
    outer loop
      vertex 11.642 42.8326 1.21793
      vertex 9.37251 45.0493 3
      vertex 12.0456 43.506 1.21793
    endloop
  endfacet
  facet normal -0.428912 0.257073 -0.865996
    outer loop
      vertex 9.37251 45.0493 3
      vertex 11.642 42.8326 1.21793
      vertex 8.9689 44.3759 3
    endloop
  endfacet
  facet normal -0.793358 0.608756 0
    outer loop
      vertex 4.07804 49.0067 13.9116
      vertex 6.59898 52.2921 33.0884
      vertex 6.59898 52.2921 13.9116
    endloop
  endfacet
  facet normal -0.793358 0.608756 0
    outer loop
      vertex 6.59898 52.2921 33.0884
      vertex 4.07804 49.0067 13.9116
      vertex 4.07804 49.0067 33.0884
    endloop
  endfacet
  facet normal 0.370615 0.783513 -0.498751
    outer loop
      vertex 86.2642 54.3016 6.76632
      vertex 86.4525 56.1927 9.87707
      vertex 87.1622 55.857 9.87707
    endloop
  endfacet
  facet normal 0.370551 0.783536 -0.498761
    outer loop
      vertex 86.4525 56.1927 9.87707
      vertex 86.2642 54.3016 6.76632
      vertex 85.8993 54.5203 6.83879
    endloop
  endfacet
  facet normal 0.370593 0.783518 -0.498758
    outer loop
      vertex 86.4525 56.1927 9.87707
      vertex 85.8993 54.5203 6.83879
      vertex 85.5754 54.6735 6.83879
    endloop
  endfacet
  facet normal -0.126144 0.958206 0.256765
    outer loop
      vertex 23.2159 59.8246 33.0884
      vertex 19.1102 59.2841 33.0884
      vertex 23.2159 58.7435 37.1229
    endloop
  endfacet
  facet normal -0.234737 0.936978 0.258786
    outer loop
      vertex 18.3336 59.1689 33.0884
      vertex 17.8518 57.9339 37.1229
      vertex 18.6134 58.1247 37.1229
    endloop
  endfacet
  facet normal -0.234737 0.936978 0.258786
    outer loop
      vertex 17.8518 57.9339 37.1229
      vertex 18.3336 59.1689 33.0884
      vertex 17.572 58.9781 33.0884
    endloop
  endfacet
  facet normal 0.234713 -0.11099 -0.965708
    outer loop
      vertex 84.864 19.1846 0.136883
      vertex 88.6936 17.8771 1.21793
      vertex 88.358 17.1674 1.21793
    endloop
  endfacet
  facet normal 0.234713 -0.11099 -0.965708
    outer loop
      vertex 88.6936 17.8771 1.21793
      vertex 84.864 19.1846 0.136883
      vertex 85.1996 19.8943 0.136883
    endloop
  endfacet
  facet normal -0.126144 0.958207 -0.256763
    outer loop
      vertex 23.2159 58.7435 9.87707
      vertex 19.1102 59.2841 13.9116
      vertex 23.2159 59.8246 13.9116
    endloop
  endfacet
  facet normal -0.141796 0.95589 -0.257233
    outer loop
      vertex 18.6134 58.1247 9.87707
      vertex 19.1102 59.2841 13.9116
      vertex 19.39 58.2399 9.87707
    endloop
  endfacet
  facet normal -0.141796 0.95589 -0.257233
    outer loop
      vertex 19.1102 59.2841 13.9116
      vertex 18.6134 58.1247 9.87707
      vertex 18.3336 59.1689 13.9116
    endloop
  endfacet
  facet normal -0.0340673 0.258663 -0.965367
    outer loop
      vertex 22.6753 45.9787 0.136883
      vertex 21.6311 49.8758 1.21793
      vertex 23.2159 46.0499 0.136883
    endloop
  endfacet
  facet normal 0.258663 -0.0340673 -0.965367
    outer loop
      vertex 89.8758 21.6311 1.21793
      vertex 85.9787 22.6753 0.136883
      vertex 86.0499 23.2159 0.136883
    endloop
  endfacet
  facet normal -0.0127105 -0.258798 -0.965848
    outer loop
      vertex 23.2159 9.91558 1.21793
      vertex 24 13.9116 0.136883
      vertex 24 9.87707 1.21793
    endloop
  endfacet
  facet normal -0.0127072 -0.258798 -0.965848
    outer loop
      vertex 24 13.9116 0.136883
      vertex 23.2159 9.91558 1.21793
      vertex 23.2159 13.9501 0.136883
    endloop
  endfacet
  facet normal 0.0998665 0.241029 -0.965366
    outer loop
      vertex 80.1057 45.1996 0.136883
      vertex 79.602 45.4083 0.136883
      vertex 82.1229 48.6936 1.21793
    endloop
  endfacet
  facet normal 0 0.866026 0.499999
    outer loop
      vertex 76 58.7821 37.1229
      vertex 24 57 40.2096
      vertex 76 57 40.2096
    endloop
  endfacet
  facet normal 0 0.866026 0.499999
    outer loop
      vertex 24 57 40.2096
      vertex 76 58.7821 37.1229
      vertex 24 58.7821 37.1229
    endloop
  endfacet
  facet normal 0.146733 0.989176 -0
    outer loop
      vertex 81.6664 59.1689 13.9116
      vertex 80.8898 59.2841 33.0884
      vertex 81.6664 59.1689 33.0884
    endloop
  endfacet
  facet normal 0.146733 0.989176 0
    outer loop
      vertex 80.8898 59.2841 33.0884
      vertex 81.6664 59.1689 13.9116
      vertex 80.8898 59.2841 13.9116
    endloop
  endfacet
  facet normal 0.793362 0.60875 0
    outer loop
      vertex 95.9219 49.0067 33.0884
      vertex 93.401 52.2921 13.9116
      vertex 93.401 52.2921 33.0884
    endloop
  endfacet
  facet normal 0.793362 0.60875 0
    outer loop
      vertex 93.401 52.2921 13.9116
      vertex 95.9219 49.0067 33.0884
      vertex 95.9219 49.0067 13.9116
    endloop
  endfacet
  facet normal 0.828522 0.496572 -0.258781
    outer loop
      vertex 96.7932 47.7027 13.9116
      vertex 95.4534 47.8356 9.87707
      vertex 96.3896 48.3761 13.9116
    endloop
  endfacet
  facet normal 0.828522 0.496572 -0.258781
    outer loop
      vertex 95.4534 47.8356 9.87707
      vertex 96.7932 47.7027 13.9116
      vertex 95.857 47.1622 9.87707
    endloop
  endfacet
  facet normal 0.403583 0.299327 -0.864595
    outer loop
      vertex 87.9544 43.506 1.21793
      vertex 90.1598 45.6799 3
      vertex 90.6275 45.0493 3
    endloop
  endfacet
  facet normal 0.403583 0.299327 -0.864595
    outer loop
      vertex 90.1598 45.6799 3
      vertex 87.9544 43.506 1.21793
      vertex 87.4867 44.1366 1.21793
    endloop
  endfacet
  facet normal 0.370616 0.783516 0.498744
    outer loop
      vertex 86.4525 56.1927 37.1229
      vertex 86.2642 54.3016 40.2337
      vertex 87.1622 55.857 37.1229
    endloop
  endfacet
  facet normal 0.37052 0.783552 0.49876
    outer loop
      vertex 86.2642 54.3016 40.2337
      vertex 86.4525 56.1927 37.1229
      vertex 85.8993 54.5203 40.1612
    endloop
  endfacet
  facet normal 0.370593 0.78352 0.498756
    outer loop
      vertex 85.8993 54.5203 40.1612
      vertex 86.4525 56.1927 37.1229
      vertex 85.5754 54.6735 40.1612
    endloop
  endfacet
  facet normal 0.325494 0.909662 0.25801
    outer loop
      vertex 82.4279 58.9781 33.0884
      vertex 82.8873 57.6694 37.1229
      vertex 83.1671 58.7136 33.0884
    endloop
  endfacet
  facet normal 0.325494 0.909662 0.25801
    outer loop
      vertex 82.8873 57.6694 37.1229
      vertex 82.4279 58.9781 33.0884
      vertex 82.1481 57.9339 37.1229
    endloop
  endfacet
  facet normal 0.126129 0.958213 -0.256748
    outer loop
      vertex 80.61 58.2399 9.87707
      vertex 76.7841 58.7435 9.87707
      vertex 80.8898 59.2841 13.9116
    endloop
  endfacet
  facet normal 0.210491 0.840087 -0.499948
    outer loop
      vertex 81.6833 56.1991 6.76631
      vertex 81.3866 58.1247 9.87707
      vertex 82.1481 57.9339 9.87707
    endloop
  endfacet
  facet normal 0.210484 0.840088 -0.499949
    outer loop
      vertex 81.3866 58.1247 9.87707
      vertex 81.6833 56.1991 6.76631
      vertex 80.9218 56.3899 6.76632
    endloop
  endfacet
  facet normal 0.413117 0.873366 -0.258006
    outer loop
      vertex 87.1622 55.857 9.87707
      vertex 86.993 57.1289 13.9116
      vertex 87.7027 56.7932 13.9116
    endloop
  endfacet
  facet normal 0.413117 0.873366 -0.258006
    outer loop
      vertex 86.993 57.1289 13.9116
      vertex 87.1622 55.857 9.87707
      vertex 86.4525 56.1927 9.87707
    endloop
  endfacet
  facet normal 0.445223 0.742847 -0.499955
    outer loop
      vertex 86.9376 53.898 6.76632
      vertex 87.1622 55.857 9.87707
      vertex 87.8356 55.4534 9.87707
    endloop
  endfacet
  facet normal 0.445223 0.742847 -0.499955
    outer loop
      vertex 87.1622 55.857 9.87707
      vertex 86.9376 53.898 6.76632
      vertex 86.2642 54.3016 6.76632
    endloop
  endfacet
  facet normal 0.528233 0.688425 -0.497032
    outer loop
      vertex 90.3431 53.4831 9.79058
      vertex 88.4662 54.9857 9.87707
      vertex 90.4439 53.4682 9.87707
    endloop
  endfacet
  facet normal 0.528335 0.688539 -0.496766
    outer loop
      vertex 90 53.5 9.4491
      vertex 88.4662 54.9857 9.87707
      vertex 90.3431 53.4831 9.79058
    endloop
  endfacet
  facet normal 0.528279 0.688509 -0.496866
    outer loop
      vertex 89.6569 53.4831 9.06089
      vertex 88.4662 54.9857 9.87707
      vertex 90 53.5 9.4491
    endloop
  endfacet
  facet normal 0.528372 0.688521 -0.496752
    outer loop
      vertex 89.3172 53.4327 8.62971
      vertex 88.4662 54.9857 9.87707
      vertex 89.6569 53.4831 9.06089
    endloop
  endfacet
  facet normal 0.528442 0.688511 -0.496692
    outer loop
      vertex 88.4662 54.9857 9.87707
      vertex 89.3172 53.4327 8.62971
      vertex 89.129 53.3856 8.36419
    endloop
  endfacet
  facet normal 0.588344 0.766768 -0.256746
    outer loop
      vertex 92.2921 53.401 13.9116
      vertex 88.4662 54.9857 9.87707
      vertex 89.0067 55.9219 13.9116
    endloop
  endfacet
  facet normal 0.413116 0.873365 0.258008
    outer loop
      vertex 86.993 57.1289 33.0884
      vertex 87.1622 55.857 37.1229
      vertex 87.7027 56.7932 33.0884
    endloop
  endfacet
  facet normal 0.413116 0.873365 0.258008
    outer loop
      vertex 87.1622 55.857 37.1229
      vertex 86.993 57.1289 33.0884
      vertex 86.4525 56.1927 37.1229
    endloop
  endfacet
  facet normal 0.427594 0.903971 -0
    outer loop
      vertex 87.7027 56.7932 13.9116
      vertex 86.993 57.1289 33.0884
      vertex 87.7027 56.7932 33.0884
    endloop
  endfacet
  facet normal 0.427594 0.903971 0
    outer loop
      vertex 86.993 57.1289 33.0884
      vertex 87.7027 56.7932 13.9116
      vertex 86.993 57.1289 13.9116
    endloop
  endfacet
  facet normal 0.588413 0.766705 -0.256775
    outer loop
      vertex 91.6499 53.0867 11.5015
      vertex 92.2921 53.401 13.9116
      vertex 91.8549 52.9638 11.6043
    endloop
  endfacet
  facet normal 0.588481 0.766649 -0.256786
    outer loop
      vertex 91.3394 53.2336 11.2285
      vertex 92.2921 53.401 13.9116
      vertex 91.6499 53.0867 11.5015
    endloop
  endfacet
  facet normal 0.588351 0.766748 -0.256789
    outer loop
      vertex 88.4662 54.9857 9.87707
      vertex 91.3394 53.2336 11.2285
      vertex 91.016 53.3493 10.833
    endloop
  endfacet
  facet normal 0.588364 0.7667 -0.256904
    outer loop
      vertex 88.4662 54.9857 9.87707
      vertex 91.016 53.3493 10.833
      vertex 90.6828 53.4327 10.3188
    endloop
  endfacet
  facet normal 0.588371 0.766802 -0.256583
    outer loop
      vertex 88.4662 54.9857 9.87707
      vertex 90.6828 53.4327 10.3188
      vertex 90.4439 53.4682 9.87707
    endloop
  endfacet
  facet normal 0.588343 0.766769 -0.256745
    outer loop
      vertex 91.3394 53.2336 11.2285
      vertex 88.4662 54.9857 9.87707
      vertex 92.2921 53.401 13.9116
    endloop
  endfacet
  facet normal 0.60875 0.793362 -0
    outer loop
      vertex 92.2921 53.401 13.9116
      vertex 89.0067 55.9219 33.0884
      vertex 92.2921 53.401 33.0884
    endloop
  endfacet
  facet normal 0.60875 0.793362 0
    outer loop
      vertex 89.0067 55.9219 33.0884
      vertex 92.2921 53.401 13.9116
      vertex 89.0067 55.9219 13.9116
    endloop
  endfacet
  facet normal -0.783535 -0.370577 0.498744
    outer loop
      vertex 3.80731 13.5475 37.1229
      vertex 5.47964 14.1007 40.1612
      vertex 5.32645 14.4246 40.1612
    endloop
  endfacet
  facet normal -0.78355 -0.370543 0.498746
    outer loop
      vertex 3.80731 13.5475 37.1229
      vertex 5.69835 13.7358 40.2337
      vertex 5.47964 14.1007 40.1612
    endloop
  endfacet
  facet normal -0.783532 -0.370591 0.498738
    outer loop
      vertex 5.69835 13.7358 40.2337
      vertex 3.80731 13.5475 37.1229
      vertex 4.14298 12.8378 37.1229
    endloop
  endfacet
  facet normal -0.989176 -0.146737 0
    outer loop
      vertex 0.831122 18.3336 13.9116
      vertex 0.715919 19.1102 33.0884
      vertex 0.715919 19.1102 13.9116
    endloop
  endfacet
  facet normal -0.989176 -0.146737 0
    outer loop
      vertex 0.715919 19.1102 33.0884
      vertex 0.831122 18.3336 13.9116
      vertex 0.831122 18.3336 33.0884
    endloop
  endfacet
  facet normal -0.991445 -0.130526 0
    outer loop
      vertex 0.715919 19.1102 13.9116
      vertex 0.175396 23.2159 33.0884
      vertex 0.175396 23.2159 13.9116
    endloop
  endfacet
  facet normal -0.991445 -0.130526 0
    outer loop
      vertex 0.175396 23.2159 33.0884
      vertex 0.715919 19.1102 13.9116
      vertex 0.715919 19.1102 33.0884
    endloop
  endfacet
  facet normal -0.828516 -0.49658 -0.258785
    outer loop
      vertex 4.54659 12.1644 9.87707
      vertex 3.20676 12.2973 13.9116
      vertex 4.14298 12.8378 9.87707
    endloop
  endfacet
  facet normal -0.828516 -0.49658 -0.258785
    outer loop
      vertex 3.20676 12.2973 13.9116
      vertex 4.54659 12.1644 9.87707
      vertex 3.61037 11.6239 13.9116
    endloop
  endfacet
  facet normal -0.87338 -0.413086 -0.258008
    outer loop
      vertex 4.14298 12.8378 9.87707
      vertex 2.8711 13.007 13.9116
      vertex 3.80731 13.5475 9.87707
    endloop
  endfacet
  facet normal -0.873384 -0.413076 -0.258009
    outer loop
      vertex 2.8711 13.007 13.9116
      vertex 4.14298 12.8378 9.87707
      vertex 3.20676 12.2973 13.9116
    endloop
  endfacet
  facet normal -0.369859 -0.892907 -0.256751
    outer loop
      vertex 16.8328 1.28637 13.9116
      vertex 13.5475 3.80731 9.87707
      vertex 17.1126 2.33058 9.87707
    endloop
  endfacet
  facet normal -0.588353 -0.766761 -0.256747
    outer loop
      vertex 10.9933 4.07804 13.9116
      vertex 7.70793 6.59898 13.9116
      vertex 11.5338 5.01425 9.87707
    endloop
  endfacet
  facet normal -0.588335 -0.766775 -0.256745
    outer loop
      vertex 8.35011 6.91327 11.5014
      vertex 7.70793 6.59898 13.9116
      vertex 8.1451 7.03615 11.6042
    endloop
  endfacet
  facet normal -0.588306 -0.766799 -0.25674
    outer loop
      vertex 8.66061 6.76642 11.2285
      vertex 7.70793 6.59898 13.9116
      vertex 8.35011 6.91327 11.5014
    endloop
  endfacet
  facet normal -0.588361 -0.76675 -0.256762
    outer loop
      vertex 11.5338 5.01425 9.87707
      vertex 8.66061 6.76642 11.2285
      vertex 8.984 6.65071 10.833
    endloop
  endfacet
  facet normal -0.588357 -0.766764 -0.256727
    outer loop
      vertex 11.5338 5.01425 9.87707
      vertex 8.984 6.65071 10.833
      vertex 9.31718 6.56725 10.3187
    endloop
  endfacet
  facet normal -0.588356 -0.766756 -0.256754
    outer loop
      vertex 11.5338 5.01425 9.87707
      vertex 9.31718 6.56725 10.3187
      vertex 9.55609 6.53181 9.87707
    endloop
  endfacet
  facet normal -0.58836 -0.766752 -0.256757
    outer loop
      vertex 8.66061 6.76642 11.2285
      vertex 11.5338 5.01425 9.87707
      vertex 7.70793 6.59898 13.9116
    endloop
  endfacet
  facet normal -0.445234 -0.742848 0.499943
    outer loop
      vertex 12.8378 4.14298 37.1229
      vertex 13.0624 6.10196 40.2337
      vertex 12.1644 4.54659 37.1229
    endloop
  endfacet
  facet normal -0.445234 -0.742848 0.499943
    outer loop
      vertex 13.0624 6.10196 40.2337
      vertex 12.8378 4.14298 37.1229
      vertex 13.7358 5.69835 40.2337
    endloop
  endfacet
  facet normal -0.0245494 -0.499849 -0.865765
    outer loop
      vertex 23.2159 6.82894 3
      vertex 24 9.87707 1.21793
      vertex 24 6.79043 3
    endloop
  endfacet
  facet normal -0.0245494 -0.499849 -0.865765
    outer loop
      vertex 24 9.87707 1.21793
      vertex 23.2159 6.82894 3
      vertex 23.2159 9.91558 1.21793
    endloop
  endfacet
  facet normal -0.688516 -0.528342 -0.49679
    outer loop
      vertex 6.91327 11.6499 7.1216
      vertex 6.53912 12.333 6.91366
      vertex 6.97249 11.7487 6.93445
    endloop
  endfacet
  facet normal -0.688519 -0.528343 -0.496786
    outer loop
      vertex 6.76642 11.3394 7.65535
      vertex 6.53912 12.333 6.91366
      vertex 6.91327 11.6499 7.1216
    endloop
  endfacet
  facet normal -0.688541 -0.528333 -0.496765
    outer loop
      vertex 6.53912 12.333 6.91366
      vertex 6.76642 11.3394 7.65535
      vertex 6.50298 12.3933 6.89962
    endloop
  endfacet
  facet normal -0.688526 -0.528339 -0.49678
    outer loop
      vertex 6.50298 12.3933 6.89962
      vertex 6.76642 11.3394 7.65535
      vertex 5.01425 11.5338 9.87707
    endloop
  endfacet
  facet normal -0.688529 -0.528332 -0.496783
    outer loop
      vertex 6.65071 11.016 8.15966
      vertex 5.01425 11.5338 9.87707
      vertex 6.76642 11.3394 7.65535
    endloop
  endfacet
  facet normal -0.68854 -0.528299 -0.496803
    outer loop
      vertex 5.01425 11.5338 9.87707
      vertex 6.65071 11.016 8.15966
      vertex 6.61439 10.871 8.36419
    endloop
  endfacet
  facet normal -0.696752 -0.516714 -0.497538
    outer loop
      vertex 6.50298 12.3933 6.89962
      vertex 4.54659 12.1644 9.87707
      vertex 6.10196 13.0624 6.76632
    endloop
  endfacet
  facet normal -0.69675 -0.516717 -0.497537
    outer loop
      vertex 4.54659 12.1644 9.87707
      vertex 6.50298 12.3933 6.89962
      vertex 5.01425 11.5338 9.87707
    endloop
  endfacet
  facet normal 0.325494 -0.909661 -0.25801
    outer loop
      vertex 82.8873 2.33058 9.87707
      vertex 82.4279 1.02187 13.9116
      vertex 82.1481 2.06608 9.87707
    endloop
  endfacet
  facet normal 0.325494 -0.909661 -0.25801
    outer loop
      vertex 82.4279 1.02187 13.9116
      vertex 82.8873 2.33058 9.87707
      vertex 83.1671 1.28637 13.9116
    endloop
  endfacet
  facet normal 0.12615 -0.95821 -0.25675
    outer loop
      vertex 80.8898 0.715919 13.9116
      vertex 76.7841 0.175396 13.9116
      vertex 76.7841 1.25644 9.87707
    endloop
  endfacet
  facet normal 0.168872 -0.471949 -0.865301
    outer loop
      vertex 79.907 10.4302 1.21793
      vertex 81.4451 7.7132 3
      vertex 80.7059 7.4487 3
    endloop
  endfacet
  facet normal 0.168872 -0.471949 -0.865301
    outer loop
      vertex 81.4451 7.7132 3
      vertex 79.907 10.4302 1.21793
      vertex 80.6462 10.6947 1.21793
    endloop
  endfacet
  facet normal -0.251097 0.0628732 -0.965918
    outer loop
      vertex 10.2394 39.1454 1.21793
      vertex 14.3272 38.8628 0.136883
      vertex 14.1365 38.1012 0.136883
    endloop
  endfacet
  facet normal -0.251094 0.0629055 -0.965916
    outer loop
      vertex 14.3272 38.8628 0.136883
      vertex 10.2394 39.1454 1.21793
      vertex 10.4302 39.907 1.21793
    endloop
  endfacet
  facet normal 0.0998277 -0.241051 -0.965365
    outer loop
      vertex 82.1229 11.3063 1.21793
      vertex 79.602 14.5917 0.136883
      vertex 80.1057 14.8003 0.136883
    endloop
  endfacet
  facet normal 0.0656644 -0.49892 -0.864157
    outer loop
      vertex 76.7841 9.91558 1.21793
      vertex 77.0166 6.85954 3
      vertex 76.7841 6.82894 3
    endloop
  endfacet
  facet normal 0.0656768 -0.498919 -0.864156
    outer loop
      vertex 77.0166 6.85954 3
      vertex 76.7841 9.91558 1.21793
      vertex 78.3689 10.1242 1.21793
    endloop
  endfacet
  facet normal 0.0340673 -0.258663 -0.965367
    outer loop
      vertex 78.3689 10.1242 1.21793
      vertex 76.7841 13.9501 0.136883
      vertex 77.3247 14.0213 0.136883
    endloop
  endfacet
  facet normal 0.0737288 -0.497029 -0.864596
    outer loop
      vertex 79.1677 7.14275 3
      vertex 79.1454 10.2394 1.21793
      vertex 79.9443 7.25795 3
    endloop
  endfacet
  facet normal 0.0737382 -0.497029 -0.864595
    outer loop
      vertex 79.1454 10.2394 1.21793
      vertex 79.1677 7.14275 3
      vertex 78.3689 10.1242 1.21793
    endloop
  endfacet
  facet normal -0.892911 0.36985 -0.256751
    outer loop
      vertex 2.33058 42.8873 9.87707
      vertex 1.28637 43.1671 13.9116
      vertex 3.80731 46.4525 9.87707
    endloop
  endfacet
  facet normal -0.840103 0.210439 0.499943
    outer loop
      vertex 1.87533 41.3866 37.1229
      vertex 3.80088 41.6833 40.2337
      vertex 2.06608 42.1481 37.1229
    endloop
  endfacet
  facet normal -0.840101 0.21045 0.499941
    outer loop
      vertex 3.80088 41.6833 40.2337
      vertex 1.87533 41.3866 37.1229
      vertex 3.61012 40.9218 40.2337
    endloop
  endfacet
  facet normal -0.858059 -0.127273 0.49753
    outer loop
      vertex 1.76013 19.39 37.1229
      vertex 3.61012 19.0782 40.2337
      vertex 3.42059 19.8349 40.1004
    endloop
  endfacet
  facet normal -0.858058 -0.127283 0.497529
    outer loop
      vertex 3.61012 19.0782 40.2337
      vertex 1.76013 19.39 37.1229
      vertex 1.87533 18.6134 37.1229
    endloop
  endfacet
  facet normal -0.126129 0.958212 0.25675
    outer loop
      vertex 23.2159 58.7435 37.1229
      vertex 19.1102 59.2841 33.0884
      vertex 19.39 58.2399 37.1229
    endloop
  endfacet
  facet normal -0.11326 0.86045 0.496787
    outer loop
      vertex 19.39 58.2399 37.1229
      vertex 20.5411 56.6911 40.0679
      vertex 23.2159 58.7435 37.1229
    endloop
  endfacet
  facet normal -0.113257 0.860451 0.496787
    outer loop
      vertex 20.5411 56.6911 40.0679
      vertex 19.39 58.2399 37.1229
      vertex 19.9031 56.5965 40.0863
    endloop
  endfacet
  facet normal -0.113048 0.860488 0.496771
    outer loop
      vertex 19.9031 56.5965 40.0863
      vertex 19.39 58.2399 37.1229
      vertex 19.8349 56.5794 40.1004
    endloop
  endfacet
  facet normal -0.528368 0.688614 0.496627
    outer loop
      vertex 12.333 53.4609 40.0863
      vertex 11.6499 53.0867 39.8784
      vertex 11.7487 53.0275 40.0656
    endloop
  endfacet
  facet normal -0.528354 0.6885 0.496799
    outer loop
      vertex 11.3394 53.2336 39.3446
      vertex 12.333 53.4609 40.0863
      vertex 12.3933 53.497 40.1004
    endloop
  endfacet
  facet normal -0.528356 0.688494 0.496805
    outer loop
      vertex 12.333 53.4609 40.0863
      vertex 11.3394 53.2336 39.3446
      vertex 11.6499 53.0867 39.8784
    endloop
  endfacet
  facet normal -0.52834 0.688533 0.496768
    outer loop
      vertex 11.5338 54.9857 37.1229
      vertex 11.3394 53.2336 39.3446
      vertex 12.3933 53.497 40.1004
    endloop
  endfacet
  facet normal -0.528323 0.688541 0.496776
    outer loop
      vertex 11.3394 53.2336 39.3446
      vertex 11.5338 54.9857 37.1229
      vertex 11.016 53.3493 38.8403
    endloop
  endfacet
  facet normal -0.528283 0.688554 0.4968
    outer loop
      vertex 11.016 53.3493 38.8403
      vertex 11.5338 54.9857 37.1229
      vertex 10.871 53.3856 38.6358
    endloop
  endfacet
  facet normal -0.648637 0.715835 0.258556
    outer loop
      vertex 7.77962 52.7055 35.1938
      vertex 7.70793 53.401 33.0884
      vertex 7.52513 52.4749 35.1938
    endloop
  endfacet
  facet normal -0.648722 0.715765 0.258536
    outer loop
      vertex 8.0555 52.9101 35.3196
      vertex 7.70793 53.401 33.0884
      vertex 7.77962 52.7055 35.1938
    endloop
  endfacet
  facet normal -0.648666 0.715815 0.258538
    outer loop
      vertex 7.70793 53.401 33.0884
      vertex 8.0555 52.9101 35.3196
      vertex 8.14509 52.9638 35.3957
    endloop
  endfacet
  facet normal -0.648708 0.715781 0.258526
    outer loop
      vertex 7.12622 52.8738 33.0884
      vertex 7.52513 52.4749 35.1938
      vertex 7.70793 53.401 33.0884
    endloop
  endfacet
  facet normal 0 0.982521 0.186153
    outer loop
      vertex 7.52513 52.4749 35.1938
      vertex 7.12622 52.8738 33.0884
      vertex 7.52512 52.4749 35.1938
    endloop
  endfacet
  facet normal -0.742848 0.445234 0.499943
    outer loop
      vertex 4.14298 47.1622 37.1229
      vertex 6.10196 46.9376 40.2337
      vertex 4.54659 47.8356 37.1229
    endloop
  endfacet
  facet normal -0.742848 0.445234 0.499943
    outer loop
      vertex 6.10196 46.9376 40.2337
      vertex 4.14298 47.1622 37.1229
      vertex 5.69835 46.2642 40.2337
    endloop
  endfacet
  facet normal -0.369852 0.89291 0.256751
    outer loop
      vertex 16.8328 58.7136 33.0884
      vertex 13.5475 56.1927 37.1229
      vertex 17.1126 57.6694 37.1229
    endloop
  endfacet
  facet normal -0.332085 0.801821 0.496793
    outer loop
      vertex 17.1126 57.6694 37.1229
      vertex 16.9303 55.7473 40.1033
      vertex 17.5667 55.975 40.1612
    endloop
  endfacet
  facet normal -0.332118 0.801812 0.496785
    outer loop
      vertex 16.9303 55.7473 40.1033
      vertex 17.1126 57.6694 37.1229
      vertex 13.5475 56.1927 37.1229
    endloop
  endfacet
  facet normal -0.427594 0.903971 0
    outer loop
      vertex 13.007 57.1289 13.9116
      vertex 12.2973 56.7932 33.0884
      vertex 13.007 57.1289 33.0884
    endloop
  endfacet
  facet normal -0.427594 0.903971 0
    outer loop
      vertex 12.2973 56.7932 33.0884
      vertex 13.007 57.1289 13.9116
      vertex 12.2973 56.7932 13.9116
    endloop
  endfacet
  facet normal -0.413116 0.873365 0.258008
    outer loop
      vertex 13.007 57.1289 33.0884
      vertex 12.8378 55.857 37.1229
      vertex 13.5475 56.1927 37.1229
    endloop
  endfacet
  facet normal -0.413116 0.873365 0.258008
    outer loop
      vertex 12.8378 55.857 37.1229
      vertex 13.007 57.1289 33.0884
      vertex 12.2973 56.7932 33.0884
    endloop
  endfacet
  facet normal -0.496572 0.828522 -0.258781
    outer loop
      vertex 12.1644 55.4534 9.87707
      vertex 12.2973 56.7932 13.9116
      vertex 12.8378 55.857 9.87707
    endloop
  endfacet
  facet normal -0.496572 0.828522 -0.258781
    outer loop
      vertex 12.2973 56.7932 13.9116
      vertex 12.1644 55.4534 9.87707
      vertex 11.6239 56.3896 13.9116
    endloop
  endfacet
  facet normal -0.516699 0.696762 0.497538
    outer loop
      vertex 12.1644 55.4534 37.1229
      vertex 12.3933 53.497 40.1004
      vertex 13.0624 53.898 40.2337
    endloop
  endfacet
  facet normal -0.51675 0.696735 0.497523
    outer loop
      vertex 12.3933 53.497 40.1004
      vertex 12.1644 55.4534 37.1229
      vertex 11.5338 54.9857 37.1229
    endloop
  endfacet
  facet normal -0.528411 0.688521 0.496709
    outer loop
      vertex 11.5338 54.9857 37.1229
      vertex 10.6828 53.4327 38.3703
      vertex 10.871 53.3856 38.6358
    endloop
  endfacet
  facet normal -0.52838 0.688526 0.496736
    outer loop
      vertex 11.5338 54.9857 37.1229
      vertex 10.3431 53.4831 37.9391
      vertex 10.6828 53.4327 38.3703
    endloop
  endfacet
  facet normal -0.528271 0.688512 0.496871
    outer loop
      vertex 11.5338 54.9857 37.1229
      vertex 10 53.5 37.5509
      vertex 10.3431 53.4831 37.9391
    endloop
  endfacet
  facet normal -0.528365 0.688561 0.496703
    outer loop
      vertex 11.5338 54.9857 37.1229
      vertex 9.65694 53.4831 37.2094
      vertex 10 53.5 37.5509
    endloop
  endfacet
  facet normal -0.528218 0.688399 0.497084
    outer loop
      vertex 9.65694 53.4831 37.2094
      vertex 11.5338 54.9857 37.1229
      vertex 9.55612 53.4682 37.1229
    endloop
  endfacet
  facet normal -0.595712 0.803198 0
    outer loop
      vertex 11.6239 56.3896 13.9116
      vertex 10.9933 55.9219 33.0884
      vertex 11.6239 56.3896 33.0884
    endloop
  endfacet
  facet normal -0.595712 0.803198 0
    outer loop
      vertex 10.9933 55.9219 33.0884
      vertex 11.6239 56.3896 13.9116
      vertex 10.9933 55.9219 13.9116
    endloop
  endfacet
  facet normal -0.0628809 0.251095 -0.965918
    outer loop
      vertex 21.1372 45.6728 0.136883
      vertex 20.8545 49.7606 1.21793
      vertex 21.8987 45.8635 0.136883
    endloop
  endfacet
  facet normal -0.0629132 0.251092 -0.965916
    outer loop
      vertex 20.8545 49.7606 1.21793
      vertex 21.1372 45.6728 0.136883
      vertex 20.093 49.5698 1.21793
    endloop
  endfacet
  facet normal -0.210484 0.840088 -0.499949
    outer loop
      vertex 18.3167 56.1991 6.76631
      vertex 18.6134 58.1247 9.87707
      vertex 19.0782 56.3899 6.76632
    endloop
  endfacet
  facet normal -0.210464 0.84009 -0.499953
    outer loop
      vertex 18.6134 58.1247 9.87707
      vertex 18.3167 56.1991 6.76631
      vertex 17.8518 57.9339 9.87707
    endloop
  endfacet
  facet normal 0.113269 -0.860455 0.496777
    outer loop
      vertex 76.7841 3.03852 40.2096
      vertex 76.7841 1.25644 37.1229
      vertex 78.0583 3.10112 40.0275
    endloop
  endfacet
  facet normal 0.113302 -0.860458 0.496764
    outer loop
      vertex 79.4589 3.30887 40.0679
      vertex 78.0583 3.10112 40.0275
      vertex 76.7841 1.25644 37.1229
    endloop
  endfacet
  facet normal 0.141795 -0.955889 0.257237
    outer loop
      vertex 80.8898 0.715919 33.0884
      vertex 81.3866 1.87533 37.1229
      vertex 80.61 1.76013 37.1229
    endloop
  endfacet
  facet normal 0.141799 -0.955888 0.257237
    outer loop
      vertex 81.3866 1.87533 37.1229
      vertex 80.8898 0.715919 33.0884
      vertex 81.6664 0.831122 33.0884
    endloop
  endfacet
  facet normal 0.146737 -0.989176 0
    outer loop
      vertex 80.8898 0.715919 13.9116
      vertex 81.6664 0.831122 33.0884
      vertex 80.8898 0.715919 33.0884
    endloop
  endfacet
  facet normal 0.146737 -0.989176 0
    outer loop
      vertex 81.6664 0.831122 33.0884
      vertex 80.8898 0.715919 13.9116
      vertex 81.6664 0.831122 13.9116
    endloop
  endfacet
  facet normal 0.369853 -0.89291 0.25675
    outer loop
      vertex 86.4525 3.80731 37.1229
      vertex 83.1671 1.28637 33.0884
      vertex 86.993 2.8711 33.0884
    endloop
  endfacet
  facet normal 0.370575 -0.783535 -0.498746
    outer loop
      vertex 86.2642 5.69835 6.76632
      vertex 86.4525 3.80731 9.87707
      vertex 85.8993 5.47964 6.83879
    endloop
  endfacet
  facet normal 0.370576 -0.783534 -0.498746
    outer loop
      vertex 85.8993 5.47964 6.83879
      vertex 86.4525 3.80731 9.87707
      vertex 85.5754 5.32645 6.83879
    endloop
  endfacet
  facet normal 0.370589 -0.783529 -0.498744
    outer loop
      vertex 86.4525 3.80731 9.87707
      vertex 86.2642 5.69835 6.76632
      vertex 87.1622 4.14298 9.87707
    endloop
  endfacet
  facet normal 0.428909 -0.257065 -0.865999
    outer loop
      vertex 90.6275 14.9506 3
      vertex 88.358 17.1674 1.21793
      vertex 91.0311 15.624 3
    endloop
  endfacet
  facet normal 0.428909 -0.257065 -0.865999
    outer loop
      vertex 88.358 17.1674 1.21793
      vertex 90.6275 14.9506 3
      vertex 87.9544 16.494 1.21793
    endloop
  endfacet
  facet normal 0.740971 -0.671537 0
    outer loop
      vertex 92.8738 7.12622 33.0884
      vertex 93.401 7.70793 13.9116
      vertex 93.401 7.70793 33.0884
    endloop
  endfacet
  facet normal 0.740971 -0.671537 0
    outer loop
      vertex 93.401 7.70793 13.9116
      vertex 92.8738 7.12622 33.0884
      vertex 92.8738 7.12622 13.9116
    endloop
  endfacet
  facet normal 0.688519 -0.528402 -0.496721
    outer loop
      vertex 94.9857 11.5338 9.87707
      vertex 93.4327 10.6828 8.62969
      vertex 93.3856 10.871 8.3642
    endloop
  endfacet
  facet normal 0.688523 -0.528376 -0.496744
    outer loop
      vertex 94.9857 11.5338 9.87707
      vertex 93.4831 10.3431 9.06088
      vertex 93.4327 10.6828 8.62969
    endloop
  endfacet
  facet normal 0.68851 -0.528272 -0.496873
    outer loop
      vertex 94.9857 11.5338 9.87707
      vertex 93.5 10 9.44908
      vertex 93.4831 10.3431 9.06088
    endloop
  endfacet
  facet normal 0.688557 -0.528361 -0.496714
    outer loop
      vertex 94.9857 11.5338 9.87707
      vertex 93.4831 9.65694 9.79057
      vertex 93.5 10 9.44908
    endloop
  endfacet
  facet normal 0.688399 -0.528218 -0.497084
    outer loop
      vertex 93.4831 9.65694 9.79057
      vertex 94.9857 11.5338 9.87707
      vertex 93.4682 9.55612 9.87707
    endloop
  endfacet
  facet normal 0.58835 -0.766763 -0.256747
    outer loop
      vertex 89.0067 4.07804 13.9116
      vertex 88.4662 5.01425 9.87707
      vertex 92.2921 6.59898 13.9116
    endloop
  endfacet
  facet normal 0.671571 -0.74094 0
    outer loop
      vertex 92.2921 6.59898 13.9116
      vertex 92.8738 7.12622 33.0884
      vertex 92.2921 6.59898 33.0884
    endloop
  endfacet
  facet normal 0.671571 -0.74094 0
    outer loop
      vertex 92.8738 7.12622 33.0884
      vertex 92.2921 6.59898 13.9116
      vertex 92.8738 7.12622 13.9116
    endloop
  endfacet
  facet normal 0.860463 0.113309 -0.496754
    outer loop
      vertex 98.7435 36.7841 9.87707
      vertex 96.8989 38.0583 6.97255
      vertex 96.6911 39.4589 6.93208
    endloop
  endfacet
  facet normal 0.86046 0.113276 -0.496767
    outer loop
      vertex 96.8989 38.0583 6.97255
      vertex 98.7435 36.7841 9.87707
      vertex 96.9615 36.7841 6.79043
    endloop
  endfacet
  facet normal 0.860449 -0.11326 -0.496789
    outer loop
      vertex 98.2399 19.39 9.87707
      vertex 96.6911 20.5411 6.93208
      vertex 98.7435 23.2159 9.87707
    endloop
  endfacet
  facet normal 0.860456 -0.113234 -0.496782
    outer loop
      vertex 96.6911 20.5411 6.93208
      vertex 98.2399 19.39 9.87707
      vertex 96.5965 19.9031 6.91365
    endloop
  endfacet
  facet normal 0.860417 -0.113461 -0.4968
    outer loop
      vertex 96.5965 19.9031 6.91365
      vertex 98.2399 19.39 9.87707
      vertex 96.5794 19.8349 6.89961
    endloop
  endfacet
  facet normal 0.766765 -0.588347 -0.256746
    outer loop
      vertex 95.9219 10.9933 13.9116
      vertex 93.401 7.70793 13.9116
      vertex 94.9857 11.5338 9.87707
    endloop
  endfacet
  facet normal 0.12615 -0.958209 0.256752
    outer loop
      vertex 76.7841 1.25644 37.1229
      vertex 76.7841 0.175396 33.0884
      vertex 80.8898 0.715919 33.0884
    endloop
  endfacet
  facet normal 0.126151 -0.958209 0.256753
    outer loop
      vertex 80.61 1.76013 37.1229
      vertex 76.7841 1.25644 37.1229
      vertex 80.8898 0.715919 33.0884
    endloop
  endfacet
  facet normal 0.29202 -0.81608 0.498736
    outer loop
      vertex 82.1481 2.06608 37.1229
      vertex 82.096 3.90425 40.1612
      vertex 81.6833 3.80088 40.2337
    endloop
  endfacet
  facet normal 0.292049 -0.816073 0.498731
    outer loop
      vertex 82.1481 2.06608 37.1229
      vertex 82.4333 4.02496 40.1612
      vertex 82.096 3.90425 40.1612
    endloop
  endfacet
  facet normal 0.29201 -0.816081 0.498741
    outer loop
      vertex 82.4333 4.02496 40.1612
      vertex 82.1481 2.06608 37.1229
      vertex 82.8873 2.33058 37.1229
    endloop
  endfacet
  facet normal -0.130526 -0.991445 0
    outer loop
      vertex 19.1102 0.715919 13.9116
      vertex 23.2159 0.175396 33.0884
      vertex 19.1102 0.715919 33.0884
    endloop
  endfacet
  facet normal -0.130526 -0.991445 -0
    outer loop
      vertex 23.2159 0.175396 33.0884
      vertex 19.1102 0.715919 13.9116
      vertex 23.2159 0.175396 13.9116
    endloop
  endfacet
  facet normal -0.12615 -0.958209 0.256752
    outer loop
      vertex 23.2159 1.25644 37.1229
      vertex 19.1102 0.715919 33.0884
      vertex 23.2159 0.175396 33.0884
    endloop
  endfacet
  facet normal -0.0473868 -0.964841 0.258529
    outer loop
      vertex 23.2159 0.175396 33.0884
      vertex 24 1.21793 37.1229
      vertex 23.2159 1.25644 37.1229
    endloop
  endfacet
  facet normal -0.0473905 -0.96484 0.25853
    outer loop
      vertex 24 1.21793 37.1229
      vertex 23.2159 0.175396 33.0884
      vertex 24 0.136883 33.0884
    endloop
  endfacet
  facet normal -0.210413 -0.840106 0.499948
    outer loop
      vertex 18.6134 1.87533 37.1229
      vertex 18.3167 3.80088 40.2337
      vertex 17.8518 2.06608 37.1229
    endloop
  endfacet
  facet normal -0.21045 -0.840101 0.499941
    outer loop
      vertex 18.3167 3.80088 40.2337
      vertex 18.6134 1.87533 37.1229
      vertex 19.0782 3.61012 40.2337
    endloop
  endfacet
  facet normal -0.242953 -0.970038 0
    outer loop
      vertex 17.572 1.02187 13.9116
      vertex 18.3336 0.831122 33.0884
      vertex 17.572 1.02187 33.0884
    endloop
  endfacet
  facet normal -0.242953 -0.970038 -0
    outer loop
      vertex 18.3336 0.831122 33.0884
      vertex 17.572 1.02187 13.9116
      vertex 18.3336 0.831122 13.9116
    endloop
  endfacet
  facet normal -0.528344 -0.688531 0.496767
    outer loop
      vertex 10.6828 6.56725 38.3703
      vertex 11.5338 5.01425 37.1229
      vertex 10.871 6.61439 38.6358
    endloop
  endfacet
  facet normal -0.52838 -0.688526 0.496736
    outer loop
      vertex 10.3431 6.51685 37.9391
      vertex 11.5338 5.01425 37.1229
      vertex 10.6828 6.56725 38.3703
    endloop
  endfacet
  facet normal -0.528312 -0.688517 0.49682
    outer loop
      vertex 10 6.5 37.5509
      vertex 11.5338 5.01425 37.1229
      vertex 10.3431 6.51685 37.9391
    endloop
  endfacet
  facet normal -0.528284 -0.688502 0.496871
    outer loop
      vertex 9.65694 6.51685 37.2095
      vertex 11.5338 5.01425 37.1229
      vertex 10 6.5 37.5509
    endloop
  endfacet
  facet normal -0.528451 -0.688686 0.496438
    outer loop
      vertex 11.5338 5.01425 37.1229
      vertex 9.65694 6.51685 37.2095
      vertex 9.55609 6.53181 37.1229
    endloop
  endfacet
  facet normal -0.688531 -0.528344 0.496767
    outer loop
      vertex 5.01425 11.5338 37.1229
      vertex 6.56725 10.6828 38.3703
      vertex 6.61439 10.871 38.6358
    endloop
  endfacet
  facet normal -0.688526 -0.52838 0.496736
    outer loop
      vertex 5.01425 11.5338 37.1229
      vertex 6.51685 10.3431 37.9391
      vertex 6.56725 10.6828 38.3703
    endloop
  endfacet
  facet normal -0.688517 -0.528312 0.49682
    outer loop
      vertex 5.01425 11.5338 37.1229
      vertex 6.5 10 37.5509
      vertex 6.51685 10.3431 37.9391
    endloop
  endfacet
  facet normal -0.688502 -0.528284 0.496871
    outer loop
      vertex 5.01425 11.5338 37.1229
      vertex 6.51685 9.65694 37.2095
      vertex 6.5 10 37.5509
    endloop
  endfacet
  facet normal -0.688686 -0.528451 0.496438
    outer loop
      vertex 6.51685 9.65694 37.2095
      vertex 5.01425 11.5338 37.1229
      vertex 6.53181 9.55609 37.1229
    endloop
  endfacet
  facet normal -0.766752 -0.588354 0.25677
    outer loop
      vertex 5.01425 11.5338 37.1229
      vertex 6.56725 9.31718 36.6813
      vertex 6.53181 9.55609 37.1229
    endloop
  endfacet
  facet normal -0.766767 -0.588355 0.256725
    outer loop
      vertex 5.01425 11.5338 37.1229
      vertex 6.65071 8.984 36.167
      vertex 6.56725 9.31718 36.6813
    endloop
  endfacet
  facet normal -0.766752 -0.588358 0.256759
    outer loop
      vertex 5.01425 11.5338 37.1229
      vertex 6.76642 8.66061 35.7715
      vertex 6.65071 8.984 36.167
    endloop
  endfacet
  facet normal -0.766754 -0.588358 0.256756
    outer loop
      vertex 6.59898 7.70793 33.0884
      vertex 6.76642 8.66061 35.7715
      vertex 5.01425 11.5338 37.1229
    endloop
  endfacet
  facet normal -0.766775 -0.588335 0.256745
    outer loop
      vertex 6.91327 8.35011 35.4986
      vertex 6.59898 7.70793 33.0884
      vertex 7.03615 8.1451 35.3958
    endloop
  endfacet
  facet normal -0.766799 -0.588306 0.25674
    outer loop
      vertex 6.76642 8.66061 35.7715
      vertex 6.59898 7.70793 33.0884
      vertex 6.91327 8.35011 35.4986
    endloop
  endfacet
  facet normal 0.892914 0.369844 -0.256749
    outer loop
      vertex 97.6694 42.8873 9.87707
      vertex 96.1927 46.4525 9.87707
      vertex 98.7136 43.1671 13.9116
    endloop
  endfacet
  facet normal 0.399327 0.3064 -0.864093
    outer loop
      vertex 90.1598 45.6799 3
      vertex 89.3172 46.5673 2.92527
      vertex 89.4997 46.5402 3
    endloop
  endfacet
  facet normal 0.399154 0.306224 -0.864236
    outer loop
      vertex 90.1598 45.6799 3
      vertex 88.984 46.6507 2.80093
      vertex 89.3172 46.5673 2.92527
    endloop
  endfacet
  facet normal 0.399239 0.306343 -0.864154
    outer loop
      vertex 87.4867 44.1366 1.21793
      vertex 88.984 46.6507 2.80093
      vertex 90.1598 45.6799 3
    endloop
  endfacet
  facet normal 0.399229 0.30635 -0.864156
    outer loop
      vertex 88.984 46.6507 2.80093
      vertex 87.4867 44.1366 1.21793
      vertex 88.6606 46.7664 2.69254
    endloop
  endfacet
  facet normal 0.399532 0.306172 -0.86408
    outer loop
      vertex 88.6606 46.7664 2.69254
      vertex 87.4867 44.1366 1.21793
      vertex 88.5899 46.7999 2.67172
    endloop
  endfacet
  facet normal -0.20699 0.158821 -0.965366
    outer loop
      vertex 16.3392 42.5519 0.136883
      vertex 12.5133 44.1366 1.21793
      vertex 13.4863 45.4047 1.21793
    endloop
  endfacet
  facet normal 0.0998482 0.241043 -0.965365
    outer loop
      vertex 82.1229 48.6936 1.21793
      vertex 79.602 45.4083 0.136883
      vertex 80.6462 49.3053 1.21793
    endloop
  endfacet
  facet normal 0.776171 0.575666 -0.257229
    outer loop
      vertex 96.3896 48.3761 13.9116
      vertex 94.9857 48.4662 9.87707
      vertex 95.9219 49.0067 13.9116
    endloop
  endfacet
  facet normal 0.776171 0.575666 -0.257229
    outer loop
      vertex 94.9857 48.4662 9.87707
      vertex 96.3896 48.3761 13.9116
      vertex 95.4534 47.8356 9.87707
    endloop
  endfacet
  facet normal 0.299314 -0.403592 -0.864595
    outer loop
      vertex 83.506 12.0456 1.21793
      vertex 85.6799 9.84018 3
      vertex 85.0493 9.37251 3
    endloop
  endfacet
  facet normal 0.299326 -0.403581 -0.864596
    outer loop
      vertex 85.6799 9.84018 3
      vertex 83.506 12.0456 1.21793
      vertex 84.1366 12.5133 1.21793
    endloop
  endfacet
  facet normal 0.801786 -0.332162 -0.496798
    outer loop
      vertex 95.4015 15.9636 6.98473
      vertex 96.1927 13.5475 9.87707
      vertex 94.6735 14.4246 6.83879
    endloop
  endfacet
  facet normal 0.801866 -0.332061 -0.496736
    outer loop
      vertex 96.1927 13.5475 9.87707
      vertex 95.4015 15.9636 6.98473
      vertex 95.7473 16.9303 6.89672
    endloop
  endfacet
  facet normal 0.497035 -0.0737391 -0.864592
    outer loop
      vertex 89.7606 20.8545 1.21793
      vertex 92.8572 20.8322 3
      vertex 92.742 20.0557 3
    endloop
  endfacet
  facet normal 0.497035 -0.0737297 -0.864592
    outer loop
      vertex 92.8572 20.8322 3
      vertex 89.7606 20.8545 1.21793
      vertex 89.8758 21.6311 1.21793
    endloop
  endfacet
  facet normal 0.80181 -0.332112 -0.496792
    outer loop
      vertex 97.6694 17.1126 9.87707
      vertex 95.7473 16.9303 6.89672
      vertex 95.975 17.5667 6.83878
    endloop
  endfacet
  facet normal 0.801809 -0.332117 -0.496791
    outer loop
      vertex 95.7473 16.9303 6.89672
      vertex 97.6694 17.1126 9.87707
      vertex 96.1927 13.5475 9.87707
    endloop
  endfacet
  facet normal 0.79336 -0.608753 0
    outer loop
      vertex 93.401 7.70793 33.0884
      vertex 95.9219 10.9933 13.9116
      vertex 95.9219 10.9933 33.0884
    endloop
  endfacet
  facet normal 0.79336 -0.608753 0
    outer loop
      vertex 95.9219 10.9933 13.9116
      vertex 93.401 7.70793 33.0884
      vertex 93.401 7.70793 13.9116
    endloop
  endfacet
  facet normal 0.866022 0 -0.500006
    outer loop
      vertex 98.7821 24 9.87707
      vertex 97 36 6.79043
      vertex 98.7821 36 9.87707
    endloop
  endfacet
  facet normal 0.866022 0 -0.500006
    outer loop
      vertex 97 36 6.79043
      vertex 98.7821 24 9.87707
      vertex 97 24 6.79043
    endloop
  endfacet
  facet normal 0.776171 -0.575666 -0.257229
    outer loop
      vertex 96.3896 11.6239 13.9116
      vertex 94.9857 11.5338 9.87707
      vertex 95.4534 12.1644 9.87707
    endloop
  endfacet
  facet normal 0.776171 -0.575666 -0.257229
    outer loop
      vertex 94.9857 11.5338 9.87707
      vertex 96.3896 11.6239 13.9116
      vertex 95.9219 10.9933 13.9116
    endloop
  endfacet
  facet normal 0.923879 -0.382684 0
    outer loop
      vertex 97.1289 13.007 33.0884
      vertex 98.7136 16.8328 13.9116
      vertex 98.7136 16.8328 33.0884
    endloop
  endfacet
  facet normal 0.923879 -0.382684 0
    outer loop
      vertex 98.7136 16.8328 13.9116
      vertex 97.1289 13.007 33.0884
      vertex 97.1289 13.007 13.9116
    endloop
  endfacet
  facet normal 0.909662 -0.325494 0.25801
    outer loop
      vertex 97.6694 17.1126 37.1229
      vertex 98.9781 17.572 33.0884
      vertex 97.9339 17.8518 37.1229
    endloop
  endfacet
  facet normal 0.909662 -0.325494 0.25801
    outer loop
      vertex 98.9781 17.572 33.0884
      vertex 97.6694 17.1126 37.1229
      vertex 98.7136 16.8328 33.0884
    endloop
  endfacet
  facet normal 0.970023 -0.243015 0
    outer loop
      vertex 98.9781 17.572 33.0884
      vertex 99.1689 18.3336 13.9116
      vertex 99.1689 18.3336 33.0884
    endloop
  endfacet
  facet normal 0.970023 -0.243015 0
    outer loop
      vertex 99.1689 18.3336 13.9116
      vertex 98.9781 17.572 33.0884
      vertex 98.9781 17.572 13.9116
    endloop
  endfacet
  facet normal 0.989176 -0.146733 0
    outer loop
      vertex 99.1689 18.3336 33.0884
      vertex 99.2841 19.1102 13.9116
      vertex 99.2841 19.1102 33.0884
    endloop
  endfacet
  facet normal 0.989176 -0.146733 0
    outer loop
      vertex 99.2841 19.1102 13.9116
      vertex 99.1689 18.3336 33.0884
      vertex 99.1689 18.3336 13.9116
    endloop
  endfacet
  facet normal -0.0245433 0.499854 -0.865762
    outer loop
      vertex 23.2159 53.171 3
      vertex 24 50.1229 1.21793
      vertex 23.2159 50.0844 1.21793
    endloop
  endfacet
  facet normal -0.0246064 0.499841 -0.865768
    outer loop
      vertex 24 50.1229 1.21793
      vertex 23.2159 53.171 3
      vertex 24 53.2096 3
    endloop
  endfacet
  facet normal -0.192578 -0.464914 -0.864158
    outer loop
      vertex 18.5549 7.7132 3
      vertex 16.5504 8.54351 3
      vertex 19.3538 10.6947 1.21793
    endloop
  endfacet
  facet normal -0.399258 -0.306317 -0.864154
    outer loop
      vertex 11.6499 13.0867 2.60114
      vertex 13.4863 14.5953 1.21793
      vertex 11.8549 12.9638 2.54999
    endloop
  endfacet
  facet normal -0.399199 -0.306389 -0.864156
    outer loop
      vertex 11.4101 13.2001 2.67171
      vertex 13.4863 14.5953 1.21793
      vertex 11.6499 13.0867 2.60114
    endloop
  endfacet
  facet normal -0.399239 -0.306332 -0.864158
    outer loop
      vertex 13.4863 14.5953 1.21793
      vertex 11.4101 13.2001 2.67171
      vertex 12.5133 15.8634 1.21793
    endloop
  endfacet
  facet normal -0.370764 -0.33613 -0.865766
    outer loop
      vertex 12.2204 12.7055 2.49373
      vertex 14.0136 14.0136 1.21793
      vertex 12.4749 12.4749 2.47427
    endloop
  endfacet
  facet normal -0.370782 -0.336106 -0.865768
    outer loop
      vertex 14.0136 14.0136 1.21793
      vertex 12.2204 12.7055 2.49373
      vertex 13.4863 14.5953 1.21793
    endloop
  endfacet
  facet normal -0.370781 -0.336107 -0.865768
    outer loop
      vertex 11.9445 12.9101 2.53246
      vertex 13.4863 14.5953 1.21793
      vertex 12.2204 12.7055 2.49373
    endloop
  endfacet
  facet normal -0.370808 -0.336081 -0.865766
    outer loop
      vertex 13.4863 14.5953 1.21793
      vertex 11.9445 12.9101 2.53246
      vertex 11.8549 12.9638 2.54999
    endloop
  endfacet
  facet normal -0.121536 -0.485059 -0.865995
    outer loop
      vertex 20.0557 7.25795 3
      vertex 20.093 10.4302 1.21793
      vertex 20.8545 10.2394 1.21793
    endloop
  endfacet
  facet normal -0.121489 -0.485063 -0.865999
    outer loop
      vertex 20.093 10.4302 1.21793
      vertex 20.0557 7.25795 3
      vertex 19.2941 7.4487 3
    endloop
  endfacet
  facet normal 0.865236 -0.0425942 -0.499552
    outer loop
      vertex 98.7435 23.2159 9.87707
      vertex 97 24 6.79043
      vertex 98.7821 24 9.87707
    endloop
  endfacet
  facet normal 0.865252 -0.0424846 -0.499533
    outer loop
      vertex 97 24 6.79043
      vertex 98.7435 23.2159 9.87707
      vertex 96.9615 23.2159 6.79043
    endloop
  endfacet
  facet normal -0.86045 0.113275 -0.496784
    outer loop
      vertex 3.10112 38.0583 6.97255
      vertex 1.25644 36.7841 9.87707
      vertex 3.30887 39.4589 6.93208
    endloop
  endfacet
  facet normal -0.860451 0.113285 -0.49678
    outer loop
      vertex 1.25644 36.7841 9.87707
      vertex 3.10112 38.0583 6.97255
      vertex 3.03852 36.7841 6.79041
    endloop
  endfacet
  facet normal 0.192645 0.464879 -0.864162
    outer loop
      vertex 82.1229 48.6936 1.21793
      vertex 83.4496 51.4565 3
      vertex 83.6663 51.3667 3
    endloop
  endfacet
  facet normal 0.192581 0.464909 -0.86416
    outer loop
      vertex 83.4496 51.4565 3
      vertex 82.1229 48.6936 1.21793
      vertex 80.6462 49.3053 1.21793
    endloop
  endfacet
  facet normal 0.464909 0.192581 -0.86416
    outer loop
      vertex 88.6936 42.1229 1.21793
      vertex 91.4565 43.4496 3
      vertex 89.3053 40.6462 1.21793
    endloop
  endfacet
  facet normal 0.464845 0.192719 -0.864164
    outer loop
      vertex 91.4565 43.4496 3
      vertex 88.6936 42.1229 1.21793
      vertex 91.3667 43.6662 3
    endloop
  endfacet
  facet normal 0.15881 0.206994 -0.965367
    outer loop
      vertex 82.5519 43.6608 0.136883
      vertex 82.1193 43.9927 0.136883
      vertex 84.1366 47.4867 1.21793
    endloop
  endfacet
  facet normal -0.0874705 0.244454 -0.965708
    outer loop
      vertex 19.3538 49.3053 1.21793
      vertex 21.1372 45.6728 0.136883
      vertex 20.398 45.4083 0.136883
    endloop
  endfacet
  facet normal -0.0874705 0.244454 -0.965708
    outer loop
      vertex 21.1372 45.6728 0.136883
      vertex 19.3538 49.3053 1.21793
      vertex 20.093 49.5698 1.21793
    endloop
  endfacet
  facet normal -0.0998335 -0.241047 -0.965365
    outer loop
      vertex 19.3538 10.6947 1.21793
      vertex 17.8771 11.3063 1.21793
      vertex 20.398 14.5917 0.136883
    endloop
  endfacet
  facet normal -0.306332 -0.399239 -0.864158
    outer loop
      vertex 13.2001 11.4101 2.67171
      vertex 14.5953 13.4863 1.21793
      vertex 15.8634 12.5133 1.21793
    endloop
  endfacet
  facet normal -0.306389 -0.399199 -0.864156
    outer loop
      vertex 13.0867 11.6499 2.60114
      vertex 14.5953 13.4863 1.21793
      vertex 13.2001 11.4101 2.67171
    endloop
  endfacet
  facet normal -0.306317 -0.399258 -0.864154
    outer loop
      vertex 14.5953 13.4863 1.21793
      vertex 13.0867 11.6499 2.60114
      vertex 12.9638 11.8549 2.54999
    endloop
  endfacet
  facet normal -0.209163 -0.155131 -0.965497
    outer loop
      vertex 12.5133 15.8634 1.21793
      vertex 15.5396 18.5112 0.136883
      vertex 16.0073 17.8806 0.136883
    endloop
  endfacet
  facet normal -0.209163 -0.155131 -0.965497
    outer loop
      vertex 15.5396 18.5112 0.136883
      vertex 12.5133 15.8634 1.21793
      vertex 12.0456 16.494 1.21793
    endloop
  endfacet
  facet normal -0.81608 0.292009 -0.498742
    outer loop
      vertex 4.02496 42.4333 6.83878
      vertex 2.06608 42.1481 9.87707
      vertex 2.33058 42.8873 9.87707
    endloop
  endfacet
  facet normal -0.816072 0.292049 -0.498733
    outer loop
      vertex 3.90425 42.096 6.83878
      vertex 2.06608 42.1481 9.87707
      vertex 4.02496 42.4333 6.83878
    endloop
  endfacet
  facet normal -0.816089 0.291987 -0.498742
    outer loop
      vertex 2.06608 42.1481 9.87707
      vertex 3.90425 42.096 6.83878
      vertex 3.80088 41.6833 6.76631
    endloop
  endfacet
  facet normal -0.369856 0.89291 -0.256746
    outer loop
      vertex 13.5475 56.1927 9.87707
      vertex 13.007 57.1289 13.9116
      vertex 16.8328 58.7136 13.9116
    endloop
  endfacet
  facet normal -0.588371 0.766741 -0.256764
    outer loop
      vertex 7.70793 53.401 13.9116
      vertex 8.35011 53.0867 11.5015
      vertex 8.14509 52.9638 11.6043
    endloop
  endfacet
  facet normal -0.588478 0.766653 -0.256781
    outer loop
      vertex 7.70793 53.401 13.9116
      vertex 8.66061 53.2336 11.2285
      vertex 8.35011 53.0867 11.5015
    endloop
  endfacet
  facet normal -0.588344 0.76677 -0.256741
    outer loop
      vertex 11.5338 54.9857 9.87707
      vertex 8.66061 53.2336 11.2285
      vertex 7.70793 53.401 13.9116
    endloop
  endfacet
  facet normal -0.588349 0.766755 -0.25677
    outer loop
      vertex 8.66061 53.2336 11.2285
      vertex 11.5338 54.9857 9.87707
      vertex 8.984 53.3493 10.833
    endloop
  endfacet
  facet normal -0.588355 0.766735 -0.25682
    outer loop
      vertex 8.984 53.3493 10.833
      vertex 11.5338 54.9857 9.87707
      vertex 9.31718 53.4327 10.3187
    endloop
  endfacet
  facet normal -0.588358 0.766776 -0.256689
    outer loop
      vertex 9.31718 53.4327 10.3187
      vertex 11.5338 54.9857 9.87707
      vertex 9.55612 53.4682 9.87707
    endloop
  endfacet
  facet normal -0.828516 0.49658 -0.258785
    outer loop
      vertex 4.54659 47.8356 9.87707
      vertex 3.20676 47.7027 13.9116
      vertex 3.61037 48.3761 13.9116
    endloop
  endfacet
  facet normal -0.828516 0.49658 -0.258785
    outer loop
      vertex 3.20676 47.7027 13.9116
      vertex 4.54659 47.8356 9.87707
      vertex 4.14298 47.1622 9.87707
    endloop
  endfacet
  facet normal -0.69675 0.516717 -0.497537
    outer loop
      vertex 6.50298 47.6067 6.89962
      vertex 4.54659 47.8356 9.87707
      vertex 5.01425 48.4662 9.87707
    endloop
  endfacet
  facet normal -0.696752 0.516714 -0.497538
    outer loop
      vertex 4.54659 47.8356 9.87707
      vertex 6.50298 47.6067 6.89962
      vertex 6.10196 46.9376 6.76632
    endloop
  endfacet
  facet normal 0.0127073 0.258799 -0.965847
    outer loop
      vertex 76 46.0884 0.136883
      vertex 76.7841 50.0844 1.21793
      vertex 76.7841 46.0499 0.136883
    endloop
  endfacet
  facet normal 0.0127073 0.258799 -0.965847
    outer loop
      vertex 76.7841 50.0844 1.21793
      vertex 76 46.0884 0.136883
      vertex 76 50.1229 1.21793
    endloop
  endfacet
  facet normal 0 0.866022 -0.500006
    outer loop
      vertex 76 57 6.79043
      vertex 24 58.7821 9.87707
      vertex 76 58.7821 9.87707
    endloop
  endfacet
  facet normal 0 0.866022 -0.500006
    outer loop
      vertex 24 58.7821 9.87707
      vertex 76 57 6.79043
      vertex 24 57 6.79043
    endloop
  endfacet
  facet normal 0.0656858 0.498929 -0.86415
    outer loop
      vertex 78.3689 49.8758 1.21793
      vertex 77.0166 53.1404 3
      vertex 79.1677 52.8572 3
    endloop
  endfacet
  facet normal 0.0425948 0.865248 -0.499531
    outer loop
      vertex 76.7841 56.9615 6.79043
      vertex 76 58.7821 9.87707
      vertex 76.7841 58.7435 9.87707
    endloop
  endfacet
  facet normal 0.0424841 0.86524 -0.499554
    outer loop
      vertex 76 58.7821 9.87707
      vertex 76.7841 56.9615 6.79043
      vertex 76 57 6.79043
    endloop
  endfacet
  facet normal 0.0340476 0.25867 -0.965365
    outer loop
      vertex 78.3689 49.8758 1.21793
      vertex 76.7841 46.0499 0.136883
      vertex 76.7841 50.0844 1.21793
    endloop
  endfacet
  facet normal -0.13052 0.991446 0
    outer loop
      vertex 23.2159 59.8246 13.9116
      vertex 19.1102 59.2841 33.0884
      vertex 23.2159 59.8246 33.0884
    endloop
  endfacet
  facet normal -0.13052 0.991446 0
    outer loop
      vertex 19.1102 59.2841 33.0884
      vertex 23.2159 59.8246 13.9116
      vertex 19.1102 59.2841 13.9116
    endloop
  endfacet
  facet normal -0.158821 -0.20699 -0.965366
    outer loop
      vertex 15.8634 12.5133 1.21793
      vertex 14.5953 13.4863 1.21793
      vertex 17.4481 16.3392 0.136883
    endloop
  endfacet
  facet normal -0.0998277 -0.241051 -0.965365
    outer loop
      vertex 20.398 14.5917 0.136883
      vertex 17.8771 11.3063 1.21793
      vertex 19.8943 14.8003 0.136883
    endloop
  endfacet
  facet normal -0.214281 0.453145 -0.865299
    outer loop
      vertex 17.1674 48.358 1.21793
      vertex 16.3337 51.3667 3
      vertex 17.8771 48.6936 1.21793
    endloop
  endfacet
  facet normal -0.214281 0.453145 -0.865299
    outer loop
      vertex 16.3337 51.3667 3
      vertex 17.1674 48.358 1.21793
      vertex 15.624 51.0311 3
    endloop
  endfacet
  facet normal -0.222029 0.133072 -0.965917
    outer loop
      vertex 15.136 40.8154 0.136883
      vertex 12.0456 43.506 1.21793
      vertex 15.5396 41.4888 0.136883
    endloop
  endfacet
  facet normal -0.222029 0.133072 -0.965917
    outer loop
      vertex 12.0456 43.506 1.21793
      vertex 15.136 40.8154 0.136883
      vertex 11.642 42.8326 1.21793
    endloop
  endfacet
  facet normal -0.111016 -0.234698 -0.965708
    outer loop
      vertex 17.8771 11.3063 1.21793
      vertex 19.1846 15.136 0.136883
      vertex 19.8943 14.8003 0.136883
    endloop
  endfacet
  facet normal -0.111016 -0.234698 -0.965708
    outer loop
      vertex 19.1846 15.136 0.136883
      vertex 17.8771 11.3063 1.21793
      vertex 17.1674 11.642 1.21793
    endloop
  endfacet
  facet normal -0.0874705 -0.244454 -0.965708
    outer loop
      vertex 19.3538 10.6947 1.21793
      vertex 21.1372 14.3272 0.136883
      vertex 20.093 10.4302 1.21793
    endloop
  endfacet
  facet normal -0.0874705 -0.244454 -0.965708
    outer loop
      vertex 21.1372 14.3272 0.136883
      vertex 19.3538 10.6947 1.21793
      vertex 20.398 14.5917 0.136883
    endloop
  endfacet
  facet normal -0.257588 0.0382152 -0.965499
    outer loop
      vertex 10.1242 38.3689 1.21793
      vertex 14.1365 38.1012 0.136883
      vertex 14.0213 37.3247 0.136883
    endloop
  endfacet
  facet normal -0.257588 0.0382152 -0.965499
    outer loop
      vertex 14.1365 38.1012 0.136883
      vertex 10.1242 38.3689 1.21793
      vertex 10.2394 39.1454 1.21793
    endloop
  endfacet
  facet normal -0.742845 0.445233 -0.499949
    outer loop
      vertex 6.10196 46.9376 6.76632
      vertex 4.14298 47.1622 9.87707
      vertex 4.54659 47.8356 9.87707
    endloop
  endfacet
  facet normal -0.742845 0.445233 -0.499949
    outer loop
      vertex 4.14298 47.1622 9.87707
      vertex 6.10196 46.9376 6.76632
      vertex 5.69835 46.2642 6.76632
    endloop
  endfacet
  facet normal -0.306345 0.399216 -0.864164
    outer loop
      vertex 14.5953 46.5136 1.21793
      vertex 13.2001 48.5899 2.67171
      vertex 15.8634 47.4867 1.21793
    endloop
  endfacet
  facet normal -0.306406 0.399173 -0.864162
    outer loop
      vertex 14.5953 46.5136 1.21793
      vertex 13.0867 48.3501 2.60115
      vertex 13.2001 48.5899 2.67171
    endloop
  endfacet
  facet normal -0.306277 0.399277 -0.86416
    outer loop
      vertex 13.0867 48.3501 2.60115
      vertex 14.5953 46.5136 1.21793
      vertex 12.9638 48.1451 2.54999
    endloop
  endfacet
  facet normal -0.158833 0.206984 -0.965365
    outer loop
      vertex 17.4481 43.6608 0.136883
      vertex 14.5953 46.5136 1.21793
      vertex 15.8634 47.4867 1.21793
    endloop
  endfacet
  facet normal -0.244454 -0.0874705 -0.965708
    outer loop
      vertex 10.6947 19.3538 1.21793
      vertex 14.3272 21.1372 0.136883
      vertex 14.5917 20.398 0.136883
    endloop
  endfacet
  facet normal -0.244454 -0.0874705 -0.965708
    outer loop
      vertex 14.3272 21.1372 0.136883
      vertex 10.6947 19.3538 1.21793
      vertex 10.4302 20.093 1.21793
    endloop
  endfacet
  facet normal 0.174023 -0.191977 -0.965847
    outer loop
      vertex 85.4047 13.4863 1.21793
      vertex 83.1336 16.8664 0.136883
      vertex 85.9864 14.0136 1.21793
    endloop
  endfacet
  facet normal 0.174003 -0.191991 -0.965848
    outer loop
      vertex 83.1336 16.8664 0.136883
      vertex 85.4047 13.4863 1.21793
      vertex 82.5519 16.3392 0.136883
    endloop
  endfacet
  facet normal 0.575666 0.776171 0.257231
    outer loop
      vertex 88.3761 56.3896 33.0884
      vertex 88.4662 54.9857 37.1229
      vertex 89.0067 55.9219 33.0884
    endloop
  endfacet
  facet normal 0.575666 0.776171 0.257231
    outer loop
      vertex 88.4662 54.9857 37.1229
      vertex 88.3761 56.3896 33.0884
      vertex 87.8356 55.4534 37.1229
    endloop
  endfacet
  facet normal 0.332156 0.80179 0.496795
    outer loop
      vertex 85.5754 54.6735 40.1612
      vertex 86.4525 56.1927 37.1229
      vertex 84.0363 55.4015 40.0153
    endloop
  endfacet
  facet normal 0.332084 0.801847 0.496751
    outer loop
      vertex 83.0697 55.7473 40.1033
      vertex 84.0363 55.4015 40.0153
      vertex 86.4525 56.1927 37.1229
    endloop
  endfacet
  facet normal 0.234766 0.936971 0.258786
    outer loop
      vertex 81.6664 59.1689 33.0884
      vertex 82.1481 57.9339 37.1229
      vertex 82.4279 58.9781 33.0884
    endloop
  endfacet
  facet normal 0.234766 0.936971 0.258786
    outer loop
      vertex 82.1481 57.9339 37.1229
      vertex 81.6664 59.1689 33.0884
      vertex 81.3866 58.1247 37.1229
    endloop
  endfacet
  facet normal 0.210491 0.840089 0.499943
    outer loop
      vertex 81.3866 58.1247 37.1229
      vertex 81.6833 56.1991 40.2337
      vertex 82.1481 57.9339 37.1229
    endloop
  endfacet
  facet normal 0.210491 0.840089 0.499943
    outer loop
      vertex 81.6833 56.1991 40.2337
      vertex 81.3866 58.1247 37.1229
      vertex 80.9218 56.3899 40.2337
    endloop
  endfacet
  facet normal 0.113336 0.860471 0.496734
    outer loop
      vertex 79.4589 56.6911 40.0679
      vertex 76.7841 58.7435 37.1229
      vertex 78.0583 56.8989 40.0275
    endloop
  endfacet
  facet normal 0.113267 0.860465 0.49676
    outer loop
      vertex 76.7841 56.9615 40.2096
      vertex 78.0583 56.8989 40.0275
      vertex 76.7841 58.7435 37.1229
    endloop
  endfacet
  facet normal 0.11326 0.860449 -0.496789
    outer loop
      vertex 80.61 58.2399 9.87707
      vertex 79.4589 56.6911 6.93208
      vertex 76.7841 58.7435 9.87707
    endloop
  endfacet
  facet normal 0.113234 0.860456 -0.496782
    outer loop
      vertex 80.61 58.2399 9.87707
      vertex 80.0969 56.5965 6.91365
      vertex 79.4589 56.6911 6.93208
    endloop
  endfacet
  facet normal 0.113461 0.860417 -0.4968
    outer loop
      vertex 80.0969 56.5965 6.91365
      vertex 80.61 58.2399 9.87707
      vertex 80.1651 56.5794 6.89961
    endloop
  endfacet
  facet normal 0.192576 0.464914 -0.864158
    outer loop
      vertex 83.4496 51.4565 3
      vertex 80.6462 49.3053 1.21793
      vertex 81.4451 52.2868 3
    endloop
  endfacet
  facet normal 0.0382152 0.257588 -0.965499
    outer loop
      vertex 78.1012 45.8635 0.136883
      vertex 78.3689 49.8758 1.21793
      vertex 79.1454 49.7606 1.21793
    endloop
  endfacet
  facet normal 0.0382152 0.257588 -0.965499
    outer loop
      vertex 78.3689 49.8758 1.21793
      vertex 78.1012 45.8635 0.136883
      vertex 77.3247 45.9787 0.136883
    endloop
  endfacet
  facet normal 0.496572 0.828522 -0.258781
    outer loop
      vertex 87.8356 55.4534 9.87707
      vertex 87.7027 56.7932 13.9116
      vertex 88.3761 56.3896 13.9116
    endloop
  endfacet
  facet normal 0.496572 0.828522 -0.258781
    outer loop
      vertex 87.7027 56.7932 13.9116
      vertex 87.8356 55.4534 9.87707
      vertex 87.1622 55.857 9.87707
    endloop
  endfacet
  facet normal 0.257068 0.428914 -0.865996
    outer loop
      vertex 82.8326 48.358 1.21793
      vertex 85.0493 50.6275 3
      vertex 83.506 47.9544 1.21793
    endloop
  endfacet
  facet normal 0.257093 0.428893 -0.865999
    outer loop
      vertex 85.0493 50.6275 3
      vertex 82.8326 48.358 1.21793
      vertex 84.376 51.0311 3
    endloop
  endfacet
  facet normal 0.516748 0.696732 -0.49753
    outer loop
      vertex 87.6067 53.497 6.89962
      vertex 87.8356 55.4534 9.87707
      vertex 88.4662 54.9857 9.87707
    endloop
  endfacet
  facet normal 0.516698 0.696759 -0.497544
    outer loop
      vertex 87.8356 55.4534 9.87707
      vertex 87.6067 53.497 6.89962
      vertex 86.9376 53.898 6.76632
    endloop
  endfacet
  facet normal 0.715774 0.648712 -0.258535
    outer loop
      vertex 93.401 52.2921 13.9116
      vertex 92.4749 52.4749 11.8063
      vertex 92.8738 52.8738 13.9116
    endloop
  endfacet
  facet normal 0.715844 0.648619 -0.258574
    outer loop
      vertex 93.401 52.2921 13.9116
      vertex 92.7055 52.2204 11.8063
      vertex 92.4749 52.4749 11.8063
    endloop
  endfacet
  facet normal 0.715781 0.648696 -0.258556
    outer loop
      vertex 93.401 52.2921 13.9116
      vertex 92.9101 51.9445 11.6805
      vertex 92.7055 52.2204 11.8063
    endloop
  endfacet
  facet normal 0.715678 0.648811 -0.258551
    outer loop
      vertex 92.9101 51.9445 11.6805
      vertex 93.401 52.2921 13.9116
      vertex 92.9638 51.8549 11.6043
    endloop
  endfacet
  facet normal 0.369847 0.892913 0.256747
    outer loop
      vertex 86.993 57.1289 33.0884
      vertex 83.1671 58.7136 33.0884
      vertex 86.4525 56.1927 37.1229
    endloop
  endfacet
  facet normal -0.801823 -0.332085 0.496789
    outer loop
      vertex 2.33058 17.1126 37.1229
      vertex 4.25266 16.9303 40.1033
      vertex 4.02496 17.5667 40.1612
    endloop
  endfacet
  facet normal -0.801812 -0.332125 0.496779
    outer loop
      vertex 4.25266 16.9303 40.1033
      vertex 2.33058 17.1126 37.1229
      vertex 3.80731 13.5475 37.1229
    endloop
  endfacet
  facet normal -0.801803 -0.332143 0.496782
    outer loop
      vertex 4.59853 15.9636 40.0153
      vertex 3.80731 13.5475 37.1229
      vertex 5.32645 14.4246 40.1612
    endloop
  endfacet
  facet normal -0.801834 -0.332104 0.496758
    outer loop
      vertex 3.80731 13.5475 37.1229
      vertex 4.59853 15.9636 40.0153
      vertex 4.25266 16.9303 40.1033
    endloop
  endfacet
  facet normal -0.742848 -0.445234 0.499943
    outer loop
      vertex 4.14298 12.8378 37.1229
      vertex 6.10196 13.0624 40.2337
      vertex 5.69835 13.7358 40.2337
    endloop
  endfacet
  facet normal -0.742848 -0.445234 0.499943
    outer loop
      vertex 6.10196 13.0624 40.2337
      vertex 4.14298 12.8378 37.1229
      vertex 4.54659 12.1644 37.1229
    endloop
  endfacet
  facet normal -0.955889 -0.141795 0.257237
    outer loop
      vertex 0.715919 19.1102 33.0884
      vertex 1.87533 18.6134 37.1229
      vertex 1.76013 19.39 37.1229
    endloop
  endfacet
  facet normal -0.955888 -0.141799 0.257237
    outer loop
      vertex 1.87533 18.6134 37.1229
      vertex 0.715919 19.1102 33.0884
      vertex 0.831122 18.3336 33.0884
    endloop
  endfacet
  facet normal -0.860452 -0.113281 0.496779
    outer loop
      vertex 1.76013 19.39 37.1229
      vertex 3.30887 20.5411 40.0679
      vertex 1.25644 23.2159 37.1229
    endloop
  endfacet
  facet normal -0.860448 -0.113297 0.496783
    outer loop
      vertex 3.30887 20.5411 40.0679
      vertex 1.76013 19.39 37.1229
      vertex 3.4035 19.9031 40.0863
    endloop
  endfacet
  facet normal -0.860512 -0.112931 0.496755
    outer loop
      vertex 3.4035 19.9031 40.0863
      vertex 1.76013 19.39 37.1229
      vertex 3.42059 19.8349 40.1004
    endloop
  endfacet
  facet normal -0.860452 -0.113276 -0.496781
    outer loop
      vertex 3.10112 21.9416 6.97255
      vertex 1.25644 23.2159 9.87707
      vertex 3.03852 23.2159 6.79041
    endloop
  endfacet
  facet normal -0.860452 -0.113284 -0.496778
    outer loop
      vertex 1.25644 23.2159 9.87707
      vertex 3.10112 21.9416 6.97255
      vertex 3.30887 20.5411 6.93208
    endloop
  endfacet
  facet normal -0.865243 -0.0424935 -0.499548
    outer loop
      vertex 3.03852 23.2159 6.79041
      vertex 1.21793 24 9.87707
      vertex 3 24 6.79043
    endloop
  endfacet
  facet normal -0.865244 -0.0424953 -0.499547
    outer loop
      vertex 1.21793 24 9.87707
      vertex 3.03852 23.2159 6.79041
      vertex 1.25644 23.2159 9.87707
    endloop
  endfacet
  facet normal -0.257589 -0.0382105 -0.965499
    outer loop
      vertex 10.1242 21.6311 1.21793
      vertex 14.1365 21.8987 0.136883
      vertex 10.2394 20.8545 1.21793
    endloop
  endfacet
  facet normal -0.257589 -0.0382105 -0.965499
    outer loop
      vertex 14.1365 21.8987 0.136883
      vertex 10.1242 21.6311 1.21793
      vertex 14.0213 22.6753 0.136883
    endloop
  endfacet
  facet normal -0.816084 -0.291987 -0.498749
    outer loop
      vertex 3.90425 17.904 6.83878
      vertex 2.06608 17.8518 9.87707
      vertex 3.80088 18.3167 6.76631
    endloop
  endfacet
  facet normal -0.816068 -0.292047 -0.49874
    outer loop
      vertex 4.02496 17.5667 6.83878
      vertex 2.06608 17.8518 9.87707
      vertex 3.90425 17.904 6.83878
    endloop
  endfacet
  facet normal -0.816076 -0.292008 -0.498749
    outer loop
      vertex 2.06608 17.8518 9.87707
      vertex 4.02496 17.5667 6.83878
      vertex 2.33058 17.1126 9.87707
    endloop
  endfacet
  facet normal -0.369862 -0.892907 -0.256748
    outer loop
      vertex 16.8328 1.28637 13.9116
      vertex 13.007 2.8711 13.9116
      vertex 13.5475 3.80731 9.87707
    endloop
  endfacet
  facet normal -0.332124 -0.801809 -0.496786
    outer loop
      vertex 16.9303 4.25266 6.89672
      vertex 17.1126 2.33058 9.87707
      vertex 13.5475 3.80731 9.87707
    endloop
  endfacet
  facet normal -0.332113 -0.801812 -0.496788
    outer loop
      vertex 17.1126 2.33058 9.87707
      vertex 16.9303 4.25266 6.89672
      vertex 17.5667 4.02496 6.83878
    endloop
  endfacet
  facet normal -0.292008 -0.816076 -0.498749
    outer loop
      vertex 17.5667 4.02496 6.83878
      vertex 17.8518 2.06608 9.87707
      vertex 17.1126 2.33058 9.87707
    endloop
  endfacet
  facet normal -0.292047 -0.816068 -0.49874
    outer loop
      vertex 17.904 3.90425 6.83878
      vertex 17.8518 2.06608 9.87707
      vertex 17.5667 4.02496 6.83878
    endloop
  endfacet
  facet normal -0.291987 -0.816084 -0.498749
    outer loop
      vertex 17.8518 2.06608 9.87707
      vertex 17.904 3.90425 6.83878
      vertex 18.3167 3.80088 6.76631
    endloop
  endfacet
  facet normal -0.210412 -0.840104 -0.499953
    outer loop
      vertex 18.3167 3.80088 6.76631
      vertex 18.6134 1.87533 9.87707
      vertex 17.8518 2.06608 9.87707
    endloop
  endfacet
  facet normal -0.210443 -0.840099 -0.499947
    outer loop
      vertex 18.6134 1.87533 9.87707
      vertex 18.3167 3.80088 6.76631
      vertex 19.0782 3.61012 6.76632
    endloop
  endfacet
  facet normal 0.0424952 -0.865243 -0.499548
    outer loop
      vertex 76 3 6.79043
      vertex 76.7841 1.25644 9.87707
      vertex 76 1.21793 9.87707
    endloop
  endfacet
  facet normal 0.0424936 -0.865244 -0.499548
    outer loop
      vertex 76.7841 1.25644 9.87707
      vertex 76 3 6.79043
      vertex 76.7841 3.03852 6.79041
    endloop
  endfacet
  facet normal 0.210443 -0.840099 -0.499947
    outer loop
      vertex 81.6833 3.80088 6.76631
      vertex 81.3866 1.87533 9.87707
      vertex 80.9218 3.61012 6.76632
    endloop
  endfacet
  facet normal 0.210439 -0.8401 -0.499948
    outer loop
      vertex 81.3866 1.87533 9.87707
      vertex 81.6833 3.80088 6.76631
      vertex 82.1481 2.06608 9.87707
    endloop
  endfacet
  facet normal 0.0629055 -0.251094 -0.965916
    outer loop
      vertex 79.1454 10.2394 1.21793
      vertex 78.8628 14.3272 0.136883
      vertex 79.907 10.4302 1.21793
    endloop
  endfacet
  facet normal 0.0628732 -0.251097 -0.965918
    outer loop
      vertex 78.8628 14.3272 0.136883
      vertex 79.1454 10.2394 1.21793
      vertex 78.1012 14.1365 0.136883
    endloop
  endfacet
  facet normal 0.244454 -0.0874705 -0.965708
    outer loop
      vertex 89.3053 19.3538 1.21793
      vertex 85.6728 21.1372 0.136883
      vertex 89.5698 20.093 1.21793
    endloop
  endfacet
  facet normal 0.244454 -0.0874705 -0.965708
    outer loop
      vertex 85.6728 21.1372 0.136883
      vertex 89.3053 19.3538 1.21793
      vertex 85.4083 20.398 0.136883
    endloop
  endfacet
  facet normal 0.0656872 -0.498922 -0.864154
    outer loop
      vertex 79.1677 7.14275 3
      vertex 77.0166 6.85954 3
      vertex 78.3689 10.1242 1.21793
    endloop
  endfacet
  facet normal -0.92388 0.382681 0
    outer loop
      vertex 1.28637 43.1671 13.9116
      vertex 2.8711 46.993 33.0884
      vertex 2.8711 46.993 13.9116
    endloop
  endfacet
  facet normal -0.92388 0.382681 0
    outer loop
      vertex 2.8711 46.993 33.0884
      vertex 1.28637 43.1671 13.9116
      vertex 1.28637 43.1671 33.0884
    endloop
  endfacet
  facet normal -0.873383 0.413076 0.258011
    outer loop
      vertex 2.8711 46.993 33.0884
      vertex 4.14298 47.1622 37.1229
      vertex 3.20676 47.7027 33.0884
    endloop
  endfacet
  facet normal -0.873379 0.413086 0.258009
    outer loop
      vertex 4.14298 47.1622 37.1229
      vertex 2.8711 46.993 33.0884
      vertex 3.80731 46.4525 37.1229
    endloop
  endfacet
  facet normal -0.96484 -0.0473905 0.25853
    outer loop
      vertex 0.175396 23.2159 33.0884
      vertex 1.21793 24 37.1229
      vertex 0.136883 24 33.0884
    endloop
  endfacet
  facet normal -0.964841 -0.0473868 0.258529
    outer loop
      vertex 1.21793 24 37.1229
      vertex 0.175396 23.2159 33.0884
      vertex 1.25644 23.2159 37.1229
    endloop
  endfacet
  facet normal -0.991445 0.130526 0
    outer loop
      vertex 0.175396 36.7841 13.9116
      vertex 0.715919 40.8898 33.0884
      vertex 0.715919 40.8898 13.9116
    endloop
  endfacet
  facet normal -0.991445 0.130526 0
    outer loop
      vertex 0.715919 40.8898 33.0884
      vertex 0.175396 36.7841 13.9116
      vertex 0.175396 36.7841 33.0884
    endloop
  endfacet
  facet normal -0.816081 0.29201 0.498741
    outer loop
      vertex 2.06608 42.1481 37.1229
      vertex 4.02496 42.4333 40.1612
      vertex 2.33058 42.8873 37.1229
    endloop
  endfacet
  facet normal -0.816073 0.292049 0.498731
    outer loop
      vertex 2.06608 42.1481 37.1229
      vertex 3.90425 42.096 40.1612
      vertex 4.02496 42.4333 40.1612
    endloop
  endfacet
  facet normal -0.81608 0.29202 0.498736
    outer loop
      vertex 3.90425 42.096 40.1612
      vertex 2.06608 42.1481 37.1229
      vertex 3.80088 41.6833 40.2337
    endloop
  endfacet
  facet normal -0.688533 0.528327 0.496782
    outer loop
      vertex 6.56725 49.3172 38.3703
      vertex 5.01425 48.4662 37.1229
      vertex 6.6144 49.129 38.6358
    endloop
  endfacet
  facet normal -0.688526 0.52838 0.496736
    outer loop
      vertex 6.51685 49.6569 37.9391
      vertex 5.01425 48.4662 37.1229
      vertex 6.56725 49.3172 38.3703
    endloop
  endfacet
  facet normal -0.688517 0.528312 0.49682
    outer loop
      vertex 6.5 50 37.5509
      vertex 5.01425 48.4662 37.1229
      vertex 6.51685 49.6569 37.9391
    endloop
  endfacet
  facet normal -0.688518 0.528314 0.496817
    outer loop
      vertex 6.51685 50.3431 37.2094
      vertex 5.01425 48.4662 37.1229
      vertex 6.5 50 37.5509
    endloop
  endfacet
  facet normal -0.688592 0.528382 0.496642
    outer loop
      vertex 5.01425 48.4662 37.1229
      vertex 6.51685 50.3431 37.2094
      vertex 6.53181 50.4439 37.1229
    endloop
  endfacet
  facet normal -0.336901 0.94154 0
    outer loop
      vertex 17.572 58.9781 13.9116
      vertex 16.8328 58.7136 33.0884
      vertex 17.572 58.9781 33.0884
    endloop
  endfacet
  facet normal -0.336901 0.94154 0
    outer loop
      vertex 16.8328 58.7136 33.0884
      vertex 17.572 58.9781 13.9116
      vertex 16.8328 58.7136 13.9116
    endloop
  endfacet
  facet normal -0.325495 0.909662 -0.258008
    outer loop
      vertex 17.1126 57.6694 9.87707
      vertex 17.572 58.9781 13.9116
      vertex 17.8518 57.9339 9.87707
    endloop
  endfacet
  facet normal -0.325495 0.909662 -0.258008
    outer loop
      vertex 17.572 58.9781 13.9116
      vertex 17.1126 57.6694 9.87707
      vertex 16.8328 58.7136 13.9116
    endloop
  endfacet
  facet normal -0.332117 0.801809 -0.496791
    outer loop
      vertex 17.1126 57.6694 9.87707
      vertex 16.9303 55.7473 6.89672
      vertex 13.5475 56.1927 9.87707
    endloop
  endfacet
  facet normal -0.332112 0.80181 -0.496792
    outer loop
      vertex 16.9303 55.7473 6.89672
      vertex 17.1126 57.6694 9.87707
      vertex 17.5667 55.975 6.83878
    endloop
  endfacet
  facet normal -0.332061 0.801866 -0.496736
    outer loop
      vertex 13.5475 56.1927 9.87707
      vertex 16.9303 55.7473 6.89672
      vertex 15.9636 55.4015 6.98473
    endloop
  endfacet
  facet normal -0.332162 0.801786 -0.496798
    outer loop
      vertex 13.5475 56.1927 9.87707
      vertex 15.9636 55.4015 6.98473
      vertex 14.4246 54.6735 6.83879
    endloop
  endfacet
  facet normal -0.127242 0.858056 -0.497542
    outer loop
      vertex 19.0782 56.3899 6.76632
      vertex 19.39 58.2399 9.87707
      vertex 19.8349 56.5794 6.89961
    endloop
  endfacet
  facet normal -0.127283 0.858054 -0.497537
    outer loop
      vertex 19.39 58.2399 9.87707
      vertex 19.0782 56.3899 6.76632
      vertex 18.6134 58.1247 9.87707
    endloop
  endfacet
  facet normal -0.11326 0.860449 -0.496789
    outer loop
      vertex 20.5411 56.6911 6.93208
      vertex 19.39 58.2399 9.87707
      vertex 23.2159 58.7435 9.87707
    endloop
  endfacet
  facet normal -0.113234 0.860456 -0.496782
    outer loop
      vertex 19.9031 56.5965 6.91365
      vertex 19.39 58.2399 9.87707
      vertex 20.5411 56.6911 6.93208
    endloop
  endfacet
  facet normal -0.113461 0.860417 -0.4968
    outer loop
      vertex 19.39 58.2399 9.87707
      vertex 19.9031 56.5965 6.91365
      vertex 19.8349 56.5794 6.89961
    endloop
  endfacet
  facet normal 0.21045 -0.840101 0.499941
    outer loop
      vertex 81.3866 1.87533 37.1229
      vertex 81.6833 3.80088 40.2337
      vertex 80.9218 3.61012 40.2337
    endloop
  endfacet
  facet normal 0.210439 -0.840103 0.499943
    outer loop
      vertex 81.6833 3.80088 40.2337
      vertex 81.3866 1.87533 37.1229
      vertex 82.1481 2.06608 37.1229
    endloop
  endfacet
  facet normal 0.575634 -0.776193 0.257236
    outer loop
      vertex 88.3761 3.61037 33.0884
      vertex 88.4662 5.01425 37.1229
      vertex 87.8356 4.54659 37.1229
    endloop
  endfacet
  facet normal 0.575642 -0.776188 0.257234
    outer loop
      vertex 88.4662 5.01425 37.1229
      vertex 88.3761 3.61037 33.0884
      vertex 89.0067 4.07804 33.0884
    endloop
  endfacet
  facet normal 0.332134 -0.801799 -0.496796
    outer loop
      vertex 86.4525 3.80731 9.87707
      vertex 83.0697 4.25266 6.89672
      vertex 84.0363 4.59853 6.98473
    endloop
  endfacet
  facet normal 0.332114 -0.801815 -0.496783
    outer loop
      vertex 86.4525 3.80731 9.87707
      vertex 84.0363 4.59853 6.98473
      vertex 85.5754 5.32645 6.83879
    endloop
  endfacet
  facet normal 0.214312 -0.453128 -0.865301
    outer loop
      vertex 83.6663 8.63324 3
      vertex 82.8326 11.642 1.21793
      vertex 84.376 8.9689 3
    endloop
  endfacet
  facet normal 0.214334 -0.453121 -0.865299
    outer loop
      vertex 82.8326 11.642 1.21793
      vertex 83.6663 8.63324 3
      vertex 82.1229 11.3063 1.21793
    endloop
  endfacet
  facet normal 0.257098 -0.42889 -0.865999
    outer loop
      vertex 82.8326 11.642 1.21793
      vertex 85.0493 9.37251 3
      vertex 84.376 8.9689 3
    endloop
  endfacet
  facet normal 0.257069 -0.428915 -0.865995
    outer loop
      vertex 85.0493 9.37251 3
      vertex 82.8326 11.642 1.21793
      vertex 83.506 12.0456 1.21793
    endloop
  endfacet
  facet normal 0.588359 -0.76675 -0.256764
    outer loop
      vertex 92.2921 6.59898 13.9116
      vertex 91.6499 6.91327 11.5015
      vertex 91.8549 7.03615 11.6043
    endloop
  endfacet
  facet normal 0.58838 -0.766733 -0.256767
    outer loop
      vertex 92.2921 6.59898 13.9116
      vertex 91.3394 6.76642 11.2285
      vertex 91.6499 6.91327 11.5015
    endloop
  endfacet
  facet normal 0.588359 -0.766751 -0.256761
    outer loop
      vertex 88.4662 5.01425 9.87707
      vertex 91.3394 6.76642 11.2285
      vertex 92.2921 6.59898 13.9116
    endloop
  endfacet
  facet normal 0.588363 -0.766742 -0.256781
    outer loop
      vertex 91.3394 6.76642 11.2285
      vertex 88.4662 5.01425 9.87707
      vertex 91.016 6.65071 10.833
    endloop
  endfacet
  facet normal 0.58836 -0.766753 -0.256753
    outer loop
      vertex 91.016 6.65071 10.833
      vertex 88.4662 5.01425 9.87707
      vertex 90.6828 6.56725 10.3187
    endloop
  endfacet
  facet normal 0.58836 -0.766757 -0.256743
    outer loop
      vertex 90.6828 6.56725 10.3187
      vertex 88.4662 5.01425 9.87707
      vertex 90.4439 6.53181 9.87707
    endloop
  endfacet
  facet normal 0.498925 0.065665 -0.864154
    outer loop
      vertex 90.0844 36.7841 1.21793
      vertex 93.1404 37.0166 3
      vertex 93.171 36.7841 3
    endloop
  endfacet
  facet normal 0.498925 0.0656712 -0.864154
    outer loop
      vertex 93.1404 37.0166 3
      vertex 90.0844 36.7841 1.21793
      vertex 89.8758 38.3689 1.21793
    endloop
  endfacet
  facet normal 0.499841 0.0246064 -0.865768
    outer loop
      vertex 90.1229 36 1.21793
      vertex 93.171 36.7841 3
      vertex 93.2096 36 3
    endloop
  endfacet
  facet normal 0.499854 0.0245433 -0.865762
    outer loop
      vertex 93.171 36.7841 3
      vertex 90.1229 36 1.21793
      vertex 90.0844 36.7841 1.21793
    endloop
  endfacet
  facet normal 0.958206 -0.126144 0.256765
    outer loop
      vertex 99.8246 23.2159 33.0884
      vertex 98.7435 23.2159 37.1229
      vertex 99.2841 19.1102 33.0884
    endloop
  endfacet
  facet normal 0.860471 0.113336 0.496734
    outer loop
      vertex 96.8989 38.0583 40.0275
      vertex 98.7435 36.7841 37.1229
      vertex 96.6911 39.4589 40.0679
    endloop
  endfacet
  facet normal 0.860465 0.113267 0.49676
    outer loop
      vertex 98.7435 36.7841 37.1229
      vertex 96.8989 38.0583 40.0275
      vertex 96.9615 36.7841 40.2096
    endloop
  endfacet
  facet normal 0.688614 -0.528368 0.496627
    outer loop
      vertex 93.0867 11.6499 39.8784
      vertex 93.4609 12.333 40.0863
      vertex 93.0275 11.7487 40.0656
    endloop
  endfacet
  facet normal 0.688494 -0.528356 0.496805
    outer loop
      vertex 93.2336 11.3394 39.3446
      vertex 93.4609 12.333 40.0863
      vertex 93.0867 11.6499 39.8784
    endloop
  endfacet
  facet normal 0.6885 -0.528354 0.496799
    outer loop
      vertex 93.4609 12.333 40.0863
      vertex 93.2336 11.3394 39.3446
      vertex 93.497 12.3933 40.1004
    endloop
  endfacet
  facet normal 0.688533 -0.52834 0.496768
    outer loop
      vertex 93.497 12.3933 40.1004
      vertex 93.2336 11.3394 39.3446
      vertex 94.9857 11.5338 37.1229
    endloop
  endfacet
  facet normal 0.688541 -0.528323 0.496776
    outer loop
      vertex 93.3493 11.016 38.8403
      vertex 94.9857 11.5338 37.1229
      vertex 93.2336 11.3394 39.3446
    endloop
  endfacet
  facet normal 0.688554 -0.528283 0.4968
    outer loop
      vertex 94.9857 11.5338 37.1229
      vertex 93.3493 11.016 38.8403
      vertex 93.3856 10.871 38.6358
    endloop
  endfacet
  facet normal -0.127283 -0.858058 0.497529
    outer loop
      vertex 19.39 1.76013 37.1229
      vertex 19.0782 3.61012 40.2337
      vertex 18.6134 1.87533 37.1229
    endloop
  endfacet
  facet normal -0.127273 -0.858059 0.49753
    outer loop
      vertex 19.0782 3.61012 40.2337
      vertex 19.39 1.76013 37.1229
      vertex 19.8349 3.42059 40.1004
    endloop
  endfacet
  facet normal -0.528315 -0.688463 0.496891
    outer loop
      vertex 11.6499 6.91327 39.8784
      vertex 12.333 6.53912 40.0863
      vertex 11.7487 6.97249 40.0655
    endloop
  endfacet
  facet normal -0.528325 -0.688564 0.496741
    outer loop
      vertex 11.3394 6.76642 39.3446
      vertex 12.333 6.53912 40.0863
      vertex 11.6499 6.91327 39.8784
    endloop
  endfacet
  facet normal -0.528599 -0.687954 0.497295
    outer loop
      vertex 12.333 6.53912 40.0863
      vertex 11.3394 6.76642 39.3446
      vertex 12.3933 6.50298 40.1004
    endloop
  endfacet
  facet normal -0.528326 -0.68853 0.496788
    outer loop
      vertex 11.5338 5.01425 37.1229
      vertex 11.3394 6.76642 39.3446
      vertex 11.016 6.65071 38.8403
    endloop
  endfacet
  facet normal -0.528243 -0.688557 0.496839
    outer loop
      vertex 11.5338 5.01425 37.1229
      vertex 11.016 6.65071 38.8403
      vertex 10.871 6.61439 38.6358
    endloop
  endfacet
  facet normal -0.528363 -0.688513 0.496772
    outer loop
      vertex 11.3394 6.76642 39.3446
      vertex 11.5338 5.01425 37.1229
      vertex 12.3933 6.50298 40.1004
    endloop
  endfacet
  facet normal -0.588354 -0.766752 0.25677
    outer loop
      vertex 9.31718 6.56725 36.6813
      vertex 11.5338 5.01425 37.1229
      vertex 9.55609 6.53181 37.1229
    endloop
  endfacet
  facet normal -0.588355 -0.766767 0.256725
    outer loop
      vertex 8.984 6.65071 36.167
      vertex 11.5338 5.01425 37.1229
      vertex 9.31718 6.56725 36.6813
    endloop
  endfacet
  facet normal -0.588358 -0.766752 0.256759
    outer loop
      vertex 8.66061 6.76642 35.7715
      vertex 11.5338 5.01425 37.1229
      vertex 8.984 6.65071 36.167
    endloop
  endfacet
  facet normal -0.588306 -0.766799 0.25674
    outer loop
      vertex 7.70793 6.59898 33.0884
      vertex 8.66061 6.76642 35.7715
      vertex 8.35011 6.91327 35.4986
    endloop
  endfacet
  facet normal -0.588358 -0.766754 0.256756
    outer loop
      vertex 8.66061 6.76642 35.7715
      vertex 7.70793 6.59898 33.0884
      vertex 11.5338 5.01425 37.1229
    endloop
  endfacet
  facet normal -0.588335 -0.766775 0.256745
    outer loop
      vertex 7.70793 6.59898 33.0884
      vertex 8.35011 6.91327 35.4986
      vertex 8.1451 7.03615 35.3958
    endloop
  endfacet
  facet normal 0.801794 0.332144 -0.496797
    outer loop
      vertex 96.1927 46.4525 9.87707
      vertex 95.4015 44.0363 6.98473
      vertex 94.6735 45.5754 6.83879
    endloop
  endfacet
  facet normal 0.801839 0.332088 -0.496762
    outer loop
      vertex 95.4015 44.0363 6.98473
      vertex 96.1927 46.4525 9.87707
      vertex 95.7473 43.0697 6.89672
    endloop
  endfacet
  facet normal -0.464932 0.19256 -0.864152
    outer loop
      vertex 8.54351 43.4496 3
      vertex 11.3063 42.1229 1.21793
      vertex 10.6947 40.6462 1.21793
    endloop
  endfacet
  facet normal -0.464914 0.192598 -0.864153
    outer loop
      vertex 11.3063 42.1229 1.21793
      vertex 8.54351 43.4496 3
      vertex 8.63324 43.6662 3
    endloop
  endfacet
  facet normal 0.25882 0 -0.965925
    outer loop
      vertex 86.0884 24 0.136883
      vertex 90.1229 36 1.21793
      vertex 90.1229 24 1.21793
    endloop
  endfacet
  facet normal 0.25882 0 -0.965925
    outer loop
      vertex 90.1229 36 1.21793
      vertex 86.0884 24 0.136883
      vertex 86.0884 36 0.136883
    endloop
  endfacet
  facet normal 0.241029 -0.0998665 -0.965366
    outer loop
      vertex 88.6936 17.8771 1.21793
      vertex 85.1996 19.8943 0.136883
      vertex 85.4083 20.398 0.136883
    endloop
  endfacet
  facet normal 0.370804 0.336072 -0.865771
    outer loop
      vertex 86.5136 45.4047 1.21793
      vertex 88.0555 47.0899 2.53247
      vertex 88.1451 47.0362 2.55
    endloop
  endfacet
  facet normal 0.370776 0.336099 -0.865773
    outer loop
      vertex 86.5136 45.4047 1.21793
      vertex 87.7796 47.2945 2.49374
      vertex 88.0555 47.0899 2.53247
    endloop
  endfacet
  facet normal 0.370813 0.336071 -0.865768
    outer loop
      vertex 85.9864 45.9864 1.21793
      vertex 87.7796 47.2945 2.49374
      vertex 86.5136 45.4047 1.21793
    endloop
  endfacet
  facet normal 0.370766 0.336132 -0.865765
    outer loop
      vertex 87.7796 47.2945 2.49374
      vertex 85.9864 45.9864 1.21793
      vertex 87.5251 47.5251 2.47428
    endloop
  endfacet
  facet normal 0.399218 0.306347 -0.864163
    outer loop
      vertex 86.5136 45.4047 1.21793
      vertex 88.5899 46.7999 2.67172
      vertex 87.4867 44.1366 1.21793
    endloop
  endfacet
  facet normal 0.399196 0.306378 -0.864161
    outer loop
      vertex 88.5899 46.7999 2.67172
      vertex 86.5136 45.4047 1.21793
      vertex 88.3501 46.9133 2.60115
    endloop
  endfacet
  facet normal 0.399253 0.306307 -0.86416
    outer loop
      vertex 88.3501 46.9133 2.60115
      vertex 86.5136 45.4047 1.21793
      vertex 88.1451 47.0362 2.55
    endloop
  endfacet
  facet normal 0.222029 -0.133072 -0.965917
    outer loop
      vertex 87.9544 16.494 1.21793
      vertex 84.864 19.1846 0.136883
      vertex 88.358 17.1674 1.21793
    endloop
  endfacet
  facet normal 0.222029 -0.133072 -0.965917
    outer loop
      vertex 84.864 19.1846 0.136883
      vertex 87.9544 16.494 1.21793
      vertex 84.4604 18.5112 0.136883
    endloop
  endfacet
  facet normal 0.873366 0.413117 -0.258006
    outer loop
      vertex 97.1289 46.993 13.9116
      vertex 95.857 47.1622 9.87707
      vertex 96.7932 47.7027 13.9116
    endloop
  endfacet
  facet normal 0.873366 0.413117 -0.258006
    outer loop
      vertex 95.857 47.1622 9.87707
      vertex 97.1289 46.993 13.9116
      vertex 96.1927 46.4525 9.87707
    endloop
  endfacet
  facet normal 0.766705 0.588413 -0.256775
    outer loop
      vertex 93.401 52.2921 13.9116
      vertex 93.0867 51.6499 11.5015
      vertex 92.9638 51.8549 11.6043
    endloop
  endfacet
  facet normal 0.766649 0.588481 -0.256786
    outer loop
      vertex 93.401 52.2921 13.9116
      vertex 93.2336 51.3394 11.2285
      vertex 93.0867 51.6499 11.5015
    endloop
  endfacet
  facet normal 0.766769 0.588343 -0.256745
    outer loop
      vertex 94.9857 48.4662 9.87707
      vertex 93.2336 51.3394 11.2285
      vertex 93.401 52.2921 13.9116
    endloop
  endfacet
  facet normal 0.766748 0.588351 -0.256789
    outer loop
      vertex 93.2336 51.3394 11.2285
      vertex 94.9857 48.4662 9.87707
      vertex 93.3493 51.016 10.833
    endloop
  endfacet
  facet normal 0.7667 0.588364 -0.256904
    outer loop
      vertex 93.3493 51.016 10.833
      vertex 94.9857 48.4662 9.87707
      vertex 93.4327 50.6828 10.3188
    endloop
  endfacet
  facet normal 0.766802 0.588371 -0.256583
    outer loop
      vertex 93.4327 50.6828 10.3188
      vertex 94.9857 48.4662 9.87707
      vertex 93.4682 50.4439 9.87707
    endloop
  endfacet
  facet normal 0.766768 0.588344 -0.256746
    outer loop
      vertex 94.9857 48.4662 9.87707
      vertex 93.401 52.2921 13.9116
      vertex 95.9219 49.0067 13.9116
    endloop
  endfacet
  facet normal 0.191994 0.174006 -0.965847
    outer loop
      vertex 83.1336 43.1336 0.136883
      vertex 86.5136 45.4047 1.21793
      vertex 83.6608 42.5519 0.136883
    endloop
  endfacet
  facet normal 0.191994 0.174006 -0.965847
    outer loop
      vertex 86.5136 45.4047 1.21793
      vertex 83.1336 43.1336 0.136883
      vertex 85.9864 45.9864 1.21793
    endloop
  endfacet
  facet normal 0.45315 0.214284 -0.865296
    outer loop
      vertex 88.358 42.8326 1.21793
      vertex 91.3667 43.6662 3
      vertex 88.6936 42.1229 1.21793
    endloop
  endfacet
  facet normal 0.45315 0.214284 -0.865296
    outer loop
      vertex 91.3667 43.6662 3
      vertex 88.358 42.8326 1.21793
      vertex 91.0311 44.3759 3
    endloop
  endfacet
  facet normal 0.498929 0.0656858 -0.86415
    outer loop
      vertex 93.1404 37.0166 3
      vertex 89.8758 38.3689 1.21793
      vertex 92.8572 39.1677 3
    endloop
  endfacet
  facet normal 0.860461 -0.113267 -0.496767
    outer loop
      vertex 98.7435 23.2159 9.87707
      vertex 96.8989 21.9416 6.97255
      vertex 96.9615 23.2159 6.79043
    endloop
  endfacet
  facet normal 0.860465 -0.113318 -0.496748
    outer loop
      vertex 96.8989 21.9416 6.97255
      vertex 98.7435 23.2159 9.87707
      vertex 96.6911 20.5411 6.93208
    endloop
  endfacet
  facet normal 0.498928 -0.0656826 -0.864151
    outer loop
      vertex 92.8572 20.8322 3
      vertex 89.8758 21.6311 1.21793
      vertex 93.1404 22.9834 3
    endloop
  endfacet
  facet normal 0.11099 0.234713 -0.965708
    outer loop
      vertex 80.8154 44.864 0.136883
      vertex 82.1229 48.6936 1.21793
      vertex 82.8326 48.358 1.21793
    endloop
  endfacet
  facet normal 0.11099 0.234713 -0.965708
    outer loop
      vertex 82.1229 48.6936 1.21793
      vertex 80.8154 44.864 0.136883
      vertex 80.1057 45.1996 0.136883
    endloop
  endfacet
  facet normal 0.840099 -0.210487 -0.499929
    outer loop
      vertex 98.1246 18.6134 9.87707
      vertex 96.1991 18.3167 6.76631
      vertex 96.3899 19.0782 6.76632
    endloop
  endfacet
  facet normal 0.840117 -0.21036 -0.499952
    outer loop
      vertex 96.1991 18.3167 6.76631
      vertex 98.1246 18.6134 9.87707
      vertex 97.9339 17.8518 9.87707
    endloop
  endfacet
  facet normal 0.370743 -0.33613 -0.865775
    outer loop
      vertex 88.0555 12.9101 2.53247
      vertex 86.5136 14.5953 1.21793
      vertex 88.1451 12.9638 2.54999
    endloop
  endfacet
  facet normal 0.370776 -0.336099 -0.865773
    outer loop
      vertex 87.7796 12.7055 2.49374
      vertex 86.5136 14.5953 1.21793
      vertex 88.0555 12.9101 2.53247
    endloop
  endfacet
  facet normal 0.370766 -0.336132 -0.865765
    outer loop
      vertex 85.9864 14.0136 1.21793
      vertex 87.7796 12.7055 2.49374
      vertex 87.5251 12.4749 2.47428
    endloop
  endfacet
  facet normal 0.370813 -0.336071 -0.865768
    outer loop
      vertex 87.7796 12.7055 2.49374
      vertex 85.9864 14.0136 1.21793
      vertex 86.5136 14.5953 1.21793
    endloop
  endfacet
  facet normal 0.816066 -0.292041 -0.498747
    outer loop
      vertex 97.9339 17.8518 9.87707
      vertex 96.0957 17.904 6.83878
      vertex 96.1991 18.3167 6.76631
    endloop
  endfacet
  facet normal 0.816071 -0.292024 -0.498749
    outer loop
      vertex 97.9339 17.8518 9.87707
      vertex 95.975 17.5667 6.83878
      vertex 96.0957 17.904 6.83878
    endloop
  endfacet
  facet normal 0.816074 -0.292007 -0.498753
    outer loop
      vertex 95.975 17.5667 6.83878
      vertex 97.9339 17.8518 9.87707
      vertex 97.6694 17.1126 9.87707
    endloop
  endfacet
  facet normal 0.873366 -0.413117 -0.258006
    outer loop
      vertex 97.1289 13.007 13.9116
      vertex 95.857 12.8378 9.87707
      vertex 96.1927 13.5475 9.87707
    endloop
  endfacet
  facet normal 0.873366 -0.413117 -0.258006
    outer loop
      vertex 95.857 12.8378 9.87707
      vertex 97.1289 13.007 13.9116
      vertex 96.7932 12.2973 13.9116
    endloop
  endfacet
  facet normal 0.766776 -0.588358 -0.256689
    outer loop
      vertex 94.9857 11.5338 9.87707
      vertex 93.4327 9.31718 10.3187
      vertex 93.4682 9.55612 9.87707
    endloop
  endfacet
  facet normal 0.766735 -0.588355 -0.25682
    outer loop
      vertex 94.9857 11.5338 9.87707
      vertex 93.3493 8.984 10.833
      vertex 93.4327 9.31718 10.3187
    endloop
  endfacet
  facet normal 0.766755 -0.588349 -0.25677
    outer loop
      vertex 94.9857 11.5338 9.87707
      vertex 93.2336 8.66061 11.2285
      vertex 93.3493 8.984 10.833
    endloop
  endfacet
  facet normal 0.76677 -0.588344 -0.256741
    outer loop
      vertex 93.401 7.70793 13.9116
      vertex 93.2336 8.66061 11.2285
      vertex 94.9857 11.5338 9.87707
    endloop
  endfacet
  facet normal 0.766741 -0.588371 -0.256764
    outer loop
      vertex 93.0867 8.35011 11.5015
      vertex 93.401 7.70793 13.9116
      vertex 92.9638 8.14509 11.6043
    endloop
  endfacet
  facet normal 0.766653 -0.588478 -0.256781
    outer loop
      vertex 93.2336 8.66061 11.2285
      vertex 93.401 7.70793 13.9116
      vertex 93.0867 8.35011 11.5015
    endloop
  endfacet
  facet normal 0.803198 -0.595712 0
    outer loop
      vertex 95.9219 10.9933 33.0884
      vertex 96.3896 11.6239 13.9116
      vertex 96.3896 11.6239 33.0884
    endloop
  endfacet
  facet normal 0.803198 -0.595712 0
    outer loop
      vertex 96.3896 11.6239 13.9116
      vertex 95.9219 10.9933 33.0884
      vertex 95.9219 10.9933 13.9116
    endloop
  endfacet
  facet normal 0.903971 -0.427594 0
    outer loop
      vertex 96.7932 12.2973 33.0884
      vertex 97.1289 13.007 13.9116
      vertex 97.1289 13.007 33.0884
    endloop
  endfacet
  facet normal 0.903971 -0.427594 0
    outer loop
      vertex 97.1289 13.007 13.9116
      vertex 96.7932 12.2973 33.0884
      vertex 96.7932 12.2973 13.9116
    endloop
  endfacet
  facet normal 0.85774 -0.514084 0
    outer loop
      vertex 96.3896 11.6239 33.0884
      vertex 96.7932 12.2973 13.9116
      vertex 96.7932 12.2973 33.0884
    endloop
  endfacet
  facet normal 0.85774 -0.514084 0
    outer loop
      vertex 96.7932 12.2973 13.9116
      vertex 96.3896 11.6239 33.0884
      vertex 96.3896 11.6239 13.9116
    endloop
  endfacet
  facet normal 0.801874 -0.332057 0.496725
    outer loop
      vertex 95.4015 15.9636 40.0153
      vertex 96.1927 13.5475 37.1229
      vertex 95.7473 16.9303 40.1033
    endloop
  endfacet
  facet normal 0.801782 -0.332173 0.496796
    outer loop
      vertex 96.1927 13.5475 37.1229
      vertex 95.4015 15.9636 40.0153
      vertex 94.6735 14.4246 40.1612
    endloop
  endfacet
  facet normal 0.496572 0.828522 0.258783
    outer loop
      vertex 87.7027 56.7932 33.0884
      vertex 87.8356 55.4534 37.1229
      vertex 88.3761 56.3896 33.0884
    endloop
  endfacet
  facet normal 0.496572 0.828522 0.258783
    outer loop
      vertex 87.8356 55.4534 37.1229
      vertex 87.7027 56.7932 33.0884
      vertex 87.1622 55.857 37.1229
    endloop
  endfacet
  facet normal -0.332132 -0.801807 -0.496784
    outer loop
      vertex 13.5475 3.80731 9.87707
      vertex 14.4246 5.32645 6.83879
      vertex 15.9636 4.59853 6.98473
    endloop
  endfacet
  facet normal -0.332107 -0.801826 -0.496769
    outer loop
      vertex 13.5475 3.80731 9.87707
      vertex 15.9636 4.59853 6.98473
      vertex 16.9303 4.25266 6.89672
    endloop
  endfacet
  facet normal -0.0656644 -0.49892 -0.864157
    outer loop
      vertex 22.9834 6.85954 3
      vertex 23.2159 9.91558 1.21793
      vertex 23.2159 6.82894 3
    endloop
  endfacet
  facet normal -0.0656768 -0.498919 -0.864156
    outer loop
      vertex 23.2159 9.91558 1.21793
      vertex 22.9834 6.85954 3
      vertex 21.6311 10.1242 1.21793
    endloop
  endfacet
  facet normal -0.065684 -0.498921 -0.864155
    outer loop
      vertex 22.9834 6.85954 3
      vertex 20.8322 7.14275 3
      vertex 21.6311 10.1242 1.21793
    endloop
  endfacet
  facet normal -0.497029 0.0737382 -0.864595
    outer loop
      vertex 7.14275 39.1677 3
      vertex 10.2394 39.1454 1.21793
      vertex 10.1242 38.3689 1.21793
    endloop
  endfacet
  facet normal -0.497029 0.0737288 -0.864596
    outer loop
      vertex 10.2394 39.1454 1.21793
      vertex 7.14275 39.1677 3
      vertex 7.25795 39.9443 3
    endloop
  endfacet
  facet normal -0.498922 0.0656872 -0.864154
    outer loop
      vertex 10.1242 38.3689 1.21793
      vertex 6.85954 37.0166 3
      vertex 7.14275 39.1677 3
    endloop
  endfacet
  facet normal -0.498921 -0.065684 -0.864155
    outer loop
      vertex 7.14275 20.8322 3
      vertex 6.85954 22.9834 3
      vertex 10.1242 21.6311 1.21793
    endloop
  endfacet
  facet normal -0.258798 -0.0127072 -0.965848
    outer loop
      vertex 9.91558 23.2159 1.21793
      vertex 13.9116 24 0.136883
      vertex 13.9501 23.2159 0.136883
    endloop
  endfacet
  facet normal -0.258798 -0.0127105 -0.965848
    outer loop
      vertex 13.9116 24 0.136883
      vertex 9.91558 23.2159 1.21793
      vertex 9.87707 24 1.21793
    endloop
  endfacet
  facet normal -0.499849 0.0245494 -0.865765
    outer loop
      vertex 9.87707 36 1.21793
      vertex 6.82894 36.7841 3
      vertex 9.91558 36.7841 1.21793
    endloop
  endfacet
  facet normal -0.499849 0.0245494 -0.865765
    outer loop
      vertex 6.82894 36.7841 3
      vertex 9.87707 36 1.21793
      vertex 6.79043 36 3
    endloop
  endfacet
  facet normal 0.155146 0.209151 -0.965498
    outer loop
      vertex 81.4888 44.4604 0.136883
      vertex 84.1366 47.4867 1.21793
      vertex 82.1193 43.9927 0.136883
    endloop
  endfacet
  facet normal 0.155131 0.209163 -0.965497
    outer loop
      vertex 84.1366 47.4867 1.21793
      vertex 81.4888 44.4604 0.136883
      vertex 83.506 47.9544 1.21793
    endloop
  endfacet
  facet normal -0.30644 -0.399367 -0.864061
    outer loop
      vertex 13.4327 10.6828 2.92526
      vertex 14.3201 9.84018 3
      vertex 13.4598 10.5003 3
    endloop
  endfacet
  facet normal -0.306223 -0.399154 -0.864236
    outer loop
      vertex 13.3493 11.016 2.80092
      vertex 14.3201 9.84018 3
      vertex 13.4327 10.6828 2.92526
    endloop
  endfacet
  facet normal -0.306341 -0.399238 -0.864156
    outer loop
      vertex 14.3201 9.84018 3
      vertex 13.3493 11.016 2.80092
      vertex 15.8634 12.5133 1.21793
    endloop
  endfacet
  facet normal -0.306347 -0.399228 -0.864157
    outer loop
      vertex 13.2336 11.3394 2.69253
      vertex 15.8634 12.5133 1.21793
      vertex 13.3493 11.016 2.80092
    endloop
  endfacet
  facet normal -0.306169 -0.399531 -0.864081
    outer loop
      vertex 15.8634 12.5133 1.21793
      vertex 13.2336 11.3394 2.69253
      vertex 13.2001 11.4101 2.67171
    endloop
  endfacet
  facet normal 0.206984 0.158833 -0.965365
    outer loop
      vertex 87.4867 44.1366 1.21793
      vertex 83.6608 42.5519 0.136883
      vertex 86.5136 45.4047 1.21793
    endloop
  endfacet
  facet normal -0.399531 -0.306169 -0.864081
    outer loop
      vertex 11.3394 13.2336 2.69253
      vertex 12.5133 15.8634 1.21793
      vertex 11.4101 13.2001 2.67171
    endloop
  endfacet
  facet normal -0.399228 -0.306347 -0.864157
    outer loop
      vertex 11.016 13.3493 2.80092
      vertex 12.5133 15.8634 1.21793
      vertex 11.3394 13.2336 2.69253
    endloop
  endfacet
  facet normal -0.399154 -0.306223 -0.864236
    outer loop
      vertex 9.84018 14.3201 3
      vertex 11.016 13.3493 2.80092
      vertex 10.6828 13.4327 2.92526
    endloop
  endfacet
  facet normal -0.399367 -0.30644 -0.864061
    outer loop
      vertex 9.84018 14.3201 3
      vertex 10.6828 13.4327 2.92526
      vertex 10.5003 13.4598 3
    endloop
  endfacet
  facet normal -0.399238 -0.306341 -0.864156
    outer loop
      vertex 11.016 13.3493 2.80092
      vertex 9.84018 14.3201 3
      vertex 12.5133 15.8634 1.21793
    endloop
  endfacet
  facet normal -0.191977 -0.174023 -0.965847
    outer loop
      vertex 13.4863 14.5953 1.21793
      vertex 16.8664 16.8664 0.136883
      vertex 14.0136 14.0136 1.21793
    endloop
  endfacet
  facet normal -0.191991 -0.174003 -0.965848
    outer loop
      vertex 16.8664 16.8664 0.136883
      vertex 13.4863 14.5953 1.21793
      vertex 16.3392 17.4481 0.136883
    endloop
  endfacet
  facet normal -0.42891 -0.257066 -0.865999
    outer loop
      vertex 9.37251 14.9506 3
      vertex 11.642 17.1674 1.21793
      vertex 12.0456 16.494 1.21793
    endloop
  endfacet
  facet normal -0.428906 -0.25707 -0.865999
    outer loop
      vertex 11.642 17.1674 1.21793
      vertex 9.37251 14.9506 3
      vertex 8.9689 15.624 3
    endloop
  endfacet
  facet normal -0.158838 -0.206982 -0.965365
    outer loop
      vertex 17.8806 16.0073 0.136883
      vertex 15.8634 12.5133 1.21793
      vertex 17.4481 16.3392 0.136883
    endloop
  endfacet
  facet normal -0.464949 -0.192524 -0.864151
    outer loop
      vertex 8.54351 16.5504 3
      vertex 11.3063 17.8771 1.21793
      vertex 8.63324 16.3337 3
    endloop
  endfacet
  facet normal -0.464932 -0.19256 -0.864152
    outer loop
      vertex 11.3063 17.8771 1.21793
      vertex 8.54351 16.5504 3
      vertex 10.6947 19.3538 1.21793
    endloop
  endfacet
  facet normal -0.858055 0.127283 -0.497535
    outer loop
      vertex 3.61012 40.9218 6.76632
      vertex 1.76013 40.61 9.87707
      vertex 1.87533 41.3866 9.87707
    endloop
  endfacet
  facet normal -0.858055 0.127277 -0.497536
    outer loop
      vertex 1.76013 40.61 9.87707
      vertex 3.61012 40.9218 6.76632
      vertex 3.42059 40.1651 6.89961
    endloop
  endfacet
  facet normal -0.257065 0.428909 -0.865999
    outer loop
      vertex 14.9506 50.6275 3
      vertex 17.1674 48.358 1.21793
      vertex 16.494 47.9544 1.21793
    endloop
  endfacet
  facet normal -0.257065 0.428909 -0.865999
    outer loop
      vertex 17.1674 48.358 1.21793
      vertex 14.9506 50.6275 3
      vertex 15.624 51.0311 3
    endloop
  endfacet
  facet normal -0.299327 0.403583 -0.864595
    outer loop
      vertex 14.3201 50.1598 3
      vertex 16.494 47.9544 1.21793
      vertex 15.8634 47.4867 1.21793
    endloop
  endfacet
  facet normal -0.299355 0.403557 -0.864597
    outer loop
      vertex 16.494 47.9544 1.21793
      vertex 14.3201 50.1598 3
      vertex 14.9506 50.6275 3
    endloop
  endfacet
  facet normal -0.528218 0.688399 -0.497084
    outer loop
      vertex 11.5338 54.9857 9.87707
      vertex 9.65694 53.4831 9.79057
      vertex 9.55612 53.4682 9.87707
    endloop
  endfacet
  facet normal -0.528361 0.688557 -0.496714
    outer loop
      vertex 11.5338 54.9857 9.87707
      vertex 10 53.5 9.44908
      vertex 9.65694 53.4831 9.79057
    endloop
  endfacet
  facet normal -0.528272 0.68851 -0.496873
    outer loop
      vertex 11.5338 54.9857 9.87707
      vertex 10.3431 53.4831 9.06088
      vertex 10 53.5 9.44908
    endloop
  endfacet
  facet normal -0.528376 0.688523 -0.496744
    outer loop
      vertex 11.5338 54.9857 9.87707
      vertex 10.6828 53.4327 8.62969
      vertex 10.3431 53.4831 9.06088
    endloop
  endfacet
  facet normal -0.528402 0.688519 -0.496721
    outer loop
      vertex 10.6828 53.4327 8.62969
      vertex 11.5338 54.9857 9.87707
      vertex 10.871 53.3856 8.3642
    endloop
  endfacet
  facet normal -0.766763 0.58835 -0.256747
    outer loop
      vertex 5.01425 48.4662 9.87707
      vertex 4.07804 49.0067 13.9116
      vertex 6.59898 52.2921 13.9116
    endloop
  endfacet
  facet normal -0.76675 0.588359 -0.256764
    outer loop
      vertex 6.91327 51.6499 11.5015
      vertex 6.59898 52.2921 13.9116
      vertex 7.03615 51.8549 11.6043
    endloop
  endfacet
  facet normal -0.766733 0.58838 -0.256767
    outer loop
      vertex 6.76642 51.3394 11.2285
      vertex 6.59898 52.2921 13.9116
      vertex 6.91327 51.6499 11.5015
    endloop
  endfacet
  facet normal -0.766742 0.588363 -0.256781
    outer loop
      vertex 5.01425 48.4662 9.87707
      vertex 6.76642 51.3394 11.2285
      vertex 6.65071 51.016 10.833
    endloop
  endfacet
  facet normal -0.766753 0.58836 -0.256753
    outer loop
      vertex 5.01425 48.4662 9.87707
      vertex 6.65071 51.016 10.833
      vertex 6.56725 50.6828 10.3187
    endloop
  endfacet
  facet normal -0.766757 0.58836 -0.256743
    outer loop
      vertex 5.01425 48.4662 9.87707
      vertex 6.56725 50.6828 10.3187
      vertex 6.53181 50.4439 9.87707
    endloop
  endfacet
  facet normal -0.766751 0.588359 -0.256761
    outer loop
      vertex 6.76642 51.3394 11.2285
      vertex 5.01425 48.4662 9.87707
      vertex 6.59898 52.2921 13.9116
    endloop
  endfacet
  facet normal 0.168872 0.471949 -0.865301
    outer loop
      vertex 79.907 49.5698 1.21793
      vertex 81.4451 52.2868 3
      vertex 80.6462 49.3053 1.21793
    endloop
  endfacet
  facet normal 0.168872 0.471949 -0.865301
    outer loop
      vertex 81.4451 52.2868 3
      vertex 79.907 49.5698 1.21793
      vertex 80.7059 52.5513 3
    endloop
  endfacet
  facet normal 0.113309 0.860463 -0.496754
    outer loop
      vertex 76.7841 58.7435 9.87707
      vertex 79.4589 56.6911 6.93208
      vertex 78.0583 56.8989 6.97255
    endloop
  endfacet
  facet normal 0.113276 0.86046 -0.496767
    outer loop
      vertex 76.7841 58.7435 9.87707
      vertex 78.0583 56.8989 6.97255
      vertex 76.7841 56.9615 6.79043
    endloop
  endfacet
  facet normal -0.0425948 0.865248 -0.499531
    outer loop
      vertex 24 58.7821 9.87707
      vertex 23.2159 56.9615 6.79043
      vertex 23.2159 58.7435 9.87707
    endloop
  endfacet
  facet normal -0.0424841 0.86524 -0.499554
    outer loop
      vertex 23.2159 56.9615 6.79043
      vertex 24 58.7821 9.87707
      vertex 24 57 6.79043
    endloop
  endfacet
  facet normal 0.485066 0.121521 -0.865993
    outer loop
      vertex 89.5698 39.907 1.21793
      vertex 92.742 39.9443 3
      vertex 89.7606 39.1454 1.21793
    endloop
  endfacet
  facet normal 0.48507 0.121459 -0.865999
    outer loop
      vertex 92.742 39.9443 3
      vertex 89.5698 39.907 1.21793
      vertex 92.5513 40.7059 3
    endloop
  endfacet
  facet normal -0.192581 0.464909 -0.86416
    outer loop
      vertex 17.8771 48.6936 1.21793
      vertex 16.5504 51.4565 3
      vertex 19.3538 49.3053 1.21793
    endloop
  endfacet
  facet normal -0.192645 0.464879 -0.864162
    outer loop
      vertex 16.5504 51.4565 3
      vertex 17.8771 48.6936 1.21793
      vertex 16.3337 51.3667 3
    endloop
  endfacet
  facet normal -0.192576 0.464914 -0.864158
    outer loop
      vertex 19.3538 49.3053 1.21793
      vertex 16.5504 51.4565 3
      vertex 18.5549 52.2868 3
    endloop
  endfacet
  facet normal -0.453126 0.214336 -0.865296
    outer loop
      vertex 8.63324 43.6662 3
      vertex 11.642 42.8326 1.21793
      vertex 11.3063 42.1229 1.21793
    endloop
  endfacet
  facet normal -0.453133 0.214314 -0.865298
    outer loop
      vertex 11.642 42.8326 1.21793
      vertex 8.63324 43.6662 3
      vertex 8.9689 44.3759 3
    endloop
  endfacet
  facet normal 0.528368 0.688614 0.496627
    outer loop
      vertex 88.3501 53.0867 39.8784
      vertex 87.667 53.4609 40.0863
      vertex 88.2513 53.0275 40.0656
    endloop
  endfacet
  facet normal 0.528356 0.688494 0.496805
    outer loop
      vertex 88.6606 53.2336 39.3446
      vertex 87.667 53.4609 40.0863
      vertex 88.3501 53.0867 39.8784
    endloop
  endfacet
  facet normal 0.528354 0.6885 0.496799
    outer loop
      vertex 87.667 53.4609 40.0863
      vertex 88.6606 53.2336 39.3446
      vertex 87.6067 53.497 40.1004
    endloop
  endfacet
  facet normal 0.528323 0.688541 0.496776
    outer loop
      vertex 88.4662 54.9857 37.1229
      vertex 88.6606 53.2336 39.3446
      vertex 88.984 53.3493 38.8403
    endloop
  endfacet
  facet normal 0.528283 0.688554 0.4968
    outer loop
      vertex 88.4662 54.9857 37.1229
      vertex 88.984 53.3493 38.8403
      vertex 89.129 53.3856 38.6358
    endloop
  endfacet
  facet normal 0.52834 0.688533 0.496768
    outer loop
      vertex 88.6606 53.2336 39.3446
      vertex 88.4662 54.9857 37.1229
      vertex 87.6067 53.497 40.1004
    endloop
  endfacet
  facet normal 0.514084 0.85774 -0
    outer loop
      vertex 88.3761 56.3896 13.9116
      vertex 87.7027 56.7932 33.0884
      vertex 88.3761 56.3896 33.0884
    endloop
  endfacet
  facet normal 0.514084 0.85774 0
    outer loop
      vertex 87.7027 56.7932 33.0884
      vertex 88.3761 56.3896 13.9116
      vertex 87.7027 56.7932 13.9116
    endloop
  endfacet
  facet normal 0.332112 0.801819 0.496778
    outer loop
      vertex 82.8873 57.6694 37.1229
      vertex 83.0697 55.7473 40.1033
      vertex 86.4525 56.1927 37.1229
    endloop
  endfacet
  facet normal 0.332086 0.801826 0.496784
    outer loop
      vertex 83.0697 55.7473 40.1033
      vertex 82.8873 57.6694 37.1229
      vertex 82.4333 55.975 40.1612
    endloop
  endfacet
  facet normal -0.816076 -0.29202 0.498743
    outer loop
      vertex 2.06608 17.8518 37.1229
      vertex 3.90425 17.904 40.1612
      vertex 3.80088 18.3167 40.2337
    endloop
  endfacet
  facet normal -0.816069 -0.292048 0.498739
    outer loop
      vertex 2.06608 17.8518 37.1229
      vertex 4.02496 17.5667 40.1612
      vertex 3.90425 17.904 40.1612
    endloop
  endfacet
  facet normal -0.816077 -0.292008 0.498748
    outer loop
      vertex 4.02496 17.5667 40.1612
      vertex 2.06608 17.8518 37.1229
      vertex 2.33058 17.1126 37.1229
    endloop
  endfacet
  facet normal -0.464914 -0.192578 -0.864158
    outer loop
      vertex 8.54351 16.5504 3
      vertex 7.7132 18.5549 3
      vertex 10.6947 19.3538 1.21793
    endloop
  endfacet
  facet normal -0.840099 -0.210443 -0.499947
    outer loop
      vertex 3.80088 18.3167 6.76631
      vertex 1.87533 18.6134 9.87707
      vertex 3.61012 19.0782 6.76632
    endloop
  endfacet
  facet normal -0.840104 -0.210412 -0.499953
    outer loop
      vertex 1.87533 18.6134 9.87707
      vertex 3.80088 18.3167 6.76631
      vertex 2.06608 17.8518 9.87707
    endloop
  endfacet
  facet normal 0.127277 -0.858055 -0.497536
    outer loop
      vertex 80.9218 3.61012 6.76632
      vertex 80.61 1.76013 9.87707
      vertex 80.1651 3.42059 6.89961
    endloop
  endfacet
  facet normal 0.127283 -0.858055 -0.497535
    outer loop
      vertex 80.61 1.76013 9.87707
      vertex 80.9218 3.61012 6.76632
      vertex 81.3866 1.87533 9.87707
    endloop
  endfacet
  facet normal 0.141796 -0.955889 -0.257235
    outer loop
      vertex 81.3866 1.87533 9.87707
      vertex 80.8898 0.715919 13.9116
      vertex 80.61 1.76013 9.87707
    endloop
  endfacet
  facet normal 0.141799 -0.955889 -0.257235
    outer loop
      vertex 80.8898 0.715919 13.9116
      vertex 81.3866 1.87533 9.87707
      vertex 81.6664 0.831122 13.9116
    endloop
  endfacet
  facet normal 0.0382152 -0.257588 -0.965499
    outer loop
      vertex 78.3689 10.1242 1.21793
      vertex 78.1012 14.1365 0.136883
      vertex 79.1454 10.2394 1.21793
    endloop
  endfacet
  facet normal 0.0382152 -0.257588 -0.965499
    outer loop
      vertex 78.1012 14.1365 0.136883
      vertex 78.3689 10.1242 1.21793
      vertex 77.3247 14.0213 0.136883
    endloop
  endfacet
  facet normal -0.688548 0.52827 0.496823
    outer loop
      vertex 5.01425 48.4662 37.1229
      vertex 6.65071 48.984 38.8403
      vertex 6.6144 49.129 38.6358
    endloop
  endfacet
  facet normal -0.68853 0.528326 0.496788
    outer loop
      vertex 5.01425 48.4662 37.1229
      vertex 6.76642 48.6606 39.3446
      vertex 6.65071 48.984 38.8403
    endloop
  endfacet
  facet normal -0.688513 0.528363 0.496772
    outer loop
      vertex 6.50298 47.6067 40.1004
      vertex 6.76642 48.6606 39.3446
      vertex 5.01425 48.4662 37.1229
    endloop
  endfacet
  facet normal -0.688564 0.528325 0.496741
    outer loop
      vertex 6.76642 48.6606 39.3446
      vertex 6.53912 47.667 40.0863
      vertex 6.91327 48.3501 39.8784
    endloop
  endfacet
  facet normal -0.688444 0.528314 0.496921
    outer loop
      vertex 6.91327 48.3501 39.8784
      vertex 6.53912 47.667 40.0863
      vertex 6.9725 48.2513 40.0655
    endloop
  endfacet
  facet normal -0.687954 0.528599 0.497295
    outer loop
      vertex 6.76642 48.6606 39.3446
      vertex 6.50298 47.6067 40.1004
      vertex 6.53912 47.667 40.0863
    endloop
  endfacet
  facet normal -0.936992 -0.234679 0.258787
    outer loop
      vertex 0.831122 18.3336 33.0884
      vertex 2.06608 17.8518 37.1229
      vertex 1.87533 18.6134 37.1229
    endloop
  endfacet
  facet normal -0.936993 -0.234676 0.258788
    outer loop
      vertex 2.06608 17.8518 37.1229
      vertex 0.831122 18.3336 33.0884
      vertex 1.02187 17.572 33.0884
    endloop
  endfacet
  facet normal -0.958209 0.126151 0.256753
    outer loop
      vertex 1.76013 40.61 37.1229
      vertex 0.715919 40.8898 33.0884
      vertex 1.25644 36.7841 37.1229
    endloop
  endfacet
  facet normal -0.860512 0.112931 0.496755
    outer loop
      vertex 1.76013 40.61 37.1229
      vertex 3.4035 40.0969 40.0863
      vertex 3.42059 40.1651 40.1004
    endloop
  endfacet
  facet normal -0.860448 0.113297 0.496783
    outer loop
      vertex 1.76013 40.61 37.1229
      vertex 3.30887 39.4589 40.0679
      vertex 3.4035 40.0969 40.0863
    endloop
  endfacet
  facet normal -0.860452 0.113281 0.496779
    outer loop
      vertex 3.30887 39.4589 40.0679
      vertex 1.76013 40.61 37.1229
      vertex 1.25644 36.7841 37.1229
    endloop
  endfacet
  facet normal -0.970031 0.242983 0
    outer loop
      vertex 0.831122 41.6664 13.9116
      vertex 1.02187 42.4279 33.0884
      vertex 1.02187 42.4279 13.9116
    endloop
  endfacet
  facet normal -0.970031 0.242983 0
    outer loop
      vertex 1.02187 42.4279 33.0884
      vertex 0.831122 41.6664 13.9116
      vertex 0.831122 41.6664 33.0884
    endloop
  endfacet
  facet normal -0.801819 0.332119 0.496773
    outer loop
      vertex 2.33058 42.8873 37.1229
      vertex 4.25266 43.0697 40.1033
      vertex 3.80731 46.4525 37.1229
    endloop
  endfacet
  facet normal -0.801828 0.332086 0.49678
    outer loop
      vertex 4.25266 43.0697 40.1033
      vertex 2.33058 42.8873 37.1229
      vertex 4.02496 42.4333 40.1612
    endloop
  endfacet
  facet normal -0.445225 0.74285 0.499949
    outer loop
      vertex 12.8378 55.857 37.1229
      vertex 13.0624 53.898 40.2337
      vertex 13.7358 54.3016 40.2337
    endloop
  endfacet
  facet normal -0.445225 0.74285 0.499949
    outer loop
      vertex 13.0624 53.898 40.2337
      vertex 12.8378 55.857 37.1229
      vertex 12.1644 55.4534 37.1229
    endloop
  endfacet
  facet normal 0.127273 -0.858059 0.49753
    outer loop
      vertex 80.61 1.76013 37.1229
      vertex 80.9218 3.61012 40.2337
      vertex 80.1651 3.42059 40.1004
    endloop
  endfacet
  facet normal 0.127283 -0.858058 0.497529
    outer loop
      vertex 80.9218 3.61012 40.2337
      vertex 80.61 1.76013 37.1229
      vertex 81.3866 1.87533 37.1229
    endloop
  endfacet
  facet normal 0.828522 -0.496572 0.258783
    outer loop
      vertex 95.4534 12.1644 37.1229
      vertex 96.7932 12.2973 33.0884
      vertex 95.857 12.8378 37.1229
    endloop
  endfacet
  facet normal 0.828522 -0.496572 0.258783
    outer loop
      vertex 96.7932 12.2973 33.0884
      vertex 95.4534 12.1644 37.1229
      vertex 96.3896 11.6239 33.0884
    endloop
  endfacet
  facet normal 0.528327 -0.688533 0.496782
    outer loop
      vertex 88.4662 5.01425 37.1229
      vertex 89.3172 6.56725 38.3703
      vertex 89.129 6.6144 38.6358
    endloop
  endfacet
  facet normal 0.52838 -0.688526 0.496736
    outer loop
      vertex 88.4662 5.01425 37.1229
      vertex 89.6569 6.51685 37.9391
      vertex 89.3172 6.56725 38.3703
    endloop
  endfacet
  facet normal 0.528312 -0.688517 0.49682
    outer loop
      vertex 88.4662 5.01425 37.1229
      vertex 90 6.5 37.5509
      vertex 89.6569 6.51685 37.9391
    endloop
  endfacet
  facet normal 0.528314 -0.688518 0.496817
    outer loop
      vertex 88.4662 5.01425 37.1229
      vertex 90.3431 6.51685 37.2094
      vertex 90 6.5 37.5509
    endloop
  endfacet
  facet normal 0.528382 -0.688592 0.496642
    outer loop
      vertex 90.3431 6.51685 37.2094
      vertex 88.4662 5.01425 37.1229
      vertex 90.4439 6.53181 37.1229
    endloop
  endfacet
  facet normal 0.528397 -0.688612 -0.496599
    outer loop
      vertex 88.4662 5.01425 9.87707
      vertex 90.3431 6.51685 9.79056
      vertex 90.4439 6.53181 9.87707
    endloop
  endfacet
  facet normal 0.528305 -0.688511 -0.496837
    outer loop
      vertex 88.4662 5.01425 9.87707
      vertex 90 6.5 9.44908
      vertex 90.3431 6.51685 9.79056
    endloop
  endfacet
  facet normal 0.528318 -0.688518 -0.496812
    outer loop
      vertex 88.4662 5.01425 9.87707
      vertex 89.6569 6.51685 9.06087
      vertex 90 6.5 9.44908
    endloop
  endfacet
  facet normal 0.528369 -0.688524 -0.49675
    outer loop
      vertex 88.4662 5.01425 9.87707
      vertex 89.3172 6.56725 8.62969
      vertex 89.6569 6.51685 9.06087
    endloop
  endfacet
  facet normal 0.528343 -0.688528 -0.496773
    outer loop
      vertex 89.3172 6.56725 8.62969
      vertex 88.4662 5.01425 9.87707
      vertex 89.129 6.6144 8.36418
    endloop
  endfacet
  facet normal 0.192578 -0.464914 -0.864158
    outer loop
      vertex 81.4451 7.7132 3
      vertex 80.6462 10.6947 1.21793
      vertex 83.4496 8.54351 3
    endloop
  endfacet
  facet normal 0.192524 -0.464949 -0.864151
    outer loop
      vertex 83.4496 8.54351 3
      vertex 82.1229 11.3063 1.21793
      vertex 83.6663 8.63324 3
    endloop
  endfacet
  facet normal 0.19256 -0.464932 -0.864152
    outer loop
      vertex 82.1229 11.3063 1.21793
      vertex 83.4496 8.54351 3
      vertex 80.6462 10.6947 1.21793
    endloop
  endfacet
  facet normal 0.575634 -0.776194 -0.257234
    outer loop
      vertex 88.4662 5.01425 9.87707
      vertex 88.3761 3.61037 13.9116
      vertex 87.8356 4.54659 9.87707
    endloop
  endfacet
  facet normal 0.575642 -0.776188 -0.257232
    outer loop
      vertex 88.3761 3.61037 13.9116
      vertex 88.4662 5.01425 9.87707
      vertex 89.0067 4.07804 13.9116
    endloop
  endfacet
  facet normal 0.648741 -0.715751 -0.258524
    outer loop
      vertex 92.2921 6.59898 13.9116
      vertex 92.4749 7.52512 11.8062
      vertex 92.8738 7.12622 13.9116
    endloop
  endfacet
  facet normal 0.648719 -0.715768 -0.258533
    outer loop
      vertex 92.2921 6.59898 13.9116
      vertex 92.2204 7.29446 11.8062
      vertex 92.4749 7.52512 11.8062
    endloop
  endfacet
  facet normal 0.648694 -0.715789 -0.258539
    outer loop
      vertex 92.2921 6.59898 13.9116
      vertex 91.9445 7.08986 11.6804
      vertex 92.2204 7.29446 11.8062
    endloop
  endfacet
  facet normal 0.648672 -0.715809 -0.25854
    outer loop
      vertex 91.9445 7.08986 11.6804
      vertex 92.2921 6.59898 13.9116
      vertex 91.8549 7.03615 11.6043
    endloop
  endfacet
  facet normal 0.860451 -0.113257 0.496787
    outer loop
      vertex 98.2399 19.39 37.1229
      vertex 96.6911 20.5411 40.0679
      vertex 96.5965 19.9031 40.0863
    endloop
  endfacet
  facet normal 0.860488 -0.113048 0.496771
    outer loop
      vertex 98.2399 19.39 37.1229
      vertex 96.5965 19.9031 40.0863
      vertex 96.5794 19.8349 40.1004
    endloop
  endfacet
  facet normal 0.86045 -0.11326 0.496787
    outer loop
      vertex 96.6911 20.5411 40.0679
      vertex 98.2399 19.39 37.1229
      vertex 98.7435 23.2159 37.1229
    endloop
  endfacet
  facet normal 0.866026 -0 0.499999
    outer loop
      vertex 97 24 40.2096
      vertex 98.7821 36 37.1229
      vertex 97 36 40.2096
    endloop
  endfacet
  facet normal 0.866026 0 0.499999
    outer loop
      vertex 98.7821 36 37.1229
      vertex 97 24 40.2096
      vertex 98.7821 24 37.1229
    endloop
  endfacet
  facet normal 0.937002 -0.23462 0.258807
    outer loop
      vertex 97.9339 17.8518 37.1229
      vertex 99.1689 18.3336 33.0884
      vertex 98.1246 18.6134 37.1229
    endloop
  endfacet
  facet normal 0.936978 -0.234737 0.258786
    outer loop
      vertex 99.1689 18.3336 33.0884
      vertex 97.9339 17.8518 37.1229
      vertex 98.9781 17.572 33.0884
    endloop
  endfacet
  facet normal 0.78352 -0.370593 0.498756
    outer loop
      vertex 94.5203 14.1007 40.1612
      vertex 96.1927 13.5475 37.1229
      vertex 94.6735 14.4246 40.1612
    endloop
  endfacet
  facet normal 0.783552 -0.37052 0.49876
    outer loop
      vertex 94.3016 13.7358 40.2337
      vertex 96.1927 13.5475 37.1229
      vertex 94.5203 14.1007 40.1612
    endloop
  endfacet
  facet normal 0.783516 -0.370616 0.498744
    outer loop
      vertex 96.1927 13.5475 37.1229
      vertex 94.3016 13.7358 40.2337
      vertex 95.857 12.8378 37.1229
    endloop
  endfacet
  facet normal -0.241051 -0.0998277 -0.965365
    outer loop
      vertex 14.8003 19.8943 0.136883
      vertex 11.3063 17.8771 1.21793
      vertex 14.5917 20.398 0.136883
    endloop
  endfacet
  facet normal -0.241047 -0.0998335 -0.965365
    outer loop
      vertex 11.3063 17.8771 1.21793
      vertex 10.6947 19.3538 1.21793
      vertex 14.5917 20.398 0.136883
    endloop
  endfacet
  facet normal -0.209151 0.155146 -0.965498
    outer loop
      vertex 15.5396 41.4888 0.136883
      vertex 12.5133 44.1366 1.21793
      vertex 16.0073 42.1193 0.136883
    endloop
  endfacet
  facet normal -0.209163 0.155131 -0.965497
    outer loop
      vertex 12.5133 44.1366 1.21793
      vertex 15.5396 41.4888 0.136883
      vertex 12.0456 43.506 1.21793
    endloop
  endfacet
  facet normal -0.0998665 0.241029 -0.965366
    outer loop
      vertex 19.8943 45.1996 0.136883
      vertex 17.8771 48.6936 1.21793
      vertex 20.398 45.4083 0.136883
    endloop
  endfacet
  facet normal -0.11099 0.234713 -0.965708
    outer loop
      vertex 19.1846 44.864 0.136883
      vertex 17.8771 48.6936 1.21793
      vertex 19.8943 45.1996 0.136883
    endloop
  endfacet
  facet normal -0.11099 0.234713 -0.965708
    outer loop
      vertex 17.8771 48.6936 1.21793
      vertex 19.1846 44.864 0.136883
      vertex 17.1674 48.358 1.21793
    endloop
  endfacet
  facet normal -0.234698 -0.111016 -0.965708
    outer loop
      vertex 11.3063 17.8771 1.21793
      vertex 15.136 19.1846 0.136883
      vertex 11.642 17.1674 1.21793
    endloop
  endfacet
  facet normal -0.234698 -0.111016 -0.965708
    outer loop
      vertex 15.136 19.1846 0.136883
      vertex 11.3063 17.8771 1.21793
      vertex 14.8003 19.8943 0.136883
    endloop
  endfacet
  facet normal 0.133072 -0.222029 -0.965917
    outer loop
      vertex 80.8154 15.136 0.136883
      vertex 83.506 12.0456 1.21793
      vertex 82.8326 11.642 1.21793
    endloop
  endfacet
  facet normal 0.133072 -0.222029 -0.965917
    outer loop
      vertex 83.506 12.0456 1.21793
      vertex 80.8154 15.136 0.136883
      vertex 81.4888 15.5396 0.136883
    endloop
  endfacet
  facet normal 0.783513 0.370615 -0.498751
    outer loop
      vertex 96.1927 46.4525 9.87707
      vertex 94.3016 46.2642 6.76632
      vertex 95.857 47.1622 9.87707
    endloop
  endfacet
  facet normal 0.783536 0.370551 -0.498761
    outer loop
      vertex 96.1927 46.4525 9.87707
      vertex 94.5203 45.8993 6.83879
      vertex 94.3016 46.2642 6.76632
    endloop
  endfacet
  facet normal 0.783518 0.370593 -0.498758
    outer loop
      vertex 94.5203 45.8993 6.83879
      vertex 96.1927 46.4525 9.87707
      vertex 94.6735 45.5754 6.83879
    endloop
  endfacet
  facet normal 0.336132 0.370766 -0.865765
    outer loop
      vertex 85.9864 45.9864 1.21793
      vertex 87.2945 47.7796 2.49374
      vertex 87.5251 47.5251 2.47428
    endloop
  endfacet
  facet normal 0.336071 0.370813 -0.865768
    outer loop
      vertex 85.4047 46.5136 1.21793
      vertex 87.2945 47.7796 2.49374
      vertex 85.9864 45.9864 1.21793
    endloop
  endfacet
  facet normal 0.336099 0.370776 -0.865773
    outer loop
      vertex 87.2945 47.7796 2.49374
      vertex 85.4047 46.5136 1.21793
      vertex 87.0899 48.0555 2.53247
    endloop
  endfacet
  facet normal 0.336072 0.370804 -0.865771
    outer loop
      vertex 87.0899 48.0555 2.53247
      vertex 85.4047 46.5136 1.21793
      vertex 87.0362 48.1451 2.55
    endloop
  endfacet
  facet normal 0.688511 0.528442 -0.496692
    outer loop
      vertex 93.4327 49.3172 8.62971
      vertex 94.9857 48.4662 9.87707
      vertex 93.3856 49.129 8.36419
    endloop
  endfacet
  facet normal 0.688521 0.528372 -0.496752
    outer loop
      vertex 93.4831 49.6569 9.06089
      vertex 94.9857 48.4662 9.87707
      vertex 93.4327 49.3172 8.62971
    endloop
  endfacet
  facet normal 0.688509 0.528279 -0.496866
    outer loop
      vertex 93.5 50 9.4491
      vertex 94.9857 48.4662 9.87707
      vertex 93.4831 49.6569 9.06089
    endloop
  endfacet
  facet normal 0.688539 0.528335 -0.496766
    outer loop
      vertex 93.4831 50.3431 9.79058
      vertex 94.9857 48.4662 9.87707
      vertex 93.5 50 9.4491
    endloop
  endfacet
  facet normal 0.688425 0.528233 -0.497032
    outer loop
      vertex 94.9857 48.4662 9.87707
      vertex 93.4831 50.3431 9.79058
      vertex 93.4682 50.4439 9.87707
    endloop
  endfacet
  facet normal 0.3064 0.399327 -0.864093
    outer loop
      vertex 86.5673 49.3172 2.92527
      vertex 85.6799 50.1598 3
      vertex 86.5402 49.4997 3
    endloop
  endfacet
  facet normal 0.306224 0.399154 -0.864236
    outer loop
      vertex 86.6507 48.984 2.80093
      vertex 85.6799 50.1598 3
      vertex 86.5673 49.3172 2.92527
    endloop
  endfacet
  facet normal 0.30635 0.399229 -0.864156
    outer loop
      vertex 84.1366 47.4867 1.21793
      vertex 86.6507 48.984 2.80093
      vertex 86.7664 48.6606 2.69254
    endloop
  endfacet
  facet normal 0.306172 0.399532 -0.86408
    outer loop
      vertex 84.1366 47.4867 1.21793
      vertex 86.7664 48.6606 2.69254
      vertex 86.7999 48.5899 2.67172
    endloop
  endfacet
  facet normal 0.306343 0.399239 -0.864154
    outer loop
      vertex 86.6507 48.984 2.80093
      vertex 84.1366 47.4867 1.21793
      vertex 85.6799 50.1598 3
    endloop
  endfacet
  facet normal 0.306307 0.399253 -0.86416
    outer loop
      vertex 85.4047 46.5136 1.21793
      vertex 86.9133 48.3501 2.60115
      vertex 87.0362 48.1451 2.55
    endloop
  endfacet
  facet normal 0.306378 0.399196 -0.864161
    outer loop
      vertex 85.4047 46.5136 1.21793
      vertex 86.7999 48.5899 2.67172
      vertex 86.9133 48.3501 2.60115
    endloop
  endfacet
  facet normal 0.306347 0.399218 -0.864163
    outer loop
      vertex 86.7999 48.5899 2.67172
      vertex 85.4047 46.5136 1.21793
      vertex 84.1366 47.4867 1.21793
    endloop
  endfacet
  facet normal -0.222029 -0.133072 -0.965917
    outer loop
      vertex 12.0456 16.494 1.21793
      vertex 15.136 19.1846 0.136883
      vertex 15.5396 18.5112 0.136883
    endloop
  endfacet
  facet normal -0.222029 -0.133072 -0.965917
    outer loop
      vertex 15.136 19.1846 0.136883
      vertex 12.0456 16.494 1.21793
      vertex 11.642 17.1674 1.21793
    endloop
  endfacet
  facet normal -0.0340673 -0.258663 -0.965367
    outer loop
      vertex 23.2159 13.9501 0.136883
      vertex 21.6311 10.1242 1.21793
      vertex 22.6753 14.0213 0.136883
    endloop
  endfacet
  facet normal -0.0382105 -0.257589 -0.965499
    outer loop
      vertex 21.6311 10.1242 1.21793
      vertex 21.8987 14.1365 0.136883
      vertex 22.6753 14.0213 0.136883
    endloop
  endfacet
  facet normal -0.0382105 -0.257589 -0.965499
    outer loop
      vertex 21.8987 14.1365 0.136883
      vertex 21.6311 10.1242 1.21793
      vertex 20.8545 10.2394 1.21793
    endloop
  endfacet
  facet normal 0.158821 -0.20699 -0.965366
    outer loop
      vertex 84.1366 12.5133 1.21793
      vertex 82.5519 16.3392 0.136883
      vertex 85.4047 13.4863 1.21793
    endloop
  endfacet
  facet normal 0.251092 -0.0629132 -0.965916
    outer loop
      vertex 85.6728 21.1372 0.136883
      vertex 89.7606 20.8545 1.21793
      vertex 89.5698 20.093 1.21793
    endloop
  endfacet
  facet normal 0.251095 -0.0628809 -0.965918
    outer loop
      vertex 89.7606 20.8545 1.21793
      vertex 85.6728 21.1372 0.136883
      vertex 85.8635 21.8987 0.136883
    endloop
  endfacet
  facet normal -0.241051 0.0998277 -0.965365
    outer loop
      vertex 14.5917 39.602 0.136883
      vertex 11.3063 42.1229 1.21793
      vertex 14.8003 40.1057 0.136883
    endloop
  endfacet
  facet normal 0.258799 -0.0127073 -0.965847
    outer loop
      vertex 90.0844 23.2159 1.21793
      vertex 86.0884 24 0.136883
      vertex 90.1229 24 1.21793
    endloop
  endfacet
  facet normal 0.258799 -0.0127073 -0.965847
    outer loop
      vertex 86.0884 24 0.136883
      vertex 90.0844 23.2159 1.21793
      vertex 86.0499 23.2159 0.136883
    endloop
  endfacet
  facet normal 0.48507 -0.121459 -0.865999
    outer loop
      vertex 89.5698 20.093 1.21793
      vertex 92.742 20.0557 3
      vertex 92.5513 19.2941 3
    endloop
  endfacet
  facet normal 0.485065 -0.121537 -0.865991
    outer loop
      vertex 92.742 20.0557 3
      vertex 89.5698 20.093 1.21793
      vertex 89.7606 20.8545 1.21793
    endloop
  endfacet
  facet normal 0.958213 -0.126129 -0.256748
    outer loop
      vertex 99.2841 19.1102 13.9116
      vertex 98.2399 19.39 9.87707
      vertex 98.7435 23.2159 9.87707
    endloop
  endfacet
  facet normal 0.958207 -0.126144 -0.256763
    outer loop
      vertex 99.2841 19.1102 13.9116
      vertex 98.7435 23.2159 9.87707
      vertex 99.8246 23.2159 13.9116
    endloop
  endfacet
  facet normal 0.94154 -0.336901 0
    outer loop
      vertex 98.7136 16.8328 33.0884
      vertex 98.9781 17.572 13.9116
      vertex 98.9781 17.572 33.0884
    endloop
  endfacet
  facet normal 0.94154 -0.336901 0
    outer loop
      vertex 98.9781 17.572 13.9116
      vertex 98.7136 16.8328 33.0884
      vertex 98.7136 16.8328 13.9116
    endloop
  endfacet
  facet normal 0.399327 -0.3064 -0.864093
    outer loop
      vertex 89.3172 13.4327 2.92527
      vertex 90.1598 14.3201 3
      vertex 89.4997 13.4598 3
    endloop
  endfacet
  facet normal 0.399179 -0.306249 -0.864215
    outer loop
      vertex 88.984 13.3493 2.80092
      vertex 90.1598 14.3201 3
      vertex 89.3172 13.4327 2.92527
    endloop
  endfacet
  facet normal 0.399208 -0.306362 -0.864162
    outer loop
      vertex 87.4867 15.8634 1.21793
      vertex 88.984 13.3493 2.80092
      vertex 88.6606 13.2336 2.69254
    endloop
  endfacet
  facet normal 0.399622 -0.306118 -0.864057
    outer loop
      vertex 87.4867 15.8634 1.21793
      vertex 88.6606 13.2336 2.69254
      vertex 88.5899 13.2001 2.67171
    endloop
  endfacet
  facet normal 0.399242 -0.306338 -0.864155
    outer loop
      vertex 88.984 13.3493 2.80092
      vertex 87.4867 15.8634 1.21793
      vertex 90.1598 14.3201 3
    endloop
  endfacet
  facet normal 0.783518 -0.370593 -0.498758
    outer loop
      vertex 96.1927 13.5475 9.87707
      vertex 94.5203 14.1007 6.83879
      vertex 94.6735 14.4246 6.83879
    endloop
  endfacet
  facet normal 0.783536 -0.370551 -0.498761
    outer loop
      vertex 96.1927 13.5475 9.87707
      vertex 94.3016 13.7358 6.76632
      vertex 94.5203 14.1007 6.83879
    endloop
  endfacet
  facet normal 0.783513 -0.370615 -0.498751
    outer loop
      vertex 94.3016 13.7358 6.76632
      vertex 96.1927 13.5475 9.87707
      vertex 95.857 12.8378 9.87707
    endloop
  endfacet
  facet normal 0.471949 0.168872 -0.865301
    outer loop
      vertex 89.5698 39.907 1.21793
      vertex 92.2868 41.4451 3
      vertex 92.5513 40.7059 3
    endloop
  endfacet
  facet normal 0.471949 0.168872 -0.865301
    outer loop
      vertex 92.2868 41.4451 3
      vertex 89.5698 39.907 1.21793
      vertex 89.3053 40.6462 1.21793
    endloop
  endfacet
  facet normal 0.688542 -0.528394 -0.496698
    outer loop
      vertex 93.4609 12.333 6.91366
      vertex 93.0867 11.6499 7.12162
      vertex 93.0275 11.7487 6.93445
    endloop
  endfacet
  facet normal 0.689095 -0.528089 -0.496256
    outer loop
      vertex 93.2336 11.3394 7.65537
      vertex 93.4609 12.333 6.91366
      vertex 93.497 12.3933 6.89962
    endloop
  endfacet
  facet normal 0.688541 -0.528323 -0.496776
    outer loop
      vertex 93.2336 11.3394 7.65537
      vertex 93.497 12.3933 6.89962
      vertex 94.9857 11.5338 9.87707
    endloop
  endfacet
  facet normal 0.688439 -0.528384 -0.496852
    outer loop
      vertex 93.4609 12.333 6.91366
      vertex 93.2336 11.3394 7.65537
      vertex 93.0867 11.6499 7.12162
    endloop
  endfacet
  facet normal 0.688536 -0.528333 -0.496771
    outer loop
      vertex 94.9857 11.5338 9.87707
      vertex 93.3493 11.016 8.15968
      vertex 93.2336 11.3394 7.65537
    endloop
  endfacet
  facet normal 0.68854 -0.528323 -0.496777
    outer loop
      vertex 93.3493 11.016 8.15968
      vertex 94.9857 11.5338 9.87707
      vertex 93.3856 10.871 8.3642
    endloop
  endfacet
  facet normal 0.873365 -0.413116 0.258008
    outer loop
      vertex 95.857 12.8378 37.1229
      vertex 97.1289 13.007 33.0884
      vertex 96.1927 13.5475 37.1229
    endloop
  endfacet
  facet normal 0.873365 -0.413116 0.258008
    outer loop
      vertex 97.1289 13.007 33.0884
      vertex 95.857 12.8378 37.1229
      vertex 96.7932 12.2973 33.0884
    endloop
  endfacet
  facet normal 0.74285 -0.445225 0.499949
    outer loop
      vertex 93.898 13.0624 40.2337
      vertex 95.857 12.8378 37.1229
      vertex 94.3016 13.7358 40.2337
    endloop
  endfacet
  facet normal 0.74285 -0.445225 0.499949
    outer loop
      vertex 95.857 12.8378 37.1229
      vertex 93.898 13.0624 40.2337
      vertex 95.4534 12.1644 37.1229
    endloop
  endfacet
  facet normal 0.51675 0.696735 0.497523
    outer loop
      vertex 87.8356 55.4534 37.1229
      vertex 87.6067 53.497 40.1004
      vertex 88.4662 54.9857 37.1229
    endloop
  endfacet
  facet normal 0.516699 0.696762 0.497538
    outer loop
      vertex 87.6067 53.497 40.1004
      vertex 87.8356 55.4534 37.1229
      vertex 86.9376 53.898 40.2337
    endloop
  endfacet
  facet normal -0.498919 -0.0656768 -0.864156
    outer loop
      vertex 6.85954 22.9834 3
      vertex 9.91558 23.2159 1.21793
      vertex 10.1242 21.6311 1.21793
    endloop
  endfacet
  facet normal -0.49892 -0.0656644 -0.864157
    outer loop
      vertex 9.91558 23.2159 1.21793
      vertex 6.85954 22.9834 3
      vertex 6.82894 23.2159 3
    endloop
  endfacet
  facet normal -0.499849 -0.0245494 -0.865765
    outer loop
      vertex 6.82894 23.2159 3
      vertex 9.87707 24 1.21793
      vertex 9.91558 23.2159 1.21793
    endloop
  endfacet
  facet normal -0.499849 -0.0245494 -0.865765
    outer loop
      vertex 9.87707 24 1.21793
      vertex 6.82894 23.2159 3
      vertex 6.79043 24 3
    endloop
  endfacet
  facet normal 0.133072 0.222029 -0.965917
    outer loop
      vertex 80.8154 44.864 0.136883
      vertex 83.506 47.9544 1.21793
      vertex 81.4888 44.4604 0.136883
    endloop
  endfacet
  facet normal 0.133072 0.222029 -0.965917
    outer loop
      vertex 83.506 47.9544 1.21793
      vertex 80.8154 44.864 0.136883
      vertex 82.8326 48.358 1.21793
    endloop
  endfacet
  facet normal -0.336081 -0.370808 -0.865766
    outer loop
      vertex 12.9101 11.9445 2.53246
      vertex 14.5953 13.4863 1.21793
      vertex 12.9638 11.8549 2.54999
    endloop
  endfacet
  facet normal -0.336107 -0.370781 -0.865768
    outer loop
      vertex 12.7055 12.2204 2.49373
      vertex 14.5953 13.4863 1.21793
      vertex 12.9101 11.9445 2.53246
    endloop
  endfacet
  facet normal -0.336106 -0.370782 -0.865768
    outer loop
      vertex 14.5953 13.4863 1.21793
      vertex 12.7055 12.2204 2.49373
      vertex 14.0136 14.0136 1.21793
    endloop
  endfacet
  facet normal -0.33613 -0.370764 -0.865766
    outer loop
      vertex 14.0136 14.0136 1.21793
      vertex 12.7055 12.2204 2.49373
      vertex 12.4749 12.4749 2.47427
    endloop
  endfacet
  facet normal -0.133072 -0.222029 -0.965917
    outer loop
      vertex 16.494 12.0456 1.21793
      vertex 19.1846 15.136 0.136883
      vertex 17.1674 11.642 1.21793
    endloop
  endfacet
  facet normal -0.133072 -0.222029 -0.965917
    outer loop
      vertex 19.1846 15.136 0.136883
      vertex 16.494 12.0456 1.21793
      vertex 18.5112 15.5396 0.136883
    endloop
  endfacet
  facet normal -0.0998482 0.241043 -0.965365
    outer loop
      vertex 20.398 45.4083 0.136883
      vertex 17.8771 48.6936 1.21793
      vertex 19.3538 49.3053 1.21793
    endloop
  endfacet
  facet normal 0.0340673 0.258663 -0.965367
    outer loop
      vertex 77.3247 45.9787 0.136883
      vertex 76.7841 46.0499 0.136883
      vertex 78.3689 49.8758 1.21793
    endloop
  endfacet
  facet normal -0.370551 0.783536 -0.498761
    outer loop
      vertex 13.7358 54.3016 6.76632
      vertex 13.5475 56.1927 9.87707
      vertex 14.1007 54.5203 6.83879
    endloop
  endfacet
  facet normal -0.370593 0.783518 -0.498758
    outer loop
      vertex 14.1007 54.5203 6.83879
      vertex 13.5475 56.1927 9.87707
      vertex 14.4246 54.6735 6.83879
    endloop
  endfacet
  facet normal -0.370615 0.783513 -0.498751
    outer loop
      vertex 13.5475 56.1927 9.87707
      vertex 13.7358 54.3016 6.76632
      vertex 12.8378 55.857 9.87707
    endloop
  endfacet
  facet normal -0.588347 0.766765 -0.256746
    outer loop
      vertex 11.5338 54.9857 9.87707
      vertex 7.70793 53.401 13.9116
      vertex 10.9933 55.9219 13.9116
    endloop
  endfacet
  facet normal -0.575666 0.776171 -0.257229
    outer loop
      vertex 11.5338 54.9857 9.87707
      vertex 11.6239 56.3896 13.9116
      vertex 12.1644 55.4534 9.87707
    endloop
  endfacet
  facet normal -0.575666 0.776171 -0.257229
    outer loop
      vertex 11.6239 56.3896 13.9116
      vertex 11.5338 54.9857 9.87707
      vertex 10.9933 55.9219 13.9116
    endloop
  endfacet
  facet normal -0.648708 0.715781 -0.258526
    outer loop
      vertex 7.70793 53.401 13.9116
      vertex 7.52513 52.4749 11.8062
      vertex 7.12622 52.8738 13.9116
    endloop
  endfacet
  facet normal -0.648637 0.715835 -0.258556
    outer loop
      vertex 7.70793 53.401 13.9116
      vertex 7.77962 52.7055 11.8062
      vertex 7.52513 52.4749 11.8062
    endloop
  endfacet
  facet normal -0.648722 0.715765 -0.258536
    outer loop
      vertex 7.70793 53.401 13.9116
      vertex 8.0555 52.9101 11.6804
      vertex 7.77962 52.7055 11.8062
    endloop
  endfacet
  facet normal -0.648666 0.715815 -0.258538
    outer loop
      vertex 8.0555 52.9101 11.6804
      vertex 7.70793 53.401 13.9116
      vertex 8.14509 52.9638 11.6043
    endloop
  endfacet
  facet normal 0 0.982521 -0.186153
    outer loop
      vertex 7.12622 52.8738 13.9116
      vertex 7.52513 52.4749 11.8062
      vertex 7.52512 52.4749 11.8062
    endloop
  endfacet
  facet normal -0.671537 0.740971 0
    outer loop
      vertex 7.70793 53.401 13.9116
      vertex 7.12622 52.8738 33.0884
      vertex 7.70793 53.401 33.0884
    endloop
  endfacet
  facet normal -0.671537 0.740971 0
    outer loop
      vertex 7.12622 52.8738 33.0884
      vertex 7.70793 53.401 13.9116
      vertex 7.12622 52.8738 13.9116
    endloop
  endfacet
  facet normal -0.608753 0.79336 0
    outer loop
      vertex 10.9933 55.9219 13.9116
      vertex 7.70793 53.401 33.0884
      vertex 10.9933 55.9219 33.0884
    endloop
  endfacet
  facet normal -0.608753 0.79336 0
    outer loop
      vertex 7.70793 53.401 33.0884
      vertex 10.9933 55.9219 13.9116
      vertex 7.70793 53.401 13.9116
    endloop
  endfacet
  facet normal -0.588347 0.766765 0.256747
    outer loop
      vertex 10.9933 55.9219 33.0884
      vertex 7.70793 53.401 33.0884
      vertex 11.5338 54.9857 37.1229
    endloop
  endfacet
  facet normal -0.514084 0.85774 0
    outer loop
      vertex 12.2973 56.7932 13.9116
      vertex 11.6239 56.3896 33.0884
      vertex 12.2973 56.7932 33.0884
    endloop
  endfacet
  facet normal -0.514084 0.85774 0
    outer loop
      vertex 11.6239 56.3896 33.0884
      vertex 12.2973 56.7932 13.9116
      vertex 11.6239 56.3896 13.9116
    endloop
  endfacet
  facet normal -0.803217 0.595687 0
    outer loop
      vertex 3.61037 48.3761 13.9116
      vertex 4.07804 49.0067 33.0884
      vertex 4.07804 49.0067 13.9116
    endloop
  endfacet
  facet normal -0.803217 0.595687 0
    outer loop
      vertex 4.07804 49.0067 33.0884
      vertex 3.61037 48.3761 13.9116
      vertex 3.61037 48.3761 33.0884
    endloop
  endfacet
  facet normal 0.15881 -0.206994 -0.965367
    outer loop
      vertex 84.1366 12.5133 1.21793
      vertex 82.1193 16.0073 0.136883
      vertex 82.5519 16.3392 0.136883
    endloop
  endfacet
  facet normal 0.0245433 0.499854 -0.865762
    outer loop
      vertex 76 50.1229 1.21793
      vertex 76.7841 53.171 3
      vertex 76.7841 50.0844 1.21793
    endloop
  endfacet
  facet normal 0.0246064 0.499841 -0.865768
    outer loop
      vertex 76.7841 53.171 3
      vertex 76 50.1229 1.21793
      vertex 76 53.2096 3
    endloop
  endfacet
  facet normal 0.0656712 0.498925 -0.864154
    outer loop
      vertex 76.7841 50.0844 1.21793
      vertex 77.0166 53.1404 3
      vertex 78.3689 49.8758 1.21793
    endloop
  endfacet
  facet normal 0.065665 0.498925 -0.864154
    outer loop
      vertex 77.0166 53.1404 3
      vertex 76.7841 50.0844 1.21793
      vertex 76.7841 53.171 3
    endloop
  endfacet
  facet normal -0.168872 0.471949 -0.865301
    outer loop
      vertex 18.5549 52.2868 3
      vertex 20.093 49.5698 1.21793
      vertex 19.3538 49.3053 1.21793
    endloop
  endfacet
  facet normal -0.168872 0.471949 -0.865301
    outer loop
      vertex 20.093 49.5698 1.21793
      vertex 18.5549 52.2868 3
      vertex 19.2941 52.5513 3
    endloop
  endfacet
  facet normal -0.121537 0.485065 -0.865991
    outer loop
      vertex 20.093 49.5698 1.21793
      vertex 20.0557 52.742 3
      vertex 20.8545 49.7606 1.21793
    endloop
  endfacet
  facet normal -0.121459 0.48507 -0.865999
    outer loop
      vertex 20.0557 52.742 3
      vertex 20.093 49.5698 1.21793
      vertex 19.2941 52.5513 3
    endloop
  endfacet
  facet normal 0.127283 0.858054 -0.497537
    outer loop
      vertex 80.9218 56.3899 6.76632
      vertex 80.61 58.2399 9.87707
      vertex 81.3866 58.1247 9.87707
    endloop
  endfacet
  facet normal 0.127242 0.858056 -0.497542
    outer loop
      vertex 80.61 58.2399 9.87707
      vertex 80.9218 56.3899 6.76632
      vertex 80.1651 56.5794 6.89961
    endloop
  endfacet
  facet normal 0.206994 0.15881 -0.965367
    outer loop
      vertex 83.9927 42.1193 0.136883
      vertex 83.6608 42.5519 0.136883
      vertex 87.4867 44.1366 1.21793
    endloop
  endfacet
  facet normal 0.209163 0.155131 -0.965497
    outer loop
      vertex 84.4604 41.4888 0.136883
      vertex 87.4867 44.1366 1.21793
      vertex 87.9544 43.506 1.21793
    endloop
  endfacet
  facet normal 0.209151 0.155146 -0.965498
    outer loop
      vertex 87.4867 44.1366 1.21793
      vertex 84.4604 41.4888 0.136883
      vertex 83.9927 42.1193 0.136883
    endloop
  endfacet
  facet normal -0.244454 0.0874705 -0.965708
    outer loop
      vertex 14.3272 38.8628 0.136883
      vertex 10.6947 40.6462 1.21793
      vertex 14.5917 39.602 0.136883
    endloop
  endfacet
  facet normal -0.244454 0.0874705 -0.965708
    outer loop
      vertex 10.6947 40.6462 1.21793
      vertex 14.3272 38.8628 0.136883
      vertex 10.4302 39.907 1.21793
    endloop
  endfacet
  facet normal -0.403581 0.299326 -0.864596
    outer loop
      vertex 12.0456 43.506 1.21793
      vertex 9.84018 45.6799 3
      vertex 12.5133 44.1366 1.21793
    endloop
  endfacet
  facet normal -0.403592 0.299314 -0.864595
    outer loop
      vertex 9.84018 45.6799 3
      vertex 12.0456 43.506 1.21793
      vertex 9.37251 45.0493 3
    endloop
  endfacet
  facet normal -0.688546 0.528271 -0.496824
    outer loop
      vertex 6.65071 48.984 8.15968
      vertex 5.01425 48.4662 9.87707
      vertex 6.6144 49.129 8.36418
    endloop
  endfacet
  facet normal -0.688525 0.528336 -0.496784
    outer loop
      vertex 6.76642 48.6606 7.65537
      vertex 5.01425 48.4662 9.87707
      vertex 6.65071 48.984 8.15968
    endloop
  endfacet
  facet normal -0.688509 0.528353 -0.496789
    outer loop
      vertex 6.53912 47.667 6.91366
      vertex 6.76642 48.6606 7.65537
      vertex 6.91327 48.3501 7.12162
    endloop
  endfacet
  facet normal -0.688515 0.528353 -0.496779
    outer loop
      vertex 6.53912 47.667 6.91366
      vertex 6.91327 48.3501 7.12162
      vertex 6.9725 48.2513 6.93445
    endloop
  endfacet
  facet normal -0.688549 0.528334 -0.496752
    outer loop
      vertex 6.50298 47.6067 6.89962
      vertex 6.76642 48.6606 7.65537
      vertex 6.53912 47.667 6.91366
    endloop
  endfacet
  facet normal -0.68852 0.528347 -0.496779
    outer loop
      vertex 6.76642 48.6606 7.65537
      vertex 6.50298 47.6067 6.89962
      vertex 5.01425 48.4662 9.87707
    endloop
  endfacet
  facet normal -0.191991 0.174003 -0.965848
    outer loop
      vertex 13.4863 45.4047 1.21793
      vertex 16.8664 43.1336 0.136883
      vertex 16.3392 42.5519 0.136883
    endloop
  endfacet
  facet normal -0.191977 0.174023 -0.965847
    outer loop
      vertex 16.8664 43.1336 0.136883
      vertex 13.4863 45.4047 1.21793
      vertex 14.0136 45.9864 1.21793
    endloop
  endfacet
  facet normal -0.336071 0.370813 -0.865768
    outer loop
      vertex 12.7055 47.7796 2.49374
      vertex 14.5953 46.5136 1.21793
      vertex 14.0136 45.9864 1.21793
    endloop
  endfacet
  facet normal -0.33613 0.370743 -0.865775
    outer loop
      vertex 14.5953 46.5136 1.21793
      vertex 12.9101 48.0555 2.53247
      vertex 12.9638 48.1451 2.54999
    endloop
  endfacet
  facet normal -0.336099 0.370776 -0.865773
    outer loop
      vertex 14.5953 46.5136 1.21793
      vertex 12.7055 47.7796 2.49374
      vertex 12.9101 48.0555 2.53247
    endloop
  endfacet
  facet normal -0.336132 0.370766 -0.865765
    outer loop
      vertex 14.0136 45.9864 1.21793
      vertex 12.4749 47.5251 2.47428
      vertex 12.7055 47.7796 2.49374
    endloop
  endfacet
  facet normal -0.158838 0.206982 -0.965365
    outer loop
      vertex 17.4481 43.6608 0.136883
      vertex 15.8634 47.4867 1.21793
      vertex 17.8806 43.9927 0.136883
    endloop
  endfacet
  facet normal -0.497029 -0.0737382 -0.864595
    outer loop
      vertex 7.14275 20.8322 3
      vertex 10.2394 20.8545 1.21793
      vertex 7.25795 20.0557 3
    endloop
  endfacet
  facet normal -0.497029 -0.0737288 -0.864596
    outer loop
      vertex 10.2394 20.8545 1.21793
      vertex 7.14275 20.8322 3
      vertex 10.1242 21.6311 1.21793
    endloop
  endfacet
  facet normal -0.370589 -0.783529 -0.498744
    outer loop
      vertex 13.7358 5.69835 6.76632
      vertex 13.5475 3.80731 9.87707
      vertex 12.8378 4.14298 9.87707
    endloop
  endfacet
  facet normal -0.370575 -0.783535 -0.498746
    outer loop
      vertex 13.5475 3.80731 9.87707
      vertex 13.7358 5.69835 6.76632
      vertex 14.1007 5.47964 6.83879
    endloop
  endfacet
  facet normal -0.370576 -0.783534 -0.498746
    outer loop
      vertex 13.5475 3.80731 9.87707
      vertex 14.1007 5.47964 6.83879
      vertex 14.4246 5.32645 6.83879
    endloop
  endfacet
  facet normal -0.766683 0.588446 0.256767
    outer loop
      vertex 6.59898 52.2921 33.0884
      vertex 6.91327 51.6499 35.4986
      vertex 7.03615 51.8549 35.3957
    endloop
  endfacet
  facet normal -0.766795 0.588308 0.256745
    outer loop
      vertex 6.59898 52.2921 33.0884
      vertex 6.76642 51.3394 35.7715
      vertex 6.91327 51.6499 35.4986
    endloop
  endfacet
  facet normal -0.766753 0.588357 0.25676
    outer loop
      vertex 5.01425 48.4662 37.1229
      vertex 6.76642 51.3394 35.7715
      vertex 6.59898 52.2921 33.0884
    endloop
  endfacet
  facet normal -0.766745 0.58836 0.256778
    outer loop
      vertex 6.76642 51.3394 35.7715
      vertex 5.01425 48.4662 37.1229
      vertex 6.65071 51.016 36.167
    endloop
  endfacet
  facet normal -0.766756 0.588357 0.256751
    outer loop
      vertex 6.65071 51.016 36.167
      vertex 5.01425 48.4662 37.1229
      vertex 6.56725 50.6828 36.6813
    endloop
  endfacet
  facet normal -0.766753 0.588357 0.256759
    outer loop
      vertex 6.56725 50.6828 36.6813
      vertex 5.01425 48.4662 37.1229
      vertex 6.53181 50.4439 37.1229
    endloop
  endfacet
  facet normal -0.766763 0.588349 0.256749
    outer loop
      vertex 6.59898 52.2921 33.0884
      vertex 4.07804 49.0067 33.0884
      vertex 5.01425 48.4662 37.1229
    endloop
  endfacet
  facet normal 0.332086 -0.801828 0.49678
    outer loop
      vertex 82.8873 2.33058 37.1229
      vertex 83.0697 4.25266 40.1033
      vertex 82.4333 4.02496 40.1612
    endloop
  endfacet
  facet normal 0.332119 -0.801819 0.496773
    outer loop
      vertex 83.0697 4.25266 40.1033
      vertex 82.8873 2.33058 37.1229
      vertex 86.4525 3.80731 37.1229
    endloop
  endfacet
  facet normal 0.648672 -0.715809 0.25854
    outer loop
      vertex 92.2921 6.59898 33.0884
      vertex 91.9445 7.08986 35.3196
      vertex 91.8549 7.03615 35.3957
    endloop
  endfacet
  facet normal 0.648694 -0.715789 0.258539
    outer loop
      vertex 92.2921 6.59898 33.0884
      vertex 92.2204 7.29446 35.1938
      vertex 91.9445 7.08986 35.3196
    endloop
  endfacet
  facet normal 0.648719 -0.715768 0.258533
    outer loop
      vertex 92.2921 6.59898 33.0884
      vertex 92.4749 7.52512 35.1938
      vertex 92.2204 7.29446 35.1938
    endloop
  endfacet
  facet normal 0.648741 -0.715751 0.258524
    outer loop
      vertex 92.4749 7.52512 35.1938
      vertex 92.2921 6.59898 33.0884
      vertex 92.8738 7.12622 33.0884
    endloop
  endfacet
  facet normal 0.955884 0.141795 -0.257255
    outer loop
      vertex 99.2841 40.8898 13.9116
      vertex 98.1246 41.3866 9.87707
      vertex 99.1689 41.6664 13.9116
    endloop
  endfacet
  facet normal 0.955871 0.141916 -0.257237
    outer loop
      vertex 98.1246 41.3866 9.87707
      vertex 99.2841 40.8898 13.9116
      vertex 98.2399 40.61 9.87707
    endloop
  endfacet
  facet normal 0.840101 -0.210494 0.499923
    outer loop
      vertex 96.1991 18.3167 40.2337
      vertex 98.1246 18.6134 37.1229
      vertex 96.3899 19.0782 40.2337
    endloop
  endfacet
  facet normal 0.84012 -0.210361 0.499947
    outer loop
      vertex 98.1246 18.6134 37.1229
      vertex 96.1991 18.3167 40.2337
      vertex 97.9339 17.8518 37.1229
    endloop
  endfacet
  facet normal 0.801821 -0.332085 0.496793
    outer loop
      vertex 95.7473 16.9303 40.1033
      vertex 97.6694 17.1126 37.1229
      vertex 95.975 17.5667 40.1612
    endloop
  endfacet
  facet normal 0.801812 -0.332118 0.496785
    outer loop
      vertex 97.6694 17.1126 37.1229
      vertex 95.7473 16.9303 40.1033
      vertex 96.1927 13.5475 37.1229
    endloop
  endfacet
  facet normal 0.816058 -0.292074 0.498741
    outer loop
      vertex 96.0957 17.904 40.1612
      vertex 97.9339 17.8518 37.1229
      vertex 96.1991 18.3167 40.2337
    endloop
  endfacet
  facet normal 0.816071 -0.292024 0.498748
    outer loop
      vertex 95.975 17.5667 40.1612
      vertex 97.9339 17.8518 37.1229
      vertex 96.0957 17.904 40.1612
    endloop
  endfacet
  facet normal 0.816075 -0.292007 0.498752
    outer loop
      vertex 97.9339 17.8518 37.1229
      vertex 95.975 17.5667 40.1612
      vertex 97.6694 17.1126 37.1229
    endloop
  endfacet
  facet normal 0 0 -1
    outer loop
      vertex 85.9787 22.6753 0.136883
      vertex 86.0884 24 0.136883
      vertex 86.0499 23.2159 0.136883
    endloop
  endfacet
  facet normal -0 0 -1
    outer loop
      vertex 86.0884 24 0.136883
      vertex 76 13.9116 0.136883
      vertex 86.0884 36 0.136883
    endloop
  endfacet
  facet normal 0 0 -1
    outer loop
      vertex 86.0884 24 0.136883
      vertex 85.9787 22.6753 0.136883
      vertex 76 13.9116 0.136883
    endloop
  endfacet
  facet normal 0 0 -1
    outer loop
      vertex 76 46.0884 0.136883
      vertex 86.0884 36 0.136883
      vertex 76 13.9116 0.136883
    endloop
  endfacet
  facet normal 0 0 -1
    outer loop
      vertex 85.4083 20.398 0.136883
      vertex 85.9787 22.6753 0.136883
      vertex 85.8635 21.8987 0.136883
    endloop
  endfacet
  facet normal -0 -0 -1
    outer loop
      vertex 85.9787 37.3247 0.136883
      vertex 86.0884 36 0.136883
      vertex 76 46.0884 0.136883
    endloop
  endfacet
  facet normal 0 0 -1
    outer loop
      vertex 85.4083 20.398 0.136883
      vertex 85.8635 21.8987 0.136883
      vertex 85.6728 21.1372 0.136883
    endloop
  endfacet
  facet normal 0 0 -1
    outer loop
      vertex 86.0884 36 0.136883
      vertex 85.9787 37.3247 0.136883
      vertex 86.0499 36.7841 0.136883
    endloop
  endfacet
  facet normal 0 0 -1
    outer loop
      vertex 85.9787 22.6753 0.136883
      vertex 85.4083 20.398 0.136883
      vertex 77.3247 14.0213 0.136883
    endloop
  endfacet
  facet normal -0 -0 -1
    outer loop
      vertex 77.3247 45.9787 0.136883
      vertex 85.9787 37.3247 0.136883
      vertex 76 46.0884 0.136883
    endloop
  endfacet
  facet normal 0 0 -1
    outer loop
      vertex 77.3247 14.0213 0.136883
      vertex 85.4083 20.398 0.136883
      vertex 85.1996 19.8943 0.136883
    endloop
  endfacet
  facet normal -0 -0 -1
    outer loop
      vertex 85.4083 39.602 0.136883
      vertex 85.9787 37.3247 0.136883
      vertex 77.3247 45.9787 0.136883
    endloop
  endfacet
  facet normal 0 0 -1
    outer loop
      vertex 83.9927 17.8806 0.136883
      vertex 85.1996 19.8943 0.136883
      vertex 84.864 19.1846 0.136883
    endloop
  endfacet
  facet normal 0 0 -1
    outer loop
      vertex 85.8635 38.1012 0.136883
      vertex 85.4083 39.602 0.136883
      vertex 85.6728 38.8628 0.136883
    endloop
  endfacet
  facet normal 0 0 -1
    outer loop
      vertex 83.9927 17.8806 0.136883
      vertex 84.864 19.1846 0.136883
      vertex 84.4604 18.5112 0.136883
    endloop
  endfacet
  facet normal 0 0 -1
    outer loop
      vertex 85.9787 37.3247 0.136883
      vertex 85.4083 39.602 0.136883
      vertex 85.8635 38.1012 0.136883
    endloop
  endfacet
  facet normal 0 0 -1
    outer loop
      vertex 77.3247 14.0213 0.136883
      vertex 85.1996 19.8943 0.136883
      vertex 83.9927 17.8806 0.136883
    endloop
  endfacet
  facet normal 0 0 -1
    outer loop
      vertex 85.4083 39.602 0.136883
      vertex 77.3247 45.9787 0.136883
      vertex 85.1996 40.1057 0.136883
    endloop
  endfacet
  facet normal 0 0 -1
    outer loop
      vertex 82.1193 16.0073 0.136883
      vertex 83.9927 17.8806 0.136883
      vertex 83.6608 17.4481 0.136883
    endloop
  endfacet
  facet normal 0 0 -1
    outer loop
      vertex 85.1996 40.1057 0.136883
      vertex 83.9927 42.1193 0.136883
      vertex 84.864 40.8154 0.136883
    endloop
  endfacet
  facet normal 0 0 -1
    outer loop
      vertex 82.1193 16.0073 0.136883
      vertex 83.6608 17.4481 0.136883
      vertex 83.1336 16.8664 0.136883
    endloop
  endfacet
  facet normal 0 0 -1
    outer loop
      vertex 84.864 40.8154 0.136883
      vertex 83.9927 42.1193 0.136883
      vertex 84.4604 41.4888 0.136883
    endloop
  endfacet
  facet normal 0 0 -1
    outer loop
      vertex 82.1193 16.0073 0.136883
      vertex 83.1336 16.8664 0.136883
      vertex 82.5519 16.3392 0.136883
    endloop
  endfacet
  facet normal 0 0 -1
    outer loop
      vertex 85.1996 40.1057 0.136883
      vertex 77.3247 45.9787 0.136883
      vertex 83.9927 42.1193 0.136883
    endloop
  endfacet
  facet normal 0 0 -1
    outer loop
      vertex 77.3247 14.0213 0.136883
      vertex 83.9927 17.8806 0.136883
      vertex 82.1193 16.0073 0.136883
    endloop
  endfacet
  facet normal 0 0 -1
    outer loop
      vertex 83.9927 42.1193 0.136883
      vertex 82.1193 43.9927 0.136883
      vertex 83.6608 42.5519 0.136883
    endloop
  endfacet
  facet normal 0 0 -1
    outer loop
      vertex 80.1057 14.8003 0.136883
      vertex 82.1193 16.0073 0.136883
      vertex 81.4888 15.5396 0.136883
    endloop
  endfacet
  facet normal 0 0 -1
    outer loop
      vertex 83.6608 42.5519 0.136883
      vertex 82.1193 43.9927 0.136883
      vertex 83.1336 43.1336 0.136883
    endloop
  endfacet
  facet normal 0 0 -1
    outer loop
      vertex 80.1057 14.8003 0.136883
      vertex 81.4888 15.5396 0.136883
      vertex 80.8154 15.136 0.136883
    endloop
  endfacet
  facet normal 0 0 -1
    outer loop
      vertex 83.1336 43.1336 0.136883
      vertex 82.1193 43.9927 0.136883
      vertex 82.5519 43.6608 0.136883
    endloop
  endfacet
  facet normal 0 0 -1
    outer loop
      vertex 82.1193 16.0073 0.136883
      vertex 80.1057 14.8003 0.136883
      vertex 77.3247 14.0213 0.136883
    endloop
  endfacet
  facet normal 0 0 -1
    outer loop
      vertex 83.9927 42.1193 0.136883
      vertex 77.3247 45.9787 0.136883
      vertex 82.1193 43.9927 0.136883
    endloop
  endfacet
  facet normal 0 0 -1
    outer loop
      vertex 77.3247 14.0213 0.136883
      vertex 80.1057 14.8003 0.136883
      vertex 79.602 14.5917 0.136883
    endloop
  endfacet
  facet normal -0 -0 -1
    outer loop
      vertex 80.1057 45.1996 0.136883
      vertex 82.1193 43.9927 0.136883
      vertex 77.3247 45.9787 0.136883
    endloop
  endfacet
  facet normal 0 0 -1
    outer loop
      vertex 77.3247 14.0213 0.136883
      vertex 79.602 14.5917 0.136883
      vertex 78.8628 14.3272 0.136883
    endloop
  endfacet
  facet normal 0 0 -1
    outer loop
      vertex 81.4888 44.4604 0.136883
      vertex 80.1057 45.1996 0.136883
      vertex 80.8154 44.864 0.136883
    endloop
  endfacet
  facet normal 0 0 -1
    outer loop
      vertex 77.3247 14.0213 0.136883
      vertex 78.8628 14.3272 0.136883
      vertex 78.1012 14.1365 0.136883
    endloop
  endfacet
  facet normal 0 0 -1
    outer loop
      vertex 85.9787 22.6753 0.136883
      vertex 77.3247 14.0213 0.136883
      vertex 76 13.9116 0.136883
    endloop
  endfacet
  facet normal 0 0 -1
    outer loop
      vertex 82.1193 43.9927 0.136883
      vertex 80.1057 45.1996 0.136883
      vertex 81.4888 44.4604 0.136883
    endloop
  endfacet
  facet normal 0 0 -1
    outer loop
      vertex 78.8628 45.6728 0.136883
      vertex 77.3247 45.9787 0.136883
      vertex 78.1012 45.8635 0.136883
    endloop
  endfacet
  facet normal 0 0 -1
    outer loop
      vertex 76 13.9116 0.136883
      vertex 77.3247 14.0213 0.136883
      vertex 76.7841 13.9501 0.136883
    endloop
  endfacet
  facet normal 0 0 -1
    outer loop
      vertex 80.1057 45.1996 0.136883
      vertex 77.3247 45.9787 0.136883
      vertex 79.602 45.4083 0.136883
    endloop
  endfacet
  facet normal 0 0 -1
    outer loop
      vertex 79.602 45.4083 0.136883
      vertex 77.3247 45.9787 0.136883
      vertex 78.8628 45.6728 0.136883
    endloop
  endfacet
  facet normal 0 0 -1
    outer loop
      vertex 77.3247 45.9787 0.136883
      vertex 76 46.0884 0.136883
      vertex 76.7841 46.0499 0.136883
    endloop
  endfacet
  facet normal 0 0 -1
    outer loop
      vertex 24 13.9116 0.136883
      vertex 76 46.0884 0.136883
      vertex 76 13.9116 0.136883
    endloop
  endfacet
  facet normal 0 0 -1
    outer loop
      vertex 24 13.9116 0.136883
      vertex 24 46.0884 0.136883
      vertex 76 46.0884 0.136883
    endloop
  endfacet
  facet normal 0 0 -1
    outer loop
      vertex 22.6753 14.0213 0.136883
      vertex 24 13.9116 0.136883
      vertex 23.2159 13.9501 0.136883
    endloop
  endfacet
  facet normal 0 0 -1
    outer loop
      vertex 24 13.9116 0.136883
      vertex 13.9116 24 0.136883
      vertex 24 46.0884 0.136883
    endloop
  endfacet
  facet normal 0 0 -1
    outer loop
      vertex 24 13.9116 0.136883
      vertex 22.6753 14.0213 0.136883
      vertex 13.9116 24 0.136883
    endloop
  endfacet
  facet normal 0 0 -1
    outer loop
      vertex 13.9116 36 0.136883
      vertex 24 46.0884 0.136883
      vertex 13.9116 24 0.136883
    endloop
  endfacet
  facet normal 0 0 -1
    outer loop
      vertex 20.398 14.5917 0.136883
      vertex 22.6753 14.0213 0.136883
      vertex 21.8987 14.1365 0.136883
    endloop
  endfacet
  facet normal 0 -0 -1
    outer loop
      vertex 22.6753 45.9787 0.136883
      vertex 24 46.0884 0.136883
      vertex 13.9116 36 0.136883
    endloop
  endfacet
  facet normal 0 0 -1
    outer loop
      vertex 20.398 14.5917 0.136883
      vertex 21.8987 14.1365 0.136883
      vertex 21.1372 14.3272 0.136883
    endloop
  endfacet
  facet normal 0 0 -1
    outer loop
      vertex 24 46.0884 0.136883
      vertex 22.6753 45.9787 0.136883
      vertex 23.2159 46.0499 0.136883
    endloop
  endfacet
  facet normal 0 0 -1
    outer loop
      vertex 22.6753 14.0213 0.136883
      vertex 20.398 14.5917 0.136883
      vertex 14.0213 22.6753 0.136883
    endloop
  endfacet
  facet normal 0 -0 -1
    outer loop
      vertex 14.0213 37.3247 0.136883
      vertex 22.6753 45.9787 0.136883
      vertex 13.9116 36 0.136883
    endloop
  endfacet
  facet normal 0 0 -1
    outer loop
      vertex 14.0213 22.6753 0.136883
      vertex 20.398 14.5917 0.136883
      vertex 19.8943 14.8003 0.136883
    endloop
  endfacet
  facet normal 0 -0 -1
    outer loop
      vertex 20.398 45.4083 0.136883
      vertex 22.6753 45.9787 0.136883
      vertex 14.0213 37.3247 0.136883
    endloop
  endfacet
  facet normal 0 0 -1
    outer loop
      vertex 17.8806 16.0073 0.136883
      vertex 19.8943 14.8003 0.136883
      vertex 19.1846 15.136 0.136883
    endloop
  endfacet
  facet normal 0 0 -1
    outer loop
      vertex 21.8987 45.8635 0.136883
      vertex 20.398 45.4083 0.136883
      vertex 21.1372 45.6728 0.136883
    endloop
  endfacet
  facet normal 0 0 -1
    outer loop
      vertex 17.8806 16.0073 0.136883
      vertex 19.1846 15.136 0.136883
      vertex 18.5112 15.5396 0.136883
    endloop
  endfacet
  facet normal 0 0 -1
    outer loop
      vertex 22.6753 45.9787 0.136883
      vertex 20.398 45.4083 0.136883
      vertex 21.8987 45.8635 0.136883
    endloop
  endfacet
  facet normal 0 0 -1
    outer loop
      vertex 14.0213 22.6753 0.136883
      vertex 19.8943 14.8003 0.136883
      vertex 17.8806 16.0073 0.136883
    endloop
  endfacet
  facet normal 0 0 -1
    outer loop
      vertex 20.398 45.4083 0.136883
      vertex 14.0213 37.3247 0.136883
      vertex 19.8943 45.1996 0.136883
    endloop
  endfacet
  facet normal 0 0 -1
    outer loop
      vertex 16.0073 17.8806 0.136883
      vertex 17.8806 16.0073 0.136883
      vertex 17.4481 16.3392 0.136883
    endloop
  endfacet
  facet normal 0 0 -1
    outer loop
      vertex 19.8943 45.1996 0.136883
      vertex 17.8806 43.9927 0.136883
      vertex 19.1846 44.864 0.136883
    endloop
  endfacet
  facet normal 0 0 -1
    outer loop
      vertex 16.0073 17.8806 0.136883
      vertex 17.4481 16.3392 0.136883
      vertex 16.8664 16.8664 0.136883
    endloop
  endfacet
  facet normal 0 0 -1
    outer loop
      vertex 19.1846 44.864 0.136883
      vertex 17.8806 43.9927 0.136883
      vertex 18.5112 44.4604 0.136883
    endloop
  endfacet
  facet normal 0 0 -1
    outer loop
      vertex 16.0073 17.8806 0.136883
      vertex 16.8664 16.8664 0.136883
      vertex 16.3392 17.4481 0.136883
    endloop
  endfacet
  facet normal 0 0 -1
    outer loop
      vertex 19.8943 45.1996 0.136883
      vertex 14.0213 37.3247 0.136883
      vertex 17.8806 43.9927 0.136883
    endloop
  endfacet
  facet normal 0 0 -1
    outer loop
      vertex 14.0213 22.6753 0.136883
      vertex 17.8806 16.0073 0.136883
      vertex 16.0073 17.8806 0.136883
    endloop
  endfacet
  facet normal 0 0 -1
    outer loop
      vertex 17.8806 43.9927 0.136883
      vertex 16.0073 42.1193 0.136883
      vertex 17.4481 43.6608 0.136883
    endloop
  endfacet
  facet normal 0 0 -1
    outer loop
      vertex 14.8003 19.8943 0.136883
      vertex 16.0073 17.8806 0.136883
      vertex 15.5396 18.5112 0.136883
    endloop
  endfacet
  facet normal 0 0 -1
    outer loop
      vertex 17.4481 43.6608 0.136883
      vertex 16.0073 42.1193 0.136883
      vertex 16.8664 43.1336 0.136883
    endloop
  endfacet
  facet normal 0 0 -1
    outer loop
      vertex 14.8003 19.8943 0.136883
      vertex 15.5396 18.5112 0.136883
      vertex 15.136 19.1846 0.136883
    endloop
  endfacet
  facet normal 0 0 -1
    outer loop
      vertex 16.8664 43.1336 0.136883
      vertex 16.0073 42.1193 0.136883
      vertex 16.3392 42.5519 0.136883
    endloop
  endfacet
  facet normal 0 0 -1
    outer loop
      vertex 16.0073 17.8806 0.136883
      vertex 14.8003 19.8943 0.136883
      vertex 14.0213 22.6753 0.136883
    endloop
  endfacet
  facet normal 0 0 -1
    outer loop
      vertex 17.8806 43.9927 0.136883
      vertex 14.0213 37.3247 0.136883
      vertex 16.0073 42.1193 0.136883
    endloop
  endfacet
  facet normal 0 0 -1
    outer loop
      vertex 14.0213 22.6753 0.136883
      vertex 14.8003 19.8943 0.136883
      vertex 14.5917 20.398 0.136883
    endloop
  endfacet
  facet normal 0 -0 -1
    outer loop
      vertex 14.8003 40.1057 0.136883
      vertex 16.0073 42.1193 0.136883
      vertex 14.0213 37.3247 0.136883
    endloop
  endfacet
  facet normal 0 0 -1
    outer loop
      vertex 14.0213 22.6753 0.136883
      vertex 14.5917 20.398 0.136883
      vertex 14.3272 21.1372 0.136883
    endloop
  endfacet
  facet normal 0 0 -1
    outer loop
      vertex 15.5396 41.4888 0.136883
      vertex 14.8003 40.1057 0.136883
      vertex 15.136 40.8154 0.136883
    endloop
  endfacet
  facet normal 0 0 -1
    outer loop
      vertex 14.0213 22.6753 0.136883
      vertex 14.3272 21.1372 0.136883
      vertex 14.1365 21.8987 0.136883
    endloop
  endfacet
  facet normal 0 0 -1
    outer loop
      vertex 16.0073 42.1193 0.136883
      vertex 14.8003 40.1057 0.136883
      vertex 15.5396 41.4888 0.136883
    endloop
  endfacet
  facet normal 0 0 -1
    outer loop
      vertex 22.6753 14.0213 0.136883
      vertex 14.0213 22.6753 0.136883
      vertex 13.9116 24 0.136883
    endloop
  endfacet
  facet normal 0 0 -1
    outer loop
      vertex 14.8003 40.1057 0.136883
      vertex 14.0213 37.3247 0.136883
      vertex 14.5917 39.602 0.136883
    endloop
  endfacet
  facet normal 0 0 -1
    outer loop
      vertex 13.9116 24 0.136883
      vertex 14.0213 22.6753 0.136883
      vertex 13.9501 23.2159 0.136883
    endloop
  endfacet
  facet normal 0 0 -1
    outer loop
      vertex 14.5917 39.602 0.136883
      vertex 14.0213 37.3247 0.136883
      vertex 14.3272 38.8628 0.136883
    endloop
  endfacet
  facet normal 0 0 -1
    outer loop
      vertex 14.3272 38.8628 0.136883
      vertex 14.0213 37.3247 0.136883
      vertex 14.1365 38.1012 0.136883
    endloop
  endfacet
  facet normal 0 0 -1
    outer loop
      vertex 14.0213 37.3247 0.136883
      vertex 13.9116 36 0.136883
      vertex 13.9501 36.7841 0.136883
    endloop
  endfacet
  facet normal 0.428914 0.257068 -0.865996
    outer loop
      vertex 88.358 42.8326 1.21793
      vertex 90.6275 45.0493 3
      vertex 91.0311 44.3759 3
    endloop
  endfacet
  facet normal 0.428914 0.257068 -0.865996
    outer loop
      vertex 90.6275 45.0493 3
      vertex 88.358 42.8326 1.21793
      vertex 87.9544 43.506 1.21793
    endloop
  endfacet
  facet normal 0.244454 0.0874705 -0.965708
    outer loop
      vertex 85.6728 38.8628 0.136883
      vertex 89.3053 40.6462 1.21793
      vertex 89.5698 39.907 1.21793
    endloop
  endfacet
  facet normal 0.244454 0.0874705 -0.965708
    outer loop
      vertex 89.3053 40.6462 1.21793
      vertex 85.6728 38.8628 0.136883
      vertex 85.4083 39.602 0.136883
    endloop
  endfacet
  facet normal 0.696732 0.516748 -0.49753
    outer loop
      vertex 95.4534 47.8356 9.87707
      vertex 93.497 47.6067 6.89962
      vertex 94.9857 48.4662 9.87707
    endloop
  endfacet
  facet normal 0.696759 0.516698 -0.497544
    outer loop
      vertex 93.497 47.6067 6.89962
      vertex 95.4534 47.8356 9.87707
      vertex 93.898 46.9376 6.76632
    endloop
  endfacet
  facet normal 0.257589 -0.0382105 -0.965499
    outer loop
      vertex 85.8635 21.8987 0.136883
      vertex 89.8758 21.6311 1.21793
      vertex 89.7606 20.8545 1.21793
    endloop
  endfacet
  facet normal 0.257589 -0.0382105 -0.965499
    outer loop
      vertex 89.8758 21.6311 1.21793
      vertex 85.8635 21.8987 0.136883
      vertex 85.9787 22.6753 0.136883
    endloop
  endfacet
  facet normal 0.241043 -0.0998482 -0.965365
    outer loop
      vertex 88.6936 17.8771 1.21793
      vertex 85.4083 20.398 0.136883
      vertex 89.3053 19.3538 1.21793
    endloop
  endfacet
  facet normal 0.498925 -0.065665 -0.864154
    outer loop
      vertex 93.1404 22.9834 3
      vertex 90.0844 23.2159 1.21793
      vertex 93.171 23.2159 3
    endloop
  endfacet
  facet normal 0.498925 -0.0656712 -0.864154
    outer loop
      vertex 90.0844 23.2159 1.21793
      vertex 93.1404 22.9834 3
      vertex 89.8758 21.6311 1.21793
    endloop
  endfacet
  facet normal 0.499841 -0.0246064 -0.865768
    outer loop
      vertex 93.171 23.2159 3
      vertex 90.1229 24 1.21793
      vertex 93.2096 24 3
    endloop
  endfacet
  facet normal 0.499854 -0.0245433 -0.865762
    outer loop
      vertex 90.1229 24 1.21793
      vertex 93.171 23.2159 3
      vertex 90.0844 23.2159 1.21793
    endloop
  endfacet
  facet normal 0.955871 -0.141916 -0.257237
    outer loop
      vertex 99.2841 19.1102 13.9116
      vertex 98.1246 18.6134 9.87707
      vertex 98.2399 19.39 9.87707
    endloop
  endfacet
  facet normal 0.955884 -0.141795 -0.257255
    outer loop
      vertex 98.1246 18.6134 9.87707
      vertex 99.2841 19.1102 13.9116
      vertex 99.1689 18.3336 13.9116
    endloop
  endfacet
  facet normal 0.528271 -0.688546 -0.496824
    outer loop
      vertex 88.4662 5.01425 9.87707
      vertex 88.984 6.65071 8.15968
      vertex 89.129 6.6144 8.36418
    endloop
  endfacet
  facet normal 0.528336 -0.688525 -0.496784
    outer loop
      vertex 88.4662 5.01425 9.87707
      vertex 88.6606 6.76642 7.65537
      vertex 88.984 6.65071 8.15968
    endloop
  endfacet
  facet normal 0.528347 -0.68852 -0.496779
    outer loop
      vertex 87.6067 6.50298 6.89962
      vertex 88.6606 6.76642 7.65537
      vertex 88.4662 5.01425 9.87707
    endloop
  endfacet
  facet normal 0.528353 -0.688509 -0.496789
    outer loop
      vertex 88.6606 6.76642 7.65537
      vertex 87.667 6.53912 6.91366
      vertex 88.3501 6.91327 7.12162
    endloop
  endfacet
  facet normal 0.528353 -0.688515 -0.496779
    outer loop
      vertex 88.3501 6.91327 7.12162
      vertex 87.667 6.53912 6.91366
      vertex 88.2513 6.9725 6.93445
    endloop
  endfacet
  facet normal 0.528334 -0.688549 -0.496752
    outer loop
      vertex 88.6606 6.76642 7.65537
      vertex 87.6067 6.50298 6.89962
      vertex 87.667 6.53912 6.91366
    endloop
  endfacet
  facet normal 0.937002 -0.23462 -0.258805
    outer loop
      vertex 99.1689 18.3336 13.9116
      vertex 97.9339 17.8518 9.87707
      vertex 98.1246 18.6134 9.87707
    endloop
  endfacet
  facet normal 0.936979 -0.234737 -0.258784
    outer loop
      vertex 97.9339 17.8518 9.87707
      vertex 99.1689 18.3336 13.9116
      vertex 98.9781 17.572 13.9116
    endloop
  endfacet
  facet normal 0.241043 0.0998482 -0.965365
    outer loop
      vertex 89.3053 40.6462 1.21793
      vertex 85.4083 39.602 0.136883
      vertex 88.6936 42.1229 1.21793
    endloop
  endfacet
  facet normal 0.234713 0.11099 -0.965708
    outer loop
      vertex 84.864 40.8154 0.136883
      vertex 88.6936 42.1229 1.21793
      vertex 85.1996 40.1057 0.136883
    endloop
  endfacet
  facet normal 0.234713 0.11099 -0.965708
    outer loop
      vertex 88.6936 42.1229 1.21793
      vertex 84.864 40.8154 0.136883
      vertex 88.358 42.8326 1.21793
    endloop
  endfacet
  facet normal 0.858046 0.127392 -0.497521
    outer loop
      vertex 98.2399 40.61 9.87707
      vertex 96.3899 40.9218 6.76632
      vertex 98.1246 41.3866 9.87707
    endloop
  endfacet
  facet normal 0.858056 0.127242 -0.497542
    outer loop
      vertex 96.3899 40.9218 6.76632
      vertex 98.2399 40.61 9.87707
      vertex 96.5794 40.1651 6.89961
    endloop
  endfacet
  facet normal 0.499992 0 -0.86603
    outer loop
      vertex 90.1229 24 1.21793
      vertex 93.2096 36 3
      vertex 93.2096 24 3
    endloop
  endfacet
  facet normal 0.499992 0 -0.86603
    outer loop
      vertex 93.2096 36 3
      vertex 90.1229 24 1.21793
      vertex 90.1229 36 1.21793
    endloop
  endfacet
  facet normal 0.0874705 0.244454 -0.965708
    outer loop
      vertex 78.8628 45.6728 0.136883
      vertex 80.6462 49.3053 1.21793
      vertex 79.602 45.4083 0.136883
    endloop
  endfacet
  facet normal 0.0874705 0.244454 -0.965708
    outer loop
      vertex 80.6462 49.3053 1.21793
      vertex 78.8628 45.6728 0.136883
      vertex 79.907 49.5698 1.21793
    endloop
  endfacet
  facet normal 0.0737297 0.497035 -0.864592
    outer loop
      vertex 79.1454 49.7606 1.21793
      vertex 79.1677 52.8572 3
      vertex 79.9443 52.742 3
    endloop
  endfacet
  facet normal 0.0737391 0.497035 -0.864592
    outer loop
      vertex 79.1677 52.8572 3
      vertex 79.1454 49.7606 1.21793
      vertex 78.3689 49.8758 1.21793
    endloop
  endfacet
  facet normal -0.0382105 0.257589 -0.965499
    outer loop
      vertex 21.8987 45.8635 0.136883
      vertex 21.6311 49.8758 1.21793
      vertex 22.6753 45.9787 0.136883
    endloop
  endfacet
  facet normal -0.0382105 0.257589 -0.965499
    outer loop
      vertex 21.6311 49.8758 1.21793
      vertex 21.8987 45.8635 0.136883
      vertex 20.8545 49.7606 1.21793
    endloop
  endfacet
  facet normal -0.0656826 0.498928 -0.864151
    outer loop
      vertex 21.6311 49.8758 1.21793
      vertex 20.8322 52.8572 3
      vertex 22.9834 53.1404 3
    endloop
  endfacet
  facet normal -0.399532 0.306172 -0.86408
    outer loop
      vertex 12.5133 44.1366 1.21793
      vertex 11.3394 46.7664 2.69254
      vertex 11.4101 46.7999 2.67172
    endloop
  endfacet
  facet normal -0.399208 0.306362 -0.864162
    outer loop
      vertex 12.5133 44.1366 1.21793
      vertex 11.016 46.6507 2.80092
      vertex 11.3394 46.7664 2.69254
    endloop
  endfacet
  facet normal -0.399238 0.306341 -0.864156
    outer loop
      vertex 9.84018 45.6799 3
      vertex 11.016 46.6507 2.80092
      vertex 12.5133 44.1366 1.21793
    endloop
  endfacet
  facet normal -0.39918 0.306259 -0.864211
    outer loop
      vertex 11.016 46.6507 2.80092
      vertex 9.84018 45.6799 3
      vertex 10.6828 46.5673 2.92527
    endloop
  endfacet
  facet normal -0.399327 0.306409 -0.86409
    outer loop
      vertex 10.6828 46.5673 2.92527
      vertex 9.84018 45.6799 3
      vertex 10.5003 46.5402 3
    endloop
  endfacet
  facet normal -0.399241 0.306334 -0.864156
    outer loop
      vertex 11.4101 46.7999 2.67172
      vertex 13.4863 45.4047 1.21793
      vertex 12.5133 44.1366 1.21793
    endloop
  endfacet
  facet normal -0.399174 0.306426 -0.864155
    outer loop
      vertex 13.4863 45.4047 1.21793
      vertex 11.6499 46.9133 2.60115
      vertex 11.8549 47.0361 2.55
    endloop
  endfacet
  facet normal -0.3992 0.306392 -0.864154
    outer loop
      vertex 13.4863 45.4047 1.21793
      vertex 11.4101 46.7999 2.67172
      vertex 11.6499 46.9133 2.60115
    endloop
  endfacet
  facet normal 0.766765 -0.588347 0.256747
    outer loop
      vertex 94.9857 11.5338 37.1229
      vertex 93.401 7.70793 33.0884
      vertex 95.9219 10.9933 33.0884
    endloop
  endfacet
  facet normal 0.860417 0.113461 -0.4968
    outer loop
      vertex 98.2399 40.61 9.87707
      vertex 96.5965 40.0969 6.91365
      vertex 96.5794 40.1651 6.89961
    endloop
  endfacet
  facet normal 0.860456 0.113234 -0.496782
    outer loop
      vertex 98.2399 40.61 9.87707
      vertex 96.6911 39.4589 6.93208
      vertex 96.5965 40.0969 6.91365
    endloop
  endfacet
  facet normal 0.860449 0.11326 -0.496789
    outer loop
      vertex 96.6911 39.4589 6.93208
      vertex 98.2399 40.61 9.87707
      vertex 98.7435 36.7841 9.87707
    endloop
  endfacet
  facet normal 0.688521 -0.528411 0.496709
    outer loop
      vertex 93.4327 10.6828 38.3703
      vertex 94.9857 11.5338 37.1229
      vertex 93.3856 10.871 38.6358
    endloop
  endfacet
  facet normal 0.688526 -0.52838 0.496736
    outer loop
      vertex 93.4831 10.3431 37.9391
      vertex 94.9857 11.5338 37.1229
      vertex 93.4327 10.6828 38.3703
    endloop
  endfacet
  facet normal 0.688512 -0.528271 0.496871
    outer loop
      vertex 93.5 10 37.5509
      vertex 94.9857 11.5338 37.1229
      vertex 93.4831 10.3431 37.9391
    endloop
  endfacet
  facet normal 0.688561 -0.528365 0.496703
    outer loop
      vertex 93.4831 9.65694 37.2094
      vertex 94.9857 11.5338 37.1229
      vertex 93.5 10 37.5509
    endloop
  endfacet
  facet normal 0.688399 -0.528218 0.497084
    outer loop
      vertex 94.9857 11.5338 37.1229
      vertex 93.4831 9.65694 37.2094
      vertex 93.4682 9.55612 37.1229
    endloop
  endfacet
  facet normal 0.206982 -0.158838 -0.965365
    outer loop
      vertex 87.4867 15.8634 1.21793
      vertex 83.6608 17.4481 0.136883
      vertex 83.9927 17.8806 0.136883
    endloop
  endfacet
  facet normal 0.209163 -0.155131 -0.965497
    outer loop
      vertex 87.4867 15.8634 1.21793
      vertex 84.4604 18.5112 0.136883
      vertex 87.9544 16.494 1.21793
    endloop
  endfacet
  facet normal 0.209163 -0.155131 -0.965497
    outer loop
      vertex 84.4604 18.5112 0.136883
      vertex 87.4867 15.8634 1.21793
      vertex 83.9927 17.8806 0.136883
    endloop
  endfacet
  facet normal 0.191994 -0.174006 -0.965847
    outer loop
      vertex 83.1336 16.8664 0.136883
      vertex 86.5136 14.5953 1.21793
      vertex 85.9864 14.0136 1.21793
    endloop
  endfacet
  facet normal 0.191994 -0.174006 -0.965847
    outer loop
      vertex 86.5136 14.5953 1.21793
      vertex 83.1336 16.8664 0.136883
      vertex 83.6608 17.4481 0.136883
    endloop
  endfacet
  facet normal 0.399173 -0.306406 -0.864162
    outer loop
      vertex 86.5136 14.5953 1.21793
      vertex 88.5899 13.2001 2.67171
      vertex 88.3501 13.0867 2.60115
    endloop
  endfacet
  facet normal 0.399277 -0.306277 -0.86416
    outer loop
      vertex 86.5136 14.5953 1.21793
      vertex 88.3501 13.0867 2.60115
      vertex 88.1451 12.9638 2.54999
    endloop
  endfacet
  facet normal 0.399216 -0.306345 -0.864164
    outer loop
      vertex 88.5899 13.2001 2.67171
      vertex 86.5136 14.5953 1.21793
      vertex 87.4867 15.8634 1.21793
    endloop
  endfacet
  facet normal 0.453145 -0.214281 -0.865299
    outer loop
      vertex 88.358 17.1674 1.21793
      vertex 91.3667 16.3337 3
      vertex 91.0311 15.624 3
    endloop
  endfacet
  facet normal 0.453145 -0.214281 -0.865299
    outer loop
      vertex 91.3667 16.3337 3
      vertex 88.358 17.1674 1.21793
      vertex 88.6936 17.8771 1.21793
    endloop
  endfacet
  facet normal 0.464879 -0.192645 -0.864162
    outer loop
      vertex 88.6936 17.8771 1.21793
      vertex 91.4565 16.5504 3
      vertex 91.3667 16.3337 3
    endloop
  endfacet
  facet normal 0.464909 -0.192581 -0.86416
    outer loop
      vertex 91.4565 16.5504 3
      vertex 88.6936 17.8771 1.21793
      vertex 89.3053 19.3538 1.21793
    endloop
  endfacet
  facet normal 0.696759 -0.516698 -0.497544
    outer loop
      vertex 95.4534 12.1644 9.87707
      vertex 93.497 12.3933 6.89962
      vertex 93.898 13.0624 6.76632
    endloop
  endfacet
  facet normal 0.696732 -0.516748 -0.49753
    outer loop
      vertex 93.497 12.3933 6.89962
      vertex 95.4534 12.1644 9.87707
      vertex 94.9857 11.5338 9.87707
    endloop
  endfacet
  facet normal 0.403557 -0.299355 -0.864597
    outer loop
      vertex 90.1598 14.3201 3
      vertex 87.9544 16.494 1.21793
      vertex 90.6275 14.9506 3
    endloop
  endfacet
  facet normal 0.403583 -0.299327 -0.864595
    outer loop
      vertex 87.9544 16.494 1.21793
      vertex 90.1598 14.3201 3
      vertex 87.4867 15.8634 1.21793
    endloop
  endfacet
  facet normal 0.497035 0.0737391 -0.864592
    outer loop
      vertex 89.7606 39.1454 1.21793
      vertex 92.8572 39.1677 3
      vertex 89.8758 38.3689 1.21793
    endloop
  endfacet
  facet normal 0.497035 0.0737297 -0.864592
    outer loop
      vertex 92.8572 39.1677 3
      vertex 89.7606 39.1454 1.21793
      vertex 92.742 39.9443 3
    endloop
  endfacet
  facet normal 0.258799 0.0127073 -0.965847
    outer loop
      vertex 86.0884 36 0.136883
      vertex 90.0844 36.7841 1.21793
      vertex 90.1229 36 1.21793
    endloop
  endfacet
  facet normal 0.258799 0.0127073 -0.965847
    outer loop
      vertex 90.0844 36.7841 1.21793
      vertex 86.0884 36 0.136883
      vertex 86.0499 36.7841 0.136883
    endloop
  endfacet
  facet normal 0.0629055 0.251094 -0.965916
    outer loop
      vertex 78.8628 45.6728 0.136883
      vertex 79.1454 49.7606 1.21793
      vertex 79.907 49.5698 1.21793
    endloop
  endfacet
  facet normal 0.0628732 0.251097 -0.965918
    outer loop
      vertex 79.1454 49.7606 1.21793
      vertex 78.8628 45.6728 0.136883
      vertex 78.1012 45.8635 0.136883
    endloop
  endfacet
  facet normal -0.0340476 0.25867 -0.965365
    outer loop
      vertex 23.2159 46.0499 0.136883
      vertex 21.6311 49.8758 1.21793
      vertex 23.2159 50.0844 1.21793
    endloop
  endfacet
  facet normal -0.065665 0.498925 -0.864154
    outer loop
      vertex 23.2159 50.0844 1.21793
      vertex 22.9834 53.1404 3
      vertex 23.2159 53.171 3
    endloop
  endfacet
  facet normal -0.0656712 0.498925 -0.864154
    outer loop
      vertex 22.9834 53.1404 3
      vertex 23.2159 50.0844 1.21793
      vertex 21.6311 49.8758 1.21793
    endloop
  endfacet
  facet normal 0.776171 -0.575666 0.257231
    outer loop
      vertex 94.9857 11.5338 37.1229
      vertex 96.3896 11.6239 33.0884
      vertex 95.4534 12.1644 37.1229
    endloop
  endfacet
  facet normal 0.776171 -0.575666 0.257231
    outer loop
      vertex 96.3896 11.6239 33.0884
      vertex 94.9857 11.5338 37.1229
      vertex 95.9219 10.9933 33.0884
    endloop
  endfacet
  facet normal 0.840113 0.210387 -0.499947
    outer loop
      vertex 98.1246 41.3866 9.87707
      vertex 96.1991 41.6833 6.76631
      vertex 97.9339 42.1481 9.87707
    endloop
  endfacet
  facet normal 0.840099 0.210487 -0.499929
    outer loop
      vertex 96.1991 41.6833 6.76631
      vertex 98.1246 41.3866 9.87707
      vertex 96.3899 40.9218 6.76632
    endloop
  endfacet
  facet normal 0.715815 -0.648666 0.258538
    outer loop
      vertex 92.9101 8.0555 35.3196
      vertex 93.401 7.70793 33.0884
      vertex 92.9638 8.14509 35.3957
    endloop
  endfacet
  facet normal 0.715765 -0.648722 0.258536
    outer loop
      vertex 92.7055 7.77962 35.1938
      vertex 93.401 7.70793 33.0884
      vertex 92.9101 8.0555 35.3196
    endloop
  endfacet
  facet normal 0.715835 -0.648637 0.258556
    outer loop
      vertex 92.4749 7.52513 35.1938
      vertex 93.401 7.70793 33.0884
      vertex 92.7055 7.77962 35.1938
    endloop
  endfacet
  facet normal 0.982521 0 0.186153
    outer loop
      vertex 92.8738 7.12622 33.0884
      vertex 92.4749 7.52513 35.1938
      vertex 92.4749 7.52512 35.1938
    endloop
  endfacet
  facet normal 0.715781 -0.648708 0.258526
    outer loop
      vertex 92.4749 7.52513 35.1938
      vertex 92.8738 7.12622 33.0884
      vertex 93.401 7.70793 33.0884
    endloop
  endfacet
  facet normal 0.222029 0.133072 -0.965917
    outer loop
      vertex 84.864 40.8154 0.136883
      vertex 87.9544 43.506 1.21793
      vertex 88.358 42.8326 1.21793
    endloop
  endfacet
  facet normal 0.222029 0.133072 -0.965917
    outer loop
      vertex 87.9544 43.506 1.21793
      vertex 84.864 40.8154 0.136883
      vertex 84.4604 41.4888 0.136883
    endloop
  endfacet
  facet normal 0.464914 0.192576 -0.864158
    outer loop
      vertex 92.2868 41.4451 3
      vertex 89.3053 40.6462 1.21793
      vertex 91.4565 43.4496 3
    endloop
  endfacet
  facet normal 0.464914 -0.192576 -0.864158
    outer loop
      vertex 91.4565 16.5504 3
      vertex 89.3053 19.3538 1.21793
      vertex 92.2868 18.5549 3
    endloop
  endfacet
  facet normal 0.471949 -0.168872 -0.865301
    outer loop
      vertex 92.2868 18.5549 3
      vertex 89.5698 20.093 1.21793
      vertex 92.5513 19.2941 3
    endloop
  endfacet
  facet normal 0.471949 -0.168872 -0.865301
    outer loop
      vertex 89.5698 20.093 1.21793
      vertex 92.2868 18.5549 3
      vertex 89.3053 19.3538 1.21793
    endloop
  endfacet
  facet normal 0.257588 0.0382152 -0.965499
    outer loop
      vertex 85.8635 38.1012 0.136883
      vertex 89.8758 38.3689 1.21793
      vertex 85.9787 37.3247 0.136883
    endloop
  endfacet
  facet normal 0.257588 0.0382152 -0.965499
    outer loop
      vertex 89.8758 38.3689 1.21793
      vertex 85.8635 38.1012 0.136883
      vertex 89.7606 39.1454 1.21793
    endloop
  endfacet
  facet normal 0.865248 0.0425948 -0.499531
    outer loop
      vertex 98.7821 36 9.87707
      vertex 96.9615 36.7841 6.79043
      vertex 98.7435 36.7841 9.87707
    endloop
  endfacet
  facet normal 0.86524 0.0424841 -0.499554
    outer loop
      vertex 96.9615 36.7841 6.79043
      vertex 98.7821 36 9.87707
      vertex 97 36 6.79043
    endloop
  endfacet
  facet normal -0.0737297 0.497035 -0.864592
    outer loop
      vertex 20.8545 49.7606 1.21793
      vertex 20.8322 52.8572 3
      vertex 21.6311 49.8758 1.21793
    endloop
  endfacet
  facet normal -0.0737391 0.497035 -0.864592
    outer loop
      vertex 20.8322 52.8572 3
      vertex 20.8545 49.7606 1.21793
      vertex 20.0557 52.742 3
    endloop
  endfacet
  facet normal 0.241029 0.0998665 -0.965366
    outer loop
      vertex 85.4083 39.602 0.136883
      vertex 85.1996 40.1057 0.136883
      vertex 88.6936 42.1229 1.21793
    endloop
  endfacet
  facet normal 0.514093 0.857734 -3.55768e-05
    outer loop
      vertex 14.1007 5.47964 40.1612
      vertex 13.0624 6.10196 40.2337
      vertex 13.7358 5.69835 40.2337
    endloop
  endfacet
  facet normal 0.514091 0.857736 -6.99624e-05
    outer loop
      vertex 14.1007 5.47964 40.1612
      vertex 12.3933 6.50298 40.1004
      vertex 13.0624 6.10196 40.2337
    endloop
  endfacet
  facet normal 0.514092 0.857735 -8.26293e-05
    outer loop
      vertex 14.1007 5.47964 40.1612
      vertex 12.333 6.53912 40.0863
      vertex 12.3933 6.50298 40.1004
    endloop
  endfacet
  facet normal 0.514089 0.857737 0
    outer loop
      vertex 14.1007 5.47964 40.1612
      vertex 12.333 6.53912 6.91366
      vertex 12.333 6.53912 40.0863
    endloop
  endfacet
  facet normal 0.514089 0.857737 -0
    outer loop
      vertex 14.1007 5.47964 6.83879
      vertex 12.333 6.53912 6.91366
      vertex 14.1007 5.47964 40.1612
    endloop
  endfacet
  facet normal 0.514092 0.857735 8.30536e-05
    outer loop
      vertex 12.333 6.53912 6.91366
      vertex 14.1007 5.47964 6.83879
      vertex 12.3933 6.50298 6.89962
    endloop
  endfacet
  facet normal 0.514093 0.857734 3.55915e-05
    outer loop
      vertex 13.0624 6.10196 6.76632
      vertex 14.1007 5.47964 6.83879
      vertex 13.7358 5.69835 6.76632
    endloop
  endfacet
  facet normal 0.514091 0.857736 6.99699e-05
    outer loop
      vertex 14.1007 5.47964 6.83879
      vertex 13.0624 6.10196 6.76632
      vertex 12.3933 6.50298 6.89962
    endloop
  endfacet
  facet normal 0.970027 -0.242997 -0.000182677
    outer loop
      vertex 3.61012 40.9218 40.2337
      vertex 3.90425 42.096 40.1612
      vertex 3.80088 41.6833 40.2337
    endloop
  endfacet
  facet normal 0.970031 -0.242981 0
    outer loop
      vertex 3.90425 42.096 40.1612
      vertex 3.4035 40.0969 40.0863
      vertex 3.90425 42.096 6.83878
    endloop
  endfacet
  facet normal 0.970031 -0.242981 0.000101165
    outer loop
      vertex 3.90425 42.096 40.1612
      vertex 3.61012 40.9218 40.2337
      vertex 3.42059 40.1651 40.1004
    endloop
  endfacet
  facet normal 0.970036 -0.242961 -0.000566114
    outer loop
      vertex 3.90425 42.096 40.1612
      vertex 3.42059 40.1651 40.1004
      vertex 3.4035 40.0969 40.0863
    endloop
  endfacet
  facet normal 0.970031 -0.242981 0
    outer loop
      vertex 3.4035 40.0969 6.91365
      vertex 3.90425 42.096 6.83878
      vertex 3.4035 40.0969 40.0863
    endloop
  endfacet
  facet normal 0.970027 -0.242997 0.000182739
    outer loop
      vertex 3.90425 42.096 6.83878
      vertex 3.61012 40.9218 6.76632
      vertex 3.80088 41.6833 6.76631
    endloop
  endfacet
  facet normal 0.970036 -0.242961 0.000569021
    outer loop
      vertex 3.42059 40.1651 6.89961
      vertex 3.90425 42.096 6.83878
      vertex 3.4035 40.0969 6.91365
    endloop
  endfacet
  facet normal 0.970031 -0.242981 -0.000101185
    outer loop
      vertex 3.61012 40.9218 6.76632
      vertex 3.90425 42.096 6.83878
      vertex 3.42059 40.1651 6.89961
    endloop
  endfacet
  facet normal -0.33692 -0.941533 -0.000495121
    outer loop
      vertex 82.096 56.0957 40.1612
      vertex 83.0697 55.7473 40.1033
      vertex 82.4333 55.975 40.1612
    endloop
  endfacet
  facet normal -0.336894 -0.941543 0
    outer loop
      vertex 83.0697 55.7473 6.89672
      vertex 83.0697 55.7473 40.1033
      vertex 82.096 56.0957 40.1612
    endloop
  endfacet
  facet normal -0.336842 -0.941561 -0
    outer loop
      vertex 83.0697 55.7473 40.1033
      vertex 83.0697 55.7473 6.89672
      vertex 84.0363 55.4015 40.0153
    endloop
  endfacet
  facet normal -0.336842 -0.941561 -0
    outer loop
      vertex 84.0363 55.4015 40.0153
      vertex 83.0697 55.7473 6.89672
      vertex 84.0363 55.4015 6.98473
    endloop
  endfacet
  facet normal -0.336894 -0.941543 0
    outer loop
      vertex 82.096 56.0957 6.83878
      vertex 83.0697 55.7473 6.89672
      vertex 82.096 56.0957 40.1612
    endloop
  endfacet
  facet normal -0.33692 -0.941533 0.000494779
    outer loop
      vertex 83.0697 55.7473 6.89672
      vertex 82.096 56.0957 6.83878
      vertex 82.4333 55.975 6.83878
    endloop
  endfacet
  facet normal -0.427548 0.903993 2.75653e-05
    outer loop
      vertex 85.8993 5.47964 40.1612
      vertex 84.0363 4.59853 40.0153
      vertex 85.5754 5.32645 40.1612
    endloop
  endfacet
  facet normal -0.427546 0.903994 0
    outer loop
      vertex 85.8993 5.47964 40.1612
      vertex 84.0363 4.59853 6.98473
      vertex 84.0363 4.59853 40.0153
    endloop
  endfacet
  facet normal -0.427546 0.903994 0
    outer loop
      vertex 85.8993 5.47964 6.83879
      vertex 84.0363 4.59853 6.98473
      vertex 85.8993 5.47964 40.1612
    endloop
  endfacet
  facet normal -0.427548 0.903993 -2.75577e-05
    outer loop
      vertex 84.0363 4.59853 6.98473
      vertex 85.8993 5.47964 6.83879
      vertex 85.5754 5.32645 6.83879
    endloop
  endfacet
  facet normal 0.0490672 0.998795 -9.62529e-06
    outer loop
      vertex 24 3 40.2096
      vertex 21.9416 3.10112 40.0275
      vertex 23.2159 3.03852 40.2096
    endloop
  endfacet
  facet normal 0.0490664 0.998796 0
    outer loop
      vertex 24 3 40.2096
      vertex 21.9416 3.10112 6.97255
      vertex 21.9416 3.10112 40.0275
    endloop
  endfacet
  facet normal 0.0490664 0.998796 -0
    outer loop
      vertex 24 3 6.79043
      vertex 21.9416 3.10112 6.97255
      vertex 24 3 40.2096
    endloop
  endfacet
  facet normal 0.0490672 0.998795 9.62145e-06
    outer loop
      vertex 21.9416 3.10112 6.97255
      vertex 24 3 6.79043
      vertex 23.2159 3.03852 6.79041
    endloop
  endfacet
  facet normal -0.146759 -0.989172 0
    outer loop
      vertex 78.0583 56.8989 6.97255
      vertex 79.4589 56.6911 40.0679
      vertex 78.0583 56.8989 40.0275
    endloop
  endfacet
  facet normal -0.146759 -0.989172 0
    outer loop
      vertex 79.4589 56.6911 6.93208
      vertex 79.4589 56.6911 40.0679
      vertex 78.0583 56.8989 6.97255
    endloop
  endfacet
  facet normal -0.146672 -0.989185 -0
    outer loop
      vertex 79.4589 56.6911 40.0679
      vertex 79.4589 56.6911 6.93208
      vertex 80.0969 56.5965 40.0863
    endloop
  endfacet
  facet normal -0.146672 -0.989185 -0
    outer loop
      vertex 80.0969 56.5965 40.0863
      vertex 79.4589 56.6911 6.93208
      vertex 80.0969 56.5965 6.91365
    endloop
  endfacet
  facet normal 0.998795 0.0490672 -9.62529e-06
    outer loop
      vertex 3.10112 21.9416 40.0275
      vertex 3 24 40.2096
      vertex 3.03852 23.2159 40.2096
    endloop
  endfacet
  facet normal 0.998796 0.0490664 0
    outer loop
      vertex 3 24 40.2096
      vertex 3.10112 21.9416 40.0275
      vertex 3 24 6.79043
    endloop
  endfacet
  facet normal 0.998796 0.0490664 -0
    outer loop
      vertex 3.10112 21.9416 6.97255
      vertex 3 24 6.79043
      vertex 3.10112 21.9416 40.0275
    endloop
  endfacet
  facet normal 0.998795 0.0490672 9.62145e-06
    outer loop
      vertex 3 24 6.79043
      vertex 3.10112 21.9416 6.97255
      vertex 3.03852 23.2159 6.79041
    endloop
  endfacet
  facet normal 0.0490418 -0.998797 0.000168653
    outer loop
      vertex 21.9416 56.8989 40.0275
      vertex 24 57 40.2096
      vertex 23.2159 56.9615 40.2096
    endloop
  endfacet
  facet normal 0.0490567 -0.998796 0
    outer loop
      vertex 21.9416 56.8989 6.97255
      vertex 24 57 40.2096
      vertex 21.9416 56.8989 40.0275
    endloop
  endfacet
  facet normal 0.0490418 -0.998797 -0.000168634
    outer loop
      vertex 24 57 6.79043
      vertex 21.9416 56.8989 6.97255
      vertex 23.2159 56.9615 6.79043
    endloop
  endfacet
  facet normal 0.0490567 -0.998796 0
    outer loop
      vertex 21.9416 56.8989 6.97255
      vertex 24 57 6.79043
      vertex 24 57 40.2096
    endloop
  endfacet
  facet normal 0.970036 0.242961 -0.000566114
    outer loop
      vertex 3.90425 17.904 40.1612
      vertex 3.4035 19.9031 40.0863
      vertex 3.42059 19.8349 40.1004
    endloop
  endfacet
  facet normal 0.970031 0.242981 0
    outer loop
      vertex 3.4035 19.9031 40.0863
      vertex 3.90425 17.904 40.1612
      vertex 3.4035 19.9031 6.91365
    endloop
  endfacet
  facet normal 0.970031 0.242981 0.000101165
    outer loop
      vertex 3.90425 17.904 40.1612
      vertex 3.42059 19.8349 40.1004
      vertex 3.61012 19.0782 40.2337
    endloop
  endfacet
  facet normal 0.970031 0.242981 -0
    outer loop
      vertex 3.90425 17.904 6.83878
      vertex 3.4035 19.9031 6.91365
      vertex 3.90425 17.904 40.1612
    endloop
  endfacet
  facet normal 0.970027 0.242997 -0.000182677
    outer loop
      vertex 3.90425 17.904 40.1612
      vertex 3.61012 19.0782 40.2337
      vertex 3.80088 18.3167 40.2337
    endloop
  endfacet
  facet normal 0.970036 0.242961 0.000569021
    outer loop
      vertex 3.4035 19.9031 6.91365
      vertex 3.90425 17.904 6.83878
      vertex 3.42059 19.8349 6.89961
    endloop
  endfacet
  facet normal 0.970031 0.242981 -0.000101185
    outer loop
      vertex 3.42059 19.8349 6.89961
      vertex 3.90425 17.904 6.83878
      vertex 3.61012 19.0782 6.76632
    endloop
  endfacet
  facet normal 0.970027 0.242997 0.000182739
    outer loop
      vertex 3.61012 19.0782 6.76632
      vertex 3.90425 17.904 6.83878
      vertex 3.80088 18.3167 6.76631
    endloop
  endfacet
  facet normal 0.989176 0.146734 0
    outer loop
      vertex 3.30887 20.5411 40.0679
      vertex 3.10112 21.9416 6.97255
      vertex 3.10112 21.9416 40.0275
    endloop
  endfacet
  facet normal 0.989176 0.146734 0
    outer loop
      vertex 3.30887 20.5411 40.0679
      vertex 3.30887 20.5411 6.93208
      vertex 3.10112 21.9416 6.97255
    endloop
  endfacet
  facet normal 0.989178 0.146718 0
    outer loop
      vertex 3.4035 19.9031 40.0863
      vertex 3.30887 20.5411 6.93208
      vertex 3.30887 20.5411 40.0679
    endloop
  endfacet
  facet normal 0.989178 0.146718 0
    outer loop
      vertex 3.30887 20.5411 6.93208
      vertex 3.4035 19.9031 40.0863
      vertex 3.4035 19.9031 6.91365
    endloop
  endfacet
  facet normal 0.903993 -0.427548 2.75653e-05
    outer loop
      vertex 4.59853 44.0363 40.0153
      vertex 5.47964 45.8993 40.1612
      vertex 5.32645 45.5754 40.1612
    endloop
  endfacet
  facet normal 0.903994 -0.427546 0
    outer loop
      vertex 5.47964 45.8993 40.1612
      vertex 4.59853 44.0363 40.0153
      vertex 5.47964 45.8993 6.83879
    endloop
  endfacet
  facet normal 0.903994 -0.427546 0
    outer loop
      vertex 4.59853 44.0363 6.98473
      vertex 5.47964 45.8993 6.83879
      vertex 4.59853 44.0363 40.0153
    endloop
  endfacet
  facet normal 0.903993 -0.427548 -2.75577e-05
    outer loop
      vertex 5.47964 45.8993 6.83879
      vertex 4.59853 44.0363 6.98473
      vertex 5.32645 45.5754 6.83879
    endloop
  endfacet
  facet normal -0.42757 -0.903982 -0.000173692
    outer loop
      vertex 84.0363 55.4015 40.0153
      vertex 85.8993 54.5203 40.1612
      vertex 85.5754 54.6735 40.1612
    endloop
  endfacet
  facet normal -0.427582 -0.903977 0
    outer loop
      vertex 84.0363 55.4015 6.98473
      vertex 85.8993 54.5203 40.1612
      vertex 84.0363 55.4015 40.0153
    endloop
  endfacet
  facet normal -0.427582 -0.903977 0
    outer loop
      vertex 84.0363 55.4015 6.98473
      vertex 85.8993 54.5203 6.83879
      vertex 85.8993 54.5203 40.1612
    endloop
  endfacet
  facet normal -0.42757 -0.903982 0.000173644
    outer loop
      vertex 85.8993 54.5203 6.83879
      vertex 84.0363 55.4015 6.98473
      vertex 85.5754 54.6735 6.83879
    endloop
  endfacet
  facet normal -0.0490418 -0.998797 0.000195584
    outer loop
      vertex 76 57 40.2096
      vertex 78.0583 56.8989 40.0275
      vertex 76.7841 56.9615 40.2096
    endloop
  endfacet
  facet normal -0.0490591 -0.998796 0
    outer loop
      vertex 76 57 40.2096
      vertex 78.0583 56.8989 6.97255
      vertex 78.0583 56.8989 40.0275
    endloop
  endfacet
  facet normal -0.0490591 -0.998796 0
    outer loop
      vertex 76 57 6.79043
      vertex 78.0583 56.8989 6.97255
      vertex 76 57 40.2096
    endloop
  endfacet
  facet normal -0.0490418 -0.998797 -0.000195562
    outer loop
      vertex 78.0583 56.8989 6.97255
      vertex 76 57 6.79043
      vertex 76.7841 56.9615 6.79043
    endloop
  endfacet
  facet normal 0.242997 0.970027 -0.000182677
    outer loop
      vertex 19.0782 3.61012 40.2337
      vertex 17.904 3.90425 40.1612
      vertex 18.3167 3.80088 40.2337
    endloop
  endfacet
  facet normal 0.242981 0.970031 0.000101165
    outer loop
      vertex 19.8349 3.42059 40.1004
      vertex 17.904 3.90425 40.1612
      vertex 19.0782 3.61012 40.2337
    endloop
  endfacet
  facet normal 0.242961 0.970036 -0.000566114
    outer loop
      vertex 19.9031 3.4035 40.0863
      vertex 17.904 3.90425 40.1612
      vertex 19.8349 3.42059 40.1004
    endloop
  endfacet
  facet normal 0.242981 0.970031 -0
    outer loop
      vertex 19.9031 3.4035 6.91365
      vertex 17.904 3.90425 40.1612
      vertex 19.9031 3.4035 40.0863
    endloop
  endfacet
  facet normal 0.242961 0.970036 0.000569021
    outer loop
      vertex 17.904 3.90425 6.83878
      vertex 19.9031 3.4035 6.91365
      vertex 19.8349 3.42059 6.89961
    endloop
  endfacet
  facet normal 0.242981 0.970031 0
    outer loop
      vertex 19.9031 3.4035 6.91365
      vertex 17.904 3.90425 6.83878
      vertex 17.904 3.90425 40.1612
    endloop
  endfacet
  facet normal 0.242981 0.970031 -0.000101185
    outer loop
      vertex 19.0782 3.61012 6.76632
      vertex 17.904 3.90425 6.83878
      vertex 19.8349 3.42059 6.89961
    endloop
  endfacet
  facet normal 0.242997 0.970027 0.000182739
    outer loop
      vertex 17.904 3.90425 6.83878
      vertex 19.0782 3.61012 6.76632
      vertex 18.3167 3.80088 6.76631
    endloop
  endfacet
  facet normal 0.146734 0.989176 -0
    outer loop
      vertex 21.9416 3.10112 6.97255
      vertex 20.5411 3.30887 40.0679
      vertex 21.9416 3.10112 40.0275
    endloop
  endfacet
  facet normal 0.146734 0.989176 -0
    outer loop
      vertex 20.5411 3.30887 6.93208
      vertex 20.5411 3.30887 40.0679
      vertex 21.9416 3.10112 6.97255
    endloop
  endfacet
  facet normal 0.146718 0.989178 0
    outer loop
      vertex 20.5411 3.30887 40.0679
      vertex 20.5411 3.30887 6.93208
      vertex 19.9031 3.4035 40.0863
    endloop
  endfacet
  facet normal 0.146718 0.989178 0
    outer loop
      vertex 19.9031 3.4035 40.0863
      vertex 20.5411 3.30887 6.93208
      vertex 19.9031 3.4035 6.91365
    endloop
  endfacet
  facet normal -0.146724 0.989177 0
    outer loop
      vertex 79.4589 3.30887 40.0679
      vertex 78.0583 3.10112 6.97255
      vertex 78.0583 3.10112 40.0275
    endloop
  endfacet
  facet normal -0.146718 0.989178 0
    outer loop
      vertex 79.4589 3.30887 6.93208
      vertex 79.4589 3.30887 40.0679
      vertex 80.0969 3.4035 40.0863
    endloop
  endfacet
  facet normal -0.146724 0.989177 0
    outer loop
      vertex 79.4589 3.30887 40.0679
      vertex 79.4589 3.30887 6.93208
      vertex 78.0583 3.10112 6.97255
    endloop
  endfacet
  facet normal -0.146718 0.989178 0
    outer loop
      vertex 79.4589 3.30887 6.93208
      vertex 80.0969 3.4035 40.0863
      vertex 80.0969 3.4035 6.91365
    endloop
  endfacet
  facet normal -0.970036 0.242959 0.00126951
    outer loop
      vertex 96.0957 17.904 6.83878
      vertex 96.5965 19.9031 6.91365
      vertex 96.5794 19.8349 6.89961
    endloop
  endfacet
  facet normal -0.970025 0.243004 0
    outer loop
      vertex 96.5965 19.9031 6.91365
      vertex 96.0957 17.904 6.83878
      vertex 96.5965 19.9031 40.0863
    endloop
  endfacet
  facet normal -0.970023 0.243012 -0.000505988
    outer loop
      vertex 96.0957 17.904 6.83878
      vertex 96.5794 19.8349 6.89961
      vertex 96.3899 19.0782 6.76632
    endloop
  endfacet
  facet normal -0.970025 0.243004 0
    outer loop
      vertex 96.0957 17.904 40.1612
      vertex 96.5965 19.9031 40.0863
      vertex 96.0957 17.904 6.83878
    endloop
  endfacet
  facet normal -0.970015 0.243045 7.13582e-05
    outer loop
      vertex 96.0957 17.904 6.83878
      vertex 96.3899 19.0782 6.76632
      vertex 96.1991 18.3167 6.76631
    endloop
  endfacet
  facet normal -0.970036 0.242959 -0.00126303
    outer loop
      vertex 96.5965 19.9031 40.0863
      vertex 96.0957 17.904 40.1612
      vertex 96.5794 19.8349 40.1004
    endloop
  endfacet
  facet normal -0.970023 0.243012 0.000505888
    outer loop
      vertex 96.5794 19.8349 40.1004
      vertex 96.0957 17.904 40.1612
      vertex 96.3899 19.0782 40.2337
    endloop
  endfacet
  facet normal -0.970015 0.243045 -7.1334e-05
    outer loop
      vertex 96.3899 19.0782 40.2337
      vertex 96.0957 17.904 40.1612
      vertex 96.1991 18.3167 40.2337
    endloop
  endfacet
  facet normal 0.427548 0.903993 -0.000265476
    outer loop
      vertex 15.9636 4.59853 40.0153
      vertex 14.1007 5.47964 40.1612
      vertex 14.4246 5.32645 40.1612
    endloop
  endfacet
  facet normal 0.427565 0.903985 -0
    outer loop
      vertex 15.9636 4.59853 6.98473
      vertex 14.1007 5.47964 40.1612
      vertex 15.9636 4.59853 40.0153
    endloop
  endfacet
  facet normal 0.427565 0.903985 0
    outer loop
      vertex 15.9636 4.59853 6.98473
      vertex 14.1007 5.47964 6.83879
      vertex 14.1007 5.47964 40.1612
    endloop
  endfacet
  facet normal 0.427548 0.903993 0.000265403
    outer loop
      vertex 14.1007 5.47964 6.83879
      vertex 15.9636 4.59853 6.98473
      vertex 14.4246 5.32645 6.83879
    endloop
  endfacet
  facet normal -0.243045 -0.970015 -7.1334e-05
    outer loop
      vertex 80.9218 56.3899 40.2337
      vertex 82.096 56.0957 40.1612
      vertex 81.6833 56.1991 40.2337
    endloop
  endfacet
  facet normal -0.243012 -0.970023 0.000505888
    outer loop
      vertex 80.1651 56.5794 40.1004
      vertex 82.096 56.0957 40.1612
      vertex 80.9218 56.3899 40.2337
    endloop
  endfacet
  facet normal -0.242959 -0.970036 -0.00126303
    outer loop
      vertex 80.0969 56.5965 40.0863
      vertex 82.096 56.0957 40.1612
      vertex 80.1651 56.5794 40.1004
    endloop
  endfacet
  facet normal -0.243004 -0.970025 0
    outer loop
      vertex 80.0969 56.5965 6.91365
      vertex 82.096 56.0957 40.1612
      vertex 80.0969 56.5965 40.0863
    endloop
  endfacet
  facet normal -0.242959 -0.970036 0.00126951
    outer loop
      vertex 82.096 56.0957 6.83878
      vertex 80.0969 56.5965 6.91365
      vertex 80.1651 56.5794 6.89961
    endloop
  endfacet
  facet normal -0.243004 -0.970025 0
    outer loop
      vertex 80.0969 56.5965 6.91365
      vertex 82.096 56.0957 6.83878
      vertex 82.096 56.0957 40.1612
    endloop
  endfacet
  facet normal -0.243012 -0.970023 -0.000505988
    outer loop
      vertex 80.9218 56.3899 6.76632
      vertex 82.096 56.0957 6.83878
      vertex 80.1651 56.5794 6.89961
    endloop
  endfacet
  facet normal -0.243045 -0.970015 7.13582e-05
    outer loop
      vertex 82.096 56.0957 6.83878
      vertex 80.9218 56.3899 6.76632
      vertex 81.6833 56.1991 6.76631
    endloop
  endfacet
  facet normal -0.998797 0.0490418 -0.000168634
    outer loop
      vertex 96.8989 21.9416 6.97255
      vertex 97 24 6.79043
      vertex 96.9615 23.2159 6.79043
    endloop
  endfacet
  facet normal -0.998796 0.0490567 0
    outer loop
      vertex 97 24 6.79043
      vertex 96.8989 21.9416 6.97255
      vertex 97 24 40.2096
    endloop
  endfacet
  facet normal -0.998796 0.0490567 0
    outer loop
      vertex 96.8989 21.9416 40.0275
      vertex 97 24 40.2096
      vertex 96.8989 21.9416 6.97255
    endloop
  endfacet
  facet normal -0.998797 0.0490418 0.000168653
    outer loop
      vertex 97 24 40.2096
      vertex 96.8989 21.9416 40.0275
      vertex 96.9615 23.2159 40.2096
    endloop
  endfacet
  facet normal -1 0 0
    outer loop
      vertex 97 24 6.79043
      vertex 97 36 40.2096
      vertex 97 36 6.79043
    endloop
  endfacet
  facet normal -1 -0 0
    outer loop
      vertex 97 36 40.2096
      vertex 97 24 6.79043
      vertex 97 24 40.2096
    endloop
  endfacet
  facet normal 0.989178 -0.146718 0
    outer loop
      vertex 3.30887 39.4589 40.0679
      vertex 3.4035 40.0969 6.91365
      vertex 3.4035 40.0969 40.0863
    endloop
  endfacet
  facet normal 0.989178 -0.146718 0
    outer loop
      vertex 3.30887 39.4589 40.0679
      vertex 3.30887 39.4589 6.93208
      vertex 3.4035 40.0969 6.91365
    endloop
  endfacet
  facet normal 0.989177 -0.146724 0
    outer loop
      vertex 3.10112 38.0583 40.0275
      vertex 3.30887 39.4589 6.93208
      vertex 3.30887 39.4589 40.0679
    endloop
  endfacet
  facet normal 0.989177 -0.146724 0
    outer loop
      vertex 3.30887 39.4589 6.93208
      vertex 3.10112 38.0583 40.0275
      vertex 3.10112 38.0583 6.97255
    endloop
  endfacet
  facet normal 0.146769 -0.989171 0
    outer loop
      vertex 20.5411 56.6911 40.0679
      vertex 21.9416 56.8989 6.97255
      vertex 21.9416 56.8989 40.0275
    endloop
  endfacet
  facet normal 0.146672 -0.989185 0
    outer loop
      vertex 20.5411 56.6911 6.93208
      vertex 20.5411 56.6911 40.0679
      vertex 19.9031 56.5965 40.0863
    endloop
  endfacet
  facet normal 0.146769 -0.989171 0
    outer loop
      vertex 20.5411 56.6911 40.0679
      vertex 20.5411 56.6911 6.93208
      vertex 21.9416 56.8989 6.97255
    endloop
  endfacet
  facet normal 0.146672 -0.989185 0
    outer loop
      vertex 20.5411 56.6911 6.93208
      vertex 19.9031 56.5965 40.0863
      vertex 19.9031 56.5965 6.91365
    endloop
  endfacet
  facet normal 0.595747 -0.803172 0
    outer loop
      vertex 11.7487 53.0275 6.93445
      vertex 12.333 53.4609 40.0863
      vertex 11.7487 53.0275 40.0656
    endloop
  endfacet
  facet normal 0.595747 -0.803172 0
    outer loop
      vertex 12.333 53.4609 40.0863
      vertex 11.7487 53.0275 6.93445
      vertex 12.333 53.4609 6.91366
    endloop
  endfacet
  facet normal 0.857734 0.514093 -3.55768e-05
    outer loop
      vertex 6.10196 13.0624 40.2337
      vertex 5.47964 14.1007 40.1612
      vertex 5.69835 13.7358 40.2337
    endloop
  endfacet
  facet normal 0.857737 0.514089 0
    outer loop
      vertex 5.47964 14.1007 40.1612
      vertex 6.53912 12.333 40.0863
      vertex 5.47964 14.1007 6.83879
    endloop
  endfacet
  facet normal 0.857736 0.514091 -6.99624e-05
    outer loop
      vertex 5.47964 14.1007 40.1612
      vertex 6.10196 13.0624 40.2337
      vertex 6.50298 12.3933 40.1004
    endloop
  endfacet
  facet normal 0.857737 0.514089 -0
    outer loop
      vertex 6.53912 12.333 6.91366
      vertex 5.47964 14.1007 6.83879
      vertex 6.53912 12.333 40.0863
    endloop
  endfacet
  facet normal 0.857735 0.514092 -8.26293e-05
    outer loop
      vertex 5.47964 14.1007 40.1612
      vertex 6.50298 12.3933 40.1004
      vertex 6.53912 12.333 40.0863
    endloop
  endfacet
  facet normal 0.857735 0.514092 8.30536e-05
    outer loop
      vertex 6.50298 12.3933 6.89962
      vertex 5.47964 14.1007 6.83879
      vertex 6.53912 12.333 6.91366
    endloop
  endfacet
  facet normal 0.857736 0.514091 6.99699e-05
    outer loop
      vertex 6.10196 13.0624 6.76632
      vertex 5.47964 14.1007 6.83879
      vertex 6.50298 12.3933 6.89962
    endloop
  endfacet
  facet normal 0.857734 0.514093 3.55915e-05
    outer loop
      vertex 5.47964 14.1007 6.83879
      vertex 6.10196 13.0624 6.76632
      vertex 5.69835 13.7358 6.76632
    endloop
  endfacet
  facet normal 0.941524 0.336945 -0.000801924
    outer loop
      vertex 4.25266 16.9303 40.1033
      vertex 3.90425 17.904 40.1612
      vertex 4.02496 17.5667 40.1612
    endloop
  endfacet
  facet normal 0.94154 0.336902 0
    outer loop
      vertex 3.90425 17.904 40.1612
      vertex 4.25266 16.9303 40.1033
      vertex 3.90425 17.904 6.83878
    endloop
  endfacet
  facet normal 0.94154 0.336902 -0
    outer loop
      vertex 4.25266 16.9303 6.89672
      vertex 3.90425 17.904 6.83878
      vertex 4.25266 16.9303 40.1033
    endloop
  endfacet
  facet normal 0.941524 0.336945 0.00080137
    outer loop
      vertex 3.90425 17.904 6.83878
      vertex 4.25266 16.9303 6.89672
      vertex 4.02496 17.5667 6.83878
    endloop
  endfacet
  facet normal 0.94155 0.336872 0
    outer loop
      vertex 4.59853 15.9636 40.0153
      vertex 4.25266 16.9303 6.89672
      vertex 4.25266 16.9303 40.1033
    endloop
  endfacet
  facet normal 0.94155 0.336872 0
    outer loop
      vertex 4.25266 16.9303 6.89672
      vertex 4.59853 15.9636 40.0153
      vertex 4.59853 15.9636 6.98473
    endloop
  endfacet
  facet normal 0.243045 -0.970015 -7.1334e-05
    outer loop
      vertex 17.904 56.0957 40.1612
      vertex 19.0782 56.3899 40.2337
      vertex 18.3167 56.1991 40.2337
    endloop
  endfacet
  facet normal 0.243012 -0.970023 0.000505888
    outer loop
      vertex 17.904 56.0957 40.1612
      vertex 19.8349 56.5794 40.1004
      vertex 19.0782 56.3899 40.2337
    endloop
  endfacet
  facet normal 0.242959 -0.970036 -0.00126303
    outer loop
      vertex 17.904 56.0957 40.1612
      vertex 19.9031 56.5965 40.0863
      vertex 19.8349 56.5794 40.1004
    endloop
  endfacet
  facet normal 0.243004 -0.970025 0
    outer loop
      vertex 17.904 56.0957 40.1612
      vertex 19.9031 56.5965 6.91365
      vertex 19.9031 56.5965 40.0863
    endloop
  endfacet
  facet normal 0.243004 -0.970025 0
    outer loop
      vertex 17.904 56.0957 6.83878
      vertex 19.9031 56.5965 6.91365
      vertex 17.904 56.0957 40.1612
    endloop
  endfacet
  facet normal 0.242959 -0.970036 0.00126951
    outer loop
      vertex 19.9031 56.5965 6.91365
      vertex 17.904 56.0957 6.83878
      vertex 19.8349 56.5794 6.89961
    endloop
  endfacet
  facet normal 0.243012 -0.970023 -0.000505988
    outer loop
      vertex 17.904 56.0957 6.83878
      vertex 19.0782 56.3899 6.76632
      vertex 19.8349 56.5794 6.89961
    endloop
  endfacet
  facet normal 0.243045 -0.970015 7.13582e-05
    outer loop
      vertex 19.0782 56.3899 6.76632
      vertex 17.904 56.0957 6.83878
      vertex 18.3167 56.1991 6.76631
    endloop
  endfacet
  facet normal 0.998795 -0.0490672 1.73199e-05
    outer loop
      vertex 3 36 40.2096
      vertex 3.10112 38.0583 40.0275
      vertex 3.03852 36.7841 40.2096
    endloop
  endfacet
  facet normal 0.998795 -0.0490687 0
    outer loop
      vertex 3.10112 38.0583 40.0275
      vertex 3 36 40.2096
      vertex 3.10112 38.0583 6.97255
    endloop
  endfacet
  facet normal 0.998795 -0.0490687 0
    outer loop
      vertex 3 36 6.79043
      vertex 3.10112 38.0583 6.97255
      vertex 3 36 40.2096
    endloop
  endfacet
  facet normal 0.998795 -0.0490672 -1.7313e-05
    outer loop
      vertex 3.10112 38.0583 6.97255
      vertex 3 36 6.79043
      vertex 3.03852 36.7841 6.79041
    endloop
  endfacet
  facet normal -0.941533 0.33692 0.000494779
    outer loop
      vertex 95.7473 16.9303 6.89672
      vertex 96.0957 17.904 6.83878
      vertex 95.975 17.5667 6.83878
    endloop
  endfacet
  facet normal -0.941543 0.336894 0
    outer loop
      vertex 96.0957 17.904 6.83878
      vertex 95.7473 16.9303 6.89672
      vertex 96.0957 17.904 40.1612
    endloop
  endfacet
  facet normal -0.941543 0.336894 0
    outer loop
      vertex 95.7473 16.9303 40.1033
      vertex 96.0957 17.904 40.1612
      vertex 95.7473 16.9303 6.89672
    endloop
  endfacet
  facet normal -0.941533 0.33692 -0.000495121
    outer loop
      vertex 96.0957 17.904 40.1612
      vertex 95.7473 16.9303 40.1033
      vertex 95.975 17.5667 40.1612
    endloop
  endfacet
  facet normal -0.941572 0.336811 0
    outer loop
      vertex 95.4015 15.9636 6.98473
      vertex 95.7473 16.9303 40.1033
      vertex 95.7473 16.9303 6.89672
    endloop
  endfacet
  facet normal -0.941572 0.336811 0
    outer loop
      vertex 95.7473 16.9303 40.1033
      vertex 95.4015 15.9636 6.98473
      vertex 95.4015 15.9636 40.0153
    endloop
  endfacet
  facet normal 1 -0 0
    outer loop
      vertex 3 24 40.2096
      vertex 3 36 6.79043
      vertex 3 36 40.2096
    endloop
  endfacet
  facet normal 1 0 0
    outer loop
      vertex 3 36 6.79043
      vertex 3 24 40.2096
      vertex 3 24 6.79043
    endloop
  endfacet
  facet normal 0.514084 -0.85774 1.8623e-05
    outer loop
      vertex 13.0624 53.898 40.2337
      vertex 14.1007 54.5203 40.1612
      vertex 13.7358 54.3016 40.2337
    endloop
  endfacet
  facet normal 0.514077 -0.857744 -0.000103848
    outer loop
      vertex 12.3933 53.497 40.1004
      vertex 14.1007 54.5203 40.1612
      vertex 13.0624 53.898 40.2337
    endloop
  endfacet
  facet normal 0.514147 -0.857697 -0.00285155
    outer loop
      vertex 12.333 53.4609 40.0863
      vertex 14.1007 54.5203 40.1612
      vertex 12.3933 53.497 40.1004
    endloop
  endfacet
  facet normal 0.51406 -0.857754 0
    outer loop
      vertex 12.333 53.4609 6.91366
      vertex 14.1007 54.5203 40.1612
      vertex 12.333 53.4609 40.0863
    endloop
  endfacet
  facet normal 0.514148 -0.857697 0.00286619
    outer loop
      vertex 14.1007 54.5203 6.83879
      vertex 12.333 53.4609 6.91366
      vertex 12.3933 53.497 6.89962
    endloop
  endfacet
  facet normal 0.51406 -0.857754 0
    outer loop
      vertex 12.333 53.4609 6.91366
      vertex 14.1007 54.5203 6.83879
      vertex 14.1007 54.5203 40.1612
    endloop
  endfacet
  facet normal 0.514077 -0.857744 0.000103859
    outer loop
      vertex 13.0624 53.898 6.76632
      vertex 14.1007 54.5203 6.83879
      vertex 12.3933 53.497 6.89962
    endloop
  endfacet
  facet normal 0.514084 -0.85774 -1.86307e-05
    outer loop
      vertex 14.1007 54.5203 6.83879
      vertex 13.0624 53.898 6.76632
      vertex 13.7358 54.3016 6.76632
    endloop
  endfacet
  facet normal 0 1 -0
    outer loop
      vertex 76 3 6.79043
      vertex 24 3 40.2096
      vertex 76 3 40.2096
    endloop
  endfacet
  facet normal 0 1 0
    outer loop
      vertex 24 3 40.2096
      vertex 76 3 6.79043
      vertex 24 3 6.79043
    endloop
  endfacet
  facet normal -0.803172 0.595747 0
    outer loop
      vertex 93.0275 11.7487 6.93445
      vertex 93.4609 12.333 40.0863
      vertex 93.4609 12.333 6.91366
    endloop
  endfacet
  facet normal -0.803172 0.595747 0
    outer loop
      vertex 93.4609 12.333 40.0863
      vertex 93.0275 11.7487 6.93445
      vertex 93.0275 11.7487 40.0656
    endloop
  endfacet
  facet normal 0.941539 -0.336903 0
    outer loop
      vertex 4.25266 43.0697 40.1033
      vertex 4.59853 44.0363 6.98473
      vertex 4.59853 44.0363 40.0153
    endloop
  endfacet
  facet normal 0.941539 -0.336903 0
    outer loop
      vertex 4.25266 43.0697 40.1033
      vertex 4.25266 43.0697 6.89672
      vertex 4.59853 44.0363 6.98473
    endloop
  endfacet
  facet normal 0.941524 -0.336945 -0.000801924
    outer loop
      vertex 3.90425 42.096 40.1612
      vertex 4.25266 43.0697 40.1033
      vertex 4.02496 42.4333 40.1612
    endloop
  endfacet
  facet normal 0.94154 -0.336902 0
    outer loop
      vertex 4.25266 43.0697 40.1033
      vertex 3.90425 42.096 40.1612
      vertex 4.25266 43.0697 6.89672
    endloop
  endfacet
  facet normal 0.94154 -0.336902 0
    outer loop
      vertex 3.90425 42.096 6.83878
      vertex 4.25266 43.0697 6.89672
      vertex 3.90425 42.096 40.1612
    endloop
  endfacet
  facet normal 0.941524 -0.336945 0.00080137
    outer loop
      vertex 4.25266 43.0697 6.89672
      vertex 3.90425 42.096 6.83878
      vertex 4.02496 42.4333 6.83878
    endloop
  endfacet
  facet normal 0 -1 0
    outer loop
      vertex 24 57 6.79043
      vertex 76 57 40.2096
      vertex 24 57 40.2096
    endloop
  endfacet
  facet normal 0 -1 -0
    outer loop
      vertex 76 57 40.2096
      vertex 24 57 6.79043
      vertex 76 57 6.79043
    endloop
  endfacet
  facet normal 0.42757 -0.903982 -0.000466749
    outer loop
      vertex 14.1007 54.5203 40.1612
      vertex 15.9636 55.4015 40.0153
      vertex 14.4246 54.6735 40.1612
    endloop
  endfacet
  facet normal 0.4276 -0.903968 0
    outer loop
      vertex 14.1007 54.5203 40.1612
      vertex 15.9636 55.4015 6.98473
      vertex 15.9636 55.4015 40.0153
    endloop
  endfacet
  facet normal 0.4276 -0.903968 0
    outer loop
      vertex 14.1007 54.5203 6.83879
      vertex 15.9636 55.4015 6.98473
      vertex 14.1007 54.5203 40.1612
    endloop
  endfacet
  facet normal 0.42757 -0.903982 0.000466621
    outer loop
      vertex 15.9636 55.4015 6.98473
      vertex 14.1007 54.5203 6.83879
      vertex 14.4246 54.6735 6.83879
    endloop
  endfacet
  facet normal -0.989185 -0.146672 0
    outer loop
      vertex 96.6911 39.4589 6.93208
      vertex 96.5965 40.0969 40.0863
      vertex 96.5965 40.0969 6.91365
    endloop
  endfacet
  facet normal -0.989185 -0.146672 0
    outer loop
      vertex 96.6911 39.4589 6.93208
      vertex 96.6911 39.4589 40.0679
      vertex 96.5965 40.0969 40.0863
    endloop
  endfacet
  facet normal -0.989172 -0.146759 0
    outer loop
      vertex 96.8989 38.0583 6.97255
      vertex 96.6911 39.4589 40.0679
      vertex 96.6911 39.4589 6.93208
    endloop
  endfacet
  facet normal -0.989172 -0.146759 0
    outer loop
      vertex 96.6911 39.4589 40.0679
      vertex 96.8989 38.0583 6.97255
      vertex 96.8989 38.0583 40.0275
    endloop
  endfacet
  facet normal -0.998797 -0.0490418 -0.000195562
    outer loop
      vertex 97 36 6.79043
      vertex 96.8989 38.0583 6.97255
      vertex 96.9615 36.7841 6.79043
    endloop
  endfacet
  facet normal -0.998796 -0.0490591 0
    outer loop
      vertex 96.8989 38.0583 6.97255
      vertex 97 36 6.79043
      vertex 96.8989 38.0583 40.0275
    endloop
  endfacet
  facet normal -0.998796 -0.0490591 -0
    outer loop
      vertex 97 36 40.2096
      vertex 96.8989 38.0583 40.0275
      vertex 97 36 6.79043
    endloop
  endfacet
  facet normal -0.998797 -0.0490418 0.000195584
    outer loop
      vertex 96.8989 38.0583 40.0275
      vertex 97 36 40.2096
      vertex 96.9615 36.7841 40.2096
    endloop
  endfacet
  facet normal -0.242997 0.970027 -0.000182677
    outer loop
      vertex 82.096 3.90425 40.1612
      vertex 80.9218 3.61012 40.2337
      vertex 81.6833 3.80088 40.2337
    endloop
  endfacet
  facet normal -0.242981 0.970031 0.000101165
    outer loop
      vertex 82.096 3.90425 40.1612
      vertex 80.1651 3.42059 40.1004
      vertex 80.9218 3.61012 40.2337
    endloop
  endfacet
  facet normal -0.242961 0.970036 -0.000566114
    outer loop
      vertex 82.096 3.90425 40.1612
      vertex 80.0969 3.4035 40.0863
      vertex 80.1651 3.42059 40.1004
    endloop
  endfacet
  facet normal -0.242981 0.970031 0
    outer loop
      vertex 82.096 3.90425 40.1612
      vertex 80.0969 3.4035 6.91365
      vertex 80.0969 3.4035 40.0863
    endloop
  endfacet
  facet normal -0.242981 0.970031 0
    outer loop
      vertex 82.096 3.90425 6.83878
      vertex 80.0969 3.4035 6.91365
      vertex 82.096 3.90425 40.1612
    endloop
  endfacet
  facet normal -0.242961 0.970036 0.000569021
    outer loop
      vertex 80.0969 3.4035 6.91365
      vertex 82.096 3.90425 6.83878
      vertex 80.1651 3.42059 6.89961
    endloop
  endfacet
  facet normal -0.242981 0.970031 -0.000101185
    outer loop
      vertex 82.096 3.90425 6.83878
      vertex 80.9218 3.61012 6.76632
      vertex 80.1651 3.42059 6.89961
    endloop
  endfacet
  facet normal -0.242997 0.970027 0.000182739
    outer loop
      vertex 80.9218 3.61012 6.76632
      vertex 82.096 3.90425 6.83878
      vertex 81.6833 3.80088 6.76631
    endloop
  endfacet
  facet normal -0.989171 0.146769 0
    outer loop
      vertex 96.6911 20.5411 6.93208
      vertex 96.8989 21.9416 40.0275
      vertex 96.8989 21.9416 6.97255
    endloop
  endfacet
  facet normal -0.989171 0.146769 0
    outer loop
      vertex 96.6911 20.5411 6.93208
      vertex 96.6911 20.5411 40.0679
      vertex 96.8989 21.9416 40.0275
    endloop
  endfacet
  facet normal -0.989185 0.146672 0
    outer loop
      vertex 96.5965 19.9031 6.91365
      vertex 96.6911 20.5411 40.0679
      vertex 96.6911 20.5411 6.93208
    endloop
  endfacet
  facet normal -0.989185 0.146672 0
    outer loop
      vertex 96.6911 20.5411 40.0679
      vertex 96.5965 19.9031 6.91365
      vertex 96.5965 19.9031 40.0863
    endloop
  endfacet
  facet normal 0.803185 -0.595729 0
    outer loop
      vertex 6.53912 47.667 40.0863
      vertex 6.9725 48.2513 6.93445
      vertex 6.9725 48.2513 40.0655
    endloop
  endfacet
  facet normal 0.803185 -0.595729 0
    outer loop
      vertex 6.9725 48.2513 6.93445
      vertex 6.53912 47.667 40.0863
      vertex 6.53912 47.667 6.91366
    endloop
  endfacet
  facet normal 0 0 1
    outer loop
      vertex 93.1404 37.0166 3
      vertex 93.2096 36 3
      vertex 93.171 36.7841 3
    endloop
  endfacet
  facet normal 0 0 1
    outer loop
      vertex 93.2096 36 3
      vertex 76 53.2096 3
      vertex 93.2096 24 3
    endloop
  endfacet
  facet normal 0 0 1
    outer loop
      vertex 87.7796 47.2945 3
      vertex 93.2096 36 3
      vertex 93.1404 37.0166 3
    endloop
  endfacet
  facet normal 0 0 1
    outer loop
      vertex 76 6.79043 3
      vertex 93.2096 24 3
      vertex 76 53.2096 3
    endloop
  endfacet
  facet normal 0 0 1
    outer loop
      vertex 87.7796 47.2945 3
      vertex 93.1404 37.0166 3
      vertex 92.8572 39.1677 3
    endloop
  endfacet
  facet normal 0 -0 1
    outer loop
      vertex 87.5251 12.4749 3
      vertex 93.2096 24 3
      vertex 76 6.79043 3
    endloop
  endfacet
  facet normal 0 0 1
    outer loop
      vertex 92.2868 41.4451 3
      vertex 92.8572 39.1677 3
      vertex 92.742 39.9443 3
    endloop
  endfacet
  facet normal 0 -0 1
    outer loop
      vertex 87.7796 12.7055 3
      vertex 93.2096 24 3
      vertex 87.5251 12.4749 3
    endloop
  endfacet
  facet normal 0 0 1
    outer loop
      vertex 92.2868 41.4451 3
      vertex 92.742 39.9443 3
      vertex 92.5513 40.7059 3
    endloop
  endfacet
  facet normal 0 0 1
    outer loop
      vertex 93.2096 24 3
      vertex 93.1404 22.9834 3
      vertex 93.171 23.2159 3
    endloop
  endfacet
  facet normal 0 0 1
    outer loop
      vertex 88.0555 47.0899 3
      vertex 92.8572 39.1677 3
      vertex 92.2868 41.4451 3
    endloop
  endfacet
  facet normal 0 0 1
    outer loop
      vertex 93.2096 36 3
      vertex 87.5251 47.5251 3
      vertex 76 53.2096 3
    endloop
  endfacet
  facet normal 0 0 1
    outer loop
      vertex 88.0555 47.0899 3
      vertex 92.2868 41.4451 3
      vertex 91.4565 43.4496 3
    endloop
  endfacet
  facet normal 0 0 1
    outer loop
      vertex 93.2096 36 3
      vertex 87.7796 47.2945 3
      vertex 87.5251 47.5251 3
    endloop
  endfacet
  facet normal 0 0 1
    outer loop
      vertex 88.3501 46.9133 3
      vertex 91.4565 43.4496 3
      vertex 91.3667 43.6662 3
    endloop
  endfacet
  facet normal 0 0 1
    outer loop
      vertex 93.2096 24 3
      vertex 87.7796 12.7055 3
      vertex 93.1404 22.9834 3
    endloop
  endfacet
  facet normal 0 0 1
    outer loop
      vertex 88.3501 46.9133 3
      vertex 91.3667 43.6662 3
      vertex 91.0311 44.3759 3
    endloop
  endfacet
  facet normal 0 0 1
    outer loop
      vertex 92.8572 39.1677 3
      vertex 88.0555 47.0899 3
      vertex 87.7796 47.2945 3
    endloop
  endfacet
  facet normal 0 0 1
    outer loop
      vertex 88.3501 46.9133 3
      vertex 91.0311 44.3759 3
      vertex 90.6275 45.0493 3
    endloop
  endfacet
  facet normal 0 0 1
    outer loop
      vertex 92.8572 20.8322 3
      vertex 88.0555 12.9101 3
      vertex 92.2868 18.5549 3
    endloop
  endfacet
  facet normal 0 0 1
    outer loop
      vertex 88.6606 46.7664 3
      vertex 90.6275 45.0493 3
      vertex 90.1598 45.6799 3
    endloop
  endfacet
  facet normal 0 0 1
    outer loop
      vertex 91.4565 43.4496 3
      vertex 88.3501 46.9133 3
      vertex 88.0555 47.0899 3
    endloop
  endfacet
  facet normal 0 -0 1
    outer loop
      vertex 88.6606 13.2336 3
      vertex 90.6275 14.9506 3
      vertex 88.3501 13.0867 3
    endloop
  endfacet
  facet normal 0 0 1
    outer loop
      vertex 89.3172 46.5673 3
      vertex 90.1598 45.6799 3
      vertex 89.4997 46.5402 3
    endloop
  endfacet
  facet normal 0 0 1
    outer loop
      vertex 88.984 46.6507 3
      vertex 90.1598 45.6799 3
      vertex 89.3172 46.5673 3
    endloop
  endfacet
  facet normal 0 0 1
    outer loop
      vertex 90.1598 14.3201 3
      vertex 89.3172 13.4327 3
      vertex 89.4997 13.4598 3
    endloop
  endfacet
  facet normal 0 0 1
    outer loop
      vertex 88.6606 46.7664 3
      vertex 90.1598 45.6799 3
      vertex 88.984 46.6507 3
    endloop
  endfacet
  facet normal 0 0 1
    outer loop
      vertex 90.1598 14.3201 3
      vertex 88.984 13.3493 3
      vertex 89.3172 13.4327 3
    endloop
  endfacet
  facet normal 0 0 1
    outer loop
      vertex 90.6275 45.0493 3
      vertex 88.6606 46.7664 3
      vertex 88.3501 46.9133 3
    endloop
  endfacet
  facet normal 0 0 1
    outer loop
      vertex 90.1598 14.3201 3
      vertex 88.6606 13.2336 3
      vertex 88.984 13.3493 3
    endloop
  endfacet
  facet normal 0 0 1
    outer loop
      vertex 91.4565 16.5504 3
      vertex 88.3501 13.0867 3
      vertex 91.3667 16.3337 3
    endloop
  endfacet
  facet normal 0 0 1
    outer loop
      vertex 90.6275 14.9506 3
      vertex 88.6606 13.2336 3
      vertex 90.1598 14.3201 3
    endloop
  endfacet
  facet normal 0 0 1
    outer loop
      vertex 91.3667 16.3337 3
      vertex 88.3501 13.0867 3
      vertex 91.0311 15.624 3
    endloop
  endfacet
  facet normal 0 0 1
    outer loop
      vertex 91.0311 15.624 3
      vertex 88.3501 13.0867 3
      vertex 90.6275 14.9506 3
    endloop
  endfacet
  facet normal 0 0 1
    outer loop
      vertex 92.2868 18.5549 3
      vertex 88.0555 12.9101 3
      vertex 91.4565 16.5504 3
    endloop
  endfacet
  facet normal 0 -0 1
    outer loop
      vertex 88.3501 13.0867 3
      vertex 91.4565 16.5504 3
      vertex 88.0555 12.9101 3
    endloop
  endfacet
  facet normal 0 0 1
    outer loop
      vertex 92.8572 20.8322 3
      vertex 92.2868 18.5549 3
      vertex 92.742 20.0557 3
    endloop
  endfacet
  facet normal 0 0 1
    outer loop
      vertex 92.742 20.0557 3
      vertex 92.2868 18.5549 3
      vertex 92.5513 19.2941 3
    endloop
  endfacet
  facet normal 0 0 1
    outer loop
      vertex 76 53.2096 3
      vertex 87.5251 47.5251 3
      vertex 87.2945 47.7796 3
    endloop
  endfacet
  facet normal 0 0 1
    outer loop
      vertex 93.1404 22.9834 3
      vertex 87.7796 12.7055 3
      vertex 92.8572 20.8322 3
    endloop
  endfacet
  facet normal 0 0 1
    outer loop
      vertex 79.1677 52.8572 3
      vertex 87.2945 47.7796 3
      vertex 87.0899 48.0555 3
    endloop
  endfacet
  facet normal 0 -0 1
    outer loop
      vertex 88.0555 12.9101 3
      vertex 92.8572 20.8322 3
      vertex 87.7796 12.7055 3
    endloop
  endfacet
  facet normal 0 0 1
    outer loop
      vertex 83.4496 51.4565 3
      vertex 87.0899 48.0555 3
      vertex 86.9133 48.3501 3
    endloop
  endfacet
  facet normal 0 0 1
    outer loop
      vertex 87.5251 12.4749 3
      vertex 76 6.79043 3
      vertex 87.2945 12.2204 3
    endloop
  endfacet
  facet normal 0 0 1
    outer loop
      vertex 84.376 51.0311 3
      vertex 86.9133 48.3501 3
      vertex 86.7664 48.6606 3
    endloop
  endfacet
  facet normal 0 -0 1
    outer loop
      vertex 77.0166 6.85954 3
      vertex 87.2945 12.2204 3
      vertex 76 6.79043 3
    endloop
  endfacet
  facet normal 0 0 1
    outer loop
      vertex 85.6799 50.1598 3
      vertex 86.7664 48.6606 3
      vertex 86.6507 48.984 3
    endloop
  endfacet
  facet normal 0 -0 1
    outer loop
      vertex 79.1677 7.14275 3
      vertex 87.2945 12.2204 3
      vertex 77.0166 6.85954 3
    endloop
  endfacet
  facet normal 0 0 1
    outer loop
      vertex 85.6799 50.1598 3
      vertex 86.6507 48.984 3
      vertex 86.5673 49.3172 3
    endloop
  endfacet
  facet normal 0 0 1
    outer loop
      vertex 87.2945 12.2204 3
      vertex 79.1677 7.14275 3
      vertex 87.0899 11.9445 3
    endloop
  endfacet
  facet normal 0 0 1
    outer loop
      vertex 85.6799 50.1598 3
      vertex 86.5673 49.3172 3
      vertex 86.5402 49.4997 3
    endloop
  endfacet
  facet normal 0 -0 1
    outer loop
      vertex 81.4451 7.7132 3
      vertex 87.0899 11.9445 3
      vertex 79.1677 7.14275 3
    endloop
  endfacet
  facet normal 0 0 1
    outer loop
      vertex 86.7664 48.6606 3
      vertex 85.6799 50.1598 3
      vertex 85.0493 50.6275 3
    endloop
  endfacet
  facet normal 0 -0 1
    outer loop
      vertex 83.4496 8.54351 3
      vertex 87.0899 11.9445 3
      vertex 81.4451 7.7132 3
    endloop
  endfacet
  facet normal 0 0 1
    outer loop
      vertex 86.7664 48.6606 3
      vertex 85.0493 50.6275 3
      vertex 84.376 51.0311 3
    endloop
  endfacet
  facet normal 0 0 1
    outer loop
      vertex 87.0899 11.9445 3
      vertex 83.4496 8.54351 3
      vertex 86.9133 11.6499 3
    endloop
  endfacet
  facet normal 0 0 1
    outer loop
      vertex 86.9133 48.3501 3
      vertex 84.376 51.0311 3
      vertex 83.6663 51.3667 3
    endloop
  endfacet
  facet normal 0 -0 1
    outer loop
      vertex 83.6663 8.63324 3
      vertex 86.9133 11.6499 3
      vertex 83.4496 8.54351 3
    endloop
  endfacet
  facet normal 0 0 1
    outer loop
      vertex 86.9133 48.3501 3
      vertex 83.6663 51.3667 3
      vertex 83.4496 51.4565 3
    endloop
  endfacet
  facet normal 0 0 1
    outer loop
      vertex 87.0899 48.0555 3
      vertex 83.4496 51.4565 3
      vertex 81.4451 52.2868 3
    endloop
  endfacet
  facet normal 0 0 1
    outer loop
      vertex 86.9133 11.6499 3
      vertex 84.376 8.9689 3
      vertex 86.7664 11.3394 3
    endloop
  endfacet
  facet normal 0 -0 1
    outer loop
      vertex 85.6799 9.84018 3
      vertex 86.7664 11.3394 3
      vertex 85.0493 9.37251 3
    endloop
  endfacet
  facet normal 0 0 1
    outer loop
      vertex 87.0899 48.0555 3
      vertex 81.4451 52.2868 3
      vertex 79.1677 52.8572 3
    endloop
  endfacet
  facet normal 0 0 1
    outer loop
      vertex 87.2945 47.7796 3
      vertex 77.0166 53.1404 3
      vertex 76 53.2096 3
    endloop
  endfacet
  facet normal 0 0 1
    outer loop
      vertex 79.1677 52.8572 3
      vertex 81.4451 52.2868 3
      vertex 80.7059 52.5513 3
    endloop
  endfacet
  facet normal 0 0 1
    outer loop
      vertex 87.2945 47.7796 3
      vertex 79.1677 52.8572 3
      vertex 77.0166 53.1404 3
    endloop
  endfacet
  facet normal 0 0 1
    outer loop
      vertex 79.1677 52.8572 3
      vertex 80.7059 52.5513 3
      vertex 79.9443 52.742 3
    endloop
  endfacet
  facet normal 0 0 1
    outer loop
      vertex 86.5673 10.6828 3
      vertex 85.6799 9.84018 3
      vertex 86.5402 10.5003 3
    endloop
  endfacet
  facet normal 0 0 1
    outer loop
      vertex 81.4451 7.7132 3
      vertex 79.1677 7.14275 3
      vertex 80.7059 7.4487 3
    endloop
  endfacet
  facet normal 0 0 1
    outer loop
      vertex 80.7059 7.4487 3
      vertex 79.1677 7.14275 3
      vertex 79.9443 7.25795 3
    endloop
  endfacet
  facet normal 0 -0 1
    outer loop
      vertex 85.0493 9.37251 3
      vertex 86.7664 11.3394 3
      vertex 84.376 8.9689 3
    endloop
  endfacet
  facet normal 0 -0 1
    outer loop
      vertex 84.376 8.9689 3
      vertex 86.9133 11.6499 3
      vertex 83.6663 8.63324 3
    endloop
  endfacet
  facet normal 0 0 1
    outer loop
      vertex 76 53.2096 3
      vertex 77.0166 53.1404 3
      vertex 76.7841 53.171 3
    endloop
  endfacet
  facet normal 0 0 1
    outer loop
      vertex 86.7664 11.3394 3
      vertex 85.6799 9.84018 3
      vertex 86.6507 11.016 3
    endloop
  endfacet
  facet normal 0 0 1
    outer loop
      vertex 86.6507 11.016 3
      vertex 85.6799 9.84018 3
      vertex 86.5673 10.6828 3
    endloop
  endfacet
  facet normal 0 0 1
    outer loop
      vertex 77.0166 6.85954 3
      vertex 76 6.79043 3
      vertex 76.7841 6.82894 3
    endloop
  endfacet
  facet normal -0 0 1
    outer loop
      vertex 24 53.2096 3
      vertex 76 6.79043 3
      vertex 76 53.2096 3
    endloop
  endfacet
  facet normal 0 0 1
    outer loop
      vertex 24 53.2096 3
      vertex 24 6.79043 3
      vertex 76 6.79043 3
    endloop
  endfacet
  facet normal 0 0 1
    outer loop
      vertex 22.9834 53.1404 3
      vertex 24 53.2096 3
      vertex 23.2159 53.171 3
    endloop
  endfacet
  facet normal 0 0 1
    outer loop
      vertex 24 53.2096 3
      vertex 6.79043 36 3
      vertex 24 6.79043 3
    endloop
  endfacet
  facet normal 0 0 1
    outer loop
      vertex 12.7055 47.7796 3
      vertex 24 53.2096 3
      vertex 22.9834 53.1404 3
    endloop
  endfacet
  facet normal -0 0 1
    outer loop
      vertex 6.79043 24 3
      vertex 24 6.79043 3
      vertex 6.79043 36 3
    endloop
  endfacet
  facet normal 0 0 1
    outer loop
      vertex 12.7055 47.7796 3
      vertex 22.9834 53.1404 3
      vertex 20.8322 52.8572 3
    endloop
  endfacet
  facet normal -0 -0 1
    outer loop
      vertex 12.4749 12.4749 3
      vertex 24 6.79043 3
      vertex 6.79043 24 3
    endloop
  endfacet
  facet normal 0 0 1
    outer loop
      vertex 18.5549 52.2868 3
      vertex 20.8322 52.8572 3
      vertex 20.0557 52.742 3
    endloop
  endfacet
  facet normal -0 -0 1
    outer loop
      vertex 12.7055 12.2204 3
      vertex 24 6.79043 3
      vertex 12.4749 12.4749 3
    endloop
  endfacet
  facet normal 0 0 1
    outer loop
      vertex 18.5549 52.2868 3
      vertex 20.0557 52.742 3
      vertex 19.2941 52.5513 3
    endloop
  endfacet
  facet normal 0 0 1
    outer loop
      vertex 24 6.79043 3
      vertex 22.9834 6.85954 3
      vertex 23.2159 6.82894 3
    endloop
  endfacet
  facet normal 0 0 1
    outer loop
      vertex 12.9101 48.0555 3
      vertex 20.8322 52.8572 3
      vertex 18.5549 52.2868 3
    endloop
  endfacet
  facet normal 0 0 1
    outer loop
      vertex 24 6.79043 3
      vertex 12.7055 12.2204 3
      vertex 22.9834 6.85954 3
    endloop
  endfacet
  facet normal 0 0 1
    outer loop
      vertex 12.9101 48.0555 3
      vertex 18.5549 52.2868 3
      vertex 16.5504 51.4565 3
    endloop
  endfacet
  facet normal 0 0 1
    outer loop
      vertex 24 53.2096 3
      vertex 12.7055 47.7796 3
      vertex 12.4749 47.5251 3
    endloop
  endfacet
  facet normal 0 0 1
    outer loop
      vertex 13.0867 48.3501 3
      vertex 16.5504 51.4565 3
      vertex 16.3337 51.3667 3
    endloop
  endfacet
  facet normal 0 0 1
    outer loop
      vertex 22.9834 6.85954 3
      vertex 12.7055 12.2204 3
      vertex 20.8322 7.14275 3
    endloop
  endfacet
  facet normal 0 0 1
    outer loop
      vertex 13.0867 48.3501 3
      vertex 16.3337 51.3667 3
      vertex 15.624 51.0311 3
    endloop
  endfacet
  facet normal 0 0 1
    outer loop
      vertex 20.8322 7.14275 3
      vertex 12.9101 11.9445 3
      vertex 18.5549 7.7132 3
    endloop
  endfacet
  facet normal 0 0 1
    outer loop
      vertex 13.0867 48.3501 3
      vertex 15.624 51.0311 3
      vertex 14.9506 50.6275 3
    endloop
  endfacet
  facet normal 0 0 1
    outer loop
      vertex 20.8322 52.8572 3
      vertex 12.9101 48.0555 3
      vertex 12.7055 47.7796 3
    endloop
  endfacet
  facet normal 0 0 1
    outer loop
      vertex 13.2336 48.6606 3
      vertex 14.9506 50.6275 3
      vertex 14.3201 50.1598 3
    endloop
  endfacet
  facet normal 0 0 1
    outer loop
      vertex 18.5549 7.7132 3
      vertex 12.9101 11.9445 3
      vertex 16.5504 8.54351 3
    endloop
  endfacet
  facet normal 0 0 1
    outer loop
      vertex 15.624 8.9689 3
      vertex 13.0867 11.6499 3
      vertex 14.9506 9.37251 3
    endloop
  endfacet
  facet normal 0 0 1
    outer loop
      vertex 13.4327 49.3172 3
      vertex 14.3201 50.1598 3
      vertex 13.4598 49.4997 3
    endloop
  endfacet
  facet normal 0 0 1
    outer loop
      vertex 13.3493 48.984 3
      vertex 14.3201 50.1598 3
      vertex 13.4327 49.3172 3
    endloop
  endfacet
  facet normal 0 0 1
    outer loop
      vertex 14.3201 9.84018 3
      vertex 13.4327 10.6828 3
      vertex 13.4598 10.5003 3
    endloop
  endfacet
  facet normal 0 0 1
    outer loop
      vertex 13.2336 48.6606 3
      vertex 14.3201 50.1598 3
      vertex 13.3493 48.984 3
    endloop
  endfacet
  facet normal 0 0 1
    outer loop
      vertex 14.3201 9.84018 3
      vertex 13.3493 11.016 3
      vertex 13.4327 10.6828 3
    endloop
  endfacet
  facet normal 0 0 1
    outer loop
      vertex 14.9506 50.6275 3
      vertex 13.2336 48.6606 3
      vertex 13.0867 48.3501 3
    endloop
  endfacet
  facet normal 0 0 1
    outer loop
      vertex 14.3201 9.84018 3
      vertex 13.2336 11.3394 3
      vertex 13.3493 11.016 3
    endloop
  endfacet
  facet normal 0 0 1
    outer loop
      vertex 16.5504 51.4565 3
      vertex 13.0867 48.3501 3
      vertex 12.9101 48.0555 3
    endloop
  endfacet
  facet normal 0 0 1
    outer loop
      vertex 14.9506 9.37251 3
      vertex 13.2336 11.3394 3
      vertex 14.3201 9.84018 3
    endloop
  endfacet
  facet normal 0 0 1
    outer loop
      vertex 16.3337 8.63324 3
      vertex 13.0867 11.6499 3
      vertex 15.624 8.9689 3
    endloop
  endfacet
  facet normal -0 -0 1
    outer loop
      vertex 13.2336 11.3394 3
      vertex 14.9506 9.37251 3
      vertex 13.0867 11.6499 3
    endloop
  endfacet
  facet normal -0 -0 1
    outer loop
      vertex 13.0867 11.6499 3
      vertex 16.5504 8.54351 3
      vertex 12.9101 11.9445 3
    endloop
  endfacet
  facet normal 0 0 1
    outer loop
      vertex 16.5504 8.54351 3
      vertex 13.0867 11.6499 3
      vertex 16.3337 8.63324 3
    endloop
  endfacet
  facet normal 0 0 1
    outer loop
      vertex 24 53.2096 3
      vertex 12.4749 47.5251 3
      vertex 6.79043 36 3
    endloop
  endfacet
  facet normal -0 -0 1
    outer loop
      vertex 12.9101 11.9445 3
      vertex 20.8322 7.14275 3
      vertex 12.7055 12.2204 3
    endloop
  endfacet
  facet normal 0 0 1
    outer loop
      vertex 6.79043 36 3
      vertex 12.4749 47.5251 3
      vertex 12.2204 47.2945 3
    endloop
  endfacet
  facet normal 0 0 1
    outer loop
      vertex 20.8322 7.14275 3
      vertex 18.5549 7.7132 3
      vertex 20.0557 7.25795 3
    endloop
  endfacet
  facet normal 0 0 1
    outer loop
      vertex 7.14275 39.1677 3
      vertex 12.2204 47.2945 3
      vertex 11.9445 47.0899 3
    endloop
  endfacet
  facet normal 0 0 1
    outer loop
      vertex 20.0557 7.25795 3
      vertex 18.5549 7.7132 3
      vertex 19.2941 7.4487 3
    endloop
  endfacet
  facet normal 0 0 1
    outer loop
      vertex 8.54351 43.4496 3
      vertex 11.9445 47.0899 3
      vertex 11.6499 46.9133 3
    endloop
  endfacet
  facet normal 0 0 1
    outer loop
      vertex 12.4749 12.4749 3
      vertex 6.79043 24 3
      vertex 12.2204 12.7055 3
    endloop
  endfacet
  facet normal 0 0 1
    outer loop
      vertex 8.9689 44.3759 3
      vertex 11.6499 46.9133 3
      vertex 11.3394 46.7664 3
    endloop
  endfacet
  facet normal -0 -0 1
    outer loop
      vertex 6.85954 22.9834 3
      vertex 12.2204 12.7055 3
      vertex 6.79043 24 3
    endloop
  endfacet
  facet normal 0 0 1
    outer loop
      vertex 9.84018 45.6799 3
      vertex 11.3394 46.7664 3
      vertex 11.016 46.6507 3
    endloop
  endfacet
  facet normal -0 -0 1
    outer loop
      vertex 7.14275 20.8322 3
      vertex 12.2204 12.7055 3
      vertex 6.85954 22.9834 3
    endloop
  endfacet
  facet normal 0 0 1
    outer loop
      vertex 9.84018 45.6799 3
      vertex 11.016 46.6507 3
      vertex 10.6828 46.5673 3
    endloop
  endfacet
  facet normal 0 0 1
    outer loop
      vertex 12.2204 12.7055 3
      vertex 7.14275 20.8322 3
      vertex 11.9445 12.9101 3
    endloop
  endfacet
  facet normal 0 0 1
    outer loop
      vertex 9.84018 45.6799 3
      vertex 10.6828 46.5673 3
      vertex 10.5003 46.5402 3
    endloop
  endfacet
  facet normal -0 -0 1
    outer loop
      vertex 7.7132 18.5549 3
      vertex 11.9445 12.9101 3
      vertex 7.14275 20.8322 3
    endloop
  endfacet
  facet normal 0 0 1
    outer loop
      vertex 11.3394 46.7664 3
      vertex 9.84018 45.6799 3
      vertex 9.37251 45.0493 3
    endloop
  endfacet
  facet normal -0 -0 1
    outer loop
      vertex 8.54351 16.5504 3
      vertex 11.9445 12.9101 3
      vertex 7.7132 18.5549 3
    endloop
  endfacet
  facet normal 0 0 1
    outer loop
      vertex 11.3394 46.7664 3
      vertex 9.37251 45.0493 3
      vertex 8.9689 44.3759 3
    endloop
  endfacet
  facet normal 0 0 1
    outer loop
      vertex 11.9445 12.9101 3
      vertex 8.54351 16.5504 3
      vertex 11.6499 13.0867 3
    endloop
  endfacet
  facet normal 0 0 1
    outer loop
      vertex 11.6499 46.9133 3
      vertex 8.9689 44.3759 3
      vertex 8.63324 43.6662 3
    endloop
  endfacet
  facet normal -0 -0 1
    outer loop
      vertex 8.63324 16.3337 3
      vertex 11.6499 13.0867 3
      vertex 8.54351 16.5504 3
    endloop
  endfacet
  facet normal 0 0 1
    outer loop
      vertex 11.6499 46.9133 3
      vertex 8.63324 43.6662 3
      vertex 8.54351 43.4496 3
    endloop
  endfacet
  facet normal 0 0 1
    outer loop
      vertex 11.6499 13.0867 3
      vertex 8.9689 15.624 3
      vertex 11.3394 13.2336 3
    endloop
  endfacet
  facet normal 0 0 1
    outer loop
      vertex 11.9445 47.0899 3
      vertex 8.54351 43.4496 3
      vertex 7.7132 41.4451 3
    endloop
  endfacet
  facet normal 0 0 1
    outer loop
      vertex 10.6828 13.4327 3
      vertex 9.84018 14.3201 3
      vertex 10.5003 13.4598 3
    endloop
  endfacet
  facet normal 0 0 1
    outer loop
      vertex 11.9445 47.0899 3
      vertex 7.7132 41.4451 3
      vertex 7.14275 39.1677 3
    endloop
  endfacet
  facet normal 0 0 1
    outer loop
      vertex 11.3394 13.2336 3
      vertex 9.84018 14.3201 3
      vertex 11.016 13.3493 3
    endloop
  endfacet
  facet normal 0 0 1
    outer loop
      vertex 7.14275 39.1677 3
      vertex 7.7132 41.4451 3
      vertex 7.4487 40.7059 3
    endloop
  endfacet
  facet normal -0 -0 1
    outer loop
      vertex 9.84018 14.3201 3
      vertex 11.3394 13.2336 3
      vertex 9.37251 14.9506 3
    endloop
  endfacet
  facet normal 0 0 1
    outer loop
      vertex 7.14275 39.1677 3
      vertex 7.4487 40.7059 3
      vertex 7.25795 39.9443 3
    endloop
  endfacet
  facet normal 0 0 1
    outer loop
      vertex 12.2204 47.2945 3
      vertex 7.14275 39.1677 3
      vertex 6.85954 37.0166 3
    endloop
  endfacet
  facet normal 0 0 1
    outer loop
      vertex 11.016 13.3493 3
      vertex 9.84018 14.3201 3
      vertex 10.6828 13.4327 3
    endloop
  endfacet
  facet normal 0 0 1
    outer loop
      vertex 7.4487 19.2941 3
      vertex 7.14275 20.8322 3
      vertex 7.25795 20.0557 3
    endloop
  endfacet
  facet normal 0 0 1
    outer loop
      vertex 12.2204 47.2945 3
      vertex 6.85954 37.0166 3
      vertex 6.79043 36 3
    endloop
  endfacet
  facet normal -0 -0 1
    outer loop
      vertex 9.37251 14.9506 3
      vertex 11.3394 13.2336 3
      vertex 8.9689 15.624 3
    endloop
  endfacet
  facet normal 0 0 1
    outer loop
      vertex 6.79043 36 3
      vertex 6.85954 37.0166 3
      vertex 6.82894 36.7841 3
    endloop
  endfacet
  facet normal 0 0 1
    outer loop
      vertex 7.7132 18.5549 3
      vertex 7.14275 20.8322 3
      vertex 7.4487 19.2941 3
    endloop
  endfacet
  facet normal -0 -0 1
    outer loop
      vertex 8.9689 15.624 3
      vertex 11.6499 13.0867 3
      vertex 8.63324 16.3337 3
    endloop
  endfacet
  facet normal 0 0 1
    outer loop
      vertex 6.85954 22.9834 3
      vertex 6.79043 24 3
      vertex 6.82894 23.2159 3
    endloop
  endfacet
  facet normal 0.857735 -0.514092 -8.26293e-05
    outer loop
      vertex 5.47964 45.8993 40.1612
      vertex 6.53912 47.667 40.0863
      vertex 6.50298 47.6067 40.1004
    endloop
  endfacet
  facet normal 0.857737 -0.514089 0
    outer loop
      vertex 6.53912 47.667 40.0863
      vertex 5.47964 45.8993 40.1612
      vertex 6.53912 47.667 6.91366
    endloop
  endfacet
  facet normal 0.857736 -0.514091 -6.99624e-05
    outer loop
      vertex 5.47964 45.8993 40.1612
      vertex 6.50298 47.6067 40.1004
      vertex 6.10196 46.9376 40.2337
    endloop
  endfacet
  facet normal 0.857737 -0.514089 0
    outer loop
      vertex 5.47964 45.8993 6.83879
      vertex 6.53912 47.667 6.91366
      vertex 5.47964 45.8993 40.1612
    endloop
  endfacet
  facet normal 0.857734 -0.514093 -3.55768e-05
    outer loop
      vertex 5.47964 45.8993 40.1612
      vertex 6.10196 46.9376 40.2337
      vertex 5.69835 46.2642 40.2337
    endloop
  endfacet
  facet normal 0.857735 -0.514092 8.30536e-05
    outer loop
      vertex 6.53912 47.667 6.91366
      vertex 5.47964 45.8993 6.83879
      vertex 6.50298 47.6067 6.89962
    endloop
  endfacet
  facet normal 0.857736 -0.514091 6.99699e-05
    outer loop
      vertex 6.50298 47.6067 6.89962
      vertex 5.47964 45.8993 6.83879
      vertex 6.10196 46.9376 6.76632
    endloop
  endfacet
  facet normal 0.857734 -0.514093 3.55915e-05
    outer loop
      vertex 6.10196 46.9376 6.76632
      vertex 5.47964 45.8993 6.83879
      vertex 5.69835 46.2642 6.76632
    endloop
  endfacet
  facet normal 0.903993 0.427548 -0.000265476
    outer loop
      vertex 5.47964 14.1007 40.1612
      vertex 4.59853 15.9636 40.0153
      vertex 5.32645 14.4246 40.1612
    endloop
  endfacet
  facet normal 0.903985 0.427565 0
    outer loop
      vertex 4.59853 15.9636 40.0153
      vertex 5.47964 14.1007 40.1612
      vertex 4.59853 15.9636 6.98473
    endloop
  endfacet
  facet normal 0.903985 0.427565 -0
    outer loop
      vertex 5.47964 14.1007 6.83879
      vertex 4.59853 15.9636 6.98473
      vertex 5.47964 14.1007 40.1612
    endloop
  endfacet
  facet normal 0.903993 0.427548 0.000265403
    outer loop
      vertex 4.59853 15.9636 6.98473
      vertex 5.47964 14.1007 6.83879
      vertex 5.32645 14.4246 6.83879
    endloop
  endfacet
  facet normal -0.595729 0.803185 0
    outer loop
      vertex 88.2513 6.9725 6.93445
      vertex 87.667 6.53912 40.0863
      vertex 88.2513 6.9725 40.0655
    endloop
  endfacet
  facet normal -0.595729 0.803185 0
    outer loop
      vertex 87.667 6.53912 40.0863
      vertex 88.2513 6.9725 6.93445
      vertex 87.667 6.53912 6.91366
    endloop
  endfacet
  facet normal -0.857697 -0.514148 0.00286619
    outer loop
      vertex 94.5203 45.8993 6.83879
      vertex 93.4609 47.667 6.91366
      vertex 93.497 47.6067 6.89962
    endloop
  endfacet
  facet normal -0.857754 -0.51406 0
    outer loop
      vertex 93.4609 47.667 6.91366
      vertex 94.5203 45.8993 6.83879
      vertex 93.4609 47.667 40.0863
    endloop
  endfacet
  facet normal -0.857744 -0.514077 0.000103859
    outer loop
      vertex 94.5203 45.8993 6.83879
      vertex 93.497 47.6067 6.89962
      vertex 93.898 46.9376 6.76632
    endloop
  endfacet
  facet normal -0.857754 -0.51406 -0
    outer loop
      vertex 94.5203 45.8993 40.1612
      vertex 93.4609 47.667 40.0863
      vertex 94.5203 45.8993 6.83879
    endloop
  endfacet
  facet normal -0.85774 -0.514084 -1.86307e-05
    outer loop
      vertex 94.5203 45.8993 6.83879
      vertex 93.898 46.9376 6.76632
      vertex 94.3016 46.2642 6.76632
    endloop
  endfacet
  facet normal -0.857697 -0.514147 -0.00285155
    outer loop
      vertex 93.4609 47.667 40.0863
      vertex 94.5203 45.8993 40.1612
      vertex 93.497 47.6067 40.1004
    endloop
  endfacet
  facet normal -0.857744 -0.514077 -0.000103848
    outer loop
      vertex 93.497 47.6067 40.1004
      vertex 94.5203 45.8993 40.1612
      vertex 93.898 46.9376 40.2337
    endloop
  endfacet
  facet normal -0.85774 -0.514084 1.8623e-05
    outer loop
      vertex 93.898 46.9376 40.2337
      vertex 94.5203 45.8993 40.1612
      vertex 94.3016 46.2642 40.2337
    endloop
  endfacet
  facet normal -0.85774 0.514084 -1.86307e-05
    outer loop
      vertex 93.898 13.0624 6.76632
      vertex 94.5203 14.1007 6.83879
      vertex 94.3016 13.7358 6.76632
    endloop
  endfacet
  facet normal -0.857754 0.51406 0
    outer loop
      vertex 94.5203 14.1007 6.83879
      vertex 93.4609 12.333 6.91366
      vertex 94.5203 14.1007 40.1612
    endloop
  endfacet
  facet normal -0.857744 0.514077 0.000103859
    outer loop
      vertex 94.5203 14.1007 6.83879
      vertex 93.898 13.0624 6.76632
      vertex 93.497 12.3933 6.89962
    endloop
  endfacet
  facet normal -0.857754 0.51406 0
    outer loop
      vertex 93.4609 12.333 40.0863
      vertex 94.5203 14.1007 40.1612
      vertex 93.4609 12.333 6.91366
    endloop
  endfacet
  facet normal -0.857697 0.514148 0.00286619
    outer loop
      vertex 94.5203 14.1007 6.83879
      vertex 93.497 12.3933 6.89962
      vertex 93.4609 12.333 6.91366
    endloop
  endfacet
  facet normal -0.857697 0.514147 -0.00285155
    outer loop
      vertex 93.497 12.3933 40.1004
      vertex 94.5203 14.1007 40.1612
      vertex 93.4609 12.333 40.0863
    endloop
  endfacet
  facet normal -0.857744 0.514077 -0.000103848
    outer loop
      vertex 93.898 13.0624 40.2337
      vertex 94.5203 14.1007 40.1612
      vertex 93.497 12.3933 40.1004
    endloop
  endfacet
  facet normal -0.85774 0.514084 1.8623e-05
    outer loop
      vertex 94.5203 14.1007 40.1612
      vertex 93.898 13.0624 40.2337
      vertex 94.3016 13.7358 40.2337
    endloop
  endfacet
  facet normal 0.336945 0.941524 -0.000801924
    outer loop
      vertex 17.904 3.90425 40.1612
      vertex 16.9303 4.25266 40.1033
      vertex 17.5667 4.02496 40.1612
    endloop
  endfacet
  facet normal 0.336902 0.94154 -0
    outer loop
      vertex 16.9303 4.25266 6.89672
      vertex 16.9303 4.25266 40.1033
      vertex 17.904 3.90425 40.1612
    endloop
  endfacet
  facet normal 0.336872 0.94155 0
    outer loop
      vertex 16.9303 4.25266 40.1033
      vertex 16.9303 4.25266 6.89672
      vertex 15.9636 4.59853 40.0153
    endloop
  endfacet
  facet normal 0.336872 0.94155 0
    outer loop
      vertex 15.9636 4.59853 40.0153
      vertex 16.9303 4.25266 6.89672
      vertex 15.9636 4.59853 6.98473
    endloop
  endfacet
  facet normal 0.336902 0.94154 -0
    outer loop
      vertex 17.904 3.90425 6.83878
      vertex 16.9303 4.25266 6.89672
      vertex 17.904 3.90425 40.1612
    endloop
  endfacet
  facet normal 0.336945 0.941524 0.00080137
    outer loop
      vertex 16.9303 4.25266 6.89672
      vertex 17.904 3.90425 6.83878
      vertex 17.5667 4.02496 6.83878
    endloop
  endfacet
  facet normal -0.336945 0.941524 -0.000801924
    outer loop
      vertex 83.0697 4.25266 40.1033
      vertex 82.096 3.90425 40.1612
      vertex 82.4333 4.02496 40.1612
    endloop
  endfacet
  facet normal -0.336903 0.941539 0
    outer loop
      vertex 83.0697 4.25266 6.89672
      vertex 83.0697 4.25266 40.1033
      vertex 84.0363 4.59853 40.0153
    endloop
  endfacet
  facet normal -0.336903 0.941539 0
    outer loop
      vertex 83.0697 4.25266 6.89672
      vertex 84.0363 4.59853 40.0153
      vertex 84.0363 4.59853 6.98473
    endloop
  endfacet
  facet normal -0.336902 0.94154 0
    outer loop
      vertex 83.0697 4.25266 40.1033
      vertex 83.0697 4.25266 6.89672
      vertex 82.096 3.90425 40.1612
    endloop
  endfacet
  facet normal -0.336945 0.941524 0.00080137
    outer loop
      vertex 82.096 3.90425 6.83878
      vertex 83.0697 4.25266 6.89672
      vertex 82.4333 4.02496 6.83878
    endloop
  endfacet
  facet normal -0.336902 0.94154 0
    outer loop
      vertex 83.0697 4.25266 6.89672
      vertex 82.096 3.90425 6.83878
      vertex 82.096 3.90425 40.1612
    endloop
  endfacet
  facet normal -0.970015 -0.243045 7.13582e-05
    outer loop
      vertex 96.3899 40.9218 6.76632
      vertex 96.0957 42.096 6.83878
      vertex 96.1991 41.6833 6.76631
    endloop
  endfacet
  facet normal -0.970025 -0.243004 0
    outer loop
      vertex 96.0957 42.096 6.83878
      vertex 96.5965 40.0969 6.91365
      vertex 96.0957 42.096 40.1612
    endloop
  endfacet
  facet normal -0.970023 -0.243012 -0.000505988
    outer loop
      vertex 96.0957 42.096 6.83878
      vertex 96.3899 40.9218 6.76632
      vertex 96.5794 40.1651 6.89961
    endloop
  endfacet
  facet normal -0.970036 -0.242959 0.00126951
    outer loop
      vertex 96.0957 42.096 6.83878
      vertex 96.5794 40.1651 6.89961
      vertex 96.5965 40.0969 6.91365
    endloop
  endfacet
  facet normal -0.970025 -0.243004 -0
    outer loop
      vertex 96.5965 40.0969 40.0863
      vertex 96.0957 42.096 40.1612
      vertex 96.5965 40.0969 6.91365
    endloop
  endfacet
  facet normal -0.970015 -0.243045 -7.1334e-05
    outer loop
      vertex 96.0957 42.096 40.1612
      vertex 96.3899 40.9218 40.2337
      vertex 96.1991 41.6833 40.2337
    endloop
  endfacet
  facet normal -0.970036 -0.242959 -0.00126303
    outer loop
      vertex 96.5794 40.1651 40.1004
      vertex 96.0957 42.096 40.1612
      vertex 96.5965 40.0969 40.0863
    endloop
  endfacet
  facet normal -0.970023 -0.243012 0.000505888
    outer loop
      vertex 96.3899 40.9218 40.2337
      vertex 96.0957 42.096 40.1612
      vertex 96.5794 40.1651 40.1004
    endloop
  endfacet
  facet normal 0.33692 -0.941533 -0.000495121
    outer loop
      vertex 16.9303 55.7473 40.1033
      vertex 17.904 56.0957 40.1612
      vertex 17.5667 55.975 40.1612
    endloop
  endfacet
  facet normal 0.336811 -0.941572 0
    outer loop
      vertex 16.9303 55.7473 6.89672
      vertex 16.9303 55.7473 40.1033
      vertex 15.9636 55.4015 40.0153
    endloop
  endfacet
  facet normal 0.336811 -0.941572 0
    outer loop
      vertex 16.9303 55.7473 6.89672
      vertex 15.9636 55.4015 40.0153
      vertex 15.9636 55.4015 6.98473
    endloop
  endfacet
  facet normal 0.336894 -0.941543 0
    outer loop
      vertex 16.9303 55.7473 40.1033
      vertex 16.9303 55.7473 6.89672
      vertex 17.904 56.0957 40.1612
    endloop
  endfacet
  facet normal 0.33692 -0.941533 0.000494779
    outer loop
      vertex 17.904 56.0957 6.83878
      vertex 16.9303 55.7473 6.89672
      vertex 17.5667 55.975 6.83878
    endloop
  endfacet
  facet normal 0.336894 -0.941543 0
    outer loop
      vertex 16.9303 55.7473 6.89672
      vertex 17.904 56.0957 6.83878
      vertex 17.904 56.0957 40.1612
    endloop
  endfacet
  facet normal -0.941561 -0.336842 0
    outer loop
      vertex 95.7473 43.0697 6.89672
      vertex 95.4015 44.0363 40.0153
      vertex 95.4015 44.0363 6.98473
    endloop
  endfacet
  facet normal -0.941561 -0.336842 0
    outer loop
      vertex 95.7473 43.0697 6.89672
      vertex 95.7473 43.0697 40.1033
      vertex 95.4015 44.0363 40.0153
    endloop
  endfacet
  facet normal -0.941533 -0.33692 0.000494779
    outer loop
      vertex 96.0957 42.096 6.83878
      vertex 95.7473 43.0697 6.89672
      vertex 95.975 42.4333 6.83878
    endloop
  endfacet
  facet normal -0.941543 -0.336894 0
    outer loop
      vertex 95.7473 43.0697 6.89672
      vertex 96.0957 42.096 6.83878
      vertex 95.7473 43.0697 40.1033
    endloop
  endfacet
  facet normal -0.941543 -0.336894 -0
    outer loop
      vertex 96.0957 42.096 40.1612
      vertex 95.7473 43.0697 40.1033
      vertex 96.0957 42.096 6.83878
    endloop
  endfacet
  facet normal -0.941533 -0.33692 -0.000495121
    outer loop
      vertex 95.7473 43.0697 40.1033
      vertex 96.0957 42.096 40.1612
      vertex 95.975 42.4333 40.1612
    endloop
  endfacet
  facet normal -0.514084 -0.85774 1.8623e-05
    outer loop
      vertex 85.8993 54.5203 40.1612
      vertex 86.9376 53.898 40.2337
      vertex 86.2642 54.3016 40.2337
    endloop
  endfacet
  facet normal -0.514077 -0.857744 -0.000103848
    outer loop
      vertex 85.8993 54.5203 40.1612
      vertex 87.6067 53.497 40.1004
      vertex 86.9376 53.898 40.2337
    endloop
  endfacet
  facet normal -0.514147 -0.857697 -0.00285155
    outer loop
      vertex 85.8993 54.5203 40.1612
      vertex 87.667 53.4609 40.0863
      vertex 87.6067 53.497 40.1004
    endloop
  endfacet
  facet normal -0.51406 -0.857754 0
    outer loop
      vertex 85.8993 54.5203 40.1612
      vertex 87.667 53.4609 6.91366
      vertex 87.667 53.4609 40.0863
    endloop
  endfacet
  facet normal -0.51406 -0.857754 0
    outer loop
      vertex 85.8993 54.5203 6.83879
      vertex 87.667 53.4609 6.91366
      vertex 85.8993 54.5203 40.1612
    endloop
  endfacet
  facet normal -0.514148 -0.857697 0.00286619
    outer loop
      vertex 87.667 53.4609 6.91366
      vertex 85.8993 54.5203 6.83879
      vertex 87.6067 53.497 6.89962
    endloop
  endfacet
  facet normal -0.514084 -0.85774 -1.86307e-05
    outer loop
      vertex 86.9376 53.898 6.76632
      vertex 85.8993 54.5203 6.83879
      vertex 86.2642 54.3016 6.76632
    endloop
  endfacet
  facet normal -0.514077 -0.857744 0.000103859
    outer loop
      vertex 85.8993 54.5203 6.83879
      vertex 86.9376 53.898 6.76632
      vertex 87.6067 53.497 6.89962
    endloop
  endfacet
  facet normal -0.595747 -0.803172 0
    outer loop
      vertex 87.667 53.4609 40.0863
      vertex 88.2513 53.0275 6.93445
      vertex 88.2513 53.0275 40.0656
    endloop
  endfacet
  facet normal -0.595747 -0.803172 0
    outer loop
      vertex 88.2513 53.0275 6.93445
      vertex 87.667 53.4609 40.0863
      vertex 87.667 53.4609 6.91366
    endloop
  endfacet
  facet normal 0.803192 0.59572 0
    outer loop
      vertex 6.97249 11.7487 40.0655
      vertex 6.53912 12.333 6.91366
      vertex 6.53912 12.333 40.0863
    endloop
  endfacet
  facet normal 0.803192 0.59572 0
    outer loop
      vertex 6.53912 12.333 6.91366
      vertex 6.97249 11.7487 40.0655
      vertex 6.97249 11.7487 6.93445
    endloop
  endfacet
  facet normal -0.514093 0.857734 -3.55768e-05
    outer loop
      vertex 86.9376 6.10196 40.2337
      vertex 85.8993 5.47964 40.1612
      vertex 86.2642 5.69835 40.2337
    endloop
  endfacet
  facet normal -0.514091 0.857736 -6.99624e-05
    outer loop
      vertex 87.6067 6.50298 40.1004
      vertex 85.8993 5.47964 40.1612
      vertex 86.9376 6.10196 40.2337
    endloop
  endfacet
  facet normal -0.514092 0.857735 -8.26293e-05
    outer loop
      vertex 87.667 6.53912 40.0863
      vertex 85.8993 5.47964 40.1612
      vertex 87.6067 6.50298 40.1004
    endloop
  endfacet
  facet normal -0.514089 0.857737 0
    outer loop
      vertex 87.667 6.53912 6.91366
      vertex 85.8993 5.47964 40.1612
      vertex 87.667 6.53912 40.0863
    endloop
  endfacet
  facet normal -0.514092 0.857735 8.30536e-05
    outer loop
      vertex 85.8993 5.47964 6.83879
      vertex 87.667 6.53912 6.91366
      vertex 87.6067 6.50298 6.89962
    endloop
  endfacet
  facet normal -0.514089 0.857737 0
    outer loop
      vertex 87.667 6.53912 6.91366
      vertex 85.8993 5.47964 6.83879
      vertex 85.8993 5.47964 40.1612
    endloop
  endfacet
  facet normal -0.514091 0.857736 6.99699e-05
    outer loop
      vertex 86.9376 6.10196 6.76632
      vertex 85.8993 5.47964 6.83879
      vertex 87.6067 6.50298 6.89962
    endloop
  endfacet
  facet normal -0.514093 0.857734 3.55915e-05
    outer loop
      vertex 85.8993 5.47964 6.83879
      vertex 86.9376 6.10196 6.76632
      vertex 86.2642 5.69835 6.76632
    endloop
  endfacet
  facet normal -0.0490672 0.998795 1.73199e-05
    outer loop
      vertex 78.0583 3.10112 40.0275
      vertex 76 3 40.2096
      vertex 76.7841 3.03852 40.2096
    endloop
  endfacet
  facet normal -0.0490687 0.998795 0
    outer loop
      vertex 78.0583 3.10112 6.97255
      vertex 76 3 40.2096
      vertex 78.0583 3.10112 40.0275
    endloop
  endfacet
  facet normal -0.0490687 0.998795 0
    outer loop
      vertex 78.0583 3.10112 6.97255
      vertex 76 3 6.79043
      vertex 76 3 40.2096
    endloop
  endfacet
  facet normal -0.0490672 0.998795 -1.7313e-05
    outer loop
      vertex 76 3 6.79043
      vertex 78.0583 3.10112 6.97255
      vertex 76.7841 3.03852 6.79041
    endloop
  endfacet
  facet normal -0.903982 0.42757 0.000466621
    outer loop
      vertex 94.5203 14.1007 6.83879
      vertex 95.4015 15.9636 6.98473
      vertex 94.6735 14.4246 6.83879
    endloop
  endfacet
  facet normal -0.903968 0.4276 0
    outer loop
      vertex 95.4015 15.9636 6.98473
      vertex 94.5203 14.1007 6.83879
      vertex 95.4015 15.9636 40.0153
    endloop
  endfacet
  facet normal -0.903968 0.4276 0
    outer loop
      vertex 94.5203 14.1007 40.1612
      vertex 95.4015 15.9636 40.0153
      vertex 94.5203 14.1007 6.83879
    endloop
  endfacet
  facet normal -0.903982 0.42757 -0.000466749
    outer loop
      vertex 95.4015 15.9636 40.0153
      vertex 94.5203 14.1007 40.1612
      vertex 94.6735 14.4246 40.1612
    endloop
  endfacet
  facet normal -0.803172 -0.595747 0
    outer loop
      vertex 93.4609 47.667 6.91366
      vertex 93.0275 48.2513 40.0656
      vertex 93.0275 48.2513 6.93445
    endloop
  endfacet
  facet normal -0.803172 -0.595747 0
    outer loop
      vertex 93.0275 48.2513 40.0656
      vertex 93.4609 47.667 6.91366
      vertex 93.4609 47.667 40.0863
    endloop
  endfacet
  facet normal -0.903982 -0.42757 0.000173644
    outer loop
      vertex 95.4015 44.0363 6.98473
      vertex 94.5203 45.8993 6.83879
      vertex 94.6735 45.5754 6.83879
    endloop
  endfacet
  facet normal -0.903977 -0.427582 0
    outer loop
      vertex 94.5203 45.8993 6.83879
      vertex 95.4015 44.0363 6.98473
      vertex 94.5203 45.8993 40.1612
    endloop
  endfacet
  facet normal -0.903977 -0.427582 -0
    outer loop
      vertex 95.4015 44.0363 40.0153
      vertex 94.5203 45.8993 40.1612
      vertex 95.4015 44.0363 6.98473
    endloop
  endfacet
  facet normal -0.903982 -0.42757 -0.000173692
    outer loop
      vertex 94.5203 45.8993 40.1612
      vertex 95.4015 44.0363 40.0153
      vertex 94.6735 45.5754 40.1612
    endloop
  endfacet
  facet normal 0.59572 0.803192 0
    outer loop
      vertex 12.333 6.53912 40.0863
      vertex 11.7487 6.97249 6.93445
      vertex 11.7487 6.97249 40.0655
    endloop
  endfacet
  facet normal 0.59572 0.803192 0
    outer loop
      vertex 11.7487 6.97249 6.93445
      vertex 12.333 6.53912 40.0863
      vertex 12.333 6.53912 6.91366
    endloop
  endfacet
  facet normal -0.336888 -0.941545 0
    outer loop
      vertex 8.66061 6.76642 0
      vertex 8.984 6.65071 10.833
      vertex 8.66061 6.76642 11.2285
    endloop
  endfacet
  facet normal -0.336888 -0.941545 -0
    outer loop
      vertex 8.984 6.65071 10.833
      vertex 8.66061 6.76642 0
      vertex 8.984 6.65071 0
    endloop
  endfacet
  facet normal -0.336888 -0.941545 0
    outer loop
      vertex 8.66061 6.76642 45
      vertex 8.984 6.65071 36.167
      vertex 8.984 6.65071 45
    endloop
  endfacet
  facet normal -0.336888 -0.941545 0
    outer loop
      vertex 8.984 6.65071 36.167
      vertex 8.66061 6.76642 45
      vertex 8.66061 6.76642 35.7715
    endloop
  endfacet
  facet normal 0.989154 0.146883 0
    outer loop
      vertex 13.4327 10.6828 45
      vertex 13.4598 10.5003 3
      vertex 13.4327 10.6828 3
    endloop
  endfacet
  facet normal 0.989172 0.14676 5.45634e-07
    outer loop
      vertex 13.4598 10.5003 3
      vertex 13.4327 10.6828 45
      vertex 13.4831 10.3431 45
    endloop
  endfacet
  facet normal 0.989155 0.146877 -1.39198e-05
    outer loop
      vertex 13.4831 10.3431 0
      vertex 13.4327 10.6828 2.92526
      vertex 13.4598 10.5003 3
    endloop
  endfacet
  facet normal 0.989172 0.14676 0
    outer loop
      vertex 13.4327 10.6828 2.92526
      vertex 13.4831 10.3431 0
      vertex 13.4327 10.6828 0
    endloop
  endfacet
  facet normal 0.989193 0.146617 -0
    outer loop
      vertex 13.4831 10.3431 0
      vertex 13.4598 10.5003 3
      vertex 13.4831 10.3431 45
    endloop
  endfacet
  facet normal 0.998789 0.0491971 0
    outer loop
      vertex 13.5 10 45
      vertex 13.4831 10.3431 0
      vertex 13.4831 10.3431 45
    endloop
  endfacet
  facet normal 0.998789 0.0491971 0
    outer loop
      vertex 13.4831 10.3431 0
      vertex 13.5 10 45
      vertex 13.5 10 0
    endloop
  endfacet
  facet normal 0.970074 0.24281 0
    outer loop
      vertex 13.4327 10.6828 45
      vertex 13.3493 11.016 3
      vertex 13.3493 11.016 45
    endloop
  endfacet
  facet normal 0.970074 0.24281 0
    outer loop
      vertex 13.3493 11.016 3
      vertex 13.4327 10.6828 45
      vertex 13.4327 10.6828 3
    endloop
  endfacet
  facet normal 0.970074 0.24281 -0
    outer loop
      vertex 13.4327 10.6828 0
      vertex 13.3493 11.016 2.80092
      vertex 13.4327 10.6828 2.92526
    endloop
  endfacet
  facet normal 0.970074 0.24281 0
    outer loop
      vertex 13.3493 11.016 2.80092
      vertex 13.4327 10.6828 0
      vertex 13.3493 11.016 0
    endloop
  endfacet
  facet normal -0.989172 0.14676 0
    outer loop
      vertex 6.51685 10.3431 0
      vertex 6.56725 10.6828 8.62967
      vertex 6.56725 10.6828 0
    endloop
  endfacet
  facet normal -0.989172 0.14676 0
    outer loop
      vertex 6.56725 10.6828 8.62967
      vertex 6.51685 10.3431 0
      vertex 6.51685 10.3431 9.06086
    endloop
  endfacet
  facet normal -0.989172 0.14676 0
    outer loop
      vertex 6.51685 10.3431 45
      vertex 6.56725 10.6828 38.3703
      vertex 6.51685 10.3431 37.9391
    endloop
  endfacet
  facet normal -0.989172 0.14676 0
    outer loop
      vertex 6.56725 10.6828 38.3703
      vertex 6.51685 10.3431 45
      vertex 6.56725 10.6828 45
    endloop
  endfacet
  facet normal -0.242988 -0.970029 0
    outer loop
      vertex 8.984 6.65071 45
      vertex 9.31718 6.56725 36.6813
      vertex 9.31718 6.56725 45
    endloop
  endfacet
  facet normal -0.242988 -0.970029 0
    outer loop
      vertex 9.31718 6.56725 36.6813
      vertex 8.984 6.65071 45
      vertex 8.984 6.65071 36.167
    endloop
  endfacet
  facet normal -0.242988 -0.970029 0
    outer loop
      vertex 8.984 6.65071 0
      vertex 9.31718 6.56725 10.3187
      vertex 8.984 6.65071 10.833
    endloop
  endfacet
  facet normal -0.242988 -0.970029 -0
    outer loop
      vertex 9.31718 6.56725 10.3187
      vertex 8.984 6.65071 0
      vertex 9.31718 6.56725 0
    endloop
  endfacet
  facet normal 0.336853 0.941557 0
    outer loop
      vertex 11.016 13.3493 0
      vertex 11.3394 13.2336 2.69253
      vertex 11.3394 13.2336 0
    endloop
  endfacet
  facet normal 0.336853 0.941557 0
    outer loop
      vertex 11.3394 13.2336 2.69253
      vertex 11.016 13.3493 0
      vertex 11.016 13.3493 2.80092
    endloop
  endfacet
  facet normal 0.336853 0.941557 -0
    outer loop
      vertex 11.3394 13.2336 3
      vertex 11.016 13.3493 45
      vertex 11.3394 13.2336 45
    endloop
  endfacet
  facet normal 0.336853 0.941557 0
    outer loop
      vertex 11.016 13.3493 45
      vertex 11.3394 13.2336 3
      vertex 11.016 13.3493 3
    endloop
  endfacet
  facet normal -0.51414 0.857706 0
    outer loop
      vertex 8.35011 13.0867 0
      vertex 8.0555 12.9101 45
      vertex 8.35011 13.0867 45
    endloop
  endfacet
  facet normal -0.51414 0.857706 0
    outer loop
      vertex 8.0555 12.9101 45
      vertex 8.35011 13.0867 0
      vertex 8.0555 12.9101 0
    endloop
  endfacet
  facet normal -0.903996 -0.427542 0
    outer loop
      vertex 6.91327 8.35011 0
      vertex 6.76642 8.66061 11.2285
      vertex 6.76642 8.66061 0
    endloop
  endfacet
  facet normal -0.903996 -0.427542 0
    outer loop
      vertex 6.76642 8.66061 11.2285
      vertex 6.91327 8.35011 0
      vertex 6.91327 8.35011 11.5014
    endloop
  endfacet
  facet normal -0.903996 -0.427542 -0
    outer loop
      vertex 6.91327 8.35011 45
      vertex 6.76642 8.66061 35.7715
      vertex 6.91327 8.35011 35.4986
    endloop
  endfacet
  facet normal -0.903996 -0.427542 0
    outer loop
      vertex 6.76642 8.66061 35.7715
      vertex 6.91327 8.35011 45
      vertex 6.76642 8.66061 45
    endloop
  endfacet
  facet normal -0.242823 0.970071 0
    outer loop
      vertex 9.31718 13.4327 0
      vertex 8.984 13.3493 45
      vertex 9.31718 13.4327 45
    endloop
  endfacet
  facet normal -0.242823 0.970071 0
    outer loop
      vertex 8.984 13.3493 45
      vertex 9.31718 13.4327 0
      vertex 8.984 13.3493 0
    endloop
  endfacet
  facet normal -0.857719 -0.514119 0
    outer loop
      vertex 7.08986 8.0555 0
      vertex 6.91327 8.35011 11.5014
      vertex 6.91327 8.35011 0
    endloop
  endfacet
  facet normal -0.857725 -0.514108 -3.73196e-07
    outer loop
      vertex 6.91327 8.35011 11.5014
      vertex 7.08986 8.0555 0
      vertex 7.03615 8.1451 11.6042
    endloop
  endfacet
  facet normal -0.857704 -0.514144 0
    outer loop
      vertex 7.03615 8.1451 11.6042
      vertex 7.08986 8.0555 0
      vertex 7.08986 8.0555 11.6804
    endloop
  endfacet
  facet normal -0.857725 -0.514108 4.50549e-07
    outer loop
      vertex 7.08986 8.0555 45
      vertex 6.91327 8.35011 35.4986
      vertex 7.03615 8.1451 35.3958
    endloop
  endfacet
  facet normal -0.857704 -0.514144 -0
    outer loop
      vertex 7.08986 8.0555 45
      vertex 7.03615 8.1451 35.3958
      vertex 7.08986 8.0555 35.3196
    endloop
  endfacet
  facet normal -0.857719 -0.514119 0
    outer loop
      vertex 6.91327 8.35011 35.4986
      vertex 7.08986 8.0555 45
      vertex 6.91327 8.35011 45
    endloop
  endfacet
  facet normal 0.242974 -0.970033 0
    outer loop
      vertex 10.6828 6.56725 45
      vertex 11.016 6.65071 38.8403
      vertex 11.016 6.65071 45
    endloop
  endfacet
  facet normal 0.242976 -0.970032 1.25127e-07
    outer loop
      vertex 10.6828 6.56725 45
      vertex 10.871 6.61439 38.6358
      vertex 11.016 6.65071 38.8403
    endloop
  endfacet
  facet normal 0.242972 -0.970033 0
    outer loop
      vertex 10.871 6.61439 38.6358
      vertex 10.6828 6.56725 45
      vertex 10.6828 6.56725 38.3703
    endloop
  endfacet
  facet normal 0.242972 -0.970033 0
    outer loop
      vertex 10.6828 6.56725 0
      vertex 10.871 6.61439 8.36419
      vertex 10.6828 6.56725 8.62967
    endloop
  endfacet
  facet normal 0.242976 -0.970032 -9.61272e-08
    outer loop
      vertex 10.6828 6.56725 0
      vertex 11.016 6.65071 8.15966
      vertex 10.871 6.61439 8.36419
    endloop
  endfacet
  facet normal 0.242974 -0.970033 0
    outer loop
      vertex 11.016 6.65071 8.15966
      vertex 10.6828 6.56725 0
      vertex 11.016 6.65071 0
    endloop
  endfacet
  facet normal -0.595687 -0.803217 0
    outer loop
      vertex 7.77962 7.29446 0
      vertex 8.0555 7.08986 11.6804
      vertex 7.77962 7.29446 11.8062
    endloop
  endfacet
  facet normal -0.595687 -0.803217 -0
    outer loop
      vertex 8.0555 7.08986 11.6804
      vertex 7.77962 7.29446 0
      vertex 8.0555 7.08986 0
    endloop
  endfacet
  facet normal -0.595687 -0.803217 0
    outer loop
      vertex 7.77962 7.29446 45
      vertex 8.0555 7.08986 35.3196
      vertex 8.0555 7.08986 45
    endloop
  endfacet
  facet normal -0.595687 -0.803217 0
    outer loop
      vertex 8.0555 7.08986 35.3196
      vertex 7.77962 7.29446 45
      vertex 7.77962 7.29446 35.1938
    endloop
  endfacet
  facet normal 0.514113 -0.857723 0
    outer loop
      vertex 11.6499 6.91327 7.1216
      vertex 11.6499 6.91327 0
      vertex 11.7487 6.97249 6.93445
    endloop
  endfacet
  facet normal 0.514132 -0.857711 5.19216e-07
    outer loop
      vertex 11.6499 6.91327 45
      vertex 11.7487 6.97249 40.0655
      vertex 11.9445 7.08986 45
    endloop
  endfacet
  facet normal 0.514113 -0.857723 0
    outer loop
      vertex 11.7487 6.97249 40.0655
      vertex 11.6499 6.91327 45
      vertex 11.6499 6.91327 39.8784
    endloop
  endfacet
  facet normal 0.514141 -0.857705 0
    outer loop
      vertex 11.7487 6.97249 6.93445
      vertex 11.9445 7.08986 45
      vertex 11.7487 6.97249 40.0655
    endloop
  endfacet
  facet normal 0.514141 -0.857705 0
    outer loop
      vertex 11.7487 6.97249 6.93445
      vertex 11.9445 7.08986 0
      vertex 11.9445 7.08986 45
    endloop
  endfacet
  facet normal 0.514132 -0.857711 -3.6947e-07
    outer loop
      vertex 11.9445 7.08986 0
      vertex 11.7487 6.97249 6.93445
      vertex 11.6499 6.91327 0
    endloop
  endfacet
  facet normal 0.803217 -0.595687 0
    outer loop
      vertex 12.7055 7.77962 45
      vertex 12.9101 8.0555 0
      vertex 12.9101 8.0555 45
    endloop
  endfacet
  facet normal 0.803217 -0.595687 0
    outer loop
      vertex 12.9101 8.0555 0
      vertex 12.7055 7.77962 45
      vertex 12.7055 7.77962 0
    endloop
  endfacet
  facet normal 0.14676 0.989172 -0
    outer loop
      vertex 10.6828 13.4327 3
      vertex 10.3431 13.4831 45
      vertex 10.6828 13.4327 45
    endloop
  endfacet
  facet normal 0.146883 0.989154 1.01561e-06
    outer loop
      vertex 10.5003 13.4598 3
      vertex 10.3431 13.4831 45
      vertex 10.6828 13.4327 3
    endloop
  endfacet
  facet normal 0.14676 0.989172 0
    outer loop
      vertex 10.3431 13.4831 0
      vertex 10.6828 13.4327 2.92526
      vertex 10.6828 13.4327 0
    endloop
  endfacet
  facet normal 0.146617 0.989193 0
    outer loop
      vertex 10.5003 13.4598 3
      vertex 10.3431 13.4831 0
      vertex 10.3431 13.4831 45
    endloop
  endfacet
  facet normal 0.146877 0.989155 -1.39198e-05
    outer loop
      vertex 10.6828 13.4327 2.92526
      vertex 10.3431 13.4831 0
      vertex 10.5003 13.4598 3
    endloop
  endfacet
  facet normal -0.595687 0.803217 0
    outer loop
      vertex 8.0555 12.9101 0
      vertex 7.77962 12.7055 45
      vertex 8.0555 12.9101 45
    endloop
  endfacet
  facet normal -0.595687 0.803217 0
    outer loop
      vertex 7.77962 12.7055 45
      vertex 8.0555 12.9101 0
      vertex 7.77962 12.7055 0
    endloop
  endfacet
  facet normal -0.803237 0.595659 0
    outer loop
      vertex 7.08986 11.9445 0
      vertex 7.29446 12.2204 45
      vertex 7.29446 12.2204 0
    endloop
  endfacet
  facet normal -0.803237 0.595659 0
    outer loop
      vertex 7.29446 12.2204 45
      vertex 7.08986 11.9445 0
      vertex 7.08986 11.9445 45
    endloop
  endfacet
  facet normal 0.989176 -0.146734 0
    outer loop
      vertex 13.4327 9.31718 45
      vertex 13.4831 9.65694 0
      vertex 13.4831 9.65694 45
    endloop
  endfacet
  facet normal 0.989176 -0.146734 0
    outer loop
      vertex 13.4831 9.65694 0
      vertex 13.4327 9.31718 45
      vertex 13.4327 9.31718 0
    endloop
  endfacet
  facet normal -0.941548 0.336879 0
    outer loop
      vertex 6.65071 11.016 0
      vertex 6.76642 11.3394 7.65535
      vertex 6.76642 11.3394 0
    endloop
  endfacet
  facet normal -0.941548 0.336879 0
    outer loop
      vertex 6.76642 11.3394 7.65535
      vertex 6.65071 11.016 0
      vertex 6.65071 11.016 8.15966
    endloop
  endfacet
  facet normal -0.941548 0.336879 0
    outer loop
      vertex 6.65071 11.016 45
      vertex 6.76642 11.3394 39.3446
      vertex 6.65071 11.016 38.8403
    endloop
  endfacet
  facet normal -0.941548 0.336879 0
    outer loop
      vertex 6.76642 11.3394 39.3446
      vertex 6.65071 11.016 45
      vertex 6.76642 11.3394 45
    endloop
  endfacet
  facet normal 0.427661 0.903939 -0
    outer loop
      vertex 11.6499 13.0867 3
      vertex 11.3394 13.2336 45
      vertex 11.6499 13.0867 45
    endloop
  endfacet
  facet normal 0.427661 0.903939 0
    outer loop
      vertex 11.3394 13.2336 45
      vertex 11.6499 13.0867 3
      vertex 11.3394 13.2336 3
    endloop
  endfacet
  facet normal 0.427661 0.903939 0
    outer loop
      vertex 11.3394 13.2336 0
      vertex 11.6499 13.0867 2.60114
      vertex 11.6499 13.0867 0
    endloop
  endfacet
  facet normal 0.427508 0.904011 2.229e-05
    outer loop
      vertex 11.6499 13.0867 2.60114
      vertex 11.3394 13.2336 0
      vertex 11.4101 13.2001 2.67171
    endloop
  endfacet
  facet normal 0.428196 0.903686 0
    outer loop
      vertex 11.4101 13.2001 2.67171
      vertex 11.3394 13.2336 0
      vertex 11.3394 13.2336 2.69253
    endloop
  endfacet
  facet normal -0.941545 -0.336888 -0
    outer loop
      vertex 6.76642 8.66061 45
      vertex 6.65071 8.984 36.167
      vertex 6.76642 8.66061 35.7715
    endloop
  endfacet
  facet normal -0.941545 -0.336888 0
    outer loop
      vertex 6.65071 8.984 36.167
      vertex 6.76642 8.66061 45
      vertex 6.65071 8.984 45
    endloop
  endfacet
  facet normal -0.941545 -0.336888 0
    outer loop
      vertex 6.76642 8.66061 0
      vertex 6.65071 8.984 10.833
      vertex 6.65071 8.984 0
    endloop
  endfacet
  facet normal -0.941545 -0.336888 0
    outer loop
      vertex 6.65071 8.984 10.833
      vertex 6.76642 8.66061 0
      vertex 6.76642 8.66061 11.2285
    endloop
  endfacet
  facet normal 0.970071 -0.242823 0
    outer loop
      vertex 13.3493 8.984 45
      vertex 13.4327 9.31718 0
      vertex 13.4327 9.31718 45
    endloop
  endfacet
  facet normal 0.970071 -0.242823 0
    outer loop
      vertex 13.4327 9.31718 0
      vertex 13.3493 8.984 45
      vertex 13.3493 8.984 0
    endloop
  endfacet
  facet normal -0.0492029 0.998789 0
    outer loop
      vertex 10 13.5 0
      vertex 9.65694 13.4831 45
      vertex 10 13.5 45
    endloop
  endfacet
  facet normal -0.0492029 0.998789 0
    outer loop
      vertex 9.65694 13.4831 45
      vertex 10 13.5 0
      vertex 9.65694 13.4831 0
    endloop
  endfacet
  facet normal 0.671454 0.741046 -0
    outer loop
      vertex 12.4749 12.4749 3
      vertex 12.2204 12.7055 45
      vertex 12.4749 12.4749 45
    endloop
  endfacet
  facet normal 0.671454 0.741046 0
    outer loop
      vertex 12.2204 12.7055 45
      vertex 12.4749 12.4749 3
      vertex 12.2204 12.7055 3
    endloop
  endfacet
  facet normal 0.671454 0.741046 0
    outer loop
      vertex 12.2204 12.7055 0
      vertex 12.4749 12.4749 2.47427
      vertex 12.4749 12.4749 0
    endloop
  endfacet
  facet normal 0.671454 0.741046 0
    outer loop
      vertex 12.4749 12.4749 2.47427
      vertex 12.2204 12.7055 0
      vertex 12.2204 12.7055 2.49373
    endloop
  endfacet
  facet normal -0.427661 0.903939 0
    outer loop
      vertex 8.66061 13.2336 0
      vertex 8.35011 13.0867 45
      vertex 8.66061 13.2336 45
    endloop
  endfacet
  facet normal -0.427661 0.903939 0
    outer loop
      vertex 8.35011 13.0867 45
      vertex 8.66061 13.2336 0
      vertex 8.35011 13.0867 0
    endloop
  endfacet
  facet normal -0.671469 0.741033 0
    outer loop
      vertex 7.77962 12.7055 0
      vertex 7.52513 12.4749 45
      vertex 7.77962 12.7055 45
    endloop
  endfacet
  facet normal -0.671469 0.741033 0
    outer loop
      vertex 7.52513 12.4749 45
      vertex 7.77962 12.7055 0
      vertex 7.52513 12.4749 0
    endloop
  endfacet
  facet normal 0.336879 -0.941548 0
    outer loop
      vertex 11.016 6.65071 45
      vertex 11.3394 6.76642 39.3446
      vertex 11.3394 6.76642 45
    endloop
  endfacet
  facet normal 0.336879 -0.941548 0
    outer loop
      vertex 11.3394 6.76642 39.3446
      vertex 11.016 6.65071 45
      vertex 11.016 6.65071 38.8403
    endloop
  endfacet
  facet normal 0.336879 -0.941548 0
    outer loop
      vertex 11.016 6.65071 0
      vertex 11.3394 6.76642 7.65535
      vertex 11.016 6.65071 8.15966
    endloop
  endfacet
  facet normal 0.336879 -0.941548 0
    outer loop
      vertex 11.3394 6.76642 7.65535
      vertex 11.016 6.65071 0
      vertex 11.3394 6.76642 0
    endloop
  endfacet
  facet normal -0.336862 0.941554 0
    outer loop
      vertex 8.984 13.3493 0
      vertex 8.66061 13.2336 45
      vertex 8.984 13.3493 45
    endloop
  endfacet
  facet normal -0.336862 0.941554 0
    outer loop
      vertex 8.66061 13.2336 45
      vertex 8.984 13.3493 0
      vertex 8.66061 13.2336 0
    endloop
  endfacet
  facet normal 0.803237 0.595659 0
    outer loop
      vertex 12.9101 11.9445 45
      vertex 12.7055 12.2204 3
      vertex 12.7055 12.2204 45
    endloop
  endfacet
  facet normal 0.803237 0.595659 0
    outer loop
      vertex 12.7055 12.2204 3
      vertex 12.9101 11.9445 45
      vertex 12.9101 11.9445 3
    endloop
  endfacet
  facet normal 0.803237 0.595659 -0
    outer loop
      vertex 12.9101 11.9445 0
      vertex 12.7055 12.2204 2.49373
      vertex 12.9101 11.9445 2.53246
    endloop
  endfacet
  facet normal 0.803237 0.595659 0
    outer loop
      vertex 12.7055 12.2204 2.49373
      vertex 12.9101 11.9445 0
      vertex 12.7055 12.2204 0
    endloop
  endfacet
  facet normal -0.857705 0.514141 0
    outer loop
      vertex 7.08986 11.9445 0
      vertex 6.97249 11.7487 6.93445
      vertex 7.08986 11.9445 45
    endloop
  endfacet
  facet normal -0.857711 0.514132 -3.6947e-07
    outer loop
      vertex 6.91327 11.6499 0
      vertex 6.97249 11.7487 6.93445
      vertex 7.08986 11.9445 0
    endloop
  endfacet
  facet normal -0.857723 0.514113 0
    outer loop
      vertex 6.97249 11.7487 6.93445
      vertex 6.91327 11.6499 0
      vertex 6.91327 11.6499 7.1216
    endloop
  endfacet
  facet normal -0.857705 0.514141 0
    outer loop
      vertex 6.97249 11.7487 40.0655
      vertex 7.08986 11.9445 45
      vertex 6.97249 11.7487 6.93445
    endloop
  endfacet
  facet normal -0.857723 0.514113 0
    outer loop
      vertex 6.91327 11.6499 45
      vertex 6.97249 11.7487 40.0655
      vertex 6.91327 11.6499 39.8784
    endloop
  endfacet
  facet normal -0.857711 0.514132 5.19216e-07
    outer loop
      vertex 6.97249 11.7487 40.0655
      vertex 6.91327 11.6499 45
      vertex 7.08986 11.9445 45
    endloop
  endfacet
  facet normal 0.998789 -0.0492029 0
    outer loop
      vertex 13.4831 9.65694 45
      vertex 13.5 10 0
      vertex 13.5 10 45
    endloop
  endfacet
  facet normal 0.998789 -0.0492029 0
    outer loop
      vertex 13.5 10 0
      vertex 13.4831 9.65694 45
      vertex 13.4831 9.65694 0
    endloop
  endfacet
  facet normal 0.903939 -0.427661 0
    outer loop
      vertex 13.0867 8.35011 45
      vertex 13.2336 8.66061 0
      vertex 13.2336 8.66061 45
    endloop
  endfacet
  facet normal 0.903939 -0.427661 0
    outer loop
      vertex 13.2336 8.66061 0
      vertex 13.0867 8.35011 45
      vertex 13.0867 8.35011 0
    endloop
  endfacet
  facet normal 0.857698 0.514153 0
    outer loop
      vertex 13.0867 11.6499 45
      vertex 12.9101 11.9445 3
      vertex 12.9101 11.9445 45
    endloop
  endfacet
  facet normal 0.857698 0.514153 0
    outer loop
      vertex 12.9101 11.9445 3
      vertex 13.0867 11.6499 45
      vertex 13.0867 11.6499 3
    endloop
  endfacet
  facet normal 0.857745 0.514075 1.23447e-05
    outer loop
      vertex 13.0867 11.6499 0
      vertex 12.9101 11.9445 2.53246
      vertex 12.9638 11.8549 2.54999
    endloop
  endfacet
  facet normal 0.857677 0.514188 -0
    outer loop
      vertex 13.0867 11.6499 0
      vertex 12.9638 11.8549 2.54999
      vertex 13.0867 11.6499 2.60114
    endloop
  endfacet
  facet normal 0.857698 0.514153 0
    outer loop
      vertex 12.9101 11.9445 2.53246
      vertex 13.0867 11.6499 0
      vertex 12.9101 11.9445 0
    endloop
  endfacet
  facet normal 0 0 1
    outer loop
      vertex 11.3 10 45
      vertex 13.5 10 45
      vertex 13.4831 10.3431 45
    endloop
  endfacet
  facet normal 0 0 1
    outer loop
      vertex 11.2937 10.1274 45
      vertex 13.4831 10.3431 45
      vertex 13.4327 10.6828 45
    endloop
  endfacet
  facet normal 0 0 1
    outer loop
      vertex 13.5 10 45
      vertex 11.3 10 45
      vertex 13.4831 9.65694 45
    endloop
  endfacet
  facet normal 0 0 1
    outer loop
      vertex 11.275 10.2536 45
      vertex 13.4327 10.6828 45
      vertex 13.3493 11.016 45
    endloop
  endfacet
  facet normal -0 0 1
    outer loop
      vertex 11.2937 9.87258 45
      vertex 13.4831 9.65694 45
      vertex 11.3 10 45
    endloop
  endfacet
  facet normal 0 0 1
    outer loop
      vertex 11.244 10.3774 45
      vertex 13.3493 11.016 45
      vertex 13.2336 11.3394 45
    endloop
  endfacet
  facet normal 0 0 1
    outer loop
      vertex 13.4831 9.65694 45
      vertex 11.2937 9.87258 45
      vertex 13.4327 9.31718 45
    endloop
  endfacet
  facet normal 0 0 1
    outer loop
      vertex 11.201 10.4975 45
      vertex 13.2336 11.3394 45
      vertex 13.0867 11.6499 45
    endloop
  endfacet
  facet normal -0 0 1
    outer loop
      vertex 11.275 9.74638 45
      vertex 13.4327 9.31718 45
      vertex 11.2937 9.87258 45
    endloop
  endfacet
  facet normal 0 0 1
    outer loop
      vertex 11.1465 10.6128 45
      vertex 13.0867 11.6499 45
      vertex 12.9101 11.9445 45
    endloop
  endfacet
  facet normal 0 0 1
    outer loop
      vertex 13.4327 9.31718 45
      vertex 11.275 9.74638 45
      vertex 13.3493 8.984 45
    endloop
  endfacet
  facet normal 0 0 1
    outer loop
      vertex 11.0809 10.7222 45
      vertex 12.9101 11.9445 45
      vertex 12.7055 12.2204 45
    endloop
  endfacet
  facet normal -0 0 1
    outer loop
      vertex 11.244 9.62263 45
      vertex 13.3493 8.984 45
      vertex 11.275 9.74638 45
    endloop
  endfacet
  facet normal 0 0 1
    outer loop
      vertex 11.0049 10.8247 45
      vertex 12.7055 12.2204 45
      vertex 12.4749 12.4749 45
    endloop
  endfacet
  facet normal 0 0 1
    outer loop
      vertex 13.3493 8.984 45
      vertex 11.244 9.62263 45
      vertex 13.2336 8.66061 45
    endloop
  endfacet
  facet normal 0 0 1
    outer loop
      vertex 10.9192 10.9192 45
      vertex 12.4749 12.4749 45
      vertex 12.2204 12.7055 45
    endloop
  endfacet
  facet normal -0 0 1
    outer loop
      vertex 11.201 9.50251 45
      vertex 13.2336 8.66061 45
      vertex 11.244 9.62263 45
    endloop
  endfacet
  facet normal 0 0 1
    outer loop
      vertex 10.8247 11.0049 45
      vertex 12.2204 12.7055 45
      vertex 11.9445 12.9101 45
    endloop
  endfacet
  facet normal 0 0 1
    outer loop
      vertex 13.2336 8.66061 45
      vertex 11.201 9.50251 45
      vertex 13.0867 8.35011 45
    endloop
  endfacet
  facet normal 0 0 1
    outer loop
      vertex 10.7222 11.0809 45
      vertex 11.9445 12.9101 45
      vertex 11.6499 13.0867 45
    endloop
  endfacet
  facet normal -0 0 1
    outer loop
      vertex 11.1465 9.38718 45
      vertex 13.0867 8.35011 45
      vertex 11.201 9.50251 45
    endloop
  endfacet
  facet normal 0 0 1
    outer loop
      vertex 10.6128 11.1465 45
      vertex 11.6499 13.0867 45
      vertex 11.3394 13.2336 45
    endloop
  endfacet
  facet normal 0 0 1
    outer loop
      vertex 13.0867 8.35011 45
      vertex 11.1465 9.38718 45
      vertex 12.9101 8.0555 45
    endloop
  endfacet
  facet normal -0 0 1
    outer loop
      vertex 11.0809 9.27776 45
      vertex 12.9101 8.0555 45
      vertex 11.1465 9.38718 45
    endloop
  endfacet
  facet normal 0 0 1
    outer loop
      vertex 13.4831 10.3431 45
      vertex 11.2937 10.1274 45
      vertex 11.3 10 45
    endloop
  endfacet
  facet normal 0 0 1
    outer loop
      vertex 13.4327 10.6828 45
      vertex 11.275 10.2536 45
      vertex 11.2937 10.1274 45
    endloop
  endfacet
  facet normal 0 0 1
    outer loop
      vertex 13.3493 11.016 45
      vertex 11.244 10.3774 45
      vertex 11.275 10.2536 45
    endloop
  endfacet
  facet normal 0 0 1
    outer loop
      vertex 13.2336 11.3394 45
      vertex 11.201 10.4975 45
      vertex 11.244 10.3774 45
    endloop
  endfacet
  facet normal 0 0 1
    outer loop
      vertex 13.0867 11.6499 45
      vertex 11.1465 10.6128 45
      vertex 11.201 10.4975 45
    endloop
  endfacet
  facet normal 0 0 1
    outer loop
      vertex 12.9101 11.9445 45
      vertex 11.0809 10.7222 45
      vertex 11.1465 10.6128 45
    endloop
  endfacet
  facet normal 0 0 1
    outer loop
      vertex 10.4975 11.201 45
      vertex 11.3394 13.2336 45
      vertex 11.016 13.3493 45
    endloop
  endfacet
  facet normal 0 0 1
    outer loop
      vertex 12.7055 12.2204 45
      vertex 11.0049 10.8247 45
      vertex 11.0809 10.7222 45
    endloop
  endfacet
  facet normal 0 0 1
    outer loop
      vertex 12.4749 12.4749 45
      vertex 10.9192 10.9192 45
      vertex 11.0049 10.8247 45
    endloop
  endfacet
  facet normal 0 0 1
    outer loop
      vertex 12.2204 12.7055 45
      vertex 10.8247 11.0049 45
      vertex 10.9192 10.9192 45
    endloop
  endfacet
  facet normal 0 0 1
    outer loop
      vertex 11.9445 12.9101 45
      vertex 10.7222 11.0809 45
      vertex 10.8247 11.0049 45
    endloop
  endfacet
  facet normal 0 0 1
    outer loop
      vertex 10.3774 11.244 45
      vertex 11.016 13.3493 45
      vertex 10.6828 13.4327 45
    endloop
  endfacet
  facet normal 0 0 1
    outer loop
      vertex 11.6499 13.0867 45
      vertex 10.6128 11.1465 45
      vertex 10.7222 11.0809 45
    endloop
  endfacet
  facet normal 0 0 1
    outer loop
      vertex 11.3394 13.2336 45
      vertex 10.4975 11.201 45
      vertex 10.6128 11.1465 45
    endloop
  endfacet
  facet normal 0 0 1
    outer loop
      vertex 11.016 13.3493 45
      vertex 10.3774 11.244 45
      vertex 10.4975 11.201 45
    endloop
  endfacet
  facet normal 0 0 1
    outer loop
      vertex 10.2536 11.275 45
      vertex 10.6828 13.4327 45
      vertex 10.3431 13.4831 45
    endloop
  endfacet
  facet normal 0 0 1
    outer loop
      vertex 10.6828 13.4327 45
      vertex 10.2536 11.275 45
      vertex 10.3774 11.244 45
    endloop
  endfacet
  facet normal 0 0 1
    outer loop
      vertex 10.3431 13.4831 45
      vertex 10.1274 11.2937 45
      vertex 10.2536 11.275 45
    endloop
  endfacet
  facet normal 0 0 1
    outer loop
      vertex 10 13.5 45
      vertex 10.1274 11.2937 45
      vertex 10.3431 13.4831 45
    endloop
  endfacet
  facet normal 0 0 1
    outer loop
      vertex 10 13.5 45
      vertex 10 11.3 45
      vertex 10.1274 11.2937 45
    endloop
  endfacet
  facet normal 0 0 1
    outer loop
      vertex 10 13.5 45
      vertex 9.87258 11.2937 45
      vertex 10 11.3 45
    endloop
  endfacet
  facet normal -0 0 1
    outer loop
      vertex 9.65694 13.4831 45
      vertex 9.87258 11.2937 45
      vertex 10 13.5 45
    endloop
  endfacet
  facet normal 0 0 1
    outer loop
      vertex 9.87258 11.2937 45
      vertex 9.65694 13.4831 45
      vertex 9.74638 11.275 45
    endloop
  endfacet
  facet normal -0 0 1
    outer loop
      vertex 9.31718 13.4327 45
      vertex 9.74638 11.275 45
      vertex 9.65694 13.4831 45
    endloop
  endfacet
  facet normal 0 0 1
    outer loop
      vertex 9.74638 11.275 45
      vertex 9.31718 13.4327 45
      vertex 9.62263 11.244 45
    endloop
  endfacet
  facet normal -0 0 1
    outer loop
      vertex 8.984 13.3493 45
      vertex 9.62263 11.244 45
      vertex 9.31718 13.4327 45
    endloop
  endfacet
  facet normal 0 0 1
    outer loop
      vertex 9.62263 11.244 45
      vertex 8.984 13.3493 45
      vertex 9.50251 11.201 45
    endloop
  endfacet
  facet normal -0 0 1
    outer loop
      vertex 8.66061 13.2336 45
      vertex 9.50251 11.201 45
      vertex 8.984 13.3493 45
    endloop
  endfacet
  facet normal 0 0 1
    outer loop
      vertex 9.50251 11.201 45
      vertex 8.66061 13.2336 45
      vertex 9.38718 11.1465 45
    endloop
  endfacet
  facet normal -0 0 1
    outer loop
      vertex 8.35011 13.0867 45
      vertex 9.38718 11.1465 45
      vertex 8.66061 13.2336 45
    endloop
  endfacet
  facet normal 0 0 1
    outer loop
      vertex 9.38718 11.1465 45
      vertex 8.35011 13.0867 45
      vertex 9.27776 11.0809 45
    endloop
  endfacet
  facet normal -0 0 1
    outer loop
      vertex 8.0555 12.9101 45
      vertex 9.27776 11.0809 45
      vertex 8.35011 13.0867 45
    endloop
  endfacet
  facet normal 0 0 1
    outer loop
      vertex 9.27776 11.0809 45
      vertex 8.0555 12.9101 45
      vertex 9.17529 11.0049 45
    endloop
  endfacet
  facet normal -0 0 1
    outer loop
      vertex 7.77962 12.7055 45
      vertex 9.17529 11.0049 45
      vertex 8.0555 12.9101 45
    endloop
  endfacet
  facet normal 0 0 1
    outer loop
      vertex 9.17529 11.0049 45
      vertex 7.77962 12.7055 45
      vertex 9.08076 10.9192 45
    endloop
  endfacet
  facet normal -0 0 1
    outer loop
      vertex 7.52513 12.4749 45
      vertex 9.08076 10.9192 45
      vertex 7.77962 12.7055 45
    endloop
  endfacet
  facet normal 0 0 1
    outer loop
      vertex 9.08076 10.9192 45
      vertex 7.52513 12.4749 45
      vertex 8.99509 10.8247 45
    endloop
  endfacet
  facet normal -0 0 1
    outer loop
      vertex 7.29446 12.2204 45
      vertex 8.99509 10.8247 45
      vertex 7.52513 12.4749 45
    endloop
  endfacet
  facet normal -0 0 1
    outer loop
      vertex 7.08986 11.9445 45
      vertex 8.91909 10.7222 45
      vertex 7.29446 12.2204 45
    endloop
  endfacet
  facet normal 0 0 1
    outer loop
      vertex 8.99509 10.8247 45
      vertex 7.29446 12.2204 45
      vertex 8.91909 10.7222 45
    endloop
  endfacet
  facet normal 0 0 1
    outer loop
      vertex 12.9101 8.0555 45
      vertex 11.0809 9.27776 45
      vertex 12.7055 7.77962 45
    endloop
  endfacet
  facet normal -0 0 1
    outer loop
      vertex 11.0049 9.17529 45
      vertex 12.7055 7.77962 45
      vertex 11.0809 9.27776 45
    endloop
  endfacet
  facet normal 0 0 1
    outer loop
      vertex 12.7055 7.77962 45
      vertex 11.0049 9.17529 45
      vertex 12.4749 7.52513 45
    endloop
  endfacet
  facet normal -0 0 1
    outer loop
      vertex 10.9192 9.08076 45
      vertex 12.4749 7.52513 45
      vertex 11.0049 9.17529 45
    endloop
  endfacet
  facet normal 0 0 1
    outer loop
      vertex 12.4749 7.52513 45
      vertex 10.9192 9.08076 45
      vertex 12.2204 7.29446 45
    endloop
  endfacet
  facet normal -0 0 1
    outer loop
      vertex 10.8247 8.99509 45
      vertex 12.2204 7.29446 45
      vertex 10.9192 9.08076 45
    endloop
  endfacet
  facet normal 0 0 1
    outer loop
      vertex 12.2204 7.29446 45
      vertex 10.8247 8.99509 45
      vertex 11.9445 7.08986 45
    endloop
  endfacet
  facet normal -0 0 1
    outer loop
      vertex 10.7222 8.91909 45
      vertex 11.9445 7.08986 45
      vertex 10.8247 8.99509 45
    endloop
  endfacet
  facet normal 0 0 1
    outer loop
      vertex 11.9445 7.08986 45
      vertex 10.7222 8.91909 45
      vertex 11.6499 6.91327 45
    endloop
  endfacet
  facet normal -0 0 1
    outer loop
      vertex 10.6128 8.8535 45
      vertex 11.6499 6.91327 45
      vertex 10.7222 8.91909 45
    endloop
  endfacet
  facet normal 0 0 1
    outer loop
      vertex 11.6499 6.91327 45
      vertex 10.6128 8.8535 45
      vertex 11.3394 6.76642 45
    endloop
  endfacet
  facet normal -0 0 1
    outer loop
      vertex 10.4975 8.79896 45
      vertex 11.3394 6.76642 45
      vertex 10.6128 8.8535 45
    endloop
  endfacet
  facet normal 0 0 1
    outer loop
      vertex 11.3394 6.76642 45
      vertex 10.4975 8.79896 45
      vertex 11.016 6.65071 45
    endloop
  endfacet
  facet normal -0 0 1
    outer loop
      vertex 10.3774 8.75598 45
      vertex 11.016 6.65071 45
      vertex 10.4975 8.79896 45
    endloop
  endfacet
  facet normal 0 0 1
    outer loop
      vertex 11.016 6.65071 45
      vertex 10.3774 8.75598 45
      vertex 10.6828 6.56725 45
    endloop
  endfacet
  facet normal -0 0 1
    outer loop
      vertex 10.2536 8.72498 45
      vertex 10.6828 6.56725 45
      vertex 10.3774 8.75598 45
    endloop
  endfacet
  facet normal 0 0 1
    outer loop
      vertex 10.6828 6.56725 45
      vertex 10.2536 8.72498 45
      vertex 10.3431 6.51685 45
    endloop
  endfacet
  facet normal -0 0 1
    outer loop
      vertex 10.1274 8.70626 45
      vertex 10.3431 6.51685 45
      vertex 10.2536 8.72498 45
    endloop
  endfacet
  facet normal -0 0 1
    outer loop
      vertex 10 8.7 45
      vertex 10.3431 6.51685 45
      vertex 10.1274 8.70626 45
    endloop
  endfacet
  facet normal 0 0 1
    outer loop
      vertex 10 8.7 45
      vertex 10 6.5 45
      vertex 10.3431 6.51685 45
    endloop
  endfacet
  facet normal 0 0 1
    outer loop
      vertex 9.87258 8.70626 45
      vertex 10 6.5 45
      vertex 10 8.7 45
    endloop
  endfacet
  facet normal 0 0 1
    outer loop
      vertex 9.65694 6.51685 45
      vertex 9.87258 8.70626 45
      vertex 9.74638 8.72498 45
    endloop
  endfacet
  facet normal 0 0 1
    outer loop
      vertex 9.87258 8.70626 45
      vertex 9.65694 6.51685 45
      vertex 10 6.5 45
    endloop
  endfacet
  facet normal 0 0 1
    outer loop
      vertex 9.31718 6.56725 45
      vertex 9.74638 8.72498 45
      vertex 9.62263 8.75598 45
    endloop
  endfacet
  facet normal 0 0 1
    outer loop
      vertex 8.984 6.65071 45
      vertex 9.62263 8.75598 45
      vertex 9.50251 8.79896 45
    endloop
  endfacet
  facet normal 0 0 1
    outer loop
      vertex 8.66061 6.76642 45
      vertex 9.50251 8.79896 45
      vertex 9.38718 8.8535 45
    endloop
  endfacet
  facet normal 0 0 1
    outer loop
      vertex 9.74638 8.72498 45
      vertex 9.31718 6.56725 45
      vertex 9.65694 6.51685 45
    endloop
  endfacet
  facet normal 0 0 1
    outer loop
      vertex 8.35011 6.91327 45
      vertex 9.38718 8.8535 45
      vertex 9.27776 8.91909 45
    endloop
  endfacet
  facet normal 0 0 1
    outer loop
      vertex 8.0555 7.08986 45
      vertex 9.27776 8.91909 45
      vertex 9.17529 8.99509 45
    endloop
  endfacet
  facet normal 0 0 1
    outer loop
      vertex 7.77962 7.29446 45
      vertex 9.17529 8.99509 45
      vertex 9.08076 9.08076 45
    endloop
  endfacet
  facet normal 0 0 1
    outer loop
      vertex 7.52513 7.52513 45
      vertex 9.08076 9.08076 45
      vertex 8.99509 9.17529 45
    endloop
  endfacet
  facet normal 0 0 1
    outer loop
      vertex 9.62263 8.75598 45
      vertex 8.984 6.65071 45
      vertex 9.31718 6.56725 45
    endloop
  endfacet
  facet normal 0 0 1
    outer loop
      vertex 7.29446 7.77962 45
      vertex 8.99509 9.17529 45
      vertex 8.91909 9.27776 45
    endloop
  endfacet
  facet normal 0 0 1
    outer loop
      vertex 7.08986 8.0555 45
      vertex 8.91909 9.27776 45
      vertex 8.8535 9.38718 45
    endloop
  endfacet
  facet normal 0 0 1
    outer loop
      vertex 6.91327 8.35011 45
      vertex 8.8535 9.38718 45
      vertex 8.79896 9.50251 45
    endloop
  endfacet
  facet normal 0 0 1
    outer loop
      vertex 6.76642 8.66061 45
      vertex 8.79896 9.50251 45
      vertex 8.75598 9.62263 45
    endloop
  endfacet
  facet normal 0 0 1
    outer loop
      vertex 6.65071 8.984 45
      vertex 8.75598 9.62263 45
      vertex 8.72498 9.74638 45
    endloop
  endfacet
  facet normal 0 0 1
    outer loop
      vertex 6.56725 9.31718 45
      vertex 8.72498 9.74638 45
      vertex 8.70626 9.87258 45
    endloop
  endfacet
  facet normal 0 0 1
    outer loop
      vertex 9.50251 8.79896 45
      vertex 8.66061 6.76642 45
      vertex 8.984 6.65071 45
    endloop
  endfacet
  facet normal 0 0 1
    outer loop
      vertex 6.51685 9.65694 45
      vertex 8.70626 9.87258 45
      vertex 8.7 10 45
    endloop
  endfacet
  facet normal 0 0 1
    outer loop
      vertex 8.91909 10.7222 45
      vertex 7.08986 11.9445 45
      vertex 8.8535 10.6128 45
    endloop
  endfacet
  facet normal -0 0 1
    outer loop
      vertex 6.91327 11.6499 45
      vertex 8.8535 10.6128 45
      vertex 7.08986 11.9445 45
    endloop
  endfacet
  facet normal 0 0 1
    outer loop
      vertex 9.38718 8.8535 45
      vertex 8.35011 6.91327 45
      vertex 8.66061 6.76642 45
    endloop
  endfacet
  facet normal 0 0 1
    outer loop
      vertex 8.8535 10.6128 45
      vertex 6.91327 11.6499 45
      vertex 8.79896 10.4975 45
    endloop
  endfacet
  facet normal 0 0 1
    outer loop
      vertex 9.27776 8.91909 45
      vertex 8.0555 7.08986 45
      vertex 8.35011 6.91327 45
    endloop
  endfacet
  facet normal -0 0 1
    outer loop
      vertex 6.76642 11.3394 45
      vertex 8.79896 10.4975 45
      vertex 6.91327 11.6499 45
    endloop
  endfacet
  facet normal 0 0 1
    outer loop
      vertex 9.17529 8.99509 45
      vertex 7.77962 7.29446 45
      vertex 8.0555 7.08986 45
    endloop
  endfacet
  facet normal 0 0 1
    outer loop
      vertex 8.79896 10.4975 45
      vertex 6.76642 11.3394 45
      vertex 8.75598 10.3774 45
    endloop
  endfacet
  facet normal 0 0 1
    outer loop
      vertex 9.08076 9.08076 45
      vertex 7.52513 7.52513 45
      vertex 7.77962 7.29446 45
    endloop
  endfacet
  facet normal -0 0 1
    outer loop
      vertex 6.65071 11.016 45
      vertex 8.75598 10.3774 45
      vertex 6.76642 11.3394 45
    endloop
  endfacet
  facet normal 0 0 1
    outer loop
      vertex 8.99509 9.17529 45
      vertex 7.29446 7.77962 45
      vertex 7.52513 7.52513 45
    endloop
  endfacet
  facet normal 0 0 1
    outer loop
      vertex 8.75598 10.3774 45
      vertex 6.65071 11.016 45
      vertex 8.72498 10.2536 45
    endloop
  endfacet
  facet normal 0 0 1
    outer loop
      vertex 8.91909 9.27776 45
      vertex 7.08986 8.0555 45
      vertex 7.29446 7.77962 45
    endloop
  endfacet
  facet normal -0 0 1
    outer loop
      vertex 6.56725 10.6828 45
      vertex 8.72498 10.2536 45
      vertex 6.65071 11.016 45
    endloop
  endfacet
  facet normal 0 0 1
    outer loop
      vertex 8.8535 9.38718 45
      vertex 6.91327 8.35011 45
      vertex 7.08986 8.0555 45
    endloop
  endfacet
  facet normal 0 0 1
    outer loop
      vertex 8.72498 10.2536 45
      vertex 6.56725 10.6828 45
      vertex 8.70626 10.1274 45
    endloop
  endfacet
  facet normal 0 0 1
    outer loop
      vertex 8.79896 9.50251 45
      vertex 6.76642 8.66061 45
      vertex 6.91327 8.35011 45
    endloop
  endfacet
  facet normal -0 0 1
    outer loop
      vertex 6.51685 10.3431 45
      vertex 8.70626 10.1274 45
      vertex 6.56725 10.6828 45
    endloop
  endfacet
  facet normal 0 0 1
    outer loop
      vertex 8.75598 9.62263 45
      vertex 6.65071 8.984 45
      vertex 6.76642 8.66061 45
    endloop
  endfacet
  facet normal 0 0 1
    outer loop
      vertex 8.70626 10.1274 45
      vertex 6.51685 10.3431 45
      vertex 8.7 10 45
    endloop
  endfacet
  facet normal 0 0 1
    outer loop
      vertex 8.72498 9.74638 45
      vertex 6.56725 9.31718 45
      vertex 6.65071 8.984 45
    endloop
  endfacet
  facet normal 0 0 1
    outer loop
      vertex 6.5 10 45
      vertex 8.7 10 45
      vertex 6.51685 10.3431 45
    endloop
  endfacet
  facet normal 0 0 1
    outer loop
      vertex 8.70626 9.87258 45
      vertex 6.51685 9.65694 45
      vertex 6.56725 9.31718 45
    endloop
  endfacet
  facet normal 0 0 1
    outer loop
      vertex 8.7 10 45
      vertex 6.5 10 45
      vertex 6.51685 9.65694 45
    endloop
  endfacet
  facet normal -0.671581 -0.740931 0
    outer loop
      vertex 7.52513 7.52513 0
      vertex 7.77962 7.29446 11.8062
      vertex 7.52513 7.52513 11.8062
    endloop
  endfacet
  facet normal -0.671581 -0.740931 -0
    outer loop
      vertex 7.77962 7.29446 11.8062
      vertex 7.52513 7.52513 0
      vertex 7.77962 7.29446 0
    endloop
  endfacet
  facet normal -0.671581 -0.740931 0
    outer loop
      vertex 7.52513 7.52513 45
      vertex 7.77962 7.29446 35.1938
      vertex 7.77962 7.29446 45
    endloop
  endfacet
  facet normal -0.671581 -0.740931 0
    outer loop
      vertex 7.77962 7.29446 35.1938
      vertex 7.52513 7.52513 45
      vertex 7.52513 7.52513 35.1938
    endloop
  endfacet
  facet normal 0.595659 0.803237 -0
    outer loop
      vertex 12.2204 12.7055 3
      vertex 11.9445 12.9101 45
      vertex 12.2204 12.7055 45
    endloop
  endfacet
  facet normal 0.595659 0.803237 0
    outer loop
      vertex 11.9445 12.9101 45
      vertex 12.2204 12.7055 3
      vertex 11.9445 12.9101 3
    endloop
  endfacet
  facet normal 0.595659 0.803237 0
    outer loop
      vertex 11.9445 12.9101 0
      vertex 12.2204 12.7055 2.49373
      vertex 12.2204 12.7055 0
    endloop
  endfacet
  facet normal 0.595659 0.803237 0
    outer loop
      vertex 12.2204 12.7055 2.49373
      vertex 11.9445 12.9101 0
      vertex 11.9445 12.9101 2.53246
    endloop
  endfacet
  facet normal -0.514119 -0.857719 0
    outer loop
      vertex 8.0555 7.08986 45
      vertex 8.35011 6.91327 35.4986
      vertex 8.35011 6.91327 45
    endloop
  endfacet
  facet normal -0.514108 -0.857725 4.50549e-07
    outer loop
      vertex 8.0555 7.08986 45
      vertex 8.1451 7.03615 35.3958
      vertex 8.35011 6.91327 35.4986
    endloop
  endfacet
  facet normal -0.514144 -0.857704 0
    outer loop
      vertex 8.1451 7.03615 35.3958
      vertex 8.0555 7.08986 45
      vertex 8.0555 7.08986 35.3196
    endloop
  endfacet
  facet normal -0.514144 -0.857704 0
    outer loop
      vertex 8.0555 7.08986 0
      vertex 8.1451 7.03615 11.6042
      vertex 8.0555 7.08986 11.6804
    endloop
  endfacet
  facet normal -0.514108 -0.857725 -3.73196e-07
    outer loop
      vertex 8.0555 7.08986 0
      vertex 8.35011 6.91327 11.5014
      vertex 8.1451 7.03615 11.6042
    endloop
  endfacet
  facet normal -0.514119 -0.857719 -0
    outer loop
      vertex 8.35011 6.91327 11.5014
      vertex 8.0555 7.08986 0
      vertex 8.35011 6.91327 0
    endloop
  endfacet
  facet normal 0.514153 0.857698 -0
    outer loop
      vertex 11.9445 12.9101 3
      vertex 11.6499 13.0867 45
      vertex 11.9445 12.9101 45
    endloop
  endfacet
  facet normal 0.514153 0.857698 0
    outer loop
      vertex 11.6499 13.0867 45
      vertex 11.9445 12.9101 3
      vertex 11.6499 13.0867 3
    endloop
  endfacet
  facet normal 0.514153 0.857698 0
    outer loop
      vertex 11.6499 13.0867 0
      vertex 11.9445 12.9101 2.53246
      vertex 11.9445 12.9101 0
    endloop
  endfacet
  facet normal 0.514075 0.857745 1.23447e-05
    outer loop
      vertex 11.9445 12.9101 2.53246
      vertex 11.6499 13.0867 0
      vertex 11.8549 12.9638 2.54999
    endloop
  endfacet
  facet normal 0.514188 0.857677 0
    outer loop
      vertex 11.8549 12.9638 2.54999
      vertex 11.6499 13.0867 0
      vertex 11.6499 13.0867 2.60114
    endloop
  endfacet
  facet normal 0.14676 -0.989172 0
    outer loop
      vertex 10.3431 6.51685 45
      vertex 10.6828 6.56725 38.3703
      vertex 10.6828 6.56725 45
    endloop
  endfacet
  facet normal 0.14676 -0.989172 0
    outer loop
      vertex 10.6828 6.56725 38.3703
      vertex 10.3431 6.51685 45
      vertex 10.3431 6.51685 37.9391
    endloop
  endfacet
  facet normal 0.14676 -0.989172 0
    outer loop
      vertex 10.3431 6.51685 0
      vertex 10.6828 6.56725 8.62967
      vertex 10.3431 6.51685 9.06086
    endloop
  endfacet
  facet normal 0.14676 -0.989172 0
    outer loop
      vertex 10.6828 6.56725 8.62967
      vertex 10.3431 6.51685 0
      vertex 10.6828 6.56725 0
    endloop
  endfacet
  facet normal 0.941557 0.336853 0
    outer loop
      vertex 13.3493 11.016 45
      vertex 13.2336 11.3394 3
      vertex 13.2336 11.3394 45
    endloop
  endfacet
  facet normal 0.941557 0.336853 0
    outer loop
      vertex 13.2336 11.3394 3
      vertex 13.3493 11.016 45
      vertex 13.3493 11.016 3
    endloop
  endfacet
  facet normal 0.941557 0.336853 -0
    outer loop
      vertex 13.3493 11.016 0
      vertex 13.2336 11.3394 2.69253
      vertex 13.3493 11.016 2.80092
    endloop
  endfacet
  facet normal 0.941557 0.336853 0
    outer loop
      vertex 13.2336 11.3394 2.69253
      vertex 13.3493 11.016 0
      vertex 13.2336 11.3394 0
    endloop
  endfacet
  facet normal 0.857706 -0.51414 0
    outer loop
      vertex 12.9101 8.0555 45
      vertex 13.0867 8.35011 0
      vertex 13.0867 8.35011 45
    endloop
  endfacet
  facet normal 0.857706 -0.51414 0
    outer loop
      vertex 13.0867 8.35011 0
      vertex 12.9101 8.0555 45
      vertex 12.9101 8.0555 0
    endloop
  endfacet
  facet normal -0.998796 -0.0490576 -0
    outer loop
      vertex 6.51685 9.65694 45
      vertex 6.5 10 37.5509
      vertex 6.51685 9.65694 37.2095
    endloop
  endfacet
  facet normal -0.998796 -0.0490576 0
    outer loop
      vertex 6.5 10 37.5509
      vertex 6.51685 9.65694 45
      vertex 6.5 10 45
    endloop
  endfacet
  facet normal -0.998796 -0.0490576 0
    outer loop
      vertex 6.51685 9.65694 0
      vertex 6.5 10 9.44906
      vertex 6.5 10 0
    endloop
  endfacet
  facet normal -0.998796 -0.0490576 0
    outer loop
      vertex 6.5 10 9.44906
      vertex 6.51685 9.65694 0
      vertex 6.51685 9.65694 9.79055
    endloop
  endfacet
  facet normal 0.941554 -0.336862 0
    outer loop
      vertex 13.2336 8.66061 45
      vertex 13.3493 8.984 0
      vertex 13.3493 8.984 45
    endloop
  endfacet
  facet normal 0.941554 -0.336862 0
    outer loop
      vertex 13.3493 8.984 0
      vertex 13.2336 8.66061 45
      vertex 13.2336 8.66061 0
    endloop
  endfacet
  facet normal 0.741046 0.671454 0
    outer loop
      vertex 12.7055 12.2204 45
      vertex 12.4749 12.4749 3
      vertex 12.4749 12.4749 45
    endloop
  endfacet
  facet normal 0.741046 0.671454 0
    outer loop
      vertex 12.4749 12.4749 3
      vertex 12.7055 12.2204 45
      vertex 12.7055 12.2204 3
    endloop
  endfacet
  facet normal 0.741046 0.671454 -0
    outer loop
      vertex 12.7055 12.2204 0
      vertex 12.4749 12.4749 2.47427
      vertex 12.7055 12.2204 2.49373
    endloop
  endfacet
  facet normal 0.741046 0.671454 0
    outer loop
      vertex 12.4749 12.4749 2.47427
      vertex 12.7055 12.2204 0
      vertex 12.4749 12.4749 0
    endloop
  endfacet
  facet normal 0.0491971 0.998789 -0
    outer loop
      vertex 10.3431 13.4831 0
      vertex 10 13.5 45
      vertex 10.3431 13.4831 45
    endloop
  endfacet
  facet normal 0.0491971 0.998789 0
    outer loop
      vertex 10 13.5 45
      vertex 10.3431 13.4831 0
      vertex 10 13.5 0
    endloop
  endfacet
  facet normal 0.903939 0.427661 0
    outer loop
      vertex 13.2336 11.3394 45
      vertex 13.0867 11.6499 3
      vertex 13.0867 11.6499 45
    endloop
  endfacet
  facet normal 0.903939 0.427661 0
    outer loop
      vertex 13.0867 11.6499 3
      vertex 13.2336 11.3394 45
      vertex 13.2336 11.3394 3
    endloop
  endfacet
  facet normal 0.904011 0.427508 2.229e-05
    outer loop
      vertex 13.2336 11.3394 0
      vertex 13.0867 11.6499 2.60114
      vertex 13.2001 11.4101 2.67171
    endloop
  endfacet
  facet normal 0.903686 0.428196 -0
    outer loop
      vertex 13.2336 11.3394 0
      vertex 13.2001 11.4101 2.67171
      vertex 13.2336 11.3394 2.69253
    endloop
  endfacet
  facet normal 0.903939 0.427661 0
    outer loop
      vertex 13.0867 11.6499 2.60114
      vertex 13.2336 11.3394 0
      vertex 13.0867 11.6499 0
    endloop
  endfacet
  facet normal -0.146734 -0.989176 0
    outer loop
      vertex 9.31718 6.56725 45
      vertex 9.65694 6.51685 37.2095
      vertex 9.65694 6.51685 45
    endloop
  endfacet
  facet normal -0.146734 -0.989176 3.68926e-08
    outer loop
      vertex 9.31718 6.56725 45
      vertex 9.55609 6.53181 37.1229
      vertex 9.65694 6.51685 37.2095
    endloop
  endfacet
  facet normal -0.146735 -0.989176 0
    outer loop
      vertex 9.55609 6.53181 37.1229
      vertex 9.31718 6.56725 45
      vertex 9.31718 6.56725 36.6813
    endloop
  endfacet
  facet normal -0.146735 -0.989176 0
    outer loop
      vertex 9.31718 6.56725 0
      vertex 9.55609 6.53181 9.87707
      vertex 9.31718 6.56725 10.3187
    endloop
  endfacet
  facet normal -0.146734 -0.989176 -2.95749e-08
    outer loop
      vertex 9.31718 6.56725 0
      vertex 9.65694 6.51685 9.79055
      vertex 9.55609 6.53181 9.87707
    endloop
  endfacet
  facet normal -0.146734 -0.989176 -0
    outer loop
      vertex 9.65694 6.51685 9.79055
      vertex 9.31718 6.56725 0
      vertex 9.65694 6.51685 0
    endloop
  endfacet
  facet normal 0.671566 -0.740944 0
    outer loop
      vertex 12.2204 7.29446 0
      vertex 12.4749 7.52513 45
      vertex 12.2204 7.29446 45
    endloop
  endfacet
  facet normal 0.671566 -0.740944 0
    outer loop
      vertex 12.4749 7.52513 45
      vertex 12.2204 7.29446 0
      vertex 12.4749 7.52513 0
    endloop
  endfacet
  facet normal -0.0490576 -0.998796 0
    outer loop
      vertex 9.65694 6.51685 0
      vertex 10 6.5 9.44906
      vertex 9.65694 6.51685 9.79055
    endloop
  endfacet
  facet normal -0.0490576 -0.998796 -0
    outer loop
      vertex 10 6.5 9.44906
      vertex 9.65694 6.51685 0
      vertex 10 6.5 0
    endloop
  endfacet
  facet normal -0.0490576 -0.998796 0
    outer loop
      vertex 9.65694 6.51685 45
      vertex 10 6.5 37.5509
      vertex 10 6.5 45
    endloop
  endfacet
  facet normal -0.0490576 -0.998796 0
    outer loop
      vertex 10 6.5 37.5509
      vertex 9.65694 6.51685 45
      vertex 9.65694 6.51685 37.2095
    endloop
  endfacet
  facet normal -0.740944 0.671566 0
    outer loop
      vertex 7.29446 12.2204 0
      vertex 7.52513 12.4749 45
      vertex 7.52513 12.4749 0
    endloop
  endfacet
  facet normal -0.740944 0.671566 0
    outer loop
      vertex 7.52513 12.4749 45
      vertex 7.29446 12.2204 0
      vertex 7.29446 12.2204 45
    endloop
  endfacet
  facet normal -0.146734 0.989176 0
    outer loop
      vertex 9.65694 13.4831 0
      vertex 9.31718 13.4327 45
      vertex 9.65694 13.4831 45
    endloop
  endfacet
  facet normal -0.146734 0.989176 0
    outer loop
      vertex 9.31718 13.4327 45
      vertex 9.65694 13.4831 0
      vertex 9.31718 13.4327 0
    endloop
  endfacet
  facet normal -0.903996 0.427542 0
    outer loop
      vertex 6.76642 11.3394 0
      vertex 6.91327 11.6499 7.1216
      vertex 6.91327 11.6499 0
    endloop
  endfacet
  facet normal -0.903996 0.427542 0
    outer loop
      vertex 6.91327 11.6499 7.1216
      vertex 6.76642 11.3394 0
      vertex 6.76642 11.3394 7.65535
    endloop
  endfacet
  facet normal -0.903996 0.427542 0
    outer loop
      vertex 6.76642 11.3394 45
      vertex 6.91327 11.6499 39.8784
      vertex 6.76642 11.3394 39.3446
    endloop
  endfacet
  facet normal -0.903996 0.427542 0
    outer loop
      vertex 6.91327 11.6499 39.8784
      vertex 6.76642 11.3394 45
      vertex 6.91327 11.6499 45
    endloop
  endfacet
  facet normal -0.970032 0.242976 1.25127e-07
    outer loop
      vertex 6.56725 10.6828 45
      vertex 6.65071 11.016 38.8403
      vertex 6.61439 10.871 38.6358
    endloop
  endfacet
  facet normal -0.970033 0.242972 0
    outer loop
      vertex 6.56725 10.6828 45
      vertex 6.61439 10.871 38.6358
      vertex 6.56725 10.6828 38.3703
    endloop
  endfacet
  facet normal -0.970033 0.242974 0
    outer loop
      vertex 6.65071 11.016 38.8403
      vertex 6.56725 10.6828 45
      vertex 6.65071 11.016 45
    endloop
  endfacet
  facet normal -0.970033 0.242974 0
    outer loop
      vertex 6.56725 10.6828 0
      vertex 6.65071 11.016 8.15966
      vertex 6.65071 11.016 0
    endloop
  endfacet
  facet normal -0.970032 0.242976 -9.61272e-08
    outer loop
      vertex 6.65071 11.016 8.15966
      vertex 6.56725 10.6828 0
      vertex 6.61439 10.871 8.36419
    endloop
  endfacet
  facet normal -0.970033 0.242972 0
    outer loop
      vertex 6.61439 10.871 8.36419
      vertex 6.56725 10.6828 0
      vertex 6.56725 10.6828 8.62967
    endloop
  endfacet
  facet normal 0.24281 0.970074 0
    outer loop
      vertex 10.6828 13.4327 0
      vertex 11.016 13.3493 2.80092
      vertex 11.016 13.3493 0
    endloop
  endfacet
  facet normal 0.24281 0.970074 0
    outer loop
      vertex 11.016 13.3493 2.80092
      vertex 10.6828 13.4327 0
      vertex 10.6828 13.4327 2.92526
    endloop
  endfacet
  facet normal 0.24281 0.970074 -0
    outer loop
      vertex 11.016 13.3493 3
      vertex 10.6828 13.4327 45
      vertex 11.016 13.3493 45
    endloop
  endfacet
  facet normal 0.24281 0.970074 0
    outer loop
      vertex 10.6828 13.4327 45
      vertex 11.016 13.3493 3
      vertex 10.6828 13.4327 3
    endloop
  endfacet
  facet normal -0.970029 -0.242988 0
    outer loop
      vertex 6.65071 8.984 0
      vertex 6.56725 9.31718 10.3187
      vertex 6.56725 9.31718 0
    endloop
  endfacet
  facet normal -0.970029 -0.242988 0
    outer loop
      vertex 6.56725 9.31718 10.3187
      vertex 6.65071 8.984 0
      vertex 6.65071 8.984 10.833
    endloop
  endfacet
  facet normal -0.970029 -0.242988 -0
    outer loop
      vertex 6.65071 8.984 45
      vertex 6.56725 9.31718 36.6813
      vertex 6.65071 8.984 36.167
    endloop
  endfacet
  facet normal -0.970029 -0.242988 0
    outer loop
      vertex 6.56725 9.31718 36.6813
      vertex 6.65071 8.984 45
      vertex 6.56725 9.31718 45
    endloop
  endfacet
  facet normal -0.427542 -0.903996 0
    outer loop
      vertex 8.35011 6.91327 0
      vertex 8.66061 6.76642 11.2285
      vertex 8.35011 6.91327 11.5014
    endloop
  endfacet
  facet normal -0.427542 -0.903996 -0
    outer loop
      vertex 8.66061 6.76642 11.2285
      vertex 8.35011 6.91327 0
      vertex 8.66061 6.76642 0
    endloop
  endfacet
  facet normal -0.427542 -0.903996 0
    outer loop
      vertex 8.35011 6.91327 45
      vertex 8.66061 6.76642 35.7715
      vertex 8.66061 6.76642 45
    endloop
  endfacet
  facet normal -0.427542 -0.903996 0
    outer loop
      vertex 8.66061 6.76642 35.7715
      vertex 8.35011 6.91327 45
      vertex 8.35011 6.91327 35.4986
    endloop
  endfacet
  facet normal -0.740931 -0.671581 0
    outer loop
      vertex 7.52513 7.52513 35.1938
      vertex 7.29446 7.77962 45
      vertex 7.29446 7.77962 35.1938
    endloop
  endfacet
  facet normal -0.740931 -0.671581 0
    outer loop
      vertex 7.29446 7.77962 45
      vertex 7.52513 7.52513 35.1938
      vertex 7.52513 7.52513 45
    endloop
  endfacet
  facet normal -0.740931 -0.671581 0
    outer loop
      vertex 7.52513 7.52513 0
      vertex 7.29446 7.77962 11.8062
      vertex 7.29446 7.77962 0
    endloop
  endfacet
  facet normal -0.740931 -0.671581 0
    outer loop
      vertex 7.29446 7.77962 11.8062
      vertex 7.52513 7.52513 0
      vertex 7.52513 7.52513 11.8062
    endloop
  endfacet
  facet normal 0.427542 -0.903996 0
    outer loop
      vertex 11.3394 6.76642 45
      vertex 11.6499 6.91327 39.8784
      vertex 11.6499 6.91327 45
    endloop
  endfacet
  facet normal 0.427542 -0.903996 0
    outer loop
      vertex 11.6499 6.91327 39.8784
      vertex 11.3394 6.76642 45
      vertex 11.3394 6.76642 39.3446
    endloop
  endfacet
  facet normal 0.427542 -0.903996 0
    outer loop
      vertex 11.3394 6.76642 0
      vertex 11.6499 6.91327 7.1216
      vertex 11.3394 6.76642 7.65535
    endloop
  endfacet
  facet normal 0.427542 -0.903996 0
    outer loop
      vertex 11.6499 6.91327 7.1216
      vertex 11.3394 6.76642 0
      vertex 11.6499 6.91327 0
    endloop
  endfacet
  facet normal 0.0490519 -0.998796 0
    outer loop
      vertex 10 6.5 0
      vertex 10.3431 6.51685 9.06086
      vertex 10 6.5 9.44906
    endloop
  endfacet
  facet normal 0.0490519 -0.998796 0
    outer loop
      vertex 10.3431 6.51685 9.06086
      vertex 10 6.5 0
      vertex 10.3431 6.51685 0
    endloop
  endfacet
  facet normal 0.0490519 -0.998796 0
    outer loop
      vertex 10 6.5 45
      vertex 10.3431 6.51685 37.9391
      vertex 10.3431 6.51685 45
    endloop
  endfacet
  facet normal 0.0490519 -0.998796 0
    outer loop
      vertex 10.3431 6.51685 37.9391
      vertex 10 6.5 45
      vertex 10 6.5 37.5509
    endloop
  endfacet
  facet normal -0.989176 -0.146734 3.68926e-08
    outer loop
      vertex 6.56725 9.31718 45
      vertex 6.51685 9.65694 37.2095
      vertex 6.53181 9.55609 37.1229
    endloop
  endfacet
  facet normal -0.989176 -0.146735 -0
    outer loop
      vertex 6.56725 9.31718 45
      vertex 6.53181 9.55609 37.1229
      vertex 6.56725 9.31718 36.6813
    endloop
  endfacet
  facet normal -0.989176 -0.146734 0
    outer loop
      vertex 6.51685 9.65694 37.2095
      vertex 6.56725 9.31718 45
      vertex 6.51685 9.65694 45
    endloop
  endfacet
  facet normal -0.989176 -0.146734 0
    outer loop
      vertex 6.56725 9.31718 0
      vertex 6.51685 9.65694 9.79055
      vertex 6.51685 9.65694 0
    endloop
  endfacet
  facet normal -0.989176 -0.146734 -2.95749e-08
    outer loop
      vertex 6.51685 9.65694 9.79055
      vertex 6.56725 9.31718 0
      vertex 6.53181 9.55609 9.87707
    endloop
  endfacet
  facet normal -0.989176 -0.146735 0
    outer loop
      vertex 6.53181 9.55609 9.87707
      vertex 6.56725 9.31718 0
      vertex 6.56725 9.31718 10.3187
    endloop
  endfacet
  facet normal 0.595659 -0.803237 0
    outer loop
      vertex 11.9445 7.08986 0
      vertex 12.2204 7.29446 45
      vertex 11.9445 7.08986 45
    endloop
  endfacet
  facet normal 0.595659 -0.803237 0
    outer loop
      vertex 12.2204 7.29446 45
      vertex 11.9445 7.08986 0
      vertex 12.2204 7.29446 0
    endloop
  endfacet
  facet normal -0.803217 -0.595687 -0
    outer loop
      vertex 7.29446 7.77962 45
      vertex 7.08986 8.0555 35.3196
      vertex 7.29446 7.77962 35.1938
    endloop
  endfacet
  facet normal -0.803217 -0.595687 0
    outer loop
      vertex 7.08986 8.0555 35.3196
      vertex 7.29446 7.77962 45
      vertex 7.08986 8.0555 45
    endloop
  endfacet
  facet normal -0.803217 -0.595687 0
    outer loop
      vertex 7.29446 7.77962 0
      vertex 7.08986 8.0555 11.6804
      vertex 7.08986 8.0555 0
    endloop
  endfacet
  facet normal -0.803217 -0.595687 0
    outer loop
      vertex 7.08986 8.0555 11.6804
      vertex 7.29446 7.77962 0
      vertex 7.29446 7.77962 11.8062
    endloop
  endfacet
  facet normal -0.998796 0.0490519 0
    outer loop
      vertex 6.5 10 0
      vertex 6.51685 10.3431 9.06086
      vertex 6.51685 10.3431 0
    endloop
  endfacet
  facet normal -0.998796 0.0490519 0
    outer loop
      vertex 6.51685 10.3431 9.06086
      vertex 6.5 10 0
      vertex 6.5 10 9.44906
    endloop
  endfacet
  facet normal -0.998796 0.0490519 0
    outer loop
      vertex 6.5 10 45
      vertex 6.51685 10.3431 37.9391
      vertex 6.5 10 37.5509
    endloop
  endfacet
  facet normal -0.998796 0.0490519 0
    outer loop
      vertex 6.51685 10.3431 37.9391
      vertex 6.5 10 45
      vertex 6.51685 10.3431 45
    endloop
  endfacet
  facet normal 0 0 -1
    outer loop
      vertex 13.4831 9.65694 0
      vertex 13.4831 10.3431 0
      vertex 13.5 10 0
    endloop
  endfacet
  facet normal 0 0 -1
    outer loop
      vertex 13.4327 9.31718 0
      vertex 13.4831 10.3431 0
      vertex 13.4831 9.65694 0
    endloop
  endfacet
  facet normal 0 0 -1
    outer loop
      vertex 13.4327 9.31718 0
      vertex 13.4327 10.6828 0
      vertex 13.4831 10.3431 0
    endloop
  endfacet
  facet normal 0 0 -1
    outer loop
      vertex 13.3493 8.984 0
      vertex 13.4327 10.6828 0
      vertex 13.4327 9.31718 0
    endloop
  endfacet
  facet normal 0 0 -1
    outer loop
      vertex 13.3493 8.984 0
      vertex 13.3493 11.016 0
      vertex 13.4327 10.6828 0
    endloop
  endfacet
  facet normal 0 0 -1
    outer loop
      vertex 13.2336 8.66061 0
      vertex 13.3493 11.016 0
      vertex 13.3493 8.984 0
    endloop
  endfacet
  facet normal 0 0 -1
    outer loop
      vertex 13.2336 8.66061 0
      vertex 13.2336 11.3394 0
      vertex 13.3493 11.016 0
    endloop
  endfacet
  facet normal 0 0 -1
    outer loop
      vertex 13.0867 8.35011 0
      vertex 13.2336 11.3394 0
      vertex 13.2336 8.66061 0
    endloop
  endfacet
  facet normal 0 0 -1
    outer loop
      vertex 13.0867 8.35011 0
      vertex 13.0867 11.6499 0
      vertex 13.2336 11.3394 0
    endloop
  endfacet
  facet normal 0 0 -1
    outer loop
      vertex 12.9101 8.0555 0
      vertex 13.0867 11.6499 0
      vertex 13.0867 8.35011 0
    endloop
  endfacet
  facet normal 0 0 -1
    outer loop
      vertex 12.9101 8.0555 0
      vertex 12.9101 11.9445 0
      vertex 13.0867 11.6499 0
    endloop
  endfacet
  facet normal 0 0 -1
    outer loop
      vertex 12.7055 7.77962 0
      vertex 12.9101 11.9445 0
      vertex 12.9101 8.0555 0
    endloop
  endfacet
  facet normal 0 0 -1
    outer loop
      vertex 12.7055 7.77962 0
      vertex 12.7055 12.2204 0
      vertex 12.9101 11.9445 0
    endloop
  endfacet
  facet normal 0 0 -1
    outer loop
      vertex 12.4749 7.52513 0
      vertex 12.7055 12.2204 0
      vertex 12.7055 7.77962 0
    endloop
  endfacet
  facet normal 0 0 -1
    outer loop
      vertex 12.4749 7.52513 0
      vertex 12.4749 12.4749 0
      vertex 12.7055 12.2204 0
    endloop
  endfacet
  facet normal 0 0 -1
    outer loop
      vertex 12.2204 7.29446 0
      vertex 12.4749 12.4749 0
      vertex 12.4749 7.52513 0
    endloop
  endfacet
  facet normal 0 0 -1
    outer loop
      vertex 12.2204 7.29446 0
      vertex 12.2204 12.7055 0
      vertex 12.4749 12.4749 0
    endloop
  endfacet
  facet normal 0 0 -1
    outer loop
      vertex 11.9445 7.08986 0
      vertex 12.2204 12.7055 0
      vertex 12.2204 7.29446 0
    endloop
  endfacet
  facet normal 0 0 -1
    outer loop
      vertex 11.9445 7.08986 0
      vertex 11.9445 12.9101 0
      vertex 12.2204 12.7055 0
    endloop
  endfacet
  facet normal 0 0 -1
    outer loop
      vertex 11.6499 6.91327 0
      vertex 11.9445 12.9101 0
      vertex 11.9445 7.08986 0
    endloop
  endfacet
  facet normal 0 0 -1
    outer loop
      vertex 11.6499 6.91327 0
      vertex 11.6499 13.0867 0
      vertex 11.9445 12.9101 0
    endloop
  endfacet
  facet normal 0 0 -1
    outer loop
      vertex 11.3394 6.76642 0
      vertex 11.6499 13.0867 0
      vertex 11.6499 6.91327 0
    endloop
  endfacet
  facet normal 0 0 -1
    outer loop
      vertex 11.3394 6.76642 0
      vertex 11.3394 13.2336 0
      vertex 11.6499 13.0867 0
    endloop
  endfacet
  facet normal 0 0 -1
    outer loop
      vertex 11.016 6.65071 0
      vertex 11.3394 13.2336 0
      vertex 11.3394 6.76642 0
    endloop
  endfacet
  facet normal 0 0 -1
    outer loop
      vertex 11.016 6.65071 0
      vertex 11.016 13.3493 0
      vertex 11.3394 13.2336 0
    endloop
  endfacet
  facet normal 0 0 -1
    outer loop
      vertex 10.6828 6.56725 0
      vertex 11.016 13.3493 0
      vertex 11.016 6.65071 0
    endloop
  endfacet
  facet normal 0 0 -1
    outer loop
      vertex 10.6828 6.56725 0
      vertex 10.6828 13.4327 0
      vertex 11.016 13.3493 0
    endloop
  endfacet
  facet normal 0 0 -1
    outer loop
      vertex 10.3431 6.51685 0
      vertex 10.6828 13.4327 0
      vertex 10.6828 6.56725 0
    endloop
  endfacet
  facet normal 0 0 -1
    outer loop
      vertex 10.3431 6.51685 0
      vertex 10.3431 13.4831 0
      vertex 10.6828 13.4327 0
    endloop
  endfacet
  facet normal 0 0 -1
    outer loop
      vertex 10 6.5 0
      vertex 10.3431 13.4831 0
      vertex 10.3431 6.51685 0
    endloop
  endfacet
  facet normal 0 0 -1
    outer loop
      vertex 10 6.5 0
      vertex 10 13.5 0
      vertex 10.3431 13.4831 0
    endloop
  endfacet
  facet normal 0 0 -1
    outer loop
      vertex 9.65694 6.51685 0
      vertex 10 13.5 0
      vertex 10 6.5 0
    endloop
  endfacet
  facet normal 0 0 -1
    outer loop
      vertex 9.65694 6.51685 0
      vertex 9.65694 13.4831 0
      vertex 10 13.5 0
    endloop
  endfacet
  facet normal 0 0 -1
    outer loop
      vertex 9.31718 6.56725 0
      vertex 9.65694 13.4831 0
      vertex 9.65694 6.51685 0
    endloop
  endfacet
  facet normal 0 0 -1
    outer loop
      vertex 9.31718 6.56725 0
      vertex 9.31718 13.4327 0
      vertex 9.65694 13.4831 0
    endloop
  endfacet
  facet normal 0 0 -1
    outer loop
      vertex 8.984 6.65071 0
      vertex 9.31718 13.4327 0
      vertex 9.31718 6.56725 0
    endloop
  endfacet
  facet normal 0 0 -1
    outer loop
      vertex 8.984 6.65071 0
      vertex 8.984 13.3493 0
      vertex 9.31718 13.4327 0
    endloop
  endfacet
  facet normal 0 0 -1
    outer loop
      vertex 8.66061 6.76642 0
      vertex 8.984 13.3493 0
      vertex 8.984 6.65071 0
    endloop
  endfacet
  facet normal 0 0 -1
    outer loop
      vertex 8.66061 6.76642 0
      vertex 8.66061 13.2336 0
      vertex 8.984 13.3493 0
    endloop
  endfacet
  facet normal 0 0 -1
    outer loop
      vertex 8.35011 6.91327 0
      vertex 8.66061 13.2336 0
      vertex 8.66061 6.76642 0
    endloop
  endfacet
  facet normal 0 0 -1
    outer loop
      vertex 8.35011 6.91327 0
      vertex 8.35011 13.0867 0
      vertex 8.66061 13.2336 0
    endloop
  endfacet
  facet normal 0 0 -1
    outer loop
      vertex 8.0555 7.08986 0
      vertex 8.35011 13.0867 0
      vertex 8.35011 6.91327 0
    endloop
  endfacet
  facet normal 0 0 -1
    outer loop
      vertex 8.0555 7.08986 0
      vertex 8.0555 12.9101 0
      vertex 8.35011 13.0867 0
    endloop
  endfacet
  facet normal 0 0 -1
    outer loop
      vertex 7.77962 7.29446 0
      vertex 8.0555 12.9101 0
      vertex 8.0555 7.08986 0
    endloop
  endfacet
  facet normal 0 0 -1
    outer loop
      vertex 7.77962 7.29446 0
      vertex 7.77962 12.7055 0
      vertex 8.0555 12.9101 0
    endloop
  endfacet
  facet normal 0 0 -1
    outer loop
      vertex 7.52513 7.52513 0
      vertex 7.77962 12.7055 0
      vertex 7.77962 7.29446 0
    endloop
  endfacet
  facet normal 0 0 -1
    outer loop
      vertex 7.52513 7.52513 0
      vertex 7.52513 12.4749 0
      vertex 7.77962 12.7055 0
    endloop
  endfacet
  facet normal 0 0 -1
    outer loop
      vertex 7.29446 7.77962 0
      vertex 7.52513 12.4749 0
      vertex 7.52513 7.52513 0
    endloop
  endfacet
  facet normal 0 0 -1
    outer loop
      vertex 7.29446 7.77962 0
      vertex 7.29446 12.2204 0
      vertex 7.52513 12.4749 0
    endloop
  endfacet
  facet normal 0 0 -1
    outer loop
      vertex 7.08986 8.0555 0
      vertex 7.29446 12.2204 0
      vertex 7.29446 7.77962 0
    endloop
  endfacet
  facet normal 0 0 -1
    outer loop
      vertex 7.08986 8.0555 0
      vertex 7.08986 11.9445 0
      vertex 7.29446 12.2204 0
    endloop
  endfacet
  facet normal 0 0 -1
    outer loop
      vertex 6.91327 8.35011 0
      vertex 7.08986 11.9445 0
      vertex 7.08986 8.0555 0
    endloop
  endfacet
  facet normal 0 0 -1
    outer loop
      vertex 6.91327 8.35011 0
      vertex 6.91327 11.6499 0
      vertex 7.08986 11.9445 0
    endloop
  endfacet
  facet normal 0 0 -1
    outer loop
      vertex 6.76642 8.66061 0
      vertex 6.91327 11.6499 0
      vertex 6.91327 8.35011 0
    endloop
  endfacet
  facet normal 0 0 -1
    outer loop
      vertex 6.76642 8.66061 0
      vertex 6.76642 11.3394 0
      vertex 6.91327 11.6499 0
    endloop
  endfacet
  facet normal 0 0 -1
    outer loop
      vertex 6.65071 8.984 0
      vertex 6.76642 11.3394 0
      vertex 6.76642 8.66061 0
    endloop
  endfacet
  facet normal 0 0 -1
    outer loop
      vertex 6.65071 8.984 0
      vertex 6.65071 11.016 0
      vertex 6.76642 11.3394 0
    endloop
  endfacet
  facet normal 0 0 -1
    outer loop
      vertex 6.56725 9.31718 0
      vertex 6.65071 11.016 0
      vertex 6.65071 8.984 0
    endloop
  endfacet
  facet normal 0 0 -1
    outer loop
      vertex 6.56725 9.31718 0
      vertex 6.56725 10.6828 0
      vertex 6.65071 11.016 0
    endloop
  endfacet
  facet normal 0 0 -1
    outer loop
      vertex 6.51685 9.65694 0
      vertex 6.56725 10.6828 0
      vertex 6.56725 9.31718 0
    endloop
  endfacet
  facet normal 0 0 -1
    outer loop
      vertex 6.51685 9.65694 0
      vertex 6.51685 10.3431 0
      vertex 6.56725 10.6828 0
    endloop
  endfacet
  facet normal 0 -0 -1
    outer loop
      vertex 6.51685 10.3431 0
      vertex 6.51685 9.65694 0
      vertex 6.5 10 0
    endloop
  endfacet
  facet normal 0.741033 -0.671469 0
    outer loop
      vertex 12.4749 7.52513 45
      vertex 12.7055 7.77962 0
      vertex 12.7055 7.77962 45
    endloop
  endfacet
  facet normal 0.741033 -0.671469 0
    outer loop
      vertex 12.7055 7.77962 0
      vertex 12.4749 7.52513 45
      vertex 12.4749 7.52513 0
    endloop
  endfacet
  facet normal -0.336879 -0.941548 0
    outer loop
      vertex 88.984 6.65071 0
      vertex 88.6606 6.76642 7.65537
      vertex 88.6606 6.76642 0
    endloop
  endfacet
  facet normal -0.336879 -0.941548 0
    outer loop
      vertex 88.6606 6.76642 7.65537
      vertex 88.984 6.65071 0
      vertex 88.984 6.65071 8.15968
    endloop
  endfacet
  facet normal -0.336879 -0.941548 0
    outer loop
      vertex 88.6606 6.76642 39.3446
      vertex 88.984 6.65071 45
      vertex 88.6606 6.76642 45
    endloop
  endfacet
  facet normal -0.336879 -0.941548 -0
    outer loop
      vertex 88.984 6.65071 45
      vertex 88.6606 6.76642 39.3446
      vertex 88.984 6.65071 38.8403
    endloop
  endfacet
  facet normal 0.989172 0.14676 -0
    outer loop
      vertex 93.4831 10.3431 0
      vertex 93.4327 10.6828 8.62969
      vertex 93.4831 10.3431 9.06088
    endloop
  endfacet
  facet normal 0.989172 0.14676 0
    outer loop
      vertex 93.4327 10.6828 8.62969
      vertex 93.4831 10.3431 0
      vertex 93.4327 10.6828 0
    endloop
  endfacet
  facet normal 0.989172 0.14676 0
    outer loop
      vertex 93.4831 10.3431 45
      vertex 93.4327 10.6828 38.3703
      vertex 93.4327 10.6828 45
    endloop
  endfacet
  facet normal 0.989172 0.14676 0
    outer loop
      vertex 93.4327 10.6828 38.3703
      vertex 93.4831 10.3431 45
      vertex 93.4831 10.3431 37.9391
    endloop
  endfacet
  facet normal 0.998789 0.0491971 -0
    outer loop
      vertex 93.5 10 0
      vertex 93.4831 10.3431 9.06088
      vertex 93.5 10 9.44908
    endloop
  endfacet
  facet normal 0.998789 0.0491971 0
    outer loop
      vertex 93.4831 10.3431 9.06088
      vertex 93.5 10 0
      vertex 93.4831 10.3431 0
    endloop
  endfacet
  facet normal 0.998789 0.0491971 0
    outer loop
      vertex 93.5 10 45
      vertex 93.4831 10.3431 37.9391
      vertex 93.4831 10.3431 45
    endloop
  endfacet
  facet normal 0.998789 0.0491971 0
    outer loop
      vertex 93.4831 10.3431 37.9391
      vertex 93.5 10 45
      vertex 93.5 10 37.5509
    endloop
  endfacet
  facet normal 0.970074 0.24281 0
    outer loop
      vertex 93.4327 10.6828 45
      vertex 93.3493 11.016 38.8403
      vertex 93.3493 11.016 45
    endloop
  endfacet
  facet normal 0.970064 0.242848 2.1797e-06
    outer loop
      vertex 93.3493 11.016 38.8403
      vertex 93.4327 10.6828 45
      vertex 93.3856 10.871 38.6358
    endloop
  endfacet
  facet normal 0.970082 0.242778 0
    outer loop
      vertex 93.3856 10.871 38.6358
      vertex 93.4327 10.6828 45
      vertex 93.4327 10.6828 38.3703
    endloop
  endfacet
  facet normal 0.970064 0.242848 -1.67453e-06
    outer loop
      vertex 93.4327 10.6828 0
      vertex 93.3493 11.016 8.15968
      vertex 93.3856 10.871 8.3642
    endloop
  endfacet
  facet normal 0.970082 0.242778 -0
    outer loop
      vertex 93.4327 10.6828 0
      vertex 93.3856 10.871 8.3642
      vertex 93.4327 10.6828 8.62969
    endloop
  endfacet
  facet normal 0.970074 0.24281 0
    outer loop
      vertex 93.3493 11.016 8.15968
      vertex 93.4327 10.6828 0
      vertex 93.3493 11.016 0
    endloop
  endfacet
  facet normal -0.989172 0.14676 0
    outer loop
      vertex 86.5169 10.3431 0
      vertex 86.5673 10.6828 2.92527
      vertex 86.5673 10.6828 0
    endloop
  endfacet
  facet normal -0.989155 0.146877 -1.39199e-05
    outer loop
      vertex 86.5673 10.6828 2.92527
      vertex 86.5169 10.3431 0
      vertex 86.5402 10.5003 3
    endloop
  endfacet
  facet normal -0.989154 0.146883 0
    outer loop
      vertex 86.5402 10.5003 3
      vertex 86.5673 10.6828 45
      vertex 86.5673 10.6828 3
    endloop
  endfacet
  facet normal -0.989193 0.146617 0
    outer loop
      vertex 86.5169 10.3431 45
      vertex 86.5402 10.5003 3
      vertex 86.5169 10.3431 0
    endloop
  endfacet
  facet normal -0.989172 0.14676 5.45634e-07
    outer loop
      vertex 86.5402 10.5003 3
      vertex 86.5169 10.3431 45
      vertex 86.5673 10.6828 45
    endloop
  endfacet
  facet normal -0.242974 -0.970033 0
    outer loop
      vertex 88.984 6.65071 38.8403
      vertex 89.3172 6.56725 45
      vertex 88.984 6.65071 45
    endloop
  endfacet
  facet normal -0.242918 -0.970047 -3.2372e-06
    outer loop
      vertex 89.129 6.6144 38.6358
      vertex 89.3172 6.56725 45
      vertex 88.984 6.65071 38.8403
    endloop
  endfacet
  facet normal -0.243021 -0.970021 -0
    outer loop
      vertex 89.3172 6.56725 45
      vertex 89.129 6.6144 38.6358
      vertex 89.3172 6.56725 38.3703
    endloop
  endfacet
  facet normal -0.242974 -0.970033 0
    outer loop
      vertex 89.3172 6.56725 0
      vertex 88.984 6.65071 8.15968
      vertex 88.984 6.65071 0
    endloop
  endfacet
  facet normal -0.242917 -0.970047 2.48696e-06
    outer loop
      vertex 88.984 6.65071 8.15968
      vertex 89.3172 6.56725 0
      vertex 89.129 6.6144 8.36418
    endloop
  endfacet
  facet normal -0.243021 -0.970021 0
    outer loop
      vertex 89.129 6.6144 8.36418
      vertex 89.3172 6.56725 0
      vertex 89.3172 6.56725 8.62969
    endloop
  endfacet
  facet normal 0.336853 0.941557 -0
    outer loop
      vertex 91.3394 13.2336 0
      vertex 91.016 13.3493 45
      vertex 91.3394 13.2336 45
    endloop
  endfacet
  facet normal 0.336853 0.941557 0
    outer loop
      vertex 91.016 13.3493 45
      vertex 91.3394 13.2336 0
      vertex 91.016 13.3493 0
    endloop
  endfacet
  facet normal -0.514188 0.857677 0
    outer loop
      vertex 88.3501 13.0867 0
      vertex 88.1451 12.9638 2.54999
      vertex 88.3501 13.0867 2.60115
    endloop
  endfacet
  facet normal -0.514075 0.857745 1.23448e-05
    outer loop
      vertex 88.3501 13.0867 0
      vertex 88.0555 12.9101 2.53247
      vertex 88.1451 12.9638 2.54999
    endloop
  endfacet
  facet normal -0.514153 0.857698 0
    outer loop
      vertex 88.0555 12.9101 2.53247
      vertex 88.3501 13.0867 0
      vertex 88.0555 12.9101 0
    endloop
  endfacet
  facet normal -0.514153 0.857698 0
    outer loop
      vertex 88.3501 13.0867 3
      vertex 88.0555 12.9101 45
      vertex 88.3501 13.0867 45
    endloop
  endfacet
  facet normal -0.514153 0.857698 0
    outer loop
      vertex 88.0555 12.9101 45
      vertex 88.3501 13.0867 3
      vertex 88.0555 12.9101 3
    endloop
  endfacet
  facet normal -0.903939 -0.427661 0
    outer loop
      vertex 86.9133 8.35011 0
      vertex 86.7664 8.66061 45
      vertex 86.7664 8.66061 0
    endloop
  endfacet
  facet normal -0.903939 -0.427661 0
    outer loop
      vertex 86.7664 8.66061 45
      vertex 86.9133 8.35011 0
      vertex 86.9133 8.35011 45
    endloop
  endfacet
  facet normal -0.24281 0.970074 0
    outer loop
      vertex 89.3172 13.4327 3
      vertex 88.984 13.3493 45
      vertex 89.3172 13.4327 45
    endloop
  endfacet
  facet normal -0.24281 0.970074 0
    outer loop
      vertex 88.984 13.3493 45
      vertex 89.3172 13.4327 3
      vertex 88.984 13.3493 3
    endloop
  endfacet
  facet normal -0.24281 0.970074 0
    outer loop
      vertex 89.3172 13.4327 0
      vertex 88.984 13.3493 2.80092
      vertex 89.3172 13.4327 2.92527
    endloop
  endfacet
  facet normal -0.24281 0.970074 0
    outer loop
      vertex 88.984 13.3493 2.80092
      vertex 89.3172 13.4327 0
      vertex 88.984 13.3493 0
    endloop
  endfacet
  facet normal -0.857706 -0.51414 0
    outer loop
      vertex 87.0899 8.0555 0
      vertex 86.9133 8.35011 45
      vertex 86.9133 8.35011 0
    endloop
  endfacet
  facet normal -0.857706 -0.51414 0
    outer loop
      vertex 86.9133 8.35011 45
      vertex 87.0899 8.0555 0
      vertex 87.0899 8.0555 45
    endloop
  endfacet
  facet normal 0.242974 -0.970033 0
    outer loop
      vertex 90.6828 6.56725 36.6813
      vertex 91.016 6.65071 45
      vertex 90.6828 6.56725 45
    endloop
  endfacet
  facet normal 0.242974 -0.970033 0
    outer loop
      vertex 91.016 6.65071 45
      vertex 90.6828 6.56725 36.6813
      vertex 91.016 6.65071 36.167
    endloop
  endfacet
  facet normal 0.242974 -0.970033 0
    outer loop
      vertex 91.016 6.65071 0
      vertex 90.6828 6.56725 10.3187
      vertex 90.6828 6.56725 0
    endloop
  endfacet
  facet normal 0.242974 -0.970033 0
    outer loop
      vertex 90.6828 6.56725 10.3187
      vertex 91.016 6.65071 0
      vertex 91.016 6.65071 10.833
    endloop
  endfacet
  facet normal -0.595659 -0.803237 0
    outer loop
      vertex 87.7796 7.29446 0
      vertex 88.0555 7.08986 45
      vertex 87.7796 7.29446 45
    endloop
  endfacet
  facet normal -0.595659 -0.803237 -0
    outer loop
      vertex 88.0555 7.08986 45
      vertex 87.7796 7.29446 0
      vertex 88.0555 7.08986 0
    endloop
  endfacet
  facet normal 0.514132 -0.857711 0
    outer loop
      vertex 91.9445 7.08986 0
      vertex 91.6499 6.91327 11.5015
      vertex 91.6499 6.91327 0
    endloop
  endfacet
  facet normal 0.514127 -0.857714 -1.803e-07
    outer loop
      vertex 91.6499 6.91327 11.5015
      vertex 91.9445 7.08986 0
      vertex 91.8549 7.03615 11.6043
    endloop
  endfacet
  facet normal 0.514144 -0.857704 0
    outer loop
      vertex 91.8549 7.03615 11.6043
      vertex 91.9445 7.08986 0
      vertex 91.9445 7.08986 11.6804
    endloop
  endfacet
  facet normal 0.514132 -0.857711 0
    outer loop
      vertex 91.6499 6.91327 35.4986
      vertex 91.9445 7.08986 45
      vertex 91.6499 6.91327 45
    endloop
  endfacet
  facet normal 0.514127 -0.857714 2.1767e-07
    outer loop
      vertex 91.8549 7.03615 35.3957
      vertex 91.9445 7.08986 45
      vertex 91.6499 6.91327 35.4986
    endloop
  endfacet
  facet normal 0.514144 -0.857704 0
    outer loop
      vertex 91.9445 7.08986 45
      vertex 91.8549 7.03615 35.3957
      vertex 91.9445 7.08986 35.3196
    endloop
  endfacet
  facet normal 0.803217 -0.595687 0
    outer loop
      vertex 92.7055 7.77962 0
      vertex 92.9101 8.0555 11.6804
      vertex 92.7055 7.77962 11.8062
    endloop
  endfacet
  facet normal 0.803217 -0.595687 0
    outer loop
      vertex 92.9101 8.0555 11.6804
      vertex 92.7055 7.77962 0
      vertex 92.9101 8.0555 0
    endloop
  endfacet
  facet normal 0.803217 -0.595687 0
    outer loop
      vertex 92.7055 7.77962 45
      vertex 92.9101 8.0555 35.3196
      vertex 92.9101 8.0555 45
    endloop
  endfacet
  facet normal 0.803217 -0.595687 0
    outer loop
      vertex 92.9101 8.0555 35.3196
      vertex 92.7055 7.77962 45
      vertex 92.7055 7.77962 35.1938
    endloop
  endfacet
  facet normal 0.14676 0.989172 -0
    outer loop
      vertex 90.6828 13.4327 0
      vertex 90.3431 13.4831 45
      vertex 90.6828 13.4327 45
    endloop
  endfacet
  facet normal 0.14676 0.989172 0
    outer loop
      vertex 90.3431 13.4831 45
      vertex 90.6828 13.4327 0
      vertex 90.3431 13.4831 0
    endloop
  endfacet
  facet normal -0.595659 0.803237 0
    outer loop
      vertex 88.0555 12.9101 0
      vertex 87.7796 12.7055 2.49374
      vertex 88.0555 12.9101 2.53247
    endloop
  endfacet
  facet normal -0.595659 0.803237 0
    outer loop
      vertex 87.7796 12.7055 2.49374
      vertex 88.0555 12.9101 0
      vertex 87.7796 12.7055 0
    endloop
  endfacet
  facet normal -0.595659 0.803237 0
    outer loop
      vertex 88.0555 12.9101 3
      vertex 87.7796 12.7055 45
      vertex 88.0555 12.9101 45
    endloop
  endfacet
  facet normal -0.595659 0.803237 0
    outer loop
      vertex 87.7796 12.7055 45
      vertex 88.0555 12.9101 3
      vertex 87.7796 12.7055 3
    endloop
  endfacet
  facet normal -0.803237 0.595659 0
    outer loop
      vertex 87.0899 11.9445 0
      vertex 87.2945 12.2204 2.49374
      vertex 87.2945 12.2204 0
    endloop
  endfacet
  facet normal -0.803237 0.595659 0
    outer loop
      vertex 87.2945 12.2204 2.49374
      vertex 87.0899 11.9445 0
      vertex 87.0899 11.9445 2.53247
    endloop
  endfacet
  facet normal -0.803237 0.595659 0
    outer loop
      vertex 87.0899 11.9445 3
      vertex 87.2945 12.2204 45
      vertex 87.2945 12.2204 3
    endloop
  endfacet
  facet normal -0.803237 0.595659 0
    outer loop
      vertex 87.2945 12.2204 45
      vertex 87.0899 11.9445 3
      vertex 87.0899 11.9445 45
    endloop
  endfacet
  facet normal 0.989253 -0.146216 -1.83977e-05
    outer loop
      vertex 93.4327 9.31718 0
      vertex 93.4831 9.65694 9.79057
      vertex 93.4682 9.55612 9.87707
    endloop
  endfacet
  facet normal 0.989142 -0.14696 0
    outer loop
      vertex 93.4327 9.31718 0
      vertex 93.4682 9.55612 9.87707
      vertex 93.4327 9.31718 10.3187
    endloop
  endfacet
  facet normal 0.989176 -0.146734 0
    outer loop
      vertex 93.4831 9.65694 9.79057
      vertex 93.4327 9.31718 0
      vertex 93.4831 9.65694 0
    endloop
  endfacet
  facet normal 0.989176 -0.146734 0
    outer loop
      vertex 93.4327 9.31718 45
      vertex 93.4831 9.65694 37.2094
      vertex 93.4831 9.65694 45
    endloop
  endfacet
  facet normal 0.989252 -0.146219 2.29504e-05
    outer loop
      vertex 93.4831 9.65694 37.2094
      vertex 93.4327 9.31718 45
      vertex 93.4682 9.55612 37.1229
    endloop
  endfacet
  facet normal 0.989142 -0.14696 0
    outer loop
      vertex 93.4682 9.55612 37.1229
      vertex 93.4327 9.31718 45
      vertex 93.4327 9.31718 36.6813
    endloop
  endfacet
  facet normal -0.941557 0.336853 0
    outer loop
      vertex 86.6507 11.016 0
      vertex 86.7664 11.3394 2.69254
      vertex 86.7664 11.3394 0
    endloop
  endfacet
  facet normal -0.941557 0.336853 0
    outer loop
      vertex 86.7664 11.3394 2.69254
      vertex 86.6507 11.016 0
      vertex 86.6507 11.016 2.80092
    endloop
  endfacet
  facet normal -0.941557 0.336853 0
    outer loop
      vertex 86.6507 11.016 3
      vertex 86.7664 11.3394 45
      vertex 86.7664 11.3394 3
    endloop
  endfacet
  facet normal -0.941557 0.336853 0
    outer loop
      vertex 86.7664 11.3394 45
      vertex 86.6507 11.016 3
      vertex 86.6507 11.016 45
    endloop
  endfacet
  facet normal 0.427661 0.903939 -0
    outer loop
      vertex 91.6499 13.0867 0
      vertex 91.3394 13.2336 45
      vertex 91.6499 13.0867 45
    endloop
  endfacet
  facet normal 0.427661 0.903939 0
    outer loop
      vertex 91.3394 13.2336 45
      vertex 91.6499 13.0867 0
      vertex 91.3394 13.2336 0
    endloop
  endfacet
  facet normal -0.941554 -0.336862 0
    outer loop
      vertex 86.7664 8.66061 0
      vertex 86.6507 8.984 45
      vertex 86.6507 8.984 0
    endloop
  endfacet
  facet normal -0.941554 -0.336862 0
    outer loop
      vertex 86.6507 8.984 45
      vertex 86.7664 8.66061 0
      vertex 86.7664 8.66061 45
    endloop
  endfacet
  facet normal 0.970071 -0.242823 0
    outer loop
      vertex 93.3493 8.984 0
      vertex 93.4327 9.31718 10.3187
      vertex 93.3493 8.984 10.833
    endloop
  endfacet
  facet normal 0.970071 -0.242823 0
    outer loop
      vertex 93.4327 9.31718 10.3187
      vertex 93.3493 8.984 0
      vertex 93.4327 9.31718 0
    endloop
  endfacet
  facet normal 0.970071 -0.242823 0
    outer loop
      vertex 93.3493 8.984 45
      vertex 93.4327 9.31718 36.6813
      vertex 93.4327 9.31718 45
    endloop
  endfacet
  facet normal 0.970071 -0.242823 0
    outer loop
      vertex 93.4327 9.31718 36.6813
      vertex 93.3493 8.984 45
      vertex 93.3493 8.984 36.167
    endloop
  endfacet
  facet normal -0.0491971 0.998789 0
    outer loop
      vertex 90 13.5 0
      vertex 89.6569 13.4831 45
      vertex 90 13.5 45
    endloop
  endfacet
  facet normal -0.0491971 0.998789 0
    outer loop
      vertex 89.6569 13.4831 45
      vertex 90 13.5 0
      vertex 89.6569 13.4831 0
    endloop
  endfacet
  facet normal 0.671454 0.741046 -0
    outer loop
      vertex 92.4749 12.4749 0
      vertex 92.2204 12.7055 45
      vertex 92.4749 12.4749 45
    endloop
  endfacet
  facet normal 0.671454 0.741046 0
    outer loop
      vertex 92.2204 12.7055 45
      vertex 92.4749 12.4749 0
      vertex 92.2204 12.7055 0
    endloop
  endfacet
  facet normal -0.427661 0.903939 0
    outer loop
      vertex 88.6606 13.2336 3
      vertex 88.3501 13.0867 45
      vertex 88.6606 13.2336 45
    endloop
  endfacet
  facet normal -0.427661 0.903939 0
    outer loop
      vertex 88.3501 13.0867 45
      vertex 88.6606 13.2336 3
      vertex 88.3501 13.0867 3
    endloop
  endfacet
  facet normal -0.428196 0.903686 0
    outer loop
      vertex 88.6606 13.2336 0
      vertex 88.5899 13.2001 2.67171
      vertex 88.6606 13.2336 2.69254
    endloop
  endfacet
  facet normal -0.427508 0.904011 2.229e-05
    outer loop
      vertex 88.5899 13.2001 2.67171
      vertex 88.6606 13.2336 0
      vertex 88.3501 13.0867 2.60115
    endloop
  endfacet
  facet normal -0.427661 0.903939 0
    outer loop
      vertex 88.3501 13.0867 2.60115
      vertex 88.6606 13.2336 0
      vertex 88.3501 13.0867 0
    endloop
  endfacet
  facet normal -0.671454 0.741046 0
    outer loop
      vertex 87.7796 12.7055 3
      vertex 87.5251 12.4749 45
      vertex 87.7796 12.7055 45
    endloop
  endfacet
  facet normal -0.671454 0.741046 0
    outer loop
      vertex 87.5251 12.4749 45
      vertex 87.7796 12.7055 3
      vertex 87.5251 12.4749 3
    endloop
  endfacet
  facet normal -0.671454 0.741046 0
    outer loop
      vertex 87.7796 12.7055 0
      vertex 87.5251 12.4749 2.47428
      vertex 87.7796 12.7055 2.49374
    endloop
  endfacet
  facet normal -0.671454 0.741046 0
    outer loop
      vertex 87.5251 12.4749 2.47428
      vertex 87.7796 12.7055 0
      vertex 87.5251 12.4749 0
    endloop
  endfacet
  facet normal 0.336879 -0.941548 0
    outer loop
      vertex 91.016 6.65071 36.167
      vertex 91.3394 6.76642 45
      vertex 91.016 6.65071 45
    endloop
  endfacet
  facet normal 0.336879 -0.941548 0
    outer loop
      vertex 91.3394 6.76642 45
      vertex 91.016 6.65071 36.167
      vertex 91.3394 6.76642 35.7715
    endloop
  endfacet
  facet normal 0.336879 -0.941548 0
    outer loop
      vertex 91.3394 6.76642 0
      vertex 91.016 6.65071 10.833
      vertex 91.016 6.65071 0
    endloop
  endfacet
  facet normal 0.336879 -0.941548 0
    outer loop
      vertex 91.016 6.65071 10.833
      vertex 91.3394 6.76642 0
      vertex 91.3394 6.76642 11.2285
    endloop
  endfacet
  facet normal -0.336853 0.941557 0
    outer loop
      vertex 88.984 13.3493 0
      vertex 88.6606 13.2336 2.69254
      vertex 88.984 13.3493 2.80092
    endloop
  endfacet
  facet normal -0.336853 0.941557 0
    outer loop
      vertex 88.6606 13.2336 2.69254
      vertex 88.984 13.3493 0
      vertex 88.6606 13.2336 0
    endloop
  endfacet
  facet normal -0.336853 0.941557 0
    outer loop
      vertex 88.984 13.3493 3
      vertex 88.6606 13.2336 45
      vertex 88.984 13.3493 45
    endloop
  endfacet
  facet normal -0.336853 0.941557 0
    outer loop
      vertex 88.6606 13.2336 45
      vertex 88.984 13.3493 3
      vertex 88.6606 13.2336 3
    endloop
  endfacet
  facet normal 0.803237 0.595659 0
    outer loop
      vertex 92.9101 11.9445 45
      vertex 92.7055 12.2204 0
      vertex 92.7055 12.2204 45
    endloop
  endfacet
  facet normal 0.803237 0.595659 0
    outer loop
      vertex 92.7055 12.2204 0
      vertex 92.9101 11.9445 45
      vertex 92.9101 11.9445 0
    endloop
  endfacet
  facet normal -0.857698 0.514153 0
    outer loop
      vertex 86.9133 11.6499 0
      vertex 87.0899 11.9445 2.53247
      vertex 87.0899 11.9445 0
    endloop
  endfacet
  facet normal -0.857332 0.514763 -9.64932e-05
    outer loop
      vertex 87.0899 11.9445 2.53247
      vertex 86.9133 11.6499 0
      vertex 87.0361 11.8549 2.55
    endloop
  endfacet
  facet normal -0.857862 0.51388 0
    outer loop
      vertex 87.0361 11.8549 2.55
      vertex 86.9133 11.6499 0
      vertex 86.9133 11.6499 2.60115
    endloop
  endfacet
  facet normal -0.857698 0.514153 0
    outer loop
      vertex 86.9133 11.6499 3
      vertex 87.0899 11.9445 45
      vertex 87.0899 11.9445 3
    endloop
  endfacet
  facet normal -0.857698 0.514153 0
    outer loop
      vertex 87.0899 11.9445 45
      vertex 86.9133 11.6499 3
      vertex 86.9133 11.6499 45
    endloop
  endfacet
  facet normal 0.998789 -0.0492029 0
    outer loop
      vertex 93.4831 9.65694 0
      vertex 93.5 10 9.44908
      vertex 93.4831 9.65694 9.79057
    endloop
  endfacet
  facet normal 0.998789 -0.0492029 0
    outer loop
      vertex 93.5 10 9.44908
      vertex 93.4831 9.65694 0
      vertex 93.5 10 0
    endloop
  endfacet
  facet normal 0.998789 -0.0492029 0
    outer loop
      vertex 93.4831 9.65694 45
      vertex 93.5 10 37.5509
      vertex 93.5 10 45
    endloop
  endfacet
  facet normal 0.998789 -0.0492029 0
    outer loop
      vertex 93.5 10 37.5509
      vertex 93.4831 9.65694 45
      vertex 93.4831 9.65694 37.2094
    endloop
  endfacet
  facet normal 0.903939 -0.427661 0
    outer loop
      vertex 93.0867 8.35011 45
      vertex 93.2336 8.66061 35.7715
      vertex 93.2336 8.66061 45
    endloop
  endfacet
  facet normal 0.903939 -0.427661 0
    outer loop
      vertex 93.2336 8.66061 35.7715
      vertex 93.0867 8.35011 45
      vertex 93.0867 8.35011 35.4985
    endloop
  endfacet
  facet normal 0.903939 -0.427661 0
    outer loop
      vertex 93.0867 8.35011 0
      vertex 93.2336 8.66061 11.2285
      vertex 93.0867 8.35011 11.5015
    endloop
  endfacet
  facet normal 0.903939 -0.427661 0
    outer loop
      vertex 93.2336 8.66061 11.2285
      vertex 93.0867 8.35011 0
      vertex 93.2336 8.66061 0
    endloop
  endfacet
  facet normal 0.857647 0.514238 -0
    outer loop
      vertex 93.0275 11.7487 6.93445
      vertex 92.9101 11.9445 45
      vertex 93.0275 11.7487 40.0656
    endloop
  endfacet
  facet normal 0.857698 0.514153 4.57856e-06
    outer loop
      vertex 93.0867 11.6499 45
      vertex 93.0275 11.7487 40.0656
      vertex 92.9101 11.9445 45
    endloop
  endfacet
  facet normal 0.857799 0.513985 0
    outer loop
      vertex 93.0275 11.7487 40.0656
      vertex 93.0867 11.6499 45
      vertex 93.0867 11.6499 39.8784
    endloop
  endfacet
  facet normal 0.857647 0.514238 0
    outer loop
      vertex 92.9101 11.9445 45
      vertex 93.0275 11.7487 6.93445
      vertex 92.9101 11.9445 0
    endloop
  endfacet
  facet normal 0.857799 0.513985 -0
    outer loop
      vertex 93.0867 11.6499 0
      vertex 93.0275 11.7487 6.93445
      vertex 93.0867 11.6499 7.12162
    endloop
  endfacet
  facet normal 0.857698 0.514153 -3.258e-06
    outer loop
      vertex 93.0275 11.7487 6.93445
      vertex 93.0867 11.6499 0
      vertex 92.9101 11.9445 0
    endloop
  endfacet
  facet normal 0 0 1
    outer loop
      vertex 91.3 10 45
      vertex 93.5 10 45
      vertex 93.4831 10.3431 45
    endloop
  endfacet
  facet normal 0 0 1
    outer loop
      vertex 91.2937 10.1274 45
      vertex 93.4831 10.3431 45
      vertex 93.4327 10.6828 45
    endloop
  endfacet
  facet normal 0 0 1
    outer loop
      vertex 93.5 10 45
      vertex 91.3 10 45
      vertex 93.4831 9.65694 45
    endloop
  endfacet
  facet normal 0 0 1
    outer loop
      vertex 91.275 10.2536 45
      vertex 93.4327 10.6828 45
      vertex 93.3493 11.016 45
    endloop
  endfacet
  facet normal -0 0 1
    outer loop
      vertex 91.2937 9.87258 45
      vertex 93.4831 9.65694 45
      vertex 91.3 10 45
    endloop
  endfacet
  facet normal 0 0 1
    outer loop
      vertex 91.244 10.3774 45
      vertex 93.3493 11.016 45
      vertex 93.2336 11.3394 45
    endloop
  endfacet
  facet normal 0 0 1
    outer loop
      vertex 93.4831 9.65694 45
      vertex 91.2937 9.87258 45
      vertex 93.4327 9.31718 45
    endloop
  endfacet
  facet normal 0 0 1
    outer loop
      vertex 91.201 10.4975 45
      vertex 93.2336 11.3394 45
      vertex 93.0867 11.6499 45
    endloop
  endfacet
  facet normal -0 0 1
    outer loop
      vertex 91.275 9.74638 45
      vertex 93.4327 9.31718 45
      vertex 91.2937 9.87258 45
    endloop
  endfacet
  facet normal 0 0 1
    outer loop
      vertex 91.1465 10.6128 45
      vertex 93.0867 11.6499 45
      vertex 92.9101 11.9445 45
    endloop
  endfacet
  facet normal 0 0 1
    outer loop
      vertex 93.4327 9.31718 45
      vertex 91.275 9.74638 45
      vertex 93.3493 8.984 45
    endloop
  endfacet
  facet normal 0 0 1
    outer loop
      vertex 91.0809 10.7222 45
      vertex 92.9101 11.9445 45
      vertex 92.7055 12.2204 45
    endloop
  endfacet
  facet normal -0 0 1
    outer loop
      vertex 91.244 9.62263 45
      vertex 93.3493 8.984 45
      vertex 91.275 9.74638 45
    endloop
  endfacet
  facet normal 0 0 1
    outer loop
      vertex 91.0049 10.8247 45
      vertex 92.7055 12.2204 45
      vertex 92.4749 12.4749 45
    endloop
  endfacet
  facet normal 0 0 1
    outer loop
      vertex 93.3493 8.984 45
      vertex 91.244 9.62263 45
      vertex 93.2336 8.66061 45
    endloop
  endfacet
  facet normal 0 0 1
    outer loop
      vertex 90.9192 10.9192 45
      vertex 92.4749 12.4749 45
      vertex 92.2204 12.7055 45
    endloop
  endfacet
  facet normal -0 0 1
    outer loop
      vertex 91.201 9.50251 45
      vertex 93.2336 8.66061 45
      vertex 91.244 9.62263 45
    endloop
  endfacet
  facet normal 0 0 1
    outer loop
      vertex 90.8247 11.0049 45
      vertex 92.2204 12.7055 45
      vertex 91.9445 12.9101 45
    endloop
  endfacet
  facet normal 0 0 1
    outer loop
      vertex 93.2336 8.66061 45
      vertex 91.201 9.50251 45
      vertex 93.0867 8.35011 45
    endloop
  endfacet
  facet normal 0 0 1
    outer loop
      vertex 90.7222 11.0809 45
      vertex 91.9445 12.9101 45
      vertex 91.6499 13.0867 45
    endloop
  endfacet
  facet normal -0 0 1
    outer loop
      vertex 91.1465 9.38718 45
      vertex 93.0867 8.35011 45
      vertex 91.201 9.50251 45
    endloop
  endfacet
  facet normal 0 0 1
    outer loop
      vertex 90.6128 11.1465 45
      vertex 91.6499 13.0867 45
      vertex 91.3394 13.2336 45
    endloop
  endfacet
  facet normal 0 0 1
    outer loop
      vertex 93.0867 8.35011 45
      vertex 91.1465 9.38718 45
      vertex 92.9101 8.0555 45
    endloop
  endfacet
  facet normal -0 0 1
    outer loop
      vertex 91.0809 9.27776 45
      vertex 92.9101 8.0555 45
      vertex 91.1465 9.38718 45
    endloop
  endfacet
  facet normal 0 0 1
    outer loop
      vertex 93.4831 10.3431 45
      vertex 91.2937 10.1274 45
      vertex 91.3 10 45
    endloop
  endfacet
  facet normal 0 0 1
    outer loop
      vertex 93.4327 10.6828 45
      vertex 91.275 10.2536 45
      vertex 91.2937 10.1274 45
    endloop
  endfacet
  facet normal 0 0 1
    outer loop
      vertex 93.3493 11.016 45
      vertex 91.244 10.3774 45
      vertex 91.275 10.2536 45
    endloop
  endfacet
  facet normal 0 0 1
    outer loop
      vertex 93.2336 11.3394 45
      vertex 91.201 10.4975 45
      vertex 91.244 10.3774 45
    endloop
  endfacet
  facet normal 0 0 1
    outer loop
      vertex 93.0867 11.6499 45
      vertex 91.1465 10.6128 45
      vertex 91.201 10.4975 45
    endloop
  endfacet
  facet normal 0 0 1
    outer loop
      vertex 92.9101 11.9445 45
      vertex 91.0809 10.7222 45
      vertex 91.1465 10.6128 45
    endloop
  endfacet
  facet normal 0 0 1
    outer loop
      vertex 90.4975 11.201 45
      vertex 91.3394 13.2336 45
      vertex 91.016 13.3493 45
    endloop
  endfacet
  facet normal 0 0 1
    outer loop
      vertex 92.7055 12.2204 45
      vertex 91.0049 10.8247 45
      vertex 91.0809 10.7222 45
    endloop
  endfacet
  facet normal 0 0 1
    outer loop
      vertex 92.4749 12.4749 45
      vertex 90.9192 10.9192 45
      vertex 91.0049 10.8247 45
    endloop
  endfacet
  facet normal 0 0 1
    outer loop
      vertex 92.2204 12.7055 45
      vertex 90.8247 11.0049 45
      vertex 90.9192 10.9192 45
    endloop
  endfacet
  facet normal 0 0 1
    outer loop
      vertex 91.9445 12.9101 45
      vertex 90.7222 11.0809 45
      vertex 90.8247 11.0049 45
    endloop
  endfacet
  facet normal 0 0 1
    outer loop
      vertex 90.3774 11.244 45
      vertex 91.016 13.3493 45
      vertex 90.6828 13.4327 45
    endloop
  endfacet
  facet normal 0 0 1
    outer loop
      vertex 91.6499 13.0867 45
      vertex 90.6128 11.1465 45
      vertex 90.7222 11.0809 45
    endloop
  endfacet
  facet normal 0 0 1
    outer loop
      vertex 91.3394 13.2336 45
      vertex 90.4975 11.201 45
      vertex 90.6128 11.1465 45
    endloop
  endfacet
  facet normal 0 0 1
    outer loop
      vertex 91.016 13.3493 45
      vertex 90.3774 11.244 45
      vertex 90.4975 11.201 45
    endloop
  endfacet
  facet normal 0 0 1
    outer loop
      vertex 90.2536 11.275 45
      vertex 90.6828 13.4327 45
      vertex 90.3431 13.4831 45
    endloop
  endfacet
  facet normal 0 0 1
    outer loop
      vertex 90.6828 13.4327 45
      vertex 90.2536 11.275 45
      vertex 90.3774 11.244 45
    endloop
  endfacet
  facet normal 0 0 1
    outer loop
      vertex 90.3431 13.4831 45
      vertex 90.1274 11.2937 45
      vertex 90.2536 11.275 45
    endloop
  endfacet
  facet normal 0 0 1
    outer loop
      vertex 90 13.5 45
      vertex 90.1274 11.2937 45
      vertex 90.3431 13.4831 45
    endloop
  endfacet
  facet normal 0 0 1
    outer loop
      vertex 90 13.5 45
      vertex 90 11.3 45
      vertex 90.1274 11.2937 45
    endloop
  endfacet
  facet normal 0 0 1
    outer loop
      vertex 90 13.5 45
      vertex 89.8726 11.2937 45
      vertex 90 11.3 45
    endloop
  endfacet
  facet normal -0 0 1
    outer loop
      vertex 89.6569 13.4831 45
      vertex 89.8726 11.2937 45
      vertex 90 13.5 45
    endloop
  endfacet
  facet normal 0 0 1
    outer loop
      vertex 89.8726 11.2937 45
      vertex 89.6569 13.4831 45
      vertex 89.7464 11.275 45
    endloop
  endfacet
  facet normal -0 0 1
    outer loop
      vertex 89.3172 13.4327 45
      vertex 89.7464 11.275 45
      vertex 89.6569 13.4831 45
    endloop
  endfacet
  facet normal 0 0 1
    outer loop
      vertex 89.7464 11.275 45
      vertex 89.3172 13.4327 45
      vertex 89.6226 11.244 45
    endloop
  endfacet
  facet normal -0 0 1
    outer loop
      vertex 88.984 13.3493 45
      vertex 89.6226 11.244 45
      vertex 89.3172 13.4327 45
    endloop
  endfacet
  facet normal 0 0 1
    outer loop
      vertex 89.6226 11.244 45
      vertex 88.984 13.3493 45
      vertex 89.5025 11.201 45
    endloop
  endfacet
  facet normal -0 0 1
    outer loop
      vertex 88.6606 13.2336 45
      vertex 89.5025 11.201 45
      vertex 88.984 13.3493 45
    endloop
  endfacet
  facet normal 0 0 1
    outer loop
      vertex 89.5025 11.201 45
      vertex 88.6606 13.2336 45
      vertex 89.3872 11.1465 45
    endloop
  endfacet
  facet normal -0 0 1
    outer loop
      vertex 88.3501 13.0867 45
      vertex 89.3872 11.1465 45
      vertex 88.6606 13.2336 45
    endloop
  endfacet
  facet normal 0 0 1
    outer loop
      vertex 89.3872 11.1465 45
      vertex 88.3501 13.0867 45
      vertex 89.2778 11.0809 45
    endloop
  endfacet
  facet normal -0 0 1
    outer loop
      vertex 88.0555 12.9101 45
      vertex 89.2778 11.0809 45
      vertex 88.3501 13.0867 45
    endloop
  endfacet
  facet normal 0 0 1
    outer loop
      vertex 89.2778 11.0809 45
      vertex 88.0555 12.9101 45
      vertex 89.1753 11.0049 45
    endloop
  endfacet
  facet normal -0 0 1
    outer loop
      vertex 87.7796 12.7055 45
      vertex 89.1753 11.0049 45
      vertex 88.0555 12.9101 45
    endloop
  endfacet
  facet normal 0 0 1
    outer loop
      vertex 89.1753 11.0049 45
      vertex 87.7796 12.7055 45
      vertex 89.0808 10.9192 45
    endloop
  endfacet
  facet normal -0 0 1
    outer loop
      vertex 87.5251 12.4749 45
      vertex 89.0808 10.9192 45
      vertex 87.7796 12.7055 45
    endloop
  endfacet
  facet normal 0 0 1
    outer loop
      vertex 89.0808 10.9192 45
      vertex 87.5251 12.4749 45
      vertex 88.9951 10.8247 45
    endloop
  endfacet
  facet normal -0 0 1
    outer loop
      vertex 87.2945 12.2204 45
      vertex 88.9951 10.8247 45
      vertex 87.5251 12.4749 45
    endloop
  endfacet
  facet normal -0 0 1
    outer loop
      vertex 87.0899 11.9445 45
      vertex 88.9191 10.7222 45
      vertex 87.2945 12.2204 45
    endloop
  endfacet
  facet normal 0 0 1
    outer loop
      vertex 88.9951 10.8247 45
      vertex 87.2945 12.2204 45
      vertex 88.9191 10.7222 45
    endloop
  endfacet
  facet normal 0 0 1
    outer loop
      vertex 92.9101 8.0555 45
      vertex 91.0809 9.27776 45
      vertex 92.7055 7.77962 45
    endloop
  endfacet
  facet normal -0 0 1
    outer loop
      vertex 91.0049 9.17529 45
      vertex 92.7055 7.77962 45
      vertex 91.0809 9.27776 45
    endloop
  endfacet
  facet normal 0 0 1
    outer loop
      vertex 92.7055 7.77962 45
      vertex 91.0049 9.17529 45
      vertex 92.4749 7.52513 45
    endloop
  endfacet
  facet normal -0 0 1
    outer loop
      vertex 90.9192 9.08076 45
      vertex 92.4749 7.52513 45
      vertex 91.0049 9.17529 45
    endloop
  endfacet
  facet normal 0 0 1
    outer loop
      vertex 92.4749 7.52513 45
      vertex 90.9192 9.08076 45
      vertex 92.2204 7.29446 45
    endloop
  endfacet
  facet normal -0 0 1
    outer loop
      vertex 90.8247 8.99509 45
      vertex 92.2204 7.29446 45
      vertex 90.9192 9.08076 45
    endloop
  endfacet
  facet normal 0 0 1
    outer loop
      vertex 92.2204 7.29446 45
      vertex 90.8247 8.99509 45
      vertex 91.9445 7.08986 45
    endloop
  endfacet
  facet normal -0 0 1
    outer loop
      vertex 90.7222 8.91909 45
      vertex 91.9445 7.08986 45
      vertex 90.8247 8.99509 45
    endloop
  endfacet
  facet normal 0 0 1
    outer loop
      vertex 91.9445 7.08986 45
      vertex 90.7222 8.91909 45
      vertex 91.6499 6.91327 45
    endloop
  endfacet
  facet normal -0 0 1
    outer loop
      vertex 90.6128 8.8535 45
      vertex 91.6499 6.91327 45
      vertex 90.7222 8.91909 45
    endloop
  endfacet
  facet normal 0 0 1
    outer loop
      vertex 91.6499 6.91327 45
      vertex 90.6128 8.8535 45
      vertex 91.3394 6.76642 45
    endloop
  endfacet
  facet normal -0 0 1
    outer loop
      vertex 90.4975 8.79896 45
      vertex 91.3394 6.76642 45
      vertex 90.6128 8.8535 45
    endloop
  endfacet
  facet normal 0 0 1
    outer loop
      vertex 91.3394 6.76642 45
      vertex 90.4975 8.79896 45
      vertex 91.016 6.65071 45
    endloop
  endfacet
  facet normal -0 0 1
    outer loop
      vertex 90.3774 8.75598 45
      vertex 91.016 6.65071 45
      vertex 90.4975 8.79896 45
    endloop
  endfacet
  facet normal 0 0 1
    outer loop
      vertex 91.016 6.65071 45
      vertex 90.3774 8.75598 45
      vertex 90.6828 6.56725 45
    endloop
  endfacet
  facet normal -0 0 1
    outer loop
      vertex 90.2536 8.72498 45
      vertex 90.6828 6.56725 45
      vertex 90.3774 8.75598 45
    endloop
  endfacet
  facet normal 0 0 1
    outer loop
      vertex 90.6828 6.56725 45
      vertex 90.2536 8.72498 45
      vertex 90.3431 6.51685 45
    endloop
  endfacet
  facet normal -0 0 1
    outer loop
      vertex 90.1274 8.70626 45
      vertex 90.3431 6.51685 45
      vertex 90.2536 8.72498 45
    endloop
  endfacet
  facet normal -0 0 1
    outer loop
      vertex 90 8.7 45
      vertex 90.3431 6.51685 45
      vertex 90.1274 8.70626 45
    endloop
  endfacet
  facet normal 0 0 1
    outer loop
      vertex 90 8.7 45
      vertex 90 6.5 45
      vertex 90.3431 6.51685 45
    endloop
  endfacet
  facet normal 0 0 1
    outer loop
      vertex 89.8726 8.70626 45
      vertex 90 6.5 45
      vertex 90 8.7 45
    endloop
  endfacet
  facet normal 0 0 1
    outer loop
      vertex 89.6569 6.51685 45
      vertex 89.8726 8.70626 45
      vertex 89.7464 8.72498 45
    endloop
  endfacet
  facet normal 0 0 1
    outer loop
      vertex 89.8726 8.70626 45
      vertex 89.6569 6.51685 45
      vertex 90 6.5 45
    endloop
  endfacet
  facet normal 0 0 1
    outer loop
      vertex 89.3172 6.56725 45
      vertex 89.7464 8.72498 45
      vertex 89.6226 8.75598 45
    endloop
  endfacet
  facet normal 0 0 1
    outer loop
      vertex 88.984 6.65071 45
      vertex 89.6226 8.75598 45
      vertex 89.5025 8.79896 45
    endloop
  endfacet
  facet normal 0 0 1
    outer loop
      vertex 88.6606 6.76642 45
      vertex 89.5025 8.79896 45
      vertex 89.3872 8.8535 45
    endloop
  endfacet
  facet normal 0 0 1
    outer loop
      vertex 89.7464 8.72498 45
      vertex 89.3172 6.56725 45
      vertex 89.6569 6.51685 45
    endloop
  endfacet
  facet normal 0 0 1
    outer loop
      vertex 88.3501 6.91327 45
      vertex 89.3872 8.8535 45
      vertex 89.2778 8.91909 45
    endloop
  endfacet
  facet normal 0 0 1
    outer loop
      vertex 88.0555 7.08986 45
      vertex 89.2778 8.91909 45
      vertex 89.1753 8.99509 45
    endloop
  endfacet
  facet normal 0 0 1
    outer loop
      vertex 87.7796 7.29446 45
      vertex 89.1753 8.99509 45
      vertex 89.0808 9.08076 45
    endloop
  endfacet
  facet normal 0 0 1
    outer loop
      vertex 87.5251 7.52513 45
      vertex 89.0808 9.08076 45
      vertex 88.9951 9.17529 45
    endloop
  endfacet
  facet normal 0 0 1
    outer loop
      vertex 89.6226 8.75598 45
      vertex 88.984 6.65071 45
      vertex 89.3172 6.56725 45
    endloop
  endfacet
  facet normal 0 0 1
    outer loop
      vertex 87.2945 7.77962 45
      vertex 88.9951 9.17529 45
      vertex 88.9191 9.27776 45
    endloop
  endfacet
  facet normal 0 0 1
    outer loop
      vertex 87.0899 8.0555 45
      vertex 88.9191 9.27776 45
      vertex 88.8535 9.38718 45
    endloop
  endfacet
  facet normal 0 0 1
    outer loop
      vertex 86.9133 8.35011 45
      vertex 88.8535 9.38718 45
      vertex 88.799 9.50251 45
    endloop
  endfacet
  facet normal 0 0 1
    outer loop
      vertex 86.7664 8.66061 45
      vertex 88.799 9.50251 45
      vertex 88.756 9.62263 45
    endloop
  endfacet
  facet normal 0 0 1
    outer loop
      vertex 86.6507 8.984 45
      vertex 88.756 9.62263 45
      vertex 88.725 9.74638 45
    endloop
  endfacet
  facet normal 0 0 1
    outer loop
      vertex 86.5673 9.31718 45
      vertex 88.725 9.74638 45
      vertex 88.7063 9.87258 45
    endloop
  endfacet
  facet normal 0 0 1
    outer loop
      vertex 89.5025 8.79896 45
      vertex 88.6606 6.76642 45
      vertex 88.984 6.65071 45
    endloop
  endfacet
  facet normal 0 0 1
    outer loop
      vertex 86.5169 9.65694 45
      vertex 88.7063 9.87258 45
      vertex 88.7 10 45
    endloop
  endfacet
  facet normal 0 0 1
    outer loop
      vertex 88.9191 10.7222 45
      vertex 87.0899 11.9445 45
      vertex 88.8535 10.6128 45
    endloop
  endfacet
  facet normal -0 0 1
    outer loop
      vertex 86.9133 11.6499 45
      vertex 88.8535 10.6128 45
      vertex 87.0899 11.9445 45
    endloop
  endfacet
  facet normal 0 0 1
    outer loop
      vertex 89.3872 8.8535 45
      vertex 88.3501 6.91327 45
      vertex 88.6606 6.76642 45
    endloop
  endfacet
  facet normal 0 0 1
    outer loop
      vertex 88.8535 10.6128 45
      vertex 86.9133 11.6499 45
      vertex 88.799 10.4975 45
    endloop
  endfacet
  facet normal 0 0 1
    outer loop
      vertex 89.2778 8.91909 45
      vertex 88.0555 7.08986 45
      vertex 88.3501 6.91327 45
    endloop
  endfacet
  facet normal -0 0 1
    outer loop
      vertex 86.7664 11.3394 45
      vertex 88.799 10.4975 45
      vertex 86.9133 11.6499 45
    endloop
  endfacet
  facet normal 0 0 1
    outer loop
      vertex 89.1753 8.99509 45
      vertex 87.7796 7.29446 45
      vertex 88.0555 7.08986 45
    endloop
  endfacet
  facet normal 0 0 1
    outer loop
      vertex 88.799 10.4975 45
      vertex 86.7664 11.3394 45
      vertex 88.756 10.3774 45
    endloop
  endfacet
  facet normal 0 0 1
    outer loop
      vertex 89.0808 9.08076 45
      vertex 87.5251 7.52513 45
      vertex 87.7796 7.29446 45
    endloop
  endfacet
  facet normal -0 0 1
    outer loop
      vertex 86.6507 11.016 45
      vertex 88.756 10.3774 45
      vertex 86.7664 11.3394 45
    endloop
  endfacet
  facet normal 0 0 1
    outer loop
      vertex 88.9951 9.17529 45
      vertex 87.2945 7.77962 45
      vertex 87.5251 7.52513 45
    endloop
  endfacet
  facet normal 0 0 1
    outer loop
      vertex 88.756 10.3774 45
      vertex 86.6507 11.016 45
      vertex 88.725 10.2536 45
    endloop
  endfacet
  facet normal 0 0 1
    outer loop
      vertex 88.9191 9.27776 45
      vertex 87.0899 8.0555 45
      vertex 87.2945 7.77962 45
    endloop
  endfacet
  facet normal -0 0 1
    outer loop
      vertex 86.5673 10.6828 45
      vertex 88.725 10.2536 45
      vertex 86.6507 11.016 45
    endloop
  endfacet
  facet normal 0 0 1
    outer loop
      vertex 88.8535 9.38718 45
      vertex 86.9133 8.35011 45
      vertex 87.0899 8.0555 45
    endloop
  endfacet
  facet normal 0 0 1
    outer loop
      vertex 88.725 10.2536 45
      vertex 86.5673 10.6828 45
      vertex 88.7063 10.1274 45
    endloop
  endfacet
  facet normal 0 0 1
    outer loop
      vertex 88.799 9.50251 45
      vertex 86.7664 8.66061 45
      vertex 86.9133 8.35011 45
    endloop
  endfacet
  facet normal -0 0 1
    outer loop
      vertex 86.5169 10.3431 45
      vertex 88.7063 10.1274 45
      vertex 86.5673 10.6828 45
    endloop
  endfacet
  facet normal 0 0 1
    outer loop
      vertex 88.756 9.62263 45
      vertex 86.6507 8.984 45
      vertex 86.7664 8.66061 45
    endloop
  endfacet
  facet normal 0 0 1
    outer loop
      vertex 88.7063 10.1274 45
      vertex 86.5169 10.3431 45
      vertex 88.7 10 45
    endloop
  endfacet
  facet normal 0 0 1
    outer loop
      vertex 88.725 9.74638 45
      vertex 86.5673 9.31718 45
      vertex 86.6507 8.984 45
    endloop
  endfacet
  facet normal 0 0 1
    outer loop
      vertex 86.5 10 45
      vertex 88.7 10 45
      vertex 86.5169 10.3431 45
    endloop
  endfacet
  facet normal 0 0 1
    outer loop
      vertex 88.7063 9.87258 45
      vertex 86.5169 9.65694 45
      vertex 86.5673 9.31718 45
    endloop
  endfacet
  facet normal 0 0 1
    outer loop
      vertex 88.7 10 45
      vertex 86.5 10 45
      vertex 86.5169 9.65694 45
    endloop
  endfacet
  facet normal 0.595659 0.803237 -0
    outer loop
      vertex 92.2204 12.7055 0
      vertex 91.9445 12.9101 45
      vertex 92.2204 12.7055 45
    endloop
  endfacet
  facet normal 0.595659 0.803237 0
    outer loop
      vertex 91.9445 12.9101 45
      vertex 92.2204 12.7055 0
      vertex 91.9445 12.9101 0
    endloop
  endfacet
  facet normal -0.514132 -0.857711 -1.21898e-06
    outer loop
      vertex 88.0555 7.08986 45
      vertex 88.2513 6.9725 40.0655
      vertex 88.3501 6.91327 45
    endloop
  endfacet
  facet normal -0.514109 -0.857725 0
    outer loop
      vertex 88.0555 7.08986 45
      vertex 88.2513 6.9725 6.93445
      vertex 88.2513 6.9725 40.0655
    endloop
  endfacet
  facet normal -0.514109 -0.857725 0
    outer loop
      vertex 88.2513 6.9725 6.93445
      vertex 88.0555 7.08986 45
      vertex 88.0555 7.08986 0
    endloop
  endfacet
  facet normal -0.514177 -0.857684 -0
    outer loop
      vertex 88.3501 6.91327 45
      vertex 88.2513 6.9725 40.0655
      vertex 88.3501 6.91327 39.8784
    endloop
  endfacet
  facet normal -0.514132 -0.857711 8.67414e-07
    outer loop
      vertex 88.3501 6.91327 0
      vertex 88.2513 6.9725 6.93445
      vertex 88.0555 7.08986 0
    endloop
  endfacet
  facet normal -0.514177 -0.857684 0
    outer loop
      vertex 88.2513 6.9725 6.93445
      vertex 88.3501 6.91327 0
      vertex 88.3501 6.91327 7.12162
    endloop
  endfacet
  facet normal 0.514153 0.857698 -0
    outer loop
      vertex 91.9445 12.9101 0
      vertex 91.6499 13.0867 45
      vertex 91.9445 12.9101 45
    endloop
  endfacet
  facet normal 0.514153 0.857698 0
    outer loop
      vertex 91.6499 13.0867 45
      vertex 91.9445 12.9101 0
      vertex 91.6499 13.0867 0
    endloop
  endfacet
  facet normal 0.14676 -0.989172 0
    outer loop
      vertex 90.3431 6.51685 37.2094
      vertex 90.6828 6.56725 45
      vertex 90.3431 6.51685 45
    endloop
  endfacet
  facet normal 0.146803 -0.989166 -1.93298e-06
    outer loop
      vertex 90.4439 6.53181 37.1229
      vertex 90.6828 6.56725 45
      vertex 90.3431 6.51685 37.2094
    endloop
  endfacet
  facet normal 0.146741 -0.989175 0
    outer loop
      vertex 90.6828 6.56725 45
      vertex 90.4439 6.53181 37.1229
      vertex 90.6828 6.56725 36.6813
    endloop
  endfacet
  facet normal 0.14676 -0.989172 0
    outer loop
      vertex 90.6828 6.56725 0
      vertex 90.3431 6.51685 9.79056
      vertex 90.3431 6.51685 0
    endloop
  endfacet
  facet normal 0.146803 -0.989166 1.54953e-06
    outer loop
      vertex 90.3431 6.51685 9.79056
      vertex 90.6828 6.56725 0
      vertex 90.4439 6.53181 9.87707
    endloop
  endfacet
  facet normal 0.146741 -0.989175 0
    outer loop
      vertex 90.4439 6.53181 9.87707
      vertex 90.6828 6.56725 0
      vertex 90.6828 6.56725 10.3187
    endloop
  endfacet
  facet normal 0.941557 0.336853 0
    outer loop
      vertex 93.3493 11.016 45
      vertex 93.2336 11.3394 39.3446
      vertex 93.2336 11.3394 45
    endloop
  endfacet
  facet normal 0.941557 0.336853 0
    outer loop
      vertex 93.2336 11.3394 39.3446
      vertex 93.3493 11.016 45
      vertex 93.3493 11.016 38.8403
    endloop
  endfacet
  facet normal 0.941557 0.336853 -0
    outer loop
      vertex 93.3493 11.016 0
      vertex 93.2336 11.3394 7.65537
      vertex 93.3493 11.016 8.15968
    endloop
  endfacet
  facet normal 0.941557 0.336853 0
    outer loop
      vertex 93.2336 11.3394 7.65537
      vertex 93.3493 11.016 0
      vertex 93.2336 11.3394 0
    endloop
  endfacet
  facet normal 0.857706 -0.51414 0
    outer loop
      vertex 92.9101 8.0555 45
      vertex 93.0867 8.35011 35.4985
      vertex 93.0867 8.35011 45
    endloop
  endfacet
  facet normal 0.8577 -0.514151 -4.49599e-07
    outer loop
      vertex 93.0867 8.35011 35.4985
      vertex 92.9101 8.0555 45
      vertex 92.9638 8.14509 35.3957
    endloop
  endfacet
  facet normal 0.857721 -0.514116 0
    outer loop
      vertex 92.9638 8.14509 35.3957
      vertex 92.9101 8.0555 45
      vertex 92.9101 8.0555 35.3196
    endloop
  endfacet
  facet normal 0.8577 -0.514151 3.7241e-07
    outer loop
      vertex 92.9101 8.0555 0
      vertex 93.0867 8.35011 11.5015
      vertex 92.9638 8.14509 11.6043
    endloop
  endfacet
  facet normal 0.857721 -0.514116 0
    outer loop
      vertex 92.9101 8.0555 0
      vertex 92.9638 8.14509 11.6043
      vertex 92.9101 8.0555 11.6804
    endloop
  endfacet
  facet normal 0.857706 -0.51414 0
    outer loop
      vertex 93.0867 8.35011 11.5015
      vertex 92.9101 8.0555 0
      vertex 93.0867 8.35011 0
    endloop
  endfacet
  facet normal -0.998789 -0.0492029 0
    outer loop
      vertex 86.5169 9.65694 0
      vertex 86.5 10 45
      vertex 86.5 10 0
    endloop
  endfacet
  facet normal -0.998789 -0.0492029 0
    outer loop
      vertex 86.5 10 45
      vertex 86.5169 9.65694 0
      vertex 86.5169 9.65694 45
    endloop
  endfacet
  facet normal 0.941554 -0.336862 0
    outer loop
      vertex 93.2336 8.66061 0
      vertex 93.3493 8.984 10.833
      vertex 93.2336 8.66061 11.2285
    endloop
  endfacet
  facet normal 0.941554 -0.336862 0
    outer loop
      vertex 93.3493 8.984 10.833
      vertex 93.2336 8.66061 0
      vertex 93.3493 8.984 0
    endloop
  endfacet
  facet normal 0.941554 -0.336862 0
    outer loop
      vertex 93.2336 8.66061 45
      vertex 93.3493 8.984 36.167
      vertex 93.3493 8.984 45
    endloop
  endfacet
  facet normal 0.941554 -0.336862 0
    outer loop
      vertex 93.3493 8.984 36.167
      vertex 93.2336 8.66061 45
      vertex 93.2336 8.66061 35.7715
    endloop
  endfacet
  facet normal -0.14676 0.989172 5.45634e-07
    outer loop
      vertex 89.6569 13.4831 45
      vertex 89.4997 13.4598 3
      vertex 89.3172 13.4327 45
    endloop
  endfacet
  facet normal -0.146617 0.989193 0
    outer loop
      vertex 89.6569 13.4831 0
      vertex 89.4997 13.4598 3
      vertex 89.6569 13.4831 45
    endloop
  endfacet
  facet normal -0.146877 0.989155 -1.39199e-05
    outer loop
      vertex 89.6569 13.4831 0
      vertex 89.3172 13.4327 2.92527
      vertex 89.4997 13.4598 3
    endloop
  endfacet
  facet normal -0.14676 0.989172 0
    outer loop
      vertex 89.3172 13.4327 2.92527
      vertex 89.6569 13.4831 0
      vertex 89.3172 13.4327 0
    endloop
  endfacet
  facet normal -0.146883 0.989154 0
    outer loop
      vertex 89.3172 13.4327 45
      vertex 89.4997 13.4598 3
      vertex 89.3172 13.4327 3
    endloop
  endfacet
  facet normal 0.741046 0.671454 0
    outer loop
      vertex 92.7055 12.2204 45
      vertex 92.4749 12.4749 0
      vertex 92.4749 12.4749 45
    endloop
  endfacet
  facet normal 0.741046 0.671454 0
    outer loop
      vertex 92.4749 12.4749 0
      vertex 92.7055 12.2204 45
      vertex 92.7055 12.2204 0
    endloop
  endfacet
  facet normal 0.0491971 0.998789 -0
    outer loop
      vertex 90.3431 13.4831 0
      vertex 90 13.5 45
      vertex 90.3431 13.4831 45
    endloop
  endfacet
  facet normal 0.0491971 0.998789 0
    outer loop
      vertex 90 13.5 45
      vertex 90.3431 13.4831 0
      vertex 90 13.5 0
    endloop
  endfacet
  facet normal 0.903939 0.427661 0
    outer loop
      vertex 93.2336 11.3394 45
      vertex 93.0867 11.6499 39.8784
      vertex 93.0867 11.6499 45
    endloop
  endfacet
  facet normal 0.903939 0.427661 0
    outer loop
      vertex 93.0867 11.6499 39.8784
      vertex 93.2336 11.3394 45
      vertex 93.2336 11.3394 39.3446
    endloop
  endfacet
  facet normal 0.903939 0.427661 -0
    outer loop
      vertex 93.2336 11.3394 0
      vertex 93.0867 11.6499 7.12162
      vertex 93.2336 11.3394 7.65537
    endloop
  endfacet
  facet normal 0.903939 0.427661 0
    outer loop
      vertex 93.0867 11.6499 7.12162
      vertex 93.2336 11.3394 0
      vertex 93.0867 11.6499 0
    endloop
  endfacet
  facet normal -0.14676 -0.989172 0
    outer loop
      vertex 89.3172 6.56725 38.3703
      vertex 89.6569 6.51685 45
      vertex 89.3172 6.56725 45
    endloop
  endfacet
  facet normal -0.14676 -0.989172 -0
    outer loop
      vertex 89.6569 6.51685 45
      vertex 89.3172 6.56725 38.3703
      vertex 89.6569 6.51685 37.9391
    endloop
  endfacet
  facet normal -0.14676 -0.989172 0
    outer loop
      vertex 89.6569 6.51685 0
      vertex 89.3172 6.56725 8.62969
      vertex 89.3172 6.56725 0
    endloop
  endfacet
  facet normal -0.14676 -0.989172 0
    outer loop
      vertex 89.3172 6.56725 8.62969
      vertex 89.6569 6.51685 0
      vertex 89.6569 6.51685 9.06087
    endloop
  endfacet
  facet normal 0.671566 -0.740944 0
    outer loop
      vertex 92.2204 7.29446 35.1938
      vertex 92.4749 7.52513 45
      vertex 92.2204 7.29446 45
    endloop
  endfacet
  facet normal 0.67155 -0.740959 7.55602e-07
    outer loop
      vertex 92.4749 7.52512 35.1938
      vertex 92.4749 7.52513 45
      vertex 92.2204 7.29446 35.1938
    endloop
  endfacet
  facet normal 1 0 0
    outer loop
      vertex 92.4749 7.52513 45
      vertex 92.4749 7.52512 35.1938
      vertex 92.4749 7.52513 35.1938
    endloop
  endfacet
  facet normal 0.67155 -0.740959 0
    outer loop
      vertex 92.2204 7.29446 0
      vertex 92.4749 7.52512 11.8062
      vertex 92.2204 7.29446 11.8062
    endloop
  endfacet
  facet normal 0.671566 -0.740944 -6.27589e-07
    outer loop
      vertex 92.4749 7.52513 0
      vertex 92.4749 7.52512 11.8062
      vertex 92.2204 7.29446 0
    endloop
  endfacet
  facet normal 1 -0 0
    outer loop
      vertex 92.4749 7.52512 11.8062
      vertex 92.4749 7.52513 0
      vertex 92.4749 7.52513 11.8062
    endloop
  endfacet
  facet normal -0.0490519 -0.998796 0
    outer loop
      vertex 90 6.5 0
      vertex 89.6569 6.51685 9.06087
      vertex 89.6569 6.51685 0
    endloop
  endfacet
  facet normal -0.0490519 -0.998796 0
    outer loop
      vertex 89.6569 6.51685 9.06087
      vertex 90 6.5 0
      vertex 90 6.5 9.44908
    endloop
  endfacet
  facet normal -0.0490519 -0.998796 0
    outer loop
      vertex 89.6569 6.51685 37.9391
      vertex 90 6.5 45
      vertex 89.6569 6.51685 45
    endloop
  endfacet
  facet normal -0.0490519 -0.998796 -0
    outer loop
      vertex 90 6.5 45
      vertex 89.6569 6.51685 37.9391
      vertex 90 6.5 37.5509
    endloop
  endfacet
  facet normal -0.741046 0.671454 0
    outer loop
      vertex 87.2945 12.2204 3
      vertex 87.5251 12.4749 45
      vertex 87.5251 12.4749 3
    endloop
  endfacet
  facet normal -0.741046 0.671454 0
    outer loop
      vertex 87.5251 12.4749 45
      vertex 87.2945 12.2204 3
      vertex 87.2945 12.2204 45
    endloop
  endfacet
  facet normal -0.741046 0.671454 0
    outer loop
      vertex 87.2945 12.2204 0
      vertex 87.5251 12.4749 2.47428
      vertex 87.5251 12.4749 0
    endloop
  endfacet
  facet normal -0.741046 0.671454 0
    outer loop
      vertex 87.5251 12.4749 2.47428
      vertex 87.2945 12.2204 0
      vertex 87.2945 12.2204 2.49374
    endloop
  endfacet
  facet normal -0.903939 0.427661 0
    outer loop
      vertex 86.7664 11.3394 0
      vertex 86.9133 11.6499 2.60115
      vertex 86.9133 11.6499 0
    endloop
  endfacet
  facet normal -0.904011 0.427508 2.22899e-05
    outer loop
      vertex 86.9133 11.6499 2.60115
      vertex 86.7664 11.3394 0
      vertex 86.7999 11.4101 2.67172
    endloop
  endfacet
  facet normal -0.903686 0.428196 0
    outer loop
      vertex 86.7999 11.4101 2.67172
      vertex 86.7664 11.3394 0
      vertex 86.7664 11.3394 2.69254
    endloop
  endfacet
  facet normal -0.903939 0.427661 0
    outer loop
      vertex 86.7664 11.3394 3
      vertex 86.9133 11.6499 45
      vertex 86.9133 11.6499 3
    endloop
  endfacet
  facet normal -0.903939 0.427661 0
    outer loop
      vertex 86.9133 11.6499 45
      vertex 86.7664 11.3394 3
      vertex 86.7664 11.3394 45
    endloop
  endfacet
  facet normal -0.671566 -0.740944 0
    outer loop
      vertex 87.5251 7.52513 0
      vertex 87.7796 7.29446 45
      vertex 87.5251 7.52513 45
    endloop
  endfacet
  facet normal -0.671566 -0.740944 -0
    outer loop
      vertex 87.7796 7.29446 45
      vertex 87.5251 7.52513 0
      vertex 87.7796 7.29446 0
    endloop
  endfacet
  facet normal -0.970074 0.24281 0
    outer loop
      vertex 86.5673 10.6828 3
      vertex 86.6507 11.016 45
      vertex 86.6507 11.016 3
    endloop
  endfacet
  facet normal -0.970074 0.24281 0
    outer loop
      vertex 86.6507 11.016 45
      vertex 86.5673 10.6828 3
      vertex 86.5673 10.6828 45
    endloop
  endfacet
  facet normal -0.970074 0.24281 0
    outer loop
      vertex 86.5673 10.6828 0
      vertex 86.6507 11.016 2.80092
      vertex 86.6507 11.016 0
    endloop
  endfacet
  facet normal -0.970074 0.24281 0
    outer loop
      vertex 86.6507 11.016 2.80092
      vertex 86.5673 10.6828 0
      vertex 86.5673 10.6828 2.92527
    endloop
  endfacet
  facet normal 0.24281 0.970074 -0
    outer loop
      vertex 91.016 13.3493 0
      vertex 90.6828 13.4327 45
      vertex 91.016 13.3493 45
    endloop
  endfacet
  facet normal 0.24281 0.970074 0
    outer loop
      vertex 90.6828 13.4327 45
      vertex 91.016 13.3493 0
      vertex 90.6828 13.4327 0
    endloop
  endfacet
  facet normal -0.970071 -0.242823 0
    outer loop
      vertex 86.6507 8.984 0
      vertex 86.5673 9.31718 45
      vertex 86.5673 9.31718 0
    endloop
  endfacet
  facet normal -0.970071 -0.242823 0
    outer loop
      vertex 86.5673 9.31718 45
      vertex 86.6507 8.984 0
      vertex 86.6507 8.984 45
    endloop
  endfacet
  facet normal -0.427542 -0.903996 0
    outer loop
      vertex 88.6606 6.76642 0
      vertex 88.3501 6.91327 7.12162
      vertex 88.3501 6.91327 0
    endloop
  endfacet
  facet normal -0.427542 -0.903996 0
    outer loop
      vertex 88.3501 6.91327 7.12162
      vertex 88.6606 6.76642 0
      vertex 88.6606 6.76642 7.65537
    endloop
  endfacet
  facet normal -0.427542 -0.903996 0
    outer loop
      vertex 88.3501 6.91327 39.8784
      vertex 88.6606 6.76642 45
      vertex 88.3501 6.91327 45
    endloop
  endfacet
  facet normal -0.427542 -0.903996 -0
    outer loop
      vertex 88.6606 6.76642 45
      vertex 88.3501 6.91327 39.8784
      vertex 88.6606 6.76642 39.3446
    endloop
  endfacet
  facet normal -0.741033 -0.671469 0
    outer loop
      vertex 87.5251 7.52513 0
      vertex 87.2945 7.77962 45
      vertex 87.2945 7.77962 0
    endloop
  endfacet
  facet normal -0.741033 -0.671469 0
    outer loop
      vertex 87.2945 7.77962 45
      vertex 87.5251 7.52513 0
      vertex 87.5251 7.52513 45
    endloop
  endfacet
  facet normal 0.427542 -0.903996 0
    outer loop
      vertex 91.3394 6.76642 35.7715
      vertex 91.6499 6.91327 45
      vertex 91.3394 6.76642 45
    endloop
  endfacet
  facet normal 0.427542 -0.903996 0
    outer loop
      vertex 91.6499 6.91327 45
      vertex 91.3394 6.76642 35.7715
      vertex 91.6499 6.91327 35.4986
    endloop
  endfacet
  facet normal 0.427542 -0.903996 0
    outer loop
      vertex 91.6499 6.91327 0
      vertex 91.3394 6.76642 11.2285
      vertex 91.3394 6.76642 0
    endloop
  endfacet
  facet normal 0.427542 -0.903996 0
    outer loop
      vertex 91.3394 6.76642 11.2285
      vertex 91.6499 6.91327 0
      vertex 91.6499 6.91327 11.5015
    endloop
  endfacet
  facet normal 0.0490519 -0.998796 0
    outer loop
      vertex 90.3431 6.51685 0
      vertex 90 6.5 9.44908
      vertex 90 6.5 0
    endloop
  endfacet
  facet normal 0.0490519 -0.998796 0
    outer loop
      vertex 90 6.5 9.44908
      vertex 90.3431 6.51685 0
      vertex 90.3431 6.51685 9.79056
    endloop
  endfacet
  facet normal 0.0490519 -0.998796 0
    outer loop
      vertex 90 6.5 37.5509
      vertex 90.3431 6.51685 45
      vertex 90 6.5 45
    endloop
  endfacet
  facet normal 0.0490519 -0.998796 0
    outer loop
      vertex 90.3431 6.51685 45
      vertex 90 6.5 37.5509
      vertex 90.3431 6.51685 37.2094
    endloop
  endfacet
  facet normal -0.989176 -0.146734 0
    outer loop
      vertex 86.5673 9.31718 0
      vertex 86.5169 9.65694 45
      vertex 86.5169 9.65694 0
    endloop
  endfacet
  facet normal -0.989176 -0.146734 0
    outer loop
      vertex 86.5169 9.65694 45
      vertex 86.5673 9.31718 0
      vertex 86.5673 9.31718 45
    endloop
  endfacet
  facet normal 0.595659 -0.803237 0
    outer loop
      vertex 92.2204 7.29446 0
      vertex 91.9445 7.08986 11.6804
      vertex 91.9445 7.08986 0
    endloop
  endfacet
  facet normal 0.595659 -0.803237 0
    outer loop
      vertex 91.9445 7.08986 11.6804
      vertex 92.2204 7.29446 0
      vertex 92.2204 7.29446 11.8062
    endloop
  endfacet
  facet normal 0.595659 -0.803237 0
    outer loop
      vertex 91.9445 7.08986 35.3196
      vertex 92.2204 7.29446 45
      vertex 91.9445 7.08986 45
    endloop
  endfacet
  facet normal 0.595659 -0.803237 0
    outer loop
      vertex 92.2204 7.29446 45
      vertex 91.9445 7.08986 35.3196
      vertex 92.2204 7.29446 35.1938
    endloop
  endfacet
  facet normal -0.803217 -0.595687 0
    outer loop
      vertex 87.2945 7.77962 0
      vertex 87.0899 8.0555 45
      vertex 87.0899 8.0555 0
    endloop
  endfacet
  facet normal -0.803217 -0.595687 0
    outer loop
      vertex 87.0899 8.0555 45
      vertex 87.2945 7.77962 0
      vertex 87.2945 7.77962 45
    endloop
  endfacet
  facet normal -0.998789 0.0491971 0
    outer loop
      vertex 86.5 10 0
      vertex 86.5169 10.3431 45
      vertex 86.5169 10.3431 0
    endloop
  endfacet
  facet normal -0.998789 0.0491971 0
    outer loop
      vertex 86.5169 10.3431 45
      vertex 86.5 10 0
      vertex 86.5 10 45
    endloop
  endfacet
  facet normal 0 0 -1
    outer loop
      vertex 93.4831 9.65694 0
      vertex 93.4831 10.3431 0
      vertex 93.5 10 0
    endloop
  endfacet
  facet normal 0 0 -1
    outer loop
      vertex 93.4327 9.31718 0
      vertex 93.4831 10.3431 0
      vertex 93.4831 9.65694 0
    endloop
  endfacet
  facet normal 0 0 -1
    outer loop
      vertex 93.4327 9.31718 0
      vertex 93.4327 10.6828 0
      vertex 93.4831 10.3431 0
    endloop
  endfacet
  facet normal 0 0 -1
    outer loop
      vertex 93.3493 8.984 0
      vertex 93.4327 10.6828 0
      vertex 93.4327 9.31718 0
    endloop
  endfacet
  facet normal 0 0 -1
    outer loop
      vertex 93.3493 8.984 0
      vertex 93.3493 11.016 0
      vertex 93.4327 10.6828 0
    endloop
  endfacet
  facet normal 0 0 -1
    outer loop
      vertex 93.2336 8.66061 0
      vertex 93.3493 11.016 0
      vertex 93.3493 8.984 0
    endloop
  endfacet
  facet normal 0 0 -1
    outer loop
      vertex 93.2336 8.66061 0
      vertex 93.2336 11.3394 0
      vertex 93.3493 11.016 0
    endloop
  endfacet
  facet normal 0 0 -1
    outer loop
      vertex 93.0867 8.35011 0
      vertex 93.2336 11.3394 0
      vertex 93.2336 8.66061 0
    endloop
  endfacet
  facet normal 0 0 -1
    outer loop
      vertex 93.0867 8.35011 0
      vertex 93.0867 11.6499 0
      vertex 93.2336 11.3394 0
    endloop
  endfacet
  facet normal 0 0 -1
    outer loop
      vertex 92.9101 8.0555 0
      vertex 93.0867 11.6499 0
      vertex 93.0867 8.35011 0
    endloop
  endfacet
  facet normal 0 0 -1
    outer loop
      vertex 92.9101 8.0555 0
      vertex 92.9101 11.9445 0
      vertex 93.0867 11.6499 0
    endloop
  endfacet
  facet normal 0 0 -1
    outer loop
      vertex 92.7055 7.77962 0
      vertex 92.9101 11.9445 0
      vertex 92.9101 8.0555 0
    endloop
  endfacet
  facet normal 0 0 -1
    outer loop
      vertex 92.7055 7.77962 0
      vertex 92.7055 12.2204 0
      vertex 92.9101 11.9445 0
    endloop
  endfacet
  facet normal 0 0 -1
    outer loop
      vertex 92.4749 7.52513 0
      vertex 92.7055 12.2204 0
      vertex 92.7055 7.77962 0
    endloop
  endfacet
  facet normal 0 0 -1
    outer loop
      vertex 92.4749 7.52513 0
      vertex 92.4749 12.4749 0
      vertex 92.7055 12.2204 0
    endloop
  endfacet
  facet normal 0 0 -1
    outer loop
      vertex 92.2204 7.29446 0
      vertex 92.4749 12.4749 0
      vertex 92.4749 7.52513 0
    endloop
  endfacet
  facet normal 0 0 -1
    outer loop
      vertex 92.2204 7.29446 0
      vertex 92.2204 12.7055 0
      vertex 92.4749 12.4749 0
    endloop
  endfacet
  facet normal 0 0 -1
    outer loop
      vertex 91.9445 7.08986 0
      vertex 92.2204 12.7055 0
      vertex 92.2204 7.29446 0
    endloop
  endfacet
  facet normal 0 0 -1
    outer loop
      vertex 91.9445 7.08986 0
      vertex 91.9445 12.9101 0
      vertex 92.2204 12.7055 0
    endloop
  endfacet
  facet normal 0 0 -1
    outer loop
      vertex 91.6499 6.91327 0
      vertex 91.9445 12.9101 0
      vertex 91.9445 7.08986 0
    endloop
  endfacet
  facet normal 0 0 -1
    outer loop
      vertex 91.6499 6.91327 0
      vertex 91.6499 13.0867 0
      vertex 91.9445 12.9101 0
    endloop
  endfacet
  facet normal 0 0 -1
    outer loop
      vertex 91.3394 6.76642 0
      vertex 91.6499 13.0867 0
      vertex 91.6499 6.91327 0
    endloop
  endfacet
  facet normal 0 0 -1
    outer loop
      vertex 91.3394 6.76642 0
      vertex 91.3394 13.2336 0
      vertex 91.6499 13.0867 0
    endloop
  endfacet
  facet normal 0 0 -1
    outer loop
      vertex 91.016 6.65071 0
      vertex 91.3394 13.2336 0
      vertex 91.3394 6.76642 0
    endloop
  endfacet
  facet normal 0 0 -1
    outer loop
      vertex 91.016 6.65071 0
      vertex 91.016 13.3493 0
      vertex 91.3394 13.2336 0
    endloop
  endfacet
  facet normal 0 0 -1
    outer loop
      vertex 90.6828 6.56725 0
      vertex 91.016 13.3493 0
      vertex 91.016 6.65071 0
    endloop
  endfacet
  facet normal 0 0 -1
    outer loop
      vertex 90.6828 6.56725 0
      vertex 90.6828 13.4327 0
      vertex 91.016 13.3493 0
    endloop
  endfacet
  facet normal 0 0 -1
    outer loop
      vertex 90.3431 6.51685 0
      vertex 90.6828 13.4327 0
      vertex 90.6828 6.56725 0
    endloop
  endfacet
  facet normal 0 0 -1
    outer loop
      vertex 90.3431 6.51685 0
      vertex 90.3431 13.4831 0
      vertex 90.6828 13.4327 0
    endloop
  endfacet
  facet normal 0 0 -1
    outer loop
      vertex 90 6.5 0
      vertex 90.3431 13.4831 0
      vertex 90.3431 6.51685 0
    endloop
  endfacet
  facet normal 0 0 -1
    outer loop
      vertex 90 6.5 0
      vertex 90 13.5 0
      vertex 90.3431 13.4831 0
    endloop
  endfacet
  facet normal 0 0 -1
    outer loop
      vertex 89.6569 6.51685 0
      vertex 90 13.5 0
      vertex 90 6.5 0
    endloop
  endfacet
  facet normal 0 0 -1
    outer loop
      vertex 89.6569 6.51685 0
      vertex 89.6569 13.4831 0
      vertex 90 13.5 0
    endloop
  endfacet
  facet normal 0 0 -1
    outer loop
      vertex 89.3172 6.56725 0
      vertex 89.6569 13.4831 0
      vertex 89.6569 6.51685 0
    endloop
  endfacet
  facet normal 0 0 -1
    outer loop
      vertex 89.3172 6.56725 0
      vertex 89.3172 13.4327 0
      vertex 89.6569 13.4831 0
    endloop
  endfacet
  facet normal 0 0 -1
    outer loop
      vertex 88.984 6.65071 0
      vertex 89.3172 13.4327 0
      vertex 89.3172 6.56725 0
    endloop
  endfacet
  facet normal 0 0 -1
    outer loop
      vertex 88.984 6.65071 0
      vertex 88.984 13.3493 0
      vertex 89.3172 13.4327 0
    endloop
  endfacet
  facet normal 0 0 -1
    outer loop
      vertex 88.6606 6.76642 0
      vertex 88.984 13.3493 0
      vertex 88.984 6.65071 0
    endloop
  endfacet
  facet normal 0 0 -1
    outer loop
      vertex 88.6606 6.76642 0
      vertex 88.6606 13.2336 0
      vertex 88.984 13.3493 0
    endloop
  endfacet
  facet normal 0 0 -1
    outer loop
      vertex 88.3501 6.91327 0
      vertex 88.6606 13.2336 0
      vertex 88.6606 6.76642 0
    endloop
  endfacet
  facet normal 0 0 -1
    outer loop
      vertex 88.3501 6.91327 0
      vertex 88.3501 13.0867 0
      vertex 88.6606 13.2336 0
    endloop
  endfacet
  facet normal 0 0 -1
    outer loop
      vertex 88.0555 7.08986 0
      vertex 88.3501 13.0867 0
      vertex 88.3501 6.91327 0
    endloop
  endfacet
  facet normal 0 0 -1
    outer loop
      vertex 88.0555 7.08986 0
      vertex 88.0555 12.9101 0
      vertex 88.3501 13.0867 0
    endloop
  endfacet
  facet normal 0 0 -1
    outer loop
      vertex 87.7796 7.29446 0
      vertex 88.0555 12.9101 0
      vertex 88.0555 7.08986 0
    endloop
  endfacet
  facet normal 0 0 -1
    outer loop
      vertex 87.7796 7.29446 0
      vertex 87.7796 12.7055 0
      vertex 88.0555 12.9101 0
    endloop
  endfacet
  facet normal 0 0 -1
    outer loop
      vertex 87.5251 7.52513 0
      vertex 87.7796 12.7055 0
      vertex 87.7796 7.29446 0
    endloop
  endfacet
  facet normal 0 0 -1
    outer loop
      vertex 87.5251 7.52513 0
      vertex 87.5251 12.4749 0
      vertex 87.7796 12.7055 0
    endloop
  endfacet
  facet normal 0 0 -1
    outer loop
      vertex 87.2945 7.77962 0
      vertex 87.5251 12.4749 0
      vertex 87.5251 7.52513 0
    endloop
  endfacet
  facet normal 0 0 -1
    outer loop
      vertex 87.2945 7.77962 0
      vertex 87.2945 12.2204 0
      vertex 87.5251 12.4749 0
    endloop
  endfacet
  facet normal 0 0 -1
    outer loop
      vertex 87.0899 8.0555 0
      vertex 87.2945 12.2204 0
      vertex 87.2945 7.77962 0
    endloop
  endfacet
  facet normal 0 0 -1
    outer loop
      vertex 87.0899 8.0555 0
      vertex 87.0899 11.9445 0
      vertex 87.2945 12.2204 0
    endloop
  endfacet
  facet normal 0 0 -1
    outer loop
      vertex 86.9133 8.35011 0
      vertex 87.0899 11.9445 0
      vertex 87.0899 8.0555 0
    endloop
  endfacet
  facet normal 0 0 -1
    outer loop
      vertex 86.9133 8.35011 0
      vertex 86.9133 11.6499 0
      vertex 87.0899 11.9445 0
    endloop
  endfacet
  facet normal 0 0 -1
    outer loop
      vertex 86.7664 8.66061 0
      vertex 86.9133 11.6499 0
      vertex 86.9133 8.35011 0
    endloop
  endfacet
  facet normal 0 0 -1
    outer loop
      vertex 86.7664 8.66061 0
      vertex 86.7664 11.3394 0
      vertex 86.9133 11.6499 0
    endloop
  endfacet
  facet normal 0 0 -1
    outer loop
      vertex 86.6507 8.984 0
      vertex 86.7664 11.3394 0
      vertex 86.7664 8.66061 0
    endloop
  endfacet
  facet normal 0 0 -1
    outer loop
      vertex 86.6507 8.984 0
      vertex 86.6507 11.016 0
      vertex 86.7664 11.3394 0
    endloop
  endfacet
  facet normal 0 0 -1
    outer loop
      vertex 86.5673 9.31718 0
      vertex 86.6507 11.016 0
      vertex 86.6507 8.984 0
    endloop
  endfacet
  facet normal 0 0 -1
    outer loop
      vertex 86.5673 9.31718 0
      vertex 86.5673 10.6828 0
      vertex 86.6507 11.016 0
    endloop
  endfacet
  facet normal 0 0 -1
    outer loop
      vertex 86.5169 9.65694 0
      vertex 86.5673 10.6828 0
      vertex 86.5673 9.31718 0
    endloop
  endfacet
  facet normal 0 0 -1
    outer loop
      vertex 86.5169 9.65694 0
      vertex 86.5169 10.3431 0
      vertex 86.5673 10.6828 0
    endloop
  endfacet
  facet normal 0 -0 -1
    outer loop
      vertex 86.5169 10.3431 0
      vertex 86.5169 9.65694 0
      vertex 86.5 10 0
    endloop
  endfacet
  facet normal 0.741033 -0.671469 0
    outer loop
      vertex 92.4749 7.52513 11.8062
      vertex 92.7055 7.77962 0
      vertex 92.7055 7.77962 11.8062
    endloop
  endfacet
  facet normal 0.741033 -0.671469 0
    outer loop
      vertex 92.7055 7.77962 0
      vertex 92.4749 7.52513 11.8062
      vertex 92.4749 7.52513 0
    endloop
  endfacet
  facet normal 0.741033 -0.671469 0
    outer loop
      vertex 92.4749 7.52513 45
      vertex 92.7055 7.77962 35.1938
      vertex 92.7055 7.77962 45
    endloop
  endfacet
  facet normal 0.741033 -0.671469 0
    outer loop
      vertex 92.7055 7.77962 35.1938
      vertex 92.4749 7.52513 45
      vertex 92.4749 7.52513 35.1938
    endloop
  endfacet
  facet normal -0.336862 -0.941554 0
    outer loop
      vertex 8.66061 46.7664 0
      vertex 8.984 46.6507 45
      vertex 8.66061 46.7664 45
    endloop
  endfacet
  facet normal -0.336862 -0.941554 -0
    outer loop
      vertex 8.984 46.6507 45
      vertex 8.66061 46.7664 0
      vertex 8.984 46.6507 0
    endloop
  endfacet
  facet normal 0.989172 0.14676 0
    outer loop
      vertex 13.4831 50.3431 45
      vertex 13.4327 50.6828 0
      vertex 13.4327 50.6828 45
    endloop
  endfacet
  facet normal 0.989172 0.14676 0
    outer loop
      vertex 13.4327 50.6828 0
      vertex 13.4831 50.3431 45
      vertex 13.4831 50.3431 0
    endloop
  endfacet
  facet normal 0.998789 0.0491971 0
    outer loop
      vertex 13.5 50 45
      vertex 13.4831 50.3431 0
      vertex 13.4831 50.3431 45
    endloop
  endfacet
  facet normal 0.998789 0.0491971 0
    outer loop
      vertex 13.4831 50.3431 0
      vertex 13.5 50 45
      vertex 13.5 50 0
    endloop
  endfacet
  facet normal 0.970074 0.24281 0
    outer loop
      vertex 13.4327 50.6828 45
      vertex 13.3493 51.016 0
      vertex 13.3493 51.016 45
    endloop
  endfacet
  facet normal 0.970074 0.24281 0
    outer loop
      vertex 13.3493 51.016 0
      vertex 13.4327 50.6828 45
      vertex 13.4327 50.6828 0
    endloop
  endfacet
  facet normal -0.989175 0.146741 0
    outer loop
      vertex 6.56725 50.6828 0
      vertex 6.53181 50.4439 9.87707
      vertex 6.56725 50.6828 10.3187
    endloop
  endfacet
  facet normal -0.989172 0.14676 0
    outer loop
      vertex 6.51685 50.3431 9.79056
      vertex 6.56725 50.6828 0
      vertex 6.51685 50.3431 0
    endloop
  endfacet
  facet normal -0.989166 0.146803 1.54953e-06
    outer loop
      vertex 6.56725 50.6828 0
      vertex 6.51685 50.3431 9.79056
      vertex 6.53181 50.4439 9.87707
    endloop
  endfacet
  facet normal -0.989175 0.146741 0
    outer loop
      vertex 6.53181 50.4439 37.1229
      vertex 6.56725 50.6828 45
      vertex 6.56725 50.6828 36.6813
    endloop
  endfacet
  facet normal -0.989166 0.146803 -1.93298e-06
    outer loop
      vertex 6.51685 50.3431 37.2094
      vertex 6.56725 50.6828 45
      vertex 6.53181 50.4439 37.1229
    endloop
  endfacet
  facet normal -0.989172 0.14676 0
    outer loop
      vertex 6.56725 50.6828 45
      vertex 6.51685 50.3431 37.2094
      vertex 6.51685 50.3431 45
    endloop
  endfacet
  facet normal -0.242823 -0.970071 0
    outer loop
      vertex 8.984 46.6507 0
      vertex 9.31718 46.5673 45
      vertex 8.984 46.6507 45
    endloop
  endfacet
  facet normal -0.242823 -0.970071 -0
    outer loop
      vertex 9.31718 46.5673 45
      vertex 8.984 46.6507 0
      vertex 9.31718 46.5673 0
    endloop
  endfacet
  facet normal 0.336853 0.941557 0
    outer loop
      vertex 11.016 53.3493 0
      vertex 11.3394 53.2336 7.65537
      vertex 11.3394 53.2336 0
    endloop
  endfacet
  facet normal 0.336853 0.941557 0
    outer loop
      vertex 11.3394 53.2336 7.65537
      vertex 11.016 53.3493 0
      vertex 11.016 53.3493 8.15968
    endloop
  endfacet
  facet normal 0.336853 0.941557 -0
    outer loop
      vertex 11.3394 53.2336 39.3446
      vertex 11.016 53.3493 45
      vertex 11.3394 53.2336 45
    endloop
  endfacet
  facet normal 0.336853 0.941557 0
    outer loop
      vertex 11.016 53.3493 45
      vertex 11.3394 53.2336 39.3446
      vertex 11.016 53.3493 38.8403
    endloop
  endfacet
  facet normal -0.51414 0.857706 0
    outer loop
      vertex 8.0555 52.9101 0
      vertex 8.35011 53.0867 11.5015
      vertex 8.35011 53.0867 0
    endloop
  endfacet
  facet normal -0.514151 0.8577 3.7241e-07
    outer loop
      vertex 8.35011 53.0867 11.5015
      vertex 8.0555 52.9101 0
      vertex 8.14509 52.9638 11.6043
    endloop
  endfacet
  facet normal -0.514116 0.857721 0
    outer loop
      vertex 8.14509 52.9638 11.6043
      vertex 8.0555 52.9101 0
      vertex 8.0555 52.9101 11.6804
    endloop
  endfacet
  facet normal -0.51414 0.857706 0
    outer loop
      vertex 8.35011 53.0867 35.4985
      vertex 8.0555 52.9101 45
      vertex 8.35011 53.0867 45
    endloop
  endfacet
  facet normal -0.514151 0.8577 -4.49599e-07
    outer loop
      vertex 8.14509 52.9638 35.3957
      vertex 8.0555 52.9101 45
      vertex 8.35011 53.0867 35.4985
    endloop
  endfacet
  facet normal -0.514116 0.857721 0
    outer loop
      vertex 8.0555 52.9101 45
      vertex 8.14509 52.9638 35.3957
      vertex 8.0555 52.9101 35.3196
    endloop
  endfacet
  facet normal -0.903996 -0.427542 -0
    outer loop
      vertex 6.91327 48.3501 7.12162
      vertex 6.76642 48.6606 0
      vertex 6.91327 48.3501 0
    endloop
  endfacet
  facet normal -0.903996 -0.427542 0
    outer loop
      vertex 6.76642 48.6606 0
      vertex 6.91327 48.3501 7.12162
      vertex 6.76642 48.6606 7.65537
    endloop
  endfacet
  facet normal -0.903996 -0.427542 0
    outer loop
      vertex 6.91327 48.3501 39.8784
      vertex 6.76642 48.6606 45
      vertex 6.76642 48.6606 39.3446
    endloop
  endfacet
  facet normal -0.903996 -0.427542 0
    outer loop
      vertex 6.76642 48.6606 45
      vertex 6.91327 48.3501 39.8784
      vertex 6.91327 48.3501 45
    endloop
  endfacet
  facet normal -0.242823 0.970071 0
    outer loop
      vertex 9.31718 53.4327 36.6813
      vertex 8.984 53.3493 45
      vertex 9.31718 53.4327 45
    endloop
  endfacet
  facet normal -0.242823 0.970071 0
    outer loop
      vertex 8.984 53.3493 45
      vertex 9.31718 53.4327 36.6813
      vertex 8.984 53.3493 36.167
    endloop
  endfacet
  facet normal -0.242823 0.970071 0
    outer loop
      vertex 8.984 53.3493 0
      vertex 9.31718 53.4327 10.3187
      vertex 9.31718 53.4327 0
    endloop
  endfacet
  facet normal -0.242823 0.970071 0
    outer loop
      vertex 9.31718 53.4327 10.3187
      vertex 8.984 53.3493 0
      vertex 8.984 53.3493 10.833
    endloop
  endfacet
  facet normal -0.857684 -0.514177 0
    outer loop
      vertex 6.91327 48.3501 0
      vertex 6.9725 48.2513 6.93445
      vertex 6.91327 48.3501 7.12162
    endloop
  endfacet
  facet normal -0.857725 -0.514109 -0
    outer loop
      vertex 7.08986 48.0555 45
      vertex 6.9725 48.2513 6.93445
      vertex 7.08986 48.0555 0
    endloop
  endfacet
  facet normal -0.857711 -0.514132 8.67414e-07
    outer loop
      vertex 7.08986 48.0555 0
      vertex 6.9725 48.2513 6.93445
      vertex 6.91327 48.3501 0
    endloop
  endfacet
  facet normal -0.857684 -0.514177 0
    outer loop
      vertex 6.9725 48.2513 40.0655
      vertex 6.91327 48.3501 45
      vertex 6.91327 48.3501 39.8784
    endloop
  endfacet
  facet normal -0.857711 -0.514132 -1.21898e-06
    outer loop
      vertex 6.9725 48.2513 40.0655
      vertex 7.08986 48.0555 45
      vertex 6.91327 48.3501 45
    endloop
  endfacet
  facet normal -0.857725 -0.514109 0
    outer loop
      vertex 6.9725 48.2513 6.93445
      vertex 7.08986 48.0555 45
      vertex 6.9725 48.2513 40.0655
    endloop
  endfacet
  facet normal 0.24281 -0.970074 0
    outer loop
      vertex 10.6828 46.5673 3
      vertex 11.016 46.6507 45
      vertex 10.6828 46.5673 45
    endloop
  endfacet
  facet normal 0.24281 -0.970074 0
    outer loop
      vertex 11.016 46.6507 45
      vertex 10.6828 46.5673 3
      vertex 11.016 46.6507 3
    endloop
  endfacet
  facet normal 0.24281 -0.970074 0
    outer loop
      vertex 10.6828 46.5673 0
      vertex 11.016 46.6507 2.80092
      vertex 10.6828 46.5673 2.92527
    endloop
  endfacet
  facet normal 0.24281 -0.970074 0
    outer loop
      vertex 11.016 46.6507 2.80092
      vertex 10.6828 46.5673 0
      vertex 11.016 46.6507 0
    endloop
  endfacet
  facet normal -0.595687 -0.803217 0
    outer loop
      vertex 7.77962 47.2945 0
      vertex 8.0555 47.0899 45
      vertex 7.77962 47.2945 45
    endloop
  endfacet
  facet normal -0.595687 -0.803217 -0
    outer loop
      vertex 8.0555 47.0899 45
      vertex 7.77962 47.2945 0
      vertex 8.0555 47.0899 0
    endloop
  endfacet
  facet normal 0.51388 -0.857862 0
    outer loop
      vertex 11.6499 46.9133 0
      vertex 11.8549 47.0361 2.55
      vertex 11.6499 46.9133 2.60115
    endloop
  endfacet
  facet normal 0.514763 -0.857332 -9.64932e-05
    outer loop
      vertex 11.6499 46.9133 0
      vertex 11.9445 47.0899 2.53247
      vertex 11.8549 47.0361 2.55
    endloop
  endfacet
  facet normal 0.514153 -0.857698 0
    outer loop
      vertex 11.9445 47.0899 2.53247
      vertex 11.6499 46.9133 0
      vertex 11.9445 47.0899 0
    endloop
  endfacet
  facet normal 0.514153 -0.857698 0
    outer loop
      vertex 11.6499 46.9133 3
      vertex 11.9445 47.0899 45
      vertex 11.6499 46.9133 45
    endloop
  endfacet
  facet normal 0.514153 -0.857698 0
    outer loop
      vertex 11.9445 47.0899 45
      vertex 11.6499 46.9133 3
      vertex 11.9445 47.0899 3
    endloop
  endfacet
  facet normal 0.803237 -0.595659 0
    outer loop
      vertex 12.7055 47.7796 2.49374
      vertex 12.9101 48.0555 0
      vertex 12.9101 48.0555 2.53247
    endloop
  endfacet
  facet normal 0.803237 -0.595659 0
    outer loop
      vertex 12.9101 48.0555 0
      vertex 12.7055 47.7796 2.49374
      vertex 12.7055 47.7796 0
    endloop
  endfacet
  facet normal 0.803237 -0.595659 0
    outer loop
      vertex 12.7055 47.7796 45
      vertex 12.9101 48.0555 3
      vertex 12.9101 48.0555 45
    endloop
  endfacet
  facet normal 0.803237 -0.595659 0
    outer loop
      vertex 12.9101 48.0555 3
      vertex 12.7055 47.7796 45
      vertex 12.7055 47.7796 3
    endloop
  endfacet
  facet normal 0.14676 0.989172 -0
    outer loop
      vertex 10.6828 53.4327 38.3703
      vertex 10.3431 53.4831 45
      vertex 10.6828 53.4327 45
    endloop
  endfacet
  facet normal 0.14676 0.989172 0
    outer loop
      vertex 10.3431 53.4831 45
      vertex 10.6828 53.4327 38.3703
      vertex 10.3431 53.4831 37.9391
    endloop
  endfacet
  facet normal 0.14676 0.989172 0
    outer loop
      vertex 10.3431 53.4831 0
      vertex 10.6828 53.4327 8.62969
      vertex 10.6828 53.4327 0
    endloop
  endfacet
  facet normal 0.14676 0.989172 0
    outer loop
      vertex 10.6828 53.4327 8.62969
      vertex 10.3431 53.4831 0
      vertex 10.3431 53.4831 9.06088
    endloop
  endfacet
  facet normal -0.595687 0.803217 0
    outer loop
      vertex 7.77962 52.7055 0
      vertex 8.0555 52.9101 11.6804
      vertex 8.0555 52.9101 0
    endloop
  endfacet
  facet normal -0.595687 0.803217 0
    outer loop
      vertex 8.0555 52.9101 11.6804
      vertex 7.77962 52.7055 0
      vertex 7.77962 52.7055 11.8062
    endloop
  endfacet
  facet normal -0.595687 0.803217 0
    outer loop
      vertex 8.0555 52.9101 35.3196
      vertex 7.77962 52.7055 45
      vertex 8.0555 52.9101 45
    endloop
  endfacet
  facet normal -0.595687 0.803217 0
    outer loop
      vertex 7.77962 52.7055 45
      vertex 8.0555 52.9101 35.3196
      vertex 7.77962 52.7055 35.1938
    endloop
  endfacet
  facet normal -0.803237 0.595659 0
    outer loop
      vertex 7.08986 51.9445 11.6804
      vertex 7.29446 52.2204 0
      vertex 7.08986 51.9445 0
    endloop
  endfacet
  facet normal -0.803237 0.595659 0
    outer loop
      vertex 7.29446 52.2204 0
      vertex 7.08986 51.9445 11.6804
      vertex 7.29446 52.2204 11.8062
    endloop
  endfacet
  facet normal -0.803237 0.595659 0
    outer loop
      vertex 7.08986 51.9445 35.3196
      vertex 7.29446 52.2204 45
      vertex 7.29446 52.2204 35.1938
    endloop
  endfacet
  facet normal -0.803237 0.595659 0
    outer loop
      vertex 7.29446 52.2204 45
      vertex 7.08986 51.9445 35.3196
      vertex 7.08986 51.9445 45
    endloop
  endfacet
  facet normal 0.989193 -0.146617 0
    outer loop
      vertex 13.4831 49.6569 45
      vertex 13.4598 49.4997 3
      vertex 13.4831 49.6569 0
    endloop
  endfacet
  facet normal 0.989172 -0.14676 5.45634e-07
    outer loop
      vertex 13.4327 49.3172 45
      vertex 13.4598 49.4997 3
      vertex 13.4831 49.6569 45
    endloop
  endfacet
  facet normal 0.989154 -0.146883 0
    outer loop
      vertex 13.4598 49.4997 3
      vertex 13.4327 49.3172 45
      vertex 13.4327 49.3172 3
    endloop
  endfacet
  facet normal 0.989155 -0.146877 -1.39199e-05
    outer loop
      vertex 13.4327 49.3172 2.92527
      vertex 13.4831 49.6569 0
      vertex 13.4598 49.4997 3
    endloop
  endfacet
  facet normal 0.989172 -0.14676 0
    outer loop
      vertex 13.4831 49.6569 0
      vertex 13.4327 49.3172 2.92527
      vertex 13.4327 49.3172 0
    endloop
  endfacet
  facet normal -0.941548 0.336879 0
    outer loop
      vertex 6.65071 51.016 10.833
      vertex 6.76642 51.3394 0
      vertex 6.65071 51.016 0
    endloop
  endfacet
  facet normal -0.941548 0.336879 0
    outer loop
      vertex 6.76642 51.3394 0
      vertex 6.65071 51.016 10.833
      vertex 6.76642 51.3394 11.2285
    endloop
  endfacet
  facet normal -0.941548 0.336879 0
    outer loop
      vertex 6.65071 51.016 36.167
      vertex 6.76642 51.3394 45
      vertex 6.76642 51.3394 35.7715
    endloop
  endfacet
  facet normal -0.941548 0.336879 0
    outer loop
      vertex 6.76642 51.3394 45
      vertex 6.65071 51.016 36.167
      vertex 6.65071 51.016 45
    endloop
  endfacet
  facet normal 0.427661 0.903939 -0
    outer loop
      vertex 11.6499 53.0867 39.8784
      vertex 11.3394 53.2336 45
      vertex 11.6499 53.0867 45
    endloop
  endfacet
  facet normal 0.427661 0.903939 0
    outer loop
      vertex 11.3394 53.2336 45
      vertex 11.6499 53.0867 39.8784
      vertex 11.3394 53.2336 39.3446
    endloop
  endfacet
  facet normal 0.427661 0.903939 0
    outer loop
      vertex 11.3394 53.2336 0
      vertex 11.6499 53.0867 7.12162
      vertex 11.6499 53.0867 0
    endloop
  endfacet
  facet normal 0.427661 0.903939 0
    outer loop
      vertex 11.6499 53.0867 7.12162
      vertex 11.3394 53.2336 0
      vertex 11.3394 53.2336 7.65537
    endloop
  endfacet
  facet normal -0.941548 -0.336879 0
    outer loop
      vertex 6.76642 48.6606 39.3446
      vertex 6.65071 48.984 45
      vertex 6.65071 48.984 38.8403
    endloop
  endfacet
  facet normal -0.941548 -0.336879 0
    outer loop
      vertex 6.65071 48.984 45
      vertex 6.76642 48.6606 39.3446
      vertex 6.76642 48.6606 45
    endloop
  endfacet
  facet normal -0.941548 -0.336879 -0
    outer loop
      vertex 6.76642 48.6606 7.65537
      vertex 6.65071 48.984 0
      vertex 6.76642 48.6606 0
    endloop
  endfacet
  facet normal -0.941548 -0.336879 0
    outer loop
      vertex 6.65071 48.984 0
      vertex 6.76642 48.6606 7.65537
      vertex 6.65071 48.984 8.15968
    endloop
  endfacet
  facet normal 0.970074 -0.24281 0
    outer loop
      vertex 13.3493 48.984 2.80092
      vertex 13.4327 49.3172 0
      vertex 13.4327 49.3172 2.92527
    endloop
  endfacet
  facet normal 0.970074 -0.24281 0
    outer loop
      vertex 13.4327 49.3172 0
      vertex 13.3493 48.984 2.80092
      vertex 13.3493 48.984 0
    endloop
  endfacet
  facet normal 0.970074 -0.24281 0
    outer loop
      vertex 13.3493 48.984 45
      vertex 13.4327 49.3172 3
      vertex 13.4327 49.3172 45
    endloop
  endfacet
  facet normal 0.970074 -0.24281 0
    outer loop
      vertex 13.4327 49.3172 3
      vertex 13.3493 48.984 45
      vertex 13.3493 48.984 3
    endloop
  endfacet
  facet normal -0.0492029 0.998789 0
    outer loop
      vertex 9.65694 53.4831 0
      vertex 10 53.5 9.44908
      vertex 10 53.5 0
    endloop
  endfacet
  facet normal -0.0492029 0.998789 0
    outer loop
      vertex 10 53.5 9.44908
      vertex 9.65694 53.4831 0
      vertex 9.65694 53.4831 9.79057
    endloop
  endfacet
  facet normal -0.0492029 0.998789 0
    outer loop
      vertex 10 53.5 37.5509
      vertex 9.65694 53.4831 45
      vertex 10 53.5 45
    endloop
  endfacet
  facet normal -0.0492029 0.998789 0
    outer loop
      vertex 9.65694 53.4831 45
      vertex 10 53.5 37.5509
      vertex 9.65694 53.4831 37.2094
    endloop
  endfacet
  facet normal 0.671454 0.741046 -0
    outer loop
      vertex 12.4749 52.4749 0
      vertex 12.2204 52.7055 45
      vertex 12.4749 52.4749 45
    endloop
  endfacet
  facet normal 0.671454 0.741046 0
    outer loop
      vertex 12.2204 52.7055 45
      vertex 12.4749 52.4749 0
      vertex 12.2204 52.7055 0
    endloop
  endfacet
  facet normal -0.427661 0.903939 0
    outer loop
      vertex 8.66061 53.2336 35.7715
      vertex 8.35011 53.0867 45
      vertex 8.66061 53.2336 45
    endloop
  endfacet
  facet normal -0.427661 0.903939 0
    outer loop
      vertex 8.35011 53.0867 45
      vertex 8.66061 53.2336 35.7715
      vertex 8.35011 53.0867 35.4985
    endloop
  endfacet
  facet normal -0.427661 0.903939 0
    outer loop
      vertex 8.35011 53.0867 0
      vertex 8.66061 53.2336 11.2285
      vertex 8.66061 53.2336 0
    endloop
  endfacet
  facet normal -0.427661 0.903939 0
    outer loop
      vertex 8.66061 53.2336 11.2285
      vertex 8.35011 53.0867 0
      vertex 8.35011 53.0867 11.5015
    endloop
  endfacet
  facet normal -0.671469 0.741033 0
    outer loop
      vertex 7.77962 52.7055 35.1938
      vertex 7.52513 52.4749 45
      vertex 7.77962 52.7055 45
    endloop
  endfacet
  facet normal -0.671469 0.741033 0
    outer loop
      vertex 7.52513 52.4749 45
      vertex 7.77962 52.7055 35.1938
      vertex 7.52513 52.4749 35.1938
    endloop
  endfacet
  facet normal -0.671469 0.741033 0
    outer loop
      vertex 7.77962 52.7055 0
      vertex 7.52513 52.4749 11.8062
      vertex 7.77962 52.7055 11.8062
    endloop
  endfacet
  facet normal -0.671469 0.741033 0
    outer loop
      vertex 7.52513 52.4749 11.8062
      vertex 7.77962 52.7055 0
      vertex 7.52513 52.4749 0
    endloop
  endfacet
  facet normal 0.336853 -0.941557 0
    outer loop
      vertex 11.016 46.6507 3
      vertex 11.3394 46.7664 45
      vertex 11.016 46.6507 45
    endloop
  endfacet
  facet normal 0.336853 -0.941557 0
    outer loop
      vertex 11.3394 46.7664 45
      vertex 11.016 46.6507 3
      vertex 11.3394 46.7664 3
    endloop
  endfacet
  facet normal 0.336853 -0.941557 0
    outer loop
      vertex 11.016 46.6507 0
      vertex 11.3394 46.7664 2.69254
      vertex 11.016 46.6507 2.80092
    endloop
  endfacet
  facet normal 0.336853 -0.941557 0
    outer loop
      vertex 11.3394 46.7664 2.69254
      vertex 11.016 46.6507 0
      vertex 11.3394 46.7664 0
    endloop
  endfacet
  facet normal -0.336862 0.941554 0
    outer loop
      vertex 8.66061 53.2336 0
      vertex 8.984 53.3493 10.833
      vertex 8.984 53.3493 0
    endloop
  endfacet
  facet normal -0.336862 0.941554 0
    outer loop
      vertex 8.984 53.3493 10.833
      vertex 8.66061 53.2336 0
      vertex 8.66061 53.2336 11.2285
    endloop
  endfacet
  facet normal -0.336862 0.941554 0
    outer loop
      vertex 8.984 53.3493 36.167
      vertex 8.66061 53.2336 45
      vertex 8.984 53.3493 45
    endloop
  endfacet
  facet normal -0.336862 0.941554 0
    outer loop
      vertex 8.66061 53.2336 45
      vertex 8.984 53.3493 36.167
      vertex 8.66061 53.2336 35.7715
    endloop
  endfacet
  facet normal 0.803237 0.595659 0
    outer loop
      vertex 12.9101 51.9445 45
      vertex 12.7055 52.2204 0
      vertex 12.7055 52.2204 45
    endloop
  endfacet
  facet normal 0.803237 0.595659 0
    outer loop
      vertex 12.7055 52.2204 0
      vertex 12.9101 51.9445 45
      vertex 12.9101 51.9445 0
    endloop
  endfacet
  facet normal -0.857704 0.514144 0
    outer loop
      vertex 7.08986 51.9445 0
      vertex 7.03615 51.8549 11.6043
      vertex 7.08986 51.9445 11.6804
    endloop
  endfacet
  facet normal -0.857711 0.514132 0
    outer loop
      vertex 6.91327 51.6499 11.5015
      vertex 7.08986 51.9445 0
      vertex 6.91327 51.6499 0
    endloop
  endfacet
  facet normal -0.857714 0.514127 -1.803e-07
    outer loop
      vertex 7.08986 51.9445 0
      vertex 6.91327 51.6499 11.5015
      vertex 7.03615 51.8549 11.6043
    endloop
  endfacet
  facet normal -0.857704 0.514144 0
    outer loop
      vertex 7.03615 51.8549 35.3957
      vertex 7.08986 51.9445 45
      vertex 7.08986 51.9445 35.3196
    endloop
  endfacet
  facet normal -0.857714 0.514127 2.1767e-07
    outer loop
      vertex 6.91327 51.6499 35.4986
      vertex 7.08986 51.9445 45
      vertex 7.03615 51.8549 35.3957
    endloop
  endfacet
  facet normal -0.857711 0.514132 0
    outer loop
      vertex 7.08986 51.9445 45
      vertex 6.91327 51.6499 35.4986
      vertex 6.91327 51.6499 45
    endloop
  endfacet
  facet normal 0.998789 -0.0491971 0
    outer loop
      vertex 13.4831 49.6569 45
      vertex 13.5 50 0
      vertex 13.5 50 45
    endloop
  endfacet
  facet normal 0.998789 -0.0491971 0
    outer loop
      vertex 13.5 50 0
      vertex 13.4831 49.6569 45
      vertex 13.4831 49.6569 0
    endloop
  endfacet
  facet normal 0.903939 -0.427661 0
    outer loop
      vertex 13.0867 48.3501 45
      vertex 13.2336 48.6606 3
      vertex 13.2336 48.6606 45
    endloop
  endfacet
  facet normal 0.903939 -0.427661 0
    outer loop
      vertex 13.2336 48.6606 3
      vertex 13.0867 48.3501 45
      vertex 13.0867 48.3501 3
    endloop
  endfacet
  facet normal 0.903686 -0.428196 0
    outer loop
      vertex 13.2001 48.5899 2.67171
      vertex 13.2336 48.6606 0
      vertex 13.2336 48.6606 2.69254
    endloop
  endfacet
  facet normal 0.904011 -0.427508 2.229e-05
    outer loop
      vertex 13.0867 48.3501 2.60115
      vertex 13.2336 48.6606 0
      vertex 13.2001 48.5899 2.67171
    endloop
  endfacet
  facet normal 0.903939 -0.427661 0
    outer loop
      vertex 13.2336 48.6606 0
      vertex 13.0867 48.3501 2.60115
      vertex 13.0867 48.3501 0
    endloop
  endfacet
  facet normal 0.857698 0.514153 0
    outer loop
      vertex 13.0867 51.6499 45
      vertex 12.9101 51.9445 0
      vertex 12.9101 51.9445 45
    endloop
  endfacet
  facet normal 0.857698 0.514153 0
    outer loop
      vertex 12.9101 51.9445 0
      vertex 13.0867 51.6499 45
      vertex 13.0867 51.6499 0
    endloop
  endfacet
  facet normal 0 0 1
    outer loop
      vertex 11.3 50 45
      vertex 13.5 50 45
      vertex 13.4831 50.3431 45
    endloop
  endfacet
  facet normal 0 0 1
    outer loop
      vertex 11.2937 50.1274 45
      vertex 13.4831 50.3431 45
      vertex 13.4327 50.6828 45
    endloop
  endfacet
  facet normal 0 0 1
    outer loop
      vertex 13.5 50 45
      vertex 11.3 50 45
      vertex 13.4831 49.6569 45
    endloop
  endfacet
  facet normal 0 0 1
    outer loop
      vertex 11.275 50.2536 45
      vertex 13.4327 50.6828 45
      vertex 13.3493 51.016 45
    endloop
  endfacet
  facet normal -0 0 1
    outer loop
      vertex 11.2937 49.8726 45
      vertex 13.4831 49.6569 45
      vertex 11.3 50 45
    endloop
  endfacet
  facet normal 0 0 1
    outer loop
      vertex 11.244 50.3774 45
      vertex 13.3493 51.016 45
      vertex 13.2336 51.3394 45
    endloop
  endfacet
  facet normal 0 0 1
    outer loop
      vertex 13.4831 49.6569 45
      vertex 11.2937 49.8726 45
      vertex 13.4327 49.3172 45
    endloop
  endfacet
  facet normal 0 0 1
    outer loop
      vertex 11.201 50.4975 45
      vertex 13.2336 51.3394 45
      vertex 13.0867 51.6499 45
    endloop
  endfacet
  facet normal -0 0 1
    outer loop
      vertex 11.275 49.7464 45
      vertex 13.4327 49.3172 45
      vertex 11.2937 49.8726 45
    endloop
  endfacet
  facet normal 0 0 1
    outer loop
      vertex 11.1465 50.6128 45
      vertex 13.0867 51.6499 45
      vertex 12.9101 51.9445 45
    endloop
  endfacet
  facet normal 0 0 1
    outer loop
      vertex 13.4327 49.3172 45
      vertex 11.275 49.7464 45
      vertex 13.3493 48.984 45
    endloop
  endfacet
  facet normal 0 0 1
    outer loop
      vertex 11.0809 50.7222 45
      vertex 12.9101 51.9445 45
      vertex 12.7055 52.2204 45
    endloop
  endfacet
  facet normal -0 0 1
    outer loop
      vertex 11.244 49.6226 45
      vertex 13.3493 48.984 45
      vertex 11.275 49.7464 45
    endloop
  endfacet
  facet normal 0 0 1
    outer loop
      vertex 11.0049 50.8247 45
      vertex 12.7055 52.2204 45
      vertex 12.4749 52.4749 45
    endloop
  endfacet
  facet normal 0 0 1
    outer loop
      vertex 13.3493 48.984 45
      vertex 11.244 49.6226 45
      vertex 13.2336 48.6606 45
    endloop
  endfacet
  facet normal 0 0 1
    outer loop
      vertex 10.9192 50.9192 45
      vertex 12.4749 52.4749 45
      vertex 12.2204 52.7055 45
    endloop
  endfacet
  facet normal -0 0 1
    outer loop
      vertex 11.201 49.5025 45
      vertex 13.2336 48.6606 45
      vertex 11.244 49.6226 45
    endloop
  endfacet
  facet normal 0 0 1
    outer loop
      vertex 10.8247 51.0049 45
      vertex 12.2204 52.7055 45
      vertex 11.9445 52.9101 45
    endloop
  endfacet
  facet normal 0 0 1
    outer loop
      vertex 13.2336 48.6606 45
      vertex 11.201 49.5025 45
      vertex 13.0867 48.3501 45
    endloop
  endfacet
  facet normal 0 0 1
    outer loop
      vertex 10.7222 51.0809 45
      vertex 11.9445 52.9101 45
      vertex 11.6499 53.0867 45
    endloop
  endfacet
  facet normal -0 0 1
    outer loop
      vertex 11.1465 49.3872 45
      vertex 13.0867 48.3501 45
      vertex 11.201 49.5025 45
    endloop
  endfacet
  facet normal 0 0 1
    outer loop
      vertex 10.6128 51.1465 45
      vertex 11.6499 53.0867 45
      vertex 11.3394 53.2336 45
    endloop
  endfacet
  facet normal 0 0 1
    outer loop
      vertex 13.0867 48.3501 45
      vertex 11.1465 49.3872 45
      vertex 12.9101 48.0555 45
    endloop
  endfacet
  facet normal -0 0 1
    outer loop
      vertex 11.0809 49.2778 45
      vertex 12.9101 48.0555 45
      vertex 11.1465 49.3872 45
    endloop
  endfacet
  facet normal 0 0 1
    outer loop
      vertex 13.4831 50.3431 45
      vertex 11.2937 50.1274 45
      vertex 11.3 50 45
    endloop
  endfacet
  facet normal 0 0 1
    outer loop
      vertex 13.4327 50.6828 45
      vertex 11.275 50.2536 45
      vertex 11.2937 50.1274 45
    endloop
  endfacet
  facet normal 0 0 1
    outer loop
      vertex 13.3493 51.016 45
      vertex 11.244 50.3774 45
      vertex 11.275 50.2536 45
    endloop
  endfacet
  facet normal 0 0 1
    outer loop
      vertex 13.2336 51.3394 45
      vertex 11.201 50.4975 45
      vertex 11.244 50.3774 45
    endloop
  endfacet
  facet normal 0 0 1
    outer loop
      vertex 13.0867 51.6499 45
      vertex 11.1465 50.6128 45
      vertex 11.201 50.4975 45
    endloop
  endfacet
  facet normal 0 0 1
    outer loop
      vertex 12.9101 51.9445 45
      vertex 11.0809 50.7222 45
      vertex 11.1465 50.6128 45
    endloop
  endfacet
  facet normal 0 0 1
    outer loop
      vertex 10.4975 51.201 45
      vertex 11.3394 53.2336 45
      vertex 11.016 53.3493 45
    endloop
  endfacet
  facet normal 0 0 1
    outer loop
      vertex 12.7055 52.2204 45
      vertex 11.0049 50.8247 45
      vertex 11.0809 50.7222 45
    endloop
  endfacet
  facet normal 0 0 1
    outer loop
      vertex 12.4749 52.4749 45
      vertex 10.9192 50.9192 45
      vertex 11.0049 50.8247 45
    endloop
  endfacet
  facet normal 0 0 1
    outer loop
      vertex 12.2204 52.7055 45
      vertex 10.8247 51.0049 45
      vertex 10.9192 50.9192 45
    endloop
  endfacet
  facet normal 0 0 1
    outer loop
      vertex 11.9445 52.9101 45
      vertex 10.7222 51.0809 45
      vertex 10.8247 51.0049 45
    endloop
  endfacet
  facet normal 0 0 1
    outer loop
      vertex 10.3774 51.244 45
      vertex 11.016 53.3493 45
      vertex 10.6828 53.4327 45
    endloop
  endfacet
  facet normal 0 0 1
    outer loop
      vertex 11.6499 53.0867 45
      vertex 10.6128 51.1465 45
      vertex 10.7222 51.0809 45
    endloop
  endfacet
  facet normal 0 0 1
    outer loop
      vertex 11.3394 53.2336 45
      vertex 10.4975 51.201 45
      vertex 10.6128 51.1465 45
    endloop
  endfacet
  facet normal 0 0 1
    outer loop
      vertex 11.016 53.3493 45
      vertex 10.3774 51.244 45
      vertex 10.4975 51.201 45
    endloop
  endfacet
  facet normal 0 0 1
    outer loop
      vertex 10.2536 51.275 45
      vertex 10.6828 53.4327 45
      vertex 10.3431 53.4831 45
    endloop
  endfacet
  facet normal 0 0 1
    outer loop
      vertex 10.6828 53.4327 45
      vertex 10.2536 51.275 45
      vertex 10.3774 51.244 45
    endloop
  endfacet
  facet normal 0 0 1
    outer loop
      vertex 10.3431 53.4831 45
      vertex 10.1274 51.2937 45
      vertex 10.2536 51.275 45
    endloop
  endfacet
  facet normal 0 0 1
    outer loop
      vertex 10 53.5 45
      vertex 10.1274 51.2937 45
      vertex 10.3431 53.4831 45
    endloop
  endfacet
  facet normal 0 0 1
    outer loop
      vertex 10 53.5 45
      vertex 10 51.3 45
      vertex 10.1274 51.2937 45
    endloop
  endfacet
  facet normal 0 0 1
    outer loop
      vertex 10 53.5 45
      vertex 9.87258 51.2937 45
      vertex 10 51.3 45
    endloop
  endfacet
  facet normal -0 0 1
    outer loop
      vertex 9.65694 53.4831 45
      vertex 9.87258 51.2937 45
      vertex 10 53.5 45
    endloop
  endfacet
  facet normal 0 0 1
    outer loop
      vertex 9.87258 51.2937 45
      vertex 9.65694 53.4831 45
      vertex 9.74638 51.275 45
    endloop
  endfacet
  facet normal -0 0 1
    outer loop
      vertex 9.31718 53.4327 45
      vertex 9.74638 51.275 45
      vertex 9.65694 53.4831 45
    endloop
  endfacet
  facet normal 0 0 1
    outer loop
      vertex 9.74638 51.275 45
      vertex 9.31718 53.4327 45
      vertex 9.62263 51.244 45
    endloop
  endfacet
  facet normal -0 0 1
    outer loop
      vertex 8.984 53.3493 45
      vertex 9.62263 51.244 45
      vertex 9.31718 53.4327 45
    endloop
  endfacet
  facet normal 0 0 1
    outer loop
      vertex 9.62263 51.244 45
      vertex 8.984 53.3493 45
      vertex 9.50251 51.201 45
    endloop
  endfacet
  facet normal -0 0 1
    outer loop
      vertex 8.66061 53.2336 45
      vertex 9.50251 51.201 45
      vertex 8.984 53.3493 45
    endloop
  endfacet
  facet normal 0 0 1
    outer loop
      vertex 9.50251 51.201 45
      vertex 8.66061 53.2336 45
      vertex 9.38718 51.1465 45
    endloop
  endfacet
  facet normal -0 0 1
    outer loop
      vertex 8.35011 53.0867 45
      vertex 9.38718 51.1465 45
      vertex 8.66061 53.2336 45
    endloop
  endfacet
  facet normal 0 0 1
    outer loop
      vertex 9.38718 51.1465 45
      vertex 8.35011 53.0867 45
      vertex 9.27776 51.0809 45
    endloop
  endfacet
  facet normal -0 0 1
    outer loop
      vertex 8.0555 52.9101 45
      vertex 9.27776 51.0809 45
      vertex 8.35011 53.0867 45
    endloop
  endfacet
  facet normal 0 0 1
    outer loop
      vertex 9.27776 51.0809 45
      vertex 8.0555 52.9101 45
      vertex 9.17529 51.0049 45
    endloop
  endfacet
  facet normal -0 0 1
    outer loop
      vertex 7.77962 52.7055 45
      vertex 9.17529 51.0049 45
      vertex 8.0555 52.9101 45
    endloop
  endfacet
  facet normal 0 0 1
    outer loop
      vertex 9.17529 51.0049 45
      vertex 7.77962 52.7055 45
      vertex 9.08076 50.9192 45
    endloop
  endfacet
  facet normal -0 0 1
    outer loop
      vertex 7.52513 52.4749 45
      vertex 9.08076 50.9192 45
      vertex 7.77962 52.7055 45
    endloop
  endfacet
  facet normal 0 0 1
    outer loop
      vertex 9.08076 50.9192 45
      vertex 7.52513 52.4749 45
      vertex 8.99509 50.8247 45
    endloop
  endfacet
  facet normal -0 0 1
    outer loop
      vertex 7.29446 52.2204 45
      vertex 8.99509 50.8247 45
      vertex 7.52513 52.4749 45
    endloop
  endfacet
  facet normal -0 0 1
    outer loop
      vertex 7.08986 51.9445 45
      vertex 8.91909 50.7222 45
      vertex 7.29446 52.2204 45
    endloop
  endfacet
  facet normal 0 0 1
    outer loop
      vertex 8.99509 50.8247 45
      vertex 7.29446 52.2204 45
      vertex 8.91909 50.7222 45
    endloop
  endfacet
  facet normal 0 0 1
    outer loop
      vertex 12.9101 48.0555 45
      vertex 11.0809 49.2778 45
      vertex 12.7055 47.7796 45
    endloop
  endfacet
  facet normal -0 0 1
    outer loop
      vertex 11.0049 49.1753 45
      vertex 12.7055 47.7796 45
      vertex 11.0809 49.2778 45
    endloop
  endfacet
  facet normal 0 0 1
    outer loop
      vertex 12.7055 47.7796 45
      vertex 11.0049 49.1753 45
      vertex 12.4749 47.5251 45
    endloop
  endfacet
  facet normal -0 0 1
    outer loop
      vertex 10.9192 49.0808 45
      vertex 12.4749 47.5251 45
      vertex 11.0049 49.1753 45
    endloop
  endfacet
  facet normal 0 0 1
    outer loop
      vertex 12.4749 47.5251 45
      vertex 10.9192 49.0808 45
      vertex 12.2204 47.2945 45
    endloop
  endfacet
  facet normal -0 0 1
    outer loop
      vertex 10.8247 48.9951 45
      vertex 12.2204 47.2945 45
      vertex 10.9192 49.0808 45
    endloop
  endfacet
  facet normal 0 0 1
    outer loop
      vertex 12.2204 47.2945 45
      vertex 10.8247 48.9951 45
      vertex 11.9445 47.0899 45
    endloop
  endfacet
  facet normal -0 0 1
    outer loop
      vertex 10.7222 48.9191 45
      vertex 11.9445 47.0899 45
      vertex 10.8247 48.9951 45
    endloop
  endfacet
  facet normal 0 0 1
    outer loop
      vertex 11.9445 47.0899 45
      vertex 10.7222 48.9191 45
      vertex 11.6499 46.9133 45
    endloop
  endfacet
  facet normal -0 0 1
    outer loop
      vertex 10.6128 48.8535 45
      vertex 11.6499 46.9133 45
      vertex 10.7222 48.9191 45
    endloop
  endfacet
  facet normal 0 0 1
    outer loop
      vertex 11.6499 46.9133 45
      vertex 10.6128 48.8535 45
      vertex 11.3394 46.7664 45
    endloop
  endfacet
  facet normal -0 0 1
    outer loop
      vertex 10.4975 48.799 45
      vertex 11.3394 46.7664 45
      vertex 10.6128 48.8535 45
    endloop
  endfacet
  facet normal 0 0 1
    outer loop
      vertex 11.3394 46.7664 45
      vertex 10.4975 48.799 45
      vertex 11.016 46.6507 45
    endloop
  endfacet
  facet normal -0 0 1
    outer loop
      vertex 10.3774 48.756 45
      vertex 11.016 46.6507 45
      vertex 10.4975 48.799 45
    endloop
  endfacet
  facet normal 0 0 1
    outer loop
      vertex 11.016 46.6507 45
      vertex 10.3774 48.756 45
      vertex 10.6828 46.5673 45
    endloop
  endfacet
  facet normal -0 0 1
    outer loop
      vertex 10.2536 48.725 45
      vertex 10.6828 46.5673 45
      vertex 10.3774 48.756 45
    endloop
  endfacet
  facet normal 0 0 1
    outer loop
      vertex 10.6828 46.5673 45
      vertex 10.2536 48.725 45
      vertex 10.3431 46.5169 45
    endloop
  endfacet
  facet normal -0 0 1
    outer loop
      vertex 10.1274 48.7063 45
      vertex 10.3431 46.5169 45
      vertex 10.2536 48.725 45
    endloop
  endfacet
  facet normal -0 0 1
    outer loop
      vertex 10 48.7 45
      vertex 10.3431 46.5169 45
      vertex 10.1274 48.7063 45
    endloop
  endfacet
  facet normal 0 0 1
    outer loop
      vertex 10 48.7 45
      vertex 10 46.5 45
      vertex 10.3431 46.5169 45
    endloop
  endfacet
  facet normal 0 0 1
    outer loop
      vertex 9.87258 48.7063 45
      vertex 10 46.5 45
      vertex 10 48.7 45
    endloop
  endfacet
  facet normal 0 0 1
    outer loop
      vertex 9.65694 46.5169 45
      vertex 9.87258 48.7063 45
      vertex 9.74638 48.725 45
    endloop
  endfacet
  facet normal 0 0 1
    outer loop
      vertex 9.87258 48.7063 45
      vertex 9.65694 46.5169 45
      vertex 10 46.5 45
    endloop
  endfacet
  facet normal 0 0 1
    outer loop
      vertex 9.31718 46.5673 45
      vertex 9.74638 48.725 45
      vertex 9.62263 48.756 45
    endloop
  endfacet
  facet normal 0 0 1
    outer loop
      vertex 8.984 46.6507 45
      vertex 9.62263 48.756 45
      vertex 9.50251 48.799 45
    endloop
  endfacet
  facet normal 0 0 1
    outer loop
      vertex 8.66061 46.7664 45
      vertex 9.50251 48.799 45
      vertex 9.38718 48.8535 45
    endloop
  endfacet
  facet normal 0 0 1
    outer loop
      vertex 9.74638 48.725 45
      vertex 9.31718 46.5673 45
      vertex 9.65694 46.5169 45
    endloop
  endfacet
  facet normal 0 0 1
    outer loop
      vertex 8.35011 46.9133 45
      vertex 9.38718 48.8535 45
      vertex 9.27776 48.9191 45
    endloop
  endfacet
  facet normal 0 0 1
    outer loop
      vertex 8.0555 47.0899 45
      vertex 9.27776 48.9191 45
      vertex 9.17529 48.9951 45
    endloop
  endfacet
  facet normal 0 0 1
    outer loop
      vertex 7.77962 47.2945 45
      vertex 9.17529 48.9951 45
      vertex 9.08076 49.0808 45
    endloop
  endfacet
  facet normal 0 0 1
    outer loop
      vertex 7.52513 47.5251 45
      vertex 9.08076 49.0808 45
      vertex 8.99509 49.1753 45
    endloop
  endfacet
  facet normal 0 0 1
    outer loop
      vertex 9.62263 48.756 45
      vertex 8.984 46.6507 45
      vertex 9.31718 46.5673 45
    endloop
  endfacet
  facet normal 0 0 1
    outer loop
      vertex 7.29446 47.7796 45
      vertex 8.99509 49.1753 45
      vertex 8.91909 49.2778 45
    endloop
  endfacet
  facet normal 0 0 1
    outer loop
      vertex 7.08986 48.0555 45
      vertex 8.91909 49.2778 45
      vertex 8.8535 49.3872 45
    endloop
  endfacet
  facet normal 0 0 1
    outer loop
      vertex 6.91327 48.3501 45
      vertex 8.8535 49.3872 45
      vertex 8.79896 49.5025 45
    endloop
  endfacet
  facet normal 0 0 1
    outer loop
      vertex 6.76642 48.6606 45
      vertex 8.79896 49.5025 45
      vertex 8.75598 49.6226 45
    endloop
  endfacet
  facet normal 0 0 1
    outer loop
      vertex 6.65071 48.984 45
      vertex 8.75598 49.6226 45
      vertex 8.72498 49.7464 45
    endloop
  endfacet
  facet normal 0 0 1
    outer loop
      vertex 6.56725 49.3172 45
      vertex 8.72498 49.7464 45
      vertex 8.70626 49.8726 45
    endloop
  endfacet
  facet normal 0 0 1
    outer loop
      vertex 9.50251 48.799 45
      vertex 8.66061 46.7664 45
      vertex 8.984 46.6507 45
    endloop
  endfacet
  facet normal 0 0 1
    outer loop
      vertex 6.51685 49.6569 45
      vertex 8.70626 49.8726 45
      vertex 8.7 50 45
    endloop
  endfacet
  facet normal 0 0 1
    outer loop
      vertex 8.91909 50.7222 45
      vertex 7.08986 51.9445 45
      vertex 8.8535 50.6128 45
    endloop
  endfacet
  facet normal -0 0 1
    outer loop
      vertex 6.91327 51.6499 45
      vertex 8.8535 50.6128 45
      vertex 7.08986 51.9445 45
    endloop
  endfacet
  facet normal 0 0 1
    outer loop
      vertex 9.38718 48.8535 45
      vertex 8.35011 46.9133 45
      vertex 8.66061 46.7664 45
    endloop
  endfacet
  facet normal 0 0 1
    outer loop
      vertex 8.8535 50.6128 45
      vertex 6.91327 51.6499 45
      vertex 8.79896 50.4975 45
    endloop
  endfacet
  facet normal 0 0 1
    outer loop
      vertex 9.27776 48.9191 45
      vertex 8.0555 47.0899 45
      vertex 8.35011 46.9133 45
    endloop
  endfacet
  facet normal -0 0 1
    outer loop
      vertex 6.76642 51.3394 45
      vertex 8.79896 50.4975 45
      vertex 6.91327 51.6499 45
    endloop
  endfacet
  facet normal 0 0 1
    outer loop
      vertex 9.17529 48.9951 45
      vertex 7.77962 47.2945 45
      vertex 8.0555 47.0899 45
    endloop
  endfacet
  facet normal 0 0 1
    outer loop
      vertex 8.79896 50.4975 45
      vertex 6.76642 51.3394 45
      vertex 8.75598 50.3774 45
    endloop
  endfacet
  facet normal 0 0 1
    outer loop
      vertex 9.08076 49.0808 45
      vertex 7.52513 47.5251 45
      vertex 7.77962 47.2945 45
    endloop
  endfacet
  facet normal -0 0 1
    outer loop
      vertex 6.65071 51.016 45
      vertex 8.75598 50.3774 45
      vertex 6.76642 51.3394 45
    endloop
  endfacet
  facet normal 0 0 1
    outer loop
      vertex 8.99509 49.1753 45
      vertex 7.29446 47.7796 45
      vertex 7.52513 47.5251 45
    endloop
  endfacet
  facet normal 0 0 1
    outer loop
      vertex 8.75598 50.3774 45
      vertex 6.65071 51.016 45
      vertex 8.72498 50.2536 45
    endloop
  endfacet
  facet normal 0 0 1
    outer loop
      vertex 8.91909 49.2778 45
      vertex 7.08986 48.0555 45
      vertex 7.29446 47.7796 45
    endloop
  endfacet
  facet normal -0 0 1
    outer loop
      vertex 6.56725 50.6828 45
      vertex 8.72498 50.2536 45
      vertex 6.65071 51.016 45
    endloop
  endfacet
  facet normal 0 0 1
    outer loop
      vertex 8.8535 49.3872 45
      vertex 6.91327 48.3501 45
      vertex 7.08986 48.0555 45
    endloop
  endfacet
  facet normal 0 0 1
    outer loop
      vertex 8.72498 50.2536 45
      vertex 6.56725 50.6828 45
      vertex 8.70626 50.1274 45
    endloop
  endfacet
  facet normal 0 0 1
    outer loop
      vertex 8.79896 49.5025 45
      vertex 6.76642 48.6606 45
      vertex 6.91327 48.3501 45
    endloop
  endfacet
  facet normal -0 0 1
    outer loop
      vertex 6.51685 50.3431 45
      vertex 8.70626 50.1274 45
      vertex 6.56725 50.6828 45
    endloop
  endfacet
  facet normal 0 0 1
    outer loop
      vertex 8.75598 49.6226 45
      vertex 6.65071 48.984 45
      vertex 6.76642 48.6606 45
    endloop
  endfacet
  facet normal 0 0 1
    outer loop
      vertex 8.70626 50.1274 45
      vertex 6.51685 50.3431 45
      vertex 8.7 50 45
    endloop
  endfacet
  facet normal 0 0 1
    outer loop
      vertex 8.72498 49.7464 45
      vertex 6.56725 49.3172 45
      vertex 6.65071 48.984 45
    endloop
  endfacet
  facet normal 0 0 1
    outer loop
      vertex 6.5 50 45
      vertex 8.7 50 45
      vertex 6.51685 50.3431 45
    endloop
  endfacet
  facet normal 0 0 1
    outer loop
      vertex 8.70626 49.8726 45
      vertex 6.51685 49.6569 45
      vertex 6.56725 49.3172 45
    endloop
  endfacet
  facet normal 0 0 1
    outer loop
      vertex 8.7 50 45
      vertex 6.5 50 45
      vertex 6.51685 49.6569 45
    endloop
  endfacet
  facet normal 0.595659 0.803237 -0
    outer loop
      vertex 12.2204 52.7055 0
      vertex 11.9445 52.9101 45
      vertex 12.2204 52.7055 45
    endloop
  endfacet
  facet normal 0.595659 0.803237 0
    outer loop
      vertex 11.9445 52.9101 45
      vertex 12.2204 52.7055 0
      vertex 11.9445 52.9101 0
    endloop
  endfacet
  facet normal -0.51414 -0.857706 0
    outer loop
      vertex 8.0555 47.0899 0
      vertex 8.35011 46.9133 45
      vertex 8.0555 47.0899 45
    endloop
  endfacet
  facet normal -0.51414 -0.857706 -0
    outer loop
      vertex 8.35011 46.9133 45
      vertex 8.0555 47.0899 0
      vertex 8.35011 46.9133 0
    endloop
  endfacet
  facet normal 0.514153 0.857698 4.57856e-06
    outer loop
      vertex 11.9445 52.9101 45
      vertex 11.7487 53.0275 40.0656
      vertex 11.6499 53.0867 45
    endloop
  endfacet
  facet normal 0.514238 0.857647 0
    outer loop
      vertex 11.9445 52.9101 45
      vertex 11.7487 53.0275 6.93445
      vertex 11.7487 53.0275 40.0656
    endloop
  endfacet
  facet normal 0.514238 0.857647 0
    outer loop
      vertex 11.7487 53.0275 6.93445
      vertex 11.9445 52.9101 45
      vertex 11.9445 52.9101 0
    endloop
  endfacet
  facet normal 0.513985 0.857799 0
    outer loop
      vertex 11.6499 53.0867 45
      vertex 11.7487 53.0275 40.0656
      vertex 11.6499 53.0867 39.8784
    endloop
  endfacet
  facet normal 0.514153 0.857698 -3.258e-06
    outer loop
      vertex 11.6499 53.0867 0
      vertex 11.7487 53.0275 6.93445
      vertex 11.9445 52.9101 0
    endloop
  endfacet
  facet normal 0.513985 0.857799 0
    outer loop
      vertex 11.7487 53.0275 6.93445
      vertex 11.6499 53.0867 0
      vertex 11.6499 53.0867 7.12162
    endloop
  endfacet
  facet normal 0.14676 -0.989172 5.45634e-07
    outer loop
      vertex 10.3431 46.5169 45
      vertex 10.5003 46.5402 3
      vertex 10.6828 46.5673 45
    endloop
  endfacet
  facet normal 0.146617 -0.989193 0
    outer loop
      vertex 10.3431 46.5169 0
      vertex 10.5003 46.5402 3
      vertex 10.3431 46.5169 45
    endloop
  endfacet
  facet normal 0.146877 -0.989155 -1.39199e-05
    outer loop
      vertex 10.3431 46.5169 0
      vertex 10.6828 46.5673 2.92527
      vertex 10.5003 46.5402 3
    endloop
  endfacet
  facet normal 0.14676 -0.989172 0
    outer loop
      vertex 10.6828 46.5673 2.92527
      vertex 10.3431 46.5169 0
      vertex 10.6828 46.5673 0
    endloop
  endfacet
  facet normal 0.146883 -0.989154 0
    outer loop
      vertex 10.6828 46.5673 45
      vertex 10.5003 46.5402 3
      vertex 10.6828 46.5673 3
    endloop
  endfacet
  facet normal 0.941557 0.336853 0
    outer loop
      vertex 13.3493 51.016 45
      vertex 13.2336 51.3394 0
      vertex 13.2336 51.3394 45
    endloop
  endfacet
  facet normal 0.941557 0.336853 0
    outer loop
      vertex 13.2336 51.3394 0
      vertex 13.3493 51.016 45
      vertex 13.3493 51.016 0
    endloop
  endfacet
  facet normal 0.857698 -0.514153 0
    outer loop
      vertex 12.9101 48.0555 45
      vertex 13.0867 48.3501 3
      vertex 13.0867 48.3501 45
    endloop
  endfacet
  facet normal 0.857698 -0.514153 0
    outer loop
      vertex 13.0867 48.3501 3
      vertex 12.9101 48.0555 45
      vertex 12.9101 48.0555 3
    endloop
  endfacet
  facet normal 0.857677 -0.514188 0
    outer loop
      vertex 12.9638 48.1451 2.54999
      vertex 13.0867 48.3501 0
      vertex 13.0867 48.3501 2.60115
    endloop
  endfacet
  facet normal 0.857745 -0.514075 1.23448e-05
    outer loop
      vertex 12.9101 48.0555 2.53247
      vertex 13.0867 48.3501 0
      vertex 12.9638 48.1451 2.54999
    endloop
  endfacet
  facet normal 0.857698 -0.514153 0
    outer loop
      vertex 13.0867 48.3501 0
      vertex 12.9101 48.0555 2.53247
      vertex 12.9101 48.0555 0
    endloop
  endfacet
  facet normal -0.998796 -0.0490519 0
    outer loop
      vertex 6.51685 49.6569 37.9391
      vertex 6.5 50 45
      vertex 6.5 50 37.5509
    endloop
  endfacet
  facet normal -0.998796 -0.0490519 0
    outer loop
      vertex 6.5 50 45
      vertex 6.51685 49.6569 37.9391
      vertex 6.51685 49.6569 45
    endloop
  endfacet
  facet normal -0.998796 -0.0490519 -0
    outer loop
      vertex 6.51685 49.6569 9.06087
      vertex 6.5 50 0
      vertex 6.51685 49.6569 0
    endloop
  endfacet
  facet normal -0.998796 -0.0490519 0
    outer loop
      vertex 6.5 50 0
      vertex 6.51685 49.6569 9.06087
      vertex 6.5 50 9.44908
    endloop
  endfacet
  facet normal 0.941557 -0.336853 0
    outer loop
      vertex 13.2336 48.6606 2.69254
      vertex 13.3493 48.984 0
      vertex 13.3493 48.984 2.80092
    endloop
  endfacet
  facet normal 0.941557 -0.336853 0
    outer loop
      vertex 13.3493 48.984 0
      vertex 13.2336 48.6606 2.69254
      vertex 13.2336 48.6606 0
    endloop
  endfacet
  facet normal 0.941557 -0.336853 0
    outer loop
      vertex 13.2336 48.6606 45
      vertex 13.3493 48.984 3
      vertex 13.3493 48.984 45
    endloop
  endfacet
  facet normal 0.941557 -0.336853 0
    outer loop
      vertex 13.3493 48.984 3
      vertex 13.2336 48.6606 45
      vertex 13.2336 48.6606 3
    endloop
  endfacet
  facet normal 0.741046 0.671454 0
    outer loop
      vertex 12.7055 52.2204 45
      vertex 12.4749 52.4749 0
      vertex 12.4749 52.4749 45
    endloop
  endfacet
  facet normal 0.741046 0.671454 0
    outer loop
      vertex 12.4749 52.4749 0
      vertex 12.7055 52.2204 45
      vertex 12.7055 52.2204 0
    endloop
  endfacet
  facet normal 0.0491971 0.998789 0
    outer loop
      vertex 10 53.5 0
      vertex 10.3431 53.4831 9.06088
      vertex 10.3431 53.4831 0
    endloop
  endfacet
  facet normal 0.0491971 0.998789 0
    outer loop
      vertex 10.3431 53.4831 9.06088
      vertex 10 53.5 0
      vertex 10 53.5 9.44908
    endloop
  endfacet
  facet normal 0.0491971 0.998789 -0
    outer loop
      vertex 10.3431 53.4831 37.9391
      vertex 10 53.5 45
      vertex 10.3431 53.4831 45
    endloop
  endfacet
  facet normal 0.0491971 0.998789 0
    outer loop
      vertex 10 53.5 45
      vertex 10.3431 53.4831 37.9391
      vertex 10 53.5 37.5509
    endloop
  endfacet
  facet normal 0.903939 0.427661 0
    outer loop
      vertex 13.2336 51.3394 45
      vertex 13.0867 51.6499 0
      vertex 13.0867 51.6499 45
    endloop
  endfacet
  facet normal 0.903939 0.427661 0
    outer loop
      vertex 13.0867 51.6499 0
      vertex 13.2336 51.3394 45
      vertex 13.2336 51.3394 0
    endloop
  endfacet
  facet normal -0.146734 -0.989176 0
    outer loop
      vertex 9.31718 46.5673 0
      vertex 9.65694 46.5169 45
      vertex 9.31718 46.5673 45
    endloop
  endfacet
  facet normal -0.146734 -0.989176 -0
    outer loop
      vertex 9.65694 46.5169 45
      vertex 9.31718 46.5673 0
      vertex 9.65694 46.5169 0
    endloop
  endfacet
  facet normal 0.671454 -0.741046 0
    outer loop
      vertex 12.2204 47.2945 3
      vertex 12.4749 47.5251 45
      vertex 12.2204 47.2945 45
    endloop
  endfacet
  facet normal 0.671454 -0.741046 0
    outer loop
      vertex 12.4749 47.5251 45
      vertex 12.2204 47.2945 3
      vertex 12.4749 47.5251 3
    endloop
  endfacet
  facet normal 0.671454 -0.741046 0
    outer loop
      vertex 12.2204 47.2945 0
      vertex 12.4749 47.5251 2.47428
      vertex 12.2204 47.2945 2.49374
    endloop
  endfacet
  facet normal 0.671454 -0.741046 0
    outer loop
      vertex 12.4749 47.5251 0
      vertex 12.4749 47.5251 2.47428
      vertex 12.2204 47.2945 0
    endloop
  endfacet
  facet normal -0.0492029 -0.998789 0
    outer loop
      vertex 9.65694 46.5169 0
      vertex 10 46.5 45
      vertex 9.65694 46.5169 45
    endloop
  endfacet
  facet normal -0.0492029 -0.998789 -0
    outer loop
      vertex 10 46.5 45
      vertex 9.65694 46.5169 0
      vertex 10 46.5 0
    endloop
  endfacet
  facet normal 0 1 0
    outer loop
      vertex 7.52512 52.4749 35.1938
      vertex 7.52513 52.4749 45
      vertex 7.52513 52.4749 35.1938
    endloop
  endfacet
  facet normal -0.740959 0.67155 7.55602e-07
    outer loop
      vertex 7.29446 52.2204 35.1938
      vertex 7.52513 52.4749 45
      vertex 7.52512 52.4749 35.1938
    endloop
  endfacet
  facet normal -0.740944 0.671566 0
    outer loop
      vertex 7.52513 52.4749 45
      vertex 7.29446 52.2204 35.1938
      vertex 7.29446 52.2204 45
    endloop
  endfacet
  facet normal 0 1 -0
    outer loop
      vertex 7.52513 52.4749 0
      vertex 7.52512 52.4749 11.8062
      vertex 7.52513 52.4749 11.8062
    endloop
  endfacet
  facet normal -0.740944 0.671566 -6.27589e-07
    outer loop
      vertex 7.29446 52.2204 0
      vertex 7.52512 52.4749 11.8062
      vertex 7.52513 52.4749 0
    endloop
  endfacet
  facet normal -0.740959 0.67155 0
    outer loop
      vertex 7.52512 52.4749 11.8062
      vertex 7.29446 52.2204 0
      vertex 7.29446 52.2204 11.8062
    endloop
  endfacet
  facet normal -0.146734 0.989176 0
    outer loop
      vertex 9.31718 53.4327 0
      vertex 9.65694 53.4831 9.79057
      vertex 9.65694 53.4831 0
    endloop
  endfacet
  facet normal -0.146216 0.989253 -1.83977e-05
    outer loop
      vertex 9.65694 53.4831 9.79057
      vertex 9.31718 53.4327 0
      vertex 9.55612 53.4682 9.87707
    endloop
  endfacet
  facet normal -0.14696 0.989142 0
    outer loop
      vertex 9.55612 53.4682 9.87707
      vertex 9.31718 53.4327 0
      vertex 9.31718 53.4327 10.3187
    endloop
  endfacet
  facet normal -0.146734 0.989176 0
    outer loop
      vertex 9.65694 53.4831 37.2094
      vertex 9.31718 53.4327 45
      vertex 9.65694 53.4831 45
    endloop
  endfacet
  facet normal -0.146219 0.989252 2.29504e-05
    outer loop
      vertex 9.55612 53.4682 37.1229
      vertex 9.31718 53.4327 45
      vertex 9.65694 53.4831 37.2094
    endloop
  endfacet
  facet normal -0.14696 0.989142 0
    outer loop
      vertex 9.31718 53.4327 45
      vertex 9.55612 53.4682 37.1229
      vertex 9.31718 53.4327 36.6813
    endloop
  endfacet
  facet normal -0.903996 0.427542 0
    outer loop
      vertex 6.76642 51.3394 11.2285
      vertex 6.91327 51.6499 0
      vertex 6.76642 51.3394 0
    endloop
  endfacet
  facet normal -0.903996 0.427542 0
    outer loop
      vertex 6.91327 51.6499 0
      vertex 6.76642 51.3394 11.2285
      vertex 6.91327 51.6499 11.5015
    endloop
  endfacet
  facet normal -0.903996 0.427542 0
    outer loop
      vertex 6.76642 51.3394 35.7715
      vertex 6.91327 51.6499 45
      vertex 6.91327 51.6499 35.4986
    endloop
  endfacet
  facet normal -0.903996 0.427542 0
    outer loop
      vertex 6.91327 51.6499 45
      vertex 6.76642 51.3394 35.7715
      vertex 6.76642 51.3394 45
    endloop
  endfacet
  facet normal -0.671469 -0.741033 0
    outer loop
      vertex 7.52513 47.5251 0
      vertex 7.77962 47.2945 45
      vertex 7.52513 47.5251 45
    endloop
  endfacet
  facet normal -0.671469 -0.741033 -0
    outer loop
      vertex 7.77962 47.2945 45
      vertex 7.52513 47.5251 0
      vertex 7.77962 47.2945 0
    endloop
  endfacet
  facet normal -0.970033 0.242974 0
    outer loop
      vertex 6.56725 50.6828 36.6813
      vertex 6.65071 51.016 45
      vertex 6.65071 51.016 36.167
    endloop
  endfacet
  facet normal -0.970033 0.242974 0
    outer loop
      vertex 6.65071 51.016 45
      vertex 6.56725 50.6828 36.6813
      vertex 6.56725 50.6828 45
    endloop
  endfacet
  facet normal -0.970033 0.242974 0
    outer loop
      vertex 6.56725 50.6828 10.3187
      vertex 6.65071 51.016 0
      vertex 6.56725 50.6828 0
    endloop
  endfacet
  facet normal -0.970033 0.242974 0
    outer loop
      vertex 6.65071 51.016 0
      vertex 6.56725 50.6828 10.3187
      vertex 6.65071 51.016 10.833
    endloop
  endfacet
  facet normal 0.242848 0.970064 -1.67453e-06
    outer loop
      vertex 10.6828 53.4327 0
      vertex 10.871 53.3856 8.3642
      vertex 11.016 53.3493 8.15968
    endloop
  endfacet
  facet normal 0.24281 0.970074 0
    outer loop
      vertex 10.6828 53.4327 0
      vertex 11.016 53.3493 8.15968
      vertex 11.016 53.3493 0
    endloop
  endfacet
  facet normal 0.242778 0.970082 0
    outer loop
      vertex 10.871 53.3856 8.3642
      vertex 10.6828 53.4327 0
      vertex 10.6828 53.4327 8.62969
    endloop
  endfacet
  facet normal 0.24281 0.970074 -0
    outer loop
      vertex 11.016 53.3493 38.8403
      vertex 10.6828 53.4327 45
      vertex 11.016 53.3493 45
    endloop
  endfacet
  facet normal 0.242848 0.970064 2.1797e-06
    outer loop
      vertex 10.871 53.3856 38.6358
      vertex 10.6828 53.4327 45
      vertex 11.016 53.3493 38.8403
    endloop
  endfacet
  facet normal 0.242778 0.970082 0
    outer loop
      vertex 10.6828 53.4327 45
      vertex 10.871 53.3856 38.6358
      vertex 10.6828 53.4327 38.3703
    endloop
  endfacet
  facet normal -0.970021 -0.243021 0
    outer loop
      vertex 6.56725 49.3172 0
      vertex 6.6144 49.129 8.36418
      vertex 6.56725 49.3172 8.62969
    endloop
  endfacet
  facet normal -0.970033 -0.242974 -0
    outer loop
      vertex 6.65071 48.984 8.15968
      vertex 6.56725 49.3172 0
      vertex 6.65071 48.984 0
    endloop
  endfacet
  facet normal -0.970047 -0.242917 2.48696e-06
    outer loop
      vertex 6.56725 49.3172 0
      vertex 6.65071 48.984 8.15968
      vertex 6.6144 49.129 8.36418
    endloop
  endfacet
  facet normal -0.970021 -0.243021 0
    outer loop
      vertex 6.6144 49.129 38.6358
      vertex 6.56725 49.3172 45
      vertex 6.56725 49.3172 38.3703
    endloop
  endfacet
  facet normal -0.970047 -0.242918 -3.2372e-06
    outer loop
      vertex 6.65071 48.984 38.8403
      vertex 6.56725 49.3172 45
      vertex 6.6144 49.129 38.6358
    endloop
  endfacet
  facet normal -0.970033 -0.242974 0
    outer loop
      vertex 6.56725 49.3172 45
      vertex 6.65071 48.984 38.8403
      vertex 6.65071 48.984 45
    endloop
  endfacet
  facet normal -0.427661 -0.903939 0
    outer loop
      vertex 8.35011 46.9133 0
      vertex 8.66061 46.7664 45
      vertex 8.35011 46.9133 45
    endloop
  endfacet
  facet normal -0.427661 -0.903939 -0
    outer loop
      vertex 8.66061 46.7664 45
      vertex 8.35011 46.9133 0
      vertex 8.66061 46.7664 0
    endloop
  endfacet
  facet normal -0.740944 -0.671566 0
    outer loop
      vertex 7.52513 47.5251 0
      vertex 7.29446 47.7796 45
      vertex 7.29446 47.7796 0
    endloop
  endfacet
  facet normal -0.740944 -0.671566 0
    outer loop
      vertex 7.29446 47.7796 45
      vertex 7.52513 47.5251 0
      vertex 7.52513 47.5251 45
    endloop
  endfacet
  facet normal 0.427661 -0.903939 0
    outer loop
      vertex 11.3394 46.7664 3
      vertex 11.6499 46.9133 45
      vertex 11.3394 46.7664 45
    endloop
  endfacet
  facet normal 0.427661 -0.903939 0
    outer loop
      vertex 11.6499 46.9133 45
      vertex 11.3394 46.7664 3
      vertex 11.6499 46.9133 3
    endloop
  endfacet
  facet normal 0.428196 -0.903686 0
    outer loop
      vertex 11.3394 46.7664 0
      vertex 11.4101 46.7999 2.67172
      vertex 11.3394 46.7664 2.69254
    endloop
  endfacet
  facet normal 0.427508 -0.904011 2.22899e-05
    outer loop
      vertex 11.3394 46.7664 0
      vertex 11.6499 46.9133 2.60115
      vertex 11.4101 46.7999 2.67172
    endloop
  endfacet
  facet normal 0.427661 -0.903939 0
    outer loop
      vertex 11.6499 46.9133 2.60115
      vertex 11.3394 46.7664 0
      vertex 11.6499 46.9133 0
    endloop
  endfacet
  facet normal 0.0491971 -0.998789 0
    outer loop
      vertex 10 46.5 0
      vertex 10.3431 46.5169 45
      vertex 10 46.5 45
    endloop
  endfacet
  facet normal 0.0491971 -0.998789 0
    outer loop
      vertex 10.3431 46.5169 45
      vertex 10 46.5 0
      vertex 10.3431 46.5169 0
    endloop
  endfacet
  facet normal -0.989172 -0.14676 0
    outer loop
      vertex 6.56725 49.3172 38.3703
      vertex 6.51685 49.6569 45
      vertex 6.51685 49.6569 37.9391
    endloop
  endfacet
  facet normal -0.989172 -0.14676 0
    outer loop
      vertex 6.51685 49.6569 45
      vertex 6.56725 49.3172 38.3703
      vertex 6.56725 49.3172 45
    endloop
  endfacet
  facet normal -0.989172 -0.14676 -0
    outer loop
      vertex 6.56725 49.3172 8.62969
      vertex 6.51685 49.6569 0
      vertex 6.56725 49.3172 0
    endloop
  endfacet
  facet normal -0.989172 -0.14676 0
    outer loop
      vertex 6.51685 49.6569 0
      vertex 6.56725 49.3172 8.62969
      vertex 6.51685 49.6569 9.06087
    endloop
  endfacet
  facet normal 0.595659 -0.803237 0
    outer loop
      vertex 11.9445 47.0899 0
      vertex 12.2204 47.2945 2.49374
      vertex 11.9445 47.0899 2.53247
    endloop
  endfacet
  facet normal 0.595659 -0.803237 0
    outer loop
      vertex 12.2204 47.2945 2.49374
      vertex 11.9445 47.0899 0
      vertex 12.2204 47.2945 0
    endloop
  endfacet
  facet normal 0.595659 -0.803237 0
    outer loop
      vertex 11.9445 47.0899 3
      vertex 12.2204 47.2945 45
      vertex 11.9445 47.0899 45
    endloop
  endfacet
  facet normal 0.595659 -0.803237 0
    outer loop
      vertex 12.2204 47.2945 45
      vertex 11.9445 47.0899 3
      vertex 12.2204 47.2945 3
    endloop
  endfacet
  facet normal -0.803237 -0.595659 0
    outer loop
      vertex 7.29446 47.7796 0
      vertex 7.08986 48.0555 45
      vertex 7.08986 48.0555 0
    endloop
  endfacet
  facet normal -0.803237 -0.595659 0
    outer loop
      vertex 7.08986 48.0555 45
      vertex 7.29446 47.7796 0
      vertex 7.29446 47.7796 45
    endloop
  endfacet
  facet normal -0.998796 0.0490519 0
    outer loop
      vertex 6.5 50 9.44908
      vertex 6.51685 50.3431 0
      vertex 6.5 50 0
    endloop
  endfacet
  facet normal -0.998796 0.0490519 0
    outer loop
      vertex 6.51685 50.3431 0
      vertex 6.5 50 9.44908
      vertex 6.51685 50.3431 9.79056
    endloop
  endfacet
  facet normal -0.998796 0.0490519 0
    outer loop
      vertex 6.5 50 37.5509
      vertex 6.51685 50.3431 45
      vertex 6.51685 50.3431 37.2094
    endloop
  endfacet
  facet normal -0.998796 0.0490519 0
    outer loop
      vertex 6.51685 50.3431 45
      vertex 6.5 50 37.5509
      vertex 6.5 50 45
    endloop
  endfacet
  facet normal 0 0 -1
    outer loop
      vertex 13.4831 49.6569 0
      vertex 13.4831 50.3431 0
      vertex 13.5 50 0
    endloop
  endfacet
  facet normal 0 0 -1
    outer loop
      vertex 13.4327 49.3172 0
      vertex 13.4831 50.3431 0
      vertex 13.4831 49.6569 0
    endloop
  endfacet
  facet normal 0 0 -1
    outer loop
      vertex 13.4327 49.3172 0
      vertex 13.4327 50.6828 0
      vertex 13.4831 50.3431 0
    endloop
  endfacet
  facet normal 0 0 -1
    outer loop
      vertex 13.3493 48.984 0
      vertex 13.4327 50.6828 0
      vertex 13.4327 49.3172 0
    endloop
  endfacet
  facet normal 0 0 -1
    outer loop
      vertex 13.3493 48.984 0
      vertex 13.3493 51.016 0
      vertex 13.4327 50.6828 0
    endloop
  endfacet
  facet normal 0 0 -1
    outer loop
      vertex 13.2336 48.6606 0
      vertex 13.3493 51.016 0
      vertex 13.3493 48.984 0
    endloop
  endfacet
  facet normal 0 0 -1
    outer loop
      vertex 13.2336 48.6606 0
      vertex 13.2336 51.3394 0
      vertex 13.3493 51.016 0
    endloop
  endfacet
  facet normal 0 0 -1
    outer loop
      vertex 13.0867 48.3501 0
      vertex 13.2336 51.3394 0
      vertex 13.2336 48.6606 0
    endloop
  endfacet
  facet normal 0 0 -1
    outer loop
      vertex 13.0867 48.3501 0
      vertex 13.0867 51.6499 0
      vertex 13.2336 51.3394 0
    endloop
  endfacet
  facet normal 0 0 -1
    outer loop
      vertex 12.9101 48.0555 0
      vertex 13.0867 51.6499 0
      vertex 13.0867 48.3501 0
    endloop
  endfacet
  facet normal 0 0 -1
    outer loop
      vertex 12.9101 48.0555 0
      vertex 12.9101 51.9445 0
      vertex 13.0867 51.6499 0
    endloop
  endfacet
  facet normal 0 0 -1
    outer loop
      vertex 12.7055 47.7796 0
      vertex 12.9101 51.9445 0
      vertex 12.9101 48.0555 0
    endloop
  endfacet
  facet normal 0 0 -1
    outer loop
      vertex 12.7055 47.7796 0
      vertex 12.7055 52.2204 0
      vertex 12.9101 51.9445 0
    endloop
  endfacet
  facet normal 0 0 -1
    outer loop
      vertex 12.4749 47.5251 0
      vertex 12.7055 52.2204 0
      vertex 12.7055 47.7796 0
    endloop
  endfacet
  facet normal 0 0 -1
    outer loop
      vertex 12.4749 47.5251 0
      vertex 12.4749 52.4749 0
      vertex 12.7055 52.2204 0
    endloop
  endfacet
  facet normal 0 0 -1
    outer loop
      vertex 12.2204 47.2945 0
      vertex 12.4749 52.4749 0
      vertex 12.4749 47.5251 0
    endloop
  endfacet
  facet normal 0 0 -1
    outer loop
      vertex 12.2204 47.2945 0
      vertex 12.2204 52.7055 0
      vertex 12.4749 52.4749 0
    endloop
  endfacet
  facet normal 0 0 -1
    outer loop
      vertex 11.9445 47.0899 0
      vertex 12.2204 52.7055 0
      vertex 12.2204 47.2945 0
    endloop
  endfacet
  facet normal 0 0 -1
    outer loop
      vertex 11.9445 47.0899 0
      vertex 11.9445 52.9101 0
      vertex 12.2204 52.7055 0
    endloop
  endfacet
  facet normal 0 0 -1
    outer loop
      vertex 11.6499 46.9133 0
      vertex 11.9445 52.9101 0
      vertex 11.9445 47.0899 0
    endloop
  endfacet
  facet normal 0 0 -1
    outer loop
      vertex 11.6499 46.9133 0
      vertex 11.6499 53.0867 0
      vertex 11.9445 52.9101 0
    endloop
  endfacet
  facet normal 0 0 -1
    outer loop
      vertex 11.3394 46.7664 0
      vertex 11.6499 53.0867 0
      vertex 11.6499 46.9133 0
    endloop
  endfacet
  facet normal 0 0 -1
    outer loop
      vertex 11.3394 46.7664 0
      vertex 11.3394 53.2336 0
      vertex 11.6499 53.0867 0
    endloop
  endfacet
  facet normal 0 0 -1
    outer loop
      vertex 11.016 46.6507 0
      vertex 11.3394 53.2336 0
      vertex 11.3394 46.7664 0
    endloop
  endfacet
  facet normal 0 0 -1
    outer loop
      vertex 11.016 46.6507 0
      vertex 11.016 53.3493 0
      vertex 11.3394 53.2336 0
    endloop
  endfacet
  facet normal 0 0 -1
    outer loop
      vertex 10.6828 46.5673 0
      vertex 11.016 53.3493 0
      vertex 11.016 46.6507 0
    endloop
  endfacet
  facet normal 0 0 -1
    outer loop
      vertex 10.6828 46.5673 0
      vertex 10.6828 53.4327 0
      vertex 11.016 53.3493 0
    endloop
  endfacet
  facet normal 0 0 -1
    outer loop
      vertex 10.3431 46.5169 0
      vertex 10.6828 53.4327 0
      vertex 10.6828 46.5673 0
    endloop
  endfacet
  facet normal 0 0 -1
    outer loop
      vertex 10.3431 46.5169 0
      vertex 10.3431 53.4831 0
      vertex 10.6828 53.4327 0
    endloop
  endfacet
  facet normal 0 0 -1
    outer loop
      vertex 10 46.5 0
      vertex 10.3431 53.4831 0
      vertex 10.3431 46.5169 0
    endloop
  endfacet
  facet normal 0 0 -1
    outer loop
      vertex 10 46.5 0
      vertex 10 53.5 0
      vertex 10.3431 53.4831 0
    endloop
  endfacet
  facet normal 0 0 -1
    outer loop
      vertex 9.65694 46.5169 0
      vertex 10 53.5 0
      vertex 10 46.5 0
    endloop
  endfacet
  facet normal 0 0 -1
    outer loop
      vertex 9.65694 46.5169 0
      vertex 9.65694 53.4831 0
      vertex 10 53.5 0
    endloop
  endfacet
  facet normal 0 0 -1
    outer loop
      vertex 9.31718 46.5673 0
      vertex 9.65694 53.4831 0
      vertex 9.65694 46.5169 0
    endloop
  endfacet
  facet normal 0 0 -1
    outer loop
      vertex 9.31718 46.5673 0
      vertex 9.31718 53.4327 0
      vertex 9.65694 53.4831 0
    endloop
  endfacet
  facet normal 0 0 -1
    outer loop
      vertex 8.984 46.6507 0
      vertex 9.31718 53.4327 0
      vertex 9.31718 46.5673 0
    endloop
  endfacet
  facet normal 0 0 -1
    outer loop
      vertex 8.984 46.6507 0
      vertex 8.984 53.3493 0
      vertex 9.31718 53.4327 0
    endloop
  endfacet
  facet normal 0 0 -1
    outer loop
      vertex 8.66061 46.7664 0
      vertex 8.984 53.3493 0
      vertex 8.984 46.6507 0
    endloop
  endfacet
  facet normal 0 0 -1
    outer loop
      vertex 8.66061 46.7664 0
      vertex 8.66061 53.2336 0
      vertex 8.984 53.3493 0
    endloop
  endfacet
  facet normal 0 0 -1
    outer loop
      vertex 8.35011 46.9133 0
      vertex 8.66061 53.2336 0
      vertex 8.66061 46.7664 0
    endloop
  endfacet
  facet normal 0 0 -1
    outer loop
      vertex 8.35011 46.9133 0
      vertex 8.35011 53.0867 0
      vertex 8.66061 53.2336 0
    endloop
  endfacet
  facet normal 0 0 -1
    outer loop
      vertex 8.0555 47.0899 0
      vertex 8.35011 53.0867 0
      vertex 8.35011 46.9133 0
    endloop
  endfacet
  facet normal 0 0 -1
    outer loop
      vertex 8.0555 47.0899 0
      vertex 8.0555 52.9101 0
      vertex 8.35011 53.0867 0
    endloop
  endfacet
  facet normal 0 0 -1
    outer loop
      vertex 7.77962 47.2945 0
      vertex 8.0555 52.9101 0
      vertex 8.0555 47.0899 0
    endloop
  endfacet
  facet normal 0 0 -1
    outer loop
      vertex 7.77962 47.2945 0
      vertex 7.77962 52.7055 0
      vertex 8.0555 52.9101 0
    endloop
  endfacet
  facet normal 0 0 -1
    outer loop
      vertex 7.52513 47.5251 0
      vertex 7.77962 52.7055 0
      vertex 7.77962 47.2945 0
    endloop
  endfacet
  facet normal 0 0 -1
    outer loop
      vertex 7.52513 47.5251 0
      vertex 7.52513 52.4749 0
      vertex 7.77962 52.7055 0
    endloop
  endfacet
  facet normal 0 0 -1
    outer loop
      vertex 7.29446 47.7796 0
      vertex 7.52513 52.4749 0
      vertex 7.52513 47.5251 0
    endloop
  endfacet
  facet normal 0 0 -1
    outer loop
      vertex 7.29446 47.7796 0
      vertex 7.29446 52.2204 0
      vertex 7.52513 52.4749 0
    endloop
  endfacet
  facet normal 0 0 -1
    outer loop
      vertex 7.08986 48.0555 0
      vertex 7.29446 52.2204 0
      vertex 7.29446 47.7796 0
    endloop
  endfacet
  facet normal 0 0 -1
    outer loop
      vertex 7.08986 48.0555 0
      vertex 7.08986 51.9445 0
      vertex 7.29446 52.2204 0
    endloop
  endfacet
  facet normal 0 0 -1
    outer loop
      vertex 6.91327 48.3501 0
      vertex 7.08986 51.9445 0
      vertex 7.08986 48.0555 0
    endloop
  endfacet
  facet normal 0 0 -1
    outer loop
      vertex 6.91327 48.3501 0
      vertex 6.91327 51.6499 0
      vertex 7.08986 51.9445 0
    endloop
  endfacet
  facet normal 0 0 -1
    outer loop
      vertex 6.76642 48.6606 0
      vertex 6.91327 51.6499 0
      vertex 6.91327 48.3501 0
    endloop
  endfacet
  facet normal 0 0 -1
    outer loop
      vertex 6.76642 48.6606 0
      vertex 6.76642 51.3394 0
      vertex 6.91327 51.6499 0
    endloop
  endfacet
  facet normal 0 0 -1
    outer loop
      vertex 6.65071 48.984 0
      vertex 6.76642 51.3394 0
      vertex 6.76642 48.6606 0
    endloop
  endfacet
  facet normal 0 0 -1
    outer loop
      vertex 6.65071 48.984 0
      vertex 6.65071 51.016 0
      vertex 6.76642 51.3394 0
    endloop
  endfacet
  facet normal 0 0 -1
    outer loop
      vertex 6.56725 49.3172 0
      vertex 6.65071 51.016 0
      vertex 6.65071 48.984 0
    endloop
  endfacet
  facet normal 0 0 -1
    outer loop
      vertex 6.56725 49.3172 0
      vertex 6.56725 50.6828 0
      vertex 6.65071 51.016 0
    endloop
  endfacet
  facet normal 0 0 -1
    outer loop
      vertex 6.51685 49.6569 0
      vertex 6.56725 50.6828 0
      vertex 6.56725 49.3172 0
    endloop
  endfacet
  facet normal 0 0 -1
    outer loop
      vertex 6.51685 49.6569 0
      vertex 6.51685 50.3431 0
      vertex 6.56725 50.6828 0
    endloop
  endfacet
  facet normal 0 -0 -1
    outer loop
      vertex 6.51685 50.3431 0
      vertex 6.51685 49.6569 0
      vertex 6.5 50 0
    endloop
  endfacet
  facet normal 0.741046 -0.671454 0
    outer loop
      vertex 12.4749 47.5251 2.47428
      vertex 12.7055 47.7796 0
      vertex 12.7055 47.7796 2.49374
    endloop
  endfacet
  facet normal 0.741046 -0.671454 0
    outer loop
      vertex 12.7055 47.7796 0
      vertex 12.4749 47.5251 2.47428
      vertex 12.4749 47.5251 0
    endloop
  endfacet
  facet normal 0.741046 -0.671454 0
    outer loop
      vertex 12.4749 47.5251 45
      vertex 12.7055 47.7796 3
      vertex 12.7055 47.7796 45
    endloop
  endfacet
  facet normal 0.741046 -0.671454 0
    outer loop
      vertex 12.7055 47.7796 3
      vertex 12.4749 47.5251 45
      vertex 12.4749 47.5251 3
    endloop
  endfacet
  facet normal -0.336853 -0.941557 0
    outer loop
      vertex 88.984 46.6507 0
      vertex 88.6606 46.7664 2.69254
      vertex 88.6606 46.7664 0
    endloop
  endfacet
  facet normal -0.336853 -0.941557 0
    outer loop
      vertex 88.6606 46.7664 2.69254
      vertex 88.984 46.6507 0
      vertex 88.984 46.6507 2.80093
    endloop
  endfacet
  facet normal -0.336853 -0.941557 0
    outer loop
      vertex 88.6606 46.7664 3
      vertex 88.984 46.6507 45
      vertex 88.6606 46.7664 45
    endloop
  endfacet
  facet normal -0.336853 -0.941557 -0
    outer loop
      vertex 88.984 46.6507 45
      vertex 88.6606 46.7664 3
      vertex 88.984 46.6507 3
    endloop
  endfacet
  facet normal 0.989139 0.146984 0
    outer loop
      vertex 93.4682 50.4439 9.87707
      vertex 93.4327 50.6828 0
      vertex 93.4327 50.6828 10.3188
    endloop
  endfacet
  facet normal 0.989249 0.146244 -1.82904e-05
    outer loop
      vertex 93.4831 50.3431 9.79058
      vertex 93.4327 50.6828 0
      vertex 93.4682 50.4439 9.87707
    endloop
  endfacet
  facet normal 0.989172 0.14676 0
    outer loop
      vertex 93.4327 50.6828 0
      vertex 93.4831 50.3431 9.79058
      vertex 93.4831 50.3431 0
    endloop
  endfacet
  facet normal 0.989139 0.146984 0
    outer loop
      vertex 93.4327 50.6828 45
      vertex 93.4682 50.4439 37.1229
      vertex 93.4327 50.6828 36.6812
    endloop
  endfacet
  facet normal 0.989172 0.14676 -0
    outer loop
      vertex 93.4831 50.3431 37.2094
      vertex 93.4327 50.6828 45
      vertex 93.4831 50.3431 45
    endloop
  endfacet
  facet normal 0.989248 0.146248 2.28164e-05
    outer loop
      vertex 93.4327 50.6828 45
      vertex 93.4831 50.3431 37.2094
      vertex 93.4682 50.4439 37.1229
    endloop
  endfacet
  facet normal 0.998789 0.0491971 0
    outer loop
      vertex 93.5 50 9.4491
      vertex 93.4831 50.3431 0
      vertex 93.4831 50.3431 9.79058
    endloop
  endfacet
  facet normal 0.998789 0.0491971 0
    outer loop
      vertex 93.4831 50.3431 0
      vertex 93.5 50 9.4491
      vertex 93.5 50 0
    endloop
  endfacet
  facet normal 0.998789 0.0491971 -0
    outer loop
      vertex 93.5 50 37.5509
      vertex 93.4831 50.3431 45
      vertex 93.5 50 45
    endloop
  endfacet
  facet normal 0.998789 0.0491971 0
    outer loop
      vertex 93.4831 50.3431 45
      vertex 93.5 50 37.5509
      vertex 93.4831 50.3431 37.2094
    endloop
  endfacet
  facet normal 0.970074 0.24281 -0
    outer loop
      vertex 93.4327 50.6828 36.6812
      vertex 93.3493 51.016 45
      vertex 93.4327 50.6828 45
    endloop
  endfacet
  facet normal 0.970074 0.24281 0
    outer loop
      vertex 93.3493 51.016 45
      vertex 93.4327 50.6828 36.6812
      vertex 93.3493 51.016 36.167
    endloop
  endfacet
  facet normal 0.970074 0.24281 0
    outer loop
      vertex 93.4327 50.6828 10.3188
      vertex 93.3493 51.016 0
      vertex 93.3493 51.016 10.833
    endloop
  endfacet
  facet normal 0.970074 0.24281 0
    outer loop
      vertex 93.3493 51.016 0
      vertex 93.4327 50.6828 10.3188
      vertex 93.4327 50.6828 0
    endloop
  endfacet
  facet normal -0.989172 0.14676 0
    outer loop
      vertex 86.5169 50.3431 0
      vertex 86.5673 50.6828 45
      vertex 86.5673 50.6828 0
    endloop
  endfacet
  facet normal -0.989172 0.14676 0
    outer loop
      vertex 86.5673 50.6828 45
      vertex 86.5169 50.3431 0
      vertex 86.5169 50.3431 45
    endloop
  endfacet
  facet normal -0.24281 -0.970074 0
    outer loop
      vertex 88.984 46.6507 3
      vertex 89.3172 46.5673 45
      vertex 88.984 46.6507 45
    endloop
  endfacet
  facet normal -0.24281 -0.970074 -0
    outer loop
      vertex 89.3172 46.5673 45
      vertex 88.984 46.6507 3
      vertex 89.3172 46.5673 3
    endloop
  endfacet
  facet normal -0.24281 -0.970074 0
    outer loop
      vertex 89.3172 46.5673 0
      vertex 88.984 46.6507 2.80093
      vertex 88.984 46.6507 0
    endloop
  endfacet
  facet normal -0.24281 -0.970074 0
    outer loop
      vertex 88.984 46.6507 2.80093
      vertex 89.3172 46.5673 0
      vertex 89.3172 46.5673 2.92527
    endloop
  endfacet
  facet normal 0.336853 0.941557 -0
    outer loop
      vertex 91.3394 53.2336 0
      vertex 91.016 53.3493 10.833
      vertex 91.3394 53.2336 11.2285
    endloop
  endfacet
  facet normal 0.336853 0.941557 0
    outer loop
      vertex 91.016 53.3493 10.833
      vertex 91.3394 53.2336 0
      vertex 91.016 53.3493 0
    endloop
  endfacet
  facet normal 0.336853 0.941557 0
    outer loop
      vertex 91.3394 53.2336 45
      vertex 91.016 53.3493 36.167
      vertex 91.016 53.3493 45
    endloop
  endfacet
  facet normal 0.336853 0.941557 0
    outer loop
      vertex 91.016 53.3493 36.167
      vertex 91.3394 53.2336 45
      vertex 91.3394 53.2336 35.7715
    endloop
  endfacet
  facet normal -0.513985 0.857799 0
    outer loop
      vertex 88.3501 53.0867 7.12164
      vertex 88.3501 53.0867 0
      vertex 88.2513 53.0275 6.93445
    endloop
  endfacet
  facet normal -0.514153 0.857698 4.57856e-06
    outer loop
      vertex 88.3501 53.0867 45
      vertex 88.2513 53.0275 40.0656
      vertex 88.0555 52.9101 45
    endloop
  endfacet
  facet normal -0.513985 0.857799 0
    outer loop
      vertex 88.2513 53.0275 40.0656
      vertex 88.3501 53.0867 45
      vertex 88.3501 53.0867 39.8784
    endloop
  endfacet
  facet normal -0.514238 0.857647 0
    outer loop
      vertex 88.2513 53.0275 6.93445
      vertex 88.0555 52.9101 45
      vertex 88.2513 53.0275 40.0656
    endloop
  endfacet
  facet normal -0.514238 0.857647 0
    outer loop
      vertex 88.2513 53.0275 6.93445
      vertex 88.0555 52.9101 0
      vertex 88.0555 52.9101 45
    endloop
  endfacet
  facet normal -0.514153 0.857698 -3.258e-06
    outer loop
      vertex 88.0555 52.9101 0
      vertex 88.2513 53.0275 6.93445
      vertex 88.3501 53.0867 0
    endloop
  endfacet
  facet normal -0.903686 -0.428196 0
    outer loop
      vertex 86.7664 48.6606 0
      vertex 86.7999 48.5899 2.67172
      vertex 86.7664 48.6606 2.69254
    endloop
  endfacet
  facet normal -0.903939 -0.427661 -0
    outer loop
      vertex 86.9133 48.3501 2.60115
      vertex 86.7664 48.6606 0
      vertex 86.9133 48.3501 0
    endloop
  endfacet
  facet normal -0.904011 -0.427508 2.22899e-05
    outer loop
      vertex 86.7664 48.6606 0
      vertex 86.9133 48.3501 2.60115
      vertex 86.7999 48.5899 2.67172
    endloop
  endfacet
  facet normal -0.903939 -0.427661 0
    outer loop
      vertex 86.9133 48.3501 3
      vertex 86.7664 48.6606 45
      vertex 86.7664 48.6606 3
    endloop
  endfacet
  facet normal -0.903939 -0.427661 0
    outer loop
      vertex 86.7664 48.6606 45
      vertex 86.9133 48.3501 3
      vertex 86.9133 48.3501 45
    endloop
  endfacet
  facet normal -0.24281 0.970074 0
    outer loop
      vertex 89.3172 53.4327 45
      vertex 88.984 53.3493 38.8403
      vertex 88.984 53.3493 45
    endloop
  endfacet
  facet normal -0.242848 0.970064 2.1797e-06
    outer loop
      vertex 89.3172 53.4327 45
      vertex 89.129 53.3856 38.6358
      vertex 88.984 53.3493 38.8403
    endloop
  endfacet
  facet normal -0.242778 0.970082 0
    outer loop
      vertex 89.129 53.3856 38.6358
      vertex 89.3172 53.4327 45
      vertex 89.3172 53.4327 38.3703
    endloop
  endfacet
  facet normal -0.242778 0.970082 0
    outer loop
      vertex 89.3172 53.4327 0
      vertex 89.129 53.3856 8.36419
      vertex 89.3172 53.4327 8.62971
    endloop
  endfacet
  facet normal -0.242848 0.970064 -1.67454e-06
    outer loop
      vertex 89.3172 53.4327 0
      vertex 88.984 53.3493 8.1597
      vertex 89.129 53.3856 8.36419
    endloop
  endfacet
  facet normal -0.24281 0.970074 0
    outer loop
      vertex 88.984 53.3493 8.1597
      vertex 89.3172 53.4327 0
      vertex 88.984 53.3493 0
    endloop
  endfacet
  facet normal -0.857677 -0.514188 0
    outer loop
      vertex 86.9133 48.3501 0
      vertex 87.0362 48.1451 2.55
      vertex 86.9133 48.3501 2.60115
    endloop
  endfacet
  facet normal -0.857698 -0.514153 -0
    outer loop
      vertex 87.0899 48.0555 2.53247
      vertex 86.9133 48.3501 0
      vertex 87.0899 48.0555 0
    endloop
  endfacet
  facet normal -0.857745 -0.514075 1.23447e-05
    outer loop
      vertex 86.9133 48.3501 0
      vertex 87.0899 48.0555 2.53247
      vertex 87.0362 48.1451 2.55
    endloop
  endfacet
  facet normal -0.857698 -0.514153 0
    outer loop
      vertex 87.0899 48.0555 3
      vertex 86.9133 48.3501 45
      vertex 86.9133 48.3501 3
    endloop
  endfacet
  facet normal -0.857698 -0.514153 0
    outer loop
      vertex 86.9133 48.3501 45
      vertex 87.0899 48.0555 3
      vertex 87.0899 48.0555 45
    endloop
  endfacet
  facet normal 0.24281 -0.970074 0
    outer loop
      vertex 90.6828 46.5673 0
      vertex 91.016 46.6507 45
      vertex 90.6828 46.5673 45
    endloop
  endfacet
  facet normal 0.24281 -0.970074 0
    outer loop
      vertex 91.016 46.6507 45
      vertex 90.6828 46.5673 0
      vertex 91.016 46.6507 0
    endloop
  endfacet
  facet normal -0.595659 -0.803237 0
    outer loop
      vertex 88.0555 47.0899 0
      vertex 87.7796 47.2945 2.49374
      vertex 87.7796 47.2945 0
    endloop
  endfacet
  facet normal -0.595659 -0.803237 0
    outer loop
      vertex 87.7796 47.2945 2.49374
      vertex 88.0555 47.0899 0
      vertex 88.0555 47.0899 2.53247
    endloop
  endfacet
  facet normal -0.595659 -0.803237 0
    outer loop
      vertex 87.7796 47.2945 3
      vertex 88.0555 47.0899 45
      vertex 87.7796 47.2945 45
    endloop
  endfacet
  facet normal -0.595659 -0.803237 -0
    outer loop
      vertex 88.0555 47.0899 45
      vertex 87.7796 47.2945 3
      vertex 88.0555 47.0899 3
    endloop
  endfacet
  facet normal 0.514153 -0.857698 0
    outer loop
      vertex 91.6499 46.9133 0
      vertex 91.9445 47.0899 45
      vertex 91.6499 46.9133 45
    endloop
  endfacet
  facet normal 0.514153 -0.857698 0
    outer loop
      vertex 91.9445 47.0899 45
      vertex 91.6499 46.9133 0
      vertex 91.9445 47.0899 0
    endloop
  endfacet
  facet normal 0.803237 -0.595659 0
    outer loop
      vertex 92.7055 47.7796 45
      vertex 92.9101 48.0555 0
      vertex 92.9101 48.0555 45
    endloop
  endfacet
  facet normal 0.803237 -0.595659 0
    outer loop
      vertex 92.9101 48.0555 0
      vertex 92.7055 47.7796 45
      vertex 92.7055 47.7796 0
    endloop
  endfacet
  facet normal 0.14676 0.989172 0
    outer loop
      vertex 90.6828 53.4327 45
      vertex 90.3431 53.4831 37.2094
      vertex 90.3431 53.4831 45
    endloop
  endfacet
  facet normal 0.146248 0.989248 2.28164e-05
    outer loop
      vertex 90.6828 53.4327 45
      vertex 90.4439 53.4682 37.1229
      vertex 90.3431 53.4831 37.2094
    endloop
  endfacet
  facet normal 0.146984 0.989139 0
    outer loop
      vertex 90.4439 53.4682 37.1229
      vertex 90.6828 53.4327 45
      vertex 90.6828 53.4327 36.6812
    endloop
  endfacet
  facet normal 0.146984 0.989139 -0
    outer loop
      vertex 90.6828 53.4327 0
      vertex 90.4439 53.4682 9.87707
      vertex 90.6828 53.4327 10.3188
    endloop
  endfacet
  facet normal 0.146244 0.989249 -1.82904e-05
    outer loop
      vertex 90.6828 53.4327 0
      vertex 90.3431 53.4831 9.79058
      vertex 90.4439 53.4682 9.87707
    endloop
  endfacet
  facet normal 0.14676 0.989172 0
    outer loop
      vertex 90.3431 53.4831 9.79058
      vertex 90.6828 53.4327 0
      vertex 90.3431 53.4831 0
    endloop
  endfacet
  facet normal -0.595659 0.803237 0
    outer loop
      vertex 88.0555 52.9101 0
      vertex 87.7796 52.7055 45
      vertex 88.0555 52.9101 45
    endloop
  endfacet
  facet normal -0.595659 0.803237 0
    outer loop
      vertex 87.7796 52.7055 45
      vertex 88.0555 52.9101 0
      vertex 87.7796 52.7055 0
    endloop
  endfacet
  facet normal -0.803237 0.595659 0
    outer loop
      vertex 87.0899 51.9445 0
      vertex 87.2945 52.2204 45
      vertex 87.2945 52.2204 0
    endloop
  endfacet
  facet normal -0.803237 0.595659 0
    outer loop
      vertex 87.2945 52.2204 45
      vertex 87.0899 51.9445 0
      vertex 87.0899 51.9445 45
    endloop
  endfacet
  facet normal 0.989172 -0.14676 0
    outer loop
      vertex 93.4327 49.3172 8.62971
      vertex 93.4831 49.6569 0
      vertex 93.4831 49.6569 9.06089
    endloop
  endfacet
  facet normal 0.989172 -0.14676 0
    outer loop
      vertex 93.4831 49.6569 0
      vertex 93.4327 49.3172 8.62971
      vertex 93.4327 49.3172 0
    endloop
  endfacet
  facet normal 0.989172 -0.14676 0
    outer loop
      vertex 93.4327 49.3172 38.3703
      vertex 93.4831 49.6569 45
      vertex 93.4327 49.3172 45
    endloop
  endfacet
  facet normal 0.989172 -0.14676 0
    outer loop
      vertex 93.4831 49.6569 45
      vertex 93.4327 49.3172 38.3703
      vertex 93.4831 49.6569 37.9391
    endloop
  endfacet
  facet normal -0.941557 0.336853 0
    outer loop
      vertex 86.6507 51.016 0
      vertex 86.7664 51.3394 45
      vertex 86.7664 51.3394 0
    endloop
  endfacet
  facet normal -0.941557 0.336853 0
    outer loop
      vertex 86.7664 51.3394 45
      vertex 86.6507 51.016 0
      vertex 86.6507 51.016 45
    endloop
  endfacet
  facet normal 0.427661 0.903939 0
    outer loop
      vertex 91.6499 53.0867 45
      vertex 91.3394 53.2336 35.7715
      vertex 91.3394 53.2336 45
    endloop
  endfacet
  facet normal 0.427661 0.903939 0
    outer loop
      vertex 91.3394 53.2336 35.7715
      vertex 91.6499 53.0867 45
      vertex 91.6499 53.0867 35.4985
    endloop
  endfacet
  facet normal 0.427661 0.903939 -0
    outer loop
      vertex 91.6499 53.0867 0
      vertex 91.3394 53.2336 11.2285
      vertex 91.6499 53.0867 11.5015
    endloop
  endfacet
  facet normal 0.427661 0.903939 0
    outer loop
      vertex 91.3394 53.2336 11.2285
      vertex 91.6499 53.0867 0
      vertex 91.3394 53.2336 0
    endloop
  endfacet
  facet normal -0.941557 -0.336853 0
    outer loop
      vertex 86.7664 48.6606 3
      vertex 86.6507 48.984 45
      vertex 86.6507 48.984 3
    endloop
  endfacet
  facet normal -0.941557 -0.336853 0
    outer loop
      vertex 86.6507 48.984 45
      vertex 86.7664 48.6606 3
      vertex 86.7664 48.6606 45
    endloop
  endfacet
  facet normal -0.941557 -0.336853 -0
    outer loop
      vertex 86.7664 48.6606 2.69254
      vertex 86.6507 48.984 0
      vertex 86.7664 48.6606 0
    endloop
  endfacet
  facet normal -0.941557 -0.336853 0
    outer loop
      vertex 86.6507 48.984 0
      vertex 86.7664 48.6606 2.69254
      vertex 86.6507 48.984 2.80093
    endloop
  endfacet
  facet normal 0.970082 -0.242778 0
    outer loop
      vertex 93.3856 49.129 8.36419
      vertex 93.4327 49.3172 0
      vertex 93.4327 49.3172 8.62971
    endloop
  endfacet
  facet normal 0.970064 -0.242848 -1.67454e-06
    outer loop
      vertex 93.3493 48.984 8.1597
      vertex 93.4327 49.3172 0
      vertex 93.3856 49.129 8.36419
    endloop
  endfacet
  facet normal 0.970074 -0.24281 0
    outer loop
      vertex 93.4327 49.3172 0
      vertex 93.3493 48.984 8.1597
      vertex 93.3493 48.984 0
    endloop
  endfacet
  facet normal 0.970082 -0.242778 0
    outer loop
      vertex 93.4327 49.3172 45
      vertex 93.3856 49.129 38.6358
      vertex 93.4327 49.3172 38.3703
    endloop
  endfacet
  facet normal 0.970074 -0.24281 0
    outer loop
      vertex 93.3493 48.984 38.8403
      vertex 93.4327 49.3172 45
      vertex 93.3493 48.984 45
    endloop
  endfacet
  facet normal 0.970064 -0.242848 2.1797e-06
    outer loop
      vertex 93.4327 49.3172 45
      vertex 93.3493 48.984 38.8403
      vertex 93.3856 49.129 38.6358
    endloop
  endfacet
  facet normal -0.0491971 0.998789 0
    outer loop
      vertex 90 53.5 0
      vertex 89.6569 53.4831 9.06089
      vertex 90 53.5 9.4491
    endloop
  endfacet
  facet normal -0.0491971 0.998789 0
    outer loop
      vertex 89.6569 53.4831 9.06089
      vertex 90 53.5 0
      vertex 89.6569 53.4831 0
    endloop
  endfacet
  facet normal -0.0491971 0.998789 0
    outer loop
      vertex 90 53.5 45
      vertex 89.6569 53.4831 37.9391
      vertex 89.6569 53.4831 45
    endloop
  endfacet
  facet normal -0.0491971 0.998789 0
    outer loop
      vertex 89.6569 53.4831 37.9391
      vertex 90 53.5 45
      vertex 90 53.5 37.5509
    endloop
  endfacet
  facet normal -0.427661 0.903939 0
    outer loop
      vertex 88.6606 53.2336 45
      vertex 88.3501 53.0867 39.8784
      vertex 88.3501 53.0867 45
    endloop
  endfacet
  facet normal -0.427661 0.903939 0
    outer loop
      vertex 88.3501 53.0867 39.8784
      vertex 88.6606 53.2336 45
      vertex 88.6606 53.2336 39.3446
    endloop
  endfacet
  facet normal -0.427661 0.903939 0
    outer loop
      vertex 88.6606 53.2336 0
      vertex 88.3501 53.0867 7.12164
      vertex 88.6606 53.2336 7.65539
    endloop
  endfacet
  facet normal -0.427661 0.903939 0
    outer loop
      vertex 88.3501 53.0867 7.12164
      vertex 88.6606 53.2336 0
      vertex 88.3501 53.0867 0
    endloop
  endfacet
  facet normal -0.671454 0.741046 0
    outer loop
      vertex 87.7796 52.7055 0
      vertex 87.5251 52.4749 45
      vertex 87.7796 52.7055 45
    endloop
  endfacet
  facet normal -0.671454 0.741046 0
    outer loop
      vertex 87.5251 52.4749 45
      vertex 87.7796 52.7055 0
      vertex 87.5251 52.4749 0
    endloop
  endfacet
  facet normal 0.336853 -0.941557 0
    outer loop
      vertex 91.016 46.6507 0
      vertex 91.3394 46.7664 45
      vertex 91.016 46.6507 45
    endloop
  endfacet
  facet normal 0.336853 -0.941557 0
    outer loop
      vertex 91.3394 46.7664 45
      vertex 91.016 46.6507 0
      vertex 91.3394 46.7664 0
    endloop
  endfacet
  facet normal -0.336853 0.941557 0
    outer loop
      vertex 88.984 53.3493 0
      vertex 88.6606 53.2336 7.65539
      vertex 88.984 53.3493 8.1597
    endloop
  endfacet
  facet normal -0.336853 0.941557 0
    outer loop
      vertex 88.6606 53.2336 7.65539
      vertex 88.984 53.3493 0
      vertex 88.6606 53.2336 0
    endloop
  endfacet
  facet normal -0.336853 0.941557 0
    outer loop
      vertex 88.984 53.3493 45
      vertex 88.6606 53.2336 39.3446
      vertex 88.6606 53.2336 45
    endloop
  endfacet
  facet normal -0.336853 0.941557 0
    outer loop
      vertex 88.6606 53.2336 39.3446
      vertex 88.984 53.3493 45
      vertex 88.984 53.3493 38.8403
    endloop
  endfacet
  facet normal 0.803237 0.595659 -0
    outer loop
      vertex 92.9101 51.9445 35.3195
      vertex 92.7055 52.2204 45
      vertex 92.9101 51.9445 45
    endloop
  endfacet
  facet normal 0.803237 0.595659 0
    outer loop
      vertex 92.7055 52.2204 45
      vertex 92.9101 51.9445 35.3195
      vertex 92.7055 52.2204 35.1937
    endloop
  endfacet
  facet normal 0.803237 0.595659 0
    outer loop
      vertex 92.9101 51.9445 11.6805
      vertex 92.7055 52.2204 0
      vertex 92.7055 52.2204 11.8063
    endloop
  endfacet
  facet normal 0.803237 0.595659 0
    outer loop
      vertex 92.7055 52.2204 0
      vertex 92.9101 51.9445 11.6805
      vertex 92.9101 51.9445 0
    endloop
  endfacet
  facet normal -0.857698 0.514153 0
    outer loop
      vertex 86.9133 51.6499 0
      vertex 87.0899 51.9445 45
      vertex 87.0899 51.9445 0
    endloop
  endfacet
  facet normal -0.857698 0.514153 0
    outer loop
      vertex 87.0899 51.9445 45
      vertex 86.9133 51.6499 0
      vertex 86.9133 51.6499 45
    endloop
  endfacet
  facet normal 0.998789 -0.0491971 0
    outer loop
      vertex 93.4831 49.6569 9.06089
      vertex 93.5 50 0
      vertex 93.5 50 9.4491
    endloop
  endfacet
  facet normal 0.998789 -0.0491971 0
    outer loop
      vertex 93.5 50 0
      vertex 93.4831 49.6569 9.06089
      vertex 93.4831 49.6569 0
    endloop
  endfacet
  facet normal 0.998789 -0.0491971 0
    outer loop
      vertex 93.4831 49.6569 37.9391
      vertex 93.5 50 45
      vertex 93.4831 49.6569 45
    endloop
  endfacet
  facet normal 0.998789 -0.0491971 0
    outer loop
      vertex 93.5 50 45
      vertex 93.4831 49.6569 37.9391
      vertex 93.5 50 37.5509
    endloop
  endfacet
  facet normal 0.903939 -0.427661 0
    outer loop
      vertex 93.0867 48.3501 39.8784
      vertex 93.2336 48.6606 45
      vertex 93.0867 48.3501 45
    endloop
  endfacet
  facet normal 0.903939 -0.427661 0
    outer loop
      vertex 93.2336 48.6606 45
      vertex 93.0867 48.3501 39.8784
      vertex 93.2336 48.6606 39.3446
    endloop
  endfacet
  facet normal 0.903939 -0.427661 0
    outer loop
      vertex 93.0867 48.3501 7.12164
      vertex 93.2336 48.6606 0
      vertex 93.2336 48.6606 7.65539
    endloop
  endfacet
  facet normal 0.903939 -0.427661 0
    outer loop
      vertex 93.2336 48.6606 0
      vertex 93.0867 48.3501 7.12164
      vertex 93.0867 48.3501 0
    endloop
  endfacet
  facet normal 0.857746 0.514073 0
    outer loop
      vertex 92.9101 51.9445 45
      vertex 92.9638 51.8549 35.3957
      vertex 92.9101 51.9445 35.3195
    endloop
  endfacet
  facet normal 0.857698 0.514153 -0
    outer loop
      vertex 93.0867 51.6499 35.4985
      vertex 92.9101 51.9445 45
      vertex 93.0867 51.6499 45
    endloop
  endfacet
  facet normal 0.857678 0.514188 -1.44819e-06
    outer loop
      vertex 92.9101 51.9445 45
      vertex 93.0867 51.6499 35.4985
      vertex 92.9638 51.8549 35.3957
    endloop
  endfacet
  facet normal 0.857746 0.514073 0
    outer loop
      vertex 92.9638 51.8549 11.6043
      vertex 92.9101 51.9445 0
      vertex 92.9101 51.9445 11.6805
    endloop
  endfacet
  facet normal 0.857678 0.514188 1.19955e-06
    outer loop
      vertex 93.0867 51.6499 11.5015
      vertex 92.9101 51.9445 0
      vertex 92.9638 51.8549 11.6043
    endloop
  endfacet
  facet normal 0.857698 0.514153 0
    outer loop
      vertex 92.9101 51.9445 0
      vertex 93.0867 51.6499 11.5015
      vertex 93.0867 51.6499 0
    endloop
  endfacet
  facet normal 0 0 1
    outer loop
      vertex 91.3 50 45
      vertex 93.5 50 45
      vertex 93.4831 50.3431 45
    endloop
  endfacet
  facet normal 0 0 1
    outer loop
      vertex 91.2937 50.1274 45
      vertex 93.4831 50.3431 45
      vertex 93.4327 50.6828 45
    endloop
  endfacet
  facet normal 0 0 1
    outer loop
      vertex 93.5 50 45
      vertex 91.3 50 45
      vertex 93.4831 49.6569 45
    endloop
  endfacet
  facet normal 0 0 1
    outer loop
      vertex 91.275 50.2536 45
      vertex 93.4327 50.6828 45
      vertex 93.3493 51.016 45
    endloop
  endfacet
  facet normal -0 0 1
    outer loop
      vertex 91.2937 49.8726 45
      vertex 93.4831 49.6569 45
      vertex 91.3 50 45
    endloop
  endfacet
  facet normal 0 0 1
    outer loop
      vertex 91.244 50.3774 45
      vertex 93.3493 51.016 45
      vertex 93.2336 51.3394 45
    endloop
  endfacet
  facet normal 0 0 1
    outer loop
      vertex 93.4831 49.6569 45
      vertex 91.2937 49.8726 45
      vertex 93.4327 49.3172 45
    endloop
  endfacet
  facet normal 0 0 1
    outer loop
      vertex 91.201 50.4975 45
      vertex 93.2336 51.3394 45
      vertex 93.0867 51.6499 45
    endloop
  endfacet
  facet normal -0 0 1
    outer loop
      vertex 91.275 49.7464 45
      vertex 93.4327 49.3172 45
      vertex 91.2937 49.8726 45
    endloop
  endfacet
  facet normal 0 0 1
    outer loop
      vertex 91.1465 50.6128 45
      vertex 93.0867 51.6499 45
      vertex 92.9101 51.9445 45
    endloop
  endfacet
  facet normal 0 0 1
    outer loop
      vertex 93.4327 49.3172 45
      vertex 91.275 49.7464 45
      vertex 93.3493 48.984 45
    endloop
  endfacet
  facet normal 0 0 1
    outer loop
      vertex 91.0809 50.7222 45
      vertex 92.9101 51.9445 45
      vertex 92.7055 52.2204 45
    endloop
  endfacet
  facet normal -0 0 1
    outer loop
      vertex 91.244 49.6226 45
      vertex 93.3493 48.984 45
      vertex 91.275 49.7464 45
    endloop
  endfacet
  facet normal 0 0 1
    outer loop
      vertex 91.0049 50.8247 45
      vertex 92.7055 52.2204 45
      vertex 92.4749 52.4749 45
    endloop
  endfacet
  facet normal 0 0 1
    outer loop
      vertex 93.3493 48.984 45
      vertex 91.244 49.6226 45
      vertex 93.2336 48.6606 45
    endloop
  endfacet
  facet normal 0 0 1
    outer loop
      vertex 90.9192 50.9192 45
      vertex 92.4749 52.4749 45
      vertex 92.2204 52.7055 45
    endloop
  endfacet
  facet normal -0 0 1
    outer loop
      vertex 91.201 49.5025 45
      vertex 93.2336 48.6606 45
      vertex 91.244 49.6226 45
    endloop
  endfacet
  facet normal 0 0 1
    outer loop
      vertex 90.8247 51.0049 45
      vertex 92.2204 52.7055 45
      vertex 91.9445 52.9101 45
    endloop
  endfacet
  facet normal 0 0 1
    outer loop
      vertex 93.2336 48.6606 45
      vertex 91.201 49.5025 45
      vertex 93.0867 48.3501 45
    endloop
  endfacet
  facet normal 0 0 1
    outer loop
      vertex 90.7222 51.0809 45
      vertex 91.9445 52.9101 45
      vertex 91.6499 53.0867 45
    endloop
  endfacet
  facet normal -0 0 1
    outer loop
      vertex 91.1465 49.3872 45
      vertex 93.0867 48.3501 45
      vertex 91.201 49.5025 45
    endloop
  endfacet
  facet normal 0 0 1
    outer loop
      vertex 90.6128 51.1465 45
      vertex 91.6499 53.0867 45
      vertex 91.3394 53.2336 45
    endloop
  endfacet
  facet normal 0 0 1
    outer loop
      vertex 93.0867 48.3501 45
      vertex 91.1465 49.3872 45
      vertex 92.9101 48.0555 45
    endloop
  endfacet
  facet normal -0 0 1
    outer loop
      vertex 91.0809 49.2778 45
      vertex 92.9101 48.0555 45
      vertex 91.1465 49.3872 45
    endloop
  endfacet
  facet normal 0 0 1
    outer loop
      vertex 93.4831 50.3431 45
      vertex 91.2937 50.1274 45
      vertex 91.3 50 45
    endloop
  endfacet
  facet normal 0 0 1
    outer loop
      vertex 93.4327 50.6828 45
      vertex 91.275 50.2536 45
      vertex 91.2937 50.1274 45
    endloop
  endfacet
  facet normal 0 0 1
    outer loop
      vertex 93.3493 51.016 45
      vertex 91.244 50.3774 45
      vertex 91.275 50.2536 45
    endloop
  endfacet
  facet normal 0 0 1
    outer loop
      vertex 93.2336 51.3394 45
      vertex 91.201 50.4975 45
      vertex 91.244 50.3774 45
    endloop
  endfacet
  facet normal 0 0 1
    outer loop
      vertex 93.0867 51.6499 45
      vertex 91.1465 50.6128 45
      vertex 91.201 50.4975 45
    endloop
  endfacet
  facet normal 0 0 1
    outer loop
      vertex 92.9101 51.9445 45
      vertex 91.0809 50.7222 45
      vertex 91.1465 50.6128 45
    endloop
  endfacet
  facet normal 0 0 1
    outer loop
      vertex 90.4975 51.201 45
      vertex 91.3394 53.2336 45
      vertex 91.016 53.3493 45
    endloop
  endfacet
  facet normal 0 0 1
    outer loop
      vertex 92.7055 52.2204 45
      vertex 91.0049 50.8247 45
      vertex 91.0809 50.7222 45
    endloop
  endfacet
  facet normal 0 0 1
    outer loop
      vertex 92.4749 52.4749 45
      vertex 90.9192 50.9192 45
      vertex 91.0049 50.8247 45
    endloop
  endfacet
  facet normal 0 0 1
    outer loop
      vertex 92.2204 52.7055 45
      vertex 90.8247 51.0049 45
      vertex 90.9192 50.9192 45
    endloop
  endfacet
  facet normal 0 0 1
    outer loop
      vertex 91.9445 52.9101 45
      vertex 90.7222 51.0809 45
      vertex 90.8247 51.0049 45
    endloop
  endfacet
  facet normal 0 0 1
    outer loop
      vertex 90.3774 51.244 45
      vertex 91.016 53.3493 45
      vertex 90.6828 53.4327 45
    endloop
  endfacet
  facet normal 0 0 1
    outer loop
      vertex 91.6499 53.0867 45
      vertex 90.6128 51.1465 45
      vertex 90.7222 51.0809 45
    endloop
  endfacet
  facet normal 0 0 1
    outer loop
      vertex 91.3394 53.2336 45
      vertex 90.4975 51.201 45
      vertex 90.6128 51.1465 45
    endloop
  endfacet
  facet normal 0 0 1
    outer loop
      vertex 91.016 53.3493 45
      vertex 90.3774 51.244 45
      vertex 90.4975 51.201 45
    endloop
  endfacet
  facet normal 0 0 1
    outer loop
      vertex 90.2536 51.275 45
      vertex 90.6828 53.4327 45
      vertex 90.3431 53.4831 45
    endloop
  endfacet
  facet normal 0 0 1
    outer loop
      vertex 90.6828 53.4327 45
      vertex 90.2536 51.275 45
      vertex 90.3774 51.244 45
    endloop
  endfacet
  facet normal 0 0 1
    outer loop
      vertex 90.3431 53.4831 45
      vertex 90.1274 51.2937 45
      vertex 90.2536 51.275 45
    endloop
  endfacet
  facet normal 0 0 1
    outer loop
      vertex 90 53.5 45
      vertex 90.1274 51.2937 45
      vertex 90.3431 53.4831 45
    endloop
  endfacet
  facet normal 0 0 1
    outer loop
      vertex 90 53.5 45
      vertex 90 51.3 45
      vertex 90.1274 51.2937 45
    endloop
  endfacet
  facet normal 0 0 1
    outer loop
      vertex 90 53.5 45
      vertex 89.8726 51.2937 45
      vertex 90 51.3 45
    endloop
  endfacet
  facet normal -0 0 1
    outer loop
      vertex 89.6569 53.4831 45
      vertex 89.8726 51.2937 45
      vertex 90 53.5 45
    endloop
  endfacet
  facet normal 0 0 1
    outer loop
      vertex 89.8726 51.2937 45
      vertex 89.6569 53.4831 45
      vertex 89.7464 51.275 45
    endloop
  endfacet
  facet normal -0 0 1
    outer loop
      vertex 89.3172 53.4327 45
      vertex 89.7464 51.275 45
      vertex 89.6569 53.4831 45
    endloop
  endfacet
  facet normal 0 0 1
    outer loop
      vertex 89.7464 51.275 45
      vertex 89.3172 53.4327 45
      vertex 89.6226 51.244 45
    endloop
  endfacet
  facet normal -0 0 1
    outer loop
      vertex 88.984 53.3493 45
      vertex 89.6226 51.244 45
      vertex 89.3172 53.4327 45
    endloop
  endfacet
  facet normal 0 0 1
    outer loop
      vertex 89.6226 51.244 45
      vertex 88.984 53.3493 45
      vertex 89.5025 51.201 45
    endloop
  endfacet
  facet normal -0 0 1
    outer loop
      vertex 88.6606 53.2336 45
      vertex 89.5025 51.201 45
      vertex 88.984 53.3493 45
    endloop
  endfacet
  facet normal 0 0 1
    outer loop
      vertex 89.5025 51.201 45
      vertex 88.6606 53.2336 45
      vertex 89.3872 51.1465 45
    endloop
  endfacet
  facet normal -0 0 1
    outer loop
      vertex 88.3501 53.0867 45
      vertex 89.3872 51.1465 45
      vertex 88.6606 53.2336 45
    endloop
  endfacet
  facet normal 0 0 1
    outer loop
      vertex 89.3872 51.1465 45
      vertex 88.3501 53.0867 45
      vertex 89.2778 51.0809 45
    endloop
  endfacet
  facet normal -0 0 1
    outer loop
      vertex 88.0555 52.9101 45
      vertex 89.2778 51.0809 45
      vertex 88.3501 53.0867 45
    endloop
  endfacet
  facet normal 0 0 1
    outer loop
      vertex 89.2778 51.0809 45
      vertex 88.0555 52.9101 45
      vertex 89.1753 51.0049 45
    endloop
  endfacet
  facet normal -0 0 1
    outer loop
      vertex 87.7796 52.7055 45
      vertex 89.1753 51.0049 45
      vertex 88.0555 52.9101 45
    endloop
  endfacet
  facet normal 0 0 1
    outer loop
      vertex 89.1753 51.0049 45
      vertex 87.7796 52.7055 45
      vertex 89.0808 50.9192 45
    endloop
  endfacet
  facet normal -0 0 1
    outer loop
      vertex 87.5251 52.4749 45
      vertex 89.0808 50.9192 45
      vertex 87.7796 52.7055 45
    endloop
  endfacet
  facet normal 0 0 1
    outer loop
      vertex 89.0808 50.9192 45
      vertex 87.5251 52.4749 45
      vertex 88.9951 50.8247 45
    endloop
  endfacet
  facet normal -0 0 1
    outer loop
      vertex 87.2945 52.2204 45
      vertex 88.9951 50.8247 45
      vertex 87.5251 52.4749 45
    endloop
  endfacet
  facet normal -0 0 1
    outer loop
      vertex 87.0899 51.9445 45
      vertex 88.9191 50.7222 45
      vertex 87.2945 52.2204 45
    endloop
  endfacet
  facet normal 0 0 1
    outer loop
      vertex 88.9951 50.8247 45
      vertex 87.2945 52.2204 45
      vertex 88.9191 50.7222 45
    endloop
  endfacet
  facet normal 0 0 1
    outer loop
      vertex 92.9101 48.0555 45
      vertex 91.0809 49.2778 45
      vertex 92.7055 47.7796 45
    endloop
  endfacet
  facet normal -0 0 1
    outer loop
      vertex 91.0049 49.1753 45
      vertex 92.7055 47.7796 45
      vertex 91.0809 49.2778 45
    endloop
  endfacet
  facet normal 0 0 1
    outer loop
      vertex 92.7055 47.7796 45
      vertex 91.0049 49.1753 45
      vertex 92.4749 47.5251 45
    endloop
  endfacet
  facet normal -0 0 1
    outer loop
      vertex 90.9192 49.0808 45
      vertex 92.4749 47.5251 45
      vertex 91.0049 49.1753 45
    endloop
  endfacet
  facet normal 0 0 1
    outer loop
      vertex 92.4749 47.5251 45
      vertex 90.9192 49.0808 45
      vertex 92.2204 47.2945 45
    endloop
  endfacet
  facet normal -0 0 1
    outer loop
      vertex 90.8247 48.9951 45
      vertex 92.2204 47.2945 45
      vertex 90.9192 49.0808 45
    endloop
  endfacet
  facet normal 0 0 1
    outer loop
      vertex 92.2204 47.2945 45
      vertex 90.8247 48.9951 45
      vertex 91.9445 47.0899 45
    endloop
  endfacet
  facet normal -0 0 1
    outer loop
      vertex 90.7222 48.9191 45
      vertex 91.9445 47.0899 45
      vertex 90.8247 48.9951 45
    endloop
  endfacet
  facet normal 0 0 1
    outer loop
      vertex 91.9445 47.0899 45
      vertex 90.7222 48.9191 45
      vertex 91.6499 46.9133 45
    endloop
  endfacet
  facet normal -0 0 1
    outer loop
      vertex 90.6128 48.8535 45
      vertex 91.6499 46.9133 45
      vertex 90.7222 48.9191 45
    endloop
  endfacet
  facet normal 0 0 1
    outer loop
      vertex 91.6499 46.9133 45
      vertex 90.6128 48.8535 45
      vertex 91.3394 46.7664 45
    endloop
  endfacet
  facet normal -0 0 1
    outer loop
      vertex 90.4975 48.799 45
      vertex 91.3394 46.7664 45
      vertex 90.6128 48.8535 45
    endloop
  endfacet
  facet normal 0 0 1
    outer loop
      vertex 91.3394 46.7664 45
      vertex 90.4975 48.799 45
      vertex 91.016 46.6507 45
    endloop
  endfacet
  facet normal -0 0 1
    outer loop
      vertex 90.3774 48.756 45
      vertex 91.016 46.6507 45
      vertex 90.4975 48.799 45
    endloop
  endfacet
  facet normal 0 0 1
    outer loop
      vertex 91.016 46.6507 45
      vertex 90.3774 48.756 45
      vertex 90.6828 46.5673 45
    endloop
  endfacet
  facet normal -0 0 1
    outer loop
      vertex 90.2536 48.725 45
      vertex 90.6828 46.5673 45
      vertex 90.3774 48.756 45
    endloop
  endfacet
  facet normal 0 0 1
    outer loop
      vertex 90.6828 46.5673 45
      vertex 90.2536 48.725 45
      vertex 90.3431 46.5169 45
    endloop
  endfacet
  facet normal -0 0 1
    outer loop
      vertex 90.1274 48.7063 45
      vertex 90.3431 46.5169 45
      vertex 90.2536 48.725 45
    endloop
  endfacet
  facet normal -0 0 1
    outer loop
      vertex 90 48.7 45
      vertex 90.3431 46.5169 45
      vertex 90.1274 48.7063 45
    endloop
  endfacet
  facet normal 0 0 1
    outer loop
      vertex 90 48.7 45
      vertex 90 46.5 45
      vertex 90.3431 46.5169 45
    endloop
  endfacet
  facet normal 0 0 1
    outer loop
      vertex 89.8726 48.7063 45
      vertex 90 46.5 45
      vertex 90 48.7 45
    endloop
  endfacet
  facet normal 0 0 1
    outer loop
      vertex 89.6569 46.5169 45
      vertex 89.8726 48.7063 45
      vertex 89.7464 48.725 45
    endloop
  endfacet
  facet normal 0 0 1
    outer loop
      vertex 89.8726 48.7063 45
      vertex 89.6569 46.5169 45
      vertex 90 46.5 45
    endloop
  endfacet
  facet normal 0 0 1
    outer loop
      vertex 89.3172 46.5673 45
      vertex 89.7464 48.725 45
      vertex 89.6226 48.756 45
    endloop
  endfacet
  facet normal 0 0 1
    outer loop
      vertex 88.984 46.6507 45
      vertex 89.6226 48.756 45
      vertex 89.5025 48.799 45
    endloop
  endfacet
  facet normal 0 0 1
    outer loop
      vertex 88.6606 46.7664 45
      vertex 89.5025 48.799 45
      vertex 89.3872 48.8535 45
    endloop
  endfacet
  facet normal 0 0 1
    outer loop
      vertex 89.7464 48.725 45
      vertex 89.3172 46.5673 45
      vertex 89.6569 46.5169 45
    endloop
  endfacet
  facet normal 0 0 1
    outer loop
      vertex 88.3501 46.9133 45
      vertex 89.3872 48.8535 45
      vertex 89.2778 48.9191 45
    endloop
  endfacet
  facet normal 0 0 1
    outer loop
      vertex 88.0555 47.0899 45
      vertex 89.2778 48.9191 45
      vertex 89.1753 48.9951 45
    endloop
  endfacet
  facet normal 0 0 1
    outer loop
      vertex 87.7796 47.2945 45
      vertex 89.1753 48.9951 45
      vertex 89.0808 49.0808 45
    endloop
  endfacet
  facet normal 0 0 1
    outer loop
      vertex 87.5251 47.5251 45
      vertex 89.0808 49.0808 45
      vertex 88.9951 49.1753 45
    endloop
  endfacet
  facet normal 0 0 1
    outer loop
      vertex 89.6226 48.756 45
      vertex 88.984 46.6507 45
      vertex 89.3172 46.5673 45
    endloop
  endfacet
  facet normal 0 0 1
    outer loop
      vertex 87.2945 47.7796 45
      vertex 88.9951 49.1753 45
      vertex 88.9191 49.2778 45
    endloop
  endfacet
  facet normal 0 0 1
    outer loop
      vertex 87.0899 48.0555 45
      vertex 88.9191 49.2778 45
      vertex 88.8535 49.3872 45
    endloop
  endfacet
  facet normal 0 0 1
    outer loop
      vertex 86.9133 48.3501 45
      vertex 88.8535 49.3872 45
      vertex 88.799 49.5025 45
    endloop
  endfacet
  facet normal 0 0 1
    outer loop
      vertex 86.7664 48.6606 45
      vertex 88.799 49.5025 45
      vertex 88.756 49.6226 45
    endloop
  endfacet
  facet normal 0 0 1
    outer loop
      vertex 86.6507 48.984 45
      vertex 88.756 49.6226 45
      vertex 88.725 49.7464 45
    endloop
  endfacet
  facet normal 0 0 1
    outer loop
      vertex 86.5673 49.3172 45
      vertex 88.725 49.7464 45
      vertex 88.7063 49.8726 45
    endloop
  endfacet
  facet normal 0 0 1
    outer loop
      vertex 89.5025 48.799 45
      vertex 88.6606 46.7664 45
      vertex 88.984 46.6507 45
    endloop
  endfacet
  facet normal 0 0 1
    outer loop
      vertex 86.5169 49.6569 45
      vertex 88.7063 49.8726 45
      vertex 88.7 50 45
    endloop
  endfacet
  facet normal 0 0 1
    outer loop
      vertex 88.9191 50.7222 45
      vertex 87.0899 51.9445 45
      vertex 88.8535 50.6128 45
    endloop
  endfacet
  facet normal -0 0 1
    outer loop
      vertex 86.9133 51.6499 45
      vertex 88.8535 50.6128 45
      vertex 87.0899 51.9445 45
    endloop
  endfacet
  facet normal 0 0 1
    outer loop
      vertex 89.3872 48.8535 45
      vertex 88.3501 46.9133 45
      vertex 88.6606 46.7664 45
    endloop
  endfacet
  facet normal 0 0 1
    outer loop
      vertex 88.8535 50.6128 45
      vertex 86.9133 51.6499 45
      vertex 88.799 50.4975 45
    endloop
  endfacet
  facet normal 0 0 1
    outer loop
      vertex 89.2778 48.9191 45
      vertex 88.0555 47.0899 45
      vertex 88.3501 46.9133 45
    endloop
  endfacet
  facet normal -0 0 1
    outer loop
      vertex 86.7664 51.3394 45
      vertex 88.799 50.4975 45
      vertex 86.9133 51.6499 45
    endloop
  endfacet
  facet normal 0 0 1
    outer loop
      vertex 89.1753 48.9951 45
      vertex 87.7796 47.2945 45
      vertex 88.0555 47.0899 45
    endloop
  endfacet
  facet normal 0 0 1
    outer loop
      vertex 88.799 50.4975 45
      vertex 86.7664 51.3394 45
      vertex 88.756 50.3774 45
    endloop
  endfacet
  facet normal 0 0 1
    outer loop
      vertex 89.0808 49.0808 45
      vertex 87.5251 47.5251 45
      vertex 87.7796 47.2945 45
    endloop
  endfacet
  facet normal -0 0 1
    outer loop
      vertex 86.6507 51.016 45
      vertex 88.756 50.3774 45
      vertex 86.7664 51.3394 45
    endloop
  endfacet
  facet normal 0 0 1
    outer loop
      vertex 88.9951 49.1753 45
      vertex 87.2945 47.7796 45
      vertex 87.5251 47.5251 45
    endloop
  endfacet
  facet normal 0 0 1
    outer loop
      vertex 88.756 50.3774 45
      vertex 86.6507 51.016 45
      vertex 88.725 50.2536 45
    endloop
  endfacet
  facet normal 0 0 1
    outer loop
      vertex 88.9191 49.2778 45
      vertex 87.0899 48.0555 45
      vertex 87.2945 47.7796 45
    endloop
  endfacet
  facet normal -0 0 1
    outer loop
      vertex 86.5673 50.6828 45
      vertex 88.725 50.2536 45
      vertex 86.6507 51.016 45
    endloop
  endfacet
  facet normal 0 0 1
    outer loop
      vertex 88.8535 49.3872 45
      vertex 86.9133 48.3501 45
      vertex 87.0899 48.0555 45
    endloop
  endfacet
  facet normal 0 0 1
    outer loop
      vertex 88.725 50.2536 45
      vertex 86.5673 50.6828 45
      vertex 88.7063 50.1274 45
    endloop
  endfacet
  facet normal 0 0 1
    outer loop
      vertex 88.799 49.5025 45
      vertex 86.7664 48.6606 45
      vertex 86.9133 48.3501 45
    endloop
  endfacet
  facet normal -0 0 1
    outer loop
      vertex 86.5169 50.3431 45
      vertex 88.7063 50.1274 45
      vertex 86.5673 50.6828 45
    endloop
  endfacet
  facet normal 0 0 1
    outer loop
      vertex 88.756 49.6226 45
      vertex 86.6507 48.984 45
      vertex 86.7664 48.6606 45
    endloop
  endfacet
  facet normal 0 0 1
    outer loop
      vertex 88.7063 50.1274 45
      vertex 86.5169 50.3431 45
      vertex 88.7 50 45
    endloop
  endfacet
  facet normal 0 0 1
    outer loop
      vertex 88.725 49.7464 45
      vertex 86.5673 49.3172 45
      vertex 86.6507 48.984 45
    endloop
  endfacet
  facet normal 0 0 1
    outer loop
      vertex 86.5 50 45
      vertex 88.7 50 45
      vertex 86.5169 50.3431 45
    endloop
  endfacet
  facet normal 0 0 1
    outer loop
      vertex 88.7063 49.8726 45
      vertex 86.5169 49.6569 45
      vertex 86.5673 49.3172 45
    endloop
  endfacet
  facet normal 0 0 1
    outer loop
      vertex 88.7 50 45
      vertex 86.5 50 45
      vertex 86.5169 49.6569 45
    endloop
  endfacet
  facet normal -0.671454 -0.741046 0
    outer loop
      vertex 87.7796 47.2945 0
      vertex 87.5251 47.5251 2.47428
      vertex 87.5251 47.5251 0
    endloop
  endfacet
  facet normal -0.671454 -0.741046 0
    outer loop
      vertex 87.5251 47.5251 2.47428
      vertex 87.7796 47.2945 0
      vertex 87.7796 47.2945 2.49374
    endloop
  endfacet
  facet normal -0.671454 -0.741046 0
    outer loop
      vertex 87.5251 47.5251 3
      vertex 87.7796 47.2945 45
      vertex 87.5251 47.5251 45
    endloop
  endfacet
  facet normal -0.671454 -0.741046 -0
    outer loop
      vertex 87.7796 47.2945 45
      vertex 87.5251 47.5251 3
      vertex 87.7796 47.2945 3
    endloop
  endfacet
  facet normal 0.595659 0.803237 0
    outer loop
      vertex 92.2204 52.7055 45
      vertex 91.9445 52.9101 35.3195
      vertex 91.9445 52.9101 45
    endloop
  endfacet
  facet normal 0.595659 0.803237 0
    outer loop
      vertex 91.9445 52.9101 35.3195
      vertex 92.2204 52.7055 45
      vertex 92.2204 52.7055 35.1937
    endloop
  endfacet
  facet normal 0.595659 0.803237 -0
    outer loop
      vertex 92.2204 52.7055 0
      vertex 91.9445 52.9101 11.6805
      vertex 92.2204 52.7055 11.8063
    endloop
  endfacet
  facet normal 0.595659 0.803237 0
    outer loop
      vertex 91.9445 52.9101 11.6805
      vertex 92.2204 52.7055 0
      vertex 91.9445 52.9101 0
    endloop
  endfacet
  facet normal -0.514153 -0.857698 0
    outer loop
      vertex 88.0555 47.0899 3
      vertex 88.3501 46.9133 45
      vertex 88.0555 47.0899 45
    endloop
  endfacet
  facet normal -0.514153 -0.857698 -0
    outer loop
      vertex 88.3501 46.9133 45
      vertex 88.0555 47.0899 3
      vertex 88.3501 46.9133 3
    endloop
  endfacet
  facet normal -0.514153 -0.857698 0
    outer loop
      vertex 88.3501 46.9133 0
      vertex 88.0555 47.0899 2.53247
      vertex 88.0555 47.0899 0
    endloop
  endfacet
  facet normal -0.514075 -0.857745 1.23447e-05
    outer loop
      vertex 88.0555 47.0899 2.53247
      vertex 88.3501 46.9133 0
      vertex 88.1451 47.0362 2.55
    endloop
  endfacet
  facet normal -0.514188 -0.857677 0
    outer loop
      vertex 88.1451 47.0362 2.55
      vertex 88.3501 46.9133 0
      vertex 88.3501 46.9133 2.60115
    endloop
  endfacet
  facet normal 0.514153 0.857698 0
    outer loop
      vertex 91.9445 52.9101 45
      vertex 91.6499 53.0867 35.4985
      vertex 91.6499 53.0867 45
    endloop
  endfacet
  facet normal 0.514188 0.857678 -1.44819e-06
    outer loop
      vertex 91.9445 52.9101 45
      vertex 91.8549 52.9638 35.3957
      vertex 91.6499 53.0867 35.4985
    endloop
  endfacet
  facet normal 0.514073 0.857746 0
    outer loop
      vertex 91.8549 52.9638 35.3957
      vertex 91.9445 52.9101 45
      vertex 91.9445 52.9101 35.3195
    endloop
  endfacet
  facet normal 0.514073 0.857746 -0
    outer loop
      vertex 91.9445 52.9101 0
      vertex 91.8549 52.9638 11.6043
      vertex 91.9445 52.9101 11.6805
    endloop
  endfacet
  facet normal 0.514188 0.857678 1.19955e-06
    outer loop
      vertex 91.9445 52.9101 0
      vertex 91.6499 53.0867 11.5015
      vertex 91.8549 52.9638 11.6043
    endloop
  endfacet
  facet normal 0.514153 0.857698 0
    outer loop
      vertex 91.6499 53.0867 11.5015
      vertex 91.9445 52.9101 0
      vertex 91.6499 53.0867 0
    endloop
  endfacet
  facet normal 0.14676 -0.989172 0
    outer loop
      vertex 90.3431 46.5169 0
      vertex 90.6828 46.5673 45
      vertex 90.3431 46.5169 45
    endloop
  endfacet
  facet normal 0.14676 -0.989172 0
    outer loop
      vertex 90.6828 46.5673 45
      vertex 90.3431 46.5169 0
      vertex 90.6828 46.5673 0
    endloop
  endfacet
  facet normal 0.941557 0.336853 -0
    outer loop
      vertex 93.3493 51.016 36.167
      vertex 93.2336 51.3394 45
      vertex 93.3493 51.016 45
    endloop
  endfacet
  facet normal 0.941557 0.336853 0
    outer loop
      vertex 93.2336 51.3394 45
      vertex 93.3493 51.016 36.167
      vertex 93.2336 51.3394 35.7715
    endloop
  endfacet
  facet normal 0.941557 0.336853 0
    outer loop
      vertex 93.3493 51.016 10.833
      vertex 93.2336 51.3394 0
      vertex 93.2336 51.3394 11.2285
    endloop
  endfacet
  facet normal 0.941557 0.336853 0
    outer loop
      vertex 93.2336 51.3394 0
      vertex 93.3493 51.016 10.833
      vertex 93.3493 51.016 0
    endloop
  endfacet
  facet normal 0.857799 -0.513985 0
    outer loop
      vertex 93.0867 48.3501 45
      vertex 93.0275 48.2513 40.0656
      vertex 93.0867 48.3501 39.8784
    endloop
  endfacet
  facet normal 0.857647 -0.514238 0
    outer loop
      vertex 93.0275 48.2513 40.0656
      vertex 92.9101 48.0555 45
      vertex 93.0275 48.2513 6.93445
    endloop
  endfacet
  facet normal 0.857698 -0.514153 4.57856e-06
    outer loop
      vertex 92.9101 48.0555 45
      vertex 93.0275 48.2513 40.0656
      vertex 93.0867 48.3501 45
    endloop
  endfacet
  facet normal 0.857799 -0.513985 0
    outer loop
      vertex 93.0275 48.2513 6.93445
      vertex 93.0867 48.3501 0
      vertex 93.0867 48.3501 7.12164
    endloop
  endfacet
  facet normal 0.857698 -0.514153 -3.258e-06
    outer loop
      vertex 93.0275 48.2513 6.93445
      vertex 92.9101 48.0555 0
      vertex 93.0867 48.3501 0
    endloop
  endfacet
  facet normal 0.857647 -0.514238 0
    outer loop
      vertex 92.9101 48.0555 0
      vertex 93.0275 48.2513 6.93445
      vertex 92.9101 48.0555 45
    endloop
  endfacet
  facet normal -0.998789 -0.0491971 0
    outer loop
      vertex 86.5169 49.6569 0
      vertex 86.5 50 45
      vertex 86.5 50 0
    endloop
  endfacet
  facet normal -0.998789 -0.0491971 0
    outer loop
      vertex 86.5 50 45
      vertex 86.5169 49.6569 0
      vertex 86.5169 49.6569 45
    endloop
  endfacet
  facet normal 0.941557 -0.336853 0
    outer loop
      vertex 93.2336 48.6606 7.65539
      vertex 93.3493 48.984 0
      vertex 93.3493 48.984 8.1597
    endloop
  endfacet
  facet normal 0.941557 -0.336853 0
    outer loop
      vertex 93.3493 48.984 0
      vertex 93.2336 48.6606 7.65539
      vertex 93.2336 48.6606 0
    endloop
  endfacet
  facet normal 0.941557 -0.336853 0
    outer loop
      vertex 93.2336 48.6606 39.3446
      vertex 93.3493 48.984 45
      vertex 93.2336 48.6606 45
    endloop
  endfacet
  facet normal 0.941557 -0.336853 0
    outer loop
      vertex 93.3493 48.984 45
      vertex 93.2336 48.6606 39.3446
      vertex 93.3493 48.984 38.8403
    endloop
  endfacet
  facet normal 0.741046 0.671454 0
    outer loop
      vertex 92.7055 52.2204 45
      vertex 92.4749 52.4749 35.1937
      vertex 92.4749 52.4749 45
    endloop
  endfacet
  facet normal 0.741046 0.671454 0
    outer loop
      vertex 92.4749 52.4749 35.1937
      vertex 92.7055 52.2204 45
      vertex 92.7055 52.2204 35.1937
    endloop
  endfacet
  facet normal 0.741046 0.671454 0
    outer loop
      vertex 92.7055 52.2204 11.8063
      vertex 92.4749 52.4749 0
      vertex 92.4749 52.4749 11.8063
    endloop
  endfacet
  facet normal 0.741046 0.671454 0
    outer loop
      vertex 92.4749 52.4749 0
      vertex 92.7055 52.2204 11.8063
      vertex 92.7055 52.2204 0
    endloop
  endfacet
  facet normal 0.0491971 0.998789 -0
    outer loop
      vertex 90.3431 53.4831 0
      vertex 90 53.5 9.4491
      vertex 90.3431 53.4831 9.79058
    endloop
  endfacet
  facet normal 0.0491971 0.998789 0
    outer loop
      vertex 90 53.5 9.4491
      vertex 90.3431 53.4831 0
      vertex 90 53.5 0
    endloop
  endfacet
  facet normal 0.0491971 0.998789 0
    outer loop
      vertex 90.3431 53.4831 45
      vertex 90 53.5 37.5509
      vertex 90 53.5 45
    endloop
  endfacet
  facet normal 0.0491971 0.998789 0
    outer loop
      vertex 90 53.5 37.5509
      vertex 90.3431 53.4831 45
      vertex 90.3431 53.4831 37.2094
    endloop
  endfacet
  facet normal 0.903939 0.427661 -0
    outer loop
      vertex 93.2336 51.3394 35.7715
      vertex 93.0867 51.6499 45
      vertex 93.2336 51.3394 45
    endloop
  endfacet
  facet normal 0.903939 0.427661 0
    outer loop
      vertex 93.0867 51.6499 45
      vertex 93.2336 51.3394 35.7715
      vertex 93.0867 51.6499 35.4985
    endloop
  endfacet
  facet normal 0.903939 0.427661 0
    outer loop
      vertex 93.2336 51.3394 11.2285
      vertex 93.0867 51.6499 0
      vertex 93.0867 51.6499 11.5015
    endloop
  endfacet
  facet normal 0.903939 0.427661 0
    outer loop
      vertex 93.0867 51.6499 0
      vertex 93.2336 51.3394 11.2285
      vertex 93.2336 51.3394 0
    endloop
  endfacet
  facet normal -0.14676 -0.989172 0
    outer loop
      vertex 89.3172 46.5673 3
      vertex 89.6569 46.5169 45
      vertex 89.3172 46.5673 45
    endloop
  endfacet
  facet normal -0.146883 -0.989154 1.01561e-06
    outer loop
      vertex 89.4997 46.5402 3
      vertex 89.6569 46.5169 45
      vertex 89.3172 46.5673 3
    endloop
  endfacet
  facet normal -0.14676 -0.989172 0
    outer loop
      vertex 89.6569 46.5169 0
      vertex 89.3172 46.5673 2.92527
      vertex 89.3172 46.5673 0
    endloop
  endfacet
  facet normal -0.146617 -0.989193 0
    outer loop
      vertex 89.4997 46.5402 3
      vertex 89.6569 46.5169 0
      vertex 89.6569 46.5169 45
    endloop
  endfacet
  facet normal -0.146877 -0.989155 -1.39199e-05
    outer loop
      vertex 89.3172 46.5673 2.92527
      vertex 89.6569 46.5169 0
      vertex 89.4997 46.5402 3
    endloop
  endfacet
  facet normal 0.671454 -0.741046 0
    outer loop
      vertex 92.2204 47.2945 0
      vertex 92.4749 47.5251 45
      vertex 92.2204 47.2945 45
    endloop
  endfacet
  facet normal 0.671454 -0.741046 0
    outer loop
      vertex 92.4749 47.5251 45
      vertex 92.2204 47.2945 0
      vertex 92.4749 47.5251 0
    endloop
  endfacet
  facet normal -0.0491971 -0.998789 0
    outer loop
      vertex 89.6569 46.5169 0
      vertex 90 46.5 45
      vertex 89.6569 46.5169 45
    endloop
  endfacet
  facet normal -0.0491971 -0.998789 -0
    outer loop
      vertex 90 46.5 45
      vertex 89.6569 46.5169 0
      vertex 90 46.5 0
    endloop
  endfacet
  facet normal -0.741046 0.671454 0
    outer loop
      vertex 87.2945 52.2204 0
      vertex 87.5251 52.4749 45
      vertex 87.5251 52.4749 0
    endloop
  endfacet
  facet normal -0.741046 0.671454 0
    outer loop
      vertex 87.5251 52.4749 45
      vertex 87.2945 52.2204 0
      vertex 87.2945 52.2204 45
    endloop
  endfacet
  facet normal 0.671454 0.741046 0
    outer loop
      vertex 92.4749 52.4749 45
      vertex 92.2204 52.7055 35.1937
      vertex 92.2204 52.7055 45
    endloop
  endfacet
  facet normal 0.671454 0.741046 0
    outer loop
      vertex 92.2204 52.7055 35.1937
      vertex 92.4749 52.4749 45
      vertex 92.4749 52.4749 35.1937
    endloop
  endfacet
  facet normal 0.671454 0.741046 -0
    outer loop
      vertex 92.4749 52.4749 0
      vertex 92.2204 52.7055 11.8063
      vertex 92.4749 52.4749 11.8063
    endloop
  endfacet
  facet normal 0.671454 0.741046 0
    outer loop
      vertex 92.2204 52.7055 11.8063
      vertex 92.4749 52.4749 0
      vertex 92.2204 52.7055 0
    endloop
  endfacet
  facet normal -0.14676 0.989172 0
    outer loop
      vertex 89.6569 53.4831 0
      vertex 89.3172 53.4327 8.62971
      vertex 89.6569 53.4831 9.06089
    endloop
  endfacet
  facet normal -0.14676 0.989172 0
    outer loop
      vertex 89.3172 53.4327 8.62971
      vertex 89.6569 53.4831 0
      vertex 89.3172 53.4327 0
    endloop
  endfacet
  facet normal -0.14676 0.989172 0
    outer loop
      vertex 89.6569 53.4831 45
      vertex 89.3172 53.4327 38.3703
      vertex 89.3172 53.4327 45
    endloop
  endfacet
  facet normal -0.14676 0.989172 0
    outer loop
      vertex 89.3172 53.4327 38.3703
      vertex 89.6569 53.4831 45
      vertex 89.6569 53.4831 37.9391
    endloop
  endfacet
  facet normal -0.903939 0.427661 0
    outer loop
      vertex 86.7664 51.3394 0
      vertex 86.9133 51.6499 45
      vertex 86.9133 51.6499 0
    endloop
  endfacet
  facet normal -0.903939 0.427661 0
    outer loop
      vertex 86.9133 51.6499 45
      vertex 86.7664 51.3394 0
      vertex 86.7664 51.3394 45
    endloop
  endfacet
  facet normal -0.970074 0.24281 0
    outer loop
      vertex 86.5673 50.6828 0
      vertex 86.6507 51.016 45
      vertex 86.6507 51.016 0
    endloop
  endfacet
  facet normal -0.970074 0.24281 0
    outer loop
      vertex 86.6507 51.016 45
      vertex 86.5673 50.6828 0
      vertex 86.5673 50.6828 45
    endloop
  endfacet
  facet normal 0.24281 0.970074 -0
    outer loop
      vertex 91.016 53.3493 0
      vertex 90.6828 53.4327 10.3188
      vertex 91.016 53.3493 10.833
    endloop
  endfacet
  facet normal 0.24281 0.970074 0
    outer loop
      vertex 90.6828 53.4327 10.3188
      vertex 91.016 53.3493 0
      vertex 90.6828 53.4327 0
    endloop
  endfacet
  facet normal 0.24281 0.970074 0
    outer loop
      vertex 91.016 53.3493 45
      vertex 90.6828 53.4327 36.6812
      vertex 90.6828 53.4327 45
    endloop
  endfacet
  facet normal 0.24281 0.970074 0
    outer loop
      vertex 90.6828 53.4327 36.6812
      vertex 91.016 53.3493 45
      vertex 91.016 53.3493 36.167
    endloop
  endfacet
  facet normal -0.970074 -0.24281 -0
    outer loop
      vertex 86.6507 48.984 2.80093
      vertex 86.5673 49.3172 0
      vertex 86.6507 48.984 0
    endloop
  endfacet
  facet normal -0.970074 -0.24281 0
    outer loop
      vertex 86.5673 49.3172 0
      vertex 86.6507 48.984 2.80093
      vertex 86.5673 49.3172 2.92527
    endloop
  endfacet
  facet normal -0.970074 -0.24281 0
    outer loop
      vertex 86.6507 48.984 3
      vertex 86.5673 49.3172 45
      vertex 86.5673 49.3172 3
    endloop
  endfacet
  facet normal -0.970074 -0.24281 0
    outer loop
      vertex 86.5673 49.3172 45
      vertex 86.6507 48.984 3
      vertex 86.6507 48.984 45
    endloop
  endfacet
  facet normal -0.427661 -0.903939 0
    outer loop
      vertex 88.6606 46.7664 0
      vertex 88.3501 46.9133 2.60115
      vertex 88.3501 46.9133 0
    endloop
  endfacet
  facet normal -0.427508 -0.904011 2.22899e-05
    outer loop
      vertex 88.3501 46.9133 2.60115
      vertex 88.6606 46.7664 0
      vertex 88.5899 46.7999 2.67172
    endloop
  endfacet
  facet normal -0.428196 -0.903686 0
    outer loop
      vertex 88.5899 46.7999 2.67172
      vertex 88.6606 46.7664 0
      vertex 88.6606 46.7664 2.69254
    endloop
  endfacet
  facet normal -0.427661 -0.903939 0
    outer loop
      vertex 88.3501 46.9133 3
      vertex 88.6606 46.7664 45
      vertex 88.3501 46.9133 45
    endloop
  endfacet
  facet normal -0.427661 -0.903939 -0
    outer loop
      vertex 88.6606 46.7664 45
      vertex 88.3501 46.9133 3
      vertex 88.6606 46.7664 3
    endloop
  endfacet
  facet normal -0.741046 -0.671454 0
    outer loop
      vertex 87.5251 47.5251 3
      vertex 87.2945 47.7796 45
      vertex 87.2945 47.7796 3
    endloop
  endfacet
  facet normal -0.741046 -0.671454 0
    outer loop
      vertex 87.2945 47.7796 45
      vertex 87.5251 47.5251 3
      vertex 87.5251 47.5251 45
    endloop
  endfacet
  facet normal -0.741046 -0.671454 -0
    outer loop
      vertex 87.5251 47.5251 2.47428
      vertex 87.2945 47.7796 0
      vertex 87.5251 47.5251 0
    endloop
  endfacet
  facet normal -0.741046 -0.671454 0
    outer loop
      vertex 87.2945 47.7796 0
      vertex 87.5251 47.5251 2.47428
      vertex 87.2945 47.7796 2.49374
    endloop
  endfacet
  facet normal 0.427661 -0.903939 0
    outer loop
      vertex 91.3394 46.7664 0
      vertex 91.6499 46.9133 45
      vertex 91.3394 46.7664 45
    endloop
  endfacet
  facet normal 0.427661 -0.903939 0
    outer loop
      vertex 91.6499 46.9133 45
      vertex 91.3394 46.7664 0
      vertex 91.6499 46.9133 0
    endloop
  endfacet
  facet normal 0.0491971 -0.998789 0
    outer loop
      vertex 90 46.5 0
      vertex 90.3431 46.5169 45
      vertex 90 46.5 45
    endloop
  endfacet
  facet normal 0.0491971 -0.998789 0
    outer loop
      vertex 90.3431 46.5169 45
      vertex 90 46.5 0
      vertex 90.3431 46.5169 0
    endloop
  endfacet
  facet normal -0.989193 -0.146617 0
    outer loop
      vertex 86.5169 49.6569 0
      vertex 86.5402 49.4997 3
      vertex 86.5169 49.6569 45
    endloop
  endfacet
  facet normal -0.989172 -0.14676 -0
    outer loop
      vertex 86.5673 49.3172 2.92527
      vertex 86.5169 49.6569 0
      vertex 86.5673 49.3172 0
    endloop
  endfacet
  facet normal -0.989155 -0.146877 -1.39199e-05
    outer loop
      vertex 86.5169 49.6569 0
      vertex 86.5673 49.3172 2.92527
      vertex 86.5402 49.4997 3
    endloop
  endfacet
  facet normal -0.989154 -0.146883 1.01561e-06
    outer loop
      vertex 86.5673 49.3172 3
      vertex 86.5169 49.6569 45
      vertex 86.5402 49.4997 3
    endloop
  endfacet
  facet normal -0.989172 -0.14676 0
    outer loop
      vertex 86.5169 49.6569 45
      vertex 86.5673 49.3172 3
      vertex 86.5673 49.3172 45
    endloop
  endfacet
  facet normal 0.595659 -0.803237 0
    outer loop
      vertex 91.9445 47.0899 0
      vertex 92.2204 47.2945 45
      vertex 91.9445 47.0899 45
    endloop
  endfacet
  facet normal 0.595659 -0.803237 0
    outer loop
      vertex 92.2204 47.2945 45
      vertex 91.9445 47.0899 0
      vertex 92.2204 47.2945 0
    endloop
  endfacet
  facet normal 0 0 -1
    outer loop
      vertex 93.4831 49.6569 0
      vertex 93.4831 50.3431 0
      vertex 93.5 50 0
    endloop
  endfacet
  facet normal 0 0 -1
    outer loop
      vertex 93.4327 49.3172 0
      vertex 93.4831 50.3431 0
      vertex 93.4831 49.6569 0
    endloop
  endfacet
  facet normal 0 0 -1
    outer loop
      vertex 93.4327 49.3172 0
      vertex 93.4327 50.6828 0
      vertex 93.4831 50.3431 0
    endloop
  endfacet
  facet normal 0 0 -1
    outer loop
      vertex 93.3493 48.984 0
      vertex 93.4327 50.6828 0
      vertex 93.4327 49.3172 0
    endloop
  endfacet
  facet normal 0 0 -1
    outer loop
      vertex 93.3493 48.984 0
      vertex 93.3493 51.016 0
      vertex 93.4327 50.6828 0
    endloop
  endfacet
  facet normal 0 0 -1
    outer loop
      vertex 93.2336 48.6606 0
      vertex 93.3493 51.016 0
      vertex 93.3493 48.984 0
    endloop
  endfacet
  facet normal 0 0 -1
    outer loop
      vertex 93.2336 48.6606 0
      vertex 93.2336 51.3394 0
      vertex 93.3493 51.016 0
    endloop
  endfacet
  facet normal 0 0 -1
    outer loop
      vertex 93.0867 48.3501 0
      vertex 93.2336 51.3394 0
      vertex 93.2336 48.6606 0
    endloop
  endfacet
  facet normal 0 0 -1
    outer loop
      vertex 93.0867 48.3501 0
      vertex 93.0867 51.6499 0
      vertex 93.2336 51.3394 0
    endloop
  endfacet
  facet normal 0 0 -1
    outer loop
      vertex 92.9101 48.0555 0
      vertex 93.0867 51.6499 0
      vertex 93.0867 48.3501 0
    endloop
  endfacet
  facet normal 0 0 -1
    outer loop
      vertex 92.9101 48.0555 0
      vertex 92.9101 51.9445 0
      vertex 93.0867 51.6499 0
    endloop
  endfacet
  facet normal 0 0 -1
    outer loop
      vertex 92.7055 47.7796 0
      vertex 92.9101 51.9445 0
      vertex 92.9101 48.0555 0
    endloop
  endfacet
  facet normal 0 0 -1
    outer loop
      vertex 92.7055 47.7796 0
      vertex 92.7055 52.2204 0
      vertex 92.9101 51.9445 0
    endloop
  endfacet
  facet normal 0 0 -1
    outer loop
      vertex 92.4749 47.5251 0
      vertex 92.7055 52.2204 0
      vertex 92.7055 47.7796 0
    endloop
  endfacet
  facet normal 0 0 -1
    outer loop
      vertex 92.4749 47.5251 0
      vertex 92.4749 52.4749 0
      vertex 92.7055 52.2204 0
    endloop
  endfacet
  facet normal 0 0 -1
    outer loop
      vertex 92.2204 47.2945 0
      vertex 92.4749 52.4749 0
      vertex 92.4749 47.5251 0
    endloop
  endfacet
  facet normal 0 0 -1
    outer loop
      vertex 92.2204 47.2945 0
      vertex 92.2204 52.7055 0
      vertex 92.4749 52.4749 0
    endloop
  endfacet
  facet normal 0 0 -1
    outer loop
      vertex 91.9445 47.0899 0
      vertex 92.2204 52.7055 0
      vertex 92.2204 47.2945 0
    endloop
  endfacet
  facet normal 0 0 -1
    outer loop
      vertex 91.9445 47.0899 0
      vertex 91.9445 52.9101 0
      vertex 92.2204 52.7055 0
    endloop
  endfacet
  facet normal 0 0 -1
    outer loop
      vertex 91.6499 46.9133 0
      vertex 91.9445 52.9101 0
      vertex 91.9445 47.0899 0
    endloop
  endfacet
  facet normal 0 0 -1
    outer loop
      vertex 91.6499 46.9133 0
      vertex 91.6499 53.0867 0
      vertex 91.9445 52.9101 0
    endloop
  endfacet
  facet normal 0 0 -1
    outer loop
      vertex 91.3394 46.7664 0
      vertex 91.6499 53.0867 0
      vertex 91.6499 46.9133 0
    endloop
  endfacet
  facet normal 0 0 -1
    outer loop
      vertex 91.3394 46.7664 0
      vertex 91.3394 53.2336 0
      vertex 91.6499 53.0867 0
    endloop
  endfacet
  facet normal 0 0 -1
    outer loop
      vertex 91.016 46.6507 0
      vertex 91.3394 53.2336 0
      vertex 91.3394 46.7664 0
    endloop
  endfacet
  facet normal 0 0 -1
    outer loop
      vertex 91.016 46.6507 0
      vertex 91.016 53.3493 0
      vertex 91.3394 53.2336 0
    endloop
  endfacet
  facet normal 0 0 -1
    outer loop
      vertex 90.6828 46.5673 0
      vertex 91.016 53.3493 0
      vertex 91.016 46.6507 0
    endloop
  endfacet
  facet normal 0 0 -1
    outer loop
      vertex 90.6828 46.5673 0
      vertex 90.6828 53.4327 0
      vertex 91.016 53.3493 0
    endloop
  endfacet
  facet normal 0 0 -1
    outer loop
      vertex 90.3431 46.5169 0
      vertex 90.6828 53.4327 0
      vertex 90.6828 46.5673 0
    endloop
  endfacet
  facet normal 0 0 -1
    outer loop
      vertex 90.3431 46.5169 0
      vertex 90.3431 53.4831 0
      vertex 90.6828 53.4327 0
    endloop
  endfacet
  facet normal 0 0 -1
    outer loop
      vertex 90 46.5 0
      vertex 90.3431 53.4831 0
      vertex 90.3431 46.5169 0
    endloop
  endfacet
  facet normal 0 0 -1
    outer loop
      vertex 90 46.5 0
      vertex 90 53.5 0
      vertex 90.3431 53.4831 0
    endloop
  endfacet
  facet normal 0 0 -1
    outer loop
      vertex 89.6569 46.5169 0
      vertex 90 53.5 0
      vertex 90 46.5 0
    endloop
  endfacet
  facet normal 0 0 -1
    outer loop
      vertex 89.6569 46.5169 0
      vertex 89.6569 53.4831 0
      vertex 90 53.5 0
    endloop
  endfacet
  facet normal 0 0 -1
    outer loop
      vertex 89.3172 46.5673 0
      vertex 89.6569 53.4831 0
      vertex 89.6569 46.5169 0
    endloop
  endfacet
  facet normal 0 0 -1
    outer loop
      vertex 89.3172 46.5673 0
      vertex 89.3172 53.4327 0
      vertex 89.6569 53.4831 0
    endloop
  endfacet
  facet normal 0 0 -1
    outer loop
      vertex 88.984 46.6507 0
      vertex 89.3172 53.4327 0
      vertex 89.3172 46.5673 0
    endloop
  endfacet
  facet normal 0 0 -1
    outer loop
      vertex 88.984 46.6507 0
      vertex 88.984 53.3493 0
      vertex 89.3172 53.4327 0
    endloop
  endfacet
  facet normal 0 0 -1
    outer loop
      vertex 88.6606 46.7664 0
      vertex 88.984 53.3493 0
      vertex 88.984 46.6507 0
    endloop
  endfacet
  facet normal 0 0 -1
    outer loop
      vertex 88.6606 46.7664 0
      vertex 88.6606 53.2336 0
      vertex 88.984 53.3493 0
    endloop
  endfacet
  facet normal 0 0 -1
    outer loop
      vertex 88.3501 46.9133 0
      vertex 88.6606 53.2336 0
      vertex 88.6606 46.7664 0
    endloop
  endfacet
  facet normal 0 0 -1
    outer loop
      vertex 88.3501 46.9133 0
      vertex 88.3501 53.0867 0
      vertex 88.6606 53.2336 0
    endloop
  endfacet
  facet normal 0 0 -1
    outer loop
      vertex 88.0555 47.0899 0
      vertex 88.3501 53.0867 0
      vertex 88.3501 46.9133 0
    endloop
  endfacet
  facet normal 0 0 -1
    outer loop
      vertex 88.0555 47.0899 0
      vertex 88.0555 52.9101 0
      vertex 88.3501 53.0867 0
    endloop
  endfacet
  facet normal 0 0 -1
    outer loop
      vertex 87.7796 47.2945 0
      vertex 88.0555 52.9101 0
      vertex 88.0555 47.0899 0
    endloop
  endfacet
  facet normal 0 0 -1
    outer loop
      vertex 87.7796 47.2945 0
      vertex 87.7796 52.7055 0
      vertex 88.0555 52.9101 0
    endloop
  endfacet
  facet normal 0 0 -1
    outer loop
      vertex 87.5251 47.5251 0
      vertex 87.7796 52.7055 0
      vertex 87.7796 47.2945 0
    endloop
  endfacet
  facet normal 0 0 -1
    outer loop
      vertex 87.5251 47.5251 0
      vertex 87.5251 52.4749 0
      vertex 87.7796 52.7055 0
    endloop
  endfacet
  facet normal 0 0 -1
    outer loop
      vertex 87.2945 47.7796 0
      vertex 87.5251 52.4749 0
      vertex 87.5251 47.5251 0
    endloop
  endfacet
  facet normal 0 0 -1
    outer loop
      vertex 87.2945 47.7796 0
      vertex 87.2945 52.2204 0
      vertex 87.5251 52.4749 0
    endloop
  endfacet
  facet normal 0 0 -1
    outer loop
      vertex 87.0899 48.0555 0
      vertex 87.2945 52.2204 0
      vertex 87.2945 47.7796 0
    endloop
  endfacet
  facet normal 0 0 -1
    outer loop
      vertex 87.0899 48.0555 0
      vertex 87.0899 51.9445 0
      vertex 87.2945 52.2204 0
    endloop
  endfacet
  facet normal 0 0 -1
    outer loop
      vertex 86.9133 48.3501 0
      vertex 87.0899 51.9445 0
      vertex 87.0899 48.0555 0
    endloop
  endfacet
  facet normal 0 0 -1
    outer loop
      vertex 86.9133 48.3501 0
      vertex 86.9133 51.6499 0
      vertex 87.0899 51.9445 0
    endloop
  endfacet
  facet normal 0 0 -1
    outer loop
      vertex 86.7664 48.6606 0
      vertex 86.9133 51.6499 0
      vertex 86.9133 48.3501 0
    endloop
  endfacet
  facet normal 0 0 -1
    outer loop
      vertex 86.7664 48.6606 0
      vertex 86.7664 51.3394 0
      vertex 86.9133 51.6499 0
    endloop
  endfacet
  facet normal 0 0 -1
    outer loop
      vertex 86.6507 48.984 0
      vertex 86.7664 51.3394 0
      vertex 86.7664 48.6606 0
    endloop
  endfacet
  facet normal 0 0 -1
    outer loop
      vertex 86.6507 48.984 0
      vertex 86.6507 51.016 0
      vertex 86.7664 51.3394 0
    endloop
  endfacet
  facet normal 0 0 -1
    outer loop
      vertex 86.5673 49.3172 0
      vertex 86.6507 51.016 0
      vertex 86.6507 48.984 0
    endloop
  endfacet
  facet normal 0 0 -1
    outer loop
      vertex 86.5673 49.3172 0
      vertex 86.5673 50.6828 0
      vertex 86.6507 51.016 0
    endloop
  endfacet
  facet normal 0 0 -1
    outer loop
      vertex 86.5169 49.6569 0
      vertex 86.5673 50.6828 0
      vertex 86.5673 49.3172 0
    endloop
  endfacet
  facet normal 0 0 -1
    outer loop
      vertex 86.5169 49.6569 0
      vertex 86.5169 50.3431 0
      vertex 86.5673 50.6828 0
    endloop
  endfacet
  facet normal 0 -0 -1
    outer loop
      vertex 86.5169 50.3431 0
      vertex 86.5169 49.6569 0
      vertex 86.5 50 0
    endloop
  endfacet
  facet normal -0.803237 -0.595659 0
    outer loop
      vertex 87.2945 47.7796 3
      vertex 87.0899 48.0555 45
      vertex 87.0899 48.0555 3
    endloop
  endfacet
  facet normal -0.803237 -0.595659 0
    outer loop
      vertex 87.0899 48.0555 45
      vertex 87.2945 47.7796 3
      vertex 87.2945 47.7796 45
    endloop
  endfacet
  facet normal -0.803237 -0.595659 -0
    outer loop
      vertex 87.2945 47.7796 2.49374
      vertex 87.0899 48.0555 0
      vertex 87.2945 47.7796 0
    endloop
  endfacet
  facet normal -0.803237 -0.595659 0
    outer loop
      vertex 87.0899 48.0555 0
      vertex 87.2945 47.7796 2.49374
      vertex 87.0899 48.0555 2.53247
    endloop
  endfacet
  facet normal -0.998789 0.0491971 0
    outer loop
      vertex 86.5 50 0
      vertex 86.5169 50.3431 45
      vertex 86.5169 50.3431 0
    endloop
  endfacet
  facet normal -0.998789 0.0491971 0
    outer loop
      vertex 86.5169 50.3431 45
      vertex 86.5 50 0
      vertex 86.5 50 45
    endloop
  endfacet
  facet normal 0.741046 -0.671454 0
    outer loop
      vertex 92.4749 47.5251 45
      vertex 92.7055 47.7796 0
      vertex 92.7055 47.7796 45
    endloop
  endfacet
  facet normal 0.741046 -0.671454 0
    outer loop
      vertex 92.7055 47.7796 0
      vertex 92.4749 47.5251 45
      vertex 92.4749 47.5251 0
    endloop
  endfacet
  facet normal -0.989199 -0.146577 0
    outer loop
      vertex 11.2937 10.1274 9
      vertex 11.275 10.2536 45
      vertex 11.275 10.2536 9
    endloop
  endfacet
  facet normal -0.989199 -0.146577 0
    outer loop
      vertex 11.275 10.2536 45
      vertex 11.2937 10.1274 9
      vertex 11.2937 10.1274 45
    endloop
  endfacet
  facet normal -0.99878 -0.0493902 0
    outer loop
      vertex 11.3 10 9
      vertex 11.2937 10.1274 45
      vertex 11.2937 10.1274 9
    endloop
  endfacet
  facet normal -0.99878 -0.0493902 0
    outer loop
      vertex 11.2937 10.1274 45
      vertex 11.3 10 9
      vertex 11.3 10 45
    endloop
  endfacet
  facet normal -0.97005 -0.242904 0
    outer loop
      vertex 11.275 10.2536 9
      vertex 11.244 10.3774 45
      vertex 11.244 10.3774 9
    endloop
  endfacet
  facet normal -0.97005 -0.242904 0
    outer loop
      vertex 11.244 10.3774 45
      vertex 11.275 10.2536 9
      vertex 11.275 10.2536 45
    endloop
  endfacet
  facet normal 0.803279 -0.595602 0
    outer loop
      vertex 8.91909 10.7222 45
      vertex 8.99509 10.8247 9
      vertex 8.99509 10.8247 45
    endloop
  endfacet
  facet normal 0.803279 -0.595602 0
    outer loop
      vertex 8.99509 10.8247 9
      vertex 8.91909 10.7222 45
      vertex 8.91909 10.7222 9
    endloop
  endfacet
  facet normal -0.336942 0.941525 0
    outer loop
      vertex 10.4975 8.79896 9
      vertex 10.3774 8.75598 45
      vertex 10.4975 8.79896 45
    endloop
  endfacet
  facet normal -0.336942 0.941525 0
    outer loop
      vertex 10.3774 8.75598 45
      vertex 10.4975 8.79896 9
      vertex 10.3774 8.75598 9
    endloop
  endfacet
  facet normal -0.857673 0.514196 0
    outer loop
      vertex 11.0809 9.27776 9
      vertex 11.1465 9.38718 45
      vertex 11.1465 9.38718 9
    endloop
  endfacet
  facet normal -0.857673 0.514196 0
    outer loop
      vertex 11.1465 9.38718 45
      vertex 11.0809 9.27776 9
      vertex 11.0809 9.27776 45
    endloop
  endfacet
  facet normal 0.0490697 0.998795 -0
    outer loop
      vertex 10 8.7 9
      vertex 9.87258 8.70626 45
      vertex 10 8.7 45
    endloop
  endfacet
  facet normal 0.0490697 0.998795 0
    outer loop
      vertex 9.87258 8.70626 45
      vertex 10 8.7 9
      vertex 9.87258 8.70626 9
    endloop
  endfacet
  facet normal 0.989177 -0.14673 0
    outer loop
      vertex 8.70626 10.1274 45
      vertex 8.72498 10.2536 9
      vertex 8.72498 10.2536 45
    endloop
  endfacet
  facet normal 0.989177 -0.14673 0
    outer loop
      vertex 8.72498 10.2536 9
      vertex 8.70626 10.1274 45
      vertex 8.70626 10.1274 9
    endloop
  endfacet
  facet normal 0.904011 0.42751 0
    outer loop
      vertex 8.8535 9.38718 45
      vertex 8.79896 9.50251 9
      vertex 8.79896 9.50251 45
    endloop
  endfacet
  facet normal 0.904011 0.42751 0
    outer loop
      vertex 8.79896 9.50251 9
      vertex 8.8535 9.38718 45
      vertex 8.8535 9.38718 9
    endloop
  endfacet
  facet normal 0.242997 -0.970027 0
    outer loop
      vertex 9.62263 11.244 9
      vertex 9.74638 11.275 45
      vertex 9.62263 11.244 45
    endloop
  endfacet
  facet normal 0.242997 -0.970027 0
    outer loop
      vertex 9.74638 11.275 45
      vertex 9.62263 11.244 9
      vertex 9.74638 11.275 9
    endloop
  endfacet
  facet normal -0.14673 0.989177 0
    outer loop
      vertex 10.2536 8.72498 9
      vertex 10.1274 8.70626 45
      vertex 10.2536 8.72498 45
    endloop
  endfacet
  facet normal -0.14673 0.989177 0
    outer loop
      vertex 10.1274 8.70626 45
      vertex 10.2536 8.72498 9
      vertex 10.1274 8.70626 9
    endloop
  endfacet
  facet normal 0.595715 -0.803196 0
    outer loop
      vertex 9.17529 11.0049 9
      vertex 9.27776 11.0809 45
      vertex 9.17529 11.0049 45
    endloop
  endfacet
  facet normal 0.595715 -0.803196 0
    outer loop
      vertex 9.27776 11.0809 45
      vertex 9.17529 11.0049 9
      vertex 9.27776 11.0809 9
    endloop
  endfacet
  facet normal -0.595602 -0.803279 0
    outer loop
      vertex 10.7222 11.0809 9
      vertex 10.8247 11.0049 45
      vertex 10.7222 11.0809 45
    endloop
  endfacet
  facet normal -0.595602 -0.803279 -0
    outer loop
      vertex 10.8247 11.0049 45
      vertex 10.7222 11.0809 9
      vertex 10.8247 11.0049 9
    endloop
  endfacet
  facet normal -0.514265 -0.857631 0
    outer loop
      vertex 10.6128 11.1465 9
      vertex 10.7222 11.0809 45
      vertex 10.6128 11.1465 45
    endloop
  endfacet
  facet normal -0.514265 -0.857631 -0
    outer loop
      vertex 10.7222 11.0809 45
      vertex 10.6128 11.1465 9
      vertex 10.7222 11.0809 9
    endloop
  endfacet
  facet normal -0.904132 0.427254 0
    outer loop
      vertex 11.1465 9.38718 9
      vertex 11.201 9.50251 45
      vertex 11.201 9.50251 9
    endloop
  endfacet
  facet normal -0.904132 0.427254 0
    outer loop
      vertex 11.201 9.50251 45
      vertex 11.1465 9.38718 9
      vertex 11.1465 9.38718 45
    endloop
  endfacet
  facet normal 0.970027 0.242997 0
    outer loop
      vertex 8.75598 9.62263 45
      vertex 8.72498 9.74638 9
      vertex 8.72498 9.74638 45
    endloop
  endfacet
  facet normal 0.970027 0.242997 0
    outer loop
      vertex 8.72498 9.74638 9
      vertex 8.75598 9.62263 45
      vertex 8.75598 9.62263 9
    endloop
  endfacet
  facet normal 0.857707 0.514138 0
    outer loop
      vertex 8.91909 9.27776 45
      vertex 8.8535 9.38718 9
      vertex 8.8535 9.38718 45
    endloop
  endfacet
  facet normal 0.857707 0.514138 0
    outer loop
      vertex 8.8535 9.38718 9
      vertex 8.91909 9.27776 45
      vertex 8.91909 9.27776 9
    endloop
  endfacet
  facet normal -0.0490774 0.998795 0
    outer loop
      vertex 10.1274 8.70626 9
      vertex 10 8.7 45
      vertex 10.1274 8.70626 45
    endloop
  endfacet
  facet normal -0.0490774 0.998795 0
    outer loop
      vertex 10 8.7 45
      vertex 10.1274 8.70626 9
      vertex 10 8.7 9
    endloop
  endfacet
  facet normal 0.337031 -0.941493 0
    outer loop
      vertex 9.50251 11.201 9
      vertex 9.62263 11.244 45
      vertex 9.50251 11.201 45
    endloop
  endfacet
  facet normal 0.337031 -0.941493 0
    outer loop
      vertex 9.62263 11.244 45
      vertex 9.50251 11.201 9
      vertex 9.62263 11.244 9
    endloop
  endfacet
  facet normal 0.941525 -0.336942 0
    outer loop
      vertex 8.75598 10.3774 45
      vertex 8.79896 10.4975 9
      vertex 8.79896 10.4975 45
    endloop
  endfacet
  facet normal 0.941525 -0.336942 0
    outer loop
      vertex 8.79896 10.4975 9
      vertex 8.75598 10.3774 45
      vertex 8.75598 10.3774 9
    endloop
  endfacet
  facet normal -0.803279 -0.595602 0
    outer loop
      vertex 11.0809 10.7222 9
      vertex 11.0049 10.8247 45
      vertex 11.0049 10.8247 9
    endloop
  endfacet
  facet normal -0.803279 -0.595602 0
    outer loop
      vertex 11.0049 10.8247 45
      vertex 11.0809 10.7222 9
      vertex 11.0809 10.7222 45
    endloop
  endfacet
  facet normal -0.427601 0.903968 0
    outer loop
      vertex 10.6128 8.8535 9
      vertex 10.4975 8.79896 45
      vertex 10.6128 8.8535 45
    endloop
  endfacet
  facet normal -0.427601 0.903968 0
    outer loop
      vertex 10.4975 8.79896 45
      vertex 10.6128 8.8535 9
      vertex 10.4975 8.79896 9
    endloop
  endfacet
  facet normal -0.514208 0.857666 0
    outer loop
      vertex 10.7222 8.91909 9
      vertex 10.6128 8.8535 45
      vertex 10.7222 8.91909 45
    endloop
  endfacet
  facet normal -0.514208 0.857666 0
    outer loop
      vertex 10.6128 8.8535 45
      vertex 10.7222 8.91909 9
      vertex 10.6128 8.8535 9
    endloop
  endfacet
  facet normal -0.337081 -0.941476 0
    outer loop
      vertex 10.3774 11.244 9
      vertex 10.4975 11.201 45
      vertex 10.3774 11.244 45
    endloop
  endfacet
  facet normal -0.337081 -0.941476 -0
    outer loop
      vertex 10.4975 11.201 45
      vertex 10.3774 11.244 9
      vertex 10.4975 11.201 9
    endloop
  endfacet
  facet normal -0.970027 0.242997 0
    outer loop
      vertex 11.244 9.62263 9
      vertex 11.275 9.74638 45
      vertex 11.275 9.74638 9
    endloop
  endfacet
  facet normal -0.970027 0.242997 0
    outer loop
      vertex 11.275 9.74638 45
      vertex 11.244 9.62263 9
      vertex 11.244 9.62263 45
    endloop
  endfacet
  facet normal -0.803196 0.595715 0
    outer loop
      vertex 11.0049 9.17529 9
      vertex 11.0809 9.27776 45
      vertex 11.0809 9.27776 9
    endloop
  endfacet
  facet normal -0.803196 0.595715 0
    outer loop
      vertex 11.0809 9.27776 45
      vertex 11.0049 9.17529 9
      vertex 11.0049 9.17529 45
    endloop
  endfacet
  facet normal 0.903968 -0.427601 0
    outer loop
      vertex 8.79896 10.4975 45
      vertex 8.8535 10.6128 9
      vertex 8.8535 10.6128 45
    endloop
  endfacet
  facet normal 0.903968 -0.427601 0
    outer loop
      vertex 8.8535 10.6128 9
      vertex 8.79896 10.4975 45
      vertex 8.79896 10.4975 9
    endloop
  endfacet
  facet normal -0.671775 -0.740755 0
    outer loop
      vertex 10.8247 11.0049 9
      vertex 10.9192 10.9192 45
      vertex 10.8247 11.0049 45
    endloop
  endfacet
  facet normal -0.671775 -0.740755 -0
    outer loop
      vertex 10.9192 10.9192 45
      vertex 10.8247 11.0049 9
      vertex 10.9192 10.9192 9
    endloop
  endfacet
  facet normal 0.671658 -0.740861 0
    outer loop
      vertex 9.08076 10.9192 9
      vertex 9.17529 11.0049 45
      vertex 9.08076 10.9192 45
    endloop
  endfacet
  facet normal 0.671658 -0.740861 0
    outer loop
      vertex 9.17529 11.0049 45
      vertex 9.08076 10.9192 9
      vertex 9.17529 11.0049 9
    endloop
  endfacet
  facet normal -0.427345 -0.904089 0
    outer loop
      vertex 10.4975 11.201 9
      vertex 10.6128 11.1465 45
      vertex 10.4975 11.201 45
    endloop
  endfacet
  facet normal -0.427345 -0.904089 -0
    outer loop
      vertex 10.6128 11.1465 45
      vertex 10.4975 11.201 9
      vertex 10.6128 11.1465 9
    endloop
  endfacet
  facet normal -0.941476 -0.337081 0
    outer loop
      vertex 11.244 10.3774 9
      vertex 11.201 10.4975 45
      vertex 11.201 10.4975 9
    endloop
  endfacet
  facet normal -0.941476 -0.337081 0
    outer loop
      vertex 11.201 10.4975 45
      vertex 11.244 10.3774 9
      vertex 11.244 10.3774 45
    endloop
  endfacet
  facet normal -0.0493902 -0.99878 0
    outer loop
      vertex 10 11.3 9
      vertex 10.1274 11.2937 45
      vertex 10 11.3 45
    endloop
  endfacet
  facet normal -0.0493902 -0.99878 -0
    outer loop
      vertex 10.1274 11.2937 45
      vertex 10 11.3 9
      vertex 10.1274 11.2937 9
    endloop
  endfacet
  facet normal 0.857666 -0.514208 0
    outer loop
      vertex 8.8535 10.6128 45
      vertex 8.91909 10.7222 9
      vertex 8.91909 10.7222 45
    endloop
  endfacet
  facet normal 0.857666 -0.514208 0
    outer loop
      vertex 8.91909 10.7222 9
      vertex 8.8535 10.6128 45
      vertex 8.8535 10.6128 9
    endloop
  endfacet
  facet normal -0.989199 0.146577 0
    outer loop
      vertex 11.275 9.74638 9
      vertex 11.2937 9.87258 45
      vertex 11.2937 9.87258 9
    endloop
  endfacet
  facet normal -0.989199 0.146577 0
    outer loop
      vertex 11.2937 9.87258 45
      vertex 11.275 9.74638 9
      vertex 11.275 9.74638 45
    endloop
  endfacet
  facet normal -0.99878 0.0493825 0
    outer loop
      vertex 11.2937 9.87258 9
      vertex 11.3 10 45
      vertex 11.3 10 9
    endloop
  endfacet
  facet normal -0.99878 0.0493825 0
    outer loop
      vertex 11.3 10 45
      vertex 11.2937 9.87258 9
      vertex 11.2937 9.87258 45
    endloop
  endfacet
  facet normal 0.671529 0.740978 -0
    outer loop
      vertex 9.17529 8.99509 9
      vertex 9.08076 9.08076 45
      vertex 9.17529 8.99509 45
    endloop
  endfacet
  facet normal 0.671529 0.740978 0
    outer loop
      vertex 9.08076 9.08076 45
      vertex 9.17529 8.99509 9
      vertex 9.08076 9.08076 9
    endloop
  endfacet
  facet normal -0.904089 -0.427345 0
    outer loop
      vertex 11.201 10.4975 9
      vertex 11.1465 10.6128 45
      vertex 11.1465 10.6128 9
    endloop
  endfacet
  facet normal -0.904089 -0.427345 0
    outer loop
      vertex 11.1465 10.6128 45
      vertex 11.201 10.4975 9
      vertex 11.201 10.4975 45
    endloop
  endfacet
  facet normal 0.97005 -0.242904 0
    outer loop
      vertex 8.72498 10.2536 45
      vertex 8.75598 10.3774 9
      vertex 8.75598 10.3774 45
    endloop
  endfacet
  facet normal 0.97005 -0.242904 0
    outer loop
      vertex 8.75598 10.3774 9
      vertex 8.72498 10.2536 45
      vertex 8.72498 10.2536 9
    endloop
  endfacet
  facet normal -0.242904 0.97005 0
    outer loop
      vertex 10.3774 8.75598 9
      vertex 10.2536 8.72498 45
      vertex 10.3774 8.75598 45
    endloop
  endfacet
  facet normal -0.242904 0.97005 0
    outer loop
      vertex 10.2536 8.72498 45
      vertex 10.3774 8.75598 9
      vertex 10.2536 8.72498 9
    endloop
  endfacet
  facet normal -0.595602 0.803279 0
    outer loop
      vertex 10.8247 8.99509 9
      vertex 10.7222 8.91909 45
      vertex 10.8247 8.99509 45
    endloop
  endfacet
  facet normal -0.595602 0.803279 0
    outer loop
      vertex 10.7222 8.91909 45
      vertex 10.8247 8.99509 9
      vertex 10.7222 8.91909 9
    endloop
  endfacet
  facet normal 0.146577 -0.989199 0
    outer loop
      vertex 9.74638 11.275 9
      vertex 9.87258 11.2937 45
      vertex 9.74638 11.275 45
    endloop
  endfacet
  facet normal 0.146577 -0.989199 0
    outer loop
      vertex 9.87258 11.2937 45
      vertex 9.74638 11.275 9
      vertex 9.87258 11.2937 9
    endloop
  endfacet
  facet normal -0.740755 -0.671775 0
    outer loop
      vertex 11.0049 10.8247 9
      vertex 10.9192 10.9192 45
      vertex 10.9192 10.9192 9
    endloop
  endfacet
  facet normal -0.740755 -0.671775 0
    outer loop
      vertex 10.9192 10.9192 45
      vertex 11.0049 10.8247 9
      vertex 11.0049 10.8247 45
    endloop
  endfacet
  facet normal 0.427254 -0.904132 0
    outer loop
      vertex 9.38718 11.1465 9
      vertex 9.50251 11.201 45
      vertex 9.38718 11.1465 45
    endloop
  endfacet
  facet normal 0.427254 -0.904132 0
    outer loop
      vertex 9.50251 11.201 45
      vertex 9.38718 11.1465 9
      vertex 9.50251 11.201 9
    endloop
  endfacet
  facet normal -0.941493 0.337031 0
    outer loop
      vertex 11.201 9.50251 9
      vertex 11.244 9.62263 45
      vertex 11.244 9.62263 9
    endloop
  endfacet
  facet normal -0.941493 0.337031 0
    outer loop
      vertex 11.244 9.62263 45
      vertex 11.201 9.50251 9
      vertex 11.201 9.50251 45
    endloop
  endfacet
  facet normal -0.857631 -0.514265 0
    outer loop
      vertex 11.1465 10.6128 9
      vertex 11.0809 10.7222 45
      vertex 11.0809 10.7222 9
    endloop
  endfacet
  facet normal -0.857631 -0.514265 0
    outer loop
      vertex 11.0809 10.7222 45
      vertex 11.1465 10.6128 9
      vertex 11.1465 10.6128 45
    endloop
  endfacet
  facet normal 0.14673 0.989177 -0
    outer loop
      vertex 9.87258 8.70626 9
      vertex 9.74638 8.72498 45
      vertex 9.87258 8.70626 45
    endloop
  endfacet
  facet normal 0.14673 0.989177 0
    outer loop
      vertex 9.74638 8.72498 45
      vertex 9.87258 8.70626 9
      vertex 9.74638 8.72498 9
    endloop
  endfacet
  facet normal 0.0493825 -0.99878 0
    outer loop
      vertex 9.87258 11.2937 9
      vertex 10 11.3 45
      vertex 9.87258 11.2937 45
    endloop
  endfacet
  facet normal 0.0493825 -0.99878 0
    outer loop
      vertex 10 11.3 45
      vertex 9.87258 11.2937 9
      vertex 10 11.3 9
    endloop
  endfacet
  facet normal 0.514196 -0.857673 0
    outer loop
      vertex 9.27776 11.0809 9
      vertex 9.38718 11.1465 45
      vertex 9.27776 11.0809 45
    endloop
  endfacet
  facet normal 0.514196 -0.857673 0
    outer loop
      vertex 9.38718 11.1465 45
      vertex 9.27776 11.0809 9
      vertex 9.38718 11.1465 9
    endloop
  endfacet
  facet normal 0.941543 0.336892 0
    outer loop
      vertex 8.79896 9.50251 45
      vertex 8.75598 9.62263 9
      vertex 8.75598 9.62263 45
    endloop
  endfacet
  facet normal 0.941543 0.336892 0
    outer loop
      vertex 8.75598 9.62263 9
      vertex 8.79896 9.50251 45
      vertex 8.79896 9.50251 9
    endloop
  endfacet
  facet normal 0.740872 -0.671646 0
    outer loop
      vertex 8.99509 10.8247 45
      vertex 9.08076 10.9192 9
      vertex 9.08076 10.9192 45
    endloop
  endfacet
  facet normal 0.740872 -0.671646 0
    outer loop
      vertex 9.08076 10.9192 9
      vertex 8.99509 10.8247 45
      vertex 8.99509 10.8247 9
    endloop
  endfacet
  facet normal 0.336892 0.941543 -0
    outer loop
      vertex 9.62263 8.75598 9
      vertex 9.50251 8.79896 45
      vertex 9.62263 8.75598 45
    endloop
  endfacet
  facet normal 0.336892 0.941543 0
    outer loop
      vertex 9.50251 8.79896 45
      vertex 9.62263 8.75598 9
      vertex 9.50251 8.79896 9
    endloop
  endfacet
  facet normal 0.42751 0.904011 -0
    outer loop
      vertex 9.50251 8.79896 9
      vertex 9.38718 8.8535 45
      vertex 9.50251 8.79896 45
    endloop
  endfacet
  facet normal 0.42751 0.904011 0
    outer loop
      vertex 9.38718 8.8535 45
      vertex 9.50251 8.79896 9
      vertex 9.38718 8.8535 9
    endloop
  endfacet
  facet normal -0.242904 -0.97005 0
    outer loop
      vertex 10.2536 11.275 9
      vertex 10.3774 11.244 45
      vertex 10.2536 11.275 45
    endloop
  endfacet
  facet normal -0.242904 -0.97005 -0
    outer loop
      vertex 10.3774 11.244 45
      vertex 10.2536 11.275 9
      vertex 10.3774 11.244 9
    endloop
  endfacet
  facet normal -0.146577 -0.989199 0
    outer loop
      vertex 10.1274 11.2937 9
      vertex 10.2536 11.275 45
      vertex 10.1274 11.2937 45
    endloop
  endfacet
  facet normal -0.146577 -0.989199 -0
    outer loop
      vertex 10.2536 11.275 45
      vertex 10.1274 11.2937 9
      vertex 10.2536 11.275 9
    endloop
  endfacet
  facet normal -0.671646 0.740872 0
    outer loop
      vertex 10.9192 9.08076 9
      vertex 10.8247 8.99509 45
      vertex 10.9192 9.08076 45
    endloop
  endfacet
  facet normal -0.671646 0.740872 0
    outer loop
      vertex 10.8247 8.99509 45
      vertex 10.9192 9.08076 9
      vertex 10.8247 8.99509 9
    endloop
  endfacet
  facet normal 0.514138 0.857707 -0
    outer loop
      vertex 9.38718 8.8535 9
      vertex 9.27776 8.91909 45
      vertex 9.38718 8.8535 45
    endloop
  endfacet
  facet normal 0.514138 0.857707 0
    outer loop
      vertex 9.27776 8.91909 45
      vertex 9.38718 8.8535 9
      vertex 9.27776 8.91909 9
    endloop
  endfacet
  facet normal 0.740978 0.671529 0
    outer loop
      vertex 9.08076 9.08076 45
      vertex 8.99509 9.17529 9
      vertex 8.99509 9.17529 45
    endloop
  endfacet
  facet normal 0.740978 0.671529 0
    outer loop
      vertex 8.99509 9.17529 9
      vertex 9.08076 9.08076 45
      vertex 9.08076 9.08076 9
    endloop
  endfacet
  facet normal 0.595715 0.803196 -0
    outer loop
      vertex 9.27776 8.91909 9
      vertex 9.17529 8.99509 45
      vertex 9.27776 8.91909 45
    endloop
  endfacet
  facet normal 0.595715 0.803196 0
    outer loop
      vertex 9.17529 8.99509 45
      vertex 9.27776 8.91909 9
      vertex 9.17529 8.99509 9
    endloop
  endfacet
  facet normal 0.989177 0.14673 0
    outer loop
      vertex 8.72498 9.74638 45
      vertex 8.70626 9.87258 9
      vertex 8.70626 9.87258 45
    endloop
  endfacet
  facet normal 0.989177 0.14673 0
    outer loop
      vertex 8.70626 9.87258 9
      vertex 8.72498 9.74638 45
      vertex 8.72498 9.74638 9
    endloop
  endfacet
  facet normal -0.740861 0.671658 0
    outer loop
      vertex 10.9192 9.08076 9
      vertex 11.0049 9.17529 45
      vertex 11.0049 9.17529 9
    endloop
  endfacet
  facet normal -0.740861 0.671658 0
    outer loop
      vertex 11.0049 9.17529 45
      vertex 10.9192 9.08076 9
      vertex 10.9192 9.08076 45
    endloop
  endfacet
  facet normal 0.803196 0.595715 0
    outer loop
      vertex 8.99509 9.17529 45
      vertex 8.91909 9.27776 9
      vertex 8.91909 9.27776 45
    endloop
  endfacet
  facet normal 0.803196 0.595715 0
    outer loop
      vertex 8.91909 9.27776 9
      vertex 8.99509 9.17529 45
      vertex 8.99509 9.17529 9
    endloop
  endfacet
  facet normal 0.998795 -0.0490774 0
    outer loop
      vertex 8.7 10 45
      vertex 8.70626 10.1274 9
      vertex 8.70626 10.1274 45
    endloop
  endfacet
  facet normal 0.998795 -0.0490774 0
    outer loop
      vertex 8.70626 10.1274 9
      vertex 8.7 10 45
      vertex 8.7 10 9
    endloop
  endfacet
  facet normal 0.998795 0.0490697 0
    outer loop
      vertex 8.70626 9.87258 45
      vertex 8.7 10 9
      vertex 8.7 10 45
    endloop
  endfacet
  facet normal 0.998795 0.0490697 0
    outer loop
      vertex 8.7 10 9
      vertex 8.70626 9.87258 45
      vertex 8.70626 9.87258 9
    endloop
  endfacet
  facet normal 0.242997 0.970027 -0
    outer loop
      vertex 9.74638 8.72498 9
      vertex 9.62263 8.75598 45
      vertex 9.74638 8.72498 45
    endloop
  endfacet
  facet normal 0.242997 0.970027 0
    outer loop
      vertex 9.62263 8.75598 45
      vertex 9.74638 8.72498 9
      vertex 9.62263 8.75598 9
    endloop
  endfacet
  facet normal 0 0 1
    outer loop
      vertex 11.2937 10.1274 9
      vertex 11.2937 9.87258 9
      vertex 11.3 10 9
    endloop
  endfacet
  facet normal 0 0 1
    outer loop
      vertex 11.275 10.2536 9
      vertex 11.2937 9.87258 9
      vertex 11.2937 10.1274 9
    endloop
  endfacet
  facet normal 0 0 1
    outer loop
      vertex 11.275 10.2536 9
      vertex 11.275 9.74638 9
      vertex 11.2937 9.87258 9
    endloop
  endfacet
  facet normal 0 0 1
    outer loop
      vertex 11.244 10.3774 9
      vertex 11.275 9.74638 9
      vertex 11.275 10.2536 9
    endloop
  endfacet
  facet normal 0 0 1
    outer loop
      vertex 11.244 10.3774 9
      vertex 11.244 9.62263 9
      vertex 11.275 9.74638 9
    endloop
  endfacet
  facet normal 0 0 1
    outer loop
      vertex 11.201 10.4975 9
      vertex 11.244 9.62263 9
      vertex 11.244 10.3774 9
    endloop
  endfacet
  facet normal 0 0 1
    outer loop
      vertex 11.201 10.4975 9
      vertex 11.201 9.50251 9
      vertex 11.244 9.62263 9
    endloop
  endfacet
  facet normal 0 0 1
    outer loop
      vertex 11.1465 10.6128 9
      vertex 11.201 9.50251 9
      vertex 11.201 10.4975 9
    endloop
  endfacet
  facet normal 0 0 1
    outer loop
      vertex 11.1465 10.6128 9
      vertex 11.1465 9.38718 9
      vertex 11.201 9.50251 9
    endloop
  endfacet
  facet normal 0 0 1
    outer loop
      vertex 11.0809 10.7222 9
      vertex 11.1465 9.38718 9
      vertex 11.1465 10.6128 9
    endloop
  endfacet
  facet normal 0 0 1
    outer loop
      vertex 11.0809 10.7222 9
      vertex 11.0809 9.27776 9
      vertex 11.1465 9.38718 9
    endloop
  endfacet
  facet normal 0 0 1
    outer loop
      vertex 11.0049 10.8247 9
      vertex 11.0809 9.27776 9
      vertex 11.0809 10.7222 9
    endloop
  endfacet
  facet normal 0 0 1
    outer loop
      vertex 11.0049 10.8247 9
      vertex 11.0049 9.17529 9
      vertex 11.0809 9.27776 9
    endloop
  endfacet
  facet normal 0 0 1
    outer loop
      vertex 10.9192 10.9192 9
      vertex 11.0049 9.17529 9
      vertex 11.0049 10.8247 9
    endloop
  endfacet
  facet normal 0 0 1
    outer loop
      vertex 10.9192 10.9192 9
      vertex 10.9192 9.08076 9
      vertex 11.0049 9.17529 9
    endloop
  endfacet
  facet normal 0 0 1
    outer loop
      vertex 10.8247 11.0049 9
      vertex 10.9192 9.08076 9
      vertex 10.9192 10.9192 9
    endloop
  endfacet
  facet normal 0 0 1
    outer loop
      vertex 10.8247 11.0049 9
      vertex 10.8247 8.99509 9
      vertex 10.9192 9.08076 9
    endloop
  endfacet
  facet normal 0 0 1
    outer loop
      vertex 10.7222 11.0809 9
      vertex 10.8247 8.99509 9
      vertex 10.8247 11.0049 9
    endloop
  endfacet
  facet normal 0 0 1
    outer loop
      vertex 10.7222 11.0809 9
      vertex 10.7222 8.91909 9
      vertex 10.8247 8.99509 9
    endloop
  endfacet
  facet normal 0 0 1
    outer loop
      vertex 10.6128 11.1465 9
      vertex 10.7222 8.91909 9
      vertex 10.7222 11.0809 9
    endloop
  endfacet
  facet normal 0 0 1
    outer loop
      vertex 10.6128 11.1465 9
      vertex 10.6128 8.8535 9
      vertex 10.7222 8.91909 9
    endloop
  endfacet
  facet normal 0 0 1
    outer loop
      vertex 10.4975 11.201 9
      vertex 10.6128 8.8535 9
      vertex 10.6128 11.1465 9
    endloop
  endfacet
  facet normal 0 0 1
    outer loop
      vertex 10.4975 11.201 9
      vertex 10.4975 8.79896 9
      vertex 10.6128 8.8535 9
    endloop
  endfacet
  facet normal 0 0 1
    outer loop
      vertex 10.3774 11.244 9
      vertex 10.4975 8.79896 9
      vertex 10.4975 11.201 9
    endloop
  endfacet
  facet normal 0 0 1
    outer loop
      vertex 10.3774 11.244 9
      vertex 10.3774 8.75598 9
      vertex 10.4975 8.79896 9
    endloop
  endfacet
  facet normal 0 0 1
    outer loop
      vertex 10.2536 11.275 9
      vertex 10.3774 8.75598 9
      vertex 10.3774 11.244 9
    endloop
  endfacet
  facet normal 0 0 1
    outer loop
      vertex 10.2536 11.275 9
      vertex 10.2536 8.72498 9
      vertex 10.3774 8.75598 9
    endloop
  endfacet
  facet normal 0 0 1
    outer loop
      vertex 10.1274 11.2937 9
      vertex 10.2536 8.72498 9
      vertex 10.2536 11.275 9
    endloop
  endfacet
  facet normal 0 0 1
    outer loop
      vertex 10.1274 11.2937 9
      vertex 10.1274 8.70626 9
      vertex 10.2536 8.72498 9
    endloop
  endfacet
  facet normal 0 0 1
    outer loop
      vertex 10 11.3 9
      vertex 10.1274 8.70626 9
      vertex 10.1274 11.2937 9
    endloop
  endfacet
  facet normal 0 0 1
    outer loop
      vertex 10 11.3 9
      vertex 10 8.7 9
      vertex 10.1274 8.70626 9
    endloop
  endfacet
  facet normal -0 0 1
    outer loop
      vertex 9.87258 11.2937 9
      vertex 10 8.7 9
      vertex 10 11.3 9
    endloop
  endfacet
  facet normal 0 0 1
    outer loop
      vertex 9.87258 11.2937 9
      vertex 9.87258 8.70626 9
      vertex 10 8.7 9
    endloop
  endfacet
  facet normal -0 0 1
    outer loop
      vertex 9.74638 11.275 9
      vertex 9.87258 8.70626 9
      vertex 9.87258 11.2937 9
    endloop
  endfacet
  facet normal 0 0 1
    outer loop
      vertex 9.74638 11.275 9
      vertex 9.74638 8.72498 9
      vertex 9.87258 8.70626 9
    endloop
  endfacet
  facet normal -0 0 1
    outer loop
      vertex 9.62263 11.244 9
      vertex 9.74638 8.72498 9
      vertex 9.74638 11.275 9
    endloop
  endfacet
  facet normal 0 0 1
    outer loop
      vertex 9.62263 11.244 9
      vertex 9.62263 8.75598 9
      vertex 9.74638 8.72498 9
    endloop
  endfacet
  facet normal -0 0 1
    outer loop
      vertex 9.50251 11.201 9
      vertex 9.62263 8.75598 9
      vertex 9.62263 11.244 9
    endloop
  endfacet
  facet normal 0 0 1
    outer loop
      vertex 9.50251 11.201 9
      vertex 9.50251 8.79896 9
      vertex 9.62263 8.75598 9
    endloop
  endfacet
  facet normal -0 0 1
    outer loop
      vertex 9.38718 11.1465 9
      vertex 9.50251 8.79896 9
      vertex 9.50251 11.201 9
    endloop
  endfacet
  facet normal 0 0 1
    outer loop
      vertex 9.38718 11.1465 9
      vertex 9.38718 8.8535 9
      vertex 9.50251 8.79896 9
    endloop
  endfacet
  facet normal -0 0 1
    outer loop
      vertex 9.27776 11.0809 9
      vertex 9.38718 8.8535 9
      vertex 9.38718 11.1465 9
    endloop
  endfacet
  facet normal 0 0 1
    outer loop
      vertex 9.27776 11.0809 9
      vertex 9.27776 8.91909 9
      vertex 9.38718 8.8535 9
    endloop
  endfacet
  facet normal -0 0 1
    outer loop
      vertex 9.17529 11.0049 9
      vertex 9.27776 8.91909 9
      vertex 9.27776 11.0809 9
    endloop
  endfacet
  facet normal 0 0 1
    outer loop
      vertex 9.17529 11.0049 9
      vertex 9.17529 8.99509 9
      vertex 9.27776 8.91909 9
    endloop
  endfacet
  facet normal -0 0 1
    outer loop
      vertex 9.08076 10.9192 9
      vertex 9.17529 8.99509 9
      vertex 9.17529 11.0049 9
    endloop
  endfacet
  facet normal 0 0 1
    outer loop
      vertex 9.08076 10.9192 9
      vertex 9.08076 9.08076 9
      vertex 9.17529 8.99509 9
    endloop
  endfacet
  facet normal -0 0 1
    outer loop
      vertex 8.99509 10.8247 9
      vertex 9.08076 9.08076 9
      vertex 9.08076 10.9192 9
    endloop
  endfacet
  facet normal 0 0 1
    outer loop
      vertex 8.99509 10.8247 9
      vertex 8.99509 9.17529 9
      vertex 9.08076 9.08076 9
    endloop
  endfacet
  facet normal -0 0 1
    outer loop
      vertex 8.91909 10.7222 9
      vertex 8.99509 9.17529 9
      vertex 8.99509 10.8247 9
    endloop
  endfacet
  facet normal 0 0 1
    outer loop
      vertex 8.91909 10.7222 9
      vertex 8.91909 9.27776 9
      vertex 8.99509 9.17529 9
    endloop
  endfacet
  facet normal -0 0 1
    outer loop
      vertex 8.8535 10.6128 9
      vertex 8.91909 9.27776 9
      vertex 8.91909 10.7222 9
    endloop
  endfacet
  facet normal 0 0 1
    outer loop
      vertex 8.8535 10.6128 9
      vertex 8.8535 9.38718 9
      vertex 8.91909 9.27776 9
    endloop
  endfacet
  facet normal -0 0 1
    outer loop
      vertex 8.79896 10.4975 9
      vertex 8.8535 9.38718 9
      vertex 8.8535 10.6128 9
    endloop
  endfacet
  facet normal 0 0 1
    outer loop
      vertex 8.79896 10.4975 9
      vertex 8.79896 9.50251 9
      vertex 8.8535 9.38718 9
    endloop
  endfacet
  facet normal -0 0 1
    outer loop
      vertex 8.75598 10.3774 9
      vertex 8.79896 9.50251 9
      vertex 8.79896 10.4975 9
    endloop
  endfacet
  facet normal 0 0 1
    outer loop
      vertex 8.75598 10.3774 9
      vertex 8.75598 9.62263 9
      vertex 8.79896 9.50251 9
    endloop
  endfacet
  facet normal -0 0 1
    outer loop
      vertex 8.72498 10.2536 9
      vertex 8.75598 9.62263 9
      vertex 8.75598 10.3774 9
    endloop
  endfacet
  facet normal 0 0 1
    outer loop
      vertex 8.72498 10.2536 9
      vertex 8.72498 9.74638 9
      vertex 8.75598 9.62263 9
    endloop
  endfacet
  facet normal -0 0 1
    outer loop
      vertex 8.70626 10.1274 9
      vertex 8.72498 9.74638 9
      vertex 8.72498 10.2536 9
    endloop
  endfacet
  facet normal 0 0 1
    outer loop
      vertex 8.70626 10.1274 9
      vertex 8.70626 9.87258 9
      vertex 8.72498 9.74638 9
    endloop
  endfacet
  facet normal 0 -0 1
    outer loop
      vertex 8.70626 9.87258 9
      vertex 8.70626 10.1274 9
      vertex 8.7 10 9
    endloop
  endfacet
  facet normal -0.989199 -0.146577 0
    outer loop
      vertex 91.2937 10.1274 9
      vertex 91.275 10.2536 45
      vertex 91.275 10.2536 9
    endloop
  endfacet
  facet normal -0.989199 -0.146577 0
    outer loop
      vertex 91.275 10.2536 45
      vertex 91.2937 10.1274 9
      vertex 91.2937 10.1274 45
    endloop
  endfacet
  facet normal -0.99878 -0.0493902 0
    outer loop
      vertex 91.3 10 9
      vertex 91.2937 10.1274 45
      vertex 91.2937 10.1274 9
    endloop
  endfacet
  facet normal -0.99878 -0.0493902 0
    outer loop
      vertex 91.2937 10.1274 45
      vertex 91.3 10 9
      vertex 91.3 10 45
    endloop
  endfacet
  facet normal -0.97005 -0.242904 0
    outer loop
      vertex 91.275 10.2536 9
      vertex 91.244 10.3774 45
      vertex 91.244 10.3774 9
    endloop
  endfacet
  facet normal -0.97005 -0.242904 0
    outer loop
      vertex 91.244 10.3774 45
      vertex 91.275 10.2536 9
      vertex 91.275 10.2536 45
    endloop
  endfacet
  facet normal 0.803279 -0.595602 0
    outer loop
      vertex 88.9191 10.7222 45
      vertex 88.9951 10.8247 9
      vertex 88.9951 10.8247 45
    endloop
  endfacet
  facet normal 0.803279 -0.595602 0
    outer loop
      vertex 88.9951 10.8247 9
      vertex 88.9191 10.7222 45
      vertex 88.9191 10.7222 9
    endloop
  endfacet
  facet normal -0.336942 0.941525 0
    outer loop
      vertex 90.4975 8.79896 9
      vertex 90.3774 8.75598 45
      vertex 90.4975 8.79896 45
    endloop
  endfacet
  facet normal -0.336942 0.941525 0
    outer loop
      vertex 90.3774 8.75598 45
      vertex 90.4975 8.79896 9
      vertex 90.3774 8.75598 9
    endloop
  endfacet
  facet normal -0.857673 0.514196 0
    outer loop
      vertex 91.0809 9.27776 9
      vertex 91.1465 9.38718 45
      vertex 91.1465 9.38718 9
    endloop
  endfacet
  facet normal -0.857673 0.514196 0
    outer loop
      vertex 91.1465 9.38718 45
      vertex 91.0809 9.27776 9
      vertex 91.0809 9.27776 45
    endloop
  endfacet
  facet normal 0.0490774 0.998795 -0
    outer loop
      vertex 90 8.7 9
      vertex 89.8726 8.70626 45
      vertex 90 8.7 45
    endloop
  endfacet
  facet normal 0.0490774 0.998795 0
    outer loop
      vertex 89.8726 8.70626 45
      vertex 90 8.7 9
      vertex 89.8726 8.70626 9
    endloop
  endfacet
  facet normal 0.989199 -0.146577 0
    outer loop
      vertex 88.7063 10.1274 45
      vertex 88.725 10.2536 9
      vertex 88.725 10.2536 45
    endloop
  endfacet
  facet normal 0.989199 -0.146577 0
    outer loop
      vertex 88.725 10.2536 9
      vertex 88.7063 10.1274 45
      vertex 88.7063 10.1274 9
    endloop
  endfacet
  facet normal 0.904132 0.427254 0
    outer loop
      vertex 88.8535 9.38718 45
      vertex 88.799 9.50251 9
      vertex 88.799 9.50251 45
    endloop
  endfacet
  facet normal 0.904132 0.427254 0
    outer loop
      vertex 88.799 9.50251 9
      vertex 88.8535 9.38718 45
      vertex 88.8535 9.38718 9
    endloop
  endfacet
  facet normal 0.242904 -0.97005 0
    outer loop
      vertex 89.6226 11.244 9
      vertex 89.7464 11.275 45
      vertex 89.6226 11.244 45
    endloop
  endfacet
  facet normal 0.242904 -0.97005 0
    outer loop
      vertex 89.7464 11.275 45
      vertex 89.6226 11.244 9
      vertex 89.7464 11.275 9
    endloop
  endfacet
  facet normal -0.14673 0.989177 0
    outer loop
      vertex 90.2536 8.72498 9
      vertex 90.1274 8.70626 45
      vertex 90.2536 8.72498 45
    endloop
  endfacet
  facet normal -0.14673 0.989177 0
    outer loop
      vertex 90.1274 8.70626 45
      vertex 90.2536 8.72498 9
      vertex 90.1274 8.70626 9
    endloop
  endfacet
  facet normal 0.595602 -0.803279 0
    outer loop
      vertex 89.1753 11.0049 9
      vertex 89.2778 11.0809 45
      vertex 89.1753 11.0049 45
    endloop
  endfacet
  facet normal 0.595602 -0.803279 0
    outer loop
      vertex 89.2778 11.0809 45
      vertex 89.1753 11.0049 9
      vertex 89.2778 11.0809 9
    endloop
  endfacet
  facet normal -0.595602 -0.803279 0
    outer loop
      vertex 90.7222 11.0809 9
      vertex 90.8247 11.0049 45
      vertex 90.7222 11.0809 45
    endloop
  endfacet
  facet normal -0.595602 -0.803279 -0
    outer loop
      vertex 90.8247 11.0049 45
      vertex 90.7222 11.0809 9
      vertex 90.8247 11.0049 9
    endloop
  endfacet
  facet normal -0.514265 -0.857631 0
    outer loop
      vertex 90.6128 11.1465 9
      vertex 90.7222 11.0809 45
      vertex 90.6128 11.1465 45
    endloop
  endfacet
  facet normal -0.514265 -0.857631 -0
    outer loop
      vertex 90.7222 11.0809 45
      vertex 90.6128 11.1465 9
      vertex 90.7222 11.0809 9
    endloop
  endfacet
  facet normal -0.904132 0.427254 0
    outer loop
      vertex 91.1465 9.38718 9
      vertex 91.201 9.50251 45
      vertex 91.201 9.50251 9
    endloop
  endfacet
  facet normal -0.904132 0.427254 0
    outer loop
      vertex 91.201 9.50251 45
      vertex 91.1465 9.38718 9
      vertex 91.1465 9.38718 45
    endloop
  endfacet
  facet normal 0.970027 0.242997 0
    outer loop
      vertex 88.756 9.62263 45
      vertex 88.725 9.74638 9
      vertex 88.725 9.74638 45
    endloop
  endfacet
  facet normal 0.970027 0.242997 0
    outer loop
      vertex 88.725 9.74638 9
      vertex 88.756 9.62263 45
      vertex 88.756 9.62263 9
    endloop
  endfacet
  facet normal 0.857673 0.514196 0
    outer loop
      vertex 88.9191 9.27776 45
      vertex 88.8535 9.38718 9
      vertex 88.8535 9.38718 45
    endloop
  endfacet
  facet normal 0.857673 0.514196 0
    outer loop
      vertex 88.8535 9.38718 9
      vertex 88.9191 9.27776 45
      vertex 88.9191 9.27776 9
    endloop
  endfacet
  facet normal -0.0490774 0.998795 0
    outer loop
      vertex 90.1274 8.70626 9
      vertex 90 8.7 45
      vertex 90.1274 8.70626 45
    endloop
  endfacet
  facet normal -0.0490774 0.998795 0
    outer loop
      vertex 90 8.7 45
      vertex 90.1274 8.70626 9
      vertex 90 8.7 9
    endloop
  endfacet
  facet normal 0.337081 -0.941476 0
    outer loop
      vertex 89.5025 11.201 9
      vertex 89.6226 11.244 45
      vertex 89.5025 11.201 45
    endloop
  endfacet
  facet normal 0.337081 -0.941476 0
    outer loop
      vertex 89.6226 11.244 45
      vertex 89.5025 11.201 9
      vertex 89.6226 11.244 9
    endloop
  endfacet
  facet normal 0.941476 -0.337081 0
    outer loop
      vertex 88.756 10.3774 45
      vertex 88.799 10.4975 9
      vertex 88.799 10.4975 45
    endloop
  endfacet
  facet normal 0.941476 -0.337081 0
    outer loop
      vertex 88.799 10.4975 9
      vertex 88.756 10.3774 45
      vertex 88.756 10.3774 9
    endloop
  endfacet
  facet normal -0.803279 -0.595602 0
    outer loop
      vertex 91.0809 10.7222 9
      vertex 91.0049 10.8247 45
      vertex 91.0049 10.8247 9
    endloop
  endfacet
  facet normal -0.803279 -0.595602 0
    outer loop
      vertex 91.0049 10.8247 45
      vertex 91.0809 10.7222 9
      vertex 91.0809 10.7222 45
    endloop
  endfacet
  facet normal -0.427601 0.903968 0
    outer loop
      vertex 90.6128 8.8535 9
      vertex 90.4975 8.79896 45
      vertex 90.6128 8.8535 45
    endloop
  endfacet
  facet normal -0.427601 0.903968 0
    outer loop
      vertex 90.4975 8.79896 45
      vertex 90.6128 8.8535 9
      vertex 90.4975 8.79896 9
    endloop
  endfacet
  facet normal -0.514208 0.857666 0
    outer loop
      vertex 90.7222 8.91909 9
      vertex 90.6128 8.8535 45
      vertex 90.7222 8.91909 45
    endloop
  endfacet
  facet normal -0.514208 0.857666 0
    outer loop
      vertex 90.6128 8.8535 45
      vertex 90.7222 8.91909 9
      vertex 90.6128 8.8535 9
    endloop
  endfacet
  facet normal -0.337081 -0.941476 0
    outer loop
      vertex 90.3774 11.244 9
      vertex 90.4975 11.201 45
      vertex 90.3774 11.244 45
    endloop
  endfacet
  facet normal -0.337081 -0.941476 -0
    outer loop
      vertex 90.4975 11.201 45
      vertex 90.3774 11.244 9
      vertex 90.4975 11.201 9
    endloop
  endfacet
  facet normal -0.970027 0.242997 0
    outer loop
      vertex 91.244 9.62263 9
      vertex 91.275 9.74638 45
      vertex 91.275 9.74638 9
    endloop
  endfacet
  facet normal -0.970027 0.242997 0
    outer loop
      vertex 91.275 9.74638 45
      vertex 91.244 9.62263 9
      vertex 91.244 9.62263 45
    endloop
  endfacet
  facet normal -0.803196 0.595715 0
    outer loop
      vertex 91.0049 9.17529 9
      vertex 91.0809 9.27776 45
      vertex 91.0809 9.27776 9
    endloop
  endfacet
  facet normal -0.803196 0.595715 0
    outer loop
      vertex 91.0809 9.27776 45
      vertex 91.0049 9.17529 9
      vertex 91.0049 9.17529 45
    endloop
  endfacet
  facet normal 0.904089 -0.427345 0
    outer loop
      vertex 88.799 10.4975 45
      vertex 88.8535 10.6128 9
      vertex 88.8535 10.6128 45
    endloop
  endfacet
  facet normal 0.904089 -0.427345 0
    outer loop
      vertex 88.8535 10.6128 9
      vertex 88.799 10.4975 45
      vertex 88.799 10.4975 9
    endloop
  endfacet
  facet normal -0.671775 -0.740755 0
    outer loop
      vertex 90.8247 11.0049 9
      vertex 90.9192 10.9192 45
      vertex 90.8247 11.0049 45
    endloop
  endfacet
  facet normal -0.671775 -0.740755 -0
    outer loop
      vertex 90.9192 10.9192 45
      vertex 90.8247 11.0049 9
      vertex 90.9192 10.9192 9
    endloop
  endfacet
  facet normal 0.671775 -0.740755 0
    outer loop
      vertex 89.0808 10.9192 9
      vertex 89.1753 11.0049 45
      vertex 89.0808 10.9192 45
    endloop
  endfacet
  facet normal 0.671775 -0.740755 0
    outer loop
      vertex 89.1753 11.0049 45
      vertex 89.0808 10.9192 9
      vertex 89.1753 11.0049 9
    endloop
  endfacet
  facet normal -0.427345 -0.904089 0
    outer loop
      vertex 90.4975 11.201 9
      vertex 90.6128 11.1465 45
      vertex 90.4975 11.201 45
    endloop
  endfacet
  facet normal -0.427345 -0.904089 -0
    outer loop
      vertex 90.6128 11.1465 45
      vertex 90.4975 11.201 9
      vertex 90.6128 11.1465 9
    endloop
  endfacet
  facet normal -0.941476 -0.337081 0
    outer loop
      vertex 91.244 10.3774 9
      vertex 91.201 10.4975 45
      vertex 91.201 10.4975 9
    endloop
  endfacet
  facet normal -0.941476 -0.337081 0
    outer loop
      vertex 91.201 10.4975 45
      vertex 91.244 10.3774 9
      vertex 91.244 10.3774 45
    endloop
  endfacet
  facet normal -0.0493902 -0.99878 0
    outer loop
      vertex 90 11.3 9
      vertex 90.1274 11.2937 45
      vertex 90 11.3 45
    endloop
  endfacet
  facet normal -0.0493902 -0.99878 -0
    outer loop
      vertex 90.1274 11.2937 45
      vertex 90 11.3 9
      vertex 90.1274 11.2937 9
    endloop
  endfacet
  facet normal 0.857631 -0.514265 0
    outer loop
      vertex 88.8535 10.6128 45
      vertex 88.9191 10.7222 9
      vertex 88.9191 10.7222 45
    endloop
  endfacet
  facet normal 0.857631 -0.514265 0
    outer loop
      vertex 88.9191 10.7222 9
      vertex 88.8535 10.6128 45
      vertex 88.8535 10.6128 9
    endloop
  endfacet
  facet normal -0.989199 0.146577 0
    outer loop
      vertex 91.275 9.74638 9
      vertex 91.2937 9.87258 45
      vertex 91.2937 9.87258 9
    endloop
  endfacet
  facet normal -0.989199 0.146577 0
    outer loop
      vertex 91.2937 9.87258 45
      vertex 91.275 9.74638 9
      vertex 91.275 9.74638 45
    endloop
  endfacet
  facet normal -0.99878 0.0493825 0
    outer loop
      vertex 91.2937 9.87258 9
      vertex 91.3 10 45
      vertex 91.3 10 9
    endloop
  endfacet
  facet normal -0.99878 0.0493825 0
    outer loop
      vertex 91.3 10 45
      vertex 91.2937 9.87258 9
      vertex 91.2937 9.87258 45
    endloop
  endfacet
  facet normal 0.671646 0.740872 -0
    outer loop
      vertex 89.1753 8.99509 9
      vertex 89.0808 9.08076 45
      vertex 89.1753 8.99509 45
    endloop
  endfacet
  facet normal 0.671646 0.740872 0
    outer loop
      vertex 89.0808 9.08076 45
      vertex 89.1753 8.99509 9
      vertex 89.0808 9.08076 9
    endloop
  endfacet
  facet normal -0.904089 -0.427345 0
    outer loop
      vertex 91.201 10.4975 9
      vertex 91.1465 10.6128 45
      vertex 91.1465 10.6128 9
    endloop
  endfacet
  facet normal -0.904089 -0.427345 0
    outer loop
      vertex 91.1465 10.6128 45
      vertex 91.201 10.4975 9
      vertex 91.201 10.4975 45
    endloop
  endfacet
  facet normal 0 0 1
    outer loop
      vertex 91.2937 10.1274 9
      vertex 91.2937 9.87258 9
      vertex 91.3 10 9
    endloop
  endfacet
  facet normal 0 0 1
    outer loop
      vertex 91.275 10.2536 9
      vertex 91.2937 9.87258 9
      vertex 91.2937 10.1274 9
    endloop
  endfacet
  facet normal 0 0 1
    outer loop
      vertex 91.275 10.2536 9
      vertex 91.275 9.74638 9
      vertex 91.2937 9.87258 9
    endloop
  endfacet
  facet normal 0 0 1
    outer loop
      vertex 91.244 10.3774 9
      vertex 91.275 9.74638 9
      vertex 91.275 10.2536 9
    endloop
  endfacet
  facet normal 0 0 1
    outer loop
      vertex 91.244 10.3774 9
      vertex 91.244 9.62263 9
      vertex 91.275 9.74638 9
    endloop
  endfacet
  facet normal 0 0 1
    outer loop
      vertex 91.201 10.4975 9
      vertex 91.244 9.62263 9
      vertex 91.244 10.3774 9
    endloop
  endfacet
  facet normal 0 0 1
    outer loop
      vertex 91.201 10.4975 9
      vertex 91.201 9.50251 9
      vertex 91.244 9.62263 9
    endloop
  endfacet
  facet normal 0 0 1
    outer loop
      vertex 91.1465 10.6128 9
      vertex 91.201 9.50251 9
      vertex 91.201 10.4975 9
    endloop
  endfacet
  facet normal 0 0 1
    outer loop
      vertex 91.1465 10.6128 9
      vertex 91.1465 9.38718 9
      vertex 91.201 9.50251 9
    endloop
  endfacet
  facet normal 0 0 1
    outer loop
      vertex 91.0809 10.7222 9
      vertex 91.1465 9.38718 9
      vertex 91.1465 10.6128 9
    endloop
  endfacet
  facet normal 0 0 1
    outer loop
      vertex 91.0809 10.7222 9
      vertex 91.0809 9.27776 9
      vertex 91.1465 9.38718 9
    endloop
  endfacet
  facet normal 0 0 1
    outer loop
      vertex 91.0049 10.8247 9
      vertex 91.0809 9.27776 9
      vertex 91.0809 10.7222 9
    endloop
  endfacet
  facet normal 0 0 1
    outer loop
      vertex 91.0049 10.8247 9
      vertex 91.0049 9.17529 9
      vertex 91.0809 9.27776 9
    endloop
  endfacet
  facet normal 0 0 1
    outer loop
      vertex 90.9192 10.9192 9
      vertex 91.0049 9.17529 9
      vertex 91.0049 10.8247 9
    endloop
  endfacet
  facet normal 0 0 1
    outer loop
      vertex 90.9192 10.9192 9
      vertex 90.9192 9.08076 9
      vertex 91.0049 9.17529 9
    endloop
  endfacet
  facet normal 0 0 1
    outer loop
      vertex 90.8247 11.0049 9
      vertex 90.9192 9.08076 9
      vertex 90.9192 10.9192 9
    endloop
  endfacet
  facet normal 0 0 1
    outer loop
      vertex 90.8247 11.0049 9
      vertex 90.8247 8.99509 9
      vertex 90.9192 9.08076 9
    endloop
  endfacet
  facet normal 0 0 1
    outer loop
      vertex 90.7222 11.0809 9
      vertex 90.8247 8.99509 9
      vertex 90.8247 11.0049 9
    endloop
  endfacet
  facet normal 0 0 1
    outer loop
      vertex 90.7222 11.0809 9
      vertex 90.7222 8.91909 9
      vertex 90.8247 8.99509 9
    endloop
  endfacet
  facet normal 0 0 1
    outer loop
      vertex 90.6128 11.1465 9
      vertex 90.7222 8.91909 9
      vertex 90.7222 11.0809 9
    endloop
  endfacet
  facet normal 0 0 1
    outer loop
      vertex 90.6128 11.1465 9
      vertex 90.6128 8.8535 9
      vertex 90.7222 8.91909 9
    endloop
  endfacet
  facet normal 0 0 1
    outer loop
      vertex 90.4975 11.201 9
      vertex 90.6128 8.8535 9
      vertex 90.6128 11.1465 9
    endloop
  endfacet
  facet normal 0 0 1
    outer loop
      vertex 90.4975 11.201 9
      vertex 90.4975 8.79896 9
      vertex 90.6128 8.8535 9
    endloop
  endfacet
  facet normal 0 0 1
    outer loop
      vertex 90.3774 11.244 9
      vertex 90.4975 8.79896 9
      vertex 90.4975 11.201 9
    endloop
  endfacet
  facet normal 0 0 1
    outer loop
      vertex 90.3774 11.244 9
      vertex 90.3774 8.75598 9
      vertex 90.4975 8.79896 9
    endloop
  endfacet
  facet normal 0 0 1
    outer loop
      vertex 90.2536 11.275 9
      vertex 90.3774 8.75598 9
      vertex 90.3774 11.244 9
    endloop
  endfacet
  facet normal 0 0 1
    outer loop
      vertex 90.2536 11.275 9
      vertex 90.2536 8.72498 9
      vertex 90.3774 8.75598 9
    endloop
  endfacet
  facet normal 0 0 1
    outer loop
      vertex 90.1274 11.2937 9
      vertex 90.2536 8.72498 9
      vertex 90.2536 11.275 9
    endloop
  endfacet
  facet normal 0 0 1
    outer loop
      vertex 90.1274 11.2937 9
      vertex 90.1274 8.70626 9
      vertex 90.2536 8.72498 9
    endloop
  endfacet
  facet normal 0 0 1
    outer loop
      vertex 90 11.3 9
      vertex 90.1274 8.70626 9
      vertex 90.1274 11.2937 9
    endloop
  endfacet
  facet normal 0 0 1
    outer loop
      vertex 90 11.3 9
      vertex 90 8.7 9
      vertex 90.1274 8.70626 9
    endloop
  endfacet
  facet normal -0 0 1
    outer loop
      vertex 89.8726 11.2937 9
      vertex 90 8.7 9
      vertex 90 11.3 9
    endloop
  endfacet
  facet normal 0 0 1
    outer loop
      vertex 89.8726 11.2937 9
      vertex 89.8726 8.70626 9
      vertex 90 8.7 9
    endloop
  endfacet
  facet normal -0 0 1
    outer loop
      vertex 89.7464 11.275 9
      vertex 89.8726 8.70626 9
      vertex 89.8726 11.2937 9
    endloop
  endfacet
  facet normal 0 0 1
    outer loop
      vertex 89.7464 11.275 9
      vertex 89.7464 8.72498 9
      vertex 89.8726 8.70626 9
    endloop
  endfacet
  facet normal -0 0 1
    outer loop
      vertex 89.6226 11.244 9
      vertex 89.7464 8.72498 9
      vertex 89.7464 11.275 9
    endloop
  endfacet
  facet normal 0 0 1
    outer loop
      vertex 89.6226 11.244 9
      vertex 89.6226 8.75598 9
      vertex 89.7464 8.72498 9
    endloop
  endfacet
  facet normal -0 0 1
    outer loop
      vertex 89.5025 11.201 9
      vertex 89.6226 8.75598 9
      vertex 89.6226 11.244 9
    endloop
  endfacet
  facet normal 0 0 1
    outer loop
      vertex 89.5025 11.201 9
      vertex 89.5025 8.79896 9
      vertex 89.6226 8.75598 9
    endloop
  endfacet
  facet normal -0 0 1
    outer loop
      vertex 89.3872 11.1465 9
      vertex 89.5025 8.79896 9
      vertex 89.5025 11.201 9
    endloop
  endfacet
  facet normal 0 0 1
    outer loop
      vertex 89.3872 11.1465 9
      vertex 89.3872 8.8535 9
      vertex 89.5025 8.79896 9
    endloop
  endfacet
  facet normal -0 0 1
    outer loop
      vertex 89.2778 11.0809 9
      vertex 89.3872 8.8535 9
      vertex 89.3872 11.1465 9
    endloop
  endfacet
  facet normal 0 0 1
    outer loop
      vertex 89.2778 11.0809 9
      vertex 89.2778 8.91909 9
      vertex 89.3872 8.8535 9
    endloop
  endfacet
  facet normal -0 0 1
    outer loop
      vertex 89.1753 11.0049 9
      vertex 89.2778 8.91909 9
      vertex 89.2778 11.0809 9
    endloop
  endfacet
  facet normal 0 0 1
    outer loop
      vertex 89.1753 11.0049 9
      vertex 89.1753 8.99509 9
      vertex 89.2778 8.91909 9
    endloop
  endfacet
  facet normal -0 0 1
    outer loop
      vertex 89.0808 10.9192 9
      vertex 89.1753 8.99509 9
      vertex 89.1753 11.0049 9
    endloop
  endfacet
  facet normal 0 0 1
    outer loop
      vertex 89.0808 10.9192 9
      vertex 89.0808 9.08076 9
      vertex 89.1753 8.99509 9
    endloop
  endfacet
  facet normal -0 0 1
    outer loop
      vertex 88.9951 10.8247 9
      vertex 89.0808 9.08076 9
      vertex 89.0808 10.9192 9
    endloop
  endfacet
  facet normal 0 0 1
    outer loop
      vertex 88.9951 10.8247 9
      vertex 88.9951 9.17529 9
      vertex 89.0808 9.08076 9
    endloop
  endfacet
  facet normal -0 0 1
    outer loop
      vertex 88.9191 10.7222 9
      vertex 88.9951 9.17529 9
      vertex 88.9951 10.8247 9
    endloop
  endfacet
  facet normal 0 0 1
    outer loop
      vertex 88.9191 10.7222 9
      vertex 88.9191 9.27776 9
      vertex 88.9951 9.17529 9
    endloop
  endfacet
  facet normal -0 0 1
    outer loop
      vertex 88.8535 10.6128 9
      vertex 88.9191 9.27776 9
      vertex 88.9191 10.7222 9
    endloop
  endfacet
  facet normal 0 0 1
    outer loop
      vertex 88.8535 10.6128 9
      vertex 88.8535 9.38718 9
      vertex 88.9191 9.27776 9
    endloop
  endfacet
  facet normal -0 0 1
    outer loop
      vertex 88.799 10.4975 9
      vertex 88.8535 9.38718 9
      vertex 88.8535 10.6128 9
    endloop
  endfacet
  facet normal 0 0 1
    outer loop
      vertex 88.799 10.4975 9
      vertex 88.799 9.50251 9
      vertex 88.8535 9.38718 9
    endloop
  endfacet
  facet normal -0 0 1
    outer loop
      vertex 88.756 10.3774 9
      vertex 88.799 9.50251 9
      vertex 88.799 10.4975 9
    endloop
  endfacet
  facet normal 0 0 1
    outer loop
      vertex 88.756 10.3774 9
      vertex 88.756 9.62263 9
      vertex 88.799 9.50251 9
    endloop
  endfacet
  facet normal -0 0 1
    outer loop
      vertex 88.725 10.2536 9
      vertex 88.756 9.62263 9
      vertex 88.756 10.3774 9
    endloop
  endfacet
  facet normal 0 0 1
    outer loop
      vertex 88.725 10.2536 9
      vertex 88.725 9.74638 9
      vertex 88.756 9.62263 9
    endloop
  endfacet
  facet normal -0 0 1
    outer loop
      vertex 88.7063 10.1274 9
      vertex 88.725 9.74638 9
      vertex 88.725 10.2536 9
    endloop
  endfacet
  facet normal 0 0 1
    outer loop
      vertex 88.7063 10.1274 9
      vertex 88.7063 9.87258 9
      vertex 88.725 9.74638 9
    endloop
  endfacet
  facet normal 0 -0 1
    outer loop
      vertex 88.7063 9.87258 9
      vertex 88.7063 10.1274 9
      vertex 88.7 10 9
    endloop
  endfacet
  facet normal 0.97005 -0.242904 0
    outer loop
      vertex 88.725 10.2536 45
      vertex 88.756 10.3774 9
      vertex 88.756 10.3774 45
    endloop
  endfacet
  facet normal 0.97005 -0.242904 0
    outer loop
      vertex 88.756 10.3774 9
      vertex 88.725 10.2536 45
      vertex 88.725 10.2536 9
    endloop
  endfacet
  facet normal -0.242904 0.97005 0
    outer loop
      vertex 90.3774 8.75598 9
      vertex 90.2536 8.72498 45
      vertex 90.3774 8.75598 45
    endloop
  endfacet
  facet normal -0.242904 0.97005 0
    outer loop
      vertex 90.2536 8.72498 45
      vertex 90.3774 8.75598 9
      vertex 90.2536 8.72498 9
    endloop
  endfacet
  facet normal -0.595602 0.803279 0
    outer loop
      vertex 90.8247 8.99509 9
      vertex 90.7222 8.91909 45
      vertex 90.8247 8.99509 45
    endloop
  endfacet
  facet normal -0.595602 0.803279 0
    outer loop
      vertex 90.7222 8.91909 45
      vertex 90.8247 8.99509 9
      vertex 90.7222 8.91909 9
    endloop
  endfacet
  facet normal 0.146577 -0.989199 0
    outer loop
      vertex 89.7464 11.275 9
      vertex 89.8726 11.2937 45
      vertex 89.7464 11.275 45
    endloop
  endfacet
  facet normal 0.146577 -0.989199 0
    outer loop
      vertex 89.8726 11.2937 45
      vertex 89.7464 11.275 9
      vertex 89.8726 11.2937 9
    endloop
  endfacet
  facet normal -0.740755 -0.671775 0
    outer loop
      vertex 91.0049 10.8247 9
      vertex 90.9192 10.9192 45
      vertex 90.9192 10.9192 9
    endloop
  endfacet
  facet normal -0.740755 -0.671775 0
    outer loop
      vertex 90.9192 10.9192 45
      vertex 91.0049 10.8247 9
      vertex 91.0049 10.8247 45
    endloop
  endfacet
  facet normal 0.427345 -0.904089 0
    outer loop
      vertex 89.3872 11.1465 9
      vertex 89.5025 11.201 45
      vertex 89.3872 11.1465 45
    endloop
  endfacet
  facet normal 0.427345 -0.904089 0
    outer loop
      vertex 89.5025 11.201 45
      vertex 89.3872 11.1465 9
      vertex 89.5025 11.201 9
    endloop
  endfacet
  facet normal -0.941493 0.337031 0
    outer loop
      vertex 91.201 9.50251 9
      vertex 91.244 9.62263 45
      vertex 91.244 9.62263 9
    endloop
  endfacet
  facet normal -0.941493 0.337031 0
    outer loop
      vertex 91.244 9.62263 45
      vertex 91.201 9.50251 9
      vertex 91.201 9.50251 45
    endloop
  endfacet
  facet normal 0.242904 0.97005 -0
    outer loop
      vertex 89.7464 8.72498 9
      vertex 89.6226 8.75598 45
      vertex 89.7464 8.72498 45
    endloop
  endfacet
  facet normal 0.242904 0.97005 0
    outer loop
      vertex 89.6226 8.75598 45
      vertex 89.7464 8.72498 9
      vertex 89.6226 8.75598 9
    endloop
  endfacet
  facet normal -0.857631 -0.514265 0
    outer loop
      vertex 91.1465 10.6128 9
      vertex 91.0809 10.7222 45
      vertex 91.0809 10.7222 9
    endloop
  endfacet
  facet normal -0.857631 -0.514265 0
    outer loop
      vertex 91.0809 10.7222 45
      vertex 91.1465 10.6128 9
      vertex 91.1465 10.6128 45
    endloop
  endfacet
  facet normal 0.14673 0.989177 -0
    outer loop
      vertex 89.8726 8.70626 9
      vertex 89.7464 8.72498 45
      vertex 89.8726 8.70626 45
    endloop
  endfacet
  facet normal 0.14673 0.989177 0
    outer loop
      vertex 89.7464 8.72498 45
      vertex 89.8726 8.70626 9
      vertex 89.7464 8.72498 9
    endloop
  endfacet
  facet normal 0.0493902 -0.99878 0
    outer loop
      vertex 89.8726 11.2937 9
      vertex 90 11.3 45
      vertex 89.8726 11.2937 45
    endloop
  endfacet
  facet normal 0.0493902 -0.99878 0
    outer loop
      vertex 90 11.3 45
      vertex 89.8726 11.2937 9
      vertex 90 11.3 9
    endloop
  endfacet
  facet normal 0.514265 -0.857631 0
    outer loop
      vertex 89.2778 11.0809 9
      vertex 89.3872 11.1465 45
      vertex 89.2778 11.0809 45
    endloop
  endfacet
  facet normal 0.514265 -0.857631 0
    outer loop
      vertex 89.3872 11.1465 45
      vertex 89.2778 11.0809 9
      vertex 89.3872 11.1465 9
    endloop
  endfacet
  facet normal 0.941493 0.337031 0
    outer loop
      vertex 88.799 9.50251 45
      vertex 88.756 9.62263 9
      vertex 88.756 9.62263 45
    endloop
  endfacet
  facet normal 0.941493 0.337031 0
    outer loop
      vertex 88.756 9.62263 9
      vertex 88.799 9.50251 45
      vertex 88.799 9.50251 9
    endloop
  endfacet
  facet normal 0.740755 -0.671775 0
    outer loop
      vertex 88.9951 10.8247 45
      vertex 89.0808 10.9192 9
      vertex 89.0808 10.9192 45
    endloop
  endfacet
  facet normal 0.740755 -0.671775 0
    outer loop
      vertex 89.0808 10.9192 9
      vertex 88.9951 10.8247 45
      vertex 88.9951 10.8247 9
    endloop
  endfacet
  facet normal 0.336942 0.941525 -0
    outer loop
      vertex 89.6226 8.75598 9
      vertex 89.5025 8.79896 45
      vertex 89.6226 8.75598 45
    endloop
  endfacet
  facet normal 0.336942 0.941525 0
    outer loop
      vertex 89.5025 8.79896 45
      vertex 89.6226 8.75598 9
      vertex 89.5025 8.79896 9
    endloop
  endfacet
  facet normal 0.427601 0.903968 -0
    outer loop
      vertex 89.5025 8.79896 9
      vertex 89.3872 8.8535 45
      vertex 89.5025 8.79896 45
    endloop
  endfacet
  facet normal 0.427601 0.903968 0
    outer loop
      vertex 89.3872 8.8535 45
      vertex 89.5025 8.79896 9
      vertex 89.3872 8.8535 9
    endloop
  endfacet
  facet normal -0.242904 -0.97005 0
    outer loop
      vertex 90.2536 11.275 9
      vertex 90.3774 11.244 45
      vertex 90.2536 11.275 45
    endloop
  endfacet
  facet normal -0.242904 -0.97005 -0
    outer loop
      vertex 90.3774 11.244 45
      vertex 90.2536 11.275 9
      vertex 90.3774 11.244 9
    endloop
  endfacet
  facet normal -0.146577 -0.989199 0
    outer loop
      vertex 90.1274 11.2937 9
      vertex 90.2536 11.275 45
      vertex 90.1274 11.2937 45
    endloop
  endfacet
  facet normal -0.146577 -0.989199 -0
    outer loop
      vertex 90.2536 11.275 45
      vertex 90.1274 11.2937 9
      vertex 90.2536 11.275 9
    endloop
  endfacet
  facet normal -0.671646 0.740872 0
    outer loop
      vertex 90.9192 9.08076 9
      vertex 90.8247 8.99509 45
      vertex 90.9192 9.08076 45
    endloop
  endfacet
  facet normal -0.671646 0.740872 0
    outer loop
      vertex 90.8247 8.99509 45
      vertex 90.9192 9.08076 9
      vertex 90.8247 8.99509 9
    endloop
  endfacet
  facet normal 0.514208 0.857666 -0
    outer loop
      vertex 89.3872 8.8535 9
      vertex 89.2778 8.91909 45
      vertex 89.3872 8.8535 45
    endloop
  endfacet
  facet normal 0.514208 0.857666 0
    outer loop
      vertex 89.2778 8.91909 45
      vertex 89.3872 8.8535 9
      vertex 89.2778 8.91909 9
    endloop
  endfacet
  facet normal 0.740861 0.671658 0
    outer loop
      vertex 89.0808 9.08076 45
      vertex 88.9951 9.17529 9
      vertex 88.9951 9.17529 45
    endloop
  endfacet
  facet normal 0.740861 0.671658 0
    outer loop
      vertex 88.9951 9.17529 9
      vertex 89.0808 9.08076 45
      vertex 89.0808 9.08076 9
    endloop
  endfacet
  facet normal 0.595602 0.803279 -0
    outer loop
      vertex 89.2778 8.91909 9
      vertex 89.1753 8.99509 45
      vertex 89.2778 8.91909 45
    endloop
  endfacet
  facet normal 0.595602 0.803279 0
    outer loop
      vertex 89.1753 8.99509 45
      vertex 89.2778 8.91909 9
      vertex 89.1753 8.99509 9
    endloop
  endfacet
  facet normal 0.989199 0.146577 0
    outer loop
      vertex 88.725 9.74638 45
      vertex 88.7063 9.87258 9
      vertex 88.7063 9.87258 45
    endloop
  endfacet
  facet normal 0.989199 0.146577 0
    outer loop
      vertex 88.7063 9.87258 9
      vertex 88.725 9.74638 45
      vertex 88.725 9.74638 9
    endloop
  endfacet
  facet normal -0.740861 0.671658 0
    outer loop
      vertex 90.9192 9.08076 9
      vertex 91.0049 9.17529 45
      vertex 91.0049 9.17529 9
    endloop
  endfacet
  facet normal -0.740861 0.671658 0
    outer loop
      vertex 91.0049 9.17529 45
      vertex 90.9192 9.08076 9
      vertex 90.9192 9.08076 45
    endloop
  endfacet
  facet normal 0.803196 0.595715 0
    outer loop
      vertex 88.9951 9.17529 45
      vertex 88.9191 9.27776 9
      vertex 88.9191 9.27776 45
    endloop
  endfacet
  facet normal 0.803196 0.595715 0
    outer loop
      vertex 88.9191 9.27776 9
      vertex 88.9951 9.17529 45
      vertex 88.9951 9.17529 9
    endloop
  endfacet
  facet normal 0.99878 -0.0493902 0
    outer loop
      vertex 88.7 10 45
      vertex 88.7063 10.1274 9
      vertex 88.7063 10.1274 45
    endloop
  endfacet
  facet normal 0.99878 -0.0493902 0
    outer loop
      vertex 88.7063 10.1274 9
      vertex 88.7 10 45
      vertex 88.7 10 9
    endloop
  endfacet
  facet normal 0.99878 0.0493825 0
    outer loop
      vertex 88.7063 9.87258 45
      vertex 88.7 10 9
      vertex 88.7 10 45
    endloop
  endfacet
  facet normal 0.99878 0.0493825 0
    outer loop
      vertex 88.7 10 9
      vertex 88.7063 9.87258 45
      vertex 88.7063 9.87258 9
    endloop
  endfacet
  facet normal -0.989199 -0.146577 0
    outer loop
      vertex 11.2937 50.1274 9
      vertex 11.275 50.2536 45
      vertex 11.275 50.2536 9
    endloop
  endfacet
  facet normal -0.989199 -0.146577 0
    outer loop
      vertex 11.275 50.2536 45
      vertex 11.2937 50.1274 9
      vertex 11.2937 50.1274 45
    endloop
  endfacet
  facet normal -0.99878 -0.0493902 0
    outer loop
      vertex 11.3 50 9
      vertex 11.2937 50.1274 45
      vertex 11.2937 50.1274 9
    endloop
  endfacet
  facet normal -0.99878 -0.0493902 0
    outer loop
      vertex 11.2937 50.1274 45
      vertex 11.3 50 9
      vertex 11.3 50 45
    endloop
  endfacet
  facet normal -0.97005 -0.242904 0
    outer loop
      vertex 11.275 50.2536 9
      vertex 11.244 50.3774 45
      vertex 11.244 50.3774 9
    endloop
  endfacet
  facet normal -0.97005 -0.242904 0
    outer loop
      vertex 11.244 50.3774 45
      vertex 11.275 50.2536 9
      vertex 11.275 50.2536 45
    endloop
  endfacet
  facet normal 0.803279 -0.595602 0
    outer loop
      vertex 8.91909 50.7222 45
      vertex 8.99509 50.8247 9
      vertex 8.99509 50.8247 45
    endloop
  endfacet
  facet normal 0.803279 -0.595602 0
    outer loop
      vertex 8.99509 50.8247 9
      vertex 8.91909 50.7222 45
      vertex 8.91909 50.7222 9
    endloop
  endfacet
  facet normal -0.337081 0.941476 0
    outer loop
      vertex 10.4975 48.799 9
      vertex 10.3774 48.756 45
      vertex 10.4975 48.799 45
    endloop
  endfacet
  facet normal -0.337081 0.941476 0
    outer loop
      vertex 10.3774 48.756 45
      vertex 10.4975 48.799 9
      vertex 10.3774 48.756 9
    endloop
  endfacet
  facet normal -0.857631 0.514265 0
    outer loop
      vertex 11.0809 49.2778 9
      vertex 11.1465 49.3872 45
      vertex 11.1465 49.3872 9
    endloop
  endfacet
  facet normal -0.857631 0.514265 0
    outer loop
      vertex 11.1465 49.3872 45
      vertex 11.0809 49.2778 9
      vertex 11.0809 49.2778 45
    endloop
  endfacet
  facet normal 0.0493825 0.99878 -0
    outer loop
      vertex 10 48.7 9
      vertex 9.87258 48.7063 45
      vertex 10 48.7 45
    endloop
  endfacet
  facet normal 0.0493825 0.99878 0
    outer loop
      vertex 9.87258 48.7063 45
      vertex 10 48.7 9
      vertex 9.87258 48.7063 9
    endloop
  endfacet
  facet normal 0.989177 -0.14673 0
    outer loop
      vertex 8.70626 50.1274 45
      vertex 8.72498 50.2536 9
      vertex 8.72498 50.2536 45
    endloop
  endfacet
  facet normal 0.989177 -0.14673 0
    outer loop
      vertex 8.72498 50.2536 9
      vertex 8.70626 50.1274 45
      vertex 8.70626 50.1274 9
    endloop
  endfacet
  facet normal 0.903968 0.427601 0
    outer loop
      vertex 8.8535 49.3872 45
      vertex 8.79896 49.5025 9
      vertex 8.79896 49.5025 45
    endloop
  endfacet
  facet normal 0.903968 0.427601 0
    outer loop
      vertex 8.79896 49.5025 9
      vertex 8.8535 49.3872 45
      vertex 8.8535 49.3872 9
    endloop
  endfacet
  facet normal 0.242997 -0.970027 0
    outer loop
      vertex 9.62263 51.244 9
      vertex 9.74638 51.275 45
      vertex 9.62263 51.244 45
    endloop
  endfacet
  facet normal 0.242997 -0.970027 0
    outer loop
      vertex 9.74638 51.275 45
      vertex 9.62263 51.244 9
      vertex 9.74638 51.275 9
    endloop
  endfacet
  facet normal -0.146577 0.989199 0
    outer loop
      vertex 10.2536 48.725 9
      vertex 10.1274 48.7063 45
      vertex 10.2536 48.725 45
    endloop
  endfacet
  facet normal -0.146577 0.989199 0
    outer loop
      vertex 10.1274 48.7063 45
      vertex 10.2536 48.725 9
      vertex 10.1274 48.7063 9
    endloop
  endfacet
  facet normal 0.595715 -0.803196 0
    outer loop
      vertex 9.17529 51.0049 9
      vertex 9.27776 51.0809 45
      vertex 9.17529 51.0049 45
    endloop
  endfacet
  facet normal 0.595715 -0.803196 0
    outer loop
      vertex 9.27776 51.0809 45
      vertex 9.17529 51.0049 9
      vertex 9.27776 51.0809 9
    endloop
  endfacet
  facet normal -0.595602 -0.803279 0
    outer loop
      vertex 10.7222 51.0809 9
      vertex 10.8247 51.0049 45
      vertex 10.7222 51.0809 45
    endloop
  endfacet
  facet normal -0.595602 -0.803279 -0
    outer loop
      vertex 10.8247 51.0049 45
      vertex 10.7222 51.0809 9
      vertex 10.8247 51.0049 9
    endloop
  endfacet
  facet normal -0.514265 -0.857631 0
    outer loop
      vertex 10.6128 51.1465 9
      vertex 10.7222 51.0809 45
      vertex 10.6128 51.1465 45
    endloop
  endfacet
  facet normal -0.514265 -0.857631 -0
    outer loop
      vertex 10.7222 51.0809 45
      vertex 10.6128 51.1465 9
      vertex 10.7222 51.0809 9
    endloop
  endfacet
  facet normal -0.904089 0.427345 0
    outer loop
      vertex 11.1465 49.3872 9
      vertex 11.201 49.5025 45
      vertex 11.201 49.5025 9
    endloop
  endfacet
  facet normal -0.904089 0.427345 0
    outer loop
      vertex 11.201 49.5025 45
      vertex 11.1465 49.3872 9
      vertex 11.1465 49.3872 45
    endloop
  endfacet
  facet normal 0.97005 0.242904 0
    outer loop
      vertex 8.75598 49.6226 45
      vertex 8.72498 49.7464 9
      vertex 8.72498 49.7464 45
    endloop
  endfacet
  facet normal 0.97005 0.242904 0
    outer loop
      vertex 8.72498 49.7464 9
      vertex 8.75598 49.6226 45
      vertex 8.75598 49.6226 9
    endloop
  endfacet
  facet normal 0.857666 0.514208 0
    outer loop
      vertex 8.91909 49.2778 45
      vertex 8.8535 49.3872 9
      vertex 8.8535 49.3872 45
    endloop
  endfacet
  facet normal 0.857666 0.514208 0
    outer loop
      vertex 8.8535 49.3872 9
      vertex 8.91909 49.2778 45
      vertex 8.91909 49.2778 9
    endloop
  endfacet
  facet normal -0.0493902 0.99878 0
    outer loop
      vertex 10.1274 48.7063 9
      vertex 10 48.7 45
      vertex 10.1274 48.7063 45
    endloop
  endfacet
  facet normal -0.0493902 0.99878 0
    outer loop
      vertex 10 48.7 45
      vertex 10.1274 48.7063 9
      vertex 10 48.7 9
    endloop
  endfacet
  facet normal 0.337031 -0.941493 0
    outer loop
      vertex 9.50251 51.201 9
      vertex 9.62263 51.244 45
      vertex 9.50251 51.201 45
    endloop
  endfacet
  facet normal 0.337031 -0.941493 0
    outer loop
      vertex 9.62263 51.244 45
      vertex 9.50251 51.201 9
      vertex 9.62263 51.244 9
    endloop
  endfacet
  facet normal 0.941525 -0.336942 0
    outer loop
      vertex 8.75598 50.3774 45
      vertex 8.79896 50.4975 9
      vertex 8.79896 50.4975 45
    endloop
  endfacet
  facet normal 0.941525 -0.336942 0
    outer loop
      vertex 8.79896 50.4975 9
      vertex 8.75598 50.3774 45
      vertex 8.75598 50.3774 9
    endloop
  endfacet
  facet normal -0.803279 -0.595602 0
    outer loop
      vertex 11.0809 50.7222 9
      vertex 11.0049 50.8247 45
      vertex 11.0049 50.8247 9
    endloop
  endfacet
  facet normal -0.803279 -0.595602 0
    outer loop
      vertex 11.0049 50.8247 45
      vertex 11.0809 50.7222 9
      vertex 11.0809 50.7222 45
    endloop
  endfacet
  facet normal -0.427345 0.904089 0
    outer loop
      vertex 10.6128 48.8535 9
      vertex 10.4975 48.799 45
      vertex 10.6128 48.8535 45
    endloop
  endfacet
  facet normal -0.427345 0.904089 0
    outer loop
      vertex 10.4975 48.799 45
      vertex 10.6128 48.8535 9
      vertex 10.4975 48.799 9
    endloop
  endfacet
  facet normal -0.514265 0.857631 0
    outer loop
      vertex 10.7222 48.9191 9
      vertex 10.6128 48.8535 45
      vertex 10.7222 48.9191 45
    endloop
  endfacet
  facet normal -0.514265 0.857631 0
    outer loop
      vertex 10.6128 48.8535 45
      vertex 10.7222 48.9191 9
      vertex 10.6128 48.8535 9
    endloop
  endfacet
  facet normal -0.337081 -0.941476 0
    outer loop
      vertex 10.3774 51.244 9
      vertex 10.4975 51.201 45
      vertex 10.3774 51.244 45
    endloop
  endfacet
  facet normal -0.337081 -0.941476 -0
    outer loop
      vertex 10.4975 51.201 45
      vertex 10.3774 51.244 9
      vertex 10.4975 51.201 9
    endloop
  endfacet
  facet normal -0.97005 0.242904 0
    outer loop
      vertex 11.244 49.6226 9
      vertex 11.275 49.7464 45
      vertex 11.275 49.7464 9
    endloop
  endfacet
  facet normal -0.97005 0.242904 0
    outer loop
      vertex 11.275 49.7464 45
      vertex 11.244 49.6226 9
      vertex 11.244 49.6226 45
    endloop
  endfacet
  facet normal -0.803279 0.595602 0
    outer loop
      vertex 11.0049 49.1753 9
      vertex 11.0809 49.2778 45
      vertex 11.0809 49.2778 9
    endloop
  endfacet
  facet normal -0.803279 0.595602 0
    outer loop
      vertex 11.0809 49.2778 45
      vertex 11.0049 49.1753 9
      vertex 11.0049 49.1753 45
    endloop
  endfacet
  facet normal 0.903968 -0.427601 0
    outer loop
      vertex 8.79896 50.4975 45
      vertex 8.8535 50.6128 9
      vertex 8.8535 50.6128 45
    endloop
  endfacet
  facet normal 0.903968 -0.427601 0
    outer loop
      vertex 8.8535 50.6128 9
      vertex 8.79896 50.4975 45
      vertex 8.79896 50.4975 9
    endloop
  endfacet
  facet normal -0.671775 -0.740755 0
    outer loop
      vertex 10.8247 51.0049 9
      vertex 10.9192 50.9192 45
      vertex 10.8247 51.0049 45
    endloop
  endfacet
  facet normal -0.671775 -0.740755 -0
    outer loop
      vertex 10.9192 50.9192 45
      vertex 10.8247 51.0049 9
      vertex 10.9192 50.9192 9
    endloop
  endfacet
  facet normal 0.671658 -0.740861 0
    outer loop
      vertex 9.08076 50.9192 9
      vertex 9.17529 51.0049 45
      vertex 9.08076 50.9192 45
    endloop
  endfacet
  facet normal 0.671658 -0.740861 0
    outer loop
      vertex 9.17529 51.0049 45
      vertex 9.08076 50.9192 9
      vertex 9.17529 51.0049 9
    endloop
  endfacet
  facet normal -0.427345 -0.904089 0
    outer loop
      vertex 10.4975 51.201 9
      vertex 10.6128 51.1465 45
      vertex 10.4975 51.201 45
    endloop
  endfacet
  facet normal -0.427345 -0.904089 -0
    outer loop
      vertex 10.6128 51.1465 45
      vertex 10.4975 51.201 9
      vertex 10.6128 51.1465 9
    endloop
  endfacet
  facet normal -0.941476 -0.337081 0
    outer loop
      vertex 11.244 50.3774 9
      vertex 11.201 50.4975 45
      vertex 11.201 50.4975 9
    endloop
  endfacet
  facet normal -0.941476 -0.337081 0
    outer loop
      vertex 11.201 50.4975 45
      vertex 11.244 50.3774 9
      vertex 11.244 50.3774 45
    endloop
  endfacet
  facet normal -0.0493902 -0.99878 0
    outer loop
      vertex 10 51.3 9
      vertex 10.1274 51.2937 45
      vertex 10 51.3 45
    endloop
  endfacet
  facet normal -0.0493902 -0.99878 -0
    outer loop
      vertex 10.1274 51.2937 45
      vertex 10 51.3 9
      vertex 10.1274 51.2937 9
    endloop
  endfacet
  facet normal 0.857666 -0.514208 0
    outer loop
      vertex 8.8535 50.6128 45
      vertex 8.91909 50.7222 9
      vertex 8.91909 50.7222 45
    endloop
  endfacet
  facet normal 0.857666 -0.514208 0
    outer loop
      vertex 8.91909 50.7222 9
      vertex 8.8535 50.6128 45
      vertex 8.8535 50.6128 9
    endloop
  endfacet
  facet normal -0.989199 0.146577 0
    outer loop
      vertex 11.275 49.7464 9
      vertex 11.2937 49.8726 45
      vertex 11.2937 49.8726 9
    endloop
  endfacet
  facet normal -0.989199 0.146577 0
    outer loop
      vertex 11.2937 49.8726 45
      vertex 11.275 49.7464 9
      vertex 11.275 49.7464 45
    endloop
  endfacet
  facet normal -0.99878 0.0493902 0
    outer loop
      vertex 11.2937 49.8726 9
      vertex 11.3 50 45
      vertex 11.3 50 9
    endloop
  endfacet
  facet normal -0.99878 0.0493902 0
    outer loop
      vertex 11.3 50 45
      vertex 11.2937 49.8726 9
      vertex 11.2937 49.8726 45
    endloop
  endfacet
  facet normal 0.671658 0.740861 -0
    outer loop
      vertex 9.17529 48.9951 9
      vertex 9.08076 49.0808 45
      vertex 9.17529 48.9951 45
    endloop
  endfacet
  facet normal 0.671658 0.740861 0
    outer loop
      vertex 9.08076 49.0808 45
      vertex 9.17529 48.9951 9
      vertex 9.08076 49.0808 9
    endloop
  endfacet
  facet normal -0.904089 -0.427345 0
    outer loop
      vertex 11.201 50.4975 9
      vertex 11.1465 50.6128 45
      vertex 11.1465 50.6128 9
    endloop
  endfacet
  facet normal -0.904089 -0.427345 0
    outer loop
      vertex 11.1465 50.6128 45
      vertex 11.201 50.4975 9
      vertex 11.201 50.4975 45
    endloop
  endfacet
  facet normal 0.97005 -0.242904 0
    outer loop
      vertex 8.72498 50.2536 45
      vertex 8.75598 50.3774 9
      vertex 8.75598 50.3774 45
    endloop
  endfacet
  facet normal 0.97005 -0.242904 0
    outer loop
      vertex 8.75598 50.3774 9
      vertex 8.72498 50.2536 45
      vertex 8.72498 50.2536 9
    endloop
  endfacet
  facet normal -0.242904 0.97005 0
    outer loop
      vertex 10.3774 48.756 9
      vertex 10.2536 48.725 45
      vertex 10.3774 48.756 45
    endloop
  endfacet
  facet normal -0.242904 0.97005 0
    outer loop
      vertex 10.2536 48.725 45
      vertex 10.3774 48.756 9
      vertex 10.2536 48.725 9
    endloop
  endfacet
  facet normal 0.146577 -0.989199 0
    outer loop
      vertex 9.74638 51.275 9
      vertex 9.87258 51.2937 45
      vertex 9.74638 51.275 45
    endloop
  endfacet
  facet normal 0.146577 -0.989199 0
    outer loop
      vertex 9.87258 51.2937 45
      vertex 9.74638 51.275 9
      vertex 9.87258 51.2937 9
    endloop
  endfacet
  facet normal -0.740755 -0.671775 0
    outer loop
      vertex 11.0049 50.8247 9
      vertex 10.9192 50.9192 45
      vertex 10.9192 50.9192 9
    endloop
  endfacet
  facet normal -0.740755 -0.671775 0
    outer loop
      vertex 10.9192 50.9192 45
      vertex 11.0049 50.8247 9
      vertex 11.0049 50.8247 45
    endloop
  endfacet
  facet normal 0.427254 -0.904132 0
    outer loop
      vertex 9.38718 51.1465 9
      vertex 9.50251 51.201 45
      vertex 9.38718 51.1465 45
    endloop
  endfacet
  facet normal 0.427254 -0.904132 0
    outer loop
      vertex 9.50251 51.201 45
      vertex 9.38718 51.1465 9
      vertex 9.50251 51.201 9
    endloop
  endfacet
  facet normal -0.941476 0.337081 0
    outer loop
      vertex 11.201 49.5025 9
      vertex 11.244 49.6226 45
      vertex 11.244 49.6226 9
    endloop
  endfacet
  facet normal -0.941476 0.337081 0
    outer loop
      vertex 11.244 49.6226 45
      vertex 11.201 49.5025 9
      vertex 11.201 49.5025 45
    endloop
  endfacet
  facet normal 0.242997 0.970027 -0
    outer loop
      vertex 9.74638 48.725 9
      vertex 9.62263 48.756 45
      vertex 9.74638 48.725 45
    endloop
  endfacet
  facet normal 0.242997 0.970027 0
    outer loop
      vertex 9.62263 48.756 45
      vertex 9.74638 48.725 9
      vertex 9.62263 48.756 9
    endloop
  endfacet
  facet normal -0.857631 -0.514265 0
    outer loop
      vertex 11.1465 50.6128 9
      vertex 11.0809 50.7222 45
      vertex 11.0809 50.7222 9
    endloop
  endfacet
  facet normal -0.857631 -0.514265 0
    outer loop
      vertex 11.0809 50.7222 45
      vertex 11.1465 50.6128 9
      vertex 11.1465 50.6128 45
    endloop
  endfacet
  facet normal 0.146577 0.989199 -0
    outer loop
      vertex 9.87258 48.7063 9
      vertex 9.74638 48.725 45
      vertex 9.87258 48.7063 45
    endloop
  endfacet
  facet normal 0.146577 0.989199 0
    outer loop
      vertex 9.74638 48.725 45
      vertex 9.87258 48.7063 9
      vertex 9.74638 48.725 9
    endloop
  endfacet
  facet normal 0.0493825 -0.99878 0
    outer loop
      vertex 9.87258 51.2937 9
      vertex 10 51.3 45
      vertex 9.87258 51.2937 45
    endloop
  endfacet
  facet normal 0.0493825 -0.99878 0
    outer loop
      vertex 10 51.3 45
      vertex 9.87258 51.2937 9
      vertex 10 51.3 9
    endloop
  endfacet
  facet normal 0.514196 -0.857673 0
    outer loop
      vertex 9.27776 51.0809 9
      vertex 9.38718 51.1465 45
      vertex 9.27776 51.0809 45
    endloop
  endfacet
  facet normal 0.514196 -0.857673 0
    outer loop
      vertex 9.38718 51.1465 45
      vertex 9.27776 51.0809 9
      vertex 9.38718 51.1465 9
    endloop
  endfacet
  facet normal 0.941525 0.336942 0
    outer loop
      vertex 8.79896 49.5025 45
      vertex 8.75598 49.6226 9
      vertex 8.75598 49.6226 45
    endloop
  endfacet
  facet normal 0.941525 0.336942 0
    outer loop
      vertex 8.75598 49.6226 9
      vertex 8.79896 49.5025 45
      vertex 8.79896 49.5025 9
    endloop
  endfacet
  facet normal 0.740872 -0.671646 0
    outer loop
      vertex 8.99509 50.8247 45
      vertex 9.08076 50.9192 9
      vertex 9.08076 50.9192 45
    endloop
  endfacet
  facet normal 0.740872 -0.671646 0
    outer loop
      vertex 9.08076 50.9192 9
      vertex 8.99509 50.8247 45
      vertex 8.99509 50.8247 9
    endloop
  endfacet
  facet normal 0.337031 0.941493 -0
    outer loop
      vertex 9.62263 48.756 9
      vertex 9.50251 48.799 45
      vertex 9.62263 48.756 45
    endloop
  endfacet
  facet normal 0.337031 0.941493 0
    outer loop
      vertex 9.50251 48.799 45
      vertex 9.62263 48.756 9
      vertex 9.50251 48.799 9
    endloop
  endfacet
  facet normal 0.427254 0.904132 -0
    outer loop
      vertex 9.50251 48.799 9
      vertex 9.38718 48.8535 45
      vertex 9.50251 48.799 45
    endloop
  endfacet
  facet normal 0.427254 0.904132 0
    outer loop
      vertex 9.38718 48.8535 45
      vertex 9.50251 48.799 9
      vertex 9.38718 48.8535 9
    endloop
  endfacet
  facet normal -0.242904 -0.97005 0
    outer loop
      vertex 10.2536 51.275 9
      vertex 10.3774 51.244 45
      vertex 10.2536 51.275 45
    endloop
  endfacet
  facet normal -0.242904 -0.97005 -0
    outer loop
      vertex 10.3774 51.244 45
      vertex 10.2536 51.275 9
      vertex 10.3774 51.244 9
    endloop
  endfacet
  facet normal -0.146577 -0.989199 0
    outer loop
      vertex 10.1274 51.2937 9
      vertex 10.2536 51.275 45
      vertex 10.1274 51.2937 45
    endloop
  endfacet
  facet normal -0.146577 -0.989199 -0
    outer loop
      vertex 10.2536 51.275 45
      vertex 10.1274 51.2937 9
      vertex 10.2536 51.275 9
    endloop
  endfacet
  facet normal -0.671775 0.740755 0
    outer loop
      vertex 10.9192 49.0808 9
      vertex 10.8247 48.9951 45
      vertex 10.9192 49.0808 45
    endloop
  endfacet
  facet normal -0.671775 0.740755 0
    outer loop
      vertex 10.8247 48.9951 45
      vertex 10.9192 49.0808 9
      vertex 10.8247 48.9951 9
    endloop
  endfacet
  facet normal 0.514196 0.857673 -0
    outer loop
      vertex 9.38718 48.8535 9
      vertex 9.27776 48.9191 45
      vertex 9.38718 48.8535 45
    endloop
  endfacet
  facet normal 0.514196 0.857673 0
    outer loop
      vertex 9.27776 48.9191 45
      vertex 9.38718 48.8535 9
      vertex 9.27776 48.9191 9
    endloop
  endfacet
  facet normal 0.740872 0.671646 0
    outer loop
      vertex 9.08076 49.0808 45
      vertex 8.99509 49.1753 9
      vertex 8.99509 49.1753 45
    endloop
  endfacet
  facet normal 0.740872 0.671646 0
    outer loop
      vertex 8.99509 49.1753 9
      vertex 9.08076 49.0808 45
      vertex 9.08076 49.0808 9
    endloop
  endfacet
  facet normal 0.595715 0.803196 -0
    outer loop
      vertex 9.27776 48.9191 9
      vertex 9.17529 48.9951 45
      vertex 9.27776 48.9191 45
    endloop
  endfacet
  facet normal 0.595715 0.803196 0
    outer loop
      vertex 9.17529 48.9951 45
      vertex 9.27776 48.9191 9
      vertex 9.17529 48.9951 9
    endloop
  endfacet
  facet normal 0.989177 0.14673 0
    outer loop
      vertex 8.72498 49.7464 45
      vertex 8.70626 49.8726 9
      vertex 8.70626 49.8726 45
    endloop
  endfacet
  facet normal 0.989177 0.14673 0
    outer loop
      vertex 8.70626 49.8726 9
      vertex 8.72498 49.7464 45
      vertex 8.72498 49.7464 9
    endloop
  endfacet
  facet normal -0.740755 0.671775 0
    outer loop
      vertex 10.9192 49.0808 9
      vertex 11.0049 49.1753 45
      vertex 11.0049 49.1753 9
    endloop
  endfacet
  facet normal -0.740755 0.671775 0
    outer loop
      vertex 11.0049 49.1753 45
      vertex 10.9192 49.0808 9
      vertex 10.9192 49.0808 45
    endloop
  endfacet
  facet normal -0.595602 0.803279 0
    outer loop
      vertex 10.8247 48.9951 9
      vertex 10.7222 48.9191 45
      vertex 10.8247 48.9951 45
    endloop
  endfacet
  facet normal -0.595602 0.803279 0
    outer loop
      vertex 10.7222 48.9191 45
      vertex 10.8247 48.9951 9
      vertex 10.7222 48.9191 9
    endloop
  endfacet
  facet normal 0.803279 0.595602 0
    outer loop
      vertex 8.99509 49.1753 45
      vertex 8.91909 49.2778 9
      vertex 8.91909 49.2778 45
    endloop
  endfacet
  facet normal 0.803279 0.595602 0
    outer loop
      vertex 8.91909 49.2778 9
      vertex 8.99509 49.1753 45
      vertex 8.99509 49.1753 9
    endloop
  endfacet
  facet normal 0.998795 -0.0490774 0
    outer loop
      vertex 8.7 50 45
      vertex 8.70626 50.1274 9
      vertex 8.70626 50.1274 45
    endloop
  endfacet
  facet normal 0.998795 -0.0490774 0
    outer loop
      vertex 8.70626 50.1274 9
      vertex 8.7 50 45
      vertex 8.7 50 9
    endloop
  endfacet
  facet normal 0.998795 0.0490774 0
    outer loop
      vertex 8.70626 49.8726 45
      vertex 8.7 50 9
      vertex 8.7 50 45
    endloop
  endfacet
  facet normal 0.998795 0.0490774 0
    outer loop
      vertex 8.7 50 9
      vertex 8.70626 49.8726 45
      vertex 8.70626 49.8726 9
    endloop
  endfacet
  facet normal 0 0 1
    outer loop
      vertex 11.2937 50.1274 9
      vertex 11.2937 49.8726 9
      vertex 11.3 50 9
    endloop
  endfacet
  facet normal 0 0 1
    outer loop
      vertex 11.275 50.2536 9
      vertex 11.2937 49.8726 9
      vertex 11.2937 50.1274 9
    endloop
  endfacet
  facet normal 0 0 1
    outer loop
      vertex 11.275 50.2536 9
      vertex 11.275 49.7464 9
      vertex 11.2937 49.8726 9
    endloop
  endfacet
  facet normal 0 0 1
    outer loop
      vertex 11.244 50.3774 9
      vertex 11.275 49.7464 9
      vertex 11.275 50.2536 9
    endloop
  endfacet
  facet normal 0 0 1
    outer loop
      vertex 11.244 50.3774 9
      vertex 11.244 49.6226 9
      vertex 11.275 49.7464 9
    endloop
  endfacet
  facet normal 0 0 1
    outer loop
      vertex 11.201 50.4975 9
      vertex 11.244 49.6226 9
      vertex 11.244 50.3774 9
    endloop
  endfacet
  facet normal 0 0 1
    outer loop
      vertex 11.201 50.4975 9
      vertex 11.201 49.5025 9
      vertex 11.244 49.6226 9
    endloop
  endfacet
  facet normal 0 0 1
    outer loop
      vertex 11.1465 50.6128 9
      vertex 11.201 49.5025 9
      vertex 11.201 50.4975 9
    endloop
  endfacet
  facet normal 0 0 1
    outer loop
      vertex 11.1465 50.6128 9
      vertex 11.1465 49.3872 9
      vertex 11.201 49.5025 9
    endloop
  endfacet
  facet normal 0 0 1
    outer loop
      vertex 11.0809 50.7222 9
      vertex 11.1465 49.3872 9
      vertex 11.1465 50.6128 9
    endloop
  endfacet
  facet normal 0 0 1
    outer loop
      vertex 11.0809 50.7222 9
      vertex 11.0809 49.2778 9
      vertex 11.1465 49.3872 9
    endloop
  endfacet
  facet normal 0 0 1
    outer loop
      vertex 11.0049 50.8247 9
      vertex 11.0809 49.2778 9
      vertex 11.0809 50.7222 9
    endloop
  endfacet
  facet normal 0 0 1
    outer loop
      vertex 11.0049 50.8247 9
      vertex 11.0049 49.1753 9
      vertex 11.0809 49.2778 9
    endloop
  endfacet
  facet normal 0 0 1
    outer loop
      vertex 10.9192 50.9192 9
      vertex 11.0049 49.1753 9
      vertex 11.0049 50.8247 9
    endloop
  endfacet
  facet normal 0 0 1
    outer loop
      vertex 10.9192 50.9192 9
      vertex 10.9192 49.0808 9
      vertex 11.0049 49.1753 9
    endloop
  endfacet
  facet normal 0 0 1
    outer loop
      vertex 10.8247 51.0049 9
      vertex 10.9192 49.0808 9
      vertex 10.9192 50.9192 9
    endloop
  endfacet
  facet normal 0 0 1
    outer loop
      vertex 10.8247 51.0049 9
      vertex 10.8247 48.9951 9
      vertex 10.9192 49.0808 9
    endloop
  endfacet
  facet normal 0 0 1
    outer loop
      vertex 10.7222 51.0809 9
      vertex 10.8247 48.9951 9
      vertex 10.8247 51.0049 9
    endloop
  endfacet
  facet normal 0 0 1
    outer loop
      vertex 10.7222 51.0809 9
      vertex 10.7222 48.9191 9
      vertex 10.8247 48.9951 9
    endloop
  endfacet
  facet normal 0 0 1
    outer loop
      vertex 10.6128 51.1465 9
      vertex 10.7222 48.9191 9
      vertex 10.7222 51.0809 9
    endloop
  endfacet
  facet normal 0 0 1
    outer loop
      vertex 10.6128 51.1465 9
      vertex 10.6128 48.8535 9
      vertex 10.7222 48.9191 9
    endloop
  endfacet
  facet normal 0 0 1
    outer loop
      vertex 10.4975 51.201 9
      vertex 10.6128 48.8535 9
      vertex 10.6128 51.1465 9
    endloop
  endfacet
  facet normal 0 0 1
    outer loop
      vertex 10.4975 51.201 9
      vertex 10.4975 48.799 9
      vertex 10.6128 48.8535 9
    endloop
  endfacet
  facet normal 0 0 1
    outer loop
      vertex 10.3774 51.244 9
      vertex 10.4975 48.799 9
      vertex 10.4975 51.201 9
    endloop
  endfacet
  facet normal 0 0 1
    outer loop
      vertex 10.3774 51.244 9
      vertex 10.3774 48.756 9
      vertex 10.4975 48.799 9
    endloop
  endfacet
  facet normal 0 0 1
    outer loop
      vertex 10.2536 51.275 9
      vertex 10.3774 48.756 9
      vertex 10.3774 51.244 9
    endloop
  endfacet
  facet normal 0 0 1
    outer loop
      vertex 10.2536 51.275 9
      vertex 10.2536 48.725 9
      vertex 10.3774 48.756 9
    endloop
  endfacet
  facet normal 0 0 1
    outer loop
      vertex 10.1274 51.2937 9
      vertex 10.2536 48.725 9
      vertex 10.2536 51.275 9
    endloop
  endfacet
  facet normal 0 0 1
    outer loop
      vertex 10.1274 51.2937 9
      vertex 10.1274 48.7063 9
      vertex 10.2536 48.725 9
    endloop
  endfacet
  facet normal 0 0 1
    outer loop
      vertex 10 51.3 9
      vertex 10.1274 48.7063 9
      vertex 10.1274 51.2937 9
    endloop
  endfacet
  facet normal 0 0 1
    outer loop
      vertex 10 51.3 9
      vertex 10 48.7 9
      vertex 10.1274 48.7063 9
    endloop
  endfacet
  facet normal -0 0 1
    outer loop
      vertex 9.87258 51.2937 9
      vertex 10 48.7 9
      vertex 10 51.3 9
    endloop
  endfacet
  facet normal 0 0 1
    outer loop
      vertex 9.87258 51.2937 9
      vertex 9.87258 48.7063 9
      vertex 10 48.7 9
    endloop
  endfacet
  facet normal -0 0 1
    outer loop
      vertex 9.74638 51.275 9
      vertex 9.87258 48.7063 9
      vertex 9.87258 51.2937 9
    endloop
  endfacet
  facet normal 0 0 1
    outer loop
      vertex 9.74638 51.275 9
      vertex 9.74638 48.725 9
      vertex 9.87258 48.7063 9
    endloop
  endfacet
  facet normal -0 0 1
    outer loop
      vertex 9.62263 51.244 9
      vertex 9.74638 48.725 9
      vertex 9.74638 51.275 9
    endloop
  endfacet
  facet normal 0 0 1
    outer loop
      vertex 9.62263 51.244 9
      vertex 9.62263 48.756 9
      vertex 9.74638 48.725 9
    endloop
  endfacet
  facet normal -0 0 1
    outer loop
      vertex 9.50251 51.201 9
      vertex 9.62263 48.756 9
      vertex 9.62263 51.244 9
    endloop
  endfacet
  facet normal 0 0 1
    outer loop
      vertex 9.50251 51.201 9
      vertex 9.50251 48.799 9
      vertex 9.62263 48.756 9
    endloop
  endfacet
  facet normal -0 0 1
    outer loop
      vertex 9.38718 51.1465 9
      vertex 9.50251 48.799 9
      vertex 9.50251 51.201 9
    endloop
  endfacet
  facet normal 0 0 1
    outer loop
      vertex 9.38718 51.1465 9
      vertex 9.38718 48.8535 9
      vertex 9.50251 48.799 9
    endloop
  endfacet
  facet normal -0 0 1
    outer loop
      vertex 9.27776 51.0809 9
      vertex 9.38718 48.8535 9
      vertex 9.38718 51.1465 9
    endloop
  endfacet
  facet normal 0 0 1
    outer loop
      vertex 9.27776 51.0809 9
      vertex 9.27776 48.9191 9
      vertex 9.38718 48.8535 9
    endloop
  endfacet
  facet normal -0 0 1
    outer loop
      vertex 9.17529 51.0049 9
      vertex 9.27776 48.9191 9
      vertex 9.27776 51.0809 9
    endloop
  endfacet
  facet normal 0 0 1
    outer loop
      vertex 9.17529 51.0049 9
      vertex 9.17529 48.9951 9
      vertex 9.27776 48.9191 9
    endloop
  endfacet
  facet normal -0 0 1
    outer loop
      vertex 9.08076 50.9192 9
      vertex 9.17529 48.9951 9
      vertex 9.17529 51.0049 9
    endloop
  endfacet
  facet normal 0 0 1
    outer loop
      vertex 9.08076 50.9192 9
      vertex 9.08076 49.0808 9
      vertex 9.17529 48.9951 9
    endloop
  endfacet
  facet normal -0 0 1
    outer loop
      vertex 8.99509 50.8247 9
      vertex 9.08076 49.0808 9
      vertex 9.08076 50.9192 9
    endloop
  endfacet
  facet normal 0 0 1
    outer loop
      vertex 8.99509 50.8247 9
      vertex 8.99509 49.1753 9
      vertex 9.08076 49.0808 9
    endloop
  endfacet
  facet normal -0 0 1
    outer loop
      vertex 8.91909 50.7222 9
      vertex 8.99509 49.1753 9
      vertex 8.99509 50.8247 9
    endloop
  endfacet
  facet normal 0 0 1
    outer loop
      vertex 8.91909 50.7222 9
      vertex 8.91909 49.2778 9
      vertex 8.99509 49.1753 9
    endloop
  endfacet
  facet normal -0 0 1
    outer loop
      vertex 8.8535 50.6128 9
      vertex 8.91909 49.2778 9
      vertex 8.91909 50.7222 9
    endloop
  endfacet
  facet normal 0 0 1
    outer loop
      vertex 8.8535 50.6128 9
      vertex 8.8535 49.3872 9
      vertex 8.91909 49.2778 9
    endloop
  endfacet
  facet normal -0 0 1
    outer loop
      vertex 8.79896 50.4975 9
      vertex 8.8535 49.3872 9
      vertex 8.8535 50.6128 9
    endloop
  endfacet
  facet normal 0 0 1
    outer loop
      vertex 8.79896 50.4975 9
      vertex 8.79896 49.5025 9
      vertex 8.8535 49.3872 9
    endloop
  endfacet
  facet normal -0 0 1
    outer loop
      vertex 8.75598 50.3774 9
      vertex 8.79896 49.5025 9
      vertex 8.79896 50.4975 9
    endloop
  endfacet
  facet normal 0 0 1
    outer loop
      vertex 8.75598 50.3774 9
      vertex 8.75598 49.6226 9
      vertex 8.79896 49.5025 9
    endloop
  endfacet
  facet normal -0 0 1
    outer loop
      vertex 8.72498 50.2536 9
      vertex 8.75598 49.6226 9
      vertex 8.75598 50.3774 9
    endloop
  endfacet
  facet normal 0 0 1
    outer loop
      vertex 8.72498 50.2536 9
      vertex 8.72498 49.7464 9
      vertex 8.75598 49.6226 9
    endloop
  endfacet
  facet normal -0 0 1
    outer loop
      vertex 8.70626 50.1274 9
      vertex 8.72498 49.7464 9
      vertex 8.72498 50.2536 9
    endloop
  endfacet
  facet normal 0 0 1
    outer loop
      vertex 8.70626 50.1274 9
      vertex 8.70626 49.8726 9
      vertex 8.72498 49.7464 9
    endloop
  endfacet
  facet normal 0 -0 1
    outer loop
      vertex 8.70626 49.8726 9
      vertex 8.70626 50.1274 9
      vertex 8.7 50 9
    endloop
  endfacet
  facet normal -0.989199 -0.146577 0
    outer loop
      vertex 91.2937 50.1274 9
      vertex 91.275 50.2536 45
      vertex 91.275 50.2536 9
    endloop
  endfacet
  facet normal -0.989199 -0.146577 0
    outer loop
      vertex 91.275 50.2536 45
      vertex 91.2937 50.1274 9
      vertex 91.2937 50.1274 45
    endloop
  endfacet
  facet normal -0.99878 -0.0493902 0
    outer loop
      vertex 91.3 50 9
      vertex 91.2937 50.1274 45
      vertex 91.2937 50.1274 9
    endloop
  endfacet
  facet normal -0.99878 -0.0493902 0
    outer loop
      vertex 91.2937 50.1274 45
      vertex 91.3 50 9
      vertex 91.3 50 45
    endloop
  endfacet
  facet normal -0.97005 -0.242904 0
    outer loop
      vertex 91.275 50.2536 9
      vertex 91.244 50.3774 45
      vertex 91.244 50.3774 9
    endloop
  endfacet
  facet normal -0.97005 -0.242904 0
    outer loop
      vertex 91.244 50.3774 45
      vertex 91.275 50.2536 9
      vertex 91.275 50.2536 45
    endloop
  endfacet
  facet normal 0.803279 -0.595602 0
    outer loop
      vertex 88.9191 50.7222 45
      vertex 88.9951 50.8247 9
      vertex 88.9951 50.8247 45
    endloop
  endfacet
  facet normal 0.803279 -0.595602 0
    outer loop
      vertex 88.9951 50.8247 9
      vertex 88.9191 50.7222 45
      vertex 88.9191 50.7222 9
    endloop
  endfacet
  facet normal -0.337081 0.941476 0
    outer loop
      vertex 90.4975 48.799 9
      vertex 90.3774 48.756 45
      vertex 90.4975 48.799 45
    endloop
  endfacet
  facet normal -0.337081 0.941476 0
    outer loop
      vertex 90.3774 48.756 45
      vertex 90.4975 48.799 9
      vertex 90.3774 48.756 9
    endloop
  endfacet
  facet normal -0.857631 0.514265 0
    outer loop
      vertex 91.0809 49.2778 9
      vertex 91.1465 49.3872 45
      vertex 91.1465 49.3872 9
    endloop
  endfacet
  facet normal -0.857631 0.514265 0
    outer loop
      vertex 91.1465 49.3872 45
      vertex 91.0809 49.2778 9
      vertex 91.0809 49.2778 45
    endloop
  endfacet
  facet normal 0.0493902 0.99878 -0
    outer loop
      vertex 90 48.7 9
      vertex 89.8726 48.7063 45
      vertex 90 48.7 45
    endloop
  endfacet
  facet normal 0.0493902 0.99878 0
    outer loop
      vertex 89.8726 48.7063 45
      vertex 90 48.7 9
      vertex 89.8726 48.7063 9
    endloop
  endfacet
  facet normal 0.989199 -0.146577 0
    outer loop
      vertex 88.7063 50.1274 45
      vertex 88.725 50.2536 9
      vertex 88.725 50.2536 45
    endloop
  endfacet
  facet normal 0.989199 -0.146577 0
    outer loop
      vertex 88.725 50.2536 9
      vertex 88.7063 50.1274 45
      vertex 88.7063 50.1274 9
    endloop
  endfacet
  facet normal 0.904089 0.427345 0
    outer loop
      vertex 88.8535 49.3872 45
      vertex 88.799 49.5025 9
      vertex 88.799 49.5025 45
    endloop
  endfacet
  facet normal 0.904089 0.427345 0
    outer loop
      vertex 88.799 49.5025 9
      vertex 88.8535 49.3872 45
      vertex 88.8535 49.3872 9
    endloop
  endfacet
  facet normal 0.242904 -0.97005 0
    outer loop
      vertex 89.6226 51.244 9
      vertex 89.7464 51.275 45
      vertex 89.6226 51.244 45
    endloop
  endfacet
  facet normal 0.242904 -0.97005 0
    outer loop
      vertex 89.7464 51.275 45
      vertex 89.6226 51.244 9
      vertex 89.7464 51.275 9
    endloop
  endfacet
  facet normal -0.146577 0.989199 0
    outer loop
      vertex 90.2536 48.725 9
      vertex 90.1274 48.7063 45
      vertex 90.2536 48.725 45
    endloop
  endfacet
  facet normal -0.146577 0.989199 0
    outer loop
      vertex 90.1274 48.7063 45
      vertex 90.2536 48.725 9
      vertex 90.1274 48.7063 9
    endloop
  endfacet
  facet normal 0.595602 -0.803279 0
    outer loop
      vertex 89.1753 51.0049 9
      vertex 89.2778 51.0809 45
      vertex 89.1753 51.0049 45
    endloop
  endfacet
  facet normal 0.595602 -0.803279 0
    outer loop
      vertex 89.2778 51.0809 45
      vertex 89.1753 51.0049 9
      vertex 89.2778 51.0809 9
    endloop
  endfacet
  facet normal -0.595602 -0.803279 0
    outer loop
      vertex 90.7222 51.0809 9
      vertex 90.8247 51.0049 45
      vertex 90.7222 51.0809 45
    endloop
  endfacet
  facet normal -0.595602 -0.803279 -0
    outer loop
      vertex 90.8247 51.0049 45
      vertex 90.7222 51.0809 9
      vertex 90.8247 51.0049 9
    endloop
  endfacet
  facet normal -0.514265 -0.857631 0
    outer loop
      vertex 90.6128 51.1465 9
      vertex 90.7222 51.0809 45
      vertex 90.6128 51.1465 45
    endloop
  endfacet
  facet normal -0.514265 -0.857631 -0
    outer loop
      vertex 90.7222 51.0809 45
      vertex 90.6128 51.1465 9
      vertex 90.7222 51.0809 9
    endloop
  endfacet
  facet normal -0.904089 0.427345 0
    outer loop
      vertex 91.1465 49.3872 9
      vertex 91.201 49.5025 45
      vertex 91.201 49.5025 9
    endloop
  endfacet
  facet normal -0.904089 0.427345 0
    outer loop
      vertex 91.201 49.5025 45
      vertex 91.1465 49.3872 9
      vertex 91.1465 49.3872 45
    endloop
  endfacet
  facet normal 0.97005 0.242904 0
    outer loop
      vertex 88.756 49.6226 45
      vertex 88.725 49.7464 9
      vertex 88.725 49.7464 45
    endloop
  endfacet
  facet normal 0.97005 0.242904 0
    outer loop
      vertex 88.725 49.7464 9
      vertex 88.756 49.6226 45
      vertex 88.756 49.6226 9
    endloop
  endfacet
  facet normal 0.857631 0.514265 0
    outer loop
      vertex 88.9191 49.2778 45
      vertex 88.8535 49.3872 9
      vertex 88.8535 49.3872 45
    endloop
  endfacet
  facet normal 0.857631 0.514265 0
    outer loop
      vertex 88.8535 49.3872 9
      vertex 88.9191 49.2778 45
      vertex 88.9191 49.2778 9
    endloop
  endfacet
  facet normal -0.0493902 0.99878 0
    outer loop
      vertex 90.1274 48.7063 9
      vertex 90 48.7 45
      vertex 90.1274 48.7063 45
    endloop
  endfacet
  facet normal -0.0493902 0.99878 0
    outer loop
      vertex 90 48.7 45
      vertex 90.1274 48.7063 9
      vertex 90 48.7 9
    endloop
  endfacet
  facet normal 0.337081 -0.941476 0
    outer loop
      vertex 89.5025 51.201 9
      vertex 89.6226 51.244 45
      vertex 89.5025 51.201 45
    endloop
  endfacet
  facet normal 0.337081 -0.941476 0
    outer loop
      vertex 89.6226 51.244 45
      vertex 89.5025 51.201 9
      vertex 89.6226 51.244 9
    endloop
  endfacet
  facet normal 0.941476 -0.337081 0
    outer loop
      vertex 88.756 50.3774 45
      vertex 88.799 50.4975 9
      vertex 88.799 50.4975 45
    endloop
  endfacet
  facet normal 0.941476 -0.337081 0
    outer loop
      vertex 88.799 50.4975 9
      vertex 88.756 50.3774 45
      vertex 88.756 50.3774 9
    endloop
  endfacet
  facet normal -0.803279 -0.595602 0
    outer loop
      vertex 91.0809 50.7222 9
      vertex 91.0049 50.8247 45
      vertex 91.0049 50.8247 9
    endloop
  endfacet
  facet normal -0.803279 -0.595602 0
    outer loop
      vertex 91.0049 50.8247 45
      vertex 91.0809 50.7222 9
      vertex 91.0809 50.7222 45
    endloop
  endfacet
  facet normal -0.427345 0.904089 0
    outer loop
      vertex 90.6128 48.8535 9
      vertex 90.4975 48.799 45
      vertex 90.6128 48.8535 45
    endloop
  endfacet
  facet normal -0.427345 0.904089 0
    outer loop
      vertex 90.4975 48.799 45
      vertex 90.6128 48.8535 9
      vertex 90.4975 48.799 9
    endloop
  endfacet
  facet normal -0.514265 0.857631 0
    outer loop
      vertex 90.7222 48.9191 9
      vertex 90.6128 48.8535 45
      vertex 90.7222 48.9191 45
    endloop
  endfacet
  facet normal -0.514265 0.857631 0
    outer loop
      vertex 90.6128 48.8535 45
      vertex 90.7222 48.9191 9
      vertex 90.6128 48.8535 9
    endloop
  endfacet
  facet normal -0.337081 -0.941476 0
    outer loop
      vertex 90.3774 51.244 9
      vertex 90.4975 51.201 45
      vertex 90.3774 51.244 45
    endloop
  endfacet
  facet normal -0.337081 -0.941476 -0
    outer loop
      vertex 90.4975 51.201 45
      vertex 90.3774 51.244 9
      vertex 90.4975 51.201 9
    endloop
  endfacet
  facet normal -0.97005 0.242904 0
    outer loop
      vertex 91.244 49.6226 9
      vertex 91.275 49.7464 45
      vertex 91.275 49.7464 9
    endloop
  endfacet
  facet normal -0.97005 0.242904 0
    outer loop
      vertex 91.275 49.7464 45
      vertex 91.244 49.6226 9
      vertex 91.244 49.6226 45
    endloop
  endfacet
  facet normal -0.803279 0.595602 0
    outer loop
      vertex 91.0049 49.1753 9
      vertex 91.0809 49.2778 45
      vertex 91.0809 49.2778 9
    endloop
  endfacet
  facet normal -0.803279 0.595602 0
    outer loop
      vertex 91.0809 49.2778 45
      vertex 91.0049 49.1753 9
      vertex 91.0049 49.1753 45
    endloop
  endfacet
  facet normal 0.904089 -0.427345 0
    outer loop
      vertex 88.799 50.4975 45
      vertex 88.8535 50.6128 9
      vertex 88.8535 50.6128 45
    endloop
  endfacet
  facet normal 0.904089 -0.427345 0
    outer loop
      vertex 88.8535 50.6128 9
      vertex 88.799 50.4975 45
      vertex 88.799 50.4975 9
    endloop
  endfacet
  facet normal -0.671775 -0.740755 0
    outer loop
      vertex 90.8247 51.0049 9
      vertex 90.9192 50.9192 45
      vertex 90.8247 51.0049 45
    endloop
  endfacet
  facet normal -0.671775 -0.740755 -0
    outer loop
      vertex 90.9192 50.9192 45
      vertex 90.8247 51.0049 9
      vertex 90.9192 50.9192 9
    endloop
  endfacet
  facet normal 0.671775 -0.740755 0
    outer loop
      vertex 89.0808 50.9192 9
      vertex 89.1753 51.0049 45
      vertex 89.0808 50.9192 45
    endloop
  endfacet
  facet normal 0.671775 -0.740755 0
    outer loop
      vertex 89.1753 51.0049 45
      vertex 89.0808 50.9192 9
      vertex 89.1753 51.0049 9
    endloop
  endfacet
  facet normal -0.427345 -0.904089 0
    outer loop
      vertex 90.4975 51.201 9
      vertex 90.6128 51.1465 45
      vertex 90.4975 51.201 45
    endloop
  endfacet
  facet normal -0.427345 -0.904089 -0
    outer loop
      vertex 90.6128 51.1465 45
      vertex 90.4975 51.201 9
      vertex 90.6128 51.1465 9
    endloop
  endfacet
  facet normal -0.941476 -0.337081 0
    outer loop
      vertex 91.244 50.3774 9
      vertex 91.201 50.4975 45
      vertex 91.201 50.4975 9
    endloop
  endfacet
  facet normal -0.941476 -0.337081 0
    outer loop
      vertex 91.201 50.4975 45
      vertex 91.244 50.3774 9
      vertex 91.244 50.3774 45
    endloop
  endfacet
  facet normal -0.0493902 -0.99878 0
    outer loop
      vertex 90 51.3 9
      vertex 90.1274 51.2937 45
      vertex 90 51.3 45
    endloop
  endfacet
  facet normal -0.0493902 -0.99878 -0
    outer loop
      vertex 90.1274 51.2937 45
      vertex 90 51.3 9
      vertex 90.1274 51.2937 9
    endloop
  endfacet
  facet normal 0.857631 -0.514265 0
    outer loop
      vertex 88.8535 50.6128 45
      vertex 88.9191 50.7222 9
      vertex 88.9191 50.7222 45
    endloop
  endfacet
  facet normal 0.857631 -0.514265 0
    outer loop
      vertex 88.9191 50.7222 9
      vertex 88.8535 50.6128 45
      vertex 88.8535 50.6128 9
    endloop
  endfacet
  facet normal -0.989199 0.146577 0
    outer loop
      vertex 91.275 49.7464 9
      vertex 91.2937 49.8726 45
      vertex 91.2937 49.8726 9
    endloop
  endfacet
  facet normal -0.989199 0.146577 0
    outer loop
      vertex 91.2937 49.8726 45
      vertex 91.275 49.7464 9
      vertex 91.275 49.7464 45
    endloop
  endfacet
  facet normal -0.99878 0.0493902 0
    outer loop
      vertex 91.2937 49.8726 9
      vertex 91.3 50 45
      vertex 91.3 50 9
    endloop
  endfacet
  facet normal -0.99878 0.0493902 0
    outer loop
      vertex 91.3 50 45
      vertex 91.2937 49.8726 9
      vertex 91.2937 49.8726 45
    endloop
  endfacet
  facet normal 0.671775 0.740755 -0
    outer loop
      vertex 89.1753 48.9951 9
      vertex 89.0808 49.0808 45
      vertex 89.1753 48.9951 45
    endloop
  endfacet
  facet normal 0.671775 0.740755 0
    outer loop
      vertex 89.0808 49.0808 45
      vertex 89.1753 48.9951 9
      vertex 89.0808 49.0808 9
    endloop
  endfacet
  facet normal -0.904089 -0.427345 0
    outer loop
      vertex 91.201 50.4975 9
      vertex 91.1465 50.6128 45
      vertex 91.1465 50.6128 9
    endloop
  endfacet
  facet normal -0.904089 -0.427345 0
    outer loop
      vertex 91.1465 50.6128 45
      vertex 91.201 50.4975 9
      vertex 91.201 50.4975 45
    endloop
  endfacet
  facet normal 0 0 1
    outer loop
      vertex 91.2937 50.1274 9
      vertex 91.2937 49.8726 9
      vertex 91.3 50 9
    endloop
  endfacet
  facet normal 0 0 1
    outer loop
      vertex 91.275 50.2536 9
      vertex 91.2937 49.8726 9
      vertex 91.2937 50.1274 9
    endloop
  endfacet
  facet normal 0 0 1
    outer loop
      vertex 91.275 50.2536 9
      vertex 91.275 49.7464 9
      vertex 91.2937 49.8726 9
    endloop
  endfacet
  facet normal 0 0 1
    outer loop
      vertex 91.244 50.3774 9
      vertex 91.275 49.7464 9
      vertex 91.275 50.2536 9
    endloop
  endfacet
  facet normal 0 0 1
    outer loop
      vertex 91.244 50.3774 9
      vertex 91.244 49.6226 9
      vertex 91.275 49.7464 9
    endloop
  endfacet
  facet normal 0 0 1
    outer loop
      vertex 91.201 50.4975 9
      vertex 91.244 49.6226 9
      vertex 91.244 50.3774 9
    endloop
  endfacet
  facet normal 0 0 1
    outer loop
      vertex 91.201 50.4975 9
      vertex 91.201 49.5025 9
      vertex 91.244 49.6226 9
    endloop
  endfacet
  facet normal 0 0 1
    outer loop
      vertex 91.1465 50.6128 9
      vertex 91.201 49.5025 9
      vertex 91.201 50.4975 9
    endloop
  endfacet
  facet normal 0 0 1
    outer loop
      vertex 91.1465 50.6128 9
      vertex 91.1465 49.3872 9
      vertex 91.201 49.5025 9
    endloop
  endfacet
  facet normal 0 0 1
    outer loop
      vertex 91.0809 50.7222 9
      vertex 91.1465 49.3872 9
      vertex 91.1465 50.6128 9
    endloop
  endfacet
  facet normal 0 0 1
    outer loop
      vertex 91.0809 50.7222 9
      vertex 91.0809 49.2778 9
      vertex 91.1465 49.3872 9
    endloop
  endfacet
  facet normal 0 0 1
    outer loop
      vertex 91.0049 50.8247 9
      vertex 91.0809 49.2778 9
      vertex 91.0809 50.7222 9
    endloop
  endfacet
  facet normal 0 0 1
    outer loop
      vertex 91.0049 50.8247 9
      vertex 91.0049 49.1753 9
      vertex 91.0809 49.2778 9
    endloop
  endfacet
  facet normal 0 0 1
    outer loop
      vertex 90.9192 50.9192 9
      vertex 91.0049 49.1753 9
      vertex 91.0049 50.8247 9
    endloop
  endfacet
  facet normal 0 0 1
    outer loop
      vertex 90.9192 50.9192 9
      vertex 90.9192 49.0808 9
      vertex 91.0049 49.1753 9
    endloop
  endfacet
  facet normal 0 0 1
    outer loop
      vertex 90.8247 51.0049 9
      vertex 90.9192 49.0808 9
      vertex 90.9192 50.9192 9
    endloop
  endfacet
  facet normal 0 0 1
    outer loop
      vertex 90.8247 51.0049 9
      vertex 90.8247 48.9951 9
      vertex 90.9192 49.0808 9
    endloop
  endfacet
  facet normal 0 0 1
    outer loop
      vertex 90.7222 51.0809 9
      vertex 90.8247 48.9951 9
      vertex 90.8247 51.0049 9
    endloop
  endfacet
  facet normal 0 0 1
    outer loop
      vertex 90.7222 51.0809 9
      vertex 90.7222 48.9191 9
      vertex 90.8247 48.9951 9
    endloop
  endfacet
  facet normal 0 0 1
    outer loop
      vertex 90.6128 51.1465 9
      vertex 90.7222 48.9191 9
      vertex 90.7222 51.0809 9
    endloop
  endfacet
  facet normal 0 0 1
    outer loop
      vertex 90.6128 51.1465 9
      vertex 90.6128 48.8535 9
      vertex 90.7222 48.9191 9
    endloop
  endfacet
  facet normal 0 0 1
    outer loop
      vertex 90.4975 51.201 9
      vertex 90.6128 48.8535 9
      vertex 90.6128 51.1465 9
    endloop
  endfacet
  facet normal 0 0 1
    outer loop
      vertex 90.4975 51.201 9
      vertex 90.4975 48.799 9
      vertex 90.6128 48.8535 9
    endloop
  endfacet
  facet normal 0 0 1
    outer loop
      vertex 90.3774 51.244 9
      vertex 90.4975 48.799 9
      vertex 90.4975 51.201 9
    endloop
  endfacet
  facet normal 0 0 1
    outer loop
      vertex 90.3774 51.244 9
      vertex 90.3774 48.756 9
      vertex 90.4975 48.799 9
    endloop
  endfacet
  facet normal 0 0 1
    outer loop
      vertex 90.2536 51.275 9
      vertex 90.3774 48.756 9
      vertex 90.3774 51.244 9
    endloop
  endfacet
  facet normal 0 0 1
    outer loop
      vertex 90.2536 51.275 9
      vertex 90.2536 48.725 9
      vertex 90.3774 48.756 9
    endloop
  endfacet
  facet normal 0 0 1
    outer loop
      vertex 90.1274 51.2937 9
      vertex 90.2536 48.725 9
      vertex 90.2536 51.275 9
    endloop
  endfacet
  facet normal 0 0 1
    outer loop
      vertex 90.1274 51.2937 9
      vertex 90.1274 48.7063 9
      vertex 90.2536 48.725 9
    endloop
  endfacet
  facet normal 0 0 1
    outer loop
      vertex 90 51.3 9
      vertex 90.1274 48.7063 9
      vertex 90.1274 51.2937 9
    endloop
  endfacet
  facet normal 0 0 1
    outer loop
      vertex 90 51.3 9
      vertex 90 48.7 9
      vertex 90.1274 48.7063 9
    endloop
  endfacet
  facet normal -0 0 1
    outer loop
      vertex 89.8726 51.2937 9
      vertex 90 48.7 9
      vertex 90 51.3 9
    endloop
  endfacet
  facet normal 0 0 1
    outer loop
      vertex 89.8726 51.2937 9
      vertex 89.8726 48.7063 9
      vertex 90 48.7 9
    endloop
  endfacet
  facet normal -0 0 1
    outer loop
      vertex 89.7464 51.275 9
      vertex 89.8726 48.7063 9
      vertex 89.8726 51.2937 9
    endloop
  endfacet
  facet normal 0 0 1
    outer loop
      vertex 89.7464 51.275 9
      vertex 89.7464 48.725 9
      vertex 89.8726 48.7063 9
    endloop
  endfacet
  facet normal -0 0 1
    outer loop
      vertex 89.6226 51.244 9
      vertex 89.7464 48.725 9
      vertex 89.7464 51.275 9
    endloop
  endfacet
  facet normal 0 0 1
    outer loop
      vertex 89.6226 51.244 9
      vertex 89.6226 48.756 9
      vertex 89.7464 48.725 9
    endloop
  endfacet
  facet normal -0 0 1
    outer loop
      vertex 89.5025 51.201 9
      vertex 89.6226 48.756 9
      vertex 89.6226 51.244 9
    endloop
  endfacet
  facet normal 0 0 1
    outer loop
      vertex 89.5025 51.201 9
      vertex 89.5025 48.799 9
      vertex 89.6226 48.756 9
    endloop
  endfacet
  facet normal -0 0 1
    outer loop
      vertex 89.3872 51.1465 9
      vertex 89.5025 48.799 9
      vertex 89.5025 51.201 9
    endloop
  endfacet
  facet normal 0 0 1
    outer loop
      vertex 89.3872 51.1465 9
      vertex 89.3872 48.8535 9
      vertex 89.5025 48.799 9
    endloop
  endfacet
  facet normal -0 0 1
    outer loop
      vertex 89.2778 51.0809 9
      vertex 89.3872 48.8535 9
      vertex 89.3872 51.1465 9
    endloop
  endfacet
  facet normal 0 0 1
    outer loop
      vertex 89.2778 51.0809 9
      vertex 89.2778 48.9191 9
      vertex 89.3872 48.8535 9
    endloop
  endfacet
  facet normal -0 0 1
    outer loop
      vertex 89.1753 51.0049 9
      vertex 89.2778 48.9191 9
      vertex 89.2778 51.0809 9
    endloop
  endfacet
  facet normal 0 0 1
    outer loop
      vertex 89.1753 51.0049 9
      vertex 89.1753 48.9951 9
      vertex 89.2778 48.9191 9
    endloop
  endfacet
  facet normal -0 0 1
    outer loop
      vertex 89.0808 50.9192 9
      vertex 89.1753 48.9951 9
      vertex 89.1753 51.0049 9
    endloop
  endfacet
  facet normal 0 0 1
    outer loop
      vertex 89.0808 50.9192 9
      vertex 89.0808 49.0808 9
      vertex 89.1753 48.9951 9
    endloop
  endfacet
  facet normal -0 0 1
    outer loop
      vertex 88.9951 50.8247 9
      vertex 89.0808 49.0808 9
      vertex 89.0808 50.9192 9
    endloop
  endfacet
  facet normal 0 0 1
    outer loop
      vertex 88.9951 50.8247 9
      vertex 88.9951 49.1753 9
      vertex 89.0808 49.0808 9
    endloop
  endfacet
  facet normal -0 0 1
    outer loop
      vertex 88.9191 50.7222 9
      vertex 88.9951 49.1753 9
      vertex 88.9951 50.8247 9
    endloop
  endfacet
  facet normal 0 0 1
    outer loop
      vertex 88.9191 50.7222 9
      vertex 88.9191 49.2778 9
      vertex 88.9951 49.1753 9
    endloop
  endfacet
  facet normal -0 0 1
    outer loop
      vertex 88.8535 50.6128 9
      vertex 88.9191 49.2778 9
      vertex 88.9191 50.7222 9
    endloop
  endfacet
  facet normal 0 0 1
    outer loop
      vertex 88.8535 50.6128 9
      vertex 88.8535 49.3872 9
      vertex 88.9191 49.2778 9
    endloop
  endfacet
  facet normal -0 0 1
    outer loop
      vertex 88.799 50.4975 9
      vertex 88.8535 49.3872 9
      vertex 88.8535 50.6128 9
    endloop
  endfacet
  facet normal 0 0 1
    outer loop
      vertex 88.799 50.4975 9
      vertex 88.799 49.5025 9
      vertex 88.8535 49.3872 9
    endloop
  endfacet
  facet normal -0 0 1
    outer loop
      vertex 88.756 50.3774 9
      vertex 88.799 49.5025 9
      vertex 88.799 50.4975 9
    endloop
  endfacet
  facet normal 0 0 1
    outer loop
      vertex 88.756 50.3774 9
      vertex 88.756 49.6226 9
      vertex 88.799 49.5025 9
    endloop
  endfacet
  facet normal -0 0 1
    outer loop
      vertex 88.725 50.2536 9
      vertex 88.756 49.6226 9
      vertex 88.756 50.3774 9
    endloop
  endfacet
  facet normal 0 0 1
    outer loop
      vertex 88.725 50.2536 9
      vertex 88.725 49.7464 9
      vertex 88.756 49.6226 9
    endloop
  endfacet
  facet normal -0 0 1
    outer loop
      vertex 88.7063 50.1274 9
      vertex 88.725 49.7464 9
      vertex 88.725 50.2536 9
    endloop
  endfacet
  facet normal 0 0 1
    outer loop
      vertex 88.7063 50.1274 9
      vertex 88.7063 49.8726 9
      vertex 88.725 49.7464 9
    endloop
  endfacet
  facet normal 0 -0 1
    outer loop
      vertex 88.7063 49.8726 9
      vertex 88.7063 50.1274 9
      vertex 88.7 50 9
    endloop
  endfacet
  facet normal 0.97005 -0.242904 0
    outer loop
      vertex 88.725 50.2536 45
      vertex 88.756 50.3774 9
      vertex 88.756 50.3774 45
    endloop
  endfacet
  facet normal 0.97005 -0.242904 0
    outer loop
      vertex 88.756 50.3774 9
      vertex 88.725 50.2536 45
      vertex 88.725 50.2536 9
    endloop
  endfacet
  facet normal -0.242904 0.97005 0
    outer loop
      vertex 90.3774 48.756 9
      vertex 90.2536 48.725 45
      vertex 90.3774 48.756 45
    endloop
  endfacet
  facet normal -0.242904 0.97005 0
    outer loop
      vertex 90.2536 48.725 45
      vertex 90.3774 48.756 9
      vertex 90.2536 48.725 9
    endloop
  endfacet
  facet normal 0.146577 -0.989199 0
    outer loop
      vertex 89.7464 51.275 9
      vertex 89.8726 51.2937 45
      vertex 89.7464 51.275 45
    endloop
  endfacet
  facet normal 0.146577 -0.989199 0
    outer loop
      vertex 89.8726 51.2937 45
      vertex 89.7464 51.275 9
      vertex 89.8726 51.2937 9
    endloop
  endfacet
  facet normal -0.740755 -0.671775 0
    outer loop
      vertex 91.0049 50.8247 9
      vertex 90.9192 50.9192 45
      vertex 90.9192 50.9192 9
    endloop
  endfacet
  facet normal -0.740755 -0.671775 0
    outer loop
      vertex 90.9192 50.9192 45
      vertex 91.0049 50.8247 9
      vertex 91.0049 50.8247 45
    endloop
  endfacet
  facet normal 0.427345 -0.904089 0
    outer loop
      vertex 89.3872 51.1465 9
      vertex 89.5025 51.201 45
      vertex 89.3872 51.1465 45
    endloop
  endfacet
  facet normal 0.427345 -0.904089 0
    outer loop
      vertex 89.5025 51.201 45
      vertex 89.3872 51.1465 9
      vertex 89.5025 51.201 9
    endloop
  endfacet
  facet normal -0.941476 0.337081 0
    outer loop
      vertex 91.201 49.5025 9
      vertex 91.244 49.6226 45
      vertex 91.244 49.6226 9
    endloop
  endfacet
  facet normal -0.941476 0.337081 0
    outer loop
      vertex 91.244 49.6226 45
      vertex 91.201 49.5025 9
      vertex 91.201 49.5025 45
    endloop
  endfacet
  facet normal -0.857631 -0.514265 0
    outer loop
      vertex 91.1465 50.6128 9
      vertex 91.0809 50.7222 45
      vertex 91.0809 50.7222 9
    endloop
  endfacet
  facet normal -0.857631 -0.514265 0
    outer loop
      vertex 91.0809 50.7222 45
      vertex 91.1465 50.6128 9
      vertex 91.1465 50.6128 45
    endloop
  endfacet
  facet normal 0.146577 0.989199 -0
    outer loop
      vertex 89.8726 48.7063 9
      vertex 89.7464 48.725 45
      vertex 89.8726 48.7063 45
    endloop
  endfacet
  facet normal 0.146577 0.989199 0
    outer loop
      vertex 89.7464 48.725 45
      vertex 89.8726 48.7063 9
      vertex 89.7464 48.725 9
    endloop
  endfacet
  facet normal 0.0493902 -0.99878 0
    outer loop
      vertex 89.8726 51.2937 9
      vertex 90 51.3 45
      vertex 89.8726 51.2937 45
    endloop
  endfacet
  facet normal 0.0493902 -0.99878 0
    outer loop
      vertex 90 51.3 45
      vertex 89.8726 51.2937 9
      vertex 90 51.3 9
    endloop
  endfacet
  facet normal 0.514265 -0.857631 0
    outer loop
      vertex 89.2778 51.0809 9
      vertex 89.3872 51.1465 45
      vertex 89.2778 51.0809 45
    endloop
  endfacet
  facet normal 0.514265 -0.857631 0
    outer loop
      vertex 89.3872 51.1465 45
      vertex 89.2778 51.0809 9
      vertex 89.3872 51.1465 9
    endloop
  endfacet
  facet normal 0.941476 0.337081 0
    outer loop
      vertex 88.799 49.5025 45
      vertex 88.756 49.6226 9
      vertex 88.756 49.6226 45
    endloop
  endfacet
  facet normal 0.941476 0.337081 0
    outer loop
      vertex 88.756 49.6226 9
      vertex 88.799 49.5025 45
      vertex 88.799 49.5025 9
    endloop
  endfacet
  facet normal 0.740755 -0.671775 0
    outer loop
      vertex 88.9951 50.8247 45
      vertex 89.0808 50.9192 9
      vertex 89.0808 50.9192 45
    endloop
  endfacet
  facet normal 0.740755 -0.671775 0
    outer loop
      vertex 89.0808 50.9192 9
      vertex 88.9951 50.8247 45
      vertex 88.9951 50.8247 9
    endloop
  endfacet
  facet normal 0.337081 0.941476 -0
    outer loop
      vertex 89.6226 48.756 9
      vertex 89.5025 48.799 45
      vertex 89.6226 48.756 45
    endloop
  endfacet
  facet normal 0.337081 0.941476 0
    outer loop
      vertex 89.5025 48.799 45
      vertex 89.6226 48.756 9
      vertex 89.5025 48.799 9
    endloop
  endfacet
  facet normal 0.427345 0.904089 -0
    outer loop
      vertex 89.5025 48.799 9
      vertex 89.3872 48.8535 45
      vertex 89.5025 48.799 45
    endloop
  endfacet
  facet normal 0.427345 0.904089 0
    outer loop
      vertex 89.3872 48.8535 45
      vertex 89.5025 48.799 9
      vertex 89.3872 48.8535 9
    endloop
  endfacet
  facet normal -0.242904 -0.97005 0
    outer loop
      vertex 90.2536 51.275 9
      vertex 90.3774 51.244 45
      vertex 90.2536 51.275 45
    endloop
  endfacet
  facet normal -0.242904 -0.97005 -0
    outer loop
      vertex 90.3774 51.244 45
      vertex 90.2536 51.275 9
      vertex 90.3774 51.244 9
    endloop
  endfacet
  facet normal -0.146577 -0.989199 0
    outer loop
      vertex 90.1274 51.2937 9
      vertex 90.2536 51.275 45
      vertex 90.1274 51.2937 45
    endloop
  endfacet
  facet normal -0.146577 -0.989199 -0
    outer loop
      vertex 90.2536 51.275 45
      vertex 90.1274 51.2937 9
      vertex 90.2536 51.275 9
    endloop
  endfacet
  facet normal -0.671775 0.740755 0
    outer loop
      vertex 90.9192 49.0808 9
      vertex 90.8247 48.9951 45
      vertex 90.9192 49.0808 45
    endloop
  endfacet
  facet normal -0.671775 0.740755 0
    outer loop
      vertex 90.8247 48.9951 45
      vertex 90.9192 49.0808 9
      vertex 90.8247 48.9951 9
    endloop
  endfacet
  facet normal 0.514265 0.857631 -0
    outer loop
      vertex 89.3872 48.8535 9
      vertex 89.2778 48.9191 45
      vertex 89.3872 48.8535 45
    endloop
  endfacet
  facet normal 0.514265 0.857631 0
    outer loop
      vertex 89.2778 48.9191 45
      vertex 89.3872 48.8535 9
      vertex 89.2778 48.9191 9
    endloop
  endfacet
  facet normal 0.740755 0.671775 0
    outer loop
      vertex 89.0808 49.0808 45
      vertex 88.9951 49.1753 9
      vertex 88.9951 49.1753 45
    endloop
  endfacet
  facet normal 0.740755 0.671775 0
    outer loop
      vertex 88.9951 49.1753 9
      vertex 89.0808 49.0808 45
      vertex 89.0808 49.0808 9
    endloop
  endfacet
  facet normal 0.595602 0.803279 -0
    outer loop
      vertex 89.2778 48.9191 9
      vertex 89.1753 48.9951 45
      vertex 89.2778 48.9191 45
    endloop
  endfacet
  facet normal 0.595602 0.803279 0
    outer loop
      vertex 89.1753 48.9951 45
      vertex 89.2778 48.9191 9
      vertex 89.1753 48.9951 9
    endloop
  endfacet
  facet normal 0.989199 0.146577 0
    outer loop
      vertex 88.725 49.7464 45
      vertex 88.7063 49.8726 9
      vertex 88.7063 49.8726 45
    endloop
  endfacet
  facet normal 0.989199 0.146577 0
    outer loop
      vertex 88.7063 49.8726 9
      vertex 88.725 49.7464 45
      vertex 88.725 49.7464 9
    endloop
  endfacet
  facet normal -0.740755 0.671775 0
    outer loop
      vertex 90.9192 49.0808 9
      vertex 91.0049 49.1753 45
      vertex 91.0049 49.1753 9
    endloop
  endfacet
  facet normal -0.740755 0.671775 0
    outer loop
      vertex 91.0049 49.1753 45
      vertex 90.9192 49.0808 9
      vertex 90.9192 49.0808 45
    endloop
  endfacet
  facet normal -0.595602 0.803279 0
    outer loop
      vertex 90.8247 48.9951 9
      vertex 90.7222 48.9191 45
      vertex 90.8247 48.9951 45
    endloop
  endfacet
  facet normal -0.595602 0.803279 0
    outer loop
      vertex 90.7222 48.9191 45
      vertex 90.8247 48.9951 9
      vertex 90.7222 48.9191 9
    endloop
  endfacet
  facet normal 0.803279 0.595602 0
    outer loop
      vertex 88.9951 49.1753 45
      vertex 88.9191 49.2778 9
      vertex 88.9191 49.2778 45
    endloop
  endfacet
  facet normal 0.803279 0.595602 0
    outer loop
      vertex 88.9191 49.2778 9
      vertex 88.9951 49.1753 45
      vertex 88.9951 49.1753 9
    endloop
  endfacet
  facet normal 0.99878 -0.0493902 0
    outer loop
      vertex 88.7 50 45
      vertex 88.7063 50.1274 9
      vertex 88.7063 50.1274 45
    endloop
  endfacet
  facet normal 0.99878 -0.0493902 0
    outer loop
      vertex 88.7063 50.1274 9
      vertex 88.7 50 45
      vertex 88.7 50 9
    endloop
  endfacet
  facet normal 0.99878 0.0493902 0
    outer loop
      vertex 88.7063 49.8726 45
      vertex 88.7 50 9
      vertex 88.7 50 45
    endloop
  endfacet
  facet normal 0.99878 0.0493902 0
    outer loop
      vertex 88.7 50 9
      vertex 88.7063 49.8726 45
      vertex 88.7063 49.8726 9
    endloop
  endfacet
  facet normal 0.242904 0.97005 -0
    outer loop
      vertex 89.7464 48.725 9
      vertex 89.6226 48.756 45
      vertex 89.7464 48.725 45
    endloop
  endfacet
  facet normal 0.242904 0.97005 0
    outer loop
      vertex 89.6226 48.756 45
      vertex 89.7464 48.725 9
      vertex 89.6226 48.756 9
    endloop
  endfacet
endsolid OpenSCAD_Model
