ISO-10303-21;
HEADER;
/* Generated by software containing ST-Developer
 * from STEP Tools, Inc. (www.steptools.com) 
 */

FILE_DESCRIPTION(
/* description */ (''),
/* implementation_level */ '2;1');

FILE_NAME(
/* name */ '9_Main_Gear v3.step',
/* time_stamp */ '2025-10-20T20:39:10-07:00',
/* author */ (''),
/* organization */ (''),
/* preprocessor_version */ 'ST-DEVELOPER v20.1',
/* originating_system */ 'Autodesk Translation Framework v14.17.0.0',
/* authorisation */ '');

FILE_SCHEMA (('AUTOMOTIVE_DESIGN { 1 0 10303 214 3 1 1 }'));
ENDSEC;

DATA;
#10=MECHANICAL_DESIGN_GEOMETRIC_PRESENTATION_REPRESENTATION('',(#13),#6766);
#11=SHAPE_REPRESENTATION_RELATIONSHIP('SRR','None',#6773,#12);
#12=ADVANCED_BREP_SHAPE_REPRESENTATION('',(#14),#6765);
#13=STYLED_ITEM('',(#6782),#14);
#14=MANIFOLD_SOLID_BREP('MeshBody1',#3646);
#15=FACE_BOUND('',#409,.T.);
#16=FACE_BOUND('',#410,.T.);
#17=FACE_BOUND('',#411,.T.);
#18=FACE_BOUND('',#412,.T.);
#19=FACE_BOUND('',#413,.T.);
#20=FACE_BOUND('',#415,.T.);
#21=FACE_BOUND('',#425,.T.);
#22=FACE_BOUND('',#427,.T.);
#23=FACE_BOUND('',#434,.T.);
#24=PLANE('',#4187);
#25=PLANE('',#4188);
#26=PLANE('',#4189);
#27=PLANE('',#4190);
#28=PLANE('',#4191);
#29=PLANE('',#4192);
#30=PLANE('',#4193);
#31=PLANE('',#4194);
#32=PLANE('',#4195);
#33=PLANE('',#4196);
#34=PLANE('',#4197);
#35=PLANE('',#4198);
#36=PLANE('',#4199);
#37=PLANE('',#4200);
#38=PLANE('',#4201);
#39=PLANE('',#4202);
#40=PLANE('',#4203);
#41=PLANE('',#4204);
#42=PLANE('',#4205);
#43=FACE_OUTER_BOUND('',#235,.T.);
#44=FACE_OUTER_BOUND('',#236,.T.);
#45=FACE_OUTER_BOUND('',#237,.T.);
#46=FACE_OUTER_BOUND('',#238,.T.);
#47=FACE_OUTER_BOUND('',#239,.T.);
#48=FACE_OUTER_BOUND('',#240,.T.);
#49=FACE_OUTER_BOUND('',#241,.T.);
#50=FACE_OUTER_BOUND('',#242,.T.);
#51=FACE_OUTER_BOUND('',#243,.T.);
#52=FACE_OUTER_BOUND('',#244,.T.);
#53=FACE_OUTER_BOUND('',#245,.T.);
#54=FACE_OUTER_BOUND('',#246,.T.);
#55=FACE_OUTER_BOUND('',#247,.T.);
#56=FACE_OUTER_BOUND('',#248,.T.);
#57=FACE_OUTER_BOUND('',#249,.T.);
#58=FACE_OUTER_BOUND('',#250,.T.);
#59=FACE_OUTER_BOUND('',#251,.T.);
#60=FACE_OUTER_BOUND('',#252,.T.);
#61=FACE_OUTER_BOUND('',#253,.T.);
#62=FACE_OUTER_BOUND('',#254,.T.);
#63=FACE_OUTER_BOUND('',#255,.T.);
#64=FACE_OUTER_BOUND('',#256,.T.);
#65=FACE_OUTER_BOUND('',#257,.T.);
#66=FACE_OUTER_BOUND('',#258,.T.);
#67=FACE_OUTER_BOUND('',#259,.T.);
#68=FACE_OUTER_BOUND('',#260,.T.);
#69=FACE_OUTER_BOUND('',#261,.T.);
#70=FACE_OUTER_BOUND('',#262,.T.);
#71=FACE_OUTER_BOUND('',#263,.T.);
#72=FACE_OUTER_BOUND('',#264,.T.);
#73=FACE_OUTER_BOUND('',#265,.T.);
#74=FACE_OUTER_BOUND('',#266,.T.);
#75=FACE_OUTER_BOUND('',#267,.T.);
#76=FACE_OUTER_BOUND('',#268,.T.);
#77=FACE_OUTER_BOUND('',#269,.T.);
#78=FACE_OUTER_BOUND('',#270,.T.);
#79=FACE_OUTER_BOUND('',#271,.T.);
#80=FACE_OUTER_BOUND('',#272,.T.);
#81=FACE_OUTER_BOUND('',#273,.T.);
#82=FACE_OUTER_BOUND('',#274,.T.);
#83=FACE_OUTER_BOUND('',#275,.T.);
#84=FACE_OUTER_BOUND('',#276,.T.);
#85=FACE_OUTER_BOUND('',#277,.T.);
#86=FACE_OUTER_BOUND('',#278,.T.);
#87=FACE_OUTER_BOUND('',#279,.T.);
#88=FACE_OUTER_BOUND('',#280,.T.);
#89=FACE_OUTER_BOUND('',#281,.T.);
#90=FACE_OUTER_BOUND('',#282,.T.);
#91=FACE_OUTER_BOUND('',#283,.T.);
#92=FACE_OUTER_BOUND('',#284,.T.);
#93=FACE_OUTER_BOUND('',#285,.T.);
#94=FACE_OUTER_BOUND('',#286,.T.);
#95=FACE_OUTER_BOUND('',#287,.T.);
#96=FACE_OUTER_BOUND('',#288,.T.);
#97=FACE_OUTER_BOUND('',#289,.T.);
#98=FACE_OUTER_BOUND('',#290,.T.);
#99=FACE_OUTER_BOUND('',#291,.T.);
#100=FACE_OUTER_BOUND('',#292,.T.);
#101=FACE_OUTER_BOUND('',#293,.T.);
#102=FACE_OUTER_BOUND('',#294,.T.);
#103=FACE_OUTER_BOUND('',#295,.T.);
#104=FACE_OUTER_BOUND('',#296,.T.);
#105=FACE_OUTER_BOUND('',#297,.T.);
#106=FACE_OUTER_BOUND('',#298,.T.);
#107=FACE_OUTER_BOUND('',#299,.T.);
#108=FACE_OUTER_BOUND('',#300,.T.);
#109=FACE_OUTER_BOUND('',#301,.T.);
#110=FACE_OUTER_BOUND('',#302,.T.);
#111=FACE_OUTER_BOUND('',#303,.T.);
#112=FACE_OUTER_BOUND('',#304,.T.);
#113=FACE_OUTER_BOUND('',#305,.T.);
#114=FACE_OUTER_BOUND('',#306,.T.);
#115=FACE_OUTER_BOUND('',#307,.T.);
#116=FACE_OUTER_BOUND('',#308,.T.);
#117=FACE_OUTER_BOUND('',#309,.T.);
#118=FACE_OUTER_BOUND('',#310,.T.);
#119=FACE_OUTER_BOUND('',#311,.T.);
#120=FACE_OUTER_BOUND('',#312,.T.);
#121=FACE_OUTER_BOUND('',#313,.T.);
#122=FACE_OUTER_BOUND('',#314,.T.);
#123=FACE_OUTER_BOUND('',#315,.T.);
#124=FACE_OUTER_BOUND('',#316,.T.);
#125=FACE_OUTER_BOUND('',#317,.T.);
#126=FACE_OUTER_BOUND('',#318,.T.);
#127=FACE_OUTER_BOUND('',#319,.T.);
#128=FACE_OUTER_BOUND('',#320,.T.);
#129=FACE_OUTER_BOUND('',#321,.T.);
#130=FACE_OUTER_BOUND('',#322,.T.);
#131=FACE_OUTER_BOUND('',#323,.T.);
#132=FACE_OUTER_BOUND('',#324,.T.);
#133=FACE_OUTER_BOUND('',#325,.T.);
#134=FACE_OUTER_BOUND('',#326,.T.);
#135=FACE_OUTER_BOUND('',#327,.T.);
#136=FACE_OUTER_BOUND('',#328,.T.);
#137=FACE_OUTER_BOUND('',#329,.T.);
#138=FACE_OUTER_BOUND('',#330,.T.);
#139=FACE_OUTER_BOUND('',#331,.T.);
#140=FACE_OUTER_BOUND('',#332,.T.);
#141=FACE_OUTER_BOUND('',#333,.T.);
#142=FACE_OUTER_BOUND('',#334,.T.);
#143=FACE_OUTER_BOUND('',#335,.T.);
#144=FACE_OUTER_BOUND('',#336,.T.);
#145=FACE_OUTER_BOUND('',#337,.T.);
#146=FACE_OUTER_BOUND('',#338,.T.);
#147=FACE_OUTER_BOUND('',#339,.T.);
#148=FACE_OUTER_BOUND('',#340,.T.);
#149=FACE_OUTER_BOUND('',#341,.T.);
#150=FACE_OUTER_BOUND('',#342,.T.);
#151=FACE_OUTER_BOUND('',#343,.T.);
#152=FACE_OUTER_BOUND('',#344,.T.);
#153=FACE_OUTER_BOUND('',#345,.T.);
#154=FACE_OUTER_BOUND('',#346,.T.);
#155=FACE_OUTER_BOUND('',#347,.T.);
#156=FACE_OUTER_BOUND('',#348,.T.);
#157=FACE_OUTER_BOUND('',#349,.T.);
#158=FACE_OUTER_BOUND('',#350,.T.);
#159=FACE_OUTER_BOUND('',#351,.T.);
#160=FACE_OUTER_BOUND('',#352,.T.);
#161=FACE_OUTER_BOUND('',#353,.T.);
#162=FACE_OUTER_BOUND('',#354,.T.);
#163=FACE_OUTER_BOUND('',#355,.T.);
#164=FACE_OUTER_BOUND('',#356,.T.);
#165=FACE_OUTER_BOUND('',#357,.T.);
#166=FACE_OUTER_BOUND('',#358,.T.);
#167=FACE_OUTER_BOUND('',#359,.T.);
#168=FACE_OUTER_BOUND('',#360,.T.);
#169=FACE_OUTER_BOUND('',#361,.T.);
#170=FACE_OUTER_BOUND('',#362,.T.);
#171=FACE_OUTER_BOUND('',#363,.T.);
#172=FACE_OUTER_BOUND('',#364,.T.);
#173=FACE_OUTER_BOUND('',#365,.T.);
#174=FACE_OUTER_BOUND('',#366,.T.);
#175=FACE_OUTER_BOUND('',#367,.T.);
#176=FACE_OUTER_BOUND('',#368,.T.);
#177=FACE_OUTER_BOUND('',#369,.T.);
#178=FACE_OUTER_BOUND('',#370,.T.);
#179=FACE_OUTER_BOUND('',#371,.T.);
#180=FACE_OUTER_BOUND('',#372,.T.);
#181=FACE_OUTER_BOUND('',#373,.T.);
#182=FACE_OUTER_BOUND('',#374,.T.);
#183=FACE_OUTER_BOUND('',#375,.T.);
#184=FACE_OUTER_BOUND('',#376,.T.);
#185=FACE_OUTER_BOUND('',#377,.T.);
#186=FACE_OUTER_BOUND('',#378,.T.);
#187=FACE_OUTER_BOUND('',#379,.T.);
#188=FACE_OUTER_BOUND('',#380,.T.);
#189=FACE_OUTER_BOUND('',#381,.T.);
#190=FACE_OUTER_BOUND('',#382,.T.);
#191=FACE_OUTER_BOUND('',#383,.T.);
#192=FACE_OUTER_BOUND('',#384,.T.);
#193=FACE_OUTER_BOUND('',#385,.T.);
#194=FACE_OUTER_BOUND('',#386,.T.);
#195=FACE_OUTER_BOUND('',#387,.T.);
#196=FACE_OUTER_BOUND('',#388,.T.);
#197=FACE_OUTER_BOUND('',#389,.T.);
#198=FACE_OUTER_BOUND('',#390,.T.);
#199=FACE_OUTER_BOUND('',#391,.T.);
#200=FACE_OUTER_BOUND('',#392,.T.);
#201=FACE_OUTER_BOUND('',#393,.T.);
#202=FACE_OUTER_BOUND('',#394,.T.);
#203=FACE_OUTER_BOUND('',#395,.T.);
#204=FACE_OUTER_BOUND('',#396,.T.);
#205=FACE_OUTER_BOUND('',#397,.T.);
#206=FACE_OUTER_BOUND('',#398,.T.);
#207=FACE_OUTER_BOUND('',#399,.T.);
#208=FACE_OUTER_BOUND('',#400,.T.);
#209=FACE_OUTER_BOUND('',#401,.T.);
#210=FACE_OUTER_BOUND('',#402,.T.);
#211=FACE_OUTER_BOUND('',#403,.T.);
#212=FACE_OUTER_BOUND('',#404,.T.);
#213=FACE_OUTER_BOUND('',#405,.T.);
#214=FACE_OUTER_BOUND('',#406,.T.);
#215=FACE_OUTER_BOUND('',#407,.T.);
#216=FACE_OUTER_BOUND('',#408,.T.);
#217=FACE_OUTER_BOUND('',#414,.T.);
#218=FACE_OUTER_BOUND('',#416,.T.);
#219=FACE_OUTER_BOUND('',#417,.T.);
#220=FACE_OUTER_BOUND('',#418,.T.);
#221=FACE_OUTER_BOUND('',#419,.T.);
#222=FACE_OUTER_BOUND('',#420,.T.);
#223=FACE_OUTER_BOUND('',#421,.T.);
#224=FACE_OUTER_BOUND('',#422,.T.);
#225=FACE_OUTER_BOUND('',#423,.T.);
#226=FACE_OUTER_BOUND('',#424,.T.);
#227=FACE_OUTER_BOUND('',#426,.T.);
#228=FACE_OUTER_BOUND('',#428,.T.);
#229=FACE_OUTER_BOUND('',#429,.T.);
#230=FACE_OUTER_BOUND('',#430,.T.);
#231=FACE_OUTER_BOUND('',#431,.T.);
#232=FACE_OUTER_BOUND('',#432,.T.);
#233=FACE_OUTER_BOUND('',#433,.T.);
#234=FACE_OUTER_BOUND('',#435,.T.);
#235=EDGE_LOOP('',(#2135,#2136,#2137,#2138));
#236=EDGE_LOOP('',(#2139,#2140,#2141,#2142));
#237=EDGE_LOOP('',(#2143,#2144,#2145,#2146));
#238=EDGE_LOOP('',(#2147,#2148,#2149,#2150));
#239=EDGE_LOOP('',(#2151,#2152,#2153,#2154));
#240=EDGE_LOOP('',(#2155,#2156,#2157,#2158));
#241=EDGE_LOOP('',(#2159,#2160,#2161,#2162));
#242=EDGE_LOOP('',(#2163,#2164,#2165,#2166));
#243=EDGE_LOOP('',(#2167,#2168,#2169,#2170));
#244=EDGE_LOOP('',(#2171,#2172,#2173,#2174));
#245=EDGE_LOOP('',(#2175,#2176,#2177,#2178));
#246=EDGE_LOOP('',(#2179,#2180,#2181,#2182));
#247=EDGE_LOOP('',(#2183,#2184,#2185,#2186));
#248=EDGE_LOOP('',(#2187,#2188,#2189,#2190));
#249=EDGE_LOOP('',(#2191,#2192,#2193,#2194));
#250=EDGE_LOOP('',(#2195,#2196,#2197,#2198));
#251=EDGE_LOOP('',(#2199,#2200,#2201,#2202));
#252=EDGE_LOOP('',(#2203,#2204,#2205,#2206));
#253=EDGE_LOOP('',(#2207,#2208,#2209,#2210));
#254=EDGE_LOOP('',(#2211,#2212,#2213,#2214));
#255=EDGE_LOOP('',(#2215,#2216,#2217,#2218));
#256=EDGE_LOOP('',(#2219,#2220,#2221,#2222));
#257=EDGE_LOOP('',(#2223,#2224,#2225,#2226));
#258=EDGE_LOOP('',(#2227,#2228,#2229,#2230));
#259=EDGE_LOOP('',(#2231,#2232,#2233,#2234));
#260=EDGE_LOOP('',(#2235,#2236,#2237,#2238));
#261=EDGE_LOOP('',(#2239,#2240,#2241,#2242));
#262=EDGE_LOOP('',(#2243,#2244,#2245,#2246));
#263=EDGE_LOOP('',(#2247,#2248,#2249,#2250));
#264=EDGE_LOOP('',(#2251,#2252,#2253,#2254));
#265=EDGE_LOOP('',(#2255,#2256,#2257,#2258));
#266=EDGE_LOOP('',(#2259,#2260,#2261,#2262));
#267=EDGE_LOOP('',(#2263,#2264,#2265,#2266));
#268=EDGE_LOOP('',(#2267,#2268,#2269,#2270));
#269=EDGE_LOOP('',(#2271,#2272,#2273,#2274));
#270=EDGE_LOOP('',(#2275,#2276,#2277,#2278));
#271=EDGE_LOOP('',(#2279,#2280,#2281,#2282));
#272=EDGE_LOOP('',(#2283,#2284,#2285,#2286));
#273=EDGE_LOOP('',(#2287,#2288,#2289,#2290));
#274=EDGE_LOOP('',(#2291,#2292,#2293,#2294));
#275=EDGE_LOOP('',(#2295,#2296,#2297,#2298));
#276=EDGE_LOOP('',(#2299,#2300,#2301,#2302));
#277=EDGE_LOOP('',(#2303,#2304,#2305,#2306));
#278=EDGE_LOOP('',(#2307,#2308,#2309,#2310));
#279=EDGE_LOOP('',(#2311,#2312,#2313,#2314));
#280=EDGE_LOOP('',(#2315,#2316,#2317,#2318));
#281=EDGE_LOOP('',(#2319,#2320,#2321,#2322));
#282=EDGE_LOOP('',(#2323,#2324,#2325,#2326));
#283=EDGE_LOOP('',(#2327,#2328,#2329,#2330,#2331,#2332,#2333,#2334,#2335,
#2336,#2337,#2338,#2339,#2340,#2341,#2342,#2343,#2344,#2345,#2346));
#284=EDGE_LOOP('',(#2347,#2348,#2349,#2350));
#285=EDGE_LOOP('',(#2351,#2352,#2353,#2354));
#286=EDGE_LOOP('',(#2355,#2356,#2357,#2358));
#287=EDGE_LOOP('',(#2359,#2360,#2361,#2362));
#288=EDGE_LOOP('',(#2363,#2364,#2365,#2366));
#289=EDGE_LOOP('',(#2367,#2368,#2369,#2370));
#290=EDGE_LOOP('',(#2371,#2372,#2373,#2374));
#291=EDGE_LOOP('',(#2375,#2376,#2377,#2378));
#292=EDGE_LOOP('',(#2379,#2380,#2381,#2382));
#293=EDGE_LOOP('',(#2383,#2384,#2385,#2386));
#294=EDGE_LOOP('',(#2387,#2388,#2389,#2390));
#295=EDGE_LOOP('',(#2391,#2392,#2393,#2394));
#296=EDGE_LOOP('',(#2395,#2396,#2397,#2398));
#297=EDGE_LOOP('',(#2399,#2400,#2401,#2402));
#298=EDGE_LOOP('',(#2403,#2404,#2405,#2406));
#299=EDGE_LOOP('',(#2407,#2408,#2409,#2410));
#300=EDGE_LOOP('',(#2411,#2412,#2413,#2414));
#301=EDGE_LOOP('',(#2415,#2416,#2417,#2418));
#302=EDGE_LOOP('',(#2419,#2420,#2421,#2422));
#303=EDGE_LOOP('',(#2423,#2424,#2425,#2426));
#304=EDGE_LOOP('',(#2427,#2428,#2429,#2430));
#305=EDGE_LOOP('',(#2431,#2432,#2433,#2434));
#306=EDGE_LOOP('',(#2435,#2436,#2437,#2438));
#307=EDGE_LOOP('',(#2439,#2440,#2441,#2442));
#308=EDGE_LOOP('',(#2443,#2444,#2445,#2446));
#309=EDGE_LOOP('',(#2447,#2448,#2449,#2450));
#310=EDGE_LOOP('',(#2451,#2452,#2453,#2454));
#311=EDGE_LOOP('',(#2455,#2456,#2457,#2458));
#312=EDGE_LOOP('',(#2459,#2460,#2461,#2462));
#313=EDGE_LOOP('',(#2463,#2464,#2465,#2466));
#314=EDGE_LOOP('',(#2467,#2468,#2469,#2470));
#315=EDGE_LOOP('',(#2471,#2472,#2473,#2474));
#316=EDGE_LOOP('',(#2475,#2476,#2477,#2478));
#317=EDGE_LOOP('',(#2479,#2480,#2481,#2482));
#318=EDGE_LOOP('',(#2483,#2484,#2485,#2486));
#319=EDGE_LOOP('',(#2487,#2488,#2489,#2490));
#320=EDGE_LOOP('',(#2491,#2492,#2493,#2494));
#321=EDGE_LOOP('',(#2495,#2496,#2497,#2498));
#322=EDGE_LOOP('',(#2499,#2500,#2501,#2502));
#323=EDGE_LOOP('',(#2503,#2504,#2505,#2506));
#324=EDGE_LOOP('',(#2507,#2508,#2509,#2510));
#325=EDGE_LOOP('',(#2511,#2512,#2513,#2514));
#326=EDGE_LOOP('',(#2515,#2516,#2517,#2518));
#327=EDGE_LOOP('',(#2519,#2520,#2521,#2522));
#328=EDGE_LOOP('',(#2523,#2524,#2525,#2526));
#329=EDGE_LOOP('',(#2527,#2528,#2529,#2530));
#330=EDGE_LOOP('',(#2531,#2532,#2533,#2534));
#331=EDGE_LOOP('',(#2535,#2536,#2537,#2538));
#332=EDGE_LOOP('',(#2539,#2540,#2541,#2542));
#333=EDGE_LOOP('',(#2543,#2544,#2545,#2546));
#334=EDGE_LOOP('',(#2547,#2548,#2549,#2550));
#335=EDGE_LOOP('',(#2551,#2552,#2553,#2554));
#336=EDGE_LOOP('',(#2555,#2556,#2557,#2558));
#337=EDGE_LOOP('',(#2559,#2560,#2561,#2562));
#338=EDGE_LOOP('',(#2563,#2564,#2565,#2566));
#339=EDGE_LOOP('',(#2567,#2568,#2569,#2570));
#340=EDGE_LOOP('',(#2571,#2572,#2573,#2574));
#341=EDGE_LOOP('',(#2575,#2576,#2577,#2578));
#342=EDGE_LOOP('',(#2579,#2580,#2581,#2582));
#343=EDGE_LOOP('',(#2583,#2584,#2585,#2586));
#344=EDGE_LOOP('',(#2587,#2588,#2589,#2590));
#345=EDGE_LOOP('',(#2591,#2592,#2593,#2594));
#346=EDGE_LOOP('',(#2595,#2596,#2597,#2598));
#347=EDGE_LOOP('',(#2599,#2600,#2601,#2602));
#348=EDGE_LOOP('',(#2603,#2604,#2605,#2606));
#349=EDGE_LOOP('',(#2607,#2608,#2609,#2610));
#350=EDGE_LOOP('',(#2611,#2612,#2613,#2614));
#351=EDGE_LOOP('',(#2615,#2616,#2617,#2618));
#352=EDGE_LOOP('',(#2619,#2620,#2621,#2622));
#353=EDGE_LOOP('',(#2623,#2624,#2625,#2626));
#354=EDGE_LOOP('',(#2627,#2628,#2629,#2630));
#355=EDGE_LOOP('',(#2631,#2632,#2633,#2634));
#356=EDGE_LOOP('',(#2635,#2636,#2637,#2638));
#357=EDGE_LOOP('',(#2639,#2640,#2641,#2642));
#358=EDGE_LOOP('',(#2643,#2644,#2645,#2646));
#359=EDGE_LOOP('',(#2647,#2648,#2649,#2650));
#360=EDGE_LOOP('',(#2651,#2652,#2653,#2654));
#361=EDGE_LOOP('',(#2655,#2656,#2657,#2658));
#362=EDGE_LOOP('',(#2659,#2660,#2661,#2662));
#363=EDGE_LOOP('',(#2663,#2664,#2665,#2666));
#364=EDGE_LOOP('',(#2667,#2668,#2669,#2670));
#365=EDGE_LOOP('',(#2671,#2672,#2673,#2674));
#366=EDGE_LOOP('',(#2675,#2676,#2677,#2678));
#367=EDGE_LOOP('',(#2679,#2680,#2681,#2682));
#368=EDGE_LOOP('',(#2683,#2684,#2685,#2686));
#369=EDGE_LOOP('',(#2687,#2688,#2689,#2690));
#370=EDGE_LOOP('',(#2691,#2692,#2693,#2694));
#371=EDGE_LOOP('',(#2695,#2696,#2697,#2698));
#372=EDGE_LOOP('',(#2699,#2700,#2701,#2702));
#373=EDGE_LOOP('',(#2703,#2704,#2705,#2706));
#374=EDGE_LOOP('',(#2707,#2708,#2709,#2710));
#375=EDGE_LOOP('',(#2711,#2712,#2713,#2714));
#376=EDGE_LOOP('',(#2715,#2716,#2717,#2718));
#377=EDGE_LOOP('',(#2719,#2720,#2721,#2722));
#378=EDGE_LOOP('',(#2723,#2724,#2725,#2726));
#379=EDGE_LOOP('',(#2727,#2728,#2729,#2730));
#380=EDGE_LOOP('',(#2731,#2732,#2733,#2734));
#381=EDGE_LOOP('',(#2735,#2736,#2737,#2738));
#382=EDGE_LOOP('',(#2739,#2740,#2741,#2742));
#383=EDGE_LOOP('',(#2743,#2744,#2745,#2746));
#384=EDGE_LOOP('',(#2747,#2748,#2749,#2750));
#385=EDGE_LOOP('',(#2751,#2752,#2753,#2754));
#386=EDGE_LOOP('',(#2755,#2756,#2757,#2758));
#387=EDGE_LOOP('',(#2759,#2760,#2761,#2762));
#388=EDGE_LOOP('',(#2763,#2764,#2765,#2766));
#389=EDGE_LOOP('',(#2767,#2768,#2769,#2770));
#390=EDGE_LOOP('',(#2771,#2772,#2773,#2774));
#391=EDGE_LOOP('',(#2775,#2776,#2777,#2778));
#392=EDGE_LOOP('',(#2779,#2780,#2781,#2782));
#393=EDGE_LOOP('',(#2783,#2784,#2785,#2786));
#394=EDGE_LOOP('',(#2787,#2788,#2789,#2790));
#395=EDGE_LOOP('',(#2791,#2792,#2793,#2794));
#396=EDGE_LOOP('',(#2795,#2796,#2797,#2798));
#397=EDGE_LOOP('',(#2799,#2800,#2801,#2802));
#398=EDGE_LOOP('',(#2803,#2804,#2805,#2806));
#399=EDGE_LOOP('',(#2807,#2808,#2809,#2810));
#400=EDGE_LOOP('',(#2811,#2812,#2813,#2814));
#401=EDGE_LOOP('',(#2815,#2816,#2817,#2818));
#402=EDGE_LOOP('',(#2819,#2820,#2821,#2822));
#403=EDGE_LOOP('',(#2823,#2824,#2825,#2826));
#404=EDGE_LOOP('',(#2827,#2828,#2829,#2830));
#405=EDGE_LOOP('',(#2831,#2832,#2833,#2834));
#406=EDGE_LOOP('',(#2835,#2836,#2837,#2838));
#407=EDGE_LOOP('',(#2839,#2840,#2841,#2842));
#408=EDGE_LOOP('',(#2843,#2844,#2845,#2846,#2847,#2848,#2849,#2850,#2851,
#2852,#2853,#2854,#2855,#2856,#2857,#2858,#2859,#2860,#2861,#2862,#2863,
#2864,#2865,#2866,#2867,#2868,#2869,#2870,#2871,#2872,#2873,#2874,#2875,
#2876,#2877,#2878,#2879,#2880,#2881,#2882,#2883,#2884,#2885,#2886,#2887,
#2888,#2889,#2890,#2891,#2892,#2893,#2894,#2895,#2896,#2897,#2898,#2899,
#2900,#2901,#2902,#2903,#2904,#2905,#2906,#2907,#2908,#2909,#2910,#2911,
#2912,#2913,#2914,#2915,#2916,#2917,#2918,#2919,#2920,#2921,#2922,#2923,
#2924,#2925,#2926,#2927,#2928,#2929,#2930,#2931,#2932,#2933,#2934,#2935,
#2936,#2937,#2938,#2939,#2940,#2941,#2942,#2943,#2944,#2945,#2946,#2947,
#2948,#2949,#2950,#2951,#2952,#2953,#2954,#2955,#2956,#2957,#2958,#2959,
#2960,#2961,#2962,#2963,#2964,#2965,#2966,#2967,#2968,#2969,#2970,#2971,
#2972,#2973,#2974,#2975,#2976,#2977,#2978,#2979,#2980,#2981,#2982,#2983,
#2984,#2985,#2986));
#409=EDGE_LOOP('',(#2987,#2988,#2989,#2990,#2991,#2992,#2993,#2994));
#410=EDGE_LOOP('',(#2995,#2996,#2997,#2998,#2999,#3000,#3001,#3002));
#411=EDGE_LOOP('',(#3003));
#412=EDGE_LOOP('',(#3004,#3005,#3006,#3007,#3008,#3009,#3010,#3011));
#413=EDGE_LOOP('',(#3012,#3013,#3014,#3015,#3016,#3017,#3018,#3019));
#414=EDGE_LOOP('',(#3020,#3021,#3022,#3023,#3024,#3025,#3026,#3027,#3028,
#3029,#3030,#3031,#3032,#3033,#3034,#3035,#3036,#3037,#3038,#3039,#3040,
#3041,#3042,#3043,#3044,#3045,#3046,#3047,#3048,#3049,#3050,#3051,#3052,
#3053,#3054,#3055,#3056,#3057,#3058,#3059,#3060,#3061,#3062,#3063,#3064,
#3065,#3066,#3067,#3068,#3069,#3070,#3071,#3072,#3073,#3074,#3075,#3076,
#3077,#3078,#3079,#3080,#3081,#3082,#3083,#3084,#3085,#3086,#3087,#3088,
#3089,#3090,#3091,#3092,#3093,#3094,#3095,#3096,#3097,#3098,#3099,#3100,
#3101,#3102,#3103,#3104,#3105,#3106,#3107,#3108,#3109,#3110,#3111,#3112,
#3113,#3114,#3115,#3116,#3117,#3118,#3119,#3120,#3121,#3122,#3123,#3124,
#3125,#3126,#3127,#3128,#3129,#3130,#3131,#3132,#3133,#3134,#3135,#3136,
#3137,#3138,#3139,#3140,#3141,#3142,#3143,#3144,#3145,#3146,#3147,#3148,
#3149,#3150,#3151,#3152,#3153,#3154,#3155,#3156,#3157,#3158,#3159,#3160,
#3161,#3162,#3163));
#415=EDGE_LOOP('',(#3164,#3165,#3166,#3167,#3168,#3169,#3170,#3171,#3172,
#3173,#3174,#3175,#3176,#3177,#3178,#3179,#3180,#3181,#3182,#3183,#3184,
#3185,#3186,#3187,#3188,#3189,#3190,#3191,#3192,#3193,#3194,#3195,#3196));
#416=EDGE_LOOP('',(#3197,#3198,#3199,#3200));
#417=EDGE_LOOP('',(#3201,#3202,#3203,#3204));
#418=EDGE_LOOP('',(#3205,#3206,#3207,#3208));
#419=EDGE_LOOP('',(#3209,#3210,#3211,#3212));
#420=EDGE_LOOP('',(#3213,#3214,#3215,#3216));
#421=EDGE_LOOP('',(#3217,#3218,#3219,#3220));
#422=EDGE_LOOP('',(#3221,#3222,#3223,#3224));
#423=EDGE_LOOP('',(#3225,#3226,#3227,#3228));
#424=EDGE_LOOP('',(#3229));
#425=EDGE_LOOP('',(#3230));
#426=EDGE_LOOP('',(#3231));
#427=EDGE_LOOP('',(#3232,#3233,#3234,#3235,#3236,#3237,#3238,#3239,#3240,
#3241,#3242,#3243));
#428=EDGE_LOOP('',(#3244,#3245,#3246,#3247));
#429=EDGE_LOOP('',(#3248,#3249,#3250,#3251));
#430=EDGE_LOOP('',(#3252,#3253,#3254,#3255));
#431=EDGE_LOOP('',(#3256,#3257,#3258,#3259));
#432=EDGE_LOOP('',(#3260,#3261,#3262,#3263));
#433=EDGE_LOOP('',(#3264,#3265,#3266,#3267,#3268,#3269,#3270,#3271,#3272,
#3273,#3274,#3275));
#434=EDGE_LOOP('',(#3276));
#435=EDGE_LOOP('',(#3277,#3278,#3279,#3280));
#436=B_SPLINE_CURVE_WITH_KNOTS('',3,(#5479,#5480,#5481,#5482),
 .UNSPECIFIED.,.F.,.F.,(4,4),(10.3680895417748,14.0069106194928),
 .UNSPECIFIED.);
#437=B_SPLINE_CURVE_WITH_KNOTS('',3,(#5489,#5490,#5491,#5492),
 .UNSPECIFIED.,.F.,.F.,(4,4),(10.3680895417748,14.0069106194928),
 .UNSPECIFIED.);
#438=B_SPLINE_CURVE_WITH_KNOTS('',3,(#5501,#5502,#5503,#5504),
 .UNSPECIFIED.,.F.,.F.,(4,4),(10.3680895342897,14.0069106093807),
 .UNSPECIFIED.);
#439=B_SPLINE_CURVE_WITH_KNOTS('',3,(#5515,#5516,#5517,#5518),
 .UNSPECIFIED.,.F.,.F.,(4,4),(10.3680895455147,14.0069106245452),
 .UNSPECIFIED.);
#440=B_SPLINE_CURVE_WITH_KNOTS('',3,(#5525,#5526,#5527,#5528),
 .UNSPECIFIED.,.F.,.F.,(4,4),(10.368089530388,14.0069106041098),
 .UNSPECIFIED.);
#441=B_SPLINE_CURVE_WITH_KNOTS('',3,(#5539,#5540,#5541,#5542),
 .UNSPECIFIED.,.F.,.F.,(4,4),(10.3680895426855,14.0069106207231),
 .UNSPECIFIED.);
#442=B_SPLINE_CURVE_WITH_KNOTS('',3,(#5549,#5550,#5551,#5552),
 .UNSPECIFIED.,.F.,.F.,(4,4),(10.3680895350607,14.0069106104224),
 .UNSPECIFIED.);
#443=B_SPLINE_CURVE_WITH_KNOTS('',3,(#5563,#5564,#5565,#5566),
 .UNSPECIFIED.,.F.,.F.,(4,4),(10.3680895350607,14.0069106104224),
 .UNSPECIFIED.);
#444=B_SPLINE_CURVE_WITH_KNOTS('',3,(#5573,#5574,#5575,#5576),
 .UNSPECIFIED.,.F.,.F.,(4,4),(10.3680895426855,14.0069106207231),
 .UNSPECIFIED.);
#445=B_SPLINE_CURVE_WITH_KNOTS('',3,(#5587,#5588,#5589,#5590),
 .UNSPECIFIED.,.F.,.F.,(4,4),(10.3680895303881,14.0069106041098),
 .UNSPECIFIED.);
#446=B_SPLINE_CURVE_WITH_KNOTS('',3,(#5597,#5598,#5599,#5600),
 .UNSPECIFIED.,.F.,.F.,(4,4),(10.3680895455147,14.0069106245453),
 .UNSPECIFIED.);
#447=B_SPLINE_CURVE_WITH_KNOTS('',3,(#5611,#5612,#5613,#5614),
 .UNSPECIFIED.,.F.,.F.,(4,4),(10.3680895342897,14.0069106093807),
 .UNSPECIFIED.);
#448=B_SPLINE_CURVE_WITH_KNOTS('',3,(#5619,#5620,#5621,#5622),
 .UNSPECIFIED.,.F.,.F.,(4,4),(10.3680895417748,14.0069106194928),
 .UNSPECIFIED.);
#449=B_SPLINE_CURVE_WITH_KNOTS('',3,(#5635,#5636,#5637,#5638),
 .UNSPECIFIED.,.F.,.F.,(4,4),(10.3680895417748,14.0069106194928),
 .UNSPECIFIED.);
#450=B_SPLINE_CURVE_WITH_KNOTS('',3,(#5643,#5644,#5645,#5646),
 .UNSPECIFIED.,.F.,.F.,(4,4),(10.3680895342897,14.0069106093807),
 .UNSPECIFIED.);
#451=B_SPLINE_CURVE_WITH_KNOTS('',3,(#5659,#5660,#5661,#5662),
 .UNSPECIFIED.,.F.,.F.,(4,4),(10.3680895455147,14.0069106245452),
 .UNSPECIFIED.);
#452=B_SPLINE_CURVE_WITH_KNOTS('',3,(#5667,#5668,#5669,#5670),
 .UNSPECIFIED.,.F.,.F.,(4,4),(10.3680895303881,14.0069106041098),
 .UNSPECIFIED.);
#453=B_SPLINE_CURVE_WITH_KNOTS('',3,(#5684,#5685,#5686,#5687),
 .UNSPECIFIED.,.F.,.F.,(4,4),(10.3680895426855,14.0069106207231),
 .UNSPECIFIED.);
#454=B_SPLINE_CURVE_WITH_KNOTS('',3,(#5691,#5692,#5693,#5694),
 .UNSPECIFIED.,.F.,.F.,(4,4),(10.3680895350607,14.0069106104224),
 .UNSPECIFIED.);
#455=B_SPLINE_CURVE_WITH_KNOTS('',3,(#5708,#5709,#5710,#5711),
 .UNSPECIFIED.,.F.,.F.,(4,4),(10.3680895350607,14.0069106104224),
 .UNSPECIFIED.);
#456=B_SPLINE_CURVE_WITH_KNOTS('',3,(#5715,#5716,#5717,#5718),
 .UNSPECIFIED.,.F.,.F.,(4,4),(10.3680895426855,14.0069106207231),
 .UNSPECIFIED.);
#457=B_SPLINE_CURVE_WITH_KNOTS('',3,(#5732,#5733,#5734,#5735),
 .UNSPECIFIED.,.F.,.F.,(4,4),(10.3680895303881,14.0069106041098),
 .UNSPECIFIED.);
#458=B_SPLINE_CURVE_WITH_KNOTS('',3,(#5739,#5740,#5741,#5742),
 .UNSPECIFIED.,.F.,.F.,(4,4),(10.3680895455147,14.0069106245452),
 .UNSPECIFIED.);
#459=B_SPLINE_CURVE_WITH_KNOTS('',3,(#5756,#5757,#5758,#5759),
 .UNSPECIFIED.,.F.,.F.,(4,4),(10.3680895342897,14.0069106093807),
 .UNSPECIFIED.);
#460=B_SPLINE_CURVE_WITH_KNOTS('',3,(#5763,#5764,#5765,#5766),
 .UNSPECIFIED.,.F.,.F.,(4,4),(10.3680895417748,14.0069106194928),
 .UNSPECIFIED.);
#461=B_SPLINE_CURVE_WITH_KNOTS('',3,(#5780,#5781,#5782,#5783),
 .UNSPECIFIED.,.F.,.F.,(4,4),(10.3680895417748,14.0069106194928),
 .UNSPECIFIED.);
#462=B_SPLINE_CURVE_WITH_KNOTS('',3,(#5787,#5788,#5789,#5790),
 .UNSPECIFIED.,.F.,.F.,(4,4),(10.3680895342897,14.0069106093807),
 .UNSPECIFIED.);
#463=B_SPLINE_CURVE_WITH_KNOTS('',3,(#5804,#5805,#5806,#5807),
 .UNSPECIFIED.,.F.,.F.,(4,4),(10.3680895455147,14.0069106245452),
 .UNSPECIFIED.);
#464=B_SPLINE_CURVE_WITH_KNOTS('',3,(#5811,#5812,#5813,#5814),
 .UNSPECIFIED.,.F.,.F.,(4,4),(10.368089530388,14.0069106041098),
 .UNSPECIFIED.);
#465=B_SPLINE_CURVE_WITH_KNOTS('',3,(#5828,#5829,#5830,#5831),
 .UNSPECIFIED.,.F.,.F.,(4,4),(10.3680895426855,14.0069106207231),
 .UNSPECIFIED.);
#466=B_SPLINE_CURVE_WITH_KNOTS('',3,(#5835,#5836,#5837,#5838),
 .UNSPECIFIED.,.F.,.F.,(4,4),(10.3680895350607,14.0069106104224),
 .UNSPECIFIED.);
#467=B_SPLINE_CURVE_WITH_KNOTS('',3,(#5852,#5853,#5854,#5855),
 .UNSPECIFIED.,.F.,.F.,(4,4),(10.3680895350607,14.0069106104224),
 .UNSPECIFIED.);
#468=B_SPLINE_CURVE_WITH_KNOTS('',3,(#5859,#5860,#5861,#5862),
 .UNSPECIFIED.,.F.,.F.,(4,4),(10.3680895426855,14.0069106207231),
 .UNSPECIFIED.);
#469=B_SPLINE_CURVE_WITH_KNOTS('',3,(#5876,#5877,#5878,#5879),
 .UNSPECIFIED.,.F.,.F.,(4,4),(10.3680895303881,14.0069106041098),
 .UNSPECIFIED.);
#470=B_SPLINE_CURVE_WITH_KNOTS('',3,(#5883,#5884,#5885,#5886),
 .UNSPECIFIED.,.F.,.F.,(4,4),(10.3680895455147,14.0069106245453),
 .UNSPECIFIED.);
#471=B_SPLINE_CURVE_WITH_KNOTS('',3,(#5900,#5901,#5902,#5903),
 .UNSPECIFIED.,.F.,.F.,(4,4),(10.3680895342897,14.0069106093807),
 .UNSPECIFIED.);
#472=B_SPLINE_CURVE_WITH_KNOTS('',3,(#5907,#5908,#5909,#5910),
 .UNSPECIFIED.,.F.,.F.,(4,4),(10.3680895417748,14.0069106194928),
 .UNSPECIFIED.);
#473=B_SPLINE_CURVE_WITH_KNOTS('',3,(#5924,#5925,#5926,#5927),
 .UNSPECIFIED.,.F.,.F.,(4,4),(10.3680895417748,14.0069106194928),
 .UNSPECIFIED.);
#474=B_SPLINE_CURVE_WITH_KNOTS('',3,(#5933,#5934,#5935,#5936),
 .UNSPECIFIED.,.F.,.F.,(4,4),(10.3680895342897,14.0069106093807),
 .UNSPECIFIED.);
#475=B_SPLINE_CURVE_WITH_KNOTS('',3,(#5947,#5948,#5949,#5950),
 .UNSPECIFIED.,.F.,.F.,(4,4),(10.3680895455147,14.0069106245452),
 .UNSPECIFIED.);
#476=B_SPLINE_CURVE_WITH_KNOTS('',3,(#5957,#5958,#5959,#5960),
 .UNSPECIFIED.,.F.,.F.,(4,4),(10.3680895303881,14.0069106041098),
 .UNSPECIFIED.);
#477=B_SPLINE_CURVE_WITH_KNOTS('',3,(#5971,#5972,#5973,#5974),
 .UNSPECIFIED.,.F.,.F.,(4,4),(10.3680895426855,14.0069106207231),
 .UNSPECIFIED.);
#478=B_SPLINE_CURVE_WITH_KNOTS('',3,(#5981,#5982,#5983,#5984),
 .UNSPECIFIED.,.F.,.F.,(4,4),(10.3680895350607,14.0069106104224),
 .UNSPECIFIED.);
#479=B_SPLINE_CURVE_WITH_KNOTS('',3,(#5995,#5996,#5997,#5998),
 .UNSPECIFIED.,.F.,.F.,(4,4),(10.3680895350607,14.0069106104224),
 .UNSPECIFIED.);
#480=B_SPLINE_CURVE_WITH_KNOTS('',3,(#6005,#6006,#6007,#6008),
 .UNSPECIFIED.,.F.,.F.,(4,4),(10.3680895426855,14.0069106207231),
 .UNSPECIFIED.);
#481=B_SPLINE_CURVE_WITH_KNOTS('',3,(#6019,#6020,#6021,#6022),
 .UNSPECIFIED.,.F.,.F.,(4,4),(10.3680895303881,14.0069106041098),
 .UNSPECIFIED.);
#482=B_SPLINE_CURVE_WITH_KNOTS('',3,(#6029,#6030,#6031,#6032),
 .UNSPECIFIED.,.F.,.F.,(4,4),(10.3680895455147,14.0069106245452),
 .UNSPECIFIED.);
#483=B_SPLINE_CURVE_WITH_KNOTS('',3,(#6043,#6044,#6045,#6046),
 .UNSPECIFIED.,.F.,.F.,(4,4),(10.3680895342897,14.0069106093807),
 .UNSPECIFIED.);
#484=CIRCLE('',#3661,6.65245755731883);
#485=CIRCLE('',#3662,6.65245755731883);
#486=CIRCLE('',#3664,6.65245755731883);
#487=CIRCLE('',#3665,6.65245755731883);
#488=CIRCLE('',#3667,6.65242363618568);
#489=CIRCLE('',#3668,6.65242363618568);
#490=CIRCLE('',#3670,6.65247468227114);
#491=CIRCLE('',#3671,6.65247468227114);
#492=CIRCLE('',#3673,6.65241224492328);
#493=CIRCLE('',#3674,6.65241224492328);
#494=CIRCLE('',#3676,6.65245881434985);
#495=CIRCLE('',#3677,6.65245881434985);
#496=CIRCLE('',#3679,6.65242802966073);
#497=CIRCLE('',#3680,6.65242802966073);
#498=CIRCLE('',#3682,6.65242802966075);
#499=CIRCLE('',#3683,6.65242802966075);
#500=CIRCLE('',#3685,6.65245881434985);
#501=CIRCLE('',#3686,6.65245881434985);
#502=CIRCLE('',#3688,6.65241224492327);
#503=CIRCLE('',#3689,6.65241224492327);
#504=CIRCLE('',#3691,6.65247468227114);
#505=CIRCLE('',#3692,6.65247468227114);
#506=CIRCLE('',#3694,6.65242363618568);
#507=CIRCLE('',#3695,6.65242363618568);
#508=CIRCLE('',#3697,6.65245755731882);
#509=CIRCLE('',#3698,6.65245755731882);
#510=CIRCLE('',#3700,6.65245755731882);
#511=CIRCLE('',#3701,6.65245755731882);
#512=CIRCLE('',#3703,6.65242363618568);
#513=CIRCLE('',#3704,6.65242363618568);
#514=CIRCLE('',#3706,6.65247468227114);
#515=CIRCLE('',#3707,6.65247468227114);
#516=CIRCLE('',#3709,6.65241224492327);
#517=CIRCLE('',#3710,6.65241224492327);
#518=CIRCLE('',#3712,6.65245881434985);
#519=CIRCLE('',#3713,6.65245881434985);
#520=CIRCLE('',#3715,6.65242802966075);
#521=CIRCLE('',#3716,6.65242802966075);
#522=CIRCLE('',#3718,6.65242802966073);
#523=CIRCLE('',#3719,6.65242802966073);
#524=CIRCLE('',#3721,6.65245881434985);
#525=CIRCLE('',#3722,6.65245881434985);
#526=CIRCLE('',#3724,6.65241224492328);
#527=CIRCLE('',#3725,6.65241224492328);
#528=CIRCLE('',#3727,6.65247468227114);
#529=CIRCLE('',#3728,6.65247468227114);
#530=CIRCLE('',#3730,6.65242363618568);
#531=CIRCLE('',#3731,6.65242363618568);
#532=CIRCLE('',#3733,6.65245755731883);
#533=CIRCLE('',#3734,6.65245755731883);
#534=CIRCLE('',#3736,6.65245755731883);
#535=CIRCLE('',#3737,6.65245755731883);
#536=CIRCLE('',#3739,6.65242363618568);
#537=CIRCLE('',#3740,6.65242363618568);
#538=CIRCLE('',#3742,6.65247468227114);
#539=CIRCLE('',#3743,6.65247468227114);
#540=CIRCLE('',#3745,6.65241224492328);
#541=CIRCLE('',#3746,6.65241224492328);
#542=CIRCLE('',#3748,6.65245881434985);
#543=CIRCLE('',#3749,6.65245881434985);
#544=CIRCLE('',#3751,6.65242802966073);
#545=CIRCLE('',#3752,6.65242802966073);
#546=CIRCLE('',#3754,6.65242802966075);
#547=CIRCLE('',#3755,6.65242802966075);
#548=CIRCLE('',#3757,6.65245881434985);
#549=CIRCLE('',#3758,6.65245881434985);
#550=CIRCLE('',#3760,6.65241224492327);
#551=CIRCLE('',#3761,6.65241224492327);
#552=CIRCLE('',#3763,6.65247468227114);
#553=CIRCLE('',#3764,6.65247468227114);
#554=CIRCLE('',#3766,6.65242363618568);
#555=CIRCLE('',#3767,6.65242363618568);
#556=CIRCLE('',#3769,6.65245755731882);
#557=CIRCLE('',#3770,6.65245755731882);
#558=CIRCLE('',#3772,6.65245755731882);
#559=CIRCLE('',#3773,6.65245755731882);
#560=CIRCLE('',#3775,6.65242363618568);
#561=CIRCLE('',#3776,6.65242363618568);
#562=CIRCLE('',#3778,6.65247468227114);
#563=CIRCLE('',#3779,6.65247468227114);
#564=CIRCLE('',#3781,6.65241224492327);
#565=CIRCLE('',#3782,6.65241224492327);
#566=CIRCLE('',#3784,6.65245881434985);
#567=CIRCLE('',#3785,6.65245881434985);
#568=CIRCLE('',#3787,6.65242802966075);
#569=CIRCLE('',#3788,6.65242802966075);
#570=CIRCLE('',#3790,6.65242802966073);
#571=CIRCLE('',#3791,6.65242802966073);
#572=CIRCLE('',#3793,6.65245881434985);
#573=CIRCLE('',#3794,6.65245881434985);
#574=CIRCLE('',#3796,6.65241224492328);
#575=CIRCLE('',#3797,6.65241224492328);
#576=CIRCLE('',#3799,6.65247468227114);
#577=CIRCLE('',#3800,6.65247468227114);
#578=CIRCLE('',#3802,6.65242363618568);
#579=CIRCLE('',#3803,6.65242363618568);
#580=CIRCLE('',#3805,6.50000002593512);
#581=CIRCLE('',#3806,6.50000002593512);
#582=CIRCLE('',#3807,6.50000002593512);
#583=CIRCLE('',#3808,6.50000002593512);
#584=CIRCLE('',#3809,6.50000002593512);
#585=CIRCLE('',#3810,6.50000002593512);
#586=CIRCLE('',#3811,6.50000002593512);
#587=CIRCLE('',#3812,6.50000002593512);
#588=CIRCLE('',#3813,6.50000002593512);
#589=CIRCLE('',#3814,6.50000002593512);
#590=CIRCLE('',#3816,24.3778820664059);
#591=CIRCLE('',#3817,24.3778820664059);
#592=CIRCLE('',#3819,0.450001045764906);
#593=CIRCLE('',#3820,0.450001045764906);
#594=CIRCLE('',#3822,20.1975235978201);
#595=CIRCLE('',#3823,20.1975235978201);
#596=CIRCLE('',#3825,0.450001045764906);
#597=CIRCLE('',#3826,0.450001045764906);
#598=CIRCLE('',#3828,20.1975235978201);
#599=CIRCLE('',#3829,20.1975235978201);
#600=CIRCLE('',#3831,24.3754854354685);
#601=CIRCLE('',#3832,24.3754854354685);
#602=CIRCLE('',#3834,0.450000554705041);
#603=CIRCLE('',#3835,0.450000554705041);
#604=CIRCLE('',#3837,0.450000058315151);
#605=CIRCLE('',#3838,0.450000058315151);
#606=CIRCLE('',#3840,20.20088226412);
#607=CIRCLE('',#3841,20.20088226412);
#608=CIRCLE('',#3843,24.3739739425357);
#609=CIRCLE('',#3844,24.3739739425357);
#610=CIRCLE('',#3846,0.449998103801421);
#611=CIRCLE('',#3847,0.449998103801421);
#612=CIRCLE('',#3849,0.449999889753855);
#613=CIRCLE('',#3850,0.449999889753855);
#614=CIRCLE('',#3852,20.1986065778579);
#615=CIRCLE('',#3853,20.1986065778579);
#616=CIRCLE('',#3855,24.3704572996004);
#617=CIRCLE('',#3856,24.3704572996004);
#618=CIRCLE('',#3858,0.45000093146424);
#619=CIRCLE('',#3859,0.45000093146424);
#620=CIRCLE('',#3861,0.450000931463604);
#621=CIRCLE('',#3862,0.450000931463604);
#622=CIRCLE('',#3864,20.1986065778574);
#623=CIRCLE('',#3865,20.1986065778574);
#624=CIRCLE('',#3867,24.3739739425354);
#625=CIRCLE('',#3868,24.3739739425354);
#626=CIRCLE('',#3870,0.449999889754013);
#627=CIRCLE('',#3871,0.449999889754013);
#628=CIRCLE('',#3873,0.449998103801282);
#629=CIRCLE('',#3874,0.449998103801282);
#630=CIRCLE('',#3876,20.2008822641208);
#631=CIRCLE('',#3877,20.2008822641208);
#632=CIRCLE('',#3879,24.3754854354688);
#633=CIRCLE('',#3880,24.3754854354688);
#634=CIRCLE('',#3882,0.450000058315151);
#635=CIRCLE('',#3883,0.450000058315151);
#636=CIRCLE('',#3885,0.450000554705041);
#637=CIRCLE('',#3886,0.450000554705041);
#638=CIRCLE('',#3888,20.1975235978191);
#639=CIRCLE('',#3889,20.1975235978191);
#640=CIRCLE('',#3891,24.3778820664077);
#641=CIRCLE('',#3892,24.3778820664077);
#642=CIRCLE('',#3894,0.450001045764889);
#643=CIRCLE('',#3895,0.450001045764889);
#644=CIRCLE('',#3897,0.450001045764889);
#645=CIRCLE('',#3898,0.450001045764889);
#646=CIRCLE('',#3900,20.1975235978191);
#647=CIRCLE('',#3901,20.1975235978191);
#648=CIRCLE('',#3903,24.375485435469);
#649=CIRCLE('',#3904,24.375485435469);
#650=CIRCLE('',#3906,0.450000554705041);
#651=CIRCLE('',#3907,0.450000554705041);
#652=CIRCLE('',#3909,0.450000058315151);
#653=CIRCLE('',#3910,0.450000058315151);
#654=CIRCLE('',#3912,20.2008822641207);
#655=CIRCLE('',#3913,20.2008822641207);
#656=CIRCLE('',#3915,24.3739739425365);
#657=CIRCLE('',#3916,24.3739739425365);
#658=CIRCLE('',#3918,0.449998103801282);
#659=CIRCLE('',#3919,0.449998103801282);
#660=CIRCLE('',#3921,0.449999889754013);
#661=CIRCLE('',#3922,0.449999889754013);
#662=CIRCLE('',#3924,20.1986065778574);
#663=CIRCLE('',#3925,20.1986065778574);
#664=CIRCLE('',#3927,24.3704572996004);
#665=CIRCLE('',#3928,24.3704572996004);
#666=CIRCLE('',#3930,0.450000931463604);
#667=CIRCLE('',#3931,0.450000931463604);
#668=CIRCLE('',#3933,0.45000093146424);
#669=CIRCLE('',#3934,0.45000093146424);
#670=CIRCLE('',#3936,20.1986065778579);
#671=CIRCLE('',#3937,20.1986065778579);
#672=CIRCLE('',#3939,24.3739739425357);
#673=CIRCLE('',#3940,24.3739739425357);
#674=CIRCLE('',#3942,0.449999889753855);
#675=CIRCLE('',#3943,0.449999889753855);
#676=CIRCLE('',#3945,0.449998103801421);
#677=CIRCLE('',#3946,0.449998103801421);
#678=CIRCLE('',#3948,20.2008822641196);
#679=CIRCLE('',#3949,20.2008822641196);
#680=CIRCLE('',#3951,24.3754854354687);
#681=CIRCLE('',#3952,24.3754854354687);
#682=CIRCLE('',#3954,0.450000058315151);
#683=CIRCLE('',#3955,0.450000058315151);
#684=CIRCLE('',#3957,0.450000554705041);
#685=CIRCLE('',#3958,0.450000554705041);
#686=CIRCLE('',#3960,20.1975235978187);
#687=CIRCLE('',#3961,20.1975235978187);
#688=CIRCLE('',#3963,24.3778820664059);
#689=CIRCLE('',#3964,24.3778820664059);
#690=CIRCLE('',#3966,0.450001045764906);
#691=CIRCLE('',#3967,0.450001045764906);
#692=CIRCLE('',#3969,0.450001045764906);
#693=CIRCLE('',#3970,0.450001045764906);
#694=CIRCLE('',#3972,20.1975235978201);
#695=CIRCLE('',#3973,20.1975235978201);
#696=CIRCLE('',#3975,24.3754854354685);
#697=CIRCLE('',#3976,24.3754854354685);
#698=CIRCLE('',#3978,0.450000554705041);
#699=CIRCLE('',#3979,0.450000554705041);
#700=CIRCLE('',#3981,0.450000058315151);
#701=CIRCLE('',#3982,0.450000058315151);
#702=CIRCLE('',#3984,20.20088226412);
#703=CIRCLE('',#3985,20.20088226412);
#704=CIRCLE('',#3987,24.3739739425357);
#705=CIRCLE('',#3988,24.3739739425357);
#706=CIRCLE('',#3990,0.449998103801421);
#707=CIRCLE('',#3991,0.449998103801421);
#708=CIRCLE('',#3993,0.449999889753855);
#709=CIRCLE('',#3994,0.449999889753855);
#710=CIRCLE('',#3996,20.1986065778579);
#711=CIRCLE('',#3997,20.1986065778579);
#712=CIRCLE('',#3999,24.3704572996004);
#713=CIRCLE('',#4000,24.3704572996004);
#714=CIRCLE('',#4002,0.45000093146424);
#715=CIRCLE('',#4003,0.45000093146424);
#716=CIRCLE('',#4005,0.450000931463604);
#717=CIRCLE('',#4006,0.450000931463604);
#718=CIRCLE('',#4008,20.1986065778574);
#719=CIRCLE('',#4009,20.1986065778574);
#720=CIRCLE('',#4011,24.3739739425354);
#721=CIRCLE('',#4012,24.3739739425354);
#722=CIRCLE('',#4014,0.449999889754013);
#723=CIRCLE('',#4015,0.449999889754013);
#724=CIRCLE('',#4017,0.449998103801282);
#725=CIRCLE('',#4018,0.449998103801282);
#726=CIRCLE('',#4020,20.2008822641208);
#727=CIRCLE('',#4021,20.2008822641208);
#728=CIRCLE('',#4023,24.3754854354688);
#729=CIRCLE('',#4024,24.3754854354688);
#730=CIRCLE('',#4026,0.450000058315151);
#731=CIRCLE('',#4027,0.450000058315151);
#732=CIRCLE('',#4029,0.450000554705041);
#733=CIRCLE('',#4030,0.450000554705041);
#734=CIRCLE('',#4032,20.1975235978191);
#735=CIRCLE('',#4033,20.1975235978191);
#736=CIRCLE('',#4035,24.3778820664077);
#737=CIRCLE('',#4036,24.3778820664077);
#738=CIRCLE('',#4038,0.450001045764889);
#739=CIRCLE('',#4039,0.450001045764889);
#740=CIRCLE('',#4041,0.450001045764889);
#741=CIRCLE('',#4042,0.450001045764889);
#742=CIRCLE('',#4044,20.1975235978191);
#743=CIRCLE('',#4045,20.1975235978191);
#744=CIRCLE('',#4047,24.375485435469);
#745=CIRCLE('',#4048,24.375485435469);
#746=CIRCLE('',#4050,0.450000554705041);
#747=CIRCLE('',#4051,0.450000554705041);
#748=CIRCLE('',#4053,0.450000058315151);
#749=CIRCLE('',#4054,0.450000058315151);
#750=CIRCLE('',#4056,20.2008822641207);
#751=CIRCLE('',#4057,20.2008822641207);
#752=CIRCLE('',#4059,24.3739739425365);
#753=CIRCLE('',#4060,24.3739739425365);
#754=CIRCLE('',#4062,0.449998103801282);
#755=CIRCLE('',#4063,0.449998103801282);
#756=CIRCLE('',#4065,0.449999889754013);
#757=CIRCLE('',#4066,0.449999889754013);
#758=CIRCLE('',#4068,20.1986065778574);
#759=CIRCLE('',#4069,20.1986065778574);
#760=CIRCLE('',#4071,24.3704572996004);
#761=CIRCLE('',#4072,24.3704572996004);
#762=CIRCLE('',#4074,0.450000931463604);
#763=CIRCLE('',#4075,0.450000931463604);
#764=CIRCLE('',#4077,0.45000093146424);
#765=CIRCLE('',#4078,0.45000093146424);
#766=CIRCLE('',#4080,20.1986065778579);
#767=CIRCLE('',#4081,20.1986065778579);
#768=CIRCLE('',#4083,24.3739739425357);
#769=CIRCLE('',#4084,24.3739739425357);
#770=CIRCLE('',#4086,0.449999889753855);
#771=CIRCLE('',#4087,0.449999889753855);
#772=CIRCLE('',#4089,0.449998103801421);
#773=CIRCLE('',#4090,0.449998103801421);
#774=CIRCLE('',#4092,20.2008822641196);
#775=CIRCLE('',#4093,20.2008822641196);
#776=CIRCLE('',#4095,24.3754854354687);
#777=CIRCLE('',#4096,24.3754854354687);
#778=CIRCLE('',#4098,0.450000058315151);
#779=CIRCLE('',#4099,0.450000058315151);
#780=CIRCLE('',#4101,0.450000554705041);
#781=CIRCLE('',#4102,0.450000554705041);
#782=CIRCLE('',#4104,2.00000079493827);
#783=CIRCLE('',#4105,2.00000079493827);
#784=CIRCLE('',#4107,2.00000006744388);
#785=CIRCLE('',#4108,2.00000006744388);
#786=CIRCLE('',#4110,1.99999993955219);
#787=CIRCLE('',#4111,1.99999993955219);
#788=CIRCLE('',#4113,1.99999945723084);
#789=CIRCLE('',#4114,1.99999945723084);
#790=CIRCLE('',#4116,2.0000001123747);
#791=CIRCLE('',#4117,2.0000001123747);
#792=CIRCLE('',#4119,1.9999999086065);
#793=CIRCLE('',#4120,1.9999999086065);
#794=CIRCLE('',#4122,1.99999953924083);
#795=CIRCLE('',#4123,1.99999953924083);
#796=CIRCLE('',#4125,1.99999993955219);
#797=CIRCLE('',#4126,1.99999993955219);
#798=CIRCLE('',#4128,16.9999985718433);
#799=CIRCLE('',#4129,16.9999985718433);
#800=CIRCLE('',#4131,1.99999921536316);
#801=CIRCLE('',#4132,1.99999921536316);
#802=CIRCLE('',#4134,1.99999928977736);
#803=CIRCLE('',#4135,1.99999928977736);
#804=CIRCLE('',#4137,17.0000018505537);
#805=CIRCLE('',#4138,17.0000018505537);
#806=CIRCLE('',#4140,2.00000017533786);
#807=CIRCLE('',#4141,2.00000017533786);
#808=CIRCLE('',#4143,2.00000028087213);
#809=CIRCLE('',#4144,2.00000028087213);
#810=CIRCLE('',#4146,16.9999967524006);
#811=CIRCLE('',#4147,16.9999967524006);
#812=CIRCLE('',#4149,2.00000021115876);
#813=CIRCLE('',#4150,2.00000021115876);
#814=CIRCLE('',#4152,2.00000026124391);
#815=CIRCLE('',#4153,2.00000026124391);
#816=CIRCLE('',#4155,1.99999931194322);
#817=CIRCLE('',#4156,1.99999931194322);
#818=CIRCLE('',#4158,17.0000000136598);
#819=CIRCLE('',#4159,17.0000000136598);
#820=CIRCLE('',#4161,1.99999917954229);
#821=CIRCLE('',#4162,1.99999917954229);
#822=CIRCLE('',#4164,4.99999999549608);
#823=CIRCLE('',#4165,4.99999999549608);
#824=CIRCLE('',#4167,1.44999999531522);
#825=CIRCLE('',#4168,1.44999999531522);
#826=CIRCLE('',#4170,1.00000028279247);
#827=CIRCLE('',#4171,1.00000028279247);
#828=CIRCLE('',#4173,1.00000004608973);
#829=CIRCLE('',#4174,1.00000004608973);
#830=CIRCLE('',#4176,0.999999983712597);
#831=CIRCLE('',#4177,0.999999983712597);
#832=CIRCLE('',#4179,0.999999983712597);
#833=CIRCLE('',#4180,0.999999983712597);
#834=CIRCLE('',#4182,1.00000004608973);
#835=CIRCLE('',#4183,1.00000004608973);
#836=CIRCLE('',#4185,1.00000007631593);
#837=CIRCLE('',#4186,1.00000007631593);
#838=LINE('',#5475,#1009);
#839=LINE('',#5495,#1010);
#840=LINE('',#5507,#1011);
#841=LINE('',#5511,#1012);
#842=LINE('',#5531,#1013);
#843=LINE('',#5535,#1014);
#844=LINE('',#5555,#1015);
#845=LINE('',#5559,#1016);
#846=LINE('',#5579,#1017);
#847=LINE('',#5583,#1018);
#848=LINE('',#5603,#1019);
#849=LINE('',#5607,#1020);
#850=LINE('',#5626,#1021);
#851=LINE('',#5631,#1022);
#852=LINE('',#5650,#1023);
#853=LINE('',#5655,#1024);
#854=LINE('',#5674,#1025);
#855=LINE('',#5681,#1026);
#856=LINE('',#5698,#1027);
#857=LINE('',#5705,#1028);
#858=LINE('',#5722,#1029);
#859=LINE('',#5729,#1030);
#860=LINE('',#5746,#1031);
#861=LINE('',#5753,#1032);
#862=LINE('',#5770,#1033);
#863=LINE('',#5777,#1034);
#864=LINE('',#5794,#1035);
#865=LINE('',#5801,#1036);
#866=LINE('',#5818,#1037);
#867=LINE('',#5825,#1038);
#868=LINE('',#5842,#1039);
#869=LINE('',#5849,#1040);
#870=LINE('',#5866,#1041);
#871=LINE('',#5873,#1042);
#872=LINE('',#5890,#1043);
#873=LINE('',#5897,#1044);
#874=LINE('',#5914,#1045);
#875=LINE('',#5921,#1046);
#876=LINE('',#5939,#1047);
#877=LINE('',#5943,#1048);
#878=LINE('',#5963,#1049);
#879=LINE('',#5967,#1050);
#880=LINE('',#5987,#1051);
#881=LINE('',#5991,#1052);
#882=LINE('',#6011,#1053);
#883=LINE('',#6015,#1054);
#884=LINE('',#6035,#1055);
#885=LINE('',#6039,#1056);
#886=LINE('',#6051,#1057);
#887=LINE('',#6055,#1058);
#888=LINE('',#6059,#1059);
#889=LINE('',#6063,#1060);
#890=LINE('',#6067,#1061);
#891=LINE('',#6071,#1062);
#892=LINE('',#6075,#1063);
#893=LINE('',#6079,#1064);
#894=LINE('',#6083,#1065);
#895=LINE('',#6094,#1066);
#896=LINE('',#6100,#1067);
#897=LINE('',#6104,#1068);
#898=LINE('',#6110,#1069);
#899=LINE('',#6122,#1070);
#900=LINE('',#6128,#1071);
#901=LINE('',#6140,#1072);
#902=LINE('',#6146,#1073);
#903=LINE('',#6158,#1074);
#904=LINE('',#6164,#1075);
#905=LINE('',#6176,#1076);
#906=LINE('',#6182,#1077);
#907=LINE('',#6194,#1078);
#908=LINE('',#6200,#1079);
#909=LINE('',#6212,#1080);
#910=LINE('',#6218,#1081);
#911=LINE('',#6230,#1082);
#912=LINE('',#6236,#1083);
#913=LINE('',#6248,#1084);
#914=LINE('',#6254,#1085);
#915=LINE('',#6267,#1086);
#916=LINE('',#6272,#1087);
#917=LINE('',#6285,#1088);
#918=LINE('',#6290,#1089);
#919=LINE('',#6303,#1090);
#920=LINE('',#6308,#1091);
#921=LINE('',#6321,#1092);
#922=LINE('',#6327,#1093);
#923=LINE('',#6339,#1094);
#924=LINE('',#6345,#1095);
#925=LINE('',#6357,#1096);
#926=LINE('',#6363,#1097);
#927=LINE('',#6375,#1098);
#928=LINE('',#6381,#1099);
#929=LINE('',#6393,#1100);
#930=LINE('',#6399,#1101);
#931=LINE('',#6411,#1102);
#932=LINE('',#6417,#1103);
#933=LINE('',#6429,#1104);
#934=LINE('',#6435,#1105);
#935=LINE('',#6446,#1106);
#936=LINE('',#6453,#1107);
#937=LINE('',#6464,#1108);
#938=LINE('',#6471,#1109);
#939=LINE('',#6482,#1110);
#940=LINE('',#6489,#1111);
#941=LINE('',#6500,#1112);
#942=LINE('',#6507,#1113);
#943=LINE('',#6522,#1114);
#944=LINE('',#6528,#1115);
#945=LINE('',#6534,#1116);
#946=LINE('',#6540,#1117);
#947=LINE('',#6545,#1118);
#948=LINE('',#6552,#1119);
#949=LINE('',#6557,#1120);
#950=LINE('',#6565,#1121);
#951=LINE('',#6569,#1122);
#952=LINE('',#6573,#1123);
#953=LINE('',#6578,#1124);
#954=LINE('',#6584,#1125);
#955=LINE('',#6588,#1126);
#956=LINE('',#6595,#1127);
#957=LINE('',#6598,#1128);
#958=LINE('',#6602,#1129);
#959=LINE('',#6610,#1130);
#960=LINE('',#6613,#1131);
#961=LINE('',#6617,#1132);
#962=LINE('',#6623,#1133);
#963=LINE('',#6630,#1134);
#964=LINE('',#6637,#1135);
#965=LINE('',#6642,#1136);
#966=LINE('',#6648,#1137);
#967=LINE('',#6654,#1138);
#968=LINE('',#6660,#1139);
#969=LINE('',#6667,#1140);
#970=LINE('',#6670,#1141);
#971=LINE('',#6676,#1142);
#972=LINE('',#6679,#1143);
#973=LINE('',#6685,#1144);
#974=LINE('',#6688,#1145);
#975=LINE('',#6692,#1146);
#976=LINE('',#6696,#1147);
#977=LINE('',#6701,#1148);
#978=LINE('',#6705,#1149);
#979=LINE('',#6710,#1150);
#980=LINE('',#6714,#1151);
#981=LINE('',#6717,#1152);
#982=LINE('',#6718,#1153);
#983=LINE('',#6719,#1154);
#984=LINE('',#6720,#1155);
#985=LINE('',#6721,#1156);
#986=LINE('',#6722,#1157);
#987=LINE('',#6723,#1158);
#988=LINE('',#6724,#1159);
#989=LINE('',#6726,#1160);
#990=LINE('',#6727,#1161);
#991=LINE('',#6728,#1162);
#992=LINE('',#6729,#1163);
#993=LINE('',#6730,#1164);
#994=LINE('',#6731,#1165);
#995=LINE('',#6732,#1166);
#996=LINE('',#6733,#1167);
#997=LINE('',#6744,#1168);
#998=LINE('',#6745,#1169);
#999=LINE('',#6746,#1170);
#1000=LINE('',#6747,#1171);
#1001=LINE('',#6748,#1172);
#1002=LINE('',#6749,#1173);
#1003=LINE('',#6751,#1174);
#1004=LINE('',#6753,#1175);
#1005=LINE('',#6755,#1176);
#1006=LINE('',#6757,#1177);
#1007=LINE('',#6759,#1178);
#1008=LINE('',#6761,#1179);
#1009=VECTOR('',#4210,1.);
#1010=VECTOR('',#4221,1.);
#1011=VECTOR('',#4228,1.);
#1012=VECTOR('',#4231,1.);
#1013=VECTOR('',#4242,1.);
#1014=VECTOR('',#4245,1.);
#1015=VECTOR('',#4256,1.);
#1016=VECTOR('',#4259,1.);
#1017=VECTOR('',#4270,1.);
#1018=VECTOR('',#4273,1.);
#1019=VECTOR('',#4284,1.);
#1020=VECTOR('',#4287,1.);
#1021=VECTOR('',#4296,1.);
#1022=VECTOR('',#4301,1.);
#1023=VECTOR('',#4310,1.);
#1024=VECTOR('',#4315,1.);
#1025=VECTOR('',#4324,1.);
#1026=VECTOR('',#4331,1.);
#1027=VECTOR('',#4338,1.);
#1028=VECTOR('',#4345,1.);
#1029=VECTOR('',#4352,1.);
#1030=VECTOR('',#4359,1.);
#1031=VECTOR('',#4366,1.);
#1032=VECTOR('',#4373,1.);
#1033=VECTOR('',#4380,1.);
#1034=VECTOR('',#4387,1.);
#1035=VECTOR('',#4394,1.);
#1036=VECTOR('',#4401,1.);
#1037=VECTOR('',#4408,1.);
#1038=VECTOR('',#4415,1.);
#1039=VECTOR('',#4422,1.);
#1040=VECTOR('',#4429,1.);
#1041=VECTOR('',#4436,1.);
#1042=VECTOR('',#4443,1.);
#1043=VECTOR('',#4450,1.);
#1044=VECTOR('',#4457,1.);
#1045=VECTOR('',#4464,1.);
#1046=VECTOR('',#4471,1.);
#1047=VECTOR('',#4480,1.);
#1048=VECTOR('',#4483,1.);
#1049=VECTOR('',#4494,1.);
#1050=VECTOR('',#4497,1.);
#1051=VECTOR('',#4508,1.);
#1052=VECTOR('',#4511,1.);
#1053=VECTOR('',#4522,1.);
#1054=VECTOR('',#4525,1.);
#1055=VECTOR('',#4536,1.);
#1056=VECTOR('',#4539,1.);
#1057=VECTOR('',#4546,1.);
#1058=VECTOR('',#4549,1.);
#1059=VECTOR('',#4552,1.);
#1060=VECTOR('',#4555,1.);
#1061=VECTOR('',#4558,1.);
#1062=VECTOR('',#4561,1.);
#1063=VECTOR('',#4564,1.);
#1064=VECTOR('',#4567,1.);
#1065=VECTOR('',#4570,1.);
#1066=VECTOR('',#4587,1.);
#1067=VECTOR('',#4594,1.);
#1068=VECTOR('',#4597,1.);
#1069=VECTOR('',#4604,1.);
#1070=VECTOR('',#4623,1.);
#1071=VECTOR('',#4630,1.);
#1072=VECTOR('',#4649,1.);
#1073=VECTOR('',#4656,1.);
#1074=VECTOR('',#4675,1.);
#1075=VECTOR('',#4682,1.);
#1076=VECTOR('',#4701,1.);
#1077=VECTOR('',#4708,1.);
#1078=VECTOR('',#4727,1.);
#1079=VECTOR('',#4734,1.);
#1080=VECTOR('',#4753,1.);
#1081=VECTOR('',#4760,1.);
#1082=VECTOR('',#4779,1.);
#1083=VECTOR('',#4786,1.);
#1084=VECTOR('',#4805,1.);
#1085=VECTOR('',#4812,1.);
#1086=VECTOR('',#4833,1.);
#1087=VECTOR('',#4838,1.);
#1088=VECTOR('',#4859,1.);
#1089=VECTOR('',#4864,1.);
#1090=VECTOR('',#4885,1.);
#1091=VECTOR('',#4890,1.);
#1092=VECTOR('',#4911,1.);
#1093=VECTOR('',#4918,1.);
#1094=VECTOR('',#4937,1.);
#1095=VECTOR('',#4944,1.);
#1096=VECTOR('',#4963,1.);
#1097=VECTOR('',#4970,1.);
#1098=VECTOR('',#4989,1.);
#1099=VECTOR('',#4996,1.);
#1100=VECTOR('',#5015,1.);
#1101=VECTOR('',#5022,1.);
#1102=VECTOR('',#5041,1.);
#1103=VECTOR('',#5048,1.);
#1104=VECTOR('',#5067,1.);
#1105=VECTOR('',#5074,1.);
#1106=VECTOR('',#5091,1.);
#1107=VECTOR('',#5100,1.);
#1108=VECTOR('',#5117,1.);
#1109=VECTOR('',#5126,1.);
#1110=VECTOR('',#5143,1.);
#1111=VECTOR('',#5152,1.);
#1112=VECTOR('',#5169,1.);
#1113=VECTOR('',#5178,1.);
#1114=VECTOR('',#5203,1.);
#1115=VECTOR('',#5210,1.);
#1116=VECTOR('',#5217,1.);
#1117=VECTOR('',#5224,1.);
#1118=VECTOR('',#5229,1.);
#1119=VECTOR('',#5238,1.);
#1120=VECTOR('',#5243,1.);
#1121=VECTOR('',#5254,1.);
#1122=VECTOR('',#5257,1.);
#1123=VECTOR('',#5260,1.);
#1124=VECTOR('',#5265,1.);
#1125=VECTOR('',#5272,1.);
#1126=VECTOR('',#5275,1.);
#1127=VECTOR('',#5282,1.);
#1128=VECTOR('',#5285,1.);
#1129=VECTOR('',#5288,1.);
#1130=VECTOR('',#5297,1.);
#1131=VECTOR('',#5300,1.);
#1132=VECTOR('',#5303,1.);
#1133=VECTOR('',#5310,1.);
#1134=VECTOR('',#5319,1.);
#1135=VECTOR('',#5328,1.);
#1136=VECTOR('',#5333,1.);
#1137=VECTOR('',#5340,1.);
#1138=VECTOR('',#5347,1.);
#1139=VECTOR('',#5354,1.);
#1140=VECTOR('',#5361,1.);
#1141=VECTOR('',#5364,1.);
#1142=VECTOR('',#5369,1.);
#1143=VECTOR('',#5372,1.);
#1144=VECTOR('',#5377,1.);
#1145=VECTOR('',#5380,1.);
#1146=VECTOR('',#5383,1.);
#1147=VECTOR('',#5386,1.);
#1148=VECTOR('',#5391,1.);
#1149=VECTOR('',#5394,1.);
#1150=VECTOR('',#5399,1.);
#1151=VECTOR('',#5402,1.);
#1152=VECTOR('',#5407,1.);
#1153=VECTOR('',#5408,1.);
#1154=VECTOR('',#5409,1.);
#1155=VECTOR('',#5410,1.);
#1156=VECTOR('',#5411,1.);
#1157=VECTOR('',#5412,1.);
#1158=VECTOR('',#5413,1.);
#1159=VECTOR('',#5414,1.);
#1160=VECTOR('',#5417,1.);
#1161=VECTOR('',#5418,1.);
#1162=VECTOR('',#5419,1.);
#1163=VECTOR('',#5420,1.);
#1164=VECTOR('',#5421,1.);
#1165=VECTOR('',#5422,1.);
#1166=VECTOR('',#5423,1.);
#1167=VECTOR('',#5424,1.);
#1168=VECTOR('',#5445,1.);
#1169=VECTOR('',#5446,1.);
#1170=VECTOR('',#5447,1.);
#1171=VECTOR('',#5448,1.);
#1172=VECTOR('',#5449,1.);
#1173=VECTOR('',#5450,1.);
#1174=VECTOR('',#5453,1.);
#1175=VECTOR('',#5456,1.);
#1176=VECTOR('',#5459,1.);
#1177=VECTOR('',#5462,1.);
#1178=VECTOR('',#5465,1.);
#1179=VECTOR('',#5468,1.);
#1180=VERTEX_POINT('',#5473);
#1181=VERTEX_POINT('',#5474);
#1182=VERTEX_POINT('',#5476);
#1183=VERTEX_POINT('',#5478);
#1184=VERTEX_POINT('',#5485);
#1185=VERTEX_POINT('',#5486);
#1186=VERTEX_POINT('',#5488);
#1187=VERTEX_POINT('',#5493);
#1188=VERTEX_POINT('',#5497);
#1189=VERTEX_POINT('',#5498);
#1190=VERTEX_POINT('',#5500);
#1191=VERTEX_POINT('',#5505);
#1192=VERTEX_POINT('',#5509);
#1193=VERTEX_POINT('',#5510);
#1194=VERTEX_POINT('',#5512);
#1195=VERTEX_POINT('',#5514);
#1196=VERTEX_POINT('',#5521);
#1197=VERTEX_POINT('',#5522);
#1198=VERTEX_POINT('',#5524);
#1199=VERTEX_POINT('',#5529);
#1200=VERTEX_POINT('',#5533);
#1201=VERTEX_POINT('',#5534);
#1202=VERTEX_POINT('',#5536);
#1203=VERTEX_POINT('',#5538);
#1204=VERTEX_POINT('',#5545);
#1205=VERTEX_POINT('',#5546);
#1206=VERTEX_POINT('',#5548);
#1207=VERTEX_POINT('',#5553);
#1208=VERTEX_POINT('',#5557);
#1209=VERTEX_POINT('',#5558);
#1210=VERTEX_POINT('',#5560);
#1211=VERTEX_POINT('',#5562);
#1212=VERTEX_POINT('',#5569);
#1213=VERTEX_POINT('',#5570);
#1214=VERTEX_POINT('',#5572);
#1215=VERTEX_POINT('',#5577);
#1216=VERTEX_POINT('',#5581);
#1217=VERTEX_POINT('',#5582);
#1218=VERTEX_POINT('',#5584);
#1219=VERTEX_POINT('',#5586);
#1220=VERTEX_POINT('',#5593);
#1221=VERTEX_POINT('',#5594);
#1222=VERTEX_POINT('',#5596);
#1223=VERTEX_POINT('',#5601);
#1224=VERTEX_POINT('',#5605);
#1225=VERTEX_POINT('',#5606);
#1226=VERTEX_POINT('',#5608);
#1227=VERTEX_POINT('',#5610);
#1228=VERTEX_POINT('',#5617);
#1229=VERTEX_POINT('',#5618);
#1230=VERTEX_POINT('',#5623);
#1231=VERTEX_POINT('',#5625);
#1232=VERTEX_POINT('',#5629);
#1233=VERTEX_POINT('',#5630);
#1234=VERTEX_POINT('',#5632);
#1235=VERTEX_POINT('',#5634);
#1236=VERTEX_POINT('',#5641);
#1237=VERTEX_POINT('',#5642);
#1238=VERTEX_POINT('',#5647);
#1239=VERTEX_POINT('',#5649);
#1240=VERTEX_POINT('',#5653);
#1241=VERTEX_POINT('',#5654);
#1242=VERTEX_POINT('',#5656);
#1243=VERTEX_POINT('',#5658);
#1244=VERTEX_POINT('',#5665);
#1245=VERTEX_POINT('',#5666);
#1246=VERTEX_POINT('',#5671);
#1247=VERTEX_POINT('',#5673);
#1248=VERTEX_POINT('',#5677);
#1249=VERTEX_POINT('',#5678);
#1250=VERTEX_POINT('',#5680);
#1251=VERTEX_POINT('',#5682);
#1252=VERTEX_POINT('',#5689);
#1253=VERTEX_POINT('',#5690);
#1254=VERTEX_POINT('',#5695);
#1255=VERTEX_POINT('',#5697);
#1256=VERTEX_POINT('',#5701);
#1257=VERTEX_POINT('',#5702);
#1258=VERTEX_POINT('',#5704);
#1259=VERTEX_POINT('',#5706);
#1260=VERTEX_POINT('',#5713);
#1261=VERTEX_POINT('',#5714);
#1262=VERTEX_POINT('',#5719);
#1263=VERTEX_POINT('',#5721);
#1264=VERTEX_POINT('',#5725);
#1265=VERTEX_POINT('',#5726);
#1266=VERTEX_POINT('',#5728);
#1267=VERTEX_POINT('',#5730);
#1268=VERTEX_POINT('',#5737);
#1269=VERTEX_POINT('',#5738);
#1270=VERTEX_POINT('',#5743);
#1271=VERTEX_POINT('',#5745);
#1272=VERTEX_POINT('',#5749);
#1273=VERTEX_POINT('',#5750);
#1274=VERTEX_POINT('',#5752);
#1275=VERTEX_POINT('',#5754);
#1276=VERTEX_POINT('',#5761);
#1277=VERTEX_POINT('',#5762);
#1278=VERTEX_POINT('',#5767);
#1279=VERTEX_POINT('',#5769);
#1280=VERTEX_POINT('',#5773);
#1281=VERTEX_POINT('',#5774);
#1282=VERTEX_POINT('',#5776);
#1283=VERTEX_POINT('',#5778);
#1284=VERTEX_POINT('',#5785);
#1285=VERTEX_POINT('',#5786);
#1286=VERTEX_POINT('',#5791);
#1287=VERTEX_POINT('',#5793);
#1288=VERTEX_POINT('',#5797);
#1289=VERTEX_POINT('',#5798);
#1290=VERTEX_POINT('',#5800);
#1291=VERTEX_POINT('',#5802);
#1292=VERTEX_POINT('',#5809);
#1293=VERTEX_POINT('',#5810);
#1294=VERTEX_POINT('',#5815);
#1295=VERTEX_POINT('',#5817);
#1296=VERTEX_POINT('',#5821);
#1297=VERTEX_POINT('',#5822);
#1298=VERTEX_POINT('',#5824);
#1299=VERTEX_POINT('',#5826);
#1300=VERTEX_POINT('',#5833);
#1301=VERTEX_POINT('',#5834);
#1302=VERTEX_POINT('',#5839);
#1303=VERTEX_POINT('',#5841);
#1304=VERTEX_POINT('',#5845);
#1305=VERTEX_POINT('',#5846);
#1306=VERTEX_POINT('',#5848);
#1307=VERTEX_POINT('',#5850);
#1308=VERTEX_POINT('',#5857);
#1309=VERTEX_POINT('',#5858);
#1310=VERTEX_POINT('',#5863);
#1311=VERTEX_POINT('',#5865);
#1312=VERTEX_POINT('',#5869);
#1313=VERTEX_POINT('',#5870);
#1314=VERTEX_POINT('',#5872);
#1315=VERTEX_POINT('',#5874);
#1316=VERTEX_POINT('',#5881);
#1317=VERTEX_POINT('',#5882);
#1318=VERTEX_POINT('',#5887);
#1319=VERTEX_POINT('',#5889);
#1320=VERTEX_POINT('',#5893);
#1321=VERTEX_POINT('',#5894);
#1322=VERTEX_POINT('',#5896);
#1323=VERTEX_POINT('',#5898);
#1324=VERTEX_POINT('',#5905);
#1325=VERTEX_POINT('',#5906);
#1326=VERTEX_POINT('',#5911);
#1327=VERTEX_POINT('',#5913);
#1328=VERTEX_POINT('',#5917);
#1329=VERTEX_POINT('',#5918);
#1330=VERTEX_POINT('',#5920);
#1331=VERTEX_POINT('',#5922);
#1332=VERTEX_POINT('',#5929);
#1333=VERTEX_POINT('',#5930);
#1334=VERTEX_POINT('',#5932);
#1335=VERTEX_POINT('',#5937);
#1336=VERTEX_POINT('',#5941);
#1337=VERTEX_POINT('',#5942);
#1338=VERTEX_POINT('',#5944);
#1339=VERTEX_POINT('',#5946);
#1340=VERTEX_POINT('',#5953);
#1341=VERTEX_POINT('',#5954);
#1342=VERTEX_POINT('',#5956);
#1343=VERTEX_POINT('',#5961);
#1344=VERTEX_POINT('',#5965);
#1345=VERTEX_POINT('',#5966);
#1346=VERTEX_POINT('',#5968);
#1347=VERTEX_POINT('',#5970);
#1348=VERTEX_POINT('',#5977);
#1349=VERTEX_POINT('',#5978);
#1350=VERTEX_POINT('',#5980);
#1351=VERTEX_POINT('',#5985);
#1352=VERTEX_POINT('',#5989);
#1353=VERTEX_POINT('',#5990);
#1354=VERTEX_POINT('',#5992);
#1355=VERTEX_POINT('',#5994);
#1356=VERTEX_POINT('',#6001);
#1357=VERTEX_POINT('',#6002);
#1358=VERTEX_POINT('',#6004);
#1359=VERTEX_POINT('',#6009);
#1360=VERTEX_POINT('',#6013);
#1361=VERTEX_POINT('',#6014);
#1362=VERTEX_POINT('',#6016);
#1363=VERTEX_POINT('',#6018);
#1364=VERTEX_POINT('',#6025);
#1365=VERTEX_POINT('',#6026);
#1366=VERTEX_POINT('',#6028);
#1367=VERTEX_POINT('',#6033);
#1368=VERTEX_POINT('',#6037);
#1369=VERTEX_POINT('',#6038);
#1370=VERTEX_POINT('',#6040);
#1371=VERTEX_POINT('',#6042);
#1372=VERTEX_POINT('',#6049);
#1373=VERTEX_POINT('',#6050);
#1374=VERTEX_POINT('',#6052);
#1375=VERTEX_POINT('',#6054);
#1376=VERTEX_POINT('',#6056);
#1377=VERTEX_POINT('',#6058);
#1378=VERTEX_POINT('',#6060);
#1379=VERTEX_POINT('',#6062);
#1380=VERTEX_POINT('',#6064);
#1381=VERTEX_POINT('',#6066);
#1382=VERTEX_POINT('',#6068);
#1383=VERTEX_POINT('',#6070);
#1384=VERTEX_POINT('',#6072);
#1385=VERTEX_POINT('',#6074);
#1386=VERTEX_POINT('',#6076);
#1387=VERTEX_POINT('',#6078);
#1388=VERTEX_POINT('',#6080);
#1389=VERTEX_POINT('',#6082);
#1390=VERTEX_POINT('',#6090);
#1391=VERTEX_POINT('',#6092);
#1392=VERTEX_POINT('',#6096);
#1393=VERTEX_POINT('',#6098);
#1394=VERTEX_POINT('',#6102);
#1395=VERTEX_POINT('',#6103);
#1396=VERTEX_POINT('',#6108);
#1397=VERTEX_POINT('',#6109);
#1398=VERTEX_POINT('',#6120);
#1399=VERTEX_POINT('',#6121);
#1400=VERTEX_POINT('',#6126);
#1401=VERTEX_POINT('',#6127);
#1402=VERTEX_POINT('',#6138);
#1403=VERTEX_POINT('',#6139);
#1404=VERTEX_POINT('',#6144);
#1405=VERTEX_POINT('',#6145);
#1406=VERTEX_POINT('',#6156);
#1407=VERTEX_POINT('',#6157);
#1408=VERTEX_POINT('',#6162);
#1409=VERTEX_POINT('',#6163);
#1410=VERTEX_POINT('',#6174);
#1411=VERTEX_POINT('',#6175);
#1412=VERTEX_POINT('',#6180);
#1413=VERTEX_POINT('',#6181);
#1414=VERTEX_POINT('',#6192);
#1415=VERTEX_POINT('',#6193);
#1416=VERTEX_POINT('',#6198);
#1417=VERTEX_POINT('',#6199);
#1418=VERTEX_POINT('',#6210);
#1419=VERTEX_POINT('',#6211);
#1420=VERTEX_POINT('',#6216);
#1421=VERTEX_POINT('',#6217);
#1422=VERTEX_POINT('',#6228);
#1423=VERTEX_POINT('',#6229);
#1424=VERTEX_POINT('',#6234);
#1425=VERTEX_POINT('',#6235);
#1426=VERTEX_POINT('',#6246);
#1427=VERTEX_POINT('',#6247);
#1428=VERTEX_POINT('',#6252);
#1429=VERTEX_POINT('',#6253);
#1430=VERTEX_POINT('',#6264);
#1431=VERTEX_POINT('',#6266);
#1432=VERTEX_POINT('',#6270);
#1433=VERTEX_POINT('',#6271);
#1434=VERTEX_POINT('',#6282);
#1435=VERTEX_POINT('',#6284);
#1436=VERTEX_POINT('',#6288);
#1437=VERTEX_POINT('',#6289);
#1438=VERTEX_POINT('',#6300);
#1439=VERTEX_POINT('',#6302);
#1440=VERTEX_POINT('',#6306);
#1441=VERTEX_POINT('',#6307);
#1442=VERTEX_POINT('',#6318);
#1443=VERTEX_POINT('',#6320);
#1444=VERTEX_POINT('',#6324);
#1445=VERTEX_POINT('',#6326);
#1446=VERTEX_POINT('',#6336);
#1447=VERTEX_POINT('',#6338);
#1448=VERTEX_POINT('',#6342);
#1449=VERTEX_POINT('',#6344);
#1450=VERTEX_POINT('',#6354);
#1451=VERTEX_POINT('',#6356);
#1452=VERTEX_POINT('',#6360);
#1453=VERTEX_POINT('',#6362);
#1454=VERTEX_POINT('',#6372);
#1455=VERTEX_POINT('',#6374);
#1456=VERTEX_POINT('',#6378);
#1457=VERTEX_POINT('',#6380);
#1458=VERTEX_POINT('',#6390);
#1459=VERTEX_POINT('',#6392);
#1460=VERTEX_POINT('',#6396);
#1461=VERTEX_POINT('',#6398);
#1462=VERTEX_POINT('',#6408);
#1463=VERTEX_POINT('',#6410);
#1464=VERTEX_POINT('',#6414);
#1465=VERTEX_POINT('',#6416);
#1466=VERTEX_POINT('',#6426);
#1467=VERTEX_POINT('',#6428);
#1468=VERTEX_POINT('',#6432);
#1469=VERTEX_POINT('',#6434);
#1470=VERTEX_POINT('',#6444);
#1471=VERTEX_POINT('',#6445);
#1472=VERTEX_POINT('',#6450);
#1473=VERTEX_POINT('',#6452);
#1474=VERTEX_POINT('',#6462);
#1475=VERTEX_POINT('',#6463);
#1476=VERTEX_POINT('',#6468);
#1477=VERTEX_POINT('',#6470);
#1478=VERTEX_POINT('',#6480);
#1479=VERTEX_POINT('',#6481);
#1480=VERTEX_POINT('',#6486);
#1481=VERTEX_POINT('',#6488);
#1482=VERTEX_POINT('',#6498);
#1483=VERTEX_POINT('',#6499);
#1484=VERTEX_POINT('',#6504);
#1485=VERTEX_POINT('',#6506);
#1486=VERTEX_POINT('',#6519);
#1487=VERTEX_POINT('',#6521);
#1488=VERTEX_POINT('',#6525);
#1489=VERTEX_POINT('',#6527);
#1490=VERTEX_POINT('',#6531);
#1491=VERTEX_POINT('',#6533);
#1492=VERTEX_POINT('',#6537);
#1493=VERTEX_POINT('',#6539);
#1494=VERTEX_POINT('',#6543);
#1495=VERTEX_POINT('',#6544);
#1496=VERTEX_POINT('',#6549);
#1497=VERTEX_POINT('',#6551);
#1498=VERTEX_POINT('',#6555);
#1499=VERTEX_POINT('',#6556);
#1500=VERTEX_POINT('',#6561);
#1501=VERTEX_POINT('',#6563);
#1502=VERTEX_POINT('',#6567);
#1503=VERTEX_POINT('',#6568);
#1504=VERTEX_POINT('',#6570);
#1505=VERTEX_POINT('',#6572);
#1506=VERTEX_POINT('',#6576);
#1507=VERTEX_POINT('',#6577);
#1508=VERTEX_POINT('',#6582);
#1509=VERTEX_POINT('',#6583);
#1510=VERTEX_POINT('',#6585);
#1511=VERTEX_POINT('',#6587);
#1512=VERTEX_POINT('',#6591);
#1513=VERTEX_POINT('',#6592);
#1514=VERTEX_POINT('',#6594);
#1515=VERTEX_POINT('',#6596);
#1516=VERTEX_POINT('',#6600);
#1517=VERTEX_POINT('',#6601);
#1518=VERTEX_POINT('',#6606);
#1519=VERTEX_POINT('',#6607);
#1520=VERTEX_POINT('',#6609);
#1521=VERTEX_POINT('',#6611);
#1522=VERTEX_POINT('',#6615);
#1523=VERTEX_POINT('',#6616);
#1524=VERTEX_POINT('',#6621);
#1525=VERTEX_POINT('',#6622);
#1526=VERTEX_POINT('',#6627);
#1527=VERTEX_POINT('',#6629);
#1528=VERTEX_POINT('',#6633);
#1529=VERTEX_POINT('',#6635);
#1530=VERTEX_POINT('',#6639);
#1531=VERTEX_POINT('',#6641);
#1532=VERTEX_POINT('',#6645);
#1533=VERTEX_POINT('',#6647);
#1534=VERTEX_POINT('',#6651);
#1535=VERTEX_POINT('',#6653);
#1536=VERTEX_POINT('',#6657);
#1537=VERTEX_POINT('',#6659);
#1538=VERTEX_POINT('',#6663);
#1539=VERTEX_POINT('',#6664);
#1540=VERTEX_POINT('',#6666);
#1541=VERTEX_POINT('',#6668);
#1542=VERTEX_POINT('',#6672);
#1543=VERTEX_POINT('',#6673);
#1544=VERTEX_POINT('',#6675);
#1545=VERTEX_POINT('',#6677);
#1546=VERTEX_POINT('',#6681);
#1547=VERTEX_POINT('',#6682);
#1548=VERTEX_POINT('',#6684);
#1549=VERTEX_POINT('',#6686);
#1550=VERTEX_POINT('',#6690);
#1551=VERTEX_POINT('',#6691);
#1552=VERTEX_POINT('',#6693);
#1553=VERTEX_POINT('',#6695);
#1554=VERTEX_POINT('',#6699);
#1555=VERTEX_POINT('',#6700);
#1556=VERTEX_POINT('',#6702);
#1557=VERTEX_POINT('',#6704);
#1558=VERTEX_POINT('',#6708);
#1559=VERTEX_POINT('',#6709);
#1560=VERTEX_POINT('',#6711);
#1561=VERTEX_POINT('',#6713);
#1562=EDGE_CURVE('',#1180,#1181,#838,.T.);
#1563=EDGE_CURVE('',#1182,#1180,#484,.T.);
#1564=EDGE_CURVE('',#1183,#1182,#436,.T.);
#1565=EDGE_CURVE('',#1181,#1183,#485,.T.);
#1566=EDGE_CURVE('',#1184,#1185,#486,.T.);
#1567=EDGE_CURVE('',#1186,#1184,#437,.T.);
#1568=EDGE_CURVE('',#1187,#1186,#487,.T.);
#1569=EDGE_CURVE('',#1185,#1187,#839,.T.);
#1570=EDGE_CURVE('',#1188,#1189,#488,.T.);
#1571=EDGE_CURVE('',#1190,#1188,#438,.T.);
#1572=EDGE_CURVE('',#1191,#1190,#489,.T.);
#1573=EDGE_CURVE('',#1189,#1191,#840,.T.);
#1574=EDGE_CURVE('',#1192,#1193,#841,.T.);
#1575=EDGE_CURVE('',#1194,#1192,#490,.T.);
#1576=EDGE_CURVE('',#1195,#1194,#439,.T.);
#1577=EDGE_CURVE('',#1193,#1195,#491,.T.);
#1578=EDGE_CURVE('',#1196,#1197,#492,.T.);
#1579=EDGE_CURVE('',#1198,#1196,#440,.T.);
#1580=EDGE_CURVE('',#1199,#1198,#493,.T.);
#1581=EDGE_CURVE('',#1197,#1199,#842,.T.);
#1582=EDGE_CURVE('',#1200,#1201,#843,.T.);
#1583=EDGE_CURVE('',#1202,#1200,#494,.T.);
#1584=EDGE_CURVE('',#1203,#1202,#441,.T.);
#1585=EDGE_CURVE('',#1201,#1203,#495,.T.);
#1586=EDGE_CURVE('',#1204,#1205,#496,.T.);
#1587=EDGE_CURVE('',#1206,#1204,#442,.T.);
#1588=EDGE_CURVE('',#1207,#1206,#497,.T.);
#1589=EDGE_CURVE('',#1205,#1207,#844,.T.);
#1590=EDGE_CURVE('',#1208,#1209,#845,.T.);
#1591=EDGE_CURVE('',#1210,#1208,#498,.T.);
#1592=EDGE_CURVE('',#1211,#1210,#443,.T.);
#1593=EDGE_CURVE('',#1209,#1211,#499,.T.);
#1594=EDGE_CURVE('',#1212,#1213,#500,.T.);
#1595=EDGE_CURVE('',#1214,#1212,#444,.T.);
#1596=EDGE_CURVE('',#1215,#1214,#501,.T.);
#1597=EDGE_CURVE('',#1213,#1215,#846,.T.);
#1598=EDGE_CURVE('',#1216,#1217,#847,.T.);
#1599=EDGE_CURVE('',#1218,#1216,#502,.T.);
#1600=EDGE_CURVE('',#1219,#1218,#445,.T.);
#1601=EDGE_CURVE('',#1217,#1219,#503,.T.);
#1602=EDGE_CURVE('',#1220,#1221,#504,.T.);
#1603=EDGE_CURVE('',#1222,#1220,#446,.T.);
#1604=EDGE_CURVE('',#1223,#1222,#505,.T.);
#1605=EDGE_CURVE('',#1221,#1223,#848,.T.);
#1606=EDGE_CURVE('',#1224,#1225,#849,.T.);
#1607=EDGE_CURVE('',#1226,#1224,#506,.T.);
#1608=EDGE_CURVE('',#1227,#1226,#447,.T.);
#1609=EDGE_CURVE('',#1225,#1227,#507,.T.);
#1610=EDGE_CURVE('',#1228,#1229,#448,.T.);
#1611=EDGE_CURVE('',#1230,#1228,#508,.T.);
#1612=EDGE_CURVE('',#1231,#1230,#850,.T.);
#1613=EDGE_CURVE('',#1229,#1231,#509,.T.);
#1614=EDGE_CURVE('',#1232,#1233,#851,.T.);
#1615=EDGE_CURVE('',#1234,#1232,#510,.T.);
#1616=EDGE_CURVE('',#1235,#1234,#449,.T.);
#1617=EDGE_CURVE('',#1233,#1235,#511,.T.);
#1618=EDGE_CURVE('',#1236,#1237,#450,.T.);
#1619=EDGE_CURVE('',#1238,#1236,#512,.T.);
#1620=EDGE_CURVE('',#1239,#1238,#852,.T.);
#1621=EDGE_CURVE('',#1237,#1239,#513,.T.);
#1622=EDGE_CURVE('',#1240,#1241,#853,.T.);
#1623=EDGE_CURVE('',#1242,#1240,#514,.T.);
#1624=EDGE_CURVE('',#1243,#1242,#451,.T.);
#1625=EDGE_CURVE('',#1241,#1243,#515,.T.);
#1626=EDGE_CURVE('',#1244,#1245,#452,.T.);
#1627=EDGE_CURVE('',#1246,#1244,#516,.T.);
#1628=EDGE_CURVE('',#1247,#1246,#854,.T.);
#1629=EDGE_CURVE('',#1245,#1247,#517,.T.);
#1630=EDGE_CURVE('',#1248,#1249,#518,.T.);
#1631=EDGE_CURVE('',#1250,#1248,#855,.T.);
#1632=EDGE_CURVE('',#1251,#1250,#519,.T.);
#1633=EDGE_CURVE('',#1249,#1251,#453,.T.);
#1634=EDGE_CURVE('',#1252,#1253,#454,.T.);
#1635=EDGE_CURVE('',#1254,#1252,#520,.T.);
#1636=EDGE_CURVE('',#1255,#1254,#856,.T.);
#1637=EDGE_CURVE('',#1253,#1255,#521,.T.);
#1638=EDGE_CURVE('',#1256,#1257,#522,.T.);
#1639=EDGE_CURVE('',#1258,#1256,#857,.T.);
#1640=EDGE_CURVE('',#1259,#1258,#523,.T.);
#1641=EDGE_CURVE('',#1257,#1259,#455,.T.);
#1642=EDGE_CURVE('',#1260,#1261,#456,.T.);
#1643=EDGE_CURVE('',#1262,#1260,#524,.T.);
#1644=EDGE_CURVE('',#1263,#1262,#858,.T.);
#1645=EDGE_CURVE('',#1261,#1263,#525,.T.);
#1646=EDGE_CURVE('',#1264,#1265,#526,.T.);
#1647=EDGE_CURVE('',#1266,#1264,#859,.T.);
#1648=EDGE_CURVE('',#1267,#1266,#527,.T.);
#1649=EDGE_CURVE('',#1265,#1267,#457,.T.);
#1650=EDGE_CURVE('',#1268,#1269,#458,.T.);
#1651=EDGE_CURVE('',#1270,#1268,#528,.T.);
#1652=EDGE_CURVE('',#1271,#1270,#860,.T.);
#1653=EDGE_CURVE('',#1269,#1271,#529,.T.);
#1654=EDGE_CURVE('',#1272,#1273,#530,.T.);
#1655=EDGE_CURVE('',#1274,#1272,#861,.T.);
#1656=EDGE_CURVE('',#1275,#1274,#531,.T.);
#1657=EDGE_CURVE('',#1273,#1275,#459,.T.);
#1658=EDGE_CURVE('',#1276,#1277,#460,.T.);
#1659=EDGE_CURVE('',#1278,#1276,#532,.T.);
#1660=EDGE_CURVE('',#1279,#1278,#862,.T.);
#1661=EDGE_CURVE('',#1277,#1279,#533,.T.);
#1662=EDGE_CURVE('',#1280,#1281,#534,.T.);
#1663=EDGE_CURVE('',#1282,#1280,#863,.T.);
#1664=EDGE_CURVE('',#1283,#1282,#535,.T.);
#1665=EDGE_CURVE('',#1281,#1283,#461,.T.);
#1666=EDGE_CURVE('',#1284,#1285,#462,.T.);
#1667=EDGE_CURVE('',#1286,#1284,#536,.T.);
#1668=EDGE_CURVE('',#1287,#1286,#864,.T.);
#1669=EDGE_CURVE('',#1285,#1287,#537,.T.);
#1670=EDGE_CURVE('',#1288,#1289,#538,.T.);
#1671=EDGE_CURVE('',#1290,#1288,#865,.T.);
#1672=EDGE_CURVE('',#1291,#1290,#539,.T.);
#1673=EDGE_CURVE('',#1289,#1291,#463,.T.);
#1674=EDGE_CURVE('',#1292,#1293,#464,.T.);
#1675=EDGE_CURVE('',#1294,#1292,#540,.T.);
#1676=EDGE_CURVE('',#1295,#1294,#866,.T.);
#1677=EDGE_CURVE('',#1293,#1295,#541,.T.);
#1678=EDGE_CURVE('',#1296,#1297,#542,.T.);
#1679=EDGE_CURVE('',#1298,#1296,#867,.T.);
#1680=EDGE_CURVE('',#1299,#1298,#543,.T.);
#1681=EDGE_CURVE('',#1297,#1299,#465,.T.);
#1682=EDGE_CURVE('',#1300,#1301,#466,.T.);
#1683=EDGE_CURVE('',#1302,#1300,#544,.T.);
#1684=EDGE_CURVE('',#1303,#1302,#868,.T.);
#1685=EDGE_CURVE('',#1301,#1303,#545,.T.);
#1686=EDGE_CURVE('',#1304,#1305,#546,.T.);
#1687=EDGE_CURVE('',#1306,#1304,#869,.T.);
#1688=EDGE_CURVE('',#1307,#1306,#547,.T.);
#1689=EDGE_CURVE('',#1305,#1307,#467,.T.);
#1690=EDGE_CURVE('',#1308,#1309,#468,.T.);
#1691=EDGE_CURVE('',#1310,#1308,#548,.T.);
#1692=EDGE_CURVE('',#1311,#1310,#870,.T.);
#1693=EDGE_CURVE('',#1309,#1311,#549,.T.);
#1694=EDGE_CURVE('',#1312,#1313,#550,.T.);
#1695=EDGE_CURVE('',#1314,#1312,#871,.T.);
#1696=EDGE_CURVE('',#1315,#1314,#551,.T.);
#1697=EDGE_CURVE('',#1313,#1315,#469,.T.);
#1698=EDGE_CURVE('',#1316,#1317,#470,.T.);
#1699=EDGE_CURVE('',#1318,#1316,#552,.T.);
#1700=EDGE_CURVE('',#1319,#1318,#872,.T.);
#1701=EDGE_CURVE('',#1317,#1319,#553,.T.);
#1702=EDGE_CURVE('',#1320,#1321,#554,.T.);
#1703=EDGE_CURVE('',#1322,#1320,#873,.T.);
#1704=EDGE_CURVE('',#1323,#1322,#555,.T.);
#1705=EDGE_CURVE('',#1321,#1323,#471,.T.);
#1706=EDGE_CURVE('',#1324,#1325,#472,.T.);
#1707=EDGE_CURVE('',#1326,#1324,#556,.T.);
#1708=EDGE_CURVE('',#1327,#1326,#874,.T.);
#1709=EDGE_CURVE('',#1325,#1327,#557,.T.);
#1710=EDGE_CURVE('',#1328,#1329,#558,.T.);
#1711=EDGE_CURVE('',#1330,#1328,#875,.T.);
#1712=EDGE_CURVE('',#1331,#1330,#559,.T.);
#1713=EDGE_CURVE('',#1329,#1331,#473,.T.);
#1714=EDGE_CURVE('',#1332,#1333,#560,.T.);
#1715=EDGE_CURVE('',#1334,#1332,#474,.T.);
#1716=EDGE_CURVE('',#1335,#1334,#561,.T.);
#1717=EDGE_CURVE('',#1333,#1335,#876,.T.);
#1718=EDGE_CURVE('',#1336,#1337,#877,.T.);
#1719=EDGE_CURVE('',#1338,#1336,#562,.T.);
#1720=EDGE_CURVE('',#1339,#1338,#475,.T.);
#1721=EDGE_CURVE('',#1337,#1339,#563,.T.);
#1722=EDGE_CURVE('',#1340,#1341,#564,.T.);
#1723=EDGE_CURVE('',#1342,#1340,#476,.T.);
#1724=EDGE_CURVE('',#1343,#1342,#565,.T.);
#1725=EDGE_CURVE('',#1341,#1343,#878,.T.);
#1726=EDGE_CURVE('',#1344,#1345,#879,.T.);
#1727=EDGE_CURVE('',#1346,#1344,#566,.T.);
#1728=EDGE_CURVE('',#1347,#1346,#477,.T.);
#1729=EDGE_CURVE('',#1345,#1347,#567,.T.);
#1730=EDGE_CURVE('',#1348,#1349,#568,.T.);
#1731=EDGE_CURVE('',#1350,#1348,#478,.T.);
#1732=EDGE_CURVE('',#1351,#1350,#569,.T.);
#1733=EDGE_CURVE('',#1349,#1351,#880,.T.);
#1734=EDGE_CURVE('',#1352,#1353,#881,.T.);
#1735=EDGE_CURVE('',#1354,#1352,#570,.T.);
#1736=EDGE_CURVE('',#1355,#1354,#479,.T.);
#1737=EDGE_CURVE('',#1353,#1355,#571,.T.);
#1738=EDGE_CURVE('',#1356,#1357,#572,.T.);
#1739=EDGE_CURVE('',#1358,#1356,#480,.T.);
#1740=EDGE_CURVE('',#1359,#1358,#573,.T.);
#1741=EDGE_CURVE('',#1357,#1359,#882,.T.);
#1742=EDGE_CURVE('',#1360,#1361,#883,.T.);
#1743=EDGE_CURVE('',#1362,#1360,#574,.T.);
#1744=EDGE_CURVE('',#1363,#1362,#481,.T.);
#1745=EDGE_CURVE('',#1361,#1363,#575,.T.);
#1746=EDGE_CURVE('',#1364,#1365,#576,.T.);
#1747=EDGE_CURVE('',#1366,#1364,#482,.T.);
#1748=EDGE_CURVE('',#1367,#1366,#577,.T.);
#1749=EDGE_CURVE('',#1365,#1367,#884,.T.);
#1750=EDGE_CURVE('',#1368,#1369,#885,.T.);
#1751=EDGE_CURVE('',#1370,#1368,#578,.T.);
#1752=EDGE_CURVE('',#1371,#1370,#483,.T.);
#1753=EDGE_CURVE('',#1369,#1371,#579,.T.);
#1754=EDGE_CURVE('',#1372,#1373,#886,.T.);
#1755=EDGE_CURVE('',#1374,#1372,#580,.T.);
#1756=EDGE_CURVE('',#1375,#1374,#887,.T.);
#1757=EDGE_CURVE('',#1376,#1375,#581,.T.);
#1758=EDGE_CURVE('',#1377,#1376,#888,.T.);
#1759=EDGE_CURVE('',#1378,#1377,#582,.T.);
#1760=EDGE_CURVE('',#1379,#1378,#889,.T.);
#1761=EDGE_CURVE('',#1380,#1379,#583,.T.);
#1762=EDGE_CURVE('',#1381,#1380,#890,.T.);
#1763=EDGE_CURVE('',#1382,#1381,#584,.T.);
#1764=EDGE_CURVE('',#1383,#1382,#891,.T.);
#1765=EDGE_CURVE('',#1384,#1383,#585,.T.);
#1766=EDGE_CURVE('',#1385,#1384,#892,.T.);
#1767=EDGE_CURVE('',#1386,#1385,#586,.T.);
#1768=EDGE_CURVE('',#1387,#1386,#893,.T.);
#1769=EDGE_CURVE('',#1388,#1387,#587,.T.);
#1770=EDGE_CURVE('',#1388,#1389,#894,.T.);
#1771=EDGE_CURVE('',#1389,#1389,#588,.T.);
#1772=EDGE_CURVE('',#1373,#1388,#589,.T.);
#1773=EDGE_CURVE('',#1183,#1184,#590,.T.);
#1774=EDGE_CURVE('',#1186,#1182,#591,.T.);
#1775=EDGE_CURVE('',#1185,#1390,#592,.T.);
#1776=EDGE_CURVE('',#1391,#1187,#593,.T.);
#1777=EDGE_CURVE('',#1390,#1391,#895,.T.);
#1778=EDGE_CURVE('',#1390,#1392,#594,.T.);
#1779=EDGE_CURVE('',#1393,#1391,#595,.T.);
#1780=EDGE_CURVE('',#1392,#1393,#896,.T.);
#1781=EDGE_CURVE('',#1394,#1395,#897,.T.);
#1782=EDGE_CURVE('',#1180,#1394,#596,.T.);
#1783=EDGE_CURVE('',#1395,#1181,#597,.T.);
#1784=EDGE_CURVE('',#1396,#1397,#898,.T.);
#1785=EDGE_CURVE('',#1394,#1396,#598,.T.);
#1786=EDGE_CURVE('',#1397,#1395,#599,.T.);
#1787=EDGE_CURVE('',#1190,#1194,#600,.T.);
#1788=EDGE_CURVE('',#1195,#1188,#601,.T.);
#1789=EDGE_CURVE('',#1396,#1191,#602,.T.);
#1790=EDGE_CURVE('',#1189,#1397,#603,.T.);
#1791=EDGE_CURVE('',#1398,#1399,#899,.T.);
#1792=EDGE_CURVE('',#1192,#1398,#604,.T.);
#1793=EDGE_CURVE('',#1399,#1193,#605,.T.);
#1794=EDGE_CURVE('',#1400,#1401,#900,.T.);
#1795=EDGE_CURVE('',#1398,#1400,#606,.T.);
#1796=EDGE_CURVE('',#1401,#1399,#607,.T.);
#1797=EDGE_CURVE('',#1198,#1202,#608,.T.);
#1798=EDGE_CURVE('',#1203,#1196,#609,.T.);
#1799=EDGE_CURVE('',#1400,#1199,#610,.T.);
#1800=EDGE_CURVE('',#1197,#1401,#611,.T.);
#1801=EDGE_CURVE('',#1402,#1403,#901,.T.);
#1802=EDGE_CURVE('',#1200,#1402,#612,.T.);
#1803=EDGE_CURVE('',#1403,#1201,#613,.T.);
#1804=EDGE_CURVE('',#1404,#1405,#902,.T.);
#1805=EDGE_CURVE('',#1402,#1404,#614,.T.);
#1806=EDGE_CURVE('',#1405,#1403,#615,.T.);
#1807=EDGE_CURVE('',#1206,#1210,#616,.T.);
#1808=EDGE_CURVE('',#1211,#1204,#617,.T.);
#1809=EDGE_CURVE('',#1404,#1207,#618,.T.);
#1810=EDGE_CURVE('',#1205,#1405,#619,.T.);
#1811=EDGE_CURVE('',#1406,#1407,#903,.T.);
#1812=EDGE_CURVE('',#1208,#1406,#620,.T.);
#1813=EDGE_CURVE('',#1407,#1209,#621,.T.);
#1814=EDGE_CURVE('',#1408,#1409,#904,.T.);
#1815=EDGE_CURVE('',#1406,#1408,#622,.T.);
#1816=EDGE_CURVE('',#1409,#1407,#623,.T.);
#1817=EDGE_CURVE('',#1214,#1218,#624,.T.);
#1818=EDGE_CURVE('',#1219,#1212,#625,.T.);
#1819=EDGE_CURVE('',#1408,#1215,#626,.T.);
#1820=EDGE_CURVE('',#1213,#1409,#627,.T.);
#1821=EDGE_CURVE('',#1410,#1411,#905,.T.);
#1822=EDGE_CURVE('',#1216,#1410,#628,.T.);
#1823=EDGE_CURVE('',#1411,#1217,#629,.T.);
#1824=EDGE_CURVE('',#1412,#1413,#906,.T.);
#1825=EDGE_CURVE('',#1410,#1412,#630,.T.);
#1826=EDGE_CURVE('',#1413,#1411,#631,.T.);
#1827=EDGE_CURVE('',#1222,#1226,#632,.T.);
#1828=EDGE_CURVE('',#1227,#1220,#633,.T.);
#1829=EDGE_CURVE('',#1412,#1223,#634,.T.);
#1830=EDGE_CURVE('',#1221,#1413,#635,.T.);
#1831=EDGE_CURVE('',#1414,#1415,#907,.T.);
#1832=EDGE_CURVE('',#1224,#1414,#636,.T.);
#1833=EDGE_CURVE('',#1415,#1225,#637,.T.);
#1834=EDGE_CURVE('',#1416,#1417,#908,.T.);
#1835=EDGE_CURVE('',#1414,#1416,#638,.T.);
#1836=EDGE_CURVE('',#1417,#1415,#639,.T.);
#1837=EDGE_CURVE('',#1228,#1234,#640,.T.);
#1838=EDGE_CURVE('',#1235,#1229,#641,.T.);
#1839=EDGE_CURVE('',#1416,#1230,#642,.T.);
#1840=EDGE_CURVE('',#1231,#1417,#643,.T.);
#1841=EDGE_CURVE('',#1418,#1419,#909,.T.);
#1842=EDGE_CURVE('',#1232,#1418,#644,.T.);
#1843=EDGE_CURVE('',#1419,#1233,#645,.T.);
#1844=EDGE_CURVE('',#1420,#1421,#910,.T.);
#1845=EDGE_CURVE('',#1418,#1420,#646,.T.);
#1846=EDGE_CURVE('',#1421,#1419,#647,.T.);
#1847=EDGE_CURVE('',#1236,#1242,#648,.T.);
#1848=EDGE_CURVE('',#1243,#1237,#649,.T.);
#1849=EDGE_CURVE('',#1420,#1238,#650,.T.);
#1850=EDGE_CURVE('',#1239,#1421,#651,.T.);
#1851=EDGE_CURVE('',#1422,#1423,#911,.T.);
#1852=EDGE_CURVE('',#1240,#1422,#652,.T.);
#1853=EDGE_CURVE('',#1423,#1241,#653,.T.);
#1854=EDGE_CURVE('',#1424,#1425,#912,.T.);
#1855=EDGE_CURVE('',#1422,#1424,#654,.T.);
#1856=EDGE_CURVE('',#1425,#1423,#655,.T.);
#1857=EDGE_CURVE('',#1244,#1251,#656,.T.);
#1858=EDGE_CURVE('',#1249,#1245,#657,.T.);
#1859=EDGE_CURVE('',#1424,#1246,#658,.T.);
#1860=EDGE_CURVE('',#1247,#1425,#659,.T.);
#1861=EDGE_CURVE('',#1426,#1427,#913,.T.);
#1862=EDGE_CURVE('',#1250,#1426,#660,.T.);
#1863=EDGE_CURVE('',#1427,#1248,#661,.T.);
#1864=EDGE_CURVE('',#1428,#1429,#914,.T.);
#1865=EDGE_CURVE('',#1426,#1428,#662,.T.);
#1866=EDGE_CURVE('',#1429,#1427,#663,.T.);
#1867=EDGE_CURVE('',#1252,#1259,#664,.T.);
#1868=EDGE_CURVE('',#1257,#1253,#665,.T.);
#1869=EDGE_CURVE('',#1428,#1254,#666,.T.);
#1870=EDGE_CURVE('',#1255,#1429,#667,.T.);
#1871=EDGE_CURVE('',#1430,#1256,#668,.T.);
#1872=EDGE_CURVE('',#1431,#1430,#915,.T.);
#1873=EDGE_CURVE('',#1258,#1431,#669,.T.);
#1874=EDGE_CURVE('',#1432,#1433,#916,.T.);
#1875=EDGE_CURVE('',#1431,#1432,#670,.T.);
#1876=EDGE_CURVE('',#1433,#1430,#671,.T.);
#1877=EDGE_CURVE('',#1260,#1267,#672,.T.);
#1878=EDGE_CURVE('',#1265,#1261,#673,.T.);
#1879=EDGE_CURVE('',#1432,#1262,#674,.T.);
#1880=EDGE_CURVE('',#1263,#1433,#675,.T.);
#1881=EDGE_CURVE('',#1434,#1264,#676,.T.);
#1882=EDGE_CURVE('',#1435,#1434,#917,.T.);
#1883=EDGE_CURVE('',#1266,#1435,#677,.T.);
#1884=EDGE_CURVE('',#1436,#1437,#918,.T.);
#1885=EDGE_CURVE('',#1435,#1436,#678,.T.);
#1886=EDGE_CURVE('',#1437,#1434,#679,.T.);
#1887=EDGE_CURVE('',#1268,#1275,#680,.T.);
#1888=EDGE_CURVE('',#1273,#1269,#681,.T.);
#1889=EDGE_CURVE('',#1436,#1270,#682,.T.);
#1890=EDGE_CURVE('',#1271,#1437,#683,.T.);
#1891=EDGE_CURVE('',#1438,#1272,#684,.T.);
#1892=EDGE_CURVE('',#1439,#1438,#919,.T.);
#1893=EDGE_CURVE('',#1274,#1439,#685,.T.);
#1894=EDGE_CURVE('',#1440,#1441,#920,.T.);
#1895=EDGE_CURVE('',#1439,#1440,#686,.T.);
#1896=EDGE_CURVE('',#1441,#1438,#687,.T.);
#1897=EDGE_CURVE('',#1276,#1283,#688,.T.);
#1898=EDGE_CURVE('',#1281,#1277,#689,.T.);
#1899=EDGE_CURVE('',#1440,#1278,#690,.T.);
#1900=EDGE_CURVE('',#1279,#1441,#691,.T.);
#1901=EDGE_CURVE('',#1442,#1280,#692,.T.);
#1902=EDGE_CURVE('',#1443,#1442,#921,.T.);
#1903=EDGE_CURVE('',#1282,#1443,#693,.T.);
#1904=EDGE_CURVE('',#1444,#1442,#694,.T.);
#1905=EDGE_CURVE('',#1445,#1444,#922,.T.);
#1906=EDGE_CURVE('',#1443,#1445,#695,.T.);
#1907=EDGE_CURVE('',#1289,#1285,#696,.T.);
#1908=EDGE_CURVE('',#1284,#1291,#697,.T.);
#1909=EDGE_CURVE('',#1445,#1286,#698,.T.);
#1910=EDGE_CURVE('',#1287,#1444,#699,.T.);
#1911=EDGE_CURVE('',#1446,#1288,#700,.T.);
#1912=EDGE_CURVE('',#1447,#1446,#923,.T.);
#1913=EDGE_CURVE('',#1290,#1447,#701,.T.);
#1914=EDGE_CURVE('',#1448,#1446,#702,.T.);
#1915=EDGE_CURVE('',#1449,#1448,#924,.T.);
#1916=EDGE_CURVE('',#1447,#1449,#703,.T.);
#1917=EDGE_CURVE('',#1297,#1293,#704,.T.);
#1918=EDGE_CURVE('',#1292,#1299,#705,.T.);
#1919=EDGE_CURVE('',#1449,#1294,#706,.T.);
#1920=EDGE_CURVE('',#1295,#1448,#707,.T.);
#1921=EDGE_CURVE('',#1450,#1296,#708,.T.);
#1922=EDGE_CURVE('',#1451,#1450,#925,.T.);
#1923=EDGE_CURVE('',#1298,#1451,#709,.T.);
#1924=EDGE_CURVE('',#1452,#1450,#710,.T.);
#1925=EDGE_CURVE('',#1453,#1452,#926,.T.);
#1926=EDGE_CURVE('',#1451,#1453,#711,.T.);
#1927=EDGE_CURVE('',#1305,#1301,#712,.T.);
#1928=EDGE_CURVE('',#1300,#1307,#713,.T.);
#1929=EDGE_CURVE('',#1453,#1302,#714,.T.);
#1930=EDGE_CURVE('',#1303,#1452,#715,.T.);
#1931=EDGE_CURVE('',#1454,#1304,#716,.T.);
#1932=EDGE_CURVE('',#1455,#1454,#927,.T.);
#1933=EDGE_CURVE('',#1306,#1455,#717,.T.);
#1934=EDGE_CURVE('',#1456,#1454,#718,.T.);
#1935=EDGE_CURVE('',#1457,#1456,#928,.T.);
#1936=EDGE_CURVE('',#1455,#1457,#719,.T.);
#1937=EDGE_CURVE('',#1313,#1309,#720,.T.);
#1938=EDGE_CURVE('',#1308,#1315,#721,.T.);
#1939=EDGE_CURVE('',#1311,#1456,#722,.T.);
#1940=EDGE_CURVE('',#1457,#1310,#723,.T.);
#1941=EDGE_CURVE('',#1458,#1312,#724,.T.);
#1942=EDGE_CURVE('',#1459,#1458,#929,.T.);
#1943=EDGE_CURVE('',#1314,#1459,#725,.T.);
#1944=EDGE_CURVE('',#1460,#1458,#726,.T.);
#1945=EDGE_CURVE('',#1461,#1460,#930,.T.);
#1946=EDGE_CURVE('',#1459,#1461,#727,.T.);
#1947=EDGE_CURVE('',#1321,#1317,#728,.T.);
#1948=EDGE_CURVE('',#1316,#1323,#729,.T.);
#1949=EDGE_CURVE('',#1319,#1460,#730,.T.);
#1950=EDGE_CURVE('',#1461,#1318,#731,.T.);
#1951=EDGE_CURVE('',#1462,#1320,#732,.T.);
#1952=EDGE_CURVE('',#1463,#1462,#931,.T.);
#1953=EDGE_CURVE('',#1322,#1463,#733,.T.);
#1954=EDGE_CURVE('',#1464,#1462,#734,.T.);
#1955=EDGE_CURVE('',#1465,#1464,#932,.T.);
#1956=EDGE_CURVE('',#1463,#1465,#735,.T.);
#1957=EDGE_CURVE('',#1329,#1325,#736,.T.);
#1958=EDGE_CURVE('',#1324,#1331,#737,.T.);
#1959=EDGE_CURVE('',#1327,#1464,#738,.T.);
#1960=EDGE_CURVE('',#1465,#1326,#739,.T.);
#1961=EDGE_CURVE('',#1466,#1328,#740,.T.);
#1962=EDGE_CURVE('',#1467,#1466,#933,.T.);
#1963=EDGE_CURVE('',#1330,#1467,#741,.T.);
#1964=EDGE_CURVE('',#1468,#1466,#742,.T.);
#1965=EDGE_CURVE('',#1469,#1468,#934,.T.);
#1966=EDGE_CURVE('',#1467,#1469,#743,.T.);
#1967=EDGE_CURVE('',#1339,#1332,#744,.T.);
#1968=EDGE_CURVE('',#1334,#1338,#745,.T.);
#1969=EDGE_CURVE('',#1333,#1468,#746,.T.);
#1970=EDGE_CURVE('',#1469,#1335,#747,.T.);
#1971=EDGE_CURVE('',#1470,#1471,#935,.T.);
#1972=EDGE_CURVE('',#1336,#1470,#748,.T.);
#1973=EDGE_CURVE('',#1471,#1337,#749,.T.);
#1974=EDGE_CURVE('',#1472,#1471,#750,.T.);
#1975=EDGE_CURVE('',#1473,#1472,#936,.T.);
#1976=EDGE_CURVE('',#1470,#1473,#751,.T.);
#1977=EDGE_CURVE('',#1347,#1340,#752,.T.);
#1978=EDGE_CURVE('',#1342,#1346,#753,.T.);
#1979=EDGE_CURVE('',#1341,#1472,#754,.T.);
#1980=EDGE_CURVE('',#1473,#1343,#755,.T.);
#1981=EDGE_CURVE('',#1474,#1475,#937,.T.);
#1982=EDGE_CURVE('',#1344,#1474,#756,.T.);
#1983=EDGE_CURVE('',#1475,#1345,#757,.T.);
#1984=EDGE_CURVE('',#1476,#1475,#758,.T.);
#1985=EDGE_CURVE('',#1477,#1476,#938,.T.);
#1986=EDGE_CURVE('',#1474,#1477,#759,.T.);
#1987=EDGE_CURVE('',#1355,#1348,#760,.T.);
#1988=EDGE_CURVE('',#1350,#1354,#761,.T.);
#1989=EDGE_CURVE('',#1349,#1476,#762,.T.);
#1990=EDGE_CURVE('',#1477,#1351,#763,.T.);
#1991=EDGE_CURVE('',#1478,#1479,#939,.T.);
#1992=EDGE_CURVE('',#1352,#1478,#764,.T.);
#1993=EDGE_CURVE('',#1479,#1353,#765,.T.);
#1994=EDGE_CURVE('',#1480,#1479,#766,.T.);
#1995=EDGE_CURVE('',#1481,#1480,#940,.T.);
#1996=EDGE_CURVE('',#1478,#1481,#767,.T.);
#1997=EDGE_CURVE('',#1363,#1356,#768,.T.);
#1998=EDGE_CURVE('',#1358,#1362,#769,.T.);
#1999=EDGE_CURVE('',#1357,#1480,#770,.T.);
#2000=EDGE_CURVE('',#1481,#1359,#771,.T.);
#2001=EDGE_CURVE('',#1482,#1483,#941,.T.);
#2002=EDGE_CURVE('',#1360,#1482,#772,.T.);
#2003=EDGE_CURVE('',#1483,#1361,#773,.T.);
#2004=EDGE_CURVE('',#1484,#1483,#774,.T.);
#2005=EDGE_CURVE('',#1485,#1484,#942,.T.);
#2006=EDGE_CURVE('',#1482,#1485,#775,.T.);
#2007=EDGE_CURVE('',#1371,#1364,#776,.T.);
#2008=EDGE_CURVE('',#1366,#1370,#777,.T.);
#2009=EDGE_CURVE('',#1365,#1484,#778,.T.);
#2010=EDGE_CURVE('',#1485,#1367,#779,.T.);
#2011=EDGE_CURVE('',#1368,#1393,#780,.T.);
#2012=EDGE_CURVE('',#1392,#1369,#781,.T.);
#2013=EDGE_CURVE('',#1486,#1378,#782,.T.);
#2014=EDGE_CURVE('',#1487,#1486,#943,.T.);
#2015=EDGE_CURVE('',#1379,#1487,#783,.T.);
#2016=EDGE_CURVE('',#1488,#1380,#784,.T.);
#2017=EDGE_CURVE('',#1489,#1488,#944,.T.);
#2018=EDGE_CURVE('',#1381,#1489,#785,.T.);
#2019=EDGE_CURVE('',#1490,#1376,#786,.T.);
#2020=EDGE_CURVE('',#1491,#1490,#945,.T.);
#2021=EDGE_CURVE('',#1377,#1491,#787,.T.);
#2022=EDGE_CURVE('',#1492,#1374,#788,.T.);
#2023=EDGE_CURVE('',#1493,#1492,#946,.T.);
#2024=EDGE_CURVE('',#1375,#1493,#789,.T.);
#2025=EDGE_CURVE('',#1494,#1495,#947,.T.);
#2026=EDGE_CURVE('',#1383,#1494,#790,.T.);
#2027=EDGE_CURVE('',#1495,#1382,#791,.T.);
#2028=EDGE_CURVE('',#1496,#1384,#792,.T.);
#2029=EDGE_CURVE('',#1497,#1496,#948,.T.);
#2030=EDGE_CURVE('',#1385,#1497,#793,.T.);
#2031=EDGE_CURVE('',#1498,#1499,#949,.T.);
#2032=EDGE_CURVE('',#1387,#1498,#794,.T.);
#2033=EDGE_CURVE('',#1499,#1386,#795,.T.);
#2034=EDGE_CURVE('',#1372,#1500,#796,.T.);
#2035=EDGE_CURVE('',#1501,#1373,#797,.T.);
#2036=EDGE_CURVE('',#1500,#1501,#950,.T.);
#2037=EDGE_CURVE('',#1502,#1503,#951,.T.);
#2038=EDGE_CURVE('',#1504,#1502,#798,.T.);
#2039=EDGE_CURVE('',#1505,#1504,#952,.T.);
#2040=EDGE_CURVE('',#1503,#1505,#799,.T.);
#2041=EDGE_CURVE('',#1506,#1507,#953,.T.);
#2042=EDGE_CURVE('',#1502,#1506,#800,.T.);
#2043=EDGE_CURVE('',#1507,#1503,#801,.T.);
#2044=EDGE_CURVE('',#1508,#1509,#954,.T.);
#2045=EDGE_CURVE('',#1510,#1508,#802,.T.);
#2046=EDGE_CURVE('',#1511,#1510,#955,.T.);
#2047=EDGE_CURVE('',#1509,#1511,#803,.T.);
#2048=EDGE_CURVE('',#1512,#1513,#804,.T.);
#2049=EDGE_CURVE('',#1514,#1512,#956,.T.);
#2050=EDGE_CURVE('',#1515,#1514,#805,.T.);
#2051=EDGE_CURVE('',#1513,#1515,#957,.T.);
#2052=EDGE_CURVE('',#1516,#1517,#958,.T.);
#2053=EDGE_CURVE('',#1514,#1516,#806,.T.);
#2054=EDGE_CURVE('',#1517,#1512,#807,.T.);
#2055=EDGE_CURVE('',#1518,#1519,#808,.T.);
#2056=EDGE_CURVE('',#1520,#1518,#959,.T.);
#2057=EDGE_CURVE('',#1521,#1520,#809,.T.);
#2058=EDGE_CURVE('',#1519,#1521,#960,.T.);
#2059=EDGE_CURVE('',#1522,#1523,#961,.T.);
#2060=EDGE_CURVE('',#1520,#1522,#810,.T.);
#2061=EDGE_CURVE('',#1523,#1518,#811,.T.);
#2062=EDGE_CURVE('',#1524,#1525,#962,.T.);
#2063=EDGE_CURVE('',#1522,#1524,#812,.T.);
#2064=EDGE_CURVE('',#1525,#1523,#813,.T.);
#2065=EDGE_CURVE('',#1526,#1504,#814,.T.);
#2066=EDGE_CURVE('',#1527,#1526,#963,.T.);
#2067=EDGE_CURVE('',#1505,#1527,#815,.T.);
#2068=EDGE_CURVE('',#1513,#1528,#816,.T.);
#2069=EDGE_CURVE('',#1529,#1515,#817,.T.);
#2070=EDGE_CURVE('',#1528,#1529,#964,.T.);
#2071=EDGE_CURVE('',#1530,#1509,#818,.T.);
#2072=EDGE_CURVE('',#1531,#1530,#965,.T.);
#2073=EDGE_CURVE('',#1508,#1531,#819,.T.);
#2074=EDGE_CURVE('',#1532,#1530,#820,.T.);
#2075=EDGE_CURVE('',#1533,#1532,#966,.T.);
#2076=EDGE_CURVE('',#1531,#1533,#821,.T.);
#2077=EDGE_CURVE('',#1534,#1534,#822,.T.);
#2078=EDGE_CURVE('',#1534,#1535,#967,.T.);
#2079=EDGE_CURVE('',#1535,#1535,#823,.T.);
#2080=EDGE_CURVE('',#1536,#1536,#824,.T.);
#2081=EDGE_CURVE('',#1536,#1537,#968,.T.);
#2082=EDGE_CURVE('',#1537,#1537,#825,.T.);
#2083=EDGE_CURVE('',#1538,#1539,#826,.T.);
#2084=EDGE_CURVE('',#1540,#1538,#969,.T.);
#2085=EDGE_CURVE('',#1541,#1540,#827,.T.);
#2086=EDGE_CURVE('',#1539,#1541,#970,.T.);
#2087=EDGE_CURVE('',#1542,#1543,#828,.T.);
#2088=EDGE_CURVE('',#1544,#1542,#971,.T.);
#2089=EDGE_CURVE('',#1545,#1544,#829,.T.);
#2090=EDGE_CURVE('',#1543,#1545,#972,.T.);
#2091=EDGE_CURVE('',#1546,#1547,#830,.T.);
#2092=EDGE_CURVE('',#1548,#1546,#973,.T.);
#2093=EDGE_CURVE('',#1549,#1548,#831,.T.);
#2094=EDGE_CURVE('',#1547,#1549,#974,.T.);
#2095=EDGE_CURVE('',#1550,#1551,#975,.T.);
#2096=EDGE_CURVE('',#1552,#1550,#832,.T.);
#2097=EDGE_CURVE('',#1553,#1552,#976,.T.);
#2098=EDGE_CURVE('',#1551,#1553,#833,.T.);
#2099=EDGE_CURVE('',#1554,#1555,#977,.T.);
#2100=EDGE_CURVE('',#1556,#1554,#834,.T.);
#2101=EDGE_CURVE('',#1557,#1556,#978,.T.);
#2102=EDGE_CURVE('',#1555,#1557,#835,.T.);
#2103=EDGE_CURVE('',#1558,#1559,#979,.T.);
#2104=EDGE_CURVE('',#1560,#1558,#836,.T.);
#2105=EDGE_CURVE('',#1561,#1560,#980,.T.);
#2106=EDGE_CURVE('',#1559,#1561,#837,.T.);
#2107=EDGE_CURVE('',#1499,#1511,#981,.T.);
#2108=EDGE_CURVE('',#1532,#1497,#982,.T.);
#2109=EDGE_CURVE('',#1492,#1527,#983,.T.);
#2110=EDGE_CURVE('',#1507,#1500,#984,.T.);
#2111=EDGE_CURVE('',#1517,#1489,#985,.T.);
#2112=EDGE_CURVE('',#1495,#1528,#986,.T.);
#2113=EDGE_CURVE('',#1525,#1491,#987,.T.);
#2114=EDGE_CURVE('',#1486,#1519,#988,.T.);
#2115=EDGE_CURVE('',#1496,#1533,#989,.T.);
#2116=EDGE_CURVE('',#1529,#1494,#990,.T.);
#2117=EDGE_CURVE('',#1488,#1516,#991,.T.);
#2118=EDGE_CURVE('',#1521,#1487,#992,.T.);
#2119=EDGE_CURVE('',#1490,#1524,#993,.T.);
#2120=EDGE_CURVE('',#1526,#1493,#994,.T.);
#2121=EDGE_CURVE('',#1501,#1506,#995,.T.);
#2122=EDGE_CURVE('',#1510,#1498,#996,.T.);
#2123=EDGE_CURVE('',#1551,#1547,#997,.T.);
#2124=EDGE_CURVE('',#1555,#1553,#998,.T.);
#2125=EDGE_CURVE('',#1559,#1557,#999,.T.);
#2126=EDGE_CURVE('',#1538,#1561,#1000,.T.);
#2127=EDGE_CURVE('',#1542,#1539,#1001,.T.);
#2128=EDGE_CURVE('',#1546,#1543,#1002,.T.);
#2129=EDGE_CURVE('',#1544,#1541,#1003,.T.);
#2130=EDGE_CURVE('',#1558,#1556,#1004,.T.);
#2131=EDGE_CURVE('',#1550,#1549,#1005,.T.);
#2132=EDGE_CURVE('',#1548,#1545,#1006,.T.);
#2133=EDGE_CURVE('',#1554,#1552,#1007,.T.);
#2134=EDGE_CURVE('',#1560,#1540,#1008,.T.);
#2135=ORIENTED_EDGE('',*,*,#1562,.F.);
#2136=ORIENTED_EDGE('',*,*,#1563,.F.);
#2137=ORIENTED_EDGE('',*,*,#1564,.F.);
#2138=ORIENTED_EDGE('',*,*,#1565,.F.);
#2139=ORIENTED_EDGE('',*,*,#1566,.F.);
#2140=ORIENTED_EDGE('',*,*,#1567,.F.);
#2141=ORIENTED_EDGE('',*,*,#1568,.F.);
#2142=ORIENTED_EDGE('',*,*,#1569,.F.);
#2143=ORIENTED_EDGE('',*,*,#1570,.F.);
#2144=ORIENTED_EDGE('',*,*,#1571,.F.);
#2145=ORIENTED_EDGE('',*,*,#1572,.F.);
#2146=ORIENTED_EDGE('',*,*,#1573,.F.);
#2147=ORIENTED_EDGE('',*,*,#1574,.F.);
#2148=ORIENTED_EDGE('',*,*,#1575,.F.);
#2149=ORIENTED_EDGE('',*,*,#1576,.F.);
#2150=ORIENTED_EDGE('',*,*,#1577,.F.);
#2151=ORIENTED_EDGE('',*,*,#1578,.F.);
#2152=ORIENTED_EDGE('',*,*,#1579,.F.);
#2153=ORIENTED_EDGE('',*,*,#1580,.F.);
#2154=ORIENTED_EDGE('',*,*,#1581,.F.);
#2155=ORIENTED_EDGE('',*,*,#1582,.F.);
#2156=ORIENTED_EDGE('',*,*,#1583,.F.);
#2157=ORIENTED_EDGE('',*,*,#1584,.F.);
#2158=ORIENTED_EDGE('',*,*,#1585,.F.);
#2159=ORIENTED_EDGE('',*,*,#1586,.F.);
#2160=ORIENTED_EDGE('',*,*,#1587,.F.);
#2161=ORIENTED_EDGE('',*,*,#1588,.F.);
#2162=ORIENTED_EDGE('',*,*,#1589,.F.);
#2163=ORIENTED_EDGE('',*,*,#1590,.F.);
#2164=ORIENTED_EDGE('',*,*,#1591,.F.);
#2165=ORIENTED_EDGE('',*,*,#1592,.F.);
#2166=ORIENTED_EDGE('',*,*,#1593,.F.);
#2167=ORIENTED_EDGE('',*,*,#1594,.F.);
#2168=ORIENTED_EDGE('',*,*,#1595,.F.);
#2169=ORIENTED_EDGE('',*,*,#1596,.F.);
#2170=ORIENTED_EDGE('',*,*,#1597,.F.);
#2171=ORIENTED_EDGE('',*,*,#1598,.F.);
#2172=ORIENTED_EDGE('',*,*,#1599,.F.);
#2173=ORIENTED_EDGE('',*,*,#1600,.F.);
#2174=ORIENTED_EDGE('',*,*,#1601,.F.);
#2175=ORIENTED_EDGE('',*,*,#1602,.F.);
#2176=ORIENTED_EDGE('',*,*,#1603,.F.);
#2177=ORIENTED_EDGE('',*,*,#1604,.F.);
#2178=ORIENTED_EDGE('',*,*,#1605,.F.);
#2179=ORIENTED_EDGE('',*,*,#1606,.F.);
#2180=ORIENTED_EDGE('',*,*,#1607,.F.);
#2181=ORIENTED_EDGE('',*,*,#1608,.F.);
#2182=ORIENTED_EDGE('',*,*,#1609,.F.);
#2183=ORIENTED_EDGE('',*,*,#1610,.F.);
#2184=ORIENTED_EDGE('',*,*,#1611,.F.);
#2185=ORIENTED_EDGE('',*,*,#1612,.F.);
#2186=ORIENTED_EDGE('',*,*,#1613,.F.);
#2187=ORIENTED_EDGE('',*,*,#1614,.F.);
#2188=ORIENTED_EDGE('',*,*,#1615,.F.);
#2189=ORIENTED_EDGE('',*,*,#1616,.F.);
#2190=ORIENTED_EDGE('',*,*,#1617,.F.);
#2191=ORIENTED_EDGE('',*,*,#1618,.F.);
#2192=ORIENTED_EDGE('',*,*,#1619,.F.);
#2193=ORIENTED_EDGE('',*,*,#1620,.F.);
#2194=ORIENTED_EDGE('',*,*,#1621,.F.);
#2195=ORIENTED_EDGE('',*,*,#1622,.F.);
#2196=ORIENTED_EDGE('',*,*,#1623,.F.);
#2197=ORIENTED_EDGE('',*,*,#1624,.F.);
#2198=ORIENTED_EDGE('',*,*,#1625,.F.);
#2199=ORIENTED_EDGE('',*,*,#1626,.F.);
#2200=ORIENTED_EDGE('',*,*,#1627,.F.);
#2201=ORIENTED_EDGE('',*,*,#1628,.F.);
#2202=ORIENTED_EDGE('',*,*,#1629,.F.);
#2203=ORIENTED_EDGE('',*,*,#1630,.F.);
#2204=ORIENTED_EDGE('',*,*,#1631,.F.);
#2205=ORIENTED_EDGE('',*,*,#1632,.F.);
#2206=ORIENTED_EDGE('',*,*,#1633,.F.);
#2207=ORIENTED_EDGE('',*,*,#1634,.F.);
#2208=ORIENTED_EDGE('',*,*,#1635,.F.);
#2209=ORIENTED_EDGE('',*,*,#1636,.F.);
#2210=ORIENTED_EDGE('',*,*,#1637,.F.);
#2211=ORIENTED_EDGE('',*,*,#1638,.F.);
#2212=ORIENTED_EDGE('',*,*,#1639,.F.);
#2213=ORIENTED_EDGE('',*,*,#1640,.F.);
#2214=ORIENTED_EDGE('',*,*,#1641,.F.);
#2215=ORIENTED_EDGE('',*,*,#1642,.F.);
#2216=ORIENTED_EDGE('',*,*,#1643,.F.);
#2217=ORIENTED_EDGE('',*,*,#1644,.F.);
#2218=ORIENTED_EDGE('',*,*,#1645,.F.);
#2219=ORIENTED_EDGE('',*,*,#1646,.F.);
#2220=ORIENTED_EDGE('',*,*,#1647,.F.);
#2221=ORIENTED_EDGE('',*,*,#1648,.F.);
#2222=ORIENTED_EDGE('',*,*,#1649,.F.);
#2223=ORIENTED_EDGE('',*,*,#1650,.F.);
#2224=ORIENTED_EDGE('',*,*,#1651,.F.);
#2225=ORIENTED_EDGE('',*,*,#1652,.F.);
#2226=ORIENTED_EDGE('',*,*,#1653,.F.);
#2227=ORIENTED_EDGE('',*,*,#1654,.F.);
#2228=ORIENTED_EDGE('',*,*,#1655,.F.);
#2229=ORIENTED_EDGE('',*,*,#1656,.F.);
#2230=ORIENTED_EDGE('',*,*,#1657,.F.);
#2231=ORIENTED_EDGE('',*,*,#1658,.F.);
#2232=ORIENTED_EDGE('',*,*,#1659,.F.);
#2233=ORIENTED_EDGE('',*,*,#1660,.F.);
#2234=ORIENTED_EDGE('',*,*,#1661,.F.);
#2235=ORIENTED_EDGE('',*,*,#1662,.F.);
#2236=ORIENTED_EDGE('',*,*,#1663,.F.);
#2237=ORIENTED_EDGE('',*,*,#1664,.F.);
#2238=ORIENTED_EDGE('',*,*,#1665,.F.);
#2239=ORIENTED_EDGE('',*,*,#1666,.F.);
#2240=ORIENTED_EDGE('',*,*,#1667,.F.);
#2241=ORIENTED_EDGE('',*,*,#1668,.F.);
#2242=ORIENTED_EDGE('',*,*,#1669,.F.);
#2243=ORIENTED_EDGE('',*,*,#1670,.F.);
#2244=ORIENTED_EDGE('',*,*,#1671,.F.);
#2245=ORIENTED_EDGE('',*,*,#1672,.F.);
#2246=ORIENTED_EDGE('',*,*,#1673,.F.);
#2247=ORIENTED_EDGE('',*,*,#1674,.F.);
#2248=ORIENTED_EDGE('',*,*,#1675,.F.);
#2249=ORIENTED_EDGE('',*,*,#1676,.F.);
#2250=ORIENTED_EDGE('',*,*,#1677,.F.);
#2251=ORIENTED_EDGE('',*,*,#1678,.F.);
#2252=ORIENTED_EDGE('',*,*,#1679,.F.);
#2253=ORIENTED_EDGE('',*,*,#1680,.F.);
#2254=ORIENTED_EDGE('',*,*,#1681,.F.);
#2255=ORIENTED_EDGE('',*,*,#1682,.F.);
#2256=ORIENTED_EDGE('',*,*,#1683,.F.);
#2257=ORIENTED_EDGE('',*,*,#1684,.F.);
#2258=ORIENTED_EDGE('',*,*,#1685,.F.);
#2259=ORIENTED_EDGE('',*,*,#1686,.F.);
#2260=ORIENTED_EDGE('',*,*,#1687,.F.);
#2261=ORIENTED_EDGE('',*,*,#1688,.F.);
#2262=ORIENTED_EDGE('',*,*,#1689,.F.);
#2263=ORIENTED_EDGE('',*,*,#1690,.F.);
#2264=ORIENTED_EDGE('',*,*,#1691,.F.);
#2265=ORIENTED_EDGE('',*,*,#1692,.F.);
#2266=ORIENTED_EDGE('',*,*,#1693,.F.);
#2267=ORIENTED_EDGE('',*,*,#1694,.F.);
#2268=ORIENTED_EDGE('',*,*,#1695,.F.);
#2269=ORIENTED_EDGE('',*,*,#1696,.F.);
#2270=ORIENTED_EDGE('',*,*,#1697,.F.);
#2271=ORIENTED_EDGE('',*,*,#1698,.F.);
#2272=ORIENTED_EDGE('',*,*,#1699,.F.);
#2273=ORIENTED_EDGE('',*,*,#1700,.F.);
#2274=ORIENTED_EDGE('',*,*,#1701,.F.);
#2275=ORIENTED_EDGE('',*,*,#1702,.F.);
#2276=ORIENTED_EDGE('',*,*,#1703,.F.);
#2277=ORIENTED_EDGE('',*,*,#1704,.F.);
#2278=ORIENTED_EDGE('',*,*,#1705,.F.);
#2279=ORIENTED_EDGE('',*,*,#1706,.F.);
#2280=ORIENTED_EDGE('',*,*,#1707,.F.);
#2281=ORIENTED_EDGE('',*,*,#1708,.F.);
#2282=ORIENTED_EDGE('',*,*,#1709,.F.);
#2283=ORIENTED_EDGE('',*,*,#1710,.F.);
#2284=ORIENTED_EDGE('',*,*,#1711,.F.);
#2285=ORIENTED_EDGE('',*,*,#1712,.F.);
#2286=ORIENTED_EDGE('',*,*,#1713,.F.);
#2287=ORIENTED_EDGE('',*,*,#1714,.F.);
#2288=ORIENTED_EDGE('',*,*,#1715,.F.);
#2289=ORIENTED_EDGE('',*,*,#1716,.F.);
#2290=ORIENTED_EDGE('',*,*,#1717,.F.);
#2291=ORIENTED_EDGE('',*,*,#1718,.F.);
#2292=ORIENTED_EDGE('',*,*,#1719,.F.);
#2293=ORIENTED_EDGE('',*,*,#1720,.F.);
#2294=ORIENTED_EDGE('',*,*,#1721,.F.);
#2295=ORIENTED_EDGE('',*,*,#1722,.F.);
#2296=ORIENTED_EDGE('',*,*,#1723,.F.);
#2297=ORIENTED_EDGE('',*,*,#1724,.F.);
#2298=ORIENTED_EDGE('',*,*,#1725,.F.);
#2299=ORIENTED_EDGE('',*,*,#1726,.F.);
#2300=ORIENTED_EDGE('',*,*,#1727,.F.);
#2301=ORIENTED_EDGE('',*,*,#1728,.F.);
#2302=ORIENTED_EDGE('',*,*,#1729,.F.);
#2303=ORIENTED_EDGE('',*,*,#1730,.F.);
#2304=ORIENTED_EDGE('',*,*,#1731,.F.);
#2305=ORIENTED_EDGE('',*,*,#1732,.F.);
#2306=ORIENTED_EDGE('',*,*,#1733,.F.);
#2307=ORIENTED_EDGE('',*,*,#1734,.F.);
#2308=ORIENTED_EDGE('',*,*,#1735,.F.);
#2309=ORIENTED_EDGE('',*,*,#1736,.F.);
#2310=ORIENTED_EDGE('',*,*,#1737,.F.);
#2311=ORIENTED_EDGE('',*,*,#1738,.F.);
#2312=ORIENTED_EDGE('',*,*,#1739,.F.);
#2313=ORIENTED_EDGE('',*,*,#1740,.F.);
#2314=ORIENTED_EDGE('',*,*,#1741,.F.);
#2315=ORIENTED_EDGE('',*,*,#1742,.F.);
#2316=ORIENTED_EDGE('',*,*,#1743,.F.);
#2317=ORIENTED_EDGE('',*,*,#1744,.F.);
#2318=ORIENTED_EDGE('',*,*,#1745,.F.);
#2319=ORIENTED_EDGE('',*,*,#1746,.F.);
#2320=ORIENTED_EDGE('',*,*,#1747,.F.);
#2321=ORIENTED_EDGE('',*,*,#1748,.F.);
#2322=ORIENTED_EDGE('',*,*,#1749,.F.);
#2323=ORIENTED_EDGE('',*,*,#1750,.F.);
#2324=ORIENTED_EDGE('',*,*,#1751,.F.);
#2325=ORIENTED_EDGE('',*,*,#1752,.F.);
#2326=ORIENTED_EDGE('',*,*,#1753,.F.);
#2327=ORIENTED_EDGE('',*,*,#1754,.F.);
#2328=ORIENTED_EDGE('',*,*,#1755,.F.);
#2329=ORIENTED_EDGE('',*,*,#1756,.F.);
#2330=ORIENTED_EDGE('',*,*,#1757,.F.);
#2331=ORIENTED_EDGE('',*,*,#1758,.F.);
#2332=ORIENTED_EDGE('',*,*,#1759,.F.);
#2333=ORIENTED_EDGE('',*,*,#1760,.F.);
#2334=ORIENTED_EDGE('',*,*,#1761,.F.);
#2335=ORIENTED_EDGE('',*,*,#1762,.F.);
#2336=ORIENTED_EDGE('',*,*,#1763,.F.);
#2337=ORIENTED_EDGE('',*,*,#1764,.F.);
#2338=ORIENTED_EDGE('',*,*,#1765,.F.);
#2339=ORIENTED_EDGE('',*,*,#1766,.F.);
#2340=ORIENTED_EDGE('',*,*,#1767,.F.);
#2341=ORIENTED_EDGE('',*,*,#1768,.F.);
#2342=ORIENTED_EDGE('',*,*,#1769,.F.);
#2343=ORIENTED_EDGE('',*,*,#1770,.T.);
#2344=ORIENTED_EDGE('',*,*,#1771,.F.);
#2345=ORIENTED_EDGE('',*,*,#1770,.F.);
#2346=ORIENTED_EDGE('',*,*,#1772,.F.);
#2347=ORIENTED_EDGE('',*,*,#1773,.F.);
#2348=ORIENTED_EDGE('',*,*,#1564,.T.);
#2349=ORIENTED_EDGE('',*,*,#1774,.F.);
#2350=ORIENTED_EDGE('',*,*,#1567,.T.);
#2351=ORIENTED_EDGE('',*,*,#1775,.F.);
#2352=ORIENTED_EDGE('',*,*,#1569,.T.);
#2353=ORIENTED_EDGE('',*,*,#1776,.F.);
#2354=ORIENTED_EDGE('',*,*,#1777,.F.);
#2355=ORIENTED_EDGE('',*,*,#1778,.F.);
#2356=ORIENTED_EDGE('',*,*,#1777,.T.);
#2357=ORIENTED_EDGE('',*,*,#1779,.F.);
#2358=ORIENTED_EDGE('',*,*,#1780,.F.);
#2359=ORIENTED_EDGE('',*,*,#1781,.F.);
#2360=ORIENTED_EDGE('',*,*,#1782,.F.);
#2361=ORIENTED_EDGE('',*,*,#1562,.T.);
#2362=ORIENTED_EDGE('',*,*,#1783,.F.);
#2363=ORIENTED_EDGE('',*,*,#1784,.F.);
#2364=ORIENTED_EDGE('',*,*,#1785,.F.);
#2365=ORIENTED_EDGE('',*,*,#1781,.T.);
#2366=ORIENTED_EDGE('',*,*,#1786,.F.);
#2367=ORIENTED_EDGE('',*,*,#1576,.T.);
#2368=ORIENTED_EDGE('',*,*,#1787,.F.);
#2369=ORIENTED_EDGE('',*,*,#1571,.T.);
#2370=ORIENTED_EDGE('',*,*,#1788,.F.);
#2371=ORIENTED_EDGE('',*,*,#1573,.T.);
#2372=ORIENTED_EDGE('',*,*,#1789,.F.);
#2373=ORIENTED_EDGE('',*,*,#1784,.T.);
#2374=ORIENTED_EDGE('',*,*,#1790,.F.);
#2375=ORIENTED_EDGE('',*,*,#1791,.F.);
#2376=ORIENTED_EDGE('',*,*,#1792,.F.);
#2377=ORIENTED_EDGE('',*,*,#1574,.T.);
#2378=ORIENTED_EDGE('',*,*,#1793,.F.);
#2379=ORIENTED_EDGE('',*,*,#1794,.F.);
#2380=ORIENTED_EDGE('',*,*,#1795,.F.);
#2381=ORIENTED_EDGE('',*,*,#1791,.T.);
#2382=ORIENTED_EDGE('',*,*,#1796,.F.);
#2383=ORIENTED_EDGE('',*,*,#1584,.T.);
#2384=ORIENTED_EDGE('',*,*,#1797,.F.);
#2385=ORIENTED_EDGE('',*,*,#1579,.T.);
#2386=ORIENTED_EDGE('',*,*,#1798,.F.);
#2387=ORIENTED_EDGE('',*,*,#1581,.T.);
#2388=ORIENTED_EDGE('',*,*,#1799,.F.);
#2389=ORIENTED_EDGE('',*,*,#1794,.T.);
#2390=ORIENTED_EDGE('',*,*,#1800,.F.);
#2391=ORIENTED_EDGE('',*,*,#1801,.F.);
#2392=ORIENTED_EDGE('',*,*,#1802,.F.);
#2393=ORIENTED_EDGE('',*,*,#1582,.T.);
#2394=ORIENTED_EDGE('',*,*,#1803,.F.);
#2395=ORIENTED_EDGE('',*,*,#1804,.F.);
#2396=ORIENTED_EDGE('',*,*,#1805,.F.);
#2397=ORIENTED_EDGE('',*,*,#1801,.T.);
#2398=ORIENTED_EDGE('',*,*,#1806,.F.);
#2399=ORIENTED_EDGE('',*,*,#1592,.T.);
#2400=ORIENTED_EDGE('',*,*,#1807,.F.);
#2401=ORIENTED_EDGE('',*,*,#1587,.T.);
#2402=ORIENTED_EDGE('',*,*,#1808,.F.);
#2403=ORIENTED_EDGE('',*,*,#1589,.T.);
#2404=ORIENTED_EDGE('',*,*,#1809,.F.);
#2405=ORIENTED_EDGE('',*,*,#1804,.T.);
#2406=ORIENTED_EDGE('',*,*,#1810,.F.);
#2407=ORIENTED_EDGE('',*,*,#1811,.F.);
#2408=ORIENTED_EDGE('',*,*,#1812,.F.);
#2409=ORIENTED_EDGE('',*,*,#1590,.T.);
#2410=ORIENTED_EDGE('',*,*,#1813,.F.);
#2411=ORIENTED_EDGE('',*,*,#1814,.F.);
#2412=ORIENTED_EDGE('',*,*,#1815,.F.);
#2413=ORIENTED_EDGE('',*,*,#1811,.T.);
#2414=ORIENTED_EDGE('',*,*,#1816,.F.);
#2415=ORIENTED_EDGE('',*,*,#1600,.T.);
#2416=ORIENTED_EDGE('',*,*,#1817,.F.);
#2417=ORIENTED_EDGE('',*,*,#1595,.T.);
#2418=ORIENTED_EDGE('',*,*,#1818,.F.);
#2419=ORIENTED_EDGE('',*,*,#1597,.T.);
#2420=ORIENTED_EDGE('',*,*,#1819,.F.);
#2421=ORIENTED_EDGE('',*,*,#1814,.T.);
#2422=ORIENTED_EDGE('',*,*,#1820,.F.);
#2423=ORIENTED_EDGE('',*,*,#1821,.F.);
#2424=ORIENTED_EDGE('',*,*,#1822,.F.);
#2425=ORIENTED_EDGE('',*,*,#1598,.T.);
#2426=ORIENTED_EDGE('',*,*,#1823,.F.);
#2427=ORIENTED_EDGE('',*,*,#1824,.F.);
#2428=ORIENTED_EDGE('',*,*,#1825,.F.);
#2429=ORIENTED_EDGE('',*,*,#1821,.T.);
#2430=ORIENTED_EDGE('',*,*,#1826,.F.);
#2431=ORIENTED_EDGE('',*,*,#1608,.T.);
#2432=ORIENTED_EDGE('',*,*,#1827,.F.);
#2433=ORIENTED_EDGE('',*,*,#1603,.T.);
#2434=ORIENTED_EDGE('',*,*,#1828,.F.);
#2435=ORIENTED_EDGE('',*,*,#1605,.T.);
#2436=ORIENTED_EDGE('',*,*,#1829,.F.);
#2437=ORIENTED_EDGE('',*,*,#1824,.T.);
#2438=ORIENTED_EDGE('',*,*,#1830,.F.);
#2439=ORIENTED_EDGE('',*,*,#1831,.F.);
#2440=ORIENTED_EDGE('',*,*,#1832,.F.);
#2441=ORIENTED_EDGE('',*,*,#1606,.T.);
#2442=ORIENTED_EDGE('',*,*,#1833,.F.);
#2443=ORIENTED_EDGE('',*,*,#1834,.F.);
#2444=ORIENTED_EDGE('',*,*,#1835,.F.);
#2445=ORIENTED_EDGE('',*,*,#1831,.T.);
#2446=ORIENTED_EDGE('',*,*,#1836,.F.);
#2447=ORIENTED_EDGE('',*,*,#1616,.T.);
#2448=ORIENTED_EDGE('',*,*,#1837,.F.);
#2449=ORIENTED_EDGE('',*,*,#1610,.T.);
#2450=ORIENTED_EDGE('',*,*,#1838,.F.);
#2451=ORIENTED_EDGE('',*,*,#1612,.T.);
#2452=ORIENTED_EDGE('',*,*,#1839,.F.);
#2453=ORIENTED_EDGE('',*,*,#1834,.T.);
#2454=ORIENTED_EDGE('',*,*,#1840,.F.);
#2455=ORIENTED_EDGE('',*,*,#1841,.F.);
#2456=ORIENTED_EDGE('',*,*,#1842,.F.);
#2457=ORIENTED_EDGE('',*,*,#1614,.T.);
#2458=ORIENTED_EDGE('',*,*,#1843,.F.);
#2459=ORIENTED_EDGE('',*,*,#1844,.F.);
#2460=ORIENTED_EDGE('',*,*,#1845,.F.);
#2461=ORIENTED_EDGE('',*,*,#1841,.T.);
#2462=ORIENTED_EDGE('',*,*,#1846,.F.);
#2463=ORIENTED_EDGE('',*,*,#1624,.T.);
#2464=ORIENTED_EDGE('',*,*,#1847,.F.);
#2465=ORIENTED_EDGE('',*,*,#1618,.T.);
#2466=ORIENTED_EDGE('',*,*,#1848,.F.);
#2467=ORIENTED_EDGE('',*,*,#1620,.T.);
#2468=ORIENTED_EDGE('',*,*,#1849,.F.);
#2469=ORIENTED_EDGE('',*,*,#1844,.T.);
#2470=ORIENTED_EDGE('',*,*,#1850,.F.);
#2471=ORIENTED_EDGE('',*,*,#1851,.F.);
#2472=ORIENTED_EDGE('',*,*,#1852,.F.);
#2473=ORIENTED_EDGE('',*,*,#1622,.T.);
#2474=ORIENTED_EDGE('',*,*,#1853,.F.);
#2475=ORIENTED_EDGE('',*,*,#1854,.F.);
#2476=ORIENTED_EDGE('',*,*,#1855,.F.);
#2477=ORIENTED_EDGE('',*,*,#1851,.T.);
#2478=ORIENTED_EDGE('',*,*,#1856,.F.);
#2479=ORIENTED_EDGE('',*,*,#1633,.T.);
#2480=ORIENTED_EDGE('',*,*,#1857,.F.);
#2481=ORIENTED_EDGE('',*,*,#1626,.T.);
#2482=ORIENTED_EDGE('',*,*,#1858,.F.);
#2483=ORIENTED_EDGE('',*,*,#1628,.T.);
#2484=ORIENTED_EDGE('',*,*,#1859,.F.);
#2485=ORIENTED_EDGE('',*,*,#1854,.T.);
#2486=ORIENTED_EDGE('',*,*,#1860,.F.);
#2487=ORIENTED_EDGE('',*,*,#1861,.F.);
#2488=ORIENTED_EDGE('',*,*,#1862,.F.);
#2489=ORIENTED_EDGE('',*,*,#1631,.T.);
#2490=ORIENTED_EDGE('',*,*,#1863,.F.);
#2491=ORIENTED_EDGE('',*,*,#1864,.F.);
#2492=ORIENTED_EDGE('',*,*,#1865,.F.);
#2493=ORIENTED_EDGE('',*,*,#1861,.T.);
#2494=ORIENTED_EDGE('',*,*,#1866,.F.);
#2495=ORIENTED_EDGE('',*,*,#1641,.T.);
#2496=ORIENTED_EDGE('',*,*,#1867,.F.);
#2497=ORIENTED_EDGE('',*,*,#1634,.T.);
#2498=ORIENTED_EDGE('',*,*,#1868,.F.);
#2499=ORIENTED_EDGE('',*,*,#1636,.T.);
#2500=ORIENTED_EDGE('',*,*,#1869,.F.);
#2501=ORIENTED_EDGE('',*,*,#1864,.T.);
#2502=ORIENTED_EDGE('',*,*,#1870,.F.);
#2503=ORIENTED_EDGE('',*,*,#1871,.F.);
#2504=ORIENTED_EDGE('',*,*,#1872,.F.);
#2505=ORIENTED_EDGE('',*,*,#1873,.F.);
#2506=ORIENTED_EDGE('',*,*,#1639,.T.);
#2507=ORIENTED_EDGE('',*,*,#1874,.F.);
#2508=ORIENTED_EDGE('',*,*,#1875,.F.);
#2509=ORIENTED_EDGE('',*,*,#1872,.T.);
#2510=ORIENTED_EDGE('',*,*,#1876,.F.);
#2511=ORIENTED_EDGE('',*,*,#1649,.T.);
#2512=ORIENTED_EDGE('',*,*,#1877,.F.);
#2513=ORIENTED_EDGE('',*,*,#1642,.T.);
#2514=ORIENTED_EDGE('',*,*,#1878,.F.);
#2515=ORIENTED_EDGE('',*,*,#1644,.T.);
#2516=ORIENTED_EDGE('',*,*,#1879,.F.);
#2517=ORIENTED_EDGE('',*,*,#1874,.T.);
#2518=ORIENTED_EDGE('',*,*,#1880,.F.);
#2519=ORIENTED_EDGE('',*,*,#1881,.F.);
#2520=ORIENTED_EDGE('',*,*,#1882,.F.);
#2521=ORIENTED_EDGE('',*,*,#1883,.F.);
#2522=ORIENTED_EDGE('',*,*,#1647,.T.);
#2523=ORIENTED_EDGE('',*,*,#1884,.F.);
#2524=ORIENTED_EDGE('',*,*,#1885,.F.);
#2525=ORIENTED_EDGE('',*,*,#1882,.T.);
#2526=ORIENTED_EDGE('',*,*,#1886,.F.);
#2527=ORIENTED_EDGE('',*,*,#1657,.T.);
#2528=ORIENTED_EDGE('',*,*,#1887,.F.);
#2529=ORIENTED_EDGE('',*,*,#1650,.T.);
#2530=ORIENTED_EDGE('',*,*,#1888,.F.);
#2531=ORIENTED_EDGE('',*,*,#1652,.T.);
#2532=ORIENTED_EDGE('',*,*,#1889,.F.);
#2533=ORIENTED_EDGE('',*,*,#1884,.T.);
#2534=ORIENTED_EDGE('',*,*,#1890,.F.);
#2535=ORIENTED_EDGE('',*,*,#1891,.F.);
#2536=ORIENTED_EDGE('',*,*,#1892,.F.);
#2537=ORIENTED_EDGE('',*,*,#1893,.F.);
#2538=ORIENTED_EDGE('',*,*,#1655,.T.);
#2539=ORIENTED_EDGE('',*,*,#1894,.F.);
#2540=ORIENTED_EDGE('',*,*,#1895,.F.);
#2541=ORIENTED_EDGE('',*,*,#1892,.T.);
#2542=ORIENTED_EDGE('',*,*,#1896,.F.);
#2543=ORIENTED_EDGE('',*,*,#1665,.T.);
#2544=ORIENTED_EDGE('',*,*,#1897,.F.);
#2545=ORIENTED_EDGE('',*,*,#1658,.T.);
#2546=ORIENTED_EDGE('',*,*,#1898,.F.);
#2547=ORIENTED_EDGE('',*,*,#1660,.T.);
#2548=ORIENTED_EDGE('',*,*,#1899,.F.);
#2549=ORIENTED_EDGE('',*,*,#1894,.T.);
#2550=ORIENTED_EDGE('',*,*,#1900,.F.);
#2551=ORIENTED_EDGE('',*,*,#1901,.F.);
#2552=ORIENTED_EDGE('',*,*,#1902,.F.);
#2553=ORIENTED_EDGE('',*,*,#1903,.F.);
#2554=ORIENTED_EDGE('',*,*,#1663,.T.);
#2555=ORIENTED_EDGE('',*,*,#1904,.F.);
#2556=ORIENTED_EDGE('',*,*,#1905,.F.);
#2557=ORIENTED_EDGE('',*,*,#1906,.F.);
#2558=ORIENTED_EDGE('',*,*,#1902,.T.);
#2559=ORIENTED_EDGE('',*,*,#1907,.F.);
#2560=ORIENTED_EDGE('',*,*,#1673,.T.);
#2561=ORIENTED_EDGE('',*,*,#1908,.F.);
#2562=ORIENTED_EDGE('',*,*,#1666,.T.);
#2563=ORIENTED_EDGE('',*,*,#1668,.T.);
#2564=ORIENTED_EDGE('',*,*,#1909,.F.);
#2565=ORIENTED_EDGE('',*,*,#1905,.T.);
#2566=ORIENTED_EDGE('',*,*,#1910,.F.);
#2567=ORIENTED_EDGE('',*,*,#1911,.F.);
#2568=ORIENTED_EDGE('',*,*,#1912,.F.);
#2569=ORIENTED_EDGE('',*,*,#1913,.F.);
#2570=ORIENTED_EDGE('',*,*,#1671,.T.);
#2571=ORIENTED_EDGE('',*,*,#1914,.F.);
#2572=ORIENTED_EDGE('',*,*,#1915,.F.);
#2573=ORIENTED_EDGE('',*,*,#1916,.F.);
#2574=ORIENTED_EDGE('',*,*,#1912,.T.);
#2575=ORIENTED_EDGE('',*,*,#1917,.F.);
#2576=ORIENTED_EDGE('',*,*,#1681,.T.);
#2577=ORIENTED_EDGE('',*,*,#1918,.F.);
#2578=ORIENTED_EDGE('',*,*,#1674,.T.);
#2579=ORIENTED_EDGE('',*,*,#1676,.T.);
#2580=ORIENTED_EDGE('',*,*,#1919,.F.);
#2581=ORIENTED_EDGE('',*,*,#1915,.T.);
#2582=ORIENTED_EDGE('',*,*,#1920,.F.);
#2583=ORIENTED_EDGE('',*,*,#1921,.F.);
#2584=ORIENTED_EDGE('',*,*,#1922,.F.);
#2585=ORIENTED_EDGE('',*,*,#1923,.F.);
#2586=ORIENTED_EDGE('',*,*,#1679,.T.);
#2587=ORIENTED_EDGE('',*,*,#1924,.F.);
#2588=ORIENTED_EDGE('',*,*,#1925,.F.);
#2589=ORIENTED_EDGE('',*,*,#1926,.F.);
#2590=ORIENTED_EDGE('',*,*,#1922,.T.);
#2591=ORIENTED_EDGE('',*,*,#1927,.F.);
#2592=ORIENTED_EDGE('',*,*,#1689,.T.);
#2593=ORIENTED_EDGE('',*,*,#1928,.F.);
#2594=ORIENTED_EDGE('',*,*,#1682,.T.);
#2595=ORIENTED_EDGE('',*,*,#1684,.T.);
#2596=ORIENTED_EDGE('',*,*,#1929,.F.);
#2597=ORIENTED_EDGE('',*,*,#1925,.T.);
#2598=ORIENTED_EDGE('',*,*,#1930,.F.);
#2599=ORIENTED_EDGE('',*,*,#1931,.F.);
#2600=ORIENTED_EDGE('',*,*,#1932,.F.);
#2601=ORIENTED_EDGE('',*,*,#1933,.F.);
#2602=ORIENTED_EDGE('',*,*,#1687,.T.);
#2603=ORIENTED_EDGE('',*,*,#1934,.F.);
#2604=ORIENTED_EDGE('',*,*,#1935,.F.);
#2605=ORIENTED_EDGE('',*,*,#1936,.F.);
#2606=ORIENTED_EDGE('',*,*,#1932,.T.);
#2607=ORIENTED_EDGE('',*,*,#1937,.F.);
#2608=ORIENTED_EDGE('',*,*,#1697,.T.);
#2609=ORIENTED_EDGE('',*,*,#1938,.F.);
#2610=ORIENTED_EDGE('',*,*,#1690,.T.);
#2611=ORIENTED_EDGE('',*,*,#1939,.F.);
#2612=ORIENTED_EDGE('',*,*,#1692,.T.);
#2613=ORIENTED_EDGE('',*,*,#1940,.F.);
#2614=ORIENTED_EDGE('',*,*,#1935,.T.);
#2615=ORIENTED_EDGE('',*,*,#1941,.F.);
#2616=ORIENTED_EDGE('',*,*,#1942,.F.);
#2617=ORIENTED_EDGE('',*,*,#1943,.F.);
#2618=ORIENTED_EDGE('',*,*,#1695,.T.);
#2619=ORIENTED_EDGE('',*,*,#1944,.F.);
#2620=ORIENTED_EDGE('',*,*,#1945,.F.);
#2621=ORIENTED_EDGE('',*,*,#1946,.F.);
#2622=ORIENTED_EDGE('',*,*,#1942,.T.);
#2623=ORIENTED_EDGE('',*,*,#1947,.F.);
#2624=ORIENTED_EDGE('',*,*,#1705,.T.);
#2625=ORIENTED_EDGE('',*,*,#1948,.F.);
#2626=ORIENTED_EDGE('',*,*,#1698,.T.);
#2627=ORIENTED_EDGE('',*,*,#1949,.F.);
#2628=ORIENTED_EDGE('',*,*,#1700,.T.);
#2629=ORIENTED_EDGE('',*,*,#1950,.F.);
#2630=ORIENTED_EDGE('',*,*,#1945,.T.);
#2631=ORIENTED_EDGE('',*,*,#1951,.F.);
#2632=ORIENTED_EDGE('',*,*,#1952,.F.);
#2633=ORIENTED_EDGE('',*,*,#1953,.F.);
#2634=ORIENTED_EDGE('',*,*,#1703,.T.);
#2635=ORIENTED_EDGE('',*,*,#1954,.F.);
#2636=ORIENTED_EDGE('',*,*,#1955,.F.);
#2637=ORIENTED_EDGE('',*,*,#1956,.F.);
#2638=ORIENTED_EDGE('',*,*,#1952,.T.);
#2639=ORIENTED_EDGE('',*,*,#1957,.F.);
#2640=ORIENTED_EDGE('',*,*,#1713,.T.);
#2641=ORIENTED_EDGE('',*,*,#1958,.F.);
#2642=ORIENTED_EDGE('',*,*,#1706,.T.);
#2643=ORIENTED_EDGE('',*,*,#1959,.F.);
#2644=ORIENTED_EDGE('',*,*,#1708,.T.);
#2645=ORIENTED_EDGE('',*,*,#1960,.F.);
#2646=ORIENTED_EDGE('',*,*,#1955,.T.);
#2647=ORIENTED_EDGE('',*,*,#1961,.F.);
#2648=ORIENTED_EDGE('',*,*,#1962,.F.);
#2649=ORIENTED_EDGE('',*,*,#1963,.F.);
#2650=ORIENTED_EDGE('',*,*,#1711,.T.);
#2651=ORIENTED_EDGE('',*,*,#1964,.F.);
#2652=ORIENTED_EDGE('',*,*,#1965,.F.);
#2653=ORIENTED_EDGE('',*,*,#1966,.F.);
#2654=ORIENTED_EDGE('',*,*,#1962,.T.);
#2655=ORIENTED_EDGE('',*,*,#1967,.F.);
#2656=ORIENTED_EDGE('',*,*,#1720,.T.);
#2657=ORIENTED_EDGE('',*,*,#1968,.F.);
#2658=ORIENTED_EDGE('',*,*,#1715,.T.);
#2659=ORIENTED_EDGE('',*,*,#1969,.F.);
#2660=ORIENTED_EDGE('',*,*,#1717,.T.);
#2661=ORIENTED_EDGE('',*,*,#1970,.F.);
#2662=ORIENTED_EDGE('',*,*,#1965,.T.);
#2663=ORIENTED_EDGE('',*,*,#1971,.F.);
#2664=ORIENTED_EDGE('',*,*,#1972,.F.);
#2665=ORIENTED_EDGE('',*,*,#1718,.T.);
#2666=ORIENTED_EDGE('',*,*,#1973,.F.);
#2667=ORIENTED_EDGE('',*,*,#1974,.F.);
#2668=ORIENTED_EDGE('',*,*,#1975,.F.);
#2669=ORIENTED_EDGE('',*,*,#1976,.F.);
#2670=ORIENTED_EDGE('',*,*,#1971,.T.);
#2671=ORIENTED_EDGE('',*,*,#1977,.F.);
#2672=ORIENTED_EDGE('',*,*,#1728,.T.);
#2673=ORIENTED_EDGE('',*,*,#1978,.F.);
#2674=ORIENTED_EDGE('',*,*,#1723,.T.);
#2675=ORIENTED_EDGE('',*,*,#1979,.F.);
#2676=ORIENTED_EDGE('',*,*,#1725,.T.);
#2677=ORIENTED_EDGE('',*,*,#1980,.F.);
#2678=ORIENTED_EDGE('',*,*,#1975,.T.);
#2679=ORIENTED_EDGE('',*,*,#1981,.F.);
#2680=ORIENTED_EDGE('',*,*,#1982,.F.);
#2681=ORIENTED_EDGE('',*,*,#1726,.T.);
#2682=ORIENTED_EDGE('',*,*,#1983,.F.);
#2683=ORIENTED_EDGE('',*,*,#1984,.F.);
#2684=ORIENTED_EDGE('',*,*,#1985,.F.);
#2685=ORIENTED_EDGE('',*,*,#1986,.F.);
#2686=ORIENTED_EDGE('',*,*,#1981,.T.);
#2687=ORIENTED_EDGE('',*,*,#1987,.F.);
#2688=ORIENTED_EDGE('',*,*,#1736,.T.);
#2689=ORIENTED_EDGE('',*,*,#1988,.F.);
#2690=ORIENTED_EDGE('',*,*,#1731,.T.);
#2691=ORIENTED_EDGE('',*,*,#1989,.F.);
#2692=ORIENTED_EDGE('',*,*,#1733,.T.);
#2693=ORIENTED_EDGE('',*,*,#1990,.F.);
#2694=ORIENTED_EDGE('',*,*,#1985,.T.);
#2695=ORIENTED_EDGE('',*,*,#1991,.F.);
#2696=ORIENTED_EDGE('',*,*,#1992,.F.);
#2697=ORIENTED_EDGE('',*,*,#1734,.T.);
#2698=ORIENTED_EDGE('',*,*,#1993,.F.);
#2699=ORIENTED_EDGE('',*,*,#1994,.F.);
#2700=ORIENTED_EDGE('',*,*,#1995,.F.);
#2701=ORIENTED_EDGE('',*,*,#1996,.F.);
#2702=ORIENTED_EDGE('',*,*,#1991,.T.);
#2703=ORIENTED_EDGE('',*,*,#1997,.F.);
#2704=ORIENTED_EDGE('',*,*,#1744,.T.);
#2705=ORIENTED_EDGE('',*,*,#1998,.F.);
#2706=ORIENTED_EDGE('',*,*,#1739,.T.);
#2707=ORIENTED_EDGE('',*,*,#1999,.F.);
#2708=ORIENTED_EDGE('',*,*,#1741,.T.);
#2709=ORIENTED_EDGE('',*,*,#2000,.F.);
#2710=ORIENTED_EDGE('',*,*,#1995,.T.);
#2711=ORIENTED_EDGE('',*,*,#2001,.F.);
#2712=ORIENTED_EDGE('',*,*,#2002,.F.);
#2713=ORIENTED_EDGE('',*,*,#1742,.T.);
#2714=ORIENTED_EDGE('',*,*,#2003,.F.);
#2715=ORIENTED_EDGE('',*,*,#2004,.F.);
#2716=ORIENTED_EDGE('',*,*,#2005,.F.);
#2717=ORIENTED_EDGE('',*,*,#2006,.F.);
#2718=ORIENTED_EDGE('',*,*,#2001,.T.);
#2719=ORIENTED_EDGE('',*,*,#2007,.F.);
#2720=ORIENTED_EDGE('',*,*,#1752,.T.);
#2721=ORIENTED_EDGE('',*,*,#2008,.F.);
#2722=ORIENTED_EDGE('',*,*,#1747,.T.);
#2723=ORIENTED_EDGE('',*,*,#2009,.F.);
#2724=ORIENTED_EDGE('',*,*,#1749,.T.);
#2725=ORIENTED_EDGE('',*,*,#2010,.F.);
#2726=ORIENTED_EDGE('',*,*,#2005,.T.);
#2727=ORIENTED_EDGE('',*,*,#1780,.T.);
#2728=ORIENTED_EDGE('',*,*,#2011,.F.);
#2729=ORIENTED_EDGE('',*,*,#1750,.T.);
#2730=ORIENTED_EDGE('',*,*,#2012,.F.);
#2731=ORIENTED_EDGE('',*,*,#2013,.F.);
#2732=ORIENTED_EDGE('',*,*,#2014,.F.);
#2733=ORIENTED_EDGE('',*,*,#2015,.F.);
#2734=ORIENTED_EDGE('',*,*,#1760,.T.);
#2735=ORIENTED_EDGE('',*,*,#1762,.T.);
#2736=ORIENTED_EDGE('',*,*,#2016,.F.);
#2737=ORIENTED_EDGE('',*,*,#2017,.F.);
#2738=ORIENTED_EDGE('',*,*,#2018,.F.);
#2739=ORIENTED_EDGE('',*,*,#1758,.T.);
#2740=ORIENTED_EDGE('',*,*,#2019,.F.);
#2741=ORIENTED_EDGE('',*,*,#2020,.F.);
#2742=ORIENTED_EDGE('',*,*,#2021,.F.);
#2743=ORIENTED_EDGE('',*,*,#2022,.F.);
#2744=ORIENTED_EDGE('',*,*,#2023,.F.);
#2745=ORIENTED_EDGE('',*,*,#2024,.F.);
#2746=ORIENTED_EDGE('',*,*,#1756,.T.);
#2747=ORIENTED_EDGE('',*,*,#2025,.F.);
#2748=ORIENTED_EDGE('',*,*,#2026,.F.);
#2749=ORIENTED_EDGE('',*,*,#1764,.T.);
#2750=ORIENTED_EDGE('',*,*,#2027,.F.);
#2751=ORIENTED_EDGE('',*,*,#1766,.T.);
#2752=ORIENTED_EDGE('',*,*,#2028,.F.);
#2753=ORIENTED_EDGE('',*,*,#2029,.F.);
#2754=ORIENTED_EDGE('',*,*,#2030,.F.);
#2755=ORIENTED_EDGE('',*,*,#2031,.F.);
#2756=ORIENTED_EDGE('',*,*,#2032,.F.);
#2757=ORIENTED_EDGE('',*,*,#1768,.T.);
#2758=ORIENTED_EDGE('',*,*,#2033,.F.);
#2759=ORIENTED_EDGE('',*,*,#2034,.F.);
#2760=ORIENTED_EDGE('',*,*,#1754,.T.);
#2761=ORIENTED_EDGE('',*,*,#2035,.F.);
#2762=ORIENTED_EDGE('',*,*,#2036,.F.);
#2763=ORIENTED_EDGE('',*,*,#2037,.F.);
#2764=ORIENTED_EDGE('',*,*,#2038,.F.);
#2765=ORIENTED_EDGE('',*,*,#2039,.F.);
#2766=ORIENTED_EDGE('',*,*,#2040,.F.);
#2767=ORIENTED_EDGE('',*,*,#2041,.F.);
#2768=ORIENTED_EDGE('',*,*,#2042,.F.);
#2769=ORIENTED_EDGE('',*,*,#2037,.T.);
#2770=ORIENTED_EDGE('',*,*,#2043,.F.);
#2771=ORIENTED_EDGE('',*,*,#2044,.F.);
#2772=ORIENTED_EDGE('',*,*,#2045,.F.);
#2773=ORIENTED_EDGE('',*,*,#2046,.F.);
#2774=ORIENTED_EDGE('',*,*,#2047,.F.);
#2775=ORIENTED_EDGE('',*,*,#2048,.F.);
#2776=ORIENTED_EDGE('',*,*,#2049,.F.);
#2777=ORIENTED_EDGE('',*,*,#2050,.F.);
#2778=ORIENTED_EDGE('',*,*,#2051,.F.);
#2779=ORIENTED_EDGE('',*,*,#2052,.F.);
#2780=ORIENTED_EDGE('',*,*,#2053,.F.);
#2781=ORIENTED_EDGE('',*,*,#2049,.T.);
#2782=ORIENTED_EDGE('',*,*,#2054,.F.);
#2783=ORIENTED_EDGE('',*,*,#2055,.F.);
#2784=ORIENTED_EDGE('',*,*,#2056,.F.);
#2785=ORIENTED_EDGE('',*,*,#2057,.F.);
#2786=ORIENTED_EDGE('',*,*,#2058,.F.);
#2787=ORIENTED_EDGE('',*,*,#2059,.F.);
#2788=ORIENTED_EDGE('',*,*,#2060,.F.);
#2789=ORIENTED_EDGE('',*,*,#2056,.T.);
#2790=ORIENTED_EDGE('',*,*,#2061,.F.);
#2791=ORIENTED_EDGE('',*,*,#2062,.F.);
#2792=ORIENTED_EDGE('',*,*,#2063,.F.);
#2793=ORIENTED_EDGE('',*,*,#2059,.T.);
#2794=ORIENTED_EDGE('',*,*,#2064,.F.);
#2795=ORIENTED_EDGE('',*,*,#2039,.T.);
#2796=ORIENTED_EDGE('',*,*,#2065,.F.);
#2797=ORIENTED_EDGE('',*,*,#2066,.F.);
#2798=ORIENTED_EDGE('',*,*,#2067,.F.);
#2799=ORIENTED_EDGE('',*,*,#2068,.F.);
#2800=ORIENTED_EDGE('',*,*,#2051,.T.);
#2801=ORIENTED_EDGE('',*,*,#2069,.F.);
#2802=ORIENTED_EDGE('',*,*,#2070,.F.);
#2803=ORIENTED_EDGE('',*,*,#2071,.F.);
#2804=ORIENTED_EDGE('',*,*,#2072,.F.);
#2805=ORIENTED_EDGE('',*,*,#2073,.F.);
#2806=ORIENTED_EDGE('',*,*,#2044,.T.);
#2807=ORIENTED_EDGE('',*,*,#2074,.F.);
#2808=ORIENTED_EDGE('',*,*,#2075,.F.);
#2809=ORIENTED_EDGE('',*,*,#2076,.F.);
#2810=ORIENTED_EDGE('',*,*,#2072,.T.);
#2811=ORIENTED_EDGE('',*,*,#2077,.F.);
#2812=ORIENTED_EDGE('',*,*,#2078,.T.);
#2813=ORIENTED_EDGE('',*,*,#2079,.F.);
#2814=ORIENTED_EDGE('',*,*,#2078,.F.);
#2815=ORIENTED_EDGE('',*,*,#2080,.F.);
#2816=ORIENTED_EDGE('',*,*,#2081,.T.);
#2817=ORIENTED_EDGE('',*,*,#2082,.F.);
#2818=ORIENTED_EDGE('',*,*,#2081,.F.);
#2819=ORIENTED_EDGE('',*,*,#2083,.F.);
#2820=ORIENTED_EDGE('',*,*,#2084,.F.);
#2821=ORIENTED_EDGE('',*,*,#2085,.F.);
#2822=ORIENTED_EDGE('',*,*,#2086,.F.);
#2823=ORIENTED_EDGE('',*,*,#2087,.F.);
#2824=ORIENTED_EDGE('',*,*,#2088,.F.);
#2825=ORIENTED_EDGE('',*,*,#2089,.F.);
#2826=ORIENTED_EDGE('',*,*,#2090,.F.);
#2827=ORIENTED_EDGE('',*,*,#2091,.F.);
#2828=ORIENTED_EDGE('',*,*,#2092,.F.);
#2829=ORIENTED_EDGE('',*,*,#2093,.F.);
#2830=ORIENTED_EDGE('',*,*,#2094,.F.);
#2831=ORIENTED_EDGE('',*,*,#2095,.F.);
#2832=ORIENTED_EDGE('',*,*,#2096,.F.);
#2833=ORIENTED_EDGE('',*,*,#2097,.F.);
#2834=ORIENTED_EDGE('',*,*,#2098,.F.);
#2835=ORIENTED_EDGE('',*,*,#2099,.F.);
#2836=ORIENTED_EDGE('',*,*,#2100,.F.);
#2837=ORIENTED_EDGE('',*,*,#2101,.F.);
#2838=ORIENTED_EDGE('',*,*,#2102,.F.);
#2839=ORIENTED_EDGE('',*,*,#2103,.F.);
#2840=ORIENTED_EDGE('',*,*,#2104,.F.);
#2841=ORIENTED_EDGE('',*,*,#2105,.F.);
#2842=ORIENTED_EDGE('',*,*,#2106,.F.);
#2843=ORIENTED_EDGE('',*,*,#1661,.T.);
#2844=ORIENTED_EDGE('',*,*,#1900,.T.);
#2845=ORIENTED_EDGE('',*,*,#1896,.T.);
#2846=ORIENTED_EDGE('',*,*,#1891,.T.);
#2847=ORIENTED_EDGE('',*,*,#1654,.T.);
#2848=ORIENTED_EDGE('',*,*,#1888,.T.);
#2849=ORIENTED_EDGE('',*,*,#1653,.T.);
#2850=ORIENTED_EDGE('',*,*,#1890,.T.);
#2851=ORIENTED_EDGE('',*,*,#1886,.T.);
#2852=ORIENTED_EDGE('',*,*,#1881,.T.);
#2853=ORIENTED_EDGE('',*,*,#1646,.T.);
#2854=ORIENTED_EDGE('',*,*,#1878,.T.);
#2855=ORIENTED_EDGE('',*,*,#1645,.T.);
#2856=ORIENTED_EDGE('',*,*,#1880,.T.);
#2857=ORIENTED_EDGE('',*,*,#1876,.T.);
#2858=ORIENTED_EDGE('',*,*,#1871,.T.);
#2859=ORIENTED_EDGE('',*,*,#1638,.T.);
#2860=ORIENTED_EDGE('',*,*,#1868,.T.);
#2861=ORIENTED_EDGE('',*,*,#1637,.T.);
#2862=ORIENTED_EDGE('',*,*,#1870,.T.);
#2863=ORIENTED_EDGE('',*,*,#1866,.T.);
#2864=ORIENTED_EDGE('',*,*,#1863,.T.);
#2865=ORIENTED_EDGE('',*,*,#1630,.T.);
#2866=ORIENTED_EDGE('',*,*,#1858,.T.);
#2867=ORIENTED_EDGE('',*,*,#1629,.T.);
#2868=ORIENTED_EDGE('',*,*,#1860,.T.);
#2869=ORIENTED_EDGE('',*,*,#1856,.T.);
#2870=ORIENTED_EDGE('',*,*,#1853,.T.);
#2871=ORIENTED_EDGE('',*,*,#1625,.T.);
#2872=ORIENTED_EDGE('',*,*,#1848,.T.);
#2873=ORIENTED_EDGE('',*,*,#1621,.T.);
#2874=ORIENTED_EDGE('',*,*,#1850,.T.);
#2875=ORIENTED_EDGE('',*,*,#1846,.T.);
#2876=ORIENTED_EDGE('',*,*,#1843,.T.);
#2877=ORIENTED_EDGE('',*,*,#1617,.T.);
#2878=ORIENTED_EDGE('',*,*,#1838,.T.);
#2879=ORIENTED_EDGE('',*,*,#1613,.T.);
#2880=ORIENTED_EDGE('',*,*,#1840,.T.);
#2881=ORIENTED_EDGE('',*,*,#1836,.T.);
#2882=ORIENTED_EDGE('',*,*,#1833,.T.);
#2883=ORIENTED_EDGE('',*,*,#1609,.T.);
#2884=ORIENTED_EDGE('',*,*,#1828,.T.);
#2885=ORIENTED_EDGE('',*,*,#1602,.T.);
#2886=ORIENTED_EDGE('',*,*,#1830,.T.);
#2887=ORIENTED_EDGE('',*,*,#1826,.T.);
#2888=ORIENTED_EDGE('',*,*,#1823,.T.);
#2889=ORIENTED_EDGE('',*,*,#1601,.T.);
#2890=ORIENTED_EDGE('',*,*,#1818,.T.);
#2891=ORIENTED_EDGE('',*,*,#1594,.T.);
#2892=ORIENTED_EDGE('',*,*,#1820,.T.);
#2893=ORIENTED_EDGE('',*,*,#1816,.T.);
#2894=ORIENTED_EDGE('',*,*,#1813,.T.);
#2895=ORIENTED_EDGE('',*,*,#1593,.T.);
#2896=ORIENTED_EDGE('',*,*,#1808,.T.);
#2897=ORIENTED_EDGE('',*,*,#1586,.T.);
#2898=ORIENTED_EDGE('',*,*,#1810,.T.);
#2899=ORIENTED_EDGE('',*,*,#1806,.T.);
#2900=ORIENTED_EDGE('',*,*,#1803,.T.);
#2901=ORIENTED_EDGE('',*,*,#1585,.T.);
#2902=ORIENTED_EDGE('',*,*,#1798,.T.);
#2903=ORIENTED_EDGE('',*,*,#1578,.T.);
#2904=ORIENTED_EDGE('',*,*,#1800,.T.);
#2905=ORIENTED_EDGE('',*,*,#1796,.T.);
#2906=ORIENTED_EDGE('',*,*,#1793,.T.);
#2907=ORIENTED_EDGE('',*,*,#1577,.T.);
#2908=ORIENTED_EDGE('',*,*,#1788,.T.);
#2909=ORIENTED_EDGE('',*,*,#1570,.T.);
#2910=ORIENTED_EDGE('',*,*,#1790,.T.);
#2911=ORIENTED_EDGE('',*,*,#1786,.T.);
#2912=ORIENTED_EDGE('',*,*,#1783,.T.);
#2913=ORIENTED_EDGE('',*,*,#1565,.T.);
#2914=ORIENTED_EDGE('',*,*,#1773,.T.);
#2915=ORIENTED_EDGE('',*,*,#1566,.T.);
#2916=ORIENTED_EDGE('',*,*,#1775,.T.);
#2917=ORIENTED_EDGE('',*,*,#1778,.T.);
#2918=ORIENTED_EDGE('',*,*,#2012,.T.);
#2919=ORIENTED_EDGE('',*,*,#1753,.T.);
#2920=ORIENTED_EDGE('',*,*,#2007,.T.);
#2921=ORIENTED_EDGE('',*,*,#1746,.T.);
#2922=ORIENTED_EDGE('',*,*,#2009,.T.);
#2923=ORIENTED_EDGE('',*,*,#2004,.T.);
#2924=ORIENTED_EDGE('',*,*,#2003,.T.);
#2925=ORIENTED_EDGE('',*,*,#1745,.T.);
#2926=ORIENTED_EDGE('',*,*,#1997,.T.);
#2927=ORIENTED_EDGE('',*,*,#1738,.T.);
#2928=ORIENTED_EDGE('',*,*,#1999,.T.);
#2929=ORIENTED_EDGE('',*,*,#1994,.T.);
#2930=ORIENTED_EDGE('',*,*,#1993,.T.);
#2931=ORIENTED_EDGE('',*,*,#1737,.T.);
#2932=ORIENTED_EDGE('',*,*,#1987,.T.);
#2933=ORIENTED_EDGE('',*,*,#1730,.T.);
#2934=ORIENTED_EDGE('',*,*,#1989,.T.);
#2935=ORIENTED_EDGE('',*,*,#1984,.T.);
#2936=ORIENTED_EDGE('',*,*,#1983,.T.);
#2937=ORIENTED_EDGE('',*,*,#1729,.T.);
#2938=ORIENTED_EDGE('',*,*,#1977,.T.);
#2939=ORIENTED_EDGE('',*,*,#1722,.T.);
#2940=ORIENTED_EDGE('',*,*,#1979,.T.);
#2941=ORIENTED_EDGE('',*,*,#1974,.T.);
#2942=ORIENTED_EDGE('',*,*,#1973,.T.);
#2943=ORIENTED_EDGE('',*,*,#1721,.T.);
#2944=ORIENTED_EDGE('',*,*,#1967,.T.);
#2945=ORIENTED_EDGE('',*,*,#1714,.T.);
#2946=ORIENTED_EDGE('',*,*,#1969,.T.);
#2947=ORIENTED_EDGE('',*,*,#1964,.T.);
#2948=ORIENTED_EDGE('',*,*,#1961,.T.);
#2949=ORIENTED_EDGE('',*,*,#1710,.T.);
#2950=ORIENTED_EDGE('',*,*,#1957,.T.);
#2951=ORIENTED_EDGE('',*,*,#1709,.T.);
#2952=ORIENTED_EDGE('',*,*,#1959,.T.);
#2953=ORIENTED_EDGE('',*,*,#1954,.T.);
#2954=ORIENTED_EDGE('',*,*,#1951,.T.);
#2955=ORIENTED_EDGE('',*,*,#1702,.T.);
#2956=ORIENTED_EDGE('',*,*,#1947,.T.);
#2957=ORIENTED_EDGE('',*,*,#1701,.T.);
#2958=ORIENTED_EDGE('',*,*,#1949,.T.);
#2959=ORIENTED_EDGE('',*,*,#1944,.T.);
#2960=ORIENTED_EDGE('',*,*,#1941,.T.);
#2961=ORIENTED_EDGE('',*,*,#1694,.T.);
#2962=ORIENTED_EDGE('',*,*,#1937,.T.);
#2963=ORIENTED_EDGE('',*,*,#1693,.T.);
#2964=ORIENTED_EDGE('',*,*,#1939,.T.);
#2965=ORIENTED_EDGE('',*,*,#1934,.T.);
#2966=ORIENTED_EDGE('',*,*,#1931,.T.);
#2967=ORIENTED_EDGE('',*,*,#1686,.T.);
#2968=ORIENTED_EDGE('',*,*,#1927,.T.);
#2969=ORIENTED_EDGE('',*,*,#1685,.T.);
#2970=ORIENTED_EDGE('',*,*,#1930,.T.);
#2971=ORIENTED_EDGE('',*,*,#1924,.T.);
#2972=ORIENTED_EDGE('',*,*,#1921,.T.);
#2973=ORIENTED_EDGE('',*,*,#1678,.T.);
#2974=ORIENTED_EDGE('',*,*,#1917,.T.);
#2975=ORIENTED_EDGE('',*,*,#1677,.T.);
#2976=ORIENTED_EDGE('',*,*,#1920,.T.);
#2977=ORIENTED_EDGE('',*,*,#1914,.T.);
#2978=ORIENTED_EDGE('',*,*,#1911,.T.);
#2979=ORIENTED_EDGE('',*,*,#1670,.T.);
#2980=ORIENTED_EDGE('',*,*,#1907,.T.);
#2981=ORIENTED_EDGE('',*,*,#1669,.T.);
#2982=ORIENTED_EDGE('',*,*,#1910,.T.);
#2983=ORIENTED_EDGE('',*,*,#1904,.T.);
#2984=ORIENTED_EDGE('',*,*,#1901,.T.);
#2985=ORIENTED_EDGE('',*,*,#1662,.T.);
#2986=ORIENTED_EDGE('',*,*,#1898,.T.);
#2987=ORIENTED_EDGE('',*,*,#2107,.F.);
#2988=ORIENTED_EDGE('',*,*,#2033,.T.);
#2989=ORIENTED_EDGE('',*,*,#1767,.T.);
#2990=ORIENTED_EDGE('',*,*,#2030,.T.);
#2991=ORIENTED_EDGE('',*,*,#2108,.F.);
#2992=ORIENTED_EDGE('',*,*,#2074,.T.);
#2993=ORIENTED_EDGE('',*,*,#2071,.T.);
#2994=ORIENTED_EDGE('',*,*,#2047,.T.);
#2995=ORIENTED_EDGE('',*,*,#2040,.T.);
#2996=ORIENTED_EDGE('',*,*,#2067,.T.);
#2997=ORIENTED_EDGE('',*,*,#2109,.F.);
#2998=ORIENTED_EDGE('',*,*,#2022,.T.);
#2999=ORIENTED_EDGE('',*,*,#1755,.T.);
#3000=ORIENTED_EDGE('',*,*,#2034,.T.);
#3001=ORIENTED_EDGE('',*,*,#2110,.F.);
#3002=ORIENTED_EDGE('',*,*,#2043,.T.);
#3003=ORIENTED_EDGE('',*,*,#2082,.T.);
#3004=ORIENTED_EDGE('',*,*,#2027,.T.);
#3005=ORIENTED_EDGE('',*,*,#1763,.T.);
#3006=ORIENTED_EDGE('',*,*,#2018,.T.);
#3007=ORIENTED_EDGE('',*,*,#2111,.F.);
#3008=ORIENTED_EDGE('',*,*,#2054,.T.);
#3009=ORIENTED_EDGE('',*,*,#2048,.T.);
#3010=ORIENTED_EDGE('',*,*,#2068,.T.);
#3011=ORIENTED_EDGE('',*,*,#2112,.F.);
#3012=ORIENTED_EDGE('',*,*,#2113,.F.);
#3013=ORIENTED_EDGE('',*,*,#2064,.T.);
#3014=ORIENTED_EDGE('',*,*,#2061,.T.);
#3015=ORIENTED_EDGE('',*,*,#2055,.T.);
#3016=ORIENTED_EDGE('',*,*,#2114,.F.);
#3017=ORIENTED_EDGE('',*,*,#2013,.T.);
#3018=ORIENTED_EDGE('',*,*,#1759,.T.);
#3019=ORIENTED_EDGE('',*,*,#2021,.T.);
#3020=ORIENTED_EDGE('',*,*,#1664,.T.);
#3021=ORIENTED_EDGE('',*,*,#1903,.T.);
#3022=ORIENTED_EDGE('',*,*,#1906,.T.);
#3023=ORIENTED_EDGE('',*,*,#1909,.T.);
#3024=ORIENTED_EDGE('',*,*,#1667,.T.);
#3025=ORIENTED_EDGE('',*,*,#1908,.T.);
#3026=ORIENTED_EDGE('',*,*,#1672,.T.);
#3027=ORIENTED_EDGE('',*,*,#1913,.T.);
#3028=ORIENTED_EDGE('',*,*,#1916,.T.);
#3029=ORIENTED_EDGE('',*,*,#1919,.T.);
#3030=ORIENTED_EDGE('',*,*,#1675,.T.);
#3031=ORIENTED_EDGE('',*,*,#1918,.T.);
#3032=ORIENTED_EDGE('',*,*,#1680,.T.);
#3033=ORIENTED_EDGE('',*,*,#1923,.T.);
#3034=ORIENTED_EDGE('',*,*,#1926,.T.);
#3035=ORIENTED_EDGE('',*,*,#1929,.T.);
#3036=ORIENTED_EDGE('',*,*,#1683,.T.);
#3037=ORIENTED_EDGE('',*,*,#1928,.T.);
#3038=ORIENTED_EDGE('',*,*,#1688,.T.);
#3039=ORIENTED_EDGE('',*,*,#1933,.T.);
#3040=ORIENTED_EDGE('',*,*,#1936,.T.);
#3041=ORIENTED_EDGE('',*,*,#1940,.T.);
#3042=ORIENTED_EDGE('',*,*,#1691,.T.);
#3043=ORIENTED_EDGE('',*,*,#1938,.T.);
#3044=ORIENTED_EDGE('',*,*,#1696,.T.);
#3045=ORIENTED_EDGE('',*,*,#1943,.T.);
#3046=ORIENTED_EDGE('',*,*,#1946,.T.);
#3047=ORIENTED_EDGE('',*,*,#1950,.T.);
#3048=ORIENTED_EDGE('',*,*,#1699,.T.);
#3049=ORIENTED_EDGE('',*,*,#1948,.T.);
#3050=ORIENTED_EDGE('',*,*,#1704,.T.);
#3051=ORIENTED_EDGE('',*,*,#1953,.T.);
#3052=ORIENTED_EDGE('',*,*,#1956,.T.);
#3053=ORIENTED_EDGE('',*,*,#1960,.T.);
#3054=ORIENTED_EDGE('',*,*,#1707,.T.);
#3055=ORIENTED_EDGE('',*,*,#1958,.T.);
#3056=ORIENTED_EDGE('',*,*,#1712,.T.);
#3057=ORIENTED_EDGE('',*,*,#1963,.T.);
#3058=ORIENTED_EDGE('',*,*,#1966,.T.);
#3059=ORIENTED_EDGE('',*,*,#1970,.T.);
#3060=ORIENTED_EDGE('',*,*,#1716,.T.);
#3061=ORIENTED_EDGE('',*,*,#1968,.T.);
#3062=ORIENTED_EDGE('',*,*,#1719,.T.);
#3063=ORIENTED_EDGE('',*,*,#1972,.T.);
#3064=ORIENTED_EDGE('',*,*,#1976,.T.);
#3065=ORIENTED_EDGE('',*,*,#1980,.T.);
#3066=ORIENTED_EDGE('',*,*,#1724,.T.);
#3067=ORIENTED_EDGE('',*,*,#1978,.T.);
#3068=ORIENTED_EDGE('',*,*,#1727,.T.);
#3069=ORIENTED_EDGE('',*,*,#1982,.T.);
#3070=ORIENTED_EDGE('',*,*,#1986,.T.);
#3071=ORIENTED_EDGE('',*,*,#1990,.T.);
#3072=ORIENTED_EDGE('',*,*,#1732,.T.);
#3073=ORIENTED_EDGE('',*,*,#1988,.T.);
#3074=ORIENTED_EDGE('',*,*,#1735,.T.);
#3075=ORIENTED_EDGE('',*,*,#1992,.T.);
#3076=ORIENTED_EDGE('',*,*,#1996,.T.);
#3077=ORIENTED_EDGE('',*,*,#2000,.T.);
#3078=ORIENTED_EDGE('',*,*,#1740,.T.);
#3079=ORIENTED_EDGE('',*,*,#1998,.T.);
#3080=ORIENTED_EDGE('',*,*,#1743,.T.);
#3081=ORIENTED_EDGE('',*,*,#2002,.T.);
#3082=ORIENTED_EDGE('',*,*,#2006,.T.);
#3083=ORIENTED_EDGE('',*,*,#2010,.T.);
#3084=ORIENTED_EDGE('',*,*,#1748,.T.);
#3085=ORIENTED_EDGE('',*,*,#2008,.T.);
#3086=ORIENTED_EDGE('',*,*,#1751,.T.);
#3087=ORIENTED_EDGE('',*,*,#2011,.T.);
#3088=ORIENTED_EDGE('',*,*,#1779,.T.);
#3089=ORIENTED_EDGE('',*,*,#1776,.T.);
#3090=ORIENTED_EDGE('',*,*,#1568,.T.);
#3091=ORIENTED_EDGE('',*,*,#1774,.T.);
#3092=ORIENTED_EDGE('',*,*,#1563,.T.);
#3093=ORIENTED_EDGE('',*,*,#1782,.T.);
#3094=ORIENTED_EDGE('',*,*,#1785,.T.);
#3095=ORIENTED_EDGE('',*,*,#1789,.T.);
#3096=ORIENTED_EDGE('',*,*,#1572,.T.);
#3097=ORIENTED_EDGE('',*,*,#1787,.T.);
#3098=ORIENTED_EDGE('',*,*,#1575,.T.);
#3099=ORIENTED_EDGE('',*,*,#1792,.T.);
#3100=ORIENTED_EDGE('',*,*,#1795,.T.);
#3101=ORIENTED_EDGE('',*,*,#1799,.T.);
#3102=ORIENTED_EDGE('',*,*,#1580,.T.);
#3103=ORIENTED_EDGE('',*,*,#1797,.T.);
#3104=ORIENTED_EDGE('',*,*,#1583,.T.);
#3105=ORIENTED_EDGE('',*,*,#1802,.T.);
#3106=ORIENTED_EDGE('',*,*,#1805,.T.);
#3107=ORIENTED_EDGE('',*,*,#1809,.T.);
#3108=ORIENTED_EDGE('',*,*,#1588,.T.);
#3109=ORIENTED_EDGE('',*,*,#1807,.T.);
#3110=ORIENTED_EDGE('',*,*,#1591,.T.);
#3111=ORIENTED_EDGE('',*,*,#1812,.T.);
#3112=ORIENTED_EDGE('',*,*,#1815,.T.);
#3113=ORIENTED_EDGE('',*,*,#1819,.T.);
#3114=ORIENTED_EDGE('',*,*,#1596,.T.);
#3115=ORIENTED_EDGE('',*,*,#1817,.T.);
#3116=ORIENTED_EDGE('',*,*,#1599,.T.);
#3117=ORIENTED_EDGE('',*,*,#1822,.T.);
#3118=ORIENTED_EDGE('',*,*,#1825,.T.);
#3119=ORIENTED_EDGE('',*,*,#1829,.T.);
#3120=ORIENTED_EDGE('',*,*,#1604,.T.);
#3121=ORIENTED_EDGE('',*,*,#1827,.T.);
#3122=ORIENTED_EDGE('',*,*,#1607,.T.);
#3123=ORIENTED_EDGE('',*,*,#1832,.T.);
#3124=ORIENTED_EDGE('',*,*,#1835,.T.);
#3125=ORIENTED_EDGE('',*,*,#1839,.T.);
#3126=ORIENTED_EDGE('',*,*,#1611,.T.);
#3127=ORIENTED_EDGE('',*,*,#1837,.T.);
#3128=ORIENTED_EDGE('',*,*,#1615,.T.);
#3129=ORIENTED_EDGE('',*,*,#1842,.T.);
#3130=ORIENTED_EDGE('',*,*,#1845,.T.);
#3131=ORIENTED_EDGE('',*,*,#1849,.T.);
#3132=ORIENTED_EDGE('',*,*,#1619,.T.);
#3133=ORIENTED_EDGE('',*,*,#1847,.T.);
#3134=ORIENTED_EDGE('',*,*,#1623,.T.);
#3135=ORIENTED_EDGE('',*,*,#1852,.T.);
#3136=ORIENTED_EDGE('',*,*,#1855,.T.);
#3137=ORIENTED_EDGE('',*,*,#1859,.T.);
#3138=ORIENTED_EDGE('',*,*,#1627,.T.);
#3139=ORIENTED_EDGE('',*,*,#1857,.T.);
#3140=ORIENTED_EDGE('',*,*,#1632,.T.);
#3141=ORIENTED_EDGE('',*,*,#1862,.T.);
#3142=ORIENTED_EDGE('',*,*,#1865,.T.);
#3143=ORIENTED_EDGE('',*,*,#1869,.T.);
#3144=ORIENTED_EDGE('',*,*,#1635,.T.);
#3145=ORIENTED_EDGE('',*,*,#1867,.T.);
#3146=ORIENTED_EDGE('',*,*,#1640,.T.);
#3147=ORIENTED_EDGE('',*,*,#1873,.T.);
#3148=ORIENTED_EDGE('',*,*,#1875,.T.);
#3149=ORIENTED_EDGE('',*,*,#1879,.T.);
#3150=ORIENTED_EDGE('',*,*,#1643,.T.);
#3151=ORIENTED_EDGE('',*,*,#1877,.T.);
#3152=ORIENTED_EDGE('',*,*,#1648,.T.);
#3153=ORIENTED_EDGE('',*,*,#1883,.T.);
#3154=ORIENTED_EDGE('',*,*,#1885,.T.);
#3155=ORIENTED_EDGE('',*,*,#1889,.T.);
#3156=ORIENTED_EDGE('',*,*,#1651,.T.);
#3157=ORIENTED_EDGE('',*,*,#1887,.T.);
#3158=ORIENTED_EDGE('',*,*,#1656,.T.);
#3159=ORIENTED_EDGE('',*,*,#1893,.T.);
#3160=ORIENTED_EDGE('',*,*,#1895,.T.);
#3161=ORIENTED_EDGE('',*,*,#1899,.T.);
#3162=ORIENTED_EDGE('',*,*,#1659,.T.);
#3163=ORIENTED_EDGE('',*,*,#1897,.T.);
#3164=ORIENTED_EDGE('',*,*,#2073,.T.);
#3165=ORIENTED_EDGE('',*,*,#2076,.T.);
#3166=ORIENTED_EDGE('',*,*,#2115,.F.);
#3167=ORIENTED_EDGE('',*,*,#2028,.T.);
#3168=ORIENTED_EDGE('',*,*,#1765,.T.);
#3169=ORIENTED_EDGE('',*,*,#2026,.T.);
#3170=ORIENTED_EDGE('',*,*,#2116,.F.);
#3171=ORIENTED_EDGE('',*,*,#2069,.T.);
#3172=ORIENTED_EDGE('',*,*,#2050,.T.);
#3173=ORIENTED_EDGE('',*,*,#2053,.T.);
#3174=ORIENTED_EDGE('',*,*,#2117,.F.);
#3175=ORIENTED_EDGE('',*,*,#2016,.T.);
#3176=ORIENTED_EDGE('',*,*,#1761,.T.);
#3177=ORIENTED_EDGE('',*,*,#2015,.T.);
#3178=ORIENTED_EDGE('',*,*,#2118,.F.);
#3179=ORIENTED_EDGE('',*,*,#2057,.T.);
#3180=ORIENTED_EDGE('',*,*,#2060,.T.);
#3181=ORIENTED_EDGE('',*,*,#2063,.T.);
#3182=ORIENTED_EDGE('',*,*,#2119,.F.);
#3183=ORIENTED_EDGE('',*,*,#2019,.T.);
#3184=ORIENTED_EDGE('',*,*,#1757,.T.);
#3185=ORIENTED_EDGE('',*,*,#2024,.T.);
#3186=ORIENTED_EDGE('',*,*,#2120,.F.);
#3187=ORIENTED_EDGE('',*,*,#2065,.T.);
#3188=ORIENTED_EDGE('',*,*,#2038,.T.);
#3189=ORIENTED_EDGE('',*,*,#2042,.T.);
#3190=ORIENTED_EDGE('',*,*,#2121,.F.);
#3191=ORIENTED_EDGE('',*,*,#2035,.T.);
#3192=ORIENTED_EDGE('',*,*,#1772,.T.);
#3193=ORIENTED_EDGE('',*,*,#1769,.T.);
#3194=ORIENTED_EDGE('',*,*,#2032,.T.);
#3195=ORIENTED_EDGE('',*,*,#2122,.F.);
#3196=ORIENTED_EDGE('',*,*,#2045,.T.);
#3197=ORIENTED_EDGE('',*,*,#2017,.T.);
#3198=ORIENTED_EDGE('',*,*,#2117,.T.);
#3199=ORIENTED_EDGE('',*,*,#2052,.T.);
#3200=ORIENTED_EDGE('',*,*,#2111,.T.);
#3201=ORIENTED_EDGE('',*,*,#2020,.T.);
#3202=ORIENTED_EDGE('',*,*,#2119,.T.);
#3203=ORIENTED_EDGE('',*,*,#2062,.T.);
#3204=ORIENTED_EDGE('',*,*,#2113,.T.);
#3205=ORIENTED_EDGE('',*,*,#2108,.T.);
#3206=ORIENTED_EDGE('',*,*,#2029,.T.);
#3207=ORIENTED_EDGE('',*,*,#2115,.T.);
#3208=ORIENTED_EDGE('',*,*,#2075,.T.);
#3209=ORIENTED_EDGE('',*,*,#2110,.T.);
#3210=ORIENTED_EDGE('',*,*,#2036,.T.);
#3211=ORIENTED_EDGE('',*,*,#2121,.T.);
#3212=ORIENTED_EDGE('',*,*,#2041,.T.);
#3213=ORIENTED_EDGE('',*,*,#2046,.T.);
#3214=ORIENTED_EDGE('',*,*,#2122,.T.);
#3215=ORIENTED_EDGE('',*,*,#2031,.T.);
#3216=ORIENTED_EDGE('',*,*,#2107,.T.);
#3217=ORIENTED_EDGE('',*,*,#2114,.T.);
#3218=ORIENTED_EDGE('',*,*,#2058,.T.);
#3219=ORIENTED_EDGE('',*,*,#2118,.T.);
#3220=ORIENTED_EDGE('',*,*,#2014,.T.);
#3221=ORIENTED_EDGE('',*,*,#2066,.T.);
#3222=ORIENTED_EDGE('',*,*,#2120,.T.);
#3223=ORIENTED_EDGE('',*,*,#2023,.T.);
#3224=ORIENTED_EDGE('',*,*,#2109,.T.);
#3225=ORIENTED_EDGE('',*,*,#2112,.T.);
#3226=ORIENTED_EDGE('',*,*,#2070,.T.);
#3227=ORIENTED_EDGE('',*,*,#2116,.T.);
#3228=ORIENTED_EDGE('',*,*,#2025,.T.);
#3229=ORIENTED_EDGE('',*,*,#1771,.T.);
#3230=ORIENTED_EDGE('',*,*,#2077,.T.);
#3231=ORIENTED_EDGE('',*,*,#2079,.T.);
#3232=ORIENTED_EDGE('',*,*,#2123,.F.);
#3233=ORIENTED_EDGE('',*,*,#2098,.T.);
#3234=ORIENTED_EDGE('',*,*,#2124,.F.);
#3235=ORIENTED_EDGE('',*,*,#2102,.T.);
#3236=ORIENTED_EDGE('',*,*,#2125,.F.);
#3237=ORIENTED_EDGE('',*,*,#2106,.T.);
#3238=ORIENTED_EDGE('',*,*,#2126,.F.);
#3239=ORIENTED_EDGE('',*,*,#2083,.T.);
#3240=ORIENTED_EDGE('',*,*,#2127,.F.);
#3241=ORIENTED_EDGE('',*,*,#2087,.T.);
#3242=ORIENTED_EDGE('',*,*,#2128,.F.);
#3243=ORIENTED_EDGE('',*,*,#2091,.T.);
#3244=ORIENTED_EDGE('',*,*,#2127,.T.);
#3245=ORIENTED_EDGE('',*,*,#2086,.T.);
#3246=ORIENTED_EDGE('',*,*,#2129,.F.);
#3247=ORIENTED_EDGE('',*,*,#2088,.T.);
#3248=ORIENTED_EDGE('',*,*,#2101,.T.);
#3249=ORIENTED_EDGE('',*,*,#2130,.F.);
#3250=ORIENTED_EDGE('',*,*,#2103,.T.);
#3251=ORIENTED_EDGE('',*,*,#2125,.T.);
#3252=ORIENTED_EDGE('',*,*,#2094,.T.);
#3253=ORIENTED_EDGE('',*,*,#2131,.F.);
#3254=ORIENTED_EDGE('',*,*,#2095,.T.);
#3255=ORIENTED_EDGE('',*,*,#2123,.T.);
#3256=ORIENTED_EDGE('',*,*,#2128,.T.);
#3257=ORIENTED_EDGE('',*,*,#2090,.T.);
#3258=ORIENTED_EDGE('',*,*,#2132,.F.);
#3259=ORIENTED_EDGE('',*,*,#2092,.T.);
#3260=ORIENTED_EDGE('',*,*,#2097,.T.);
#3261=ORIENTED_EDGE('',*,*,#2133,.F.);
#3262=ORIENTED_EDGE('',*,*,#2099,.T.);
#3263=ORIENTED_EDGE('',*,*,#2124,.T.);
#3264=ORIENTED_EDGE('',*,*,#2093,.T.);
#3265=ORIENTED_EDGE('',*,*,#2132,.T.);
#3266=ORIENTED_EDGE('',*,*,#2089,.T.);
#3267=ORIENTED_EDGE('',*,*,#2129,.T.);
#3268=ORIENTED_EDGE('',*,*,#2085,.T.);
#3269=ORIENTED_EDGE('',*,*,#2134,.F.);
#3270=ORIENTED_EDGE('',*,*,#2104,.T.);
#3271=ORIENTED_EDGE('',*,*,#2130,.T.);
#3272=ORIENTED_EDGE('',*,*,#2100,.T.);
#3273=ORIENTED_EDGE('',*,*,#2133,.T.);
#3274=ORIENTED_EDGE('',*,*,#2096,.T.);
#3275=ORIENTED_EDGE('',*,*,#2131,.T.);
#3276=ORIENTED_EDGE('',*,*,#2080,.T.);
#3277=ORIENTED_EDGE('',*,*,#2126,.T.);
#3278=ORIENTED_EDGE('',*,*,#2105,.T.);
#3279=ORIENTED_EDGE('',*,*,#2134,.T.);
#3280=ORIENTED_EDGE('',*,*,#2084,.T.);
#3281=CYLINDRICAL_SURFACE('',#3660,6.65245752403339);
#3282=CYLINDRICAL_SURFACE('',#3663,6.65245752403339);
#3283=CYLINDRICAL_SURFACE('',#3666,6.65242360652575);
#3284=CYLINDRICAL_SURFACE('',#3669,6.652474647192);
#3285=CYLINDRICAL_SURFACE('',#3672,6.65241221717134);
#3286=CYLINDRICAL_SURFACE('',#3675,6.65245878065901);
#3287=CYLINDRICAL_SURFACE('',#3678,6.65242799966363);
#3288=CYLINDRICAL_SURFACE('',#3681,6.65242799966364);
#3289=CYLINDRICAL_SURFACE('',#3684,6.65245878065901);
#3290=CYLINDRICAL_SURFACE('',#3687,6.65241221717133);
#3291=CYLINDRICAL_SURFACE('',#3690,6.652474647192);
#3292=CYLINDRICAL_SURFACE('',#3693,6.65242360652574);
#3293=CYLINDRICAL_SURFACE('',#3696,6.65245752403339);
#3294=CYLINDRICAL_SURFACE('',#3699,6.65245752403339);
#3295=CYLINDRICAL_SURFACE('',#3702,6.65242360652574);
#3296=CYLINDRICAL_SURFACE('',#3705,6.652474647192);
#3297=CYLINDRICAL_SURFACE('',#3708,6.65241221717133);
#3298=CYLINDRICAL_SURFACE('',#3711,6.65245878065901);
#3299=CYLINDRICAL_SURFACE('',#3714,6.65242799966364);
#3300=CYLINDRICAL_SURFACE('',#3717,6.65242799966363);
#3301=CYLINDRICAL_SURFACE('',#3720,6.65245878065901);
#3302=CYLINDRICAL_SURFACE('',#3723,6.65241221717134);
#3303=CYLINDRICAL_SURFACE('',#3726,6.652474647192);
#3304=CYLINDRICAL_SURFACE('',#3729,6.65242360652575);
#3305=CYLINDRICAL_SURFACE('',#3732,6.65245752403339);
#3306=CYLINDRICAL_SURFACE('',#3735,6.65245752403339);
#3307=CYLINDRICAL_SURFACE('',#3738,6.65242360652575);
#3308=CYLINDRICAL_SURFACE('',#3741,6.652474647192);
#3309=CYLINDRICAL_SURFACE('',#3744,6.65241221717134);
#3310=CYLINDRICAL_SURFACE('',#3747,6.65245878065901);
#3311=CYLINDRICAL_SURFACE('',#3750,6.65242799966363);
#3312=CYLINDRICAL_SURFACE('',#3753,6.65242799966364);
#3313=CYLINDRICAL_SURFACE('',#3756,6.652458780659);
#3314=CYLINDRICAL_SURFACE('',#3759,6.65241221717133);
#3315=CYLINDRICAL_SURFACE('',#3762,6.652474647192);
#3316=CYLINDRICAL_SURFACE('',#3765,6.65242360652574);
#3317=CYLINDRICAL_SURFACE('',#3768,6.65245752403339);
#3318=CYLINDRICAL_SURFACE('',#3771,6.65245752403339);
#3319=CYLINDRICAL_SURFACE('',#3774,6.65242360652574);
#3320=CYLINDRICAL_SURFACE('',#3777,6.652474647192);
#3321=CYLINDRICAL_SURFACE('',#3780,6.65241221717133);
#3322=CYLINDRICAL_SURFACE('',#3783,6.652458780659);
#3323=CYLINDRICAL_SURFACE('',#3786,6.65242799966364);
#3324=CYLINDRICAL_SURFACE('',#3789,6.65242799966363);
#3325=CYLINDRICAL_SURFACE('',#3792,6.65245878065901);
#3326=CYLINDRICAL_SURFACE('',#3795,6.65241221717134);
#3327=CYLINDRICAL_SURFACE('',#3798,6.652474647192);
#3328=CYLINDRICAL_SURFACE('',#3801,6.65242360652575);
#3329=CYLINDRICAL_SURFACE('',#3804,6.50000002593511);
#3330=CYLINDRICAL_SURFACE('',#3815,24.3778820664059);
#3331=CYLINDRICAL_SURFACE('',#3818,0.450001045764906);
#3332=CYLINDRICAL_SURFACE('',#3821,20.1975235978201);
#3333=CYLINDRICAL_SURFACE('',#3824,0.450001045764906);
#3334=CYLINDRICAL_SURFACE('',#3827,20.1975235978201);
#3335=CYLINDRICAL_SURFACE('',#3830,24.3754854354685);
#3336=CYLINDRICAL_SURFACE('',#3833,0.450000554705041);
#3337=CYLINDRICAL_SURFACE('',#3836,0.450000058315151);
#3338=CYLINDRICAL_SURFACE('',#3839,20.20088226412);
#3339=CYLINDRICAL_SURFACE('',#3842,24.3739739425357);
#3340=CYLINDRICAL_SURFACE('',#3845,0.449998103801421);
#3341=CYLINDRICAL_SURFACE('',#3848,0.449999889753855);
#3342=CYLINDRICAL_SURFACE('',#3851,20.1986065778579);
#3343=CYLINDRICAL_SURFACE('',#3854,24.3704572996004);
#3344=CYLINDRICAL_SURFACE('',#3857,0.45000093146424);
#3345=CYLINDRICAL_SURFACE('',#3860,0.450000931463604);
#3346=CYLINDRICAL_SURFACE('',#3863,20.1986065778574);
#3347=CYLINDRICAL_SURFACE('',#3866,24.3739739425354);
#3348=CYLINDRICAL_SURFACE('',#3869,0.449999889754013);
#3349=CYLINDRICAL_SURFACE('',#3872,0.449998103801282);
#3350=CYLINDRICAL_SURFACE('',#3875,20.2008822641208);
#3351=CYLINDRICAL_SURFACE('',#3878,24.3754854354688);
#3352=CYLINDRICAL_SURFACE('',#3881,0.450000058315151);
#3353=CYLINDRICAL_SURFACE('',#3884,0.450000554705041);
#3354=CYLINDRICAL_SURFACE('',#3887,20.1975235978191);
#3355=CYLINDRICAL_SURFACE('',#3890,24.3778820664077);
#3356=CYLINDRICAL_SURFACE('',#3893,0.450001045764889);
#3357=CYLINDRICAL_SURFACE('',#3896,0.450001045764889);
#3358=CYLINDRICAL_SURFACE('',#3899,20.1975235978191);
#3359=CYLINDRICAL_SURFACE('',#3902,24.375485435469);
#3360=CYLINDRICAL_SURFACE('',#3905,0.450000554705041);
#3361=CYLINDRICAL_SURFACE('',#3908,0.450000058315151);
#3362=CYLINDRICAL_SURFACE('',#3911,20.2008822641207);
#3363=CYLINDRICAL_SURFACE('',#3914,24.3739739425365);
#3364=CYLINDRICAL_SURFACE('',#3917,0.449998103801282);
#3365=CYLINDRICAL_SURFACE('',#3920,0.449999889754013);
#3366=CYLINDRICAL_SURFACE('',#3923,20.1986065778574);
#3367=CYLINDRICAL_SURFACE('',#3926,24.3704572996004);
#3368=CYLINDRICAL_SURFACE('',#3929,0.450000931463604);
#3369=CYLINDRICAL_SURFACE('',#3932,0.45000093146424);
#3370=CYLINDRICAL_SURFACE('',#3935,20.1986065778579);
#3371=CYLINDRICAL_SURFACE('',#3938,24.3739739425357);
#3372=CYLINDRICAL_SURFACE('',#3941,0.449999889753855);
#3373=CYLINDRICAL_SURFACE('',#3944,0.449998103801421);
#3374=CYLINDRICAL_SURFACE('',#3947,20.2008822641196);
#3375=CYLINDRICAL_SURFACE('',#3950,24.3754854354687);
#3376=CYLINDRICAL_SURFACE('',#3953,0.450000058315151);
#3377=CYLINDRICAL_SURFACE('',#3956,0.450000554705041);
#3378=CYLINDRICAL_SURFACE('',#3959,20.1975235978187);
#3379=CYLINDRICAL_SURFACE('',#3962,24.3778820664059);
#3380=CYLINDRICAL_SURFACE('',#3965,0.450001045764906);
#3381=CYLINDRICAL_SURFACE('',#3968,0.450001045764906);
#3382=CYLINDRICAL_SURFACE('',#3971,20.1975235978201);
#3383=CYLINDRICAL_SURFACE('',#3974,24.3754854354685);
#3384=CYLINDRICAL_SURFACE('',#3977,0.450000554705041);
#3385=CYLINDRICAL_SURFACE('',#3980,0.450000058315151);
#3386=CYLINDRICAL_SURFACE('',#3983,20.20088226412);
#3387=CYLINDRICAL_SURFACE('',#3986,24.3739739425357);
#3388=CYLINDRICAL_SURFACE('',#3989,0.449998103801421);
#3389=CYLINDRICAL_SURFACE('',#3992,0.449999889753855);
#3390=CYLINDRICAL_SURFACE('',#3995,20.1986065778579);
#3391=CYLINDRICAL_SURFACE('',#3998,24.3704572996004);
#3392=CYLINDRICAL_SURFACE('',#4001,0.45000093146424);
#3393=CYLINDRICAL_SURFACE('',#4004,0.450000931463604);
#3394=CYLINDRICAL_SURFACE('',#4007,20.1986065778574);
#3395=CYLINDRICAL_SURFACE('',#4010,24.3739739425354);
#3396=CYLINDRICAL_SURFACE('',#4013,0.449999889754013);
#3397=CYLINDRICAL_SURFACE('',#4016,0.449998103801282);
#3398=CYLINDRICAL_SURFACE('',#4019,20.2008822641208);
#3399=CYLINDRICAL_SURFACE('',#4022,24.3754854354688);
#3400=CYLINDRICAL_SURFACE('',#4025,0.450000058315151);
#3401=CYLINDRICAL_SURFACE('',#4028,0.450000554705041);
#3402=CYLINDRICAL_SURFACE('',#4031,20.1975235978191);
#3403=CYLINDRICAL_SURFACE('',#4034,24.3778820664077);
#3404=CYLINDRICAL_SURFACE('',#4037,0.450001045764889);
#3405=CYLINDRICAL_SURFACE('',#4040,0.450001045764889);
#3406=CYLINDRICAL_SURFACE('',#4043,20.1975235978191);
#3407=CYLINDRICAL_SURFACE('',#4046,24.375485435469);
#3408=CYLINDRICAL_SURFACE('',#4049,0.450000554705041);
#3409=CYLINDRICAL_SURFACE('',#4052,0.450000058315151);
#3410=CYLINDRICAL_SURFACE('',#4055,20.2008822641207);
#3411=CYLINDRICAL_SURFACE('',#4058,24.3739739425365);
#3412=CYLINDRICAL_SURFACE('',#4061,0.449998103801282);
#3413=CYLINDRICAL_SURFACE('',#4064,0.449999889754013);
#3414=CYLINDRICAL_SURFACE('',#4067,20.1986065778574);
#3415=CYLINDRICAL_SURFACE('',#4070,24.3704572996004);
#3416=CYLINDRICAL_SURFACE('',#4073,0.450000931463604);
#3417=CYLINDRICAL_SURFACE('',#4076,0.45000093146424);
#3418=CYLINDRICAL_SURFACE('',#4079,20.1986065778579);
#3419=CYLINDRICAL_SURFACE('',#4082,24.3739739425357);
#3420=CYLINDRICAL_SURFACE('',#4085,0.449999889753855);
#3421=CYLINDRICAL_SURFACE('',#4088,0.449998103801421);
#3422=CYLINDRICAL_SURFACE('',#4091,20.2008822641196);
#3423=CYLINDRICAL_SURFACE('',#4094,24.3754854354687);
#3424=CYLINDRICAL_SURFACE('',#4097,0.450000058315151);
#3425=CYLINDRICAL_SURFACE('',#4100,0.450000554705041);
#3426=CYLINDRICAL_SURFACE('',#4103,2.00000079493827);
#3427=CYLINDRICAL_SURFACE('',#4106,2.00000006744388);
#3428=CYLINDRICAL_SURFACE('',#4109,1.99999993955219);
#3429=CYLINDRICAL_SURFACE('',#4112,1.99999945723084);
#3430=CYLINDRICAL_SURFACE('',#4115,2.0000001123747);
#3431=CYLINDRICAL_SURFACE('',#4118,1.9999999086065);
#3432=CYLINDRICAL_SURFACE('',#4121,1.99999953924083);
#3433=CYLINDRICAL_SURFACE('',#4124,1.99999993955219);
#3434=CYLINDRICAL_SURFACE('',#4127,16.9999985718433);
#3435=CYLINDRICAL_SURFACE('',#4130,1.99999921536316);
#3436=CYLINDRICAL_SURFACE('',#4133,1.99999928977736);
#3437=CYLINDRICAL_SURFACE('',#4136,17.0000018505537);
#3438=CYLINDRICAL_SURFACE('',#4139,2.00000017533786);
#3439=CYLINDRICAL_SURFACE('',#4142,2.00000028087213);
#3440=CYLINDRICAL_SURFACE('',#4145,16.9999967524006);
#3441=CYLINDRICAL_SURFACE('',#4148,2.00000021115876);
#3442=CYLINDRICAL_SURFACE('',#4151,2.00000026124391);
#3443=CYLINDRICAL_SURFACE('',#4154,1.99999931194322);
#3444=CYLINDRICAL_SURFACE('',#4157,17.0000000136598);
#3445=CYLINDRICAL_SURFACE('',#4160,1.99999917954229);
#3446=CYLINDRICAL_SURFACE('',#4163,4.99999999549608);
#3447=CYLINDRICAL_SURFACE('',#4166,1.44999999531519);
#3448=CYLINDRICAL_SURFACE('',#4169,1.00000028279247);
#3449=CYLINDRICAL_SURFACE('',#4172,1.00000004608973);
#3450=CYLINDRICAL_SURFACE('',#4175,0.999999983712597);
#3451=CYLINDRICAL_SURFACE('',#4178,0.999999983712597);
#3452=CYLINDRICAL_SURFACE('',#4181,1.00000004608973);
#3453=CYLINDRICAL_SURFACE('',#4184,1.00000007631593);
#3454=ADVANCED_FACE('',(#43),#3281,.T.);
#3455=ADVANCED_FACE('',(#44),#3282,.T.);
#3456=ADVANCED_FACE('',(#45),#3283,.T.);
#3457=ADVANCED_FACE('',(#46),#3284,.T.);
#3458=ADVANCED_FACE('',(#47),#3285,.T.);
#3459=ADVANCED_FACE('',(#48),#3286,.T.);
#3460=ADVANCED_FACE('',(#49),#3287,.T.);
#3461=ADVANCED_FACE('',(#50),#3288,.T.);
#3462=ADVANCED_FACE('',(#51),#3289,.T.);
#3463=ADVANCED_FACE('',(#52),#3290,.T.);
#3464=ADVANCED_FACE('',(#53),#3291,.T.);
#3465=ADVANCED_FACE('',(#54),#3292,.T.);
#3466=ADVANCED_FACE('',(#55),#3293,.T.);
#3467=ADVANCED_FACE('',(#56),#3294,.T.);
#3468=ADVANCED_FACE('',(#57),#3295,.T.);
#3469=ADVANCED_FACE('',(#58),#3296,.T.);
#3470=ADVANCED_FACE('',(#59),#3297,.T.);
#3471=ADVANCED_FACE('',(#60),#3298,.T.);
#3472=ADVANCED_FACE('',(#61),#3299,.T.);
#3473=ADVANCED_FACE('',(#62),#3300,.T.);
#3474=ADVANCED_FACE('',(#63),#3301,.T.);
#3475=ADVANCED_FACE('',(#64),#3302,.T.);
#3476=ADVANCED_FACE('',(#65),#3303,.T.);
#3477=ADVANCED_FACE('',(#66),#3304,.T.);
#3478=ADVANCED_FACE('',(#67),#3305,.T.);
#3479=ADVANCED_FACE('',(#68),#3306,.T.);
#3480=ADVANCED_FACE('',(#69),#3307,.T.);
#3481=ADVANCED_FACE('',(#70),#3308,.T.);
#3482=ADVANCED_FACE('',(#71),#3309,.T.);
#3483=ADVANCED_FACE('',(#72),#3310,.T.);
#3484=ADVANCED_FACE('',(#73),#3311,.T.);
#3485=ADVANCED_FACE('',(#74),#3312,.T.);
#3486=ADVANCED_FACE('',(#75),#3313,.T.);
#3487=ADVANCED_FACE('',(#76),#3314,.T.);
#3488=ADVANCED_FACE('',(#77),#3315,.T.);
#3489=ADVANCED_FACE('',(#78),#3316,.T.);
#3490=ADVANCED_FACE('',(#79),#3317,.T.);
#3491=ADVANCED_FACE('',(#80),#3318,.T.);
#3492=ADVANCED_FACE('',(#81),#3319,.T.);
#3493=ADVANCED_FACE('',(#82),#3320,.T.);
#3494=ADVANCED_FACE('',(#83),#3321,.T.);
#3495=ADVANCED_FACE('',(#84),#3322,.T.);
#3496=ADVANCED_FACE('',(#85),#3323,.T.);
#3497=ADVANCED_FACE('',(#86),#3324,.T.);
#3498=ADVANCED_FACE('',(#87),#3325,.T.);
#3499=ADVANCED_FACE('',(#88),#3326,.T.);
#3500=ADVANCED_FACE('',(#89),#3327,.T.);
#3501=ADVANCED_FACE('',(#90),#3328,.T.);
#3502=ADVANCED_FACE('',(#91),#3329,.T.);
#3503=ADVANCED_FACE('',(#92),#3330,.T.);
#3504=ADVANCED_FACE('',(#93),#3331,.F.);
#3505=ADVANCED_FACE('',(#94),#3332,.T.);
#3506=ADVANCED_FACE('',(#95),#3333,.F.);
#3507=ADVANCED_FACE('',(#96),#3334,.T.);
#3508=ADVANCED_FACE('',(#97),#3335,.T.);
#3509=ADVANCED_FACE('',(#98),#3336,.F.);
#3510=ADVANCED_FACE('',(#99),#3337,.F.);
#3511=ADVANCED_FACE('',(#100),#3338,.T.);
#3512=ADVANCED_FACE('',(#101),#3339,.T.);
#3513=ADVANCED_FACE('',(#102),#3340,.F.);
#3514=ADVANCED_FACE('',(#103),#3341,.F.);
#3515=ADVANCED_FACE('',(#104),#3342,.T.);
#3516=ADVANCED_FACE('',(#105),#3343,.T.);
#3517=ADVANCED_FACE('',(#106),#3344,.F.);
#3518=ADVANCED_FACE('',(#107),#3345,.F.);
#3519=ADVANCED_FACE('',(#108),#3346,.T.);
#3520=ADVANCED_FACE('',(#109),#3347,.T.);
#3521=ADVANCED_FACE('',(#110),#3348,.F.);
#3522=ADVANCED_FACE('',(#111),#3349,.F.);
#3523=ADVANCED_FACE('',(#112),#3350,.T.);
#3524=ADVANCED_FACE('',(#113),#3351,.T.);
#3525=ADVANCED_FACE('',(#114),#3352,.F.);
#3526=ADVANCED_FACE('',(#115),#3353,.F.);
#3527=ADVANCED_FACE('',(#116),#3354,.T.);
#3528=ADVANCED_FACE('',(#117),#3355,.T.);
#3529=ADVANCED_FACE('',(#118),#3356,.F.);
#3530=ADVANCED_FACE('',(#119),#3357,.F.);
#3531=ADVANCED_FACE('',(#120),#3358,.T.);
#3532=ADVANCED_FACE('',(#121),#3359,.T.);
#3533=ADVANCED_FACE('',(#122),#3360,.F.);
#3534=ADVANCED_FACE('',(#123),#3361,.F.);
#3535=ADVANCED_FACE('',(#124),#3362,.T.);
#3536=ADVANCED_FACE('',(#125),#3363,.T.);
#3537=ADVANCED_FACE('',(#126),#3364,.F.);
#3538=ADVANCED_FACE('',(#127),#3365,.F.);
#3539=ADVANCED_FACE('',(#128),#3366,.T.);
#3540=ADVANCED_FACE('',(#129),#3367,.T.);
#3541=ADVANCED_FACE('',(#130),#3368,.F.);
#3542=ADVANCED_FACE('',(#131),#3369,.F.);
#3543=ADVANCED_FACE('',(#132),#3370,.T.);
#3544=ADVANCED_FACE('',(#133),#3371,.T.);
#3545=ADVANCED_FACE('',(#134),#3372,.F.);
#3546=ADVANCED_FACE('',(#135),#3373,.F.);
#3547=ADVANCED_FACE('',(#136),#3374,.T.);
#3548=ADVANCED_FACE('',(#137),#3375,.T.);
#3549=ADVANCED_FACE('',(#138),#3376,.F.);
#3550=ADVANCED_FACE('',(#139),#3377,.F.);
#3551=ADVANCED_FACE('',(#140),#3378,.T.);
#3552=ADVANCED_FACE('',(#141),#3379,.T.);
#3553=ADVANCED_FACE('',(#142),#3380,.F.);
#3554=ADVANCED_FACE('',(#143),#3381,.F.);
#3555=ADVANCED_FACE('',(#144),#3382,.T.);
#3556=ADVANCED_FACE('',(#145),#3383,.T.);
#3557=ADVANCED_FACE('',(#146),#3384,.F.);
#3558=ADVANCED_FACE('',(#147),#3385,.F.);
#3559=ADVANCED_FACE('',(#148),#3386,.T.);
#3560=ADVANCED_FACE('',(#149),#3387,.T.);
#3561=ADVANCED_FACE('',(#150),#3388,.F.);
#3562=ADVANCED_FACE('',(#151),#3389,.F.);
#3563=ADVANCED_FACE('',(#152),#3390,.T.);
#3564=ADVANCED_FACE('',(#153),#3391,.T.);
#3565=ADVANCED_FACE('',(#154),#3392,.F.);
#3566=ADVANCED_FACE('',(#155),#3393,.F.);
#3567=ADVANCED_FACE('',(#156),#3394,.T.);
#3568=ADVANCED_FACE('',(#157),#3395,.T.);
#3569=ADVANCED_FACE('',(#158),#3396,.F.);
#3570=ADVANCED_FACE('',(#159),#3397,.F.);
#3571=ADVANCED_FACE('',(#160),#3398,.T.);
#3572=ADVANCED_FACE('',(#161),#3399,.T.);
#3573=ADVANCED_FACE('',(#162),#3400,.F.);
#3574=ADVANCED_FACE('',(#163),#3401,.F.);
#3575=ADVANCED_FACE('',(#164),#3402,.T.);
#3576=ADVANCED_FACE('',(#165),#3403,.T.);
#3577=ADVANCED_FACE('',(#166),#3404,.F.);
#3578=ADVANCED_FACE('',(#167),#3405,.F.);
#3579=ADVANCED_FACE('',(#168),#3406,.T.);
#3580=ADVANCED_FACE('',(#169),#3407,.T.);
#3581=ADVANCED_FACE('',(#170),#3408,.F.);
#3582=ADVANCED_FACE('',(#171),#3409,.F.);
#3583=ADVANCED_FACE('',(#172),#3410,.T.);
#3584=ADVANCED_FACE('',(#173),#3411,.T.);
#3585=ADVANCED_FACE('',(#174),#3412,.F.);
#3586=ADVANCED_FACE('',(#175),#3413,.F.);
#3587=ADVANCED_FACE('',(#176),#3414,.T.);
#3588=ADVANCED_FACE('',(#177),#3415,.T.);
#3589=ADVANCED_FACE('',(#178),#3416,.F.);
#3590=ADVANCED_FACE('',(#179),#3417,.F.);
#3591=ADVANCED_FACE('',(#180),#3418,.T.);
#3592=ADVANCED_FACE('',(#181),#3419,.T.);
#3593=ADVANCED_FACE('',(#182),#3420,.F.);
#3594=ADVANCED_FACE('',(#183),#3421,.F.);
#3595=ADVANCED_FACE('',(#184),#3422,.T.);
#3596=ADVANCED_FACE('',(#185),#3423,.T.);
#3597=ADVANCED_FACE('',(#186),#3424,.F.);
#3598=ADVANCED_FACE('',(#187),#3425,.F.);
#3599=ADVANCED_FACE('',(#188),#3426,.F.);
#3600=ADVANCED_FACE('',(#189),#3427,.F.);
#3601=ADVANCED_FACE('',(#190),#3428,.F.);
#3602=ADVANCED_FACE('',(#191),#3429,.F.);
#3603=ADVANCED_FACE('',(#192),#3430,.F.);
#3604=ADVANCED_FACE('',(#193),#3431,.F.);
#3605=ADVANCED_FACE('',(#194),#3432,.F.);
#3606=ADVANCED_FACE('',(#195),#3433,.F.);
#3607=ADVANCED_FACE('',(#196),#3434,.F.);
#3608=ADVANCED_FACE('',(#197),#3435,.F.);
#3609=ADVANCED_FACE('',(#198),#3436,.F.);
#3610=ADVANCED_FACE('',(#199),#3437,.F.);
#3611=ADVANCED_FACE('',(#200),#3438,.F.);
#3612=ADVANCED_FACE('',(#201),#3439,.F.);
#3613=ADVANCED_FACE('',(#202),#3440,.F.);
#3614=ADVANCED_FACE('',(#203),#3441,.F.);
#3615=ADVANCED_FACE('',(#204),#3442,.F.);
#3616=ADVANCED_FACE('',(#205),#3443,.F.);
#3617=ADVANCED_FACE('',(#206),#3444,.F.);
#3618=ADVANCED_FACE('',(#207),#3445,.F.);
#3619=ADVANCED_FACE('',(#208),#3446,.T.);
#3620=ADVANCED_FACE('',(#209),#3447,.F.);
#3621=ADVANCED_FACE('',(#210),#3448,.T.);
#3622=ADVANCED_FACE('',(#211),#3449,.T.);
#3623=ADVANCED_FACE('',(#212),#3450,.T.);
#3624=ADVANCED_FACE('',(#213),#3451,.T.);
#3625=ADVANCED_FACE('',(#214),#3452,.T.);
#3626=ADVANCED_FACE('',(#215),#3453,.T.);
#3627=ADVANCED_FACE('',(#216,#15,#16,#17,#18,#19),#24,.F.);
#3628=ADVANCED_FACE('',(#217,#20),#25,.T.);
#3629=ADVANCED_FACE('',(#218),#26,.T.);
#3630=ADVANCED_FACE('',(#219),#27,.F.);
#3631=ADVANCED_FACE('',(#220),#28,.T.);
#3632=ADVANCED_FACE('',(#221),#29,.F.);
#3633=ADVANCED_FACE('',(#222),#30,.T.);
#3634=ADVANCED_FACE('',(#223),#31,.F.);
#3635=ADVANCED_FACE('',(#224),#32,.T.);
#3636=ADVANCED_FACE('',(#225),#33,.F.);
#3637=ADVANCED_FACE('',(#226,#21),#34,.T.);
#3638=ADVANCED_FACE('',(#227,#22),#35,.T.);
#3639=ADVANCED_FACE('',(#228),#36,.F.);
#3640=ADVANCED_FACE('',(#229),#37,.T.);
#3641=ADVANCED_FACE('',(#230),#38,.F.);
#3642=ADVANCED_FACE('',(#231),#39,.F.);
#3643=ADVANCED_FACE('',(#232),#40,.T.);
#3644=ADVANCED_FACE('',(#233,#23),#41,.T.);
#3645=ADVANCED_FACE('',(#234),#42,.T.);
#3646=CLOSED_SHELL('',(#3454,#3455,#3456,#3457,#3458,#3459,#3460,#3461,
#3462,#3463,#3464,#3465,#3466,#3467,#3468,#3469,#3470,#3471,#3472,#3473,
#3474,#3475,#3476,#3477,#3478,#3479,#3480,#3481,#3482,#3483,#3484,#3485,
#3486,#3487,#3488,#3489,#3490,#3491,#3492,#3493,#3494,#3495,#3496,#3497,
#3498,#3499,#3500,#3501,#3502,#3503,#3504,#3505,#3506,#3507,#3508,#3509,
#3510,#3511,#3512,#3513,#3514,#3515,#3516,#3517,#3518,#3519,#3520,#3521,
#3522,#3523,#3524,#3525,#3526,#3527,#3528,#3529,#3530,#3531,#3532,#3533,
#3534,#3535,#3536,#3537,#3538,#3539,#3540,#3541,#3542,#3543,#3544,#3545,
#3546,#3547,#3548,#3549,#3550,#3551,#3552,#3553,#3554,#3555,#3556,#3557,
#3558,#3559,#3560,#3561,#3562,#3563,#3564,#3565,#3566,#3567,#3568,#3569,
#3570,#3571,#3572,#3573,#3574,#3575,#3576,#3577,#3578,#3579,#3580,#3581,
#3582,#3583,#3584,#3585,#3586,#3587,#3588,#3589,#3590,#3591,#3592,#3593,
#3594,#3595,#3596,#3597,#3598,#3599,#3600,#3601,#3602,#3603,#3604,#3605,
#3606,#3607,#3608,#3609,#3610,#3611,#3612,#3613,#3614,#3615,#3616,#3617,
#3618,#3619,#3620,#3621,#3622,#3623,#3624,#3625,#3626,#3627,#3628,#3629,
#3630,#3631,#3632,#3633,#3634,#3635,#3636,#3637,#3638,#3639,#3640,#3641,
#3642,#3643,#3644,#3645));
#3647=DERIVED_UNIT_ELEMENT(#3649,1.);
#3648=DERIVED_UNIT_ELEMENT(#6768,-3.);
#3649=(
MASS_UNIT()
NAMED_UNIT(*)
SI_UNIT(.KILO.,.GRAM.)
);
#3650=DERIVED_UNIT((#3647,#3648));
#3651=MEASURE_REPRESENTATION_ITEM('density measure',
POSITIVE_RATIO_MEASURE(7850.),#3650);
#3652=PROPERTY_DEFINITION_REPRESENTATION(#3657,#3654);
#3653=PROPERTY_DEFINITION_REPRESENTATION(#3658,#3655);
#3654=REPRESENTATION('material name',(#3656),#6765);
#3655=REPRESENTATION('density',(#3651),#6765);
#3656=DESCRIPTIVE_REPRESENTATION_ITEM('Steel','Steel');
#3657=PROPERTY_DEFINITION('material property','material name',#6775);
#3658=PROPERTY_DEFINITION('material property','density of part',#6775);
#3659=AXIS2_PLACEMENT_3D('',#5471,#4206,#4207);
#3660=AXIS2_PLACEMENT_3D('',#5472,#4208,#4209);
#3661=AXIS2_PLACEMENT_3D('',#5477,#4211,#4212);
#3662=AXIS2_PLACEMENT_3D('',#5483,#4213,#4214);
#3663=AXIS2_PLACEMENT_3D('',#5484,#4215,#4216);
#3664=AXIS2_PLACEMENT_3D('',#5487,#4217,#4218);
#3665=AXIS2_PLACEMENT_3D('',#5494,#4219,#4220);
#3666=AXIS2_PLACEMENT_3D('',#5496,#4222,#4223);
#3667=AXIS2_PLACEMENT_3D('',#5499,#4224,#4225);
#3668=AXIS2_PLACEMENT_3D('',#5506,#4226,#4227);
#3669=AXIS2_PLACEMENT_3D('',#5508,#4229,#4230);
#3670=AXIS2_PLACEMENT_3D('',#5513,#4232,#4233);
#3671=AXIS2_PLACEMENT_3D('',#5519,#4234,#4235);
#3672=AXIS2_PLACEMENT_3D('',#5520,#4236,#4237);
#3673=AXIS2_PLACEMENT_3D('',#5523,#4238,#4239);
#3674=AXIS2_PLACEMENT_3D('',#5530,#4240,#4241);
#3675=AXIS2_PLACEMENT_3D('',#5532,#4243,#4244);
#3676=AXIS2_PLACEMENT_3D('',#5537,#4246,#4247);
#3677=AXIS2_PLACEMENT_3D('',#5543,#4248,#4249);
#3678=AXIS2_PLACEMENT_3D('',#5544,#4250,#4251);
#3679=AXIS2_PLACEMENT_3D('',#5547,#4252,#4253);
#3680=AXIS2_PLACEMENT_3D('',#5554,#4254,#4255);
#3681=AXIS2_PLACEMENT_3D('',#5556,#4257,#4258);
#3682=AXIS2_PLACEMENT_3D('',#5561,#4260,#4261);
#3683=AXIS2_PLACEMENT_3D('',#5567,#4262,#4263);
#3684=AXIS2_PLACEMENT_3D('',#5568,#4264,#4265);
#3685=AXIS2_PLACEMENT_3D('',#5571,#4266,#4267);
#3686=AXIS2_PLACEMENT_3D('',#5578,#4268,#4269);
#3687=AXIS2_PLACEMENT_3D('',#5580,#4271,#4272);
#3688=AXIS2_PLACEMENT_3D('',#5585,#4274,#4275);
#3689=AXIS2_PLACEMENT_3D('',#5591,#4276,#4277);
#3690=AXIS2_PLACEMENT_3D('',#5592,#4278,#4279);
#3691=AXIS2_PLACEMENT_3D('',#5595,#4280,#4281);
#3692=AXIS2_PLACEMENT_3D('',#5602,#4282,#4283);
#3693=AXIS2_PLACEMENT_3D('',#5604,#4285,#4286);
#3694=AXIS2_PLACEMENT_3D('',#5609,#4288,#4289);
#3695=AXIS2_PLACEMENT_3D('',#5615,#4290,#4291);
#3696=AXIS2_PLACEMENT_3D('',#5616,#4292,#4293);
#3697=AXIS2_PLACEMENT_3D('',#5624,#4294,#4295);
#3698=AXIS2_PLACEMENT_3D('',#5627,#4297,#4298);
#3699=AXIS2_PLACEMENT_3D('',#5628,#4299,#4300);
#3700=AXIS2_PLACEMENT_3D('',#5633,#4302,#4303);
#3701=AXIS2_PLACEMENT_3D('',#5639,#4304,#4305);
#3702=AXIS2_PLACEMENT_3D('',#5640,#4306,#4307);
#3703=AXIS2_PLACEMENT_3D('',#5648,#4308,#4309);
#3704=AXIS2_PLACEMENT_3D('',#5651,#4311,#4312);
#3705=AXIS2_PLACEMENT_3D('',#5652,#4313,#4314);
#3706=AXIS2_PLACEMENT_3D('',#5657,#4316,#4317);
#3707=AXIS2_PLACEMENT_3D('',#5663,#4318,#4319);
#3708=AXIS2_PLACEMENT_3D('',#5664,#4320,#4321);
#3709=AXIS2_PLACEMENT_3D('',#5672,#4322,#4323);
#3710=AXIS2_PLACEMENT_3D('',#5675,#4325,#4326);
#3711=AXIS2_PLACEMENT_3D('',#5676,#4327,#4328);
#3712=AXIS2_PLACEMENT_3D('',#5679,#4329,#4330);
#3713=AXIS2_PLACEMENT_3D('',#5683,#4332,#4333);
#3714=AXIS2_PLACEMENT_3D('',#5688,#4334,#4335);
#3715=AXIS2_PLACEMENT_3D('',#5696,#4336,#4337);
#3716=AXIS2_PLACEMENT_3D('',#5699,#4339,#4340);
#3717=AXIS2_PLACEMENT_3D('',#5700,#4341,#4342);
#3718=AXIS2_PLACEMENT_3D('',#5703,#4343,#4344);
#3719=AXIS2_PLACEMENT_3D('',#5707,#4346,#4347);
#3720=AXIS2_PLACEMENT_3D('',#5712,#4348,#4349);
#3721=AXIS2_PLACEMENT_3D('',#5720,#4350,#4351);
#3722=AXIS2_PLACEMENT_3D('',#5723,#4353,#4354);
#3723=AXIS2_PLACEMENT_3D('',#5724,#4355,#4356);
#3724=AXIS2_PLACEMENT_3D('',#5727,#4357,#4358);
#3725=AXIS2_PLACEMENT_3D('',#5731,#4360,#4361);
#3726=AXIS2_PLACEMENT_3D('',#5736,#4362,#4363);
#3727=AXIS2_PLACEMENT_3D('',#5744,#4364,#4365);
#3728=AXIS2_PLACEMENT_3D('',#5747,#4367,#4368);
#3729=AXIS2_PLACEMENT_3D('',#5748,#4369,#4370);
#3730=AXIS2_PLACEMENT_3D('',#5751,#4371,#4372);
#3731=AXIS2_PLACEMENT_3D('',#5755,#4374,#4375);
#3732=AXIS2_PLACEMENT_3D('',#5760,#4376,#4377);
#3733=AXIS2_PLACEMENT_3D('',#5768,#4378,#4379);
#3734=AXIS2_PLACEMENT_3D('',#5771,#4381,#4382);
#3735=AXIS2_PLACEMENT_3D('',#5772,#4383,#4384);
#3736=AXIS2_PLACEMENT_3D('',#5775,#4385,#4386);
#3737=AXIS2_PLACEMENT_3D('',#5779,#4388,#4389);
#3738=AXIS2_PLACEMENT_3D('',#5784,#4390,#4391);
#3739=AXIS2_PLACEMENT_3D('',#5792,#4392,#4393);
#3740=AXIS2_PLACEMENT_3D('',#5795,#4395,#4396);
#3741=AXIS2_PLACEMENT_3D('',#5796,#4397,#4398);
#3742=AXIS2_PLACEMENT_3D('',#5799,#4399,#4400);
#3743=AXIS2_PLACEMENT_3D('',#5803,#4402,#4403);
#3744=AXIS2_PLACEMENT_3D('',#5808,#4404,#4405);
#3745=AXIS2_PLACEMENT_3D('',#5816,#4406,#4407);
#3746=AXIS2_PLACEMENT_3D('',#5819,#4409,#4410);
#3747=AXIS2_PLACEMENT_3D('',#5820,#4411,#4412);
#3748=AXIS2_PLACEMENT_3D('',#5823,#4413,#4414);
#3749=AXIS2_PLACEMENT_3D('',#5827,#4416,#4417);
#3750=AXIS2_PLACEMENT_3D('',#5832,#4418,#4419);
#3751=AXIS2_PLACEMENT_3D('',#5840,#4420,#4421);
#3752=AXIS2_PLACEMENT_3D('',#5843,#4423,#4424);
#3753=AXIS2_PLACEMENT_3D('',#5844,#4425,#4426);
#3754=AXIS2_PLACEMENT_3D('',#5847,#4427,#4428);
#3755=AXIS2_PLACEMENT_3D('',#5851,#4430,#4431);
#3756=AXIS2_PLACEMENT_3D('',#5856,#4432,#4433);
#3757=AXIS2_PLACEMENT_3D('',#5864,#4434,#4435);
#3758=AXIS2_PLACEMENT_3D('',#5867,#4437,#4438);
#3759=AXIS2_PLACEMENT_3D('',#5868,#4439,#4440);
#3760=AXIS2_PLACEMENT_3D('',#5871,#4441,#4442);
#3761=AXIS2_PLACEMENT_3D('',#5875,#4444,#4445);
#3762=AXIS2_PLACEMENT_3D('',#5880,#4446,#4447);
#3763=AXIS2_PLACEMENT_3D('',#5888,#4448,#4449);
#3764=AXIS2_PLACEMENT_3D('',#5891,#4451,#4452);
#3765=AXIS2_PLACEMENT_3D('',#5892,#4453,#4454);
#3766=AXIS2_PLACEMENT_3D('',#5895,#4455,#4456);
#3767=AXIS2_PLACEMENT_3D('',#5899,#4458,#4459);
#3768=AXIS2_PLACEMENT_3D('',#5904,#4460,#4461);
#3769=AXIS2_PLACEMENT_3D('',#5912,#4462,#4463);
#3770=AXIS2_PLACEMENT_3D('',#5915,#4465,#4466);
#3771=AXIS2_PLACEMENT_3D('',#5916,#4467,#4468);
#3772=AXIS2_PLACEMENT_3D('',#5919,#4469,#4470);
#3773=AXIS2_PLACEMENT_3D('',#5923,#4472,#4473);
#3774=AXIS2_PLACEMENT_3D('',#5928,#4474,#4475);
#3775=AXIS2_PLACEMENT_3D('',#5931,#4476,#4477);
#3776=AXIS2_PLACEMENT_3D('',#5938,#4478,#4479);
#3777=AXIS2_PLACEMENT_3D('',#5940,#4481,#4482);
#3778=AXIS2_PLACEMENT_3D('',#5945,#4484,#4485);
#3779=AXIS2_PLACEMENT_3D('',#5951,#4486,#4487);
#3780=AXIS2_PLACEMENT_3D('',#5952,#4488,#4489);
#3781=AXIS2_PLACEMENT_3D('',#5955,#4490,#4491);
#3782=AXIS2_PLACEMENT_3D('',#5962,#4492,#4493);
#3783=AXIS2_PLACEMENT_3D('',#5964,#4495,#4496);
#3784=AXIS2_PLACEMENT_3D('',#5969,#4498,#4499);
#3785=AXIS2_PLACEMENT_3D('',#5975,#4500,#4501);
#3786=AXIS2_PLACEMENT_3D('',#5976,#4502,#4503);
#3787=AXIS2_PLACEMENT_3D('',#5979,#4504,#4505);
#3788=AXIS2_PLACEMENT_3D('',#5986,#4506,#4507);
#3789=AXIS2_PLACEMENT_3D('',#5988,#4509,#4510);
#3790=AXIS2_PLACEMENT_3D('',#5993,#4512,#4513);
#3791=AXIS2_PLACEMENT_3D('',#5999,#4514,#4515);
#3792=AXIS2_PLACEMENT_3D('',#6000,#4516,#4517);
#3793=AXIS2_PLACEMENT_3D('',#6003,#4518,#4519);
#3794=AXIS2_PLACEMENT_3D('',#6010,#4520,#4521);
#3795=AXIS2_PLACEMENT_3D('',#6012,#4523,#4524);
#3796=AXIS2_PLACEMENT_3D('',#6017,#4526,#4527);
#3797=AXIS2_PLACEMENT_3D('',#6023,#4528,#4529);
#3798=AXIS2_PLACEMENT_3D('',#6024,#4530,#4531);
#3799=AXIS2_PLACEMENT_3D('',#6027,#4532,#4533);
#3800=AXIS2_PLACEMENT_3D('',#6034,#4534,#4535);
#3801=AXIS2_PLACEMENT_3D('',#6036,#4537,#4538);
#3802=AXIS2_PLACEMENT_3D('',#6041,#4540,#4541);
#3803=AXIS2_PLACEMENT_3D('',#6047,#4542,#4543);
#3804=AXIS2_PLACEMENT_3D('',#6048,#4544,#4545);
#3805=AXIS2_PLACEMENT_3D('',#6053,#4547,#4548);
#3806=AXIS2_PLACEMENT_3D('',#6057,#4550,#4551);
#3807=AXIS2_PLACEMENT_3D('',#6061,#4553,#4554);
#3808=AXIS2_PLACEMENT_3D('',#6065,#4556,#4557);
#3809=AXIS2_PLACEMENT_3D('',#6069,#4559,#4560);
#3810=AXIS2_PLACEMENT_3D('',#6073,#4562,#4563);
#3811=AXIS2_PLACEMENT_3D('',#6077,#4565,#4566);
#3812=AXIS2_PLACEMENT_3D('',#6081,#4568,#4569);
#3813=AXIS2_PLACEMENT_3D('',#6084,#4571,#4572);
#3814=AXIS2_PLACEMENT_3D('',#6085,#4573,#4574);
#3815=AXIS2_PLACEMENT_3D('',#6086,#4575,#4576);
#3816=AXIS2_PLACEMENT_3D('',#6087,#4577,#4578);
#3817=AXIS2_PLACEMENT_3D('',#6088,#4579,#4580);
#3818=AXIS2_PLACEMENT_3D('',#6089,#4581,#4582);
#3819=AXIS2_PLACEMENT_3D('',#6091,#4583,#4584);
#3820=AXIS2_PLACEMENT_3D('',#6093,#4585,#4586);
#3821=AXIS2_PLACEMENT_3D('',#6095,#4588,#4589);
#3822=AXIS2_PLACEMENT_3D('',#6097,#4590,#4591);
#3823=AXIS2_PLACEMENT_3D('',#6099,#4592,#4593);
#3824=AXIS2_PLACEMENT_3D('',#6101,#4595,#4596);
#3825=AXIS2_PLACEMENT_3D('',#6105,#4598,#4599);
#3826=AXIS2_PLACEMENT_3D('',#6106,#4600,#4601);
#3827=AXIS2_PLACEMENT_3D('',#6107,#4602,#4603);
#3828=AXIS2_PLACEMENT_3D('',#6111,#4605,#4606);
#3829=AXIS2_PLACEMENT_3D('',#6112,#4607,#4608);
#3830=AXIS2_PLACEMENT_3D('',#6113,#4609,#4610);
#3831=AXIS2_PLACEMENT_3D('',#6114,#4611,#4612);
#3832=AXIS2_PLACEMENT_3D('',#6115,#4613,#4614);
#3833=AXIS2_PLACEMENT_3D('',#6116,#4615,#4616);
#3834=AXIS2_PLACEMENT_3D('',#6117,#4617,#4618);
#3835=AXIS2_PLACEMENT_3D('',#6118,#4619,#4620);
#3836=AXIS2_PLACEMENT_3D('',#6119,#4621,#4622);
#3837=AXIS2_PLACEMENT_3D('',#6123,#4624,#4625);
#3838=AXIS2_PLACEMENT_3D('',#6124,#4626,#4627);
#3839=AXIS2_PLACEMENT_3D('',#6125,#4628,#4629);
#3840=AXIS2_PLACEMENT_3D('',#6129,#4631,#4632);
#3841=AXIS2_PLACEMENT_3D('',#6130,#4633,#4634);
#3842=AXIS2_PLACEMENT_3D('',#6131,#4635,#4636);
#3843=AXIS2_PLACEMENT_3D('',#6132,#4637,#4638);
#3844=AXIS2_PLACEMENT_3D('',#6133,#4639,#4640);
#3845=AXIS2_PLACEMENT_3D('',#6134,#4641,#4642);
#3846=AXIS2_PLACEMENT_3D('',#6135,#4643,#4644);
#3847=AXIS2_PLACEMENT_3D('',#6136,#4645,#4646);
#3848=AXIS2_PLACEMENT_3D('',#6137,#4647,#4648);
#3849=AXIS2_PLACEMENT_3D('',#6141,#4650,#4651);
#3850=AXIS2_PLACEMENT_3D('',#6142,#4652,#4653);
#3851=AXIS2_PLACEMENT_3D('',#6143,#4654,#4655);
#3852=AXIS2_PLACEMENT_3D('',#6147,#4657,#4658);
#3853=AXIS2_PLACEMENT_3D('',#6148,#4659,#4660);
#3854=AXIS2_PLACEMENT_3D('',#6149,#4661,#4662);
#3855=AXIS2_PLACEMENT_3D('',#6150,#4663,#4664);
#3856=AXIS2_PLACEMENT_3D('',#6151,#4665,#4666);
#3857=AXIS2_PLACEMENT_3D('',#6152,#4667,#4668);
#3858=AXIS2_PLACEMENT_3D('',#6153,#4669,#4670);
#3859=AXIS2_PLACEMENT_3D('',#6154,#4671,#4672);
#3860=AXIS2_PLACEMENT_3D('',#6155,#4673,#4674);
#3861=AXIS2_PLACEMENT_3D('',#6159,#4676,#4677);
#3862=AXIS2_PLACEMENT_3D('',#6160,#4678,#4679);
#3863=AXIS2_PLACEMENT_3D('',#6161,#4680,#4681);
#3864=AXIS2_PLACEMENT_3D('',#6165,#4683,#4684);
#3865=AXIS2_PLACEMENT_3D('',#6166,#4685,#4686);
#3866=AXIS2_PLACEMENT_3D('',#6167,#4687,#4688);
#3867=AXIS2_PLACEMENT_3D('',#6168,#4689,#4690);
#3868=AXIS2_PLACEMENT_3D('',#6169,#4691,#4692);
#3869=AXIS2_PLACEMENT_3D('',#6170,#4693,#4694);
#3870=AXIS2_PLACEMENT_3D('',#6171,#4695,#4696);
#3871=AXIS2_PLACEMENT_3D('',#6172,#4697,#4698);
#3872=AXIS2_PLACEMENT_3D('',#6173,#4699,#4700);
#3873=AXIS2_PLACEMENT_3D('',#6177,#4702,#4703);
#3874=AXIS2_PLACEMENT_3D('',#6178,#4704,#4705);
#3875=AXIS2_PLACEMENT_3D('',#6179,#4706,#4707);
#3876=AXIS2_PLACEMENT_3D('',#6183,#4709,#4710);
#3877=AXIS2_PLACEMENT_3D('',#6184,#4711,#4712);
#3878=AXIS2_PLACEMENT_3D('',#6185,#4713,#4714);
#3879=AXIS2_PLACEMENT_3D('',#6186,#4715,#4716);
#3880=AXIS2_PLACEMENT_3D('',#6187,#4717,#4718);
#3881=AXIS2_PLACEMENT_3D('',#6188,#4719,#4720);
#3882=AXIS2_PLACEMENT_3D('',#6189,#4721,#4722);
#3883=AXIS2_PLACEMENT_3D('',#6190,#4723,#4724);
#3884=AXIS2_PLACEMENT_3D('',#6191,#4725,#4726);
#3885=AXIS2_PLACEMENT_3D('',#6195,#4728,#4729);
#3886=AXIS2_PLACEMENT_3D('',#6196,#4730,#4731);
#3887=AXIS2_PLACEMENT_3D('',#6197,#4732,#4733);
#3888=AXIS2_PLACEMENT_3D('',#6201,#4735,#4736);
#3889=AXIS2_PLACEMENT_3D('',#6202,#4737,#4738);
#3890=AXIS2_PLACEMENT_3D('',#6203,#4739,#4740);
#3891=AXIS2_PLACEMENT_3D('',#6204,#4741,#4742);
#3892=AXIS2_PLACEMENT_3D('',#6205,#4743,#4744);
#3893=AXIS2_PLACEMENT_3D('',#6206,#4745,#4746);
#3894=AXIS2_PLACEMENT_3D('',#6207,#4747,#4748);
#3895=AXIS2_PLACEMENT_3D('',#6208,#4749,#4750);
#3896=AXIS2_PLACEMENT_3D('',#6209,#4751,#4752);
#3897=AXIS2_PLACEMENT_3D('',#6213,#4754,#4755);
#3898=AXIS2_PLACEMENT_3D('',#6214,#4756,#4757);
#3899=AXIS2_PLACEMENT_3D('',#6215,#4758,#4759);
#3900=AXIS2_PLACEMENT_3D('',#6219,#4761,#4762);
#3901=AXIS2_PLACEMENT_3D('',#6220,#4763,#4764);
#3902=AXIS2_PLACEMENT_3D('',#6221,#4765,#4766);
#3903=AXIS2_PLACEMENT_3D('',#6222,#4767,#4768);
#3904=AXIS2_PLACEMENT_3D('',#6223,#4769,#4770);
#3905=AXIS2_PLACEMENT_3D('',#6224,#4771,#4772);
#3906=AXIS2_PLACEMENT_3D('',#6225,#4773,#4774);
#3907=AXIS2_PLACEMENT_3D('',#6226,#4775,#4776);
#3908=AXIS2_PLACEMENT_3D('',#6227,#4777,#4778);
#3909=AXIS2_PLACEMENT_3D('',#6231,#4780,#4781);
#3910=AXIS2_PLACEMENT_3D('',#6232,#4782,#4783);
#3911=AXIS2_PLACEMENT_3D('',#6233,#4784,#4785);
#3912=AXIS2_PLACEMENT_3D('',#6237,#4787,#4788);
#3913=AXIS2_PLACEMENT_3D('',#6238,#4789,#4790);
#3914=AXIS2_PLACEMENT_3D('',#6239,#4791,#4792);
#3915=AXIS2_PLACEMENT_3D('',#6240,#4793,#4794);
#3916=AXIS2_PLACEMENT_3D('',#6241,#4795,#4796);
#3917=AXIS2_PLACEMENT_3D('',#6242,#4797,#4798);
#3918=AXIS2_PLACEMENT_3D('',#6243,#4799,#4800);
#3919=AXIS2_PLACEMENT_3D('',#6244,#4801,#4802);
#3920=AXIS2_PLACEMENT_3D('',#6245,#4803,#4804);
#3921=AXIS2_PLACEMENT_3D('',#6249,#4806,#4807);
#3922=AXIS2_PLACEMENT_3D('',#6250,#4808,#4809);
#3923=AXIS2_PLACEMENT_3D('',#6251,#4810,#4811);
#3924=AXIS2_PLACEMENT_3D('',#6255,#4813,#4814);
#3925=AXIS2_PLACEMENT_3D('',#6256,#4815,#4816);
#3926=AXIS2_PLACEMENT_3D('',#6257,#4817,#4818);
#3927=AXIS2_PLACEMENT_3D('',#6258,#4819,#4820);
#3928=AXIS2_PLACEMENT_3D('',#6259,#4821,#4822);
#3929=AXIS2_PLACEMENT_3D('',#6260,#4823,#4824);
#3930=AXIS2_PLACEMENT_3D('',#6261,#4825,#4826);
#3931=AXIS2_PLACEMENT_3D('',#6262,#4827,#4828);
#3932=AXIS2_PLACEMENT_3D('',#6263,#4829,#4830);
#3933=AXIS2_PLACEMENT_3D('',#6265,#4831,#4832);
#3934=AXIS2_PLACEMENT_3D('',#6268,#4834,#4835);
#3935=AXIS2_PLACEMENT_3D('',#6269,#4836,#4837);
#3936=AXIS2_PLACEMENT_3D('',#6273,#4839,#4840);
#3937=AXIS2_PLACEMENT_3D('',#6274,#4841,#4842);
#3938=AXIS2_PLACEMENT_3D('',#6275,#4843,#4844);
#3939=AXIS2_PLACEMENT_3D('',#6276,#4845,#4846);
#3940=AXIS2_PLACEMENT_3D('',#6277,#4847,#4848);
#3941=AXIS2_PLACEMENT_3D('',#6278,#4849,#4850);
#3942=AXIS2_PLACEMENT_3D('',#6279,#4851,#4852);
#3943=AXIS2_PLACEMENT_3D('',#6280,#4853,#4854);
#3944=AXIS2_PLACEMENT_3D('',#6281,#4855,#4856);
#3945=AXIS2_PLACEMENT_3D('',#6283,#4857,#4858);
#3946=AXIS2_PLACEMENT_3D('',#6286,#4860,#4861);
#3947=AXIS2_PLACEMENT_3D('',#6287,#4862,#4863);
#3948=AXIS2_PLACEMENT_3D('',#6291,#4865,#4866);
#3949=AXIS2_PLACEMENT_3D('',#6292,#4867,#4868);
#3950=AXIS2_PLACEMENT_3D('',#6293,#4869,#4870);
#3951=AXIS2_PLACEMENT_3D('',#6294,#4871,#4872);
#3952=AXIS2_PLACEMENT_3D('',#6295,#4873,#4874);
#3953=AXIS2_PLACEMENT_3D('',#6296,#4875,#4876);
#3954=AXIS2_PLACEMENT_3D('',#6297,#4877,#4878);
#3955=AXIS2_PLACEMENT_3D('',#6298,#4879,#4880);
#3956=AXIS2_PLACEMENT_3D('',#6299,#4881,#4882);
#3957=AXIS2_PLACEMENT_3D('',#6301,#4883,#4884);
#3958=AXIS2_PLACEMENT_3D('',#6304,#4886,#4887);
#3959=AXIS2_PLACEMENT_3D('',#6305,#4888,#4889);
#3960=AXIS2_PLACEMENT_3D('',#6309,#4891,#4892);
#3961=AXIS2_PLACEMENT_3D('',#6310,#4893,#4894);
#3962=AXIS2_PLACEMENT_3D('',#6311,#4895,#4896);
#3963=AXIS2_PLACEMENT_3D('',#6312,#4897,#4898);
#3964=AXIS2_PLACEMENT_3D('',#6313,#4899,#4900);
#3965=AXIS2_PLACEMENT_3D('',#6314,#4901,#4902);
#3966=AXIS2_PLACEMENT_3D('',#6315,#4903,#4904);
#3967=AXIS2_PLACEMENT_3D('',#6316,#4905,#4906);
#3968=AXIS2_PLACEMENT_3D('',#6317,#4907,#4908);
#3969=AXIS2_PLACEMENT_3D('',#6319,#4909,#4910);
#3970=AXIS2_PLACEMENT_3D('',#6322,#4912,#4913);
#3971=AXIS2_PLACEMENT_3D('',#6323,#4914,#4915);
#3972=AXIS2_PLACEMENT_3D('',#6325,#4916,#4917);
#3973=AXIS2_PLACEMENT_3D('',#6328,#4919,#4920);
#3974=AXIS2_PLACEMENT_3D('',#6329,#4921,#4922);
#3975=AXIS2_PLACEMENT_3D('',#6330,#4923,#4924);
#3976=AXIS2_PLACEMENT_3D('',#6331,#4925,#4926);
#3977=AXIS2_PLACEMENT_3D('',#6332,#4927,#4928);
#3978=AXIS2_PLACEMENT_3D('',#6333,#4929,#4930);
#3979=AXIS2_PLACEMENT_3D('',#6334,#4931,#4932);
#3980=AXIS2_PLACEMENT_3D('',#6335,#4933,#4934);
#3981=AXIS2_PLACEMENT_3D('',#6337,#4935,#4936);
#3982=AXIS2_PLACEMENT_3D('',#6340,#4938,#4939);
#3983=AXIS2_PLACEMENT_3D('',#6341,#4940,#4941);
#3984=AXIS2_PLACEMENT_3D('',#6343,#4942,#4943);
#3985=AXIS2_PLACEMENT_3D('',#6346,#4945,#4946);
#3986=AXIS2_PLACEMENT_3D('',#6347,#4947,#4948);
#3987=AXIS2_PLACEMENT_3D('',#6348,#4949,#4950);
#3988=AXIS2_PLACEMENT_3D('',#6349,#4951,#4952);
#3989=AXIS2_PLACEMENT_3D('',#6350,#4953,#4954);
#3990=AXIS2_PLACEMENT_3D('',#6351,#4955,#4956);
#3991=AXIS2_PLACEMENT_3D('',#6352,#4957,#4958);
#3992=AXIS2_PLACEMENT_3D('',#6353,#4959,#4960);
#3993=AXIS2_PLACEMENT_3D('',#6355,#4961,#4962);
#3994=AXIS2_PLACEMENT_3D('',#6358,#4964,#4965);
#3995=AXIS2_PLACEMENT_3D('',#6359,#4966,#4967);
#3996=AXIS2_PLACEMENT_3D('',#6361,#4968,#4969);
#3997=AXIS2_PLACEMENT_3D('',#6364,#4971,#4972);
#3998=AXIS2_PLACEMENT_3D('',#6365,#4973,#4974);
#3999=AXIS2_PLACEMENT_3D('',#6366,#4975,#4976);
#4000=AXIS2_PLACEMENT_3D('',#6367,#4977,#4978);
#4001=AXIS2_PLACEMENT_3D('',#6368,#4979,#4980);
#4002=AXIS2_PLACEMENT_3D('',#6369,#4981,#4982);
#4003=AXIS2_PLACEMENT_3D('',#6370,#4983,#4984);
#4004=AXIS2_PLACEMENT_3D('',#6371,#4985,#4986);
#4005=AXIS2_PLACEMENT_3D('',#6373,#4987,#4988);
#4006=AXIS2_PLACEMENT_3D('',#6376,#4990,#4991);
#4007=AXIS2_PLACEMENT_3D('',#6377,#4992,#4993);
#4008=AXIS2_PLACEMENT_3D('',#6379,#4994,#4995);
#4009=AXIS2_PLACEMENT_3D('',#6382,#4997,#4998);
#4010=AXIS2_PLACEMENT_3D('',#6383,#4999,#5000);
#4011=AXIS2_PLACEMENT_3D('',#6384,#5001,#5002);
#4012=AXIS2_PLACEMENT_3D('',#6385,#5003,#5004);
#4013=AXIS2_PLACEMENT_3D('',#6386,#5005,#5006);
#4014=AXIS2_PLACEMENT_3D('',#6387,#5007,#5008);
#4015=AXIS2_PLACEMENT_3D('',#6388,#5009,#5010);
#4016=AXIS2_PLACEMENT_3D('',#6389,#5011,#5012);
#4017=AXIS2_PLACEMENT_3D('',#6391,#5013,#5014);
#4018=AXIS2_PLACEMENT_3D('',#6394,#5016,#5017);
#4019=AXIS2_PLACEMENT_3D('',#6395,#5018,#5019);
#4020=AXIS2_PLACEMENT_3D('',#6397,#5020,#5021);
#4021=AXIS2_PLACEMENT_3D('',#6400,#5023,#5024);
#4022=AXIS2_PLACEMENT_3D('',#6401,#5025,#5026);
#4023=AXIS2_PLACEMENT_3D('',#6402,#5027,#5028);
#4024=AXIS2_PLACEMENT_3D('',#6403,#5029,#5030);
#4025=AXIS2_PLACEMENT_3D('',#6404,#5031,#5032);
#4026=AXIS2_PLACEMENT_3D('',#6405,#5033,#5034);
#4027=AXIS2_PLACEMENT_3D('',#6406,#5035,#5036);
#4028=AXIS2_PLACEMENT_3D('',#6407,#5037,#5038);
#4029=AXIS2_PLACEMENT_3D('',#6409,#5039,#5040);
#4030=AXIS2_PLACEMENT_3D('',#6412,#5042,#5043);
#4031=AXIS2_PLACEMENT_3D('',#6413,#5044,#5045);
#4032=AXIS2_PLACEMENT_3D('',#6415,#5046,#5047);
#4033=AXIS2_PLACEMENT_3D('',#6418,#5049,#5050);
#4034=AXIS2_PLACEMENT_3D('',#6419,#5051,#5052);
#4035=AXIS2_PLACEMENT_3D('',#6420,#5053,#5054);
#4036=AXIS2_PLACEMENT_3D('',#6421,#5055,#5056);
#4037=AXIS2_PLACEMENT_3D('',#6422,#5057,#5058);
#4038=AXIS2_PLACEMENT_3D('',#6423,#5059,#5060);
#4039=AXIS2_PLACEMENT_3D('',#6424,#5061,#5062);
#4040=AXIS2_PLACEMENT_3D('',#6425,#5063,#5064);
#4041=AXIS2_PLACEMENT_3D('',#6427,#5065,#5066);
#4042=AXIS2_PLACEMENT_3D('',#6430,#5068,#5069);
#4043=AXIS2_PLACEMENT_3D('',#6431,#5070,#5071);
#4044=AXIS2_PLACEMENT_3D('',#6433,#5072,#5073);
#4045=AXIS2_PLACEMENT_3D('',#6436,#5075,#5076);
#4046=AXIS2_PLACEMENT_3D('',#6437,#5077,#5078);
#4047=AXIS2_PLACEMENT_3D('',#6438,#5079,#5080);
#4048=AXIS2_PLACEMENT_3D('',#6439,#5081,#5082);
#4049=AXIS2_PLACEMENT_3D('',#6440,#5083,#5084);
#4050=AXIS2_PLACEMENT_3D('',#6441,#5085,#5086);
#4051=AXIS2_PLACEMENT_3D('',#6442,#5087,#5088);
#4052=AXIS2_PLACEMENT_3D('',#6443,#5089,#5090);
#4053=AXIS2_PLACEMENT_3D('',#6447,#5092,#5093);
#4054=AXIS2_PLACEMENT_3D('',#6448,#5094,#5095);
#4055=AXIS2_PLACEMENT_3D('',#6449,#5096,#5097);
#4056=AXIS2_PLACEMENT_3D('',#6451,#5098,#5099);
#4057=AXIS2_PLACEMENT_3D('',#6454,#5101,#5102);
#4058=AXIS2_PLACEMENT_3D('',#6455,#5103,#5104);
#4059=AXIS2_PLACEMENT_3D('',#6456,#5105,#5106);
#4060=AXIS2_PLACEMENT_3D('',#6457,#5107,#5108);
#4061=AXIS2_PLACEMENT_3D('',#6458,#5109,#5110);
#4062=AXIS2_PLACEMENT_3D('',#6459,#5111,#5112);
#4063=AXIS2_PLACEMENT_3D('',#6460,#5113,#5114);
#4064=AXIS2_PLACEMENT_3D('',#6461,#5115,#5116);
#4065=AXIS2_PLACEMENT_3D('',#6465,#5118,#5119);
#4066=AXIS2_PLACEMENT_3D('',#6466,#5120,#5121);
#4067=AXIS2_PLACEMENT_3D('',#6467,#5122,#5123);
#4068=AXIS2_PLACEMENT_3D('',#6469,#5124,#5125);
#4069=AXIS2_PLACEMENT_3D('',#6472,#5127,#5128);
#4070=AXIS2_PLACEMENT_3D('',#6473,#5129,#5130);
#4071=AXIS2_PLACEMENT_3D('',#6474,#5131,#5132);
#4072=AXIS2_PLACEMENT_3D('',#6475,#5133,#5134);
#4073=AXIS2_PLACEMENT_3D('',#6476,#5135,#5136);
#4074=AXIS2_PLACEMENT_3D('',#6477,#5137,#5138);
#4075=AXIS2_PLACEMENT_3D('',#6478,#5139,#5140);
#4076=AXIS2_PLACEMENT_3D('',#6479,#5141,#5142);
#4077=AXIS2_PLACEMENT_3D('',#6483,#5144,#5145);
#4078=AXIS2_PLACEMENT_3D('',#6484,#5146,#5147);
#4079=AXIS2_PLACEMENT_3D('',#6485,#5148,#5149);
#4080=AXIS2_PLACEMENT_3D('',#6487,#5150,#5151);
#4081=AXIS2_PLACEMENT_3D('',#6490,#5153,#5154);
#4082=AXIS2_PLACEMENT_3D('',#6491,#5155,#5156);
#4083=AXIS2_PLACEMENT_3D('',#6492,#5157,#5158);
#4084=AXIS2_PLACEMENT_3D('',#6493,#5159,#5160);
#4085=AXIS2_PLACEMENT_3D('',#6494,#5161,#5162);
#4086=AXIS2_PLACEMENT_3D('',#6495,#5163,#5164);
#4087=AXIS2_PLACEMENT_3D('',#6496,#5165,#5166);
#4088=AXIS2_PLACEMENT_3D('',#6497,#5167,#5168);
#4089=AXIS2_PLACEMENT_3D('',#6501,#5170,#5171);
#4090=AXIS2_PLACEMENT_3D('',#6502,#5172,#5173);
#4091=AXIS2_PLACEMENT_3D('',#6503,#5174,#5175);
#4092=AXIS2_PLACEMENT_3D('',#6505,#5176,#5177);
#4093=AXIS2_PLACEMENT_3D('',#6508,#5179,#5180);
#4094=AXIS2_PLACEMENT_3D('',#6509,#5181,#5182);
#4095=AXIS2_PLACEMENT_3D('',#6510,#5183,#5184);
#4096=AXIS2_PLACEMENT_3D('',#6511,#5185,#5186);
#4097=AXIS2_PLACEMENT_3D('',#6512,#5187,#5188);
#4098=AXIS2_PLACEMENT_3D('',#6513,#5189,#5190);
#4099=AXIS2_PLACEMENT_3D('',#6514,#5191,#5192);
#4100=AXIS2_PLACEMENT_3D('',#6515,#5193,#5194);
#4101=AXIS2_PLACEMENT_3D('',#6516,#5195,#5196);
#4102=AXIS2_PLACEMENT_3D('',#6517,#5197,#5198);
#4103=AXIS2_PLACEMENT_3D('',#6518,#5199,#5200);
#4104=AXIS2_PLACEMENT_3D('',#6520,#5201,#5202);
#4105=AXIS2_PLACEMENT_3D('',#6523,#5204,#5205);
#4106=AXIS2_PLACEMENT_3D('',#6524,#5206,#5207);
#4107=AXIS2_PLACEMENT_3D('',#6526,#5208,#5209);
#4108=AXIS2_PLACEMENT_3D('',#6529,#5211,#5212);
#4109=AXIS2_PLACEMENT_3D('',#6530,#5213,#5214);
#4110=AXIS2_PLACEMENT_3D('',#6532,#5215,#5216);
#4111=AXIS2_PLACEMENT_3D('',#6535,#5218,#5219);
#4112=AXIS2_PLACEMENT_3D('',#6536,#5220,#5221);
#4113=AXIS2_PLACEMENT_3D('',#6538,#5222,#5223);
#4114=AXIS2_PLACEMENT_3D('',#6541,#5225,#5226);
#4115=AXIS2_PLACEMENT_3D('',#6542,#5227,#5228);
#4116=AXIS2_PLACEMENT_3D('',#6546,#5230,#5231);
#4117=AXIS2_PLACEMENT_3D('',#6547,#5232,#5233);
#4118=AXIS2_PLACEMENT_3D('',#6548,#5234,#5235);
#4119=AXIS2_PLACEMENT_3D('',#6550,#5236,#5237);
#4120=AXIS2_PLACEMENT_3D('',#6553,#5239,#5240);
#4121=AXIS2_PLACEMENT_3D('',#6554,#5241,#5242);
#4122=AXIS2_PLACEMENT_3D('',#6558,#5244,#5245);
#4123=AXIS2_PLACEMENT_3D('',#6559,#5246,#5247);
#4124=AXIS2_PLACEMENT_3D('',#6560,#5248,#5249);
#4125=AXIS2_PLACEMENT_3D('',#6562,#5250,#5251);
#4126=AXIS2_PLACEMENT_3D('',#6564,#5252,#5253);
#4127=AXIS2_PLACEMENT_3D('',#6566,#5255,#5256);
#4128=AXIS2_PLACEMENT_3D('',#6571,#5258,#5259);
#4129=AXIS2_PLACEMENT_3D('',#6574,#5261,#5262);
#4130=AXIS2_PLACEMENT_3D('',#6575,#5263,#5264);
#4131=AXIS2_PLACEMENT_3D('',#6579,#5266,#5267);
#4132=AXIS2_PLACEMENT_3D('',#6580,#5268,#5269);
#4133=AXIS2_PLACEMENT_3D('',#6581,#5270,#5271);
#4134=AXIS2_PLACEMENT_3D('',#6586,#5273,#5274);
#4135=AXIS2_PLACEMENT_3D('',#6589,#5276,#5277);
#4136=AXIS2_PLACEMENT_3D('',#6590,#5278,#5279);
#4137=AXIS2_PLACEMENT_3D('',#6593,#5280,#5281);
#4138=AXIS2_PLACEMENT_3D('',#6597,#5283,#5284);
#4139=AXIS2_PLACEMENT_3D('',#6599,#5286,#5287);
#4140=AXIS2_PLACEMENT_3D('',#6603,#5289,#5290);
#4141=AXIS2_PLACEMENT_3D('',#6604,#5291,#5292);
#4142=AXIS2_PLACEMENT_3D('',#6605,#5293,#5294);
#4143=AXIS2_PLACEMENT_3D('',#6608,#5295,#5296);
#4144=AXIS2_PLACEMENT_3D('',#6612,#5298,#5299);
#4145=AXIS2_PLACEMENT_3D('',#6614,#5301,#5302);
#4146=AXIS2_PLACEMENT_3D('',#6618,#5304,#5305);
#4147=AXIS2_PLACEMENT_3D('',#6619,#5306,#5307);
#4148=AXIS2_PLACEMENT_3D('',#6620,#5308,#5309);
#4149=AXIS2_PLACEMENT_3D('',#6624,#5311,#5312);
#4150=AXIS2_PLACEMENT_3D('',#6625,#5313,#5314);
#4151=AXIS2_PLACEMENT_3D('',#6626,#5315,#5316);
#4152=AXIS2_PLACEMENT_3D('',#6628,#5317,#5318);
#4153=AXIS2_PLACEMENT_3D('',#6631,#5320,#5321);
#4154=AXIS2_PLACEMENT_3D('',#6632,#5322,#5323);
#4155=AXIS2_PLACEMENT_3D('',#6634,#5324,#5325);
#4156=AXIS2_PLACEMENT_3D('',#6636,#5326,#5327);
#4157=AXIS2_PLACEMENT_3D('',#6638,#5329,#5330);
#4158=AXIS2_PLACEMENT_3D('',#6640,#5331,#5332);
#4159=AXIS2_PLACEMENT_3D('',#6643,#5334,#5335);
#4160=AXIS2_PLACEMENT_3D('',#6644,#5336,#5337);
#4161=AXIS2_PLACEMENT_3D('',#6646,#5338,#5339);
#4162=AXIS2_PLACEMENT_3D('',#6649,#5341,#5342);
#4163=AXIS2_PLACEMENT_3D('',#6650,#5343,#5344);
#4164=AXIS2_PLACEMENT_3D('',#6652,#5345,#5346);
#4165=AXIS2_PLACEMENT_3D('',#6655,#5348,#5349);
#4166=AXIS2_PLACEMENT_3D('',#6656,#5350,#5351);
#4167=AXIS2_PLACEMENT_3D('',#6658,#5352,#5353);
#4168=AXIS2_PLACEMENT_3D('',#6661,#5355,#5356);
#4169=AXIS2_PLACEMENT_3D('',#6662,#5357,#5358);
#4170=AXIS2_PLACEMENT_3D('',#6665,#5359,#5360);
#4171=AXIS2_PLACEMENT_3D('',#6669,#5362,#5363);
#4172=AXIS2_PLACEMENT_3D('',#6671,#5365,#5366);
#4173=AXIS2_PLACEMENT_3D('',#6674,#5367,#5368);
#4174=AXIS2_PLACEMENT_3D('',#6678,#5370,#5371);
#4175=AXIS2_PLACEMENT_3D('',#6680,#5373,#5374);
#4176=AXIS2_PLACEMENT_3D('',#6683,#5375,#5376);
#4177=AXIS2_PLACEMENT_3D('',#6687,#5378,#5379);
#4178=AXIS2_PLACEMENT_3D('',#6689,#5381,#5382);
#4179=AXIS2_PLACEMENT_3D('',#6694,#5384,#5385);
#4180=AXIS2_PLACEMENT_3D('',#6697,#5387,#5388);
#4181=AXIS2_PLACEMENT_3D('',#6698,#5389,#5390);
#4182=AXIS2_PLACEMENT_3D('',#6703,#5392,#5393);
#4183=AXIS2_PLACEMENT_3D('',#6706,#5395,#5396);
#4184=AXIS2_PLACEMENT_3D('',#6707,#5397,#5398);
#4185=AXIS2_PLACEMENT_3D('',#6712,#5400,#5401);
#4186=AXIS2_PLACEMENT_3D('',#6715,#5403,#5404);
#4187=AXIS2_PLACEMENT_3D('',#6716,#5405,#5406);
#4188=AXIS2_PLACEMENT_3D('',#6725,#5415,#5416);
#4189=AXIS2_PLACEMENT_3D('',#6734,#5425,#5426);
#4190=AXIS2_PLACEMENT_3D('',#6735,#5427,#5428);
#4191=AXIS2_PLACEMENT_3D('',#6736,#5429,#5430);
#4192=AXIS2_PLACEMENT_3D('',#6737,#5431,#5432);
#4193=AXIS2_PLACEMENT_3D('',#6738,#5433,#5434);
#4194=AXIS2_PLACEMENT_3D('',#6739,#5435,#5436);
#4195=AXIS2_PLACEMENT_3D('',#6740,#5437,#5438);
#4196=AXIS2_PLACEMENT_3D('',#6741,#5439,#5440);
#4197=AXIS2_PLACEMENT_3D('',#6742,#5441,#5442);
#4198=AXIS2_PLACEMENT_3D('',#6743,#5443,#5444);
#4199=AXIS2_PLACEMENT_3D('',#6750,#5451,#5452);
#4200=AXIS2_PLACEMENT_3D('',#6752,#5454,#5455);
#4201=AXIS2_PLACEMENT_3D('',#6754,#5457,#5458);
#4202=AXIS2_PLACEMENT_3D('',#6756,#5460,#5461);
#4203=AXIS2_PLACEMENT_3D('',#6758,#5463,#5464);
#4204=AXIS2_PLACEMENT_3D('',#6760,#5466,#5467);
#4205=AXIS2_PLACEMENT_3D('',#6762,#5469,#5470);
#4206=DIRECTION('axis',(0.,0.,1.));
#4207=DIRECTION('refdir',(1.,0.,0.));
#4208=DIRECTION('center_axis',(2.59957892625857E-5,9.65980171310965E-5,
-0.999999994996521));
#4209=DIRECTION('ref_axis',(0.999999999662109,0.,2.59957893838713E-5));
#4210=DIRECTION('',(0.,0.,-1.));
#4211=DIRECTION('center_axis',(0.,0.,1.));
#4212=DIRECTION('ref_axis',(0.259867497850404,0.965644284175581,0.));
#4213=DIRECTION('center_axis',(-2.02676683964274E-18,3.27307736947153E-18,
-1.));
#4214=DIRECTION('ref_axis',(0.259867497850413,0.965644284175578,2.6370762458591E-18));
#4215=DIRECTION('center_axis',(2.59957892625857E-5,-9.65980171310965E-5,
0.999999994996521));
#4216=DIRECTION('ref_axis',(-0.999999999662109,0.,2.59957893838713E-5));
#4217=DIRECTION('center_axis',(-2.02676683964274E-18,3.27307736947153E-18,
-1.));
#4218=DIRECTION('ref_axis',(-0.259867497850381,0.965644284175587,3.68953847950364E-18));
#4219=DIRECTION('center_axis',(0.,0.,1.));
#4220=DIRECTION('ref_axis',(-0.259867497850404,0.965644284175581,0.));
#4221=DIRECTION('',(0.,0.,1.));
#4222=DIRECTION('center_axis',(4.72738125948837E-5,-8.17448358077724E-5,
0.999999995541484));
#4223=DIRECTION('ref_axis',(-0.999999998882593,0.,4.72738127528307E-5));
#4224=DIRECTION('center_axis',(-2.02676683964274E-18,3.27307736947153E-18,
-1.));
#4225=DIRECTION('ref_axis',(-0.50062262155063,0.865665634521652,3.85161125593171E-18));
#4226=DIRECTION('center_axis',(0.,0.,1.));
#4227=DIRECTION('ref_axis',(-0.500622621550645,0.865665634521643,0.));
#4228=DIRECTION('',(0.,0.,1.));
#4229=DIRECTION('center_axis',(2.09755094621842E-7,0.000102694438283222,
-0.999999994726904));
#4230=DIRECTION('ref_axis',(0.999999999999978,0.,2.09755095727896E-7));
#4231=DIRECTION('',(0.,0.,-1.));
#4232=DIRECTION('center_axis',(0.,0.,1.));
#4233=DIRECTION('ref_axis',(0.00204251233243999,0.99999791406951,0.));
#4234=DIRECTION('center_axis',(-2.02676683964274E-18,3.27307736947153E-18,
-1.));
#4235=DIRECTION('ref_axis',(0.00204251233245975,0.99999791406951,3.27169661082206E-18));
#4236=DIRECTION('center_axis',(6.46883071105525E-5,-6.44890877402994E-5,
0.99999999582829));
#4237=DIRECTION('ref_axis',(-0.999999997907711,0.,6.46883072450667E-5));
#4238=DIRECTION('center_axis',(-2.02676683964274E-18,3.27307736947153E-18,
-1.));
#4239=DIRECTION('ref_axis',(-0.708196458483356,0.706015422063592,3.74980906645441E-18));
#4240=DIRECTION('center_axis',(0.,0.,1.));
#4241=DIRECTION('ref_axis',(-0.708196458483356,0.706015422063592,0.));
#4242=DIRECTION('',(0.,0.,1.));
#4243=DIRECTION('center_axis',(-2.57752675549633E-5,9.72855304219813E-5,
-0.999999994935581));
#4244=DIRECTION('ref_axis',(0.999999999667818,0.,-2.5775267676938E-5));
#4245=DIRECTION('',(0.,0.,-1.));
#4246=DIRECTION('center_axis',(0.,0.,1.));
#4247=DIRECTION('ref_axis',(0.256108116134251,-0.966648143250772,0.));
#4248=DIRECTION('center_axis',(-2.02676683964274E-18,3.27307736947153E-18,
-1.));
#4249=DIRECTION('ref_axis',(0.256108116134227,-0.966648143250778,-3.68521353677204E-18));
#4250=DIRECTION('center_axis',(8.23693184185748E-5,-4.72619144623213E-5,
0.999999995490804));
#4251=DIRECTION('ref_axis',(-0.999999996607648,0.,8.23693185105685E-5));
#4252=DIRECTION('center_axis',(-2.02676683964274E-18,3.27307736947153E-18,
-1.));
#4253=DIRECTION('ref_axis',(-0.867362985887204,0.497676049969089,3.38320202034385E-18));
#4254=DIRECTION('center_axis',(0.,0.,1.));
#4255=DIRECTION('ref_axis',(-0.867362985887193,0.497676049969106,0.));
#4256=DIRECTION('',(0.,0.,1.));
#4257=DIRECTION('center_axis',(-4.72619144637043E-5,8.23693184206593E-5,
-0.999999995490804));
#4258=DIRECTION('ref_axis',(0.999999998883156,0.,-4.72619146240334E-5));
#4259=DIRECTION('',(0.,0.,-1.));
#4260=DIRECTION('center_axis',(0.,0.,1.));
#4261=DIRECTION('ref_axis',(0.497676014133947,-0.867363006448711,0.));
#4262=DIRECTION('center_axis',(-2.02676683964274E-18,3.27307736947153E-18,
-1.));
#4263=DIRECTION('ref_axis',(0.497676014133931,-0.86736300644872,-3.85119016954944E-18));
#4264=DIRECTION('center_axis',(9.7285530420021E-5,-2.57752675544778E-5,
0.999999994935581));
#4265=DIRECTION('ref_axis',(0.967383272875039,-0.253317179111135,-0.000100641713398531));
#4266=DIRECTION('center_axis',(-2.02676683964274E-18,3.27307736947153E-18,
-1.));
#4267=DIRECTION('ref_axis',(-0.966648141085417,0.256108124307115,2.79144999560193E-18));
#4268=DIRECTION('center_axis',(0.,0.,1.));
#4269=DIRECTION('ref_axis',(-0.966648141085408,0.256108124307146,0.));
#4270=DIRECTION('',(0.,0.,1.));
#4271=DIRECTION('center_axis',(-6.44890877391285E-5,6.4688307109741E-5,
-0.99999999582829));
#4272=DIRECTION('ref_axis',(0.999999997920579,0.,-6.44890878740582E-5));
#4273=DIRECTION('',(0.,0.,-1.));
#4274=DIRECTION('center_axis',(0.,0.,1.));
#4275=DIRECTION('ref_axis',(0.706015439551558,-0.708196441049248,0.));
#4276=DIRECTION('center_axis',(-2.02676683964274E-18,3.27307736947153E-18,
-1.));
#4277=DIRECTION('ref_axis',(0.706015439551558,-0.708196441049248,-3.75252833451365E-18));
#4278=DIRECTION('center_axis',(0.000102694438285148,2.09755095186587E-7,
0.999999994726904));
#4279=DIRECTION('ref_axis',(0.999983798401157,0.00569143120347593,-0.000102693968819264));
#4280=DIRECTION('center_axis',(-2.02676683964274E-18,3.27307736947153E-18,
-1.));
#4281=DIRECTION('ref_axis',(-0.999997914069245,-0.00204251246238989,2.0142286571645E-18));
#4282=DIRECTION('center_axis',(0.,0.,1.));
#4283=DIRECTION('ref_axis',(-0.999997914069245,-0.00204251246235806,0.));
#4284=DIRECTION('',(0.,0.,1.));
#4285=DIRECTION('center_axis',(-8.17448358076725E-5,4.72738125950696E-5,
-0.999999995541484));
#4286=DIRECTION('ref_axis',(0.999999996658891,0.,-8.17448358990147E-5));
#4287=DIRECTION('',(0.,0.,-1.));
#4288=DIRECTION('center_axis',(0.,0.,1.));
#4289=DIRECTION('ref_axis',(0.865665621348669,-0.500622644329062,0.));
#4290=DIRECTION('center_axis',(-2.02676683964274E-18,3.27307736947153E-18,
-1.));
#4291=DIRECTION('ref_axis',(0.86566562134868,-0.500622644329044,-3.38942664865394E-18));
#4292=DIRECTION('center_axis',(9.65980171297064E-5,2.59957892627404E-5,
0.999999994996521));
#4293=DIRECTION('ref_axis',(0.964437060082901,0.264312593593089,-0.000100033722633463));
#4294=DIRECTION('center_axis',(0.,0.,1.));
#4295=DIRECTION('ref_axis',(-0.965644284011688,-0.259867498459417,0.));
#4296=DIRECTION('',(0.,0.,1.));
#4297=DIRECTION('center_axis',(-2.02676683964274E-18,3.27307736947153E-18,
-1.));
#4298=DIRECTION('ref_axis',(-0.965644284011682,-0.259867498459439,1.10126456140832E-18));
#4299=DIRECTION('center_axis',(-9.65980171297064E-5,2.59957892627404E-5,
-0.999999994996521));
#4300=DIRECTION('ref_axis',(-0.964437060082901,0.264312593593088,0.000100033722633463));
#4301=DIRECTION('',(0.,0.,-1.));
#4302=DIRECTION('center_axis',(0.,0.,1.));
#4303=DIRECTION('ref_axis',(0.965644284011688,-0.259867498459417,0.));
#4304=DIRECTION('center_axis',(-2.02676683964274E-18,3.27307736947153E-18,
-1.));
#4305=DIRECTION('ref_axis',(0.965644284011696,-0.259867498459387,-2.80172163929793E-18));
#4306=DIRECTION('center_axis',(8.17448358076725E-5,4.72738125950696E-5,
0.999999995541484));
#4307=DIRECTION('ref_axis',(-0.999999996658891,0.,8.17448358990147E-5));
#4308=DIRECTION('center_axis',(0.,0.,1.));
#4309=DIRECTION('ref_axis',(-0.865665621348669,-0.500622644329062,0.));
#4310=DIRECTION('',(0.,0.,1.));
#4311=DIRECTION('center_axis',(-2.02676683964274E-18,3.27307736947153E-18,
-1.));
#4312=DIRECTION('ref_axis',(-0.865665621348665,-0.50062264432907,1.09478964142853E-19));
#4313=DIRECTION('center_axis',(-0.000102694438285148,2.09755095186587E-7,
-0.999999994726904));
#4314=DIRECTION('ref_axis',(-0.999983798401157,0.00569143120347593,0.000102693968819264));
#4315=DIRECTION('',(0.,0.,-1.));
#4316=DIRECTION('center_axis',(0.,0.,1.));
#4317=DIRECTION('ref_axis',(0.999997914069245,-0.00204251246235806,0.));
#4318=DIRECTION('center_axis',(-2.02676683964274E-18,3.27307736947153E-18,
-1.));
#4319=DIRECTION('ref_axis',(0.999997914069245,-0.00204251246232615,-2.02759924521661E-18));
#4320=DIRECTION('center_axis',(6.44890877391285E-5,6.4688307109741E-5,0.99999999582829));
#4321=DIRECTION('ref_axis',(-0.999999997920579,0.,6.44890878740582E-5));
#4322=DIRECTION('center_axis',(0.,0.,1.));
#4323=DIRECTION('ref_axis',(-0.706015439551558,-0.708196441049248,0.));
#4324=DIRECTION('',(0.,0.,1.));
#4325=DIRECTION('center_axis',(-2.02676683964274E-18,3.27307736947153E-18,
-1.));
#4326=DIRECTION('ref_axis',(-0.706015439551558,-0.708196441049248,-8.87396135086249E-19));
#4327=DIRECTION('center_axis',(-9.7285530420021E-5,-2.57752675544778E-5,
-0.999999994935581));
#4328=DIRECTION('ref_axis',(-0.96738327287504,-0.253317179111132,0.000100641713398531));
#4329=DIRECTION('center_axis',(-2.02676683964274E-18,3.27307736947153E-18,
-1.));
#4330=DIRECTION('ref_axis',(0.966648141085402,0.256108124307168,-1.11559290325757E-18));
#4331=DIRECTION('',(0.,0.,-1.));
#4332=DIRECTION('center_axis',(0.,0.,1.));
#4333=DIRECTION('ref_axis',(0.966648141085408,0.256108124307146,0.));
#4334=DIRECTION('center_axis',(4.72619144637043E-5,8.23693184206593E-5,
0.999999995490804));
#4335=DIRECTION('ref_axis',(-0.999999998883156,0.,4.72619146240334E-5));
#4336=DIRECTION('center_axis',(0.,0.,1.));
#4337=DIRECTION('ref_axis',(-0.497676014133947,-0.867363006448711,0.));
#4338=DIRECTION('',(0.,0.,1.));
#4339=DIRECTION('center_axis',(-2.02676683964274E-18,3.27307736947153E-18,
-1.));
#4340=DIRECTION('ref_axis',(-0.497676014133946,-0.867363006448712,-1.83154001519213E-18));
#4341=DIRECTION('center_axis',(-8.23693184185748E-5,-4.72619144623213E-5,
-0.999999995490804));
#4342=DIRECTION('ref_axis',(0.999999996607648,0.,-8.23693185105685E-5));
#4343=DIRECTION('center_axis',(-2.02676683964274E-18,3.27307736947153E-18,
-1.));
#4344=DIRECTION('ref_axis',(0.867362985887188,0.497676049969115,-1.22561799444442E-19));
#4345=DIRECTION('',(0.,0.,-1.));
#4346=DIRECTION('center_axis',(0.,0.,1.));
#4347=DIRECTION('ref_axis',(0.867362985887193,0.497676049969106,0.));
#4348=DIRECTION('center_axis',(2.57752675549633E-5,9.72855304219813E-5,
0.999999994935581));
#4349=DIRECTION('ref_axis',(-0.999999999667818,0.,2.5775267676938E-5));
#4350=DIRECTION('center_axis',(0.,0.,1.));
#4351=DIRECTION('ref_axis',(-0.256108116134251,-0.966648143250772,0.));
#4352=DIRECTION('',(0.,0.,1.));
#4353=DIRECTION('center_axis',(-2.02676683964274E-18,3.27307736947153E-18,
-1.));
#4354=DIRECTION('ref_axis',(-0.256108116134241,-0.966648143250775,-2.64797697861685E-18));
#4355=DIRECTION('center_axis',(-6.46883071105525E-5,-6.44890877402994E-5,
-0.99999999582829));
#4356=DIRECTION('ref_axis',(0.999999997907711,0.,-6.46883072450667E-5));
#4357=DIRECTION('center_axis',(-2.02676683964274E-18,3.27307736947153E-18,
-1.));
#4358=DIRECTION('ref_axis',(0.708196458483356,0.706015422063592,8.75825916760374E-19));
#4359=DIRECTION('',(0.,0.,-1.));
#4360=DIRECTION('center_axis',(0.,0.,1.));
#4361=DIRECTION('ref_axis',(0.708196458483356,0.706015422063592,0.));
#4362=DIRECTION('center_axis',(-2.09755094621842E-7,0.000102694438283222,
0.999999994726904));
#4363=DIRECTION('ref_axis',(-0.999999999999978,0.,-2.09755095727896E-7));
#4364=DIRECTION('center_axis',(0.,0.,1.));
#4365=DIRECTION('ref_axis',(-0.00204251233243999,0.99999791406951,0.));
#4366=DIRECTION('',(0.,0.,1.));
#4367=DIRECTION('center_axis',(-2.02676683964274E-18,3.27307736947153E-18,
-1.));
#4368=DIRECTION('ref_axis',(-0.00204251233245998,0.99999791406951,3.27997603739429E-18));
#4369=DIRECTION('center_axis',(-4.72738125948837E-5,-8.17448358077724E-5,
-0.999999995541484));
#4370=DIRECTION('ref_axis',(0.999999998882593,0.,-4.72738127528307E-5));
#4371=DIRECTION('center_axis',(-2.02676683964274E-18,3.27307736947153E-18,
-1.));
#4372=DIRECTION('ref_axis',(0.500622621550645,0.865665634521644,1.82000194811986E-18));
#4373=DIRECTION('',(0.,0.,-1.));
#4374=DIRECTION('center_axis',(0.,0.,1.));
#4375=DIRECTION('ref_axis',(0.500622621550645,0.865665634521643,0.));
#4376=DIRECTION('center_axis',(-2.59957892625857E-5,9.65980171310965E-5,
0.999999994996521));
#4377=DIRECTION('ref_axis',(-0.999999999662109,0.,-2.59957893838713E-5));
#4378=DIRECTION('center_axis',(0.,0.,1.));
#4379=DIRECTION('ref_axis',(-0.259867497850404,0.965644284175581,0.));
#4380=DIRECTION('',(0.,0.,1.));
#4381=DIRECTION('center_axis',(-2.02676683964274E-18,3.27307736947153E-18,
-1.));
#4382=DIRECTION('ref_axis',(-0.259867497850428,0.965644284175575,3.68953847950369E-18));
#4383=DIRECTION('center_axis',(-2.59957892625857E-5,-9.65980171310965E-5,
-0.999999994996521));
#4384=DIRECTION('ref_axis',(0.999999999662109,0.,-2.59957893838713E-5));
#4385=DIRECTION('center_axis',(-2.02676683964274E-18,3.27307736947153E-18,
-1.));
#4386=DIRECTION('ref_axis',(0.259867497850395,0.965644284175583,2.63707624585915E-18));
#4387=DIRECTION('',(0.,0.,-1.));
#4388=DIRECTION('center_axis',(0.,0.,1.));
#4389=DIRECTION('ref_axis',(0.259867497850404,0.965644284175581,0.));
#4390=DIRECTION('center_axis',(-4.72738125948837E-5,8.17448358077724E-5,
0.999999995541484));
#4391=DIRECTION('ref_axis',(-0.999999998882593,0.,-4.72738127528307E-5));
#4392=DIRECTION('center_axis',(0.,0.,1.));
#4393=DIRECTION('ref_axis',(-0.500622621550645,0.865665634521643,0.));
#4394=DIRECTION('',(0.,0.,1.));
#4395=DIRECTION('center_axis',(-2.02676683964274E-18,3.27307736947153E-18,
-1.));
#4396=DIRECTION('ref_axis',(-0.500622621550661,0.865665634521634,3.85161125593172E-18));
#4397=DIRECTION('center_axis',(-2.09755094621842E-7,-0.000102694438283222,
-0.999999994726904));
#4398=DIRECTION('ref_axis',(0.999999999999978,0.,-2.09755095727896E-7));
#4399=DIRECTION('center_axis',(-2.02676683964274E-18,3.27307736947153E-18,
-1.));
#4400=DIRECTION('ref_axis',(0.00204251233242045,0.99999791406951,3.27169661082214E-18));
#4401=DIRECTION('',(0.,0.,-1.));
#4402=DIRECTION('center_axis',(0.,0.,1.));
#4403=DIRECTION('ref_axis',(0.00204251233243999,0.99999791406951,0.));
#4404=DIRECTION('center_axis',(-6.46883071105525E-5,6.44890877402994E-5,
0.99999999582829));
#4405=DIRECTION('ref_axis',(-0.999999997907711,0.,-6.46883072450667E-5));
#4406=DIRECTION('center_axis',(0.,0.,1.));
#4407=DIRECTION('ref_axis',(-0.708196458483356,0.706015422063592,0.));
#4408=DIRECTION('',(0.,0.,1.));
#4409=DIRECTION('center_axis',(-2.02676683964274E-18,3.27307736947153E-18,
-1.));
#4410=DIRECTION('ref_axis',(-0.708196458483356,0.706015422063592,3.74980906645441E-18));
#4411=DIRECTION('center_axis',(2.57752675549633E-5,-9.72855304219813E-5,
-0.999999994935581));
#4412=DIRECTION('ref_axis',(0.999999999667818,0.,2.5775267676938E-5));
#4413=DIRECTION('center_axis',(-2.02676683964274E-18,3.27307736947153E-18,
-1.));
#4414=DIRECTION('ref_axis',(0.256108116134274,-0.966648143250766,-3.6852135367721E-18));
#4415=DIRECTION('',(0.,0.,-1.));
#4416=DIRECTION('center_axis',(0.,0.,1.));
#4417=DIRECTION('ref_axis',(0.256108116134251,-0.966648143250772,0.));
#4418=DIRECTION('center_axis',(-8.23693184185748E-5,4.72619144623213E-5,
0.999999995490804));
#4419=DIRECTION('ref_axis',(-0.999999996607648,0.,-8.23693185105685E-5));
#4420=DIRECTION('center_axis',(0.,0.,1.));
#4421=DIRECTION('ref_axis',(-0.867362985887193,0.497676049969106,0.));
#4422=DIRECTION('',(0.,0.,1.));
#4423=DIRECTION('center_axis',(-2.02676683964274E-18,3.27307736947153E-18,
-1.));
#4424=DIRECTION('ref_axis',(-0.867362985887183,0.497676049969124,3.38320202034393E-18));
#4425=DIRECTION('center_axis',(4.72619144637043E-5,-8.23693184206593E-5,
-0.999999995490804));
#4426=DIRECTION('ref_axis',(0.999999998883156,0.,4.72619146240334E-5));
#4427=DIRECTION('center_axis',(-2.02676683964274E-18,3.27307736947153E-18,
-1.));
#4428=DIRECTION('ref_axis',(0.497676014133963,-0.867363006448702,-3.85119016954944E-18));
#4429=DIRECTION('',(0.,0.,-1.));
#4430=DIRECTION('center_axis',(0.,0.,1.));
#4431=DIRECTION('ref_axis',(0.497676014133947,-0.867363006448711,0.));
#4432=DIRECTION('center_axis',(-9.7285530420021E-5,2.57752675544778E-5,
0.999999994935581));
#4433=DIRECTION('ref_axis',(-0.999999995267763,0.,-9.72855304523375E-5));
#4434=DIRECTION('center_axis',(0.,0.,1.));
#4435=DIRECTION('ref_axis',(-0.966648141085408,0.256108124307146,0.));
#4436=DIRECTION('',(0.,0.,1.));
#4437=DIRECTION('center_axis',(-2.02676683964274E-18,3.27307736947153E-18,
-1.));
#4438=DIRECTION('ref_axis',(-0.9666481410854,0.256108124307177,2.79144999560209E-18));
#4439=DIRECTION('center_axis',(6.44890877391285E-5,-6.4688307109741E-5,
-0.99999999582829));
#4440=DIRECTION('ref_axis',(0.999999997920579,0.,6.44890878740582E-5));
#4441=DIRECTION('center_axis',(-2.02676683964274E-18,3.27307736947153E-18,
-1.));
#4442=DIRECTION('ref_axis',(0.706015439551558,-0.708196441049248,-3.75252833451365E-18));
#4443=DIRECTION('',(0.,0.,-1.));
#4444=DIRECTION('center_axis',(0.,0.,1.));
#4445=DIRECTION('ref_axis',(0.706015439551558,-0.708196441049248,0.));
#4446=DIRECTION('center_axis',(-0.000102694438285148,-2.09755095186587E-7,
0.999999994726904));
#4447=DIRECTION('ref_axis',(-0.999999994726926,0.,-0.00010269443828515));
#4448=DIRECTION('center_axis',(0.,0.,1.));
#4449=DIRECTION('ref_axis',(-0.999997914069245,-0.00204251246235806,0.));
#4450=DIRECTION('',(0.,0.,1.));
#4451=DIRECTION('center_axis',(-2.02676683964274E-18,3.27307736947153E-18,
-1.));
#4452=DIRECTION('ref_axis',(-0.999997914069245,-0.00204251246232623,2.01422865716471E-18));
#4453=DIRECTION('center_axis',(8.17448358076725E-5,-4.72738125950696E-5,
-0.999999995541484));
#4454=DIRECTION('ref_axis',(0.999999996658891,0.,8.17448358990147E-5));
#4455=DIRECTION('center_axis',(-2.02676683964274E-18,3.27307736947153E-18,
-1.));
#4456=DIRECTION('ref_axis',(0.865665621348659,-0.500622644329079,-3.38942664865401E-18));
#4457=DIRECTION('',(0.,0.,-1.));
#4458=DIRECTION('center_axis',(0.,0.,1.));
#4459=DIRECTION('ref_axis',(0.865665621348669,-0.500622644329062,0.));
#4460=DIRECTION('center_axis',(-9.65980171297064E-5,-2.59957892627404E-5,
0.999999994996521));
#4461=DIRECTION('ref_axis',(-0.999999995334412,0.,-9.6598017162346E-5));
#4462=DIRECTION('center_axis',(0.,0.,1.));
#4463=DIRECTION('ref_axis',(-0.965644284011688,-0.259867498459417,0.));
#4464=DIRECTION('',(0.,0.,1.));
#4465=DIRECTION('center_axis',(-2.02676683964274E-18,3.27307736947153E-18,
-1.));
#4466=DIRECTION('ref_axis',(-0.965644284011693,-0.259867498459395,1.10126456140848E-18));
#4467=DIRECTION('center_axis',(9.65980171297064E-5,-2.59957892627404E-5,
-0.999999994996521));
#4468=DIRECTION('ref_axis',(0.999999995334412,0.,9.6598017162346E-5));
#4469=DIRECTION('center_axis',(-2.02676683964274E-18,3.27307736947153E-18,
-1.));
#4470=DIRECTION('ref_axis',(0.965644284011679,-0.259867498459448,-2.80172163929809E-18));
#4471=DIRECTION('',(0.,0.,-1.));
#4472=DIRECTION('center_axis',(0.,0.,1.));
#4473=DIRECTION('ref_axis',(0.965644284011688,-0.259867498459417,0.));
#4474=DIRECTION('center_axis',(-8.17448358076725E-5,-4.72738125950696E-5,
0.999999995541484));
#4475=DIRECTION('ref_axis',(-0.999999996658891,0.,-8.17448358990147E-5));
#4476=DIRECTION('center_axis',(-2.02676683964274E-18,3.27307736947153E-18,
-1.));
#4477=DIRECTION('ref_axis',(-0.865665621348674,-0.500622644329053,1.09478964142927E-19));
#4478=DIRECTION('center_axis',(0.,0.,1.));
#4479=DIRECTION('ref_axis',(-0.865665621348669,-0.500622644329062,0.));
#4480=DIRECTION('',(0.,0.,1.));
#4481=DIRECTION('center_axis',(0.000102694438285148,-2.09755095186587E-7,
-0.999999994726904));
#4482=DIRECTION('ref_axis',(0.999999994726926,0.,0.00010269443828515));
#4483=DIRECTION('',(0.,0.,-1.));
#4484=DIRECTION('center_axis',(0.,0.,1.));
#4485=DIRECTION('ref_axis',(0.999997914069245,-0.00204251246235806,0.));
#4486=DIRECTION('center_axis',(-2.02676683964274E-18,3.27307736947153E-18,
-1.));
#4487=DIRECTION('ref_axis',(0.999997914069245,-0.00204251246238998,-2.02759924521682E-18));
#4488=DIRECTION('center_axis',(-6.44890877391285E-5,-6.4688307109741E-5,
0.99999999582829));
#4489=DIRECTION('ref_axis',(-0.999999997920579,0.,-6.44890878740582E-5));
#4490=DIRECTION('center_axis',(-2.02676683964274E-18,3.27307736947153E-18,
-1.));
#4491=DIRECTION('ref_axis',(-0.706015439551558,-0.708196441049248,-8.87396135086249E-19));
#4492=DIRECTION('center_axis',(0.,0.,1.));
#4493=DIRECTION('ref_axis',(-0.706015439551558,-0.708196441049248,0.));
#4494=DIRECTION('',(0.,0.,1.));
#4495=DIRECTION('center_axis',(9.7285530420021E-5,2.57752675544778E-5,-0.999999994935581));
#4496=DIRECTION('ref_axis',(0.999999995267763,0.,9.72855304523375E-5));
#4497=DIRECTION('',(0.,0.,-1.));
#4498=DIRECTION('center_axis',(0.,0.,1.));
#4499=DIRECTION('ref_axis',(0.966648141085408,0.256108124307146,0.));
#4500=DIRECTION('center_axis',(-2.02676683964274E-18,3.27307736947153E-18,
-1.));
#4501=DIRECTION('ref_axis',(0.966648141085414,0.256108124307124,-1.11559290325774E-18));
#4502=DIRECTION('center_axis',(-4.72619144637043E-5,-8.23693184206593E-5,
0.999999995490804));
#4503=DIRECTION('ref_axis',(-0.999999998883156,0.,-4.72619146240334E-5));
#4504=DIRECTION('center_axis',(-2.02676683964274E-18,3.27307736947153E-18,
-1.));
#4505=DIRECTION('ref_axis',(-0.497676014133948,-0.867363006448711,-1.83154001519213E-18));
#4506=DIRECTION('center_axis',(0.,0.,1.));
#4507=DIRECTION('ref_axis',(-0.497676014133947,-0.867363006448711,0.));
#4508=DIRECTION('',(0.,0.,1.));
#4509=DIRECTION('center_axis',(8.23693184185748E-5,4.72619144623213E-5,
-0.999999995490804));
#4510=DIRECTION('ref_axis',(0.999999996607648,0.,8.23693185105685E-5));
#4511=DIRECTION('',(0.,0.,-1.));
#4512=DIRECTION('center_axis',(0.,0.,1.));
#4513=DIRECTION('ref_axis',(0.867362985887193,0.497676049969106,0.));
#4514=DIRECTION('center_axis',(-2.02676683964274E-18,3.27307736947153E-18,
-1.));
#4515=DIRECTION('ref_axis',(0.867362985887198,0.497676049969098,-1.22561799444517E-19));
#4516=DIRECTION('center_axis',(-2.57752675549633E-5,-9.72855304219813E-5,
0.999999994935581));
#4517=DIRECTION('ref_axis',(-0.999999999667818,0.,-2.5775267676938E-5));
#4518=DIRECTION('center_axis',(-2.02676683964274E-18,3.27307736947153E-18,
-1.));
#4519=DIRECTION('ref_axis',(-0.25610811613426,-0.96664814325077,-2.6479769786168E-18));
#4520=DIRECTION('center_axis',(0.,0.,1.));
#4521=DIRECTION('ref_axis',(-0.256108116134251,-0.966648143250772,0.));
#4522=DIRECTION('',(0.,0.,1.));
#4523=DIRECTION('center_axis',(6.46883071105525E-5,6.44890877402994E-5,
-0.99999999582829));
#4524=DIRECTION('ref_axis',(0.999999997907711,0.,6.46883072450667E-5));
#4525=DIRECTION('',(0.,0.,-1.));
#4526=DIRECTION('center_axis',(0.,0.,1.));
#4527=DIRECTION('ref_axis',(0.708196458483356,0.706015422063592,0.));
#4528=DIRECTION('center_axis',(-2.02676683964274E-18,3.27307736947153E-18,
-1.));
#4529=DIRECTION('ref_axis',(0.708196458483356,0.706015422063592,8.75825916760374E-19));
#4530=DIRECTION('center_axis',(2.09755094621842E-7,-0.000102694438283222,
0.999999994726904));
#4531=DIRECTION('ref_axis',(-0.999999999999978,0.,2.09755095727896E-7));
#4532=DIRECTION('center_axis',(-2.02676683964274E-18,3.27307736947153E-18,
-1.));
#4533=DIRECTION('ref_axis',(-0.00204251233242023,0.99999791406951,3.27997603739421E-18));
#4534=DIRECTION('center_axis',(0.,0.,1.));
#4535=DIRECTION('ref_axis',(-0.00204251233243999,0.99999791406951,0.));
#4536=DIRECTION('',(0.,0.,1.));
#4537=DIRECTION('center_axis',(4.72738125948837E-5,8.17448358077724E-5,
-0.999999995541484));
#4538=DIRECTION('ref_axis',(0.999999998882593,0.,4.72738127528307E-5));
#4539=DIRECTION('',(0.,0.,-1.));
#4540=DIRECTION('center_axis',(0.,0.,1.));
#4541=DIRECTION('ref_axis',(0.500622621550645,0.865665634521643,0.));
#4542=DIRECTION('center_axis',(-2.02676683964274E-18,3.27307736947153E-18,
-1.));
#4543=DIRECTION('ref_axis',(0.500622621550646,0.865665634521643,1.82000194811986E-18));
#4544=DIRECTION('center_axis',(3.03698783308674E-9,1.03413304754887E-8,
-1.));
#4545=DIRECTION('ref_axis',(1.,0.,3.03698783308674E-9));
#4546=DIRECTION('',(0.,0.,1.));
#4547=DIRECTION('center_axis',(-2.02676683964274E-18,3.27307736947153E-18,
-1.));
#4548=DIRECTION('ref_axis',(9.9402959008093E-27,-1.,-3.27307782471345E-18));
#4549=DIRECTION('',(0.,0.,-1.));
#4550=DIRECTION('center_axis',(0.,0.,-1.));
#4551=DIRECTION('ref_axis',(0.,-1.,0.));
#4552=DIRECTION('',(0.,0.,1.));
#4553=DIRECTION('center_axis',(-2.02676683964274E-18,3.27307736947153E-18,
-1.));
#4554=DIRECTION('ref_axis',(9.9402959008093E-27,-1.,-3.27307782471345E-18));
#4555=DIRECTION('',(0.,0.,-1.));
#4556=DIRECTION('center_axis',(0.,0.,-1.));
#4557=DIRECTION('ref_axis',(0.,-1.,0.));
#4558=DIRECTION('',(0.,0.,1.));
#4559=DIRECTION('center_axis',(-2.02676683964274E-18,3.27307736947153E-18,
-1.));
#4560=DIRECTION('ref_axis',(9.9402959008093E-27,-1.,-3.27307782471345E-18));
#4561=DIRECTION('',(0.,0.,-1.));
#4562=DIRECTION('center_axis',(0.,0.,-1.));
#4563=DIRECTION('ref_axis',(0.,-1.,0.));
#4564=DIRECTION('',(0.,0.,1.));
#4565=DIRECTION('center_axis',(-2.02676683964274E-18,3.27307736947153E-18,
-1.));
#4566=DIRECTION('ref_axis',(9.9402959008093E-27,-1.,-3.27307782471345E-18));
#4567=DIRECTION('',(0.,0.,-1.));
#4568=DIRECTION('center_axis',(0.,0.,-1.));
#4569=DIRECTION('ref_axis',(0.,-1.,0.));
#4570=DIRECTION('',(-3.03698783308674E-9,-1.03413304754887E-8,1.));
#4571=DIRECTION('center_axis',(0.,0.,1.));
#4572=DIRECTION('ref_axis',(0.,-1.,0.));
#4573=DIRECTION('center_axis',(0.,0.,-1.));
#4574=DIRECTION('ref_axis',(0.,-1.,0.));
#4575=DIRECTION('center_axis',(-1.73037738063524E-21,-1.92785461987194E-30,
1.));
#4576=DIRECTION('ref_axis',(1.,-1.22464679914735E-16,1.73037738063524E-21));
#4577=DIRECTION('center_axis',(-2.02676683964274E-18,3.27307736947153E-18,
-1.));
#4578=DIRECTION('ref_axis',(-1.,0.,-1.73037738063524E-21));
#4579=DIRECTION('center_axis',(0.,0.,1.));
#4580=DIRECTION('ref_axis',(-1.,0.,-1.73037738063524E-21));
#4581=DIRECTION('center_axis',(-1.44894952861568E-15,1.44866331174878E-15,
-1.));
#4582=DIRECTION('ref_axis',(1.,0.,-1.44894952861568E-15));
#4583=DIRECTION('center_axis',(2.02676683964274E-18,-3.27307736947153E-18,
1.));
#4584=DIRECTION('ref_axis',(1.,0.,-1.44894952861568E-15));
#4585=DIRECTION('center_axis',(0.,0.,-1.));
#4586=DIRECTION('ref_axis',(1.,0.,-1.44894952861568E-15));
#4587=DIRECTION('',(4.17093364858662E-15,-3.96440175501426E-16,1.));
#4588=DIRECTION('center_axis',(4.17093364858662E-15,-3.96440175501426E-16,
1.));
#4589=DIRECTION('ref_axis',(-1.,0.,4.17093364858662E-15));
#4590=DIRECTION('center_axis',(-2.02676683964274E-18,3.27307736947153E-18,
-1.));
#4591=DIRECTION('ref_axis',(-1.,0.,4.17093364858662E-15));
#4592=DIRECTION('center_axis',(0.,0.,1.));
#4593=DIRECTION('ref_axis',(-1.,0.,4.17093364858662E-15));
#4594=DIRECTION('',(-4.52492385405891E-15,-3.2469404290618E-15,1.));
#4595=DIRECTION('center_axis',(-1.45425795985441E-15,-1.45516677042197E-15,
-1.));
#4596=DIRECTION('ref_axis',(1.,0.,-1.45425795985441E-15));
#4597=DIRECTION('',(4.17093364858662E-15,3.96440175501426E-16,-1.));
#4598=DIRECTION('center_axis',(0.,0.,-1.));
#4599=DIRECTION('ref_axis',(1.,0.,-1.45425795985441E-15));
#4600=DIRECTION('center_axis',(2.02676683964274E-18,-3.27307736947153E-18,
1.));
#4601=DIRECTION('ref_axis',(1.,0.,-1.45425795985441E-15));
#4602=DIRECTION('center_axis',(4.17093364858662E-15,3.96440175501426E-16,
-1.));
#4603=DIRECTION('ref_axis',(1.,0.,4.17093364858662E-15));
#4604=DIRECTION('',(-4.52492440253238E-15,3.24694079001482E-15,-1.));
#4605=DIRECTION('center_axis',(0.,0.,1.));
#4606=DIRECTION('ref_axis',(1.,0.,4.17093364858662E-15));
#4607=DIRECTION('center_axis',(-2.02676683964274E-18,3.27307736947153E-18,
-1.));
#4608=DIRECTION('ref_axis',(1.,0.,4.17093364858662E-15));
#4609=DIRECTION('center_axis',(4.56567498960881E-16,1.20999649453094E-15,
1.));
#4610=DIRECTION('ref_axis',(-1.,0.,4.56567498960881E-16));
#4611=DIRECTION('center_axis',(0.,0.,1.));
#4612=DIRECTION('ref_axis',(-1.,0.,4.56567498960881E-16));
#4613=DIRECTION('center_axis',(-2.02676683964274E-18,3.27307736947153E-18,
-1.));
#4614=DIRECTION('ref_axis',(-1.,0.,4.56567498960881E-16));
#4615=DIRECTION('center_axis',(4.52492440253238E-15,-3.24694079001482E-15,
1.));
#4616=DIRECTION('ref_axis',(-1.,0.,4.52492440253238E-15));
#4617=DIRECTION('center_axis',(0.,0.,-1.));
#4618=DIRECTION('ref_axis',(-1.,0.,4.52492440253238E-15));
#4619=DIRECTION('center_axis',(2.02676683964274E-18,-3.27307736947153E-18,
1.));
#4620=DIRECTION('ref_axis',(-1.,0.,4.52492440253238E-15));
#4621=DIRECTION('center_axis',(-2.17049949408275E-15,-4.66006705910768E-15,
-1.));
#4622=DIRECTION('ref_axis',(1.,0.,-2.17049949408275E-15));
#4623=DIRECTION('',(8.61241695439265E-16,1.45191860399118E-15,-1.));
#4624=DIRECTION('center_axis',(0.,0.,-1.));
#4625=DIRECTION('ref_axis',(1.,0.,-2.17049949408275E-15));
#4626=DIRECTION('center_axis',(2.02676683964274E-18,-3.27307736947153E-18,
1.));
#4627=DIRECTION('ref_axis',(1.,0.,-2.17049949408275E-15));
#4628=DIRECTION('center_axis',(8.61241695439265E-16,1.45191860399118E-15,
-1.));
#4629=DIRECTION('ref_axis',(1.,0.,8.61241695439265E-16));
#4630=DIRECTION('',(4.28387604157813E-14,-1.5471281039797E-14,-1.));
#4631=DIRECTION('center_axis',(0.,0.,1.));
#4632=DIRECTION('ref_axis',(1.,0.,8.61241695439265E-16));
#4633=DIRECTION('center_axis',(-2.02676683964274E-18,3.27307736947153E-18,
-1.));
#4634=DIRECTION('ref_axis',(1.,0.,8.61241695439265E-16));
#4635=DIRECTION('center_axis',(-5.19637223311521E-16,1.80179253439186E-15,
1.));
#4636=DIRECTION('ref_axis',(-1.,0.,-5.19637223311521E-16));
#4637=DIRECTION('center_axis',(0.,0.,1.));
#4638=DIRECTION('ref_axis',(-1.,0.,-5.19637223311521E-16));
#4639=DIRECTION('center_axis',(-2.02676683964274E-18,3.27307736947153E-18,
-1.));
#4640=DIRECTION('ref_axis',(-1.,0.,-5.19637223311521E-16));
#4641=DIRECTION('center_axis',(-4.28387604157814E-14,1.5471281039797E-14,
1.));
#4642=DIRECTION('ref_axis',(-1.,0.,-4.28387604157814E-14));
#4643=DIRECTION('center_axis',(0.,0.,-1.));
#4644=DIRECTION('ref_axis',(-1.,0.,-4.28387604157814E-14));
#4645=DIRECTION('center_axis',(2.02676683964274E-18,-3.27307736947153E-18,
1.));
#4646=DIRECTION('ref_axis',(-1.,0.,-4.28387604157814E-14));
#4647=DIRECTION('center_axis',(-9.17195167691156E-15,-4.81816231688746E-14,
-1.));
#4648=DIRECTION('ref_axis',(1.,0.,-9.17195167691156E-15));
#4649=DIRECTION('',(0.,0.,-1.));
#4650=DIRECTION('center_axis',(0.,0.,-1.));
#4651=DIRECTION('ref_axis',(1.,0.,-9.17195167691156E-15));
#4652=DIRECTION('center_axis',(2.02676683964274E-18,-3.27307736947153E-18,
1.));
#4653=DIRECTION('ref_axis',(1.,0.,-9.17195167691156E-15));
#4654=DIRECTION('center_axis',(0.,0.,-1.));
#4655=DIRECTION('ref_axis',(1.,0.,0.));
#4656=DIRECTION('',(0.,0.,-1.));
#4657=DIRECTION('center_axis',(0.,0.,1.));
#4658=DIRECTION('ref_axis',(1.,0.,0.));
#4659=DIRECTION('center_axis',(-2.02676683964274E-18,3.27307736947153E-18,
-1.));
#4660=DIRECTION('ref_axis',(1.,0.,0.));
#4661=DIRECTION('center_axis',(0.,0.,1.));
#4662=DIRECTION('ref_axis',(-1.,0.,0.));
#4663=DIRECTION('center_axis',(0.,0.,1.));
#4664=DIRECTION('ref_axis',(-1.,0.,0.));
#4665=DIRECTION('center_axis',(-2.02676683964274E-18,3.27307736947153E-18,
-1.));
#4666=DIRECTION('ref_axis',(-1.,0.,0.));
#4667=DIRECTION('center_axis',(0.,0.,1.));
#4668=DIRECTION('ref_axis',(-1.,0.,0.));
#4669=DIRECTION('center_axis',(0.,0.,-1.));
#4670=DIRECTION('ref_axis',(-1.,0.,0.));
#4671=DIRECTION('center_axis',(2.02676683964274E-18,-3.27307736947153E-18,
1.));
#4672=DIRECTION('ref_axis',(-1.,0.,0.));
#4673=DIRECTION('center_axis',(-4.29898898420659E-16,5.09593453162536E-15,
-1.));
#4674=DIRECTION('ref_axis',(1.,0.,-4.29898898420659E-16));
#4675=DIRECTION('',(2.75108347780173E-17,3.67372875800722E-16,-1.));
#4676=DIRECTION('center_axis',(0.,0.,-1.));
#4677=DIRECTION('ref_axis',(1.,0.,-4.29898898420659E-16));
#4678=DIRECTION('center_axis',(2.02676683964274E-18,-3.27307736947153E-18,
1.));
#4679=DIRECTION('ref_axis',(1.,0.,-4.29898898420659E-16));
#4680=DIRECTION('center_axis',(2.75108347780173E-17,3.67372875800722E-16,
-1.));
#4681=DIRECTION('ref_axis',(1.,0.,2.75108347780173E-17));
#4682=DIRECTION('',(1.14694486999901E-14,2.07957552594888E-15,-1.));
#4683=DIRECTION('center_axis',(0.,0.,1.));
#4684=DIRECTION('ref_axis',(1.,0.,2.75108347780173E-17));
#4685=DIRECTION('center_axis',(-2.02676683964274E-18,3.27307736947153E-18,
-1.));
#4686=DIRECTION('ref_axis',(1.,0.,2.75108347780173E-17));
#4687=DIRECTION('center_axis',(8.26158688891935E-16,1.26396308434115E-15,
1.));
#4688=DIRECTION('ref_axis',(-1.,0.,8.26158688891934E-16));
#4689=DIRECTION('center_axis',(0.,0.,1.));
#4690=DIRECTION('ref_axis',(-1.,0.,8.26158688891934E-16));
#4691=DIRECTION('center_axis',(-2.02676683964274E-18,3.27307736947153E-18,
-1.));
#4692=DIRECTION('ref_axis',(-1.,0.,8.26158688891934E-16));
#4693=DIRECTION('center_axis',(-1.14694486999901E-14,-2.07957552594888E-15,
1.));
#4694=DIRECTION('ref_axis',(-1.,0.,-1.14694486999901E-14));
#4695=DIRECTION('center_axis',(0.,0.,-1.));
#4696=DIRECTION('ref_axis',(-1.,0.,-1.14694486999901E-14));
#4697=DIRECTION('center_axis',(2.02676683964274E-18,-3.27307736947153E-18,
1.));
#4698=DIRECTION('ref_axis',(-1.,0.,-1.14694486999901E-14));
#4699=DIRECTION('center_axis',(2.92101920360793E-14,-8.08700264801082E-14,
-1.));
#4700=DIRECTION('ref_axis',(1.,0.,2.92101920360793E-14));
#4701=DIRECTION('',(-2.6324190359072E-15,8.36983240565824E-16,-1.));
#4702=DIRECTION('center_axis',(0.,0.,-1.));
#4703=DIRECTION('ref_axis',(1.,0.,2.92101920360793E-14));
#4704=DIRECTION('center_axis',(2.02676683964274E-18,-3.27307736947153E-18,
1.));
#4705=DIRECTION('ref_axis',(1.,0.,2.92101920360793E-14));
#4706=DIRECTION('center_axis',(-2.6324190359072E-15,8.36983240565824E-16,
-1.));
#4707=DIRECTION('ref_axis',(1.,0.,-2.6324190359072E-15));
#4708=DIRECTION('',(4.66343829767744E-15,2.17206891646826E-15,-1.));
#4709=DIRECTION('center_axis',(0.,0.,1.));
#4710=DIRECTION('ref_axis',(1.,0.,-2.6324190359072E-15));
#4711=DIRECTION('center_axis',(-2.02676683964274E-18,3.27307736947153E-18,
-1.));
#4712=DIRECTION('ref_axis',(1.,0.,-2.6324190359072E-15));
#4713=DIRECTION('center_axis',(1.20999828257771E-15,4.56574808115673E-16,
1.));
#4714=DIRECTION('ref_axis',(-1.,0.,1.20999828257771E-15));
#4715=DIRECTION('center_axis',(0.,0.,1.));
#4716=DIRECTION('ref_axis',(-1.,0.,1.20999828257771E-15));
#4717=DIRECTION('center_axis',(-2.02676683964274E-18,3.27307736947153E-18,
-1.));
#4718=DIRECTION('ref_axis',(-1.,0.,1.20999828257771E-15));
#4719=DIRECTION('center_axis',(-4.66343829767744E-15,-2.17206891646826E-15,
1.));
#4720=DIRECTION('ref_axis',(-1.,0.,-4.66343829767744E-15));
#4721=DIRECTION('center_axis',(0.,0.,-1.));
#4722=DIRECTION('ref_axis',(-1.,0.,-4.66343829767744E-15));
#4723=DIRECTION('center_axis',(2.02676683964274E-18,-3.27307736947153E-18,
1.));
#4724=DIRECTION('ref_axis',(-1.,0.,-4.66343829767744E-15));
#4725=DIRECTION('center_axis',(-3.24464735069447E-15,4.52173228412585E-15,
-1.));
#4726=DIRECTION('ref_axis',(1.,0.,-3.24464735069447E-15));
#4727=DIRECTION('',(3.96438715818293E-16,4.17092431780014E-15,-1.));
#4728=DIRECTION('center_axis',(0.,0.,-1.));
#4729=DIRECTION('ref_axis',(1.,0.,-3.24464735069447E-15));
#4730=DIRECTION('center_axis',(2.02676683964274E-18,-3.27307736947153E-18,
1.));
#4731=DIRECTION('ref_axis',(1.,0.,-3.24464735069447E-15));
#4732=DIRECTION('center_axis',(3.96438715818293E-16,4.17092431780014E-15,
-1.));
#4733=DIRECTION('ref_axis',(1.,0.,3.96438715818293E-16));
#4734=DIRECTION('',(4.9740073538434E-15,5.1086147959157E-15,-1.));
#4735=DIRECTION('center_axis',(0.,0.,1.));
#4736=DIRECTION('ref_axis',(1.,0.,3.96438715818293E-16));
#4737=DIRECTION('center_axis',(-2.02676683964274E-18,3.27307736947153E-18,
-1.));
#4738=DIRECTION('ref_axis',(1.,0.,3.96438715818293E-16));
#4739=DIRECTION('center_axis',(0.,0.,1.));
#4740=DIRECTION('ref_axis',(-1.,0.,0.));
#4741=DIRECTION('center_axis',(0.,0.,1.));
#4742=DIRECTION('ref_axis',(-1.,0.,0.));
#4743=DIRECTION('center_axis',(-2.02676683964274E-18,3.27307736947153E-18,
-1.));
#4744=DIRECTION('ref_axis',(-1.,0.,0.));
#4745=DIRECTION('center_axis',(-4.9740073538434E-15,-5.1086147959157E-15,
1.));
#4746=DIRECTION('ref_axis',(-1.,0.,-4.9740073538434E-15));
#4747=DIRECTION('center_axis',(0.,0.,-1.));
#4748=DIRECTION('ref_axis',(-1.,0.,-4.9740073538434E-15));
#4749=DIRECTION('center_axis',(2.02676683964274E-18,-3.27307736947153E-18,
1.));
#4750=DIRECTION('ref_axis',(-1.,0.,-4.9740073538434E-15));
#4751=DIRECTION('center_axis',(4.97400820103335E-15,-5.10861552060097E-15,
-1.));
#4752=DIRECTION('ref_axis',(1.,0.,4.97400820103335E-15));
#4753=DIRECTION('',(-3.96438756206688E-16,4.1709244502034E-15,-1.));
#4754=DIRECTION('center_axis',(0.,0.,-1.));
#4755=DIRECTION('ref_axis',(1.,0.,4.97400820103335E-15));
#4756=DIRECTION('center_axis',(2.02676683964274E-18,-3.27307736947153E-18,
1.));
#4757=DIRECTION('ref_axis',(1.,0.,4.97400820103335E-15));
#4758=DIRECTION('center_axis',(-3.96438756206688E-16,4.1709244502034E-15,
-1.));
#4759=DIRECTION('ref_axis',(1.,0.,-3.96438756206688E-16));
#4760=DIRECTION('',(-3.24464743038123E-15,-4.52173241679977E-15,-1.));
#4761=DIRECTION('center_axis',(0.,0.,1.));
#4762=DIRECTION('ref_axis',(1.,0.,-3.96438756206688E-16));
#4763=DIRECTION('center_axis',(-2.02676683964274E-18,3.27307736947153E-18,
-1.));
#4764=DIRECTION('ref_axis',(1.,0.,-3.96438756206688E-16));
#4765=DIRECTION('center_axis',(0.,0.,1.));
#4766=DIRECTION('ref_axis',(-1.,0.,0.));
#4767=DIRECTION('center_axis',(0.,0.,1.));
#4768=DIRECTION('ref_axis',(-1.,0.,0.));
#4769=DIRECTION('center_axis',(-2.02676683964274E-18,3.27307736947153E-18,
-1.));
#4770=DIRECTION('ref_axis',(-1.,0.,0.));
#4771=DIRECTION('center_axis',(3.24464743038123E-15,4.52173241679977E-15,
1.));
#4772=DIRECTION('ref_axis',(-1.,0.,3.24464743038123E-15));
#4773=DIRECTION('center_axis',(0.,0.,-1.));
#4774=DIRECTION('ref_axis',(-1.,0.,3.24464743038123E-15));
#4775=DIRECTION('center_axis',(2.02676683964274E-18,-3.27307736947153E-18,
1.));
#4776=DIRECTION('ref_axis',(-1.,0.,3.24464743038123E-15));
#4777=DIRECTION('center_axis',(4.66343832964112E-15,-2.17206892527215E-15,
-1.));
#4778=DIRECTION('ref_axis',(1.,0.,4.66343832964112E-15));
#4779=DIRECTION('',(-1.40296474832073E-15,-3.13409046966775E-16,-1.));
#4780=DIRECTION('center_axis',(0.,0.,-1.));
#4781=DIRECTION('ref_axis',(1.,0.,4.66343832964112E-15));
#4782=DIRECTION('center_axis',(2.02676683964274E-18,-3.27307736947153E-18,
1.));
#4783=DIRECTION('ref_axis',(1.,0.,4.66343832964112E-15));
#4784=DIRECTION('center_axis',(-1.40296474832073E-15,-3.13409046966775E-16,
-1.));
#4785=DIRECTION('ref_axis',(1.,0.,-1.40296474832073E-15));
#4786=DIRECTION('',(2.92101919428644E-14,8.08700262628357E-14,-1.));
#4787=DIRECTION('center_axis',(0.,0.,1.));
#4788=DIRECTION('ref_axis',(1.,0.,-1.40296474832073E-15));
#4789=DIRECTION('center_axis',(-2.02676683964274E-18,3.27307736947153E-18,
-1.));
#4790=DIRECTION('ref_axis',(1.,0.,-1.40296474832073E-15));
#4791=DIRECTION('center_axis',(-8.26156172686428E-16,1.26395752237988E-15,
1.));
#4792=DIRECTION('ref_axis',(-1.,0.,-8.26156172686428E-16));
#4793=DIRECTION('center_axis',(0.,0.,1.));
#4794=DIRECTION('ref_axis',(-1.,0.,-8.26156172686428E-16));
#4795=DIRECTION('center_axis',(-2.02676683964274E-18,3.27307736947153E-18,
-1.));
#4796=DIRECTION('ref_axis',(-1.,0.,-8.26156172686428E-16));
#4797=DIRECTION('center_axis',(-2.92101919428644E-14,-8.08700262628357E-14,
1.));
#4798=DIRECTION('ref_axis',(-1.,0.,-2.92101919428644E-14));
#4799=DIRECTION('center_axis',(0.,0.,-1.));
#4800=DIRECTION('ref_axis',(-1.,0.,-2.92101919428644E-14));
#4801=DIRECTION('center_axis',(2.02676683964274E-18,-3.27307736947153E-18,
1.));
#4802=DIRECTION('ref_axis',(-1.,0.,-2.92101919428644E-14));
#4803=DIRECTION('center_axis',(1.14694486053023E-14,-2.0795755402444E-15,
-1.));
#4804=DIRECTION('ref_axis',(1.,0.,1.14694486053023E-14));
#4805=DIRECTION('',(-2.75108347780244E-17,3.67372875800853E-16,-1.));
#4806=DIRECTION('center_axis',(0.,0.,-1.));
#4807=DIRECTION('ref_axis',(1.,0.,1.14694486053023E-14));
#4808=DIRECTION('center_axis',(2.02676683964274E-18,-3.27307736947153E-18,
1.));
#4809=DIRECTION('ref_axis',(1.,0.,1.14694486053023E-14));
#4810=DIRECTION('center_axis',(-2.75108347780244E-17,3.67372875800853E-16,
-1.));
#4811=DIRECTION('ref_axis',(1.,0.,-2.75108347780244E-17));
#4812=DIRECTION('',(-4.29898920505077E-16,-5.09593469395895E-15,-1.));
#4813=DIRECTION('center_axis',(0.,0.,1.));
#4814=DIRECTION('ref_axis',(1.,0.,-2.75108347780244E-17));
#4815=DIRECTION('center_axis',(-2.02676683964274E-18,3.27307736947153E-18,
-1.));
#4816=DIRECTION('ref_axis',(1.,0.,-2.75108347780244E-17));
#4817=DIRECTION('center_axis',(0.,0.,1.));
#4818=DIRECTION('ref_axis',(-1.,0.,0.));
#4819=DIRECTION('center_axis',(0.,0.,1.));
#4820=DIRECTION('ref_axis',(-1.,0.,0.));
#4821=DIRECTION('center_axis',(-2.02676683964274E-18,3.27307736947153E-18,
-1.));
#4822=DIRECTION('ref_axis',(-1.,0.,0.));
#4823=DIRECTION('center_axis',(4.29898920505077E-16,5.09593469395895E-15,
1.));
#4824=DIRECTION('ref_axis',(-1.,0.,4.29898920505077E-16));
#4825=DIRECTION('center_axis',(0.,0.,-1.));
#4826=DIRECTION('ref_axis',(-1.,0.,4.29898920505077E-16));
#4827=DIRECTION('center_axis',(2.02676683964274E-18,-3.27307736947153E-18,
1.));
#4828=DIRECTION('ref_axis',(-1.,0.,4.29898920505077E-16));
#4829=DIRECTION('center_axis',(0.,0.,-1.));
#4830=DIRECTION('ref_axis',(1.,0.,0.));
#4831=DIRECTION('center_axis',(2.02676683964274E-18,-3.27307736947153E-18,
1.));
#4832=DIRECTION('ref_axis',(1.,0.,0.));
#4833=DIRECTION('',(-8.70685831454808E-17,1.01889576561057E-16,-1.));
#4834=DIRECTION('center_axis',(0.,0.,-1.));
#4835=DIRECTION('ref_axis',(1.,0.,0.));
#4836=DIRECTION('center_axis',(-8.70685831454808E-17,1.01889576561057E-16,
-1.));
#4837=DIRECTION('ref_axis',(1.,0.,-8.70685831454808E-17));
#4838=DIRECTION('',(-9.17195158685236E-15,4.81816226609679E-14,-1.));
#4839=DIRECTION('center_axis',(0.,0.,1.));
#4840=DIRECTION('ref_axis',(1.,0.,-8.70685831454808E-17));
#4841=DIRECTION('center_axis',(-2.02676683964274E-18,3.27307736947153E-18,
-1.));
#4842=DIRECTION('ref_axis',(1.,0.,-8.70685831454808E-17));
#4843=DIRECTION('center_axis',(5.19637226894399E-16,1.8017917359545E-15,
1.));
#4844=DIRECTION('ref_axis',(-1.,0.,5.19637226894399E-16));
#4845=DIRECTION('center_axis',(0.,0.,1.));
#4846=DIRECTION('ref_axis',(-1.,0.,5.19637226894399E-16));
#4847=DIRECTION('center_axis',(-2.02676683964274E-18,3.27307736947153E-18,
-1.));
#4848=DIRECTION('ref_axis',(-1.,0.,5.19637226894399E-16));
#4849=DIRECTION('center_axis',(9.17195158685236E-15,-4.81816226609679E-14,
1.));
#4850=DIRECTION('ref_axis',(-1.,0.,9.17195158685236E-15));
#4851=DIRECTION('center_axis',(0.,0.,-1.));
#4852=DIRECTION('ref_axis',(-1.,0.,9.17195158685236E-15));
#4853=DIRECTION('center_axis',(2.02676683964274E-18,-3.27307736947153E-18,
1.));
#4854=DIRECTION('ref_axis',(-1.,0.,9.17195158685236E-15));
#4855=DIRECTION('center_axis',(4.2838760373804E-14,1.54712810440451E-14,
-1.));
#4856=DIRECTION('ref_axis',(1.,0.,4.2838760373804E-14));
#4857=DIRECTION('center_axis',(2.02676683964274E-18,-3.27307736947153E-18,
1.));
#4858=DIRECTION('ref_axis',(1.,0.,4.2838760373804E-14));
#4859=DIRECTION('',(7.05854065416996E-17,3.82743416900928E-16,-1.));
#4860=DIRECTION('center_axis',(0.,0.,-1.));
#4861=DIRECTION('ref_axis',(1.,0.,4.2838760373804E-14));
#4862=DIRECTION('center_axis',(7.05854065416996E-17,3.82743416900928E-16,
-1.));
#4863=DIRECTION('ref_axis',(1.,0.,7.05854065416996E-17));
#4864=DIRECTION('',(-2.17049955292387E-15,4.66006716972109E-15,-1.));
#4865=DIRECTION('center_axis',(0.,0.,1.));
#4866=DIRECTION('ref_axis',(1.,0.,7.05854065416996E-17));
#4867=DIRECTION('center_axis',(-2.02676683964274E-18,3.27307736947153E-18,
-1.));
#4868=DIRECTION('ref_axis',(1.,0.,7.05854065416996E-17));
#4869=DIRECTION('center_axis',(-1.26578634319121E-16,1.09196160363585E-15,
1.));
#4870=DIRECTION('ref_axis',(-1.,0.,-1.26578634319121E-16));
#4871=DIRECTION('center_axis',(0.,0.,1.));
#4872=DIRECTION('ref_axis',(-1.,0.,-1.26578634319121E-16));
#4873=DIRECTION('center_axis',(-2.02676683964274E-18,3.27307736947153E-18,
-1.));
#4874=DIRECTION('ref_axis',(-1.,0.,-1.26578634319121E-16));
#4875=DIRECTION('center_axis',(2.17049955292387E-15,-4.66006716972109E-15,
1.));
#4876=DIRECTION('ref_axis',(-1.,0.,2.17049955292387E-15));
#4877=DIRECTION('center_axis',(0.,0.,-1.));
#4878=DIRECTION('ref_axis',(-1.,0.,2.17049955292387E-15));
#4879=DIRECTION('center_axis',(2.02676683964274E-18,-3.27307736947153E-18,
1.));
#4880=DIRECTION('ref_axis',(-1.,0.,2.17049955292387E-15));
#4881=DIRECTION('center_axis',(-4.52492398454441E-15,-3.24694051354263E-15,
-1.));
#4882=DIRECTION('ref_axis',(1.,0.,-4.52492398454441E-15));
#4883=DIRECTION('center_axis',(2.02676683964274E-18,-3.27307736947153E-18,
1.));
#4884=DIRECTION('ref_axis',(1.,0.,-4.52492398454441E-15));
#4885=DIRECTION('',(-2.10166941449842E-15,-2.58336161223408E-17,-1.));
#4886=DIRECTION('center_axis',(0.,0.,-1.));
#4887=DIRECTION('ref_axis',(1.,0.,-4.52492398454441E-15));
#4888=DIRECTION('center_axis',(-2.10166941449842E-15,-2.58336161223408E-17,
-1.));
#4889=DIRECTION('ref_axis',(1.,0.,-2.10166941449842E-15));
#4890=DIRECTION('',(-1.45425862308037E-15,1.45516752754642E-15,-1.));
#4891=DIRECTION('center_axis',(0.,0.,1.));
#4892=DIRECTION('ref_axis',(1.,0.,-2.10166941449842E-15));
#4893=DIRECTION('center_axis',(-2.02676683964274E-18,3.27307736947153E-18,
-1.));
#4894=DIRECTION('ref_axis',(1.,0.,-2.10166941449842E-15));
#4895=DIRECTION('center_axis',(1.73037738063524E-21,1.92785461987194E-30,
1.));
#4896=DIRECTION('ref_axis',(-1.,0.,1.73037738063524E-21));
#4897=DIRECTION('center_axis',(0.,0.,1.));
#4898=DIRECTION('ref_axis',(-1.,0.,1.73037738063524E-21));
#4899=DIRECTION('center_axis',(-2.02676683964274E-18,3.27307736947153E-18,
-1.));
#4900=DIRECTION('ref_axis',(-1.,0.,1.73037738063524E-21));
#4901=DIRECTION('center_axis',(1.45425862308037E-15,-1.45516752754642E-15,
1.));
#4902=DIRECTION('ref_axis',(-1.,0.,1.45425862308037E-15));
#4903=DIRECTION('center_axis',(0.,0.,-1.));
#4904=DIRECTION('ref_axis',(-1.,0.,1.45425862308037E-15));
#4905=DIRECTION('center_axis',(2.02676683964274E-18,-3.27307736947153E-18,
1.));
#4906=DIRECTION('ref_axis',(-1.,0.,1.45425862308037E-15));
#4907=DIRECTION('center_axis',(1.45425772221981E-15,1.45516651177846E-15,
-1.));
#4908=DIRECTION('ref_axis',(1.,0.,1.45425772221981E-15));
#4909=DIRECTION('center_axis',(2.02676683964274E-18,-3.27307736947153E-18,
1.));
#4910=DIRECTION('ref_axis',(1.,0.,1.45425772221981E-15));
#4911=DIRECTION('',(-4.17093364858662E-15,-3.96440175501426E-16,-1.));
#4912=DIRECTION('center_axis',(0.,0.,-1.));
#4913=DIRECTION('ref_axis',(1.,0.,1.45425772221981E-15));
#4914=DIRECTION('center_axis',(-4.17093364858662E-15,-3.96440175501426E-16,
-1.));
#4915=DIRECTION('ref_axis',(1.,0.,-4.17093364858662E-15));
#4916=DIRECTION('center_axis',(-2.02676683964274E-18,3.27307736947153E-18,
-1.));
#4917=DIRECTION('ref_axis',(1.,0.,-4.17093364858662E-15));
#4918=DIRECTION('',(4.52492401755843E-15,-3.24694052794541E-15,-1.));
#4919=DIRECTION('center_axis',(0.,0.,1.));
#4920=DIRECTION('ref_axis',(1.,0.,-4.17093364858662E-15));
#4921=DIRECTION('center_axis',(-4.56567498960881E-16,-1.20999649453094E-15,
1.));
#4922=DIRECTION('ref_axis',(-1.,0.,-4.56567498960881E-16));
#4923=DIRECTION('center_axis',(-2.02676683964274E-18,3.27307736947153E-18,
-1.));
#4924=DIRECTION('ref_axis',(-1.,0.,-4.56567498960881E-16));
#4925=DIRECTION('center_axis',(0.,0.,1.));
#4926=DIRECTION('ref_axis',(-1.,0.,-4.56567498960881E-16));
#4927=DIRECTION('center_axis',(-4.52492401755843E-15,3.24694052794541E-15,
1.));
#4928=DIRECTION('ref_axis',(0.817514038077088,-0.575908671185713,5.56913011045427E-15));
#4929=DIRECTION('center_axis',(0.,0.,-1.));
#4930=DIRECTION('ref_axis',(-1.,0.,-4.52492401755843E-15));
#4931=DIRECTION('center_axis',(2.02676683964274E-18,-3.27307736947153E-18,
1.));
#4932=DIRECTION('ref_axis',(-1.,0.,-4.52492401755843E-15));
#4933=DIRECTION('center_axis',(2.17049948527883E-15,4.66006702714396E-15,
-1.));
#4934=DIRECTION('ref_axis',(1.,0.,2.17049948527883E-15));
#4935=DIRECTION('center_axis',(2.02676683964274E-18,-3.27307736947153E-18,
1.));
#4936=DIRECTION('ref_axis',(1.,0.,2.17049948527883E-15));
#4937=DIRECTION('',(-8.61241695439265E-16,-1.45191860399118E-15,-1.));
#4938=DIRECTION('center_axis',(0.,0.,-1.));
#4939=DIRECTION('ref_axis',(1.,0.,2.17049948527883E-15));
#4940=DIRECTION('center_axis',(-8.61241695439265E-16,-1.45191860399118E-15,
-1.));
#4941=DIRECTION('ref_axis',(1.,0.,-8.61241695439265E-16));
#4942=DIRECTION('center_axis',(-2.02676683964274E-18,3.27307736947153E-18,
-1.));
#4943=DIRECTION('ref_axis',(1.,0.,-8.61241695439265E-16));
#4944=DIRECTION('',(-4.28387604242246E-14,1.54712810987402E-14,-1.));
#4945=DIRECTION('center_axis',(0.,0.,1.));
#4946=DIRECTION('ref_axis',(1.,0.,-8.61241695439265E-16));
#4947=DIRECTION('center_axis',(5.19637223311521E-16,-1.80179253439186E-15,
1.));
#4948=DIRECTION('ref_axis',(-1.,0.,5.19637223311521E-16));
#4949=DIRECTION('center_axis',(-2.02676683964274E-18,3.27307736947153E-18,
-1.));
#4950=DIRECTION('ref_axis',(-1.,0.,5.19637223311521E-16));
#4951=DIRECTION('center_axis',(0.,0.,1.));
#4952=DIRECTION('ref_axis',(-1.,0.,5.19637223311521E-16));
#4953=DIRECTION('center_axis',(4.28387604242246E-14,-1.54712810987402E-14,
1.));
#4954=DIRECTION('ref_axis',(0.938714487663355,-0.344695678317736,-4.55462487765339E-14));
#4955=DIRECTION('center_axis',(0.,0.,-1.));
#4956=DIRECTION('ref_axis',(-1.,0.,4.28387604242246E-14));
#4957=DIRECTION('center_axis',(2.02676683964274E-18,-3.27307736947153E-18,
1.));
#4958=DIRECTION('ref_axis',(-1.,0.,4.28387604242246E-14));
#4959=DIRECTION('center_axis',(9.17195166427537E-15,4.81816230110408E-14,
-1.));
#4960=DIRECTION('ref_axis',(1.,0.,9.17195166427537E-15));
#4961=DIRECTION('center_axis',(2.02676683964274E-18,-3.27307736947153E-18,
1.));
#4962=DIRECTION('ref_axis',(1.,0.,9.17195166427537E-15));
#4963=DIRECTION('',(0.,0.,-1.));
#4964=DIRECTION('center_axis',(0.,0.,-1.));
#4965=DIRECTION('ref_axis',(1.,0.,9.17195166427537E-15));
#4966=DIRECTION('center_axis',(0.,0.,-1.));
#4967=DIRECTION('ref_axis',(1.,0.,0.));
#4968=DIRECTION('center_axis',(-2.02676683964274E-18,3.27307736947153E-18,
-1.));
#4969=DIRECTION('ref_axis',(1.,0.,0.));
#4970=DIRECTION('',(0.,0.,-1.));
#4971=DIRECTION('center_axis',(0.,0.,1.));
#4972=DIRECTION('ref_axis',(1.,0.,0.));
#4973=DIRECTION('center_axis',(0.,0.,1.));
#4974=DIRECTION('ref_axis',(-1.,0.,0.));
#4975=DIRECTION('center_axis',(-2.02676683964274E-18,3.27307736947153E-18,
-1.));
#4976=DIRECTION('ref_axis',(-1.,0.,0.));
#4977=DIRECTION('center_axis',(0.,0.,1.));
#4978=DIRECTION('ref_axis',(-1.,0.,0.));
#4979=DIRECTION('center_axis',(0.,0.,1.));
#4980=DIRECTION('ref_axis',(0.995942393273371,-0.0899930512923598,0.));
#4981=DIRECTION('center_axis',(0.,0.,-1.));
#4982=DIRECTION('ref_axis',(-1.,0.,0.));
#4983=DIRECTION('center_axis',(2.02676683964274E-18,-3.27307736947153E-18,
1.));
#4984=DIRECTION('ref_axis',(-1.,0.,0.));
#4985=DIRECTION('center_axis',(4.29898885765625E-16,-5.09593438194659E-15,
-1.));
#4986=DIRECTION('ref_axis',(1.,0.,4.29898885765625E-16));
#4987=DIRECTION('center_axis',(2.02676683964274E-18,-3.27307736947153E-18,
1.));
#4988=DIRECTION('ref_axis',(1.,0.,4.29898885765625E-16));
#4989=DIRECTION('',(-2.75108347780173E-17,-3.67372875800722E-16,-1.));
#4990=DIRECTION('center_axis',(0.,0.,-1.));
#4991=DIRECTION('ref_axis',(1.,0.,4.29898885765625E-16));
#4992=DIRECTION('center_axis',(-2.75108347780173E-17,-3.67372875800722E-16,
-1.));
#4993=DIRECTION('ref_axis',(1.,0.,-2.75108347780173E-17));
#4994=DIRECTION('center_axis',(-2.02676683964274E-18,3.27307736947153E-18,
-1.));
#4995=DIRECTION('ref_axis',(1.,0.,-2.75108347780173E-17));
#4996=DIRECTION('',(-1.1469448932571E-14,-2.07957559829821E-15,-1.));
#4997=DIRECTION('center_axis',(0.,0.,1.));
#4998=DIRECTION('ref_axis',(1.,0.,-2.75108347780173E-17));
#4999=DIRECTION('center_axis',(-8.26158688891935E-16,-1.26396308434115E-15,
1.));
#5000=DIRECTION('ref_axis',(-1.,0.,-8.26158688891934E-16));
#5001=DIRECTION('center_axis',(-2.02676683964274E-18,3.27307736947153E-18,
-1.));
#5002=DIRECTION('ref_axis',(-1.,0.,-8.26158688891934E-16));
#5003=DIRECTION('center_axis',(0.,0.,1.));
#5004=DIRECTION('ref_axis',(-1.,0.,-8.26158688891934E-16));
#5005=DIRECTION('center_axis',(1.1469448932571E-14,2.07957559829821E-15,
1.));
#5006=DIRECTION('ref_axis',(0.985298510048022,0.170841581873817,-1.16561089291736E-14));
#5007=DIRECTION('center_axis',(2.02676683964274E-18,-3.27307736947153E-18,
1.));
#5008=DIRECTION('ref_axis',(-1.,0.,1.1469448932571E-14));
#5009=DIRECTION('center_axis',(0.,0.,-1.));
#5010=DIRECTION('ref_axis',(-1.,0.,1.1469448932571E-14));
#5011=DIRECTION('center_axis',(-2.92101921245003E-14,8.08700267378139E-14,
-1.));
#5012=DIRECTION('ref_axis',(1.,0.,-2.92101921245003E-14));
#5013=DIRECTION('center_axis',(2.02676683964274E-18,-3.27307736947153E-18,
1.));
#5014=DIRECTION('ref_axis',(1.,0.,-2.92101921245003E-14));
#5015=DIRECTION('',(2.6324190359072E-15,-8.36983240565824E-16,-1.));
#5016=DIRECTION('center_axis',(0.,0.,-1.));
#5017=DIRECTION('ref_axis',(1.,0.,-2.92101921245003E-14));
#5018=DIRECTION('center_axis',(2.6324190359072E-15,-8.36983240565824E-16,
-1.));
#5019=DIRECTION('ref_axis',(1.,0.,2.6324190359072E-15));
#5020=DIRECTION('center_axis',(-2.02676683964274E-18,3.27307736947153E-18,
-1.));
#5021=DIRECTION('ref_axis',(1.,0.,2.6324190359072E-15));
#5022=DIRECTION('',(-4.66343852233149E-15,-2.17206901326796E-15,-1.));
#5023=DIRECTION('center_axis',(0.,0.,1.));
#5024=DIRECTION('ref_axis',(1.,0.,2.6324190359072E-15));
#5025=DIRECTION('center_axis',(-1.20999828257771E-15,-4.56574808115673E-16,
1.));
#5026=DIRECTION('ref_axis',(-1.,0.,-1.20999828257771E-15));
#5027=DIRECTION('center_axis',(-2.02676683964274E-18,3.27307736947153E-18,
-1.));
#5028=DIRECTION('ref_axis',(-1.,0.,-1.20999828257771E-15));
#5029=DIRECTION('center_axis',(0.,0.,1.));
#5030=DIRECTION('ref_axis',(-1.,0.,-1.20999828257771E-15));
#5031=DIRECTION('center_axis',(4.66343852233149E-15,2.17206901326796E-15,
1.));
#5032=DIRECTION('ref_axis',(0.907508334558427,0.420034073269051,-5.14445232178109E-15));
#5033=DIRECTION('center_axis',(2.02676683964274E-18,-3.27307736947153E-18,
1.));
#5034=DIRECTION('ref_axis',(-1.,0.,4.66343852233149E-15));
#5035=DIRECTION('center_axis',(0.,0.,-1.));
#5036=DIRECTION('ref_axis',(-1.,0.,4.66343852233149E-15));
#5037=DIRECTION('center_axis',(3.24464751451894E-15,-4.52173255580432E-15,
-1.));
#5038=DIRECTION('ref_axis',(1.,0.,3.24464751451894E-15));
#5039=DIRECTION('center_axis',(2.02676683964274E-18,-3.27307736947153E-18,
1.));
#5040=DIRECTION('ref_axis',(1.,0.,3.24464751451894E-15));
#5041=DIRECTION('',(-3.96438715818293E-16,-4.17092431780014E-15,-1.));
#5042=DIRECTION('center_axis',(0.,0.,-1.));
#5043=DIRECTION('ref_axis',(1.,0.,3.24464751451894E-15));
#5044=DIRECTION('center_axis',(-3.96438715818293E-16,-4.17092431780014E-15,
-1.));
#5045=DIRECTION('ref_axis',(1.,0.,-3.96438715818293E-16));
#5046=DIRECTION('center_axis',(-2.02676683964274E-18,3.27307736947153E-18,
-1.));
#5047=DIRECTION('ref_axis',(1.,0.,-3.96438715818293E-16));
#5048=DIRECTION('',(-4.9740076884927E-15,-5.10861504814839E-15,-1.));
#5049=DIRECTION('center_axis',(0.,0.,1.));
#5050=DIRECTION('ref_axis',(1.,0.,-3.96438715818293E-16));
#5051=DIRECTION('center_axis',(0.,0.,1.));
#5052=DIRECTION('ref_axis',(-1.,0.,0.));
#5053=DIRECTION('center_axis',(-2.02676683964274E-18,3.27307736947153E-18,
-1.));
#5054=DIRECTION('ref_axis',(-1.,0.,0.));
#5055=DIRECTION('center_axis',(0.,0.,1.));
#5056=DIRECTION('ref_axis',(-1.,0.,0.));
#5057=DIRECTION('center_axis',(4.9740076884927E-15,5.10861504814839E-15,
1.));
#5058=DIRECTION('ref_axis',(0.767873034945197,0.640602062285201,-7.09199571486871E-15));
#5059=DIRECTION('center_axis',(2.02676683964274E-18,-3.27307736947153E-18,
1.));
#5060=DIRECTION('ref_axis',(-1.,0.,4.9740076884927E-15));
#5061=DIRECTION('center_axis',(0.,0.,-1.));
#5062=DIRECTION('ref_axis',(-1.,0.,4.9740076884927E-15));
#5063=DIRECTION('center_axis',(-4.97400845264332E-15,5.10861573721946E-15,
-1.));
#5064=DIRECTION('ref_axis',(-0.76787303494567,0.640602062284633,7.09199674305916E-15));
#5065=DIRECTION('center_axis',(2.02676683964274E-18,-3.27307736947153E-18,
1.));
#5066=DIRECTION('ref_axis',(1.,0.,-4.97400845264332E-15));
#5067=DIRECTION('',(3.96438756206688E-16,-4.1709244502034E-15,-1.));
#5068=DIRECTION('center_axis',(0.,0.,-1.));
#5069=DIRECTION('ref_axis',(1.,0.,-4.97400845264332E-15));
#5070=DIRECTION('center_axis',(3.96438756206688E-16,-4.1709244502034E-15,
-1.));
#5071=DIRECTION('ref_axis',(1.,0.,3.96438756206688E-16));
#5072=DIRECTION('center_axis',(-2.02676683964274E-18,3.27307736947153E-18,
-1.));
#5073=DIRECTION('ref_axis',(1.,0.,3.96438756206688E-16));
#5074=DIRECTION('',(3.24464729172294E-15,4.52173220379918E-15,-1.));
#5075=DIRECTION('center_axis',(0.,0.,1.));
#5076=DIRECTION('ref_axis',(1.,0.,3.96438756206688E-16));
#5077=DIRECTION('center_axis',(0.,0.,1.));
#5078=DIRECTION('ref_axis',(-1.,0.,0.));
#5079=DIRECTION('center_axis',(-2.02676683964274E-18,3.27307736947153E-18,
-1.));
#5080=DIRECTION('ref_axis',(-1.,0.,0.));
#5081=DIRECTION('center_axis',(0.,0.,1.));
#5082=DIRECTION('ref_axis',(-1.,0.,0.));
#5083=DIRECTION('center_axis',(-3.24464729172294E-15,-4.52173220379918E-15,
1.));
#5084=DIRECTION('ref_axis',(-1.,0.,-3.24464729172294E-15));
#5085=DIRECTION('center_axis',(2.02676683964274E-18,-3.27307736947153E-18,
1.));
#5086=DIRECTION('ref_axis',(-1.,0.,-3.24464729172294E-15));
#5087=DIRECTION('center_axis',(0.,0.,-1.));
#5088=DIRECTION('ref_axis',(-1.,0.,-3.24464729172294E-15));
#5089=DIRECTION('center_axis',(-4.66343837199109E-15,2.17206895221534E-15,
-1.));
#5090=DIRECTION('ref_axis',(-0.907508334558329,0.420034073269262,5.14445215970175E-15));
#5091=DIRECTION('',(1.40296474832073E-15,3.13409046966775E-16,-1.));
#5092=DIRECTION('center_axis',(0.,0.,-1.));
#5093=DIRECTION('ref_axis',(1.,0.,-4.66343837199109E-15));
#5094=DIRECTION('center_axis',(2.02676683964274E-18,-3.27307736947153E-18,
1.));
#5095=DIRECTION('ref_axis',(1.,0.,-4.66343837199109E-15));
#5096=DIRECTION('center_axis',(1.40296474832073E-15,3.13409046966775E-16,
-1.));
#5097=DIRECTION('ref_axis',(1.,0.,1.40296474832073E-15));
#5098=DIRECTION('center_axis',(-2.02676683964274E-18,3.27307736947153E-18,
-1.));
#5099=DIRECTION('ref_axis',(1.,0.,1.40296474832073E-15));
#5100=DIRECTION('',(-2.92101919918687E-14,-8.08700263512554E-14,-1.));
#5101=DIRECTION('center_axis',(0.,0.,1.));
#5102=DIRECTION('ref_axis',(1.,0.,1.40296474832073E-15));
#5103=DIRECTION('center_axis',(8.26156172686428E-16,-1.26395752237988E-15,
1.));
#5104=DIRECTION('ref_axis',(-1.,0.,8.26156172686428E-16));
#5105=DIRECTION('center_axis',(-2.02676683964274E-18,3.27307736947153E-18,
-1.));
#5106=DIRECTION('ref_axis',(-1.,0.,8.26156172686428E-16));
#5107=DIRECTION('center_axis',(0.,0.,1.));
#5108=DIRECTION('ref_axis',(-1.,0.,8.26156172686428E-16));
#5109=DIRECTION('center_axis',(2.92101919918687E-14,8.08700263512554E-14,
1.));
#5110=DIRECTION('ref_axis',(-1.,0.,2.92101919918687E-14));
#5111=DIRECTION('center_axis',(2.02676683964274E-18,-3.27307736947153E-18,
1.));
#5112=DIRECTION('ref_axis',(-1.,0.,2.92101919918687E-14));
#5113=DIRECTION('center_axis',(0.,0.,-1.));
#5114=DIRECTION('ref_axis',(-1.,0.,2.92101919918687E-14));
#5115=DIRECTION('center_axis',(-1.14694492829044E-14,2.07957566867353E-15,
-1.));
#5116=DIRECTION('ref_axis',(-0.985298510048029,0.170841581873773,1.16561092863796E-14));
#5117=DIRECTION('',(2.75108347780244E-17,-3.67372875800853E-16,-1.));
#5118=DIRECTION('center_axis',(0.,0.,-1.));
#5119=DIRECTION('ref_axis',(1.,0.,-1.14694492829044E-14));
#5120=DIRECTION('center_axis',(2.02676683964274E-18,-3.27307736947153E-18,
1.));
#5121=DIRECTION('ref_axis',(1.,0.,-1.14694492829044E-14));
#5122=DIRECTION('center_axis',(2.75108347780244E-17,-3.67372875800853E-16,
-1.));
#5123=DIRECTION('ref_axis',(1.,0.,2.75108347780244E-17));
#5124=DIRECTION('center_axis',(-2.02676683964274E-18,3.27307736947153E-18,
-1.));
#5125=DIRECTION('ref_axis',(1.,0.,2.75108347780244E-17));
#5126=DIRECTION('',(4.29898885765625E-16,5.09593438194659E-15,-1.));
#5127=DIRECTION('center_axis',(0.,0.,1.));
#5128=DIRECTION('ref_axis',(1.,0.,2.75108347780244E-17));
#5129=DIRECTION('center_axis',(0.,0.,1.));
#5130=DIRECTION('ref_axis',(-1.,0.,0.));
#5131=DIRECTION('center_axis',(-2.02676683964274E-18,3.27307736947153E-18,
-1.));
#5132=DIRECTION('ref_axis',(-1.,0.,0.));
#5133=DIRECTION('center_axis',(0.,0.,1.));
#5134=DIRECTION('ref_axis',(-1.,0.,0.));
#5135=DIRECTION('center_axis',(-4.29898885765625E-16,-5.09593438194659E-15,
1.));
#5136=DIRECTION('ref_axis',(-1.,0.,-4.29898885765625E-16));
#5137=DIRECTION('center_axis',(2.02676683964274E-18,-3.27307736947153E-18,
1.));
#5138=DIRECTION('ref_axis',(-1.,0.,-4.29898885765625E-16));
#5139=DIRECTION('center_axis',(0.,0.,-1.));
#5140=DIRECTION('ref_axis',(-1.,0.,-4.29898885765625E-16));
#5141=DIRECTION('center_axis',(0.,0.,-1.));
#5142=DIRECTION('ref_axis',(-0.995942393273374,-0.0899930512923282,0.));
#5143=DIRECTION('',(8.70685831454808E-17,-1.01889576561057E-16,-1.));
#5144=DIRECTION('center_axis',(0.,0.,-1.));
#5145=DIRECTION('ref_axis',(1.,0.,0.));
#5146=DIRECTION('center_axis',(2.02676683964274E-18,-3.27307736947153E-18,
1.));
#5147=DIRECTION('ref_axis',(1.,0.,0.));
#5148=DIRECTION('center_axis',(8.70685831454808E-17,-1.01889576561057E-16,
-1.));
#5149=DIRECTION('ref_axis',(1.,0.,8.70685831454808E-17));
#5150=DIRECTION('center_axis',(-2.02676683964274E-18,3.27307736947153E-18,
-1.));
#5151=DIRECTION('ref_axis',(1.,0.,8.70685831454808E-17));
#5152=DIRECTION('',(9.17195166608537E-15,-4.81816230486973E-14,-1.));
#5153=DIRECTION('center_axis',(0.,0.,1.));
#5154=DIRECTION('ref_axis',(1.,0.,8.70685831454808E-17));
#5155=DIRECTION('center_axis',(-5.19637226894399E-16,-1.8017917359545E-15,
1.));
#5156=DIRECTION('ref_axis',(-1.,0.,-5.19637226894399E-16));
#5157=DIRECTION('center_axis',(-2.02676683964274E-18,3.27307736947153E-18,
-1.));
#5158=DIRECTION('ref_axis',(-1.,0.,-5.19637226894399E-16));
#5159=DIRECTION('center_axis',(0.,0.,1.));
#5160=DIRECTION('ref_axis',(-1.,0.,-5.19637226894399E-16));
#5161=DIRECTION('center_axis',(-9.17195166608537E-15,4.81816230486973E-14,
1.));
#5162=DIRECTION('ref_axis',(-1.,0.,-9.17195166608537E-15));
#5163=DIRECTION('center_axis',(2.02676683964274E-18,-3.27307736947153E-18,
1.));
#5164=DIRECTION('ref_axis',(-1.,0.,-9.17195166608537E-15));
#5165=DIRECTION('center_axis',(0.,0.,-1.));
#5166=DIRECTION('ref_axis',(-1.,0.,-9.17195166608537E-15));
#5167=DIRECTION('center_axis',(-4.283876064256E-14,-1.54712811364448E-14,
-1.));
#5168=DIRECTION('ref_axis',(-0.938714487663183,-0.344695678318205,4.55462489944849E-14));
#5169=DIRECTION('',(-7.05854065416996E-17,-3.82743416900928E-16,-1.));
#5170=DIRECTION('center_axis',(0.,0.,-1.));
#5171=DIRECTION('ref_axis',(1.,0.,-4.283876064256E-14));
#5172=DIRECTION('center_axis',(2.02676683964274E-18,-3.27307736947153E-18,
1.));
#5173=DIRECTION('ref_axis',(1.,0.,-4.283876064256E-14));
#5174=DIRECTION('center_axis',(-7.05854065416996E-17,-3.82743416900928E-16,
-1.));
#5175=DIRECTION('ref_axis',(1.,0.,-7.05854065416996E-17));
#5176=DIRECTION('center_axis',(-2.02676683964274E-18,3.27307736947153E-18,
-1.));
#5177=DIRECTION('ref_axis',(1.,0.,-7.05854065416996E-17));
#5178=DIRECTION('',(2.1704994913396E-15,-4.66006707292141E-15,-1.));
#5179=DIRECTION('center_axis',(0.,0.,1.));
#5180=DIRECTION('ref_axis',(1.,0.,-7.05854065416996E-17));
#5181=DIRECTION('center_axis',(1.26578634319121E-16,-1.09196160363585E-15,
1.));
#5182=DIRECTION('ref_axis',(-1.,0.,1.26578634319121E-16));
#5183=DIRECTION('center_axis',(-2.02676683964274E-18,3.27307736947153E-18,
-1.));
#5184=DIRECTION('ref_axis',(-1.,0.,1.26578634319121E-16));
#5185=DIRECTION('center_axis',(0.,0.,1.));
#5186=DIRECTION('ref_axis',(-1.,0.,1.26578634319121E-16));
#5187=DIRECTION('center_axis',(-2.1704994913396E-15,4.66006707292141E-15,
1.));
#5188=DIRECTION('ref_axis',(-1.,0.,-2.1704994913396E-15));
#5189=DIRECTION('center_axis',(2.02676683964274E-18,-3.27307736947153E-18,
1.));
#5190=DIRECTION('ref_axis',(-1.,0.,-2.1704994913396E-15));
#5191=DIRECTION('center_axis',(0.,0.,-1.));
#5192=DIRECTION('ref_axis',(-1.,0.,-2.1704994913396E-15));
#5193=DIRECTION('center_axis',(4.52492385405891E-15,3.2469404290618E-15,
-1.));
#5194=DIRECTION('ref_axis',(-0.817514038077091,-0.575908671185709,-5.56912991984319E-15));
#5195=DIRECTION('center_axis',(0.,0.,-1.));
#5196=DIRECTION('ref_axis',(1.,0.,4.52492385405891E-15));
#5197=DIRECTION('center_axis',(2.02676683964274E-18,-3.27307736947153E-18,
1.));
#5198=DIRECTION('ref_axis',(1.,0.,4.52492385405891E-15));
#5199=DIRECTION('center_axis',(0.,0.,-1.));
#5200=DIRECTION('ref_axis',(0.00727256052336241,0.999973554582037,0.));
#5201=DIRECTION('center_axis',(2.02676683964274E-18,-3.27307736947153E-18,
1.));
#5202=DIRECTION('ref_axis',(0.00727256052336241,0.999973554582037,0.));
#5203=DIRECTION('',(0.,0.,-1.));
#5204=DIRECTION('center_axis',(0.,0.,-1.));
#5205=DIRECTION('ref_axis',(0.00727256052336241,0.999973554582037,0.));
#5206=DIRECTION('center_axis',(0.,0.,-1.));
#5207=DIRECTION('ref_axis',(0.162283696364454,-0.986744142062313,0.));
#5208=DIRECTION('center_axis',(0.,0.,-1.));
#5209=DIRECTION('ref_axis',(0.162283696364454,-0.986744142062313,0.));
#5210=DIRECTION('',(0.,0.,1.));
#5211=DIRECTION('center_axis',(2.02676683964274E-18,-3.27307736947153E-18,
1.));
#5212=DIRECTION('ref_axis',(0.162283696364454,-0.986744142062313,0.));
#5213=DIRECTION('center_axis',(0.,0.,-1.));
#5214=DIRECTION('ref_axis',(-0.986744139206815,-0.16228371372692,0.));
#5215=DIRECTION('center_axis',(0.,0.,-1.));
#5216=DIRECTION('ref_axis',(-0.986744139206815,-0.16228371372692,0.));
#5217=DIRECTION('',(0.,0.,1.));
#5218=DIRECTION('center_axis',(2.02676683964274E-18,-3.27307736947153E-18,
1.));
#5219=DIRECTION('ref_axis',(-0.986744139206815,-0.16228371372692,0.));
#5220=DIRECTION('center_axis',(0.,0.,-1.));
#5221=DIRECTION('ref_axis',(0.999973554654423,-0.00727255057033679,0.));
#5222=DIRECTION('center_axis',(2.02676683964274E-18,-3.27307736947153E-18,
1.));
#5223=DIRECTION('ref_axis',(0.999973554654423,-0.00727255057033679,0.));
#5224=DIRECTION('',(0.,0.,-1.));
#5225=DIRECTION('center_axis',(0.,0.,-1.));
#5226=DIRECTION('ref_axis',(0.999973554654423,-0.00727255057033679,0.));
#5227=DIRECTION('center_axis',(0.,0.,-1.));
#5228=DIRECTION('ref_axis',(-0.999973554582037,0.00727256052336246,0.));
#5229=DIRECTION('',(0.,0.,-1.));
#5230=DIRECTION('center_axis',(0.,0.,-1.));
#5231=DIRECTION('ref_axis',(-0.999973554582037,0.00727256052336246,0.));
#5232=DIRECTION('center_axis',(2.02676683964274E-18,-3.27307736947153E-18,
1.));
#5233=DIRECTION('ref_axis',(-0.999973554582037,0.00727256052336246,0.));
#5234=DIRECTION('center_axis',(0.,0.,-1.));
#5235=DIRECTION('ref_axis',(0.986744142062313,0.162283696364454,0.));
#5236=DIRECTION('center_axis',(0.,0.,-1.));
#5237=DIRECTION('ref_axis',(0.986744142062313,0.162283696364454,0.));
#5238=DIRECTION('',(0.,0.,1.));
#5239=DIRECTION('center_axis',(2.02676683964274E-18,-3.27307736947153E-18,
1.));
#5240=DIRECTION('ref_axis',(0.986744142062313,0.162283696364454,0.));
#5241=DIRECTION('center_axis',(0.,0.,-1.));
#5242=DIRECTION('ref_axis',(-0.00727255057033711,-0.999973554654423,0.));
#5243=DIRECTION('',(0.,0.,-1.));
#5244=DIRECTION('center_axis',(0.,0.,-1.));
#5245=DIRECTION('ref_axis',(-0.00727255057033711,-0.999973554654423,0.));
#5246=DIRECTION('center_axis',(2.02676683964274E-18,-3.27307736947153E-18,
1.));
#5247=DIRECTION('ref_axis',(-0.00727255057033711,-0.999973554654423,0.));
#5248=DIRECTION('center_axis',(0.,0.,-1.));
#5249=DIRECTION('ref_axis',(-0.16228371372692,0.986744139206815,0.));
#5250=DIRECTION('center_axis',(2.02676683964274E-18,-3.27307736947153E-18,
1.));
#5251=DIRECTION('ref_axis',(-0.16228371372692,0.986744139206815,0.));
#5252=DIRECTION('center_axis',(0.,0.,-1.));
#5253=DIRECTION('ref_axis',(-0.16228371372692,0.986744139206815,0.));
#5254=DIRECTION('',(0.,0.,1.));
#5255=DIRECTION('center_axis',(-3.94131552946567E-15,-4.60517866046276E-15,
-1.));
#5256=DIRECTION('ref_axis',(1.,0.,-3.94131552946567E-15));
#5257=DIRECTION('',(0.,0.,-1.));
#5258=DIRECTION('center_axis',(0.,0.,-1.));
#5259=DIRECTION('ref_axis',(1.,0.,-3.94131552946567E-15));
#5260=DIRECTION('',(0.,0.,1.));
#5261=DIRECTION('center_axis',(2.02676683964274E-18,-3.27307736947153E-18,
1.));
#5262=DIRECTION('ref_axis',(1.,0.,-3.94131552946567E-15));
#5263=DIRECTION('center_axis',(0.,0.,1.));
#5264=DIRECTION('ref_axis',(-0.162283713726919,0.986744139206816,0.));
#5265=DIRECTION('',(0.,0.,-1.));
#5266=DIRECTION('center_axis',(0.,0.,-1.));
#5267=DIRECTION('ref_axis',(-0.162283713726919,0.986744139206816,0.));
#5268=DIRECTION('center_axis',(2.02676683964274E-18,-3.27307736947153E-18,
1.));
#5269=DIRECTION('ref_axis',(-0.162283713726919,0.986744139206816,0.));
#5270=DIRECTION('center_axis',(0.,0.,1.));
#5271=DIRECTION('ref_axis',(-0.00727255057033702,-0.999973554654423,0.));
#5272=DIRECTION('',(-3.81314545709178E-16,-3.92766502034011E-16,-1.));
#5273=DIRECTION('center_axis',(0.,0.,-1.));
#5274=DIRECTION('ref_axis',(-0.00727255057033702,-0.999973554654423,0.));
#5275=DIRECTION('',(0.,0.,1.));
#5276=DIRECTION('center_axis',(2.02676683964274E-18,-3.27307736947153E-18,
1.));
#5277=DIRECTION('ref_axis',(-0.00727255057033702,-0.999973554654423,0.));
#5278=DIRECTION('center_axis',(3.6012667432413E-15,4.22948040069168E-15,
-1.));
#5279=DIRECTION('ref_axis',(1.,0.,3.6012667432413E-15));
#5280=DIRECTION('center_axis',(2.02676683964274E-18,-3.27307736947153E-18,
1.));
#5281=DIRECTION('ref_axis',(1.,0.,3.6012667432413E-15));
#5282=DIRECTION('',(0.,0.,-1.));
#5283=DIRECTION('center_axis',(0.,0.,-1.));
#5284=DIRECTION('ref_axis',(1.,0.,3.6012667432413E-15));
#5285=DIRECTION('',(0.,0.,1.));
#5286=DIRECTION('center_axis',(0.,0.,1.));
#5287=DIRECTION('ref_axis',(0.162283696364454,-0.986744142062313,0.));
#5288=DIRECTION('',(0.,0.,-1.));
#5289=DIRECTION('center_axis',(0.,0.,-1.));
#5290=DIRECTION('ref_axis',(0.162283696364454,-0.986744142062313,0.));
#5291=DIRECTION('center_axis',(2.02676683964274E-18,-3.27307736947153E-18,
1.));
#5292=DIRECTION('ref_axis',(0.162283696364454,-0.986744142062313,0.));
#5293=DIRECTION('center_axis',(0.,0.,1.));
#5294=DIRECTION('ref_axis',(0.00727256052336226,0.999973554582037,0.));
#5295=DIRECTION('center_axis',(2.02676683964274E-18,-3.27307736947153E-18,
1.));
#5296=DIRECTION('ref_axis',(0.00727256052336226,0.999973554582037,0.));
#5297=DIRECTION('',(-1.46191698402661E-14,1.24931944341408E-14,-1.));
#5298=DIRECTION('center_axis',(0.,0.,-1.));
#5299=DIRECTION('ref_axis',(0.00727256052336226,0.999973554582037,0.));
#5300=DIRECTION('',(0.,0.,1.));
#5301=DIRECTION('center_axis',(1.46191698402661E-14,-1.24931944341408E-14,
1.));
#5302=DIRECTION('ref_axis',(-1.,0.,1.46191698402661E-14));
#5303=DIRECTION('',(-1.46191698402661E-14,1.24931944341408E-14,-1.));
#5304=DIRECTION('center_axis',(0.,0.,-1.));
#5305=DIRECTION('ref_axis',(-1.,0.,1.46191698402661E-14));
#5306=DIRECTION('center_axis',(2.02676683964274E-18,-3.27307736947153E-18,
1.));
#5307=DIRECTION('ref_axis',(-1.,0.,1.46191698402661E-14));
#5308=DIRECTION('center_axis',(0.,0.,1.));
#5309=DIRECTION('ref_axis',(-0.986744139206815,-0.162283713726919,0.));
#5310=DIRECTION('',(0.,0.,-1.));
#5311=DIRECTION('center_axis',(0.,0.,-1.));
#5312=DIRECTION('ref_axis',(-0.986744139206815,-0.162283713726919,0.));
#5313=DIRECTION('center_axis',(2.02676683964274E-18,-3.27307736947153E-18,
1.));
#5314=DIRECTION('ref_axis',(-0.986744139206815,-0.162283713726919,0.));
#5315=DIRECTION('center_axis',(0.,0.,1.));
#5316=DIRECTION('ref_axis',(0.999973554654423,-0.0072725505703364,0.));
#5317=DIRECTION('center_axis',(0.,0.,-1.));
#5318=DIRECTION('ref_axis',(0.999973554654423,-0.0072725505703364,0.));
#5319=DIRECTION('',(0.,0.,1.));
#5320=DIRECTION('center_axis',(2.02676683964274E-18,-3.27307736947153E-18,
1.));
#5321=DIRECTION('ref_axis',(0.999973554654423,-0.0072725505703364,0.));
#5322=DIRECTION('center_axis',(0.,0.,1.));
#5323=DIRECTION('ref_axis',(-0.999973554582037,0.007272560523363,0.));
#5324=DIRECTION('center_axis',(2.02676683964274E-18,-3.27307736947153E-18,
1.));
#5325=DIRECTION('ref_axis',(-0.999973554582037,0.007272560523363,0.));
#5326=DIRECTION('center_axis',(0.,0.,-1.));
#5327=DIRECTION('ref_axis',(-0.999973554582037,0.007272560523363,0.));
#5328=DIRECTION('',(0.,0.,1.));
#5329=DIRECTION('center_axis',(3.81314545709178E-16,3.92766502034011E-16,
1.));
#5330=DIRECTION('ref_axis',(-1.,0.,3.81314545709178E-16));
#5331=DIRECTION('center_axis',(2.02676683964274E-18,-3.27307736947153E-18,
1.));
#5332=DIRECTION('ref_axis',(-1.,0.,3.81314545709178E-16));
#5333=DIRECTION('',(0.,0.,-1.));
#5334=DIRECTION('center_axis',(0.,0.,-1.));
#5335=DIRECTION('ref_axis',(-1.,0.,3.81314545709178E-16));
#5336=DIRECTION('center_axis',(0.,0.,1.));
#5337=DIRECTION('ref_axis',(0.986744142062313,0.162283696364454,0.));
#5338=DIRECTION('center_axis',(2.02676683964274E-18,-3.27307736947153E-18,
1.));
#5339=DIRECTION('ref_axis',(0.986744142062313,0.162283696364454,0.));
#5340=DIRECTION('',(0.,0.,-1.));
#5341=DIRECTION('center_axis',(0.,0.,-1.));
#5342=DIRECTION('ref_axis',(0.986744142062313,0.162283696364454,0.));
#5343=DIRECTION('center_axis',(5.26846352327806E-20,4.5714237617111E-21,
-1.));
#5344=DIRECTION('ref_axis',(1.,0.,5.26846352327806E-20));
#5345=DIRECTION('center_axis',(0.,0.,-1.));
#5346=DIRECTION('ref_axis',(1.,0.,5.26846352327806E-20));
#5347=DIRECTION('',(-5.26846352327806E-20,-4.5714237617111E-21,1.));
#5348=DIRECTION('center_axis',(0.,0.,1.));
#5349=DIRECTION('ref_axis',(1.,0.,5.26846352327806E-20));
#5350=DIRECTION('center_axis',(-4.65391980797241E-8,2.08625233482079E-7,
-0.999999999999977));
#5351=DIRECTION('ref_axis',(0.999999999999999,0.,-4.65391980797251E-8));
#5352=DIRECTION('center_axis',(0.,0.,-1.));
#5353=DIRECTION('ref_axis',(1.08808401071687E-30,-1.,0.));
#5354=DIRECTION('',(-4.65391980797241E-8,2.08625233482079E-7,-0.999999999999977));
#5355=DIRECTION('center_axis',(2.02676683964274E-18,-3.27307736947153E-18,
1.));
#5356=DIRECTION('ref_axis',(-1.52326321080308E-25,-1.,-3.27308866093706E-18));
#5357=DIRECTION('center_axis',(0.,0.,1.));
#5358=DIRECTION('ref_axis',(1.,0.,0.));
#5359=DIRECTION('center_axis',(0.,0.,-1.));
#5360=DIRECTION('ref_axis',(1.,0.,0.));
#5361=DIRECTION('',(0.,0.,-1.));
#5362=DIRECTION('center_axis',(0.,0.,1.));
#5363=DIRECTION('ref_axis',(1.,0.,0.));
#5364=DIRECTION('',(0.,0.,1.));
#5365=DIRECTION('center_axis',(0.,0.,1.));
#5366=DIRECTION('ref_axis',(-0.499999991856298,-0.866025408486207,0.));
#5367=DIRECTION('center_axis',(0.,0.,-1.));
#5368=DIRECTION('ref_axis',(-0.499999991856298,-0.866025408486207,0.));
#5369=DIRECTION('',(0.,0.,-1.));
#5370=DIRECTION('center_axis',(0.,0.,1.));
#5371=DIRECTION('ref_axis',(-0.499999991856298,-0.866025408486207,0.));
#5372=DIRECTION('',(0.,0.,1.));
#5373=DIRECTION('center_axis',(0.,0.,1.));
#5374=DIRECTION('ref_axis',(-0.499999991856298,-0.866025408486207,0.));
#5375=DIRECTION('center_axis',(0.,0.,-1.));
#5376=DIRECTION('ref_axis',(-0.499999991856298,-0.866025408486207,0.));
#5377=DIRECTION('',(0.,0.,-1.));
#5378=DIRECTION('center_axis',(0.,0.,1.));
#5379=DIRECTION('ref_axis',(-0.499999991856298,-0.866025408486207,0.));
#5380=DIRECTION('',(0.,0.,1.));
#5381=DIRECTION('center_axis',(0.,0.,1.));
#5382=DIRECTION('ref_axis',(-0.499999991856298,0.866025408486207,0.));
#5383=DIRECTION('',(0.,0.,-1.));
#5384=DIRECTION('center_axis',(0.,0.,1.));
#5385=DIRECTION('ref_axis',(-0.499999991856298,0.866025408486207,0.));
#5386=DIRECTION('',(0.,0.,1.));
#5387=DIRECTION('center_axis',(0.,0.,-1.));
#5388=DIRECTION('ref_axis',(-0.499999991856298,0.866025408486207,0.));
#5389=DIRECTION('center_axis',(0.,0.,1.));
#5390=DIRECTION('ref_axis',(-0.499999991856298,0.866025408486207,0.));
#5391=DIRECTION('',(0.,0.,-1.));
#5392=DIRECTION('center_axis',(0.,0.,1.));
#5393=DIRECTION('ref_axis',(-0.499999991856298,0.866025408486207,0.));
#5394=DIRECTION('',(0.,0.,1.));
#5395=DIRECTION('center_axis',(0.,0.,-1.));
#5396=DIRECTION('ref_axis',(-0.499999991856298,0.866025408486207,0.));
#5397=DIRECTION('center_axis',(0.,0.,1.));
#5398=DIRECTION('ref_axis',(1.,0.,0.));
#5399=DIRECTION('',(0.,0.,-1.));
#5400=DIRECTION('center_axis',(0.,0.,1.));
#5401=DIRECTION('ref_axis',(1.,0.,0.));
#5402=DIRECTION('',(0.,0.,1.));
#5403=DIRECTION('center_axis',(0.,0.,-1.));
#5404=DIRECTION('ref_axis',(1.,0.,0.));
#5405=DIRECTION('center_axis',(2.02676683964274E-18,-3.27307736947153E-18,
1.));
#5406=DIRECTION('ref_axis',(1.,0.,-2.02676683964274E-18));
#5407=DIRECTION('',(-0.999973554654423,0.00727255057033681,2.05051686178336E-18));
#5408=DIRECTION('',(0.162283696364454,-0.986744142062313,-3.55860113524888E-18));
#5409=DIRECTION('',(-0.0072725505703368,-0.999973554654423,-3.25825104747381E-18));
#5410=DIRECTION('',(0.986744139206816,0.162283713726919,-1.46873314972281E-18));
#5411=DIRECTION('',(-0.986744142062313,-0.162283696364454,1.46873321233893E-18));
#5412=DIRECTION('',(0.00727256052336263,0.999973554582037,3.25825102706442E-18));
#5413=DIRECTION('',(-0.162283713726919,0.986744139206816,3.55860116109229E-18));
#5414=DIRECTION('',(0.999973554582037,-0.00727256052336263,-2.05051689421368E-18));
#5415=DIRECTION('center_axis',(0.,0.,1.));
#5416=DIRECTION('ref_axis',(1.,0.,0.));
#5417=DIRECTION('',(-0.162283696364454,0.986744142062313,0.));
#5418=DIRECTION('',(-0.00727256052336263,-0.999973554582037,0.));
#5419=DIRECTION('',(0.986744142062313,0.162283696364454,0.));
#5420=DIRECTION('',(-0.999973554582037,0.00727256052336263,0.));
#5421=DIRECTION('',(0.162283713726919,-0.986744139206816,0.));
#5422=DIRECTION('',(0.0072725505703368,0.999973554654423,0.));
#5423=DIRECTION('',(-0.986744139206816,-0.162283713726919,0.));
#5424=DIRECTION('',(0.999973554654423,-0.00727255057033681,0.));
#5425=DIRECTION('center_axis',(-0.162283696364454,0.986744142062313,0.));
#5426=DIRECTION('ref_axis',(0.,0.,1.));
#5427=DIRECTION('center_axis',(-0.986744139206815,-0.162283713726919,0.));
#5428=DIRECTION('ref_axis',(0.,0.,1.));
#5429=DIRECTION('center_axis',(-0.986744142062313,-0.162283696364454,0.));
#5430=DIRECTION('ref_axis',(0.,0.,1.));
#5431=DIRECTION('center_axis',(-0.162283713726919,0.986744139206815,0.));
#5432=DIRECTION('ref_axis',(0.,0.,1.));
#5433=DIRECTION('center_axis',(0.00727255057033681,0.999973554654423,0.));
#5434=DIRECTION('ref_axis',(0.,0.,1.));
#5435=DIRECTION('center_axis',(0.00727256052336263,0.999973554582037,0.));
#5436=DIRECTION('ref_axis',(0.,0.,1.));
#5437=DIRECTION('center_axis',(-0.999973554654423,0.0072725505703368,0.));
#5438=DIRECTION('ref_axis',(0.,0.,1.));
#5439=DIRECTION('center_axis',(-0.999973554582037,0.00727256052336263,0.));
#5440=DIRECTION('ref_axis',(0.,0.,1.));
#5441=DIRECTION('center_axis',(0.,0.,1.));
#5442=DIRECTION('ref_axis',(1.,0.,0.));
#5443=DIRECTION('center_axis',(0.,0.,1.));
#5444=DIRECTION('ref_axis',(1.,0.,0.));
#5445=DIRECTION('',(0.,-1.,0.));
#5446=DIRECTION('',(-0.866025408486207,-0.499999991856298,0.));
#5447=DIRECTION('',(-0.866025401023934,0.500000004781334,0.));
#5448=DIRECTION('',(0.,1.,0.));
#5449=DIRECTION('',(0.866025401023934,0.500000004781334,0.));
#5450=DIRECTION('',(0.866025408486207,-0.499999991856298,0.));
#5451=DIRECTION('center_axis',(-0.500000004781334,0.866025401023934,0.));
#5452=DIRECTION('ref_axis',(0.,0.,1.));
#5453=DIRECTION('',(0.866025401023934,0.500000004781334,0.));
#5454=DIRECTION('center_axis',(0.500000004781334,0.866025401023934,0.));
#5455=DIRECTION('ref_axis',(0.,0.,-1.));
#5456=DIRECTION('',(-0.866025401023934,0.500000004781334,0.));
#5457=DIRECTION('center_axis',(1.,0.,0.));
#5458=DIRECTION('ref_axis',(0.,0.,-1.));
#5459=DIRECTION('',(0.,-1.,0.));
#5460=DIRECTION('center_axis',(0.499999991856298,0.866025408486207,0.));
#5461=DIRECTION('ref_axis',(0.,0.,1.));
#5462=DIRECTION('',(0.866025408486207,-0.499999991856298,0.));
#5463=DIRECTION('center_axis',(-0.499999991856298,0.866025408486207,0.));
#5464=DIRECTION('ref_axis',(0.,0.,1.));
#5465=DIRECTION('',(-0.866025408486207,-0.499999991856298,0.));
#5466=DIRECTION('center_axis',(0.,0.,1.));
#5467=DIRECTION('ref_axis',(1.,0.,0.));
#5468=DIRECTION('',(0.,-1.,0.));
#5469=DIRECTION('center_axis',(1.,0.,0.));
#5470=DIRECTION('ref_axis',(0.,0.,-1.));
#5471=CARTESIAN_POINT('',(0.,0.,0.));
#5472=CARTESIAN_POINT('Origin',(-30.1451761832833,139.27171530138,40.0000009047664));
#5473=CARTESIAN_POINT('',(-30.3584108157151,145.894666657132,40.));
#5474=CARTESIAN_POINT('',(-30.3584108428526,145.894668320549,36.));
#5475=CARTESIAN_POINT('',(-30.3584108157151,145.894666657132,40.));
#5476=CARTESIAN_POINT('',(-26.5710773162135,144.882509256047,40.));
#5477=CARTESIAN_POINT('Origin',(-30.1451761832598,139.271715301468,40.));
#5478=CARTESIAN_POINT('',(-26.5710888528156,144.882969233009,36.));
#5479=CARTESIAN_POINT('Ctrl Pts',(-26.5710888528156,144.88296923301,36.));
#5480=CARTESIAN_POINT('Ctrl Pts',(-26.5710850110239,144.882816114217,37.331531227328));
#5481=CARTESIAN_POINT('Ctrl Pts',(-26.5710811550948,144.882662374099,38.6684687726719));
#5482=CARTESIAN_POINT('Ctrl Pts',(-26.5710773162135,144.882509256047,40.));
#5483=CARTESIAN_POINT('Origin',(-30.1450722001022,139.272101693538,36.));
#5484=CARTESIAN_POINT('Origin',(-30.1451761832833,149.271312785605,35.9999990952336));
#5485=CARTESIAN_POINT('',(-26.5710773162135,143.660518830937,36.));
#5486=CARTESIAN_POINT('',(-30.3584108157151,142.648361429853,36.));
#5487=CARTESIAN_POINT('Origin',(-30.1451761832598,149.271312785517,36.));
#5488=CARTESIAN_POINT('',(-26.5710888528156,143.660058853975,40.));
#5489=CARTESIAN_POINT('Ctrl Pts',(-26.5710888528156,143.660058853975,40.));
#5490=CARTESIAN_POINT('Ctrl Pts',(-26.5710850110239,143.660211972768,38.668468772672));
#5491=CARTESIAN_POINT('Ctrl Pts',(-26.5710811550948,143.660365712886,37.3315312273281));
#5492=CARTESIAN_POINT('Ctrl Pts',(-26.5710773162135,143.660518830937,36.));
#5493=CARTESIAN_POINT('',(-30.3584108428526,142.648359766436,40.));
#5494=CARTESIAN_POINT('Origin',(-30.1450722001022,149.270926393447,40.));
#5495=CARTESIAN_POINT('',(-30.3584108157151,142.648361429853,36.));
#5496=CARTESIAN_POINT('Origin',(-32.1477151064214,154.482605822471,35.9999992023874));
#5497=CARTESIAN_POINT('',(-27.243237874959,149.988070998177,36.));
#5498=CARTESIAN_POINT('',(-30.6395540041917,148.030166968984,36.));
#5499=CARTESIAN_POINT('Origin',(-32.1477151063837,154.482605822406,36.));
#5500=CARTESIAN_POINT('',(-27.2431360261657,149.987648816559,40.));
#5501=CARTESIAN_POINT('Ctrl Pts',(-27.2431360261657,149.987648816559,40.));
#5502=CARTESIAN_POINT('Ctrl Pts',(-27.2431699287112,149.987789354217,38.668468772672));
#5503=CARTESIAN_POINT('Ctrl Pts',(-27.2432039700801,149.987930461831,37.3315312273281));
#5504=CARTESIAN_POINT('Ctrl Pts',(-27.243237874959,149.988070998177,36.));
#5505=CARTESIAN_POINT('',(-30.6395536002201,148.030165356576,40.));
#5506=CARTESIAN_POINT('Origin',(-32.1475260111324,154.482278843061,40.));
#5507=CARTESIAN_POINT('',(-30.6395540041917,148.030166968984,36.));
#5508=CARTESIAN_POINT('Origin',(-29.5596453589599,144.823748921792,40.0000009600373));
#5509=CARTESIAN_POINT('',(-31.479760150432,151.165856942815,40.));
#5510=CARTESIAN_POINT('',(-31.4797606073765,151.165858543261,36.));
#5511=CARTESIAN_POINT('',(-31.479760150432,151.165856942815,40.));
#5512=CARTESIAN_POINT('',(-27.5595108281801,151.168422374118,40.));
#5513=CARTESIAN_POINT('Origin',(-29.5596453589597,144.82374892189,40.));
#5514=CARTESIAN_POINT('',(-27.5596445252579,151.168875562306,36.));
#5515=CARTESIAN_POINT('Ctrl Pts',(-27.5596445252579,151.168875562306,36.));
#5516=CARTESIAN_POINT('Ctrl Pts',(-27.5596000182168,151.168724703773,37.331531227328));
#5517=CARTESIAN_POINT('Ctrl Pts',(-27.559555332056,151.168573232697,38.6684687726719));
#5518=CARTESIAN_POINT('Ctrl Pts',(-27.5595108281801,151.168422374118,40.));
#5519=CARTESIAN_POINT('Origin',(-29.5596445199393,144.824159699646,36.));
#5520=CARTESIAN_POINT('Origin',(-35.4308092742672,158.998055261035,35.9999992552654));
#5521=CARTESIAN_POINT('',(-29.530185133687,155.926048848962,36.));
#5522=CARTESIAN_POINT('',(-32.3040323061937,153.155826673192,36.0000000000003));
#5523=CARTESIAN_POINT('Origin',(-35.4308092742191,158.998055260987,36.));
#5524=CARTESIAN_POINT('',(-29.5299842243401,155.925679790248,40.));
#5525=CARTESIAN_POINT('Ctrl Pts',(-29.5299842243401,155.925679790248,40.));
#5526=CARTESIAN_POINT('Ctrl Pts',(-29.5300511027101,155.925802644422,38.668468772672));
#5527=CARTESIAN_POINT('Ctrl Pts',(-29.5301182535224,155.925925996535,37.3315312273281));
#5528=CARTESIAN_POINT('Ctrl Pts',(-29.530185133687,155.926048848962,36.));
#5529=CARTESIAN_POINT('',(-32.3040314990036,153.155825220891,40.));
#5530=CARTESIAN_POINT('Origin',(-35.4305505209895,158.997797304635,40.));
#5531=CARTESIAN_POINT('',(-32.3040323061937,153.155826673192,36.));
#5532=CARTESIAN_POINT('Origin',(-30.4310435220775,150.338180944515,40.0000009139866));
#5533=CARTESIAN_POINT('',(-33.9271859927171,155.967208966893,39.9999999999996));
#5534=CARTESIAN_POINT('',(-33.9271868479891,155.967210393988,36.));
#5535=CARTESIAN_POINT('',(-33.9271859927171,155.967208966893,40.));
#5536=CARTESIAN_POINT('',(-30.1411801012652,156.98432173713,40.));
#5537=CARTESIAN_POINT('Origin',(-30.431043522101,150.338180944604,40.));
#5538=CARTESIAN_POINT('',(-30.141421670365,156.984716916926,36.));
#5539=CARTESIAN_POINT('Ctrl Pts',(-30.141421670365,156.984716916926,36.));
#5540=CARTESIAN_POINT('Ctrl Pts',(-30.1413412547032,156.984585368784,37.331531227328));
#5541=CARTESIAN_POINT('Ctrl Pts',(-30.1412605140034,156.984453286107,38.6684687726719));
#5542=CARTESIAN_POINT('Ctrl Pts',(-30.1411801012652,156.98432173713,40.));
#5543=CARTESIAN_POINT('Origin',(-30.4311466231718,150.338570086728,36.));
#5544=CARTESIAN_POINT('Origin',(-39.7707415606602,162.509933561463,35.9999991941532));
#5545=CARTESIAN_POINT('',(-33.2760684433036,161.06978782092,36.));
#5546=CARTESIAN_POINT('',(-35.238413791179,157.676035031957,36.));
#5547=CARTESIAN_POINT('Origin',(-39.7707415605938,162.509933561425,36.));
#5548=CARTESIAN_POINT('',(-33.2757672679742,161.069471144967,40.));
#5549=CARTESIAN_POINT('Ctrl Pts',(-33.2757672679743,161.069471144967,40.));
#5550=CARTESIAN_POINT('Ctrl Pts',(-33.2758675233677,161.069576562109,38.668468772672));
#5551=CARTESIAN_POINT('Ctrl Pts',(-33.2759681865191,161.069682406101,37.3315312273281));
#5552=CARTESIAN_POINT('Ctrl Pts',(-33.2760684433036,161.06978782092,36.));
#5553=CARTESIAN_POINT('',(-35.2384126352722,157.676033837704,40.));
#5554=CARTESIAN_POINT('Origin',(-39.7704120833187,162.509744513767,40.));
#5555=CARTESIAN_POINT('',(-35.238413791179,157.676035031957,36.));
#5556=CARTESIAN_POINT('Origin',(-32.6999988508448,155.439190851648,40.0000008058468));
#5557=CARTESIAN_POINT('',(-37.5338973803514,159.971518621129,40.));
#5558=CARTESIAN_POINT('',(-37.5338985746045,159.971519777036,36.));
#5559=CARTESIAN_POINT('',(-37.5338973803514,159.971518621129,40.));
#5560=CARTESIAN_POINT('',(-34.1401445913883,161.933863969005,40.));
#5561=CARTESIAN_POINT('Origin',(-32.6999988508829,155.439190851714,40.));
#5562=CARTESIAN_POINT('',(-34.140461267341,161.934165144334,36.));
#5563=CARTESIAN_POINT('Ctrl Pts',(-34.1404612673411,161.934165144334,36.));
#5564=CARTESIAN_POINT('Ctrl Pts',(-34.1403558501996,161.93406488894,37.331531227328));
#5565=CARTESIAN_POINT('Ctrl Pts',(-34.1402500062069,161.933964225789,38.6684687726719));
#5566=CARTESIAN_POINT('Ctrl Pts',(-34.1401445913883,161.933863969005,40.));
#5567=CARTESIAN_POINT('Origin',(-32.7001878985416,155.439520328989,36.));
#5568=CARTESIAN_POINT('Origin',(-44.8717514677927,164.778888890231,35.9999990860134));
#5569=CARTESIAN_POINT('',(-38.2256106751777,165.068752311043,36.));
#5570=CARTESIAN_POINT('',(-39.2427234454149,161.282746419591,36.0000000000001));
#5571=CARTESIAN_POINT('Origin',(-44.8717514677038,164.778888890207,36.));
#5572=CARTESIAN_POINT('',(-38.2252154953826,165.068510741943,40.));
#5573=CARTESIAN_POINT('Ctrl Pts',(-38.2252154953826,165.068510741943,40.));
#5574=CARTESIAN_POINT('Ctrl Pts',(-38.2253470435246,165.068591157605,38.668468772672));
#5575=CARTESIAN_POINT('Ctrl Pts',(-38.225479126201,165.068671898305,37.3315312273281));
#5576=CARTESIAN_POINT('Ctrl Pts',(-38.2256106751777,165.068752311043,36.));
#5577=CARTESIAN_POINT('',(-39.2427220183199,161.282745564319,40.));
#5578=CARTESIAN_POINT('Origin',(-44.8713623255801,164.778785789136,40.));
#5579=CARTESIAN_POINT('',(-39.2427234454149,161.282746419591,36.));
#5580=CARTESIAN_POINT('Origin',(-36.2118771512733,159.779123138041,40.0000007447346));
#5581=CARTESIAN_POINT('',(-42.054105739116,162.905900106115,39.9999999999994));
#5582=CARTESIAN_POINT('',(-42.054107191417,162.905900913304,36.));
#5583=CARTESIAN_POINT('',(-42.054105739116,162.905900106115,40.));
#5584=CARTESIAN_POINT('',(-39.2838835633464,165.679747278621,40.));
#5585=CARTESIAN_POINT('Origin',(-36.2118771513213,159.779123138089,40.));
#5586=CARTESIAN_POINT('',(-39.2842526220601,165.679948187968,36.));
#5587=CARTESIAN_POINT('Ctrl Pts',(-39.2842526220601,165.679948187968,36.));
#5588=CARTESIAN_POINT('Ctrl Pts',(-39.2841297678861,165.679881309598,37.331531227328));
#5589=CARTESIAN_POINT('Ctrl Pts',(-39.2840064157734,165.679814158786,38.6684687726719));
#5590=CARTESIAN_POINT('Ctrl Pts',(-39.2838835633464,165.679747278621,40.));
#5591=CARTESIAN_POINT('Origin',(-36.2121351076734,159.779381891319,36.));
#5592=CARTESIAN_POINT('Origin',(-50.3861834905163,165.650287053348,35.9999990399628));
#5593=CARTESIAN_POINT('',(-44.0415100381906,167.650421584128,36.));
#5594=CARTESIAN_POINT('',(-44.0440754694932,163.730172261876,36.));
#5595=CARTESIAN_POINT('Origin',(-50.3861834904177,165.650287053348,36.));
#5596=CARTESIAN_POINT('',(-44.0410568500021,167.65028788705,40.));
#5597=CARTESIAN_POINT('Ctrl Pts',(-44.0410568500021,167.65028788705,40.));
#5598=CARTESIAN_POINT('Ctrl Pts',(-44.0412077085352,167.650332394091,38.668468772672));
#5599=CARTESIAN_POINT('Ctrl Pts',(-44.0413591796112,167.650377080252,37.3315312273281));
#5600=CARTESIAN_POINT('Ctrl Pts',(-44.0415100381906,167.650421584128,36.));
#5601=CARTESIAN_POINT('',(-44.0440738690473,163.730171804932,40.));
#5602=CARTESIAN_POINT('Origin',(-50.3857727126624,165.650287892369,40.));
#5603=CARTESIAN_POINT('',(-44.0440754694932,163.730172261876,36.));
#5604=CARTESIAN_POINT('Origin',(-40.7273265898369,163.062217305887,40.0000007976126));
#5605=CARTESIAN_POINT('',(-47.1797654433244,164.570378408116,40.));
#5606=CARTESIAN_POINT('',(-47.1797670557318,164.570378812088,36.));
#5607=CARTESIAN_POINT('',(-47.1797654433244,164.570378408116,40.));
#5608=CARTESIAN_POINT('',(-45.2218614141312,167.966694537349,40.));
#5609=CARTESIAN_POINT('Origin',(-40.7273265899021,163.062217305924,40.));
#5610=CARTESIAN_POINT('',(-45.2222835957489,167.966796386142,36.));
#5611=CARTESIAN_POINT('Ctrl Pts',(-45.2222835957489,167.966796386142,36.));
#5612=CARTESIAN_POINT('Ctrl Pts',(-45.2221430580915,167.966762483597,37.331531227328));
#5613=CARTESIAN_POINT('Ctrl Pts',(-45.2220019504776,167.966728442228,38.6684687726719));
#5614=CARTESIAN_POINT('Ctrl Pts',(-45.2218614141312,167.966694537349,40.));
#5615=CARTESIAN_POINT('Origin',(-40.7276535692468,163.062406401176,36.));
#5616=CARTESIAN_POINT('Origin',(-55.9382171109279,165.064756229025,35.9999990952337));
#5617=CARTESIAN_POINT('',(-50.3269631792986,168.638843559493,40.));
#5618=CARTESIAN_POINT('',(-50.3274231562607,168.638855096095,36.));
#5619=CARTESIAN_POINT('Ctrl Pts',(-50.3269631792986,168.638843559493,40.));
#5620=CARTESIAN_POINT('Ctrl Pts',(-50.3271162980913,168.638847401284,38.668468772672));
#5621=CARTESIAN_POINT('Ctrl Pts',(-50.327270038209,168.638851257213,37.3315312273281));
#5622=CARTESIAN_POINT('Ctrl Pts',(-50.3274231562607,168.638855096095,36.));
#5623=CARTESIAN_POINT('',(-49.3152640917597,164.851521569456,40.));
#5624=CARTESIAN_POINT('Origin',(-55.93783071877,165.064860212206,40.));
#5625=CARTESIAN_POINT('',(-49.3152657551759,164.851521596593,36.0000000000001));
#5626=CARTESIAN_POINT('',(-49.3152657551759,164.851521596593,36.));
#5627=CARTESIAN_POINT('Origin',(-55.9382171108405,165.064756229048,36.));
#5628=CARTESIAN_POINT('Origin',(-45.9386196267036,165.064756229025,40.0000009047663));
#5629=CARTESIAN_POINT('',(-52.5615709824556,164.851521596593,39.9999999999999));
#5630=CARTESIAN_POINT('',(-52.5615726458718,164.851521569456,36.));
#5631=CARTESIAN_POINT('',(-52.5615709824556,164.851521596593,40.));
#5632=CARTESIAN_POINT('',(-51.5494135813708,168.638855096095,40.));
#5633=CARTESIAN_POINT('Origin',(-45.938619626791,165.064756229048,40.));
#5634=CARTESIAN_POINT('',(-51.5498735583328,168.638843559493,36.));
#5635=CARTESIAN_POINT('Ctrl Pts',(-51.5498735583328,168.638843559493,36.));
#5636=CARTESIAN_POINT('Ctrl Pts',(-51.5497204395402,168.638847401284,37.331531227328));
#5637=CARTESIAN_POINT('Ctrl Pts',(-51.5495666994225,168.638851257213,38.6684687726719));
#5638=CARTESIAN_POINT('Ctrl Pts',(-51.5494135813708,168.638855096095,40.));
#5639=CARTESIAN_POINT('Origin',(-45.9390060188615,165.064860212206,36.));
#5640=CARTESIAN_POINT('Origin',(-61.1495101477946,163.062217305887,35.9999992023874));
#5641=CARTESIAN_POINT('',(-56.6545531418826,167.966796386142,40.));
#5642=CARTESIAN_POINT('',(-56.6549753235003,167.966694537349,36.));
#5643=CARTESIAN_POINT('Ctrl Pts',(-56.6545531418826,167.966796386142,40.));
#5644=CARTESIAN_POINT('Ctrl Pts',(-56.65469367954,167.966762483597,38.668468772672));
#5645=CARTESIAN_POINT('Ctrl Pts',(-56.6548347871539,167.966728442228,37.3315312273281));
#5646=CARTESIAN_POINT('Ctrl Pts',(-56.6549753235003,167.966694537349,36.));
#5647=CARTESIAN_POINT('',(-54.6970696818996,164.570378812088,40.));
#5648=CARTESIAN_POINT('Origin',(-61.1491831683847,163.062406401176,40.));
#5649=CARTESIAN_POINT('',(-54.6970712943071,164.570378408116,36.));
#5650=CARTESIAN_POINT('',(-54.6970712943071,164.570378408116,36.));
#5651=CARTESIAN_POINT('Origin',(-61.1495101477294,163.062217305924,36.));
#5652=CARTESIAN_POINT('Origin',(-51.4906532471152,165.650287053348,40.0000009600372));
#5653=CARTESIAN_POINT('',(-57.8327612681382,163.730172261876,40.));
#5654=CARTESIAN_POINT('',(-57.8327628685842,163.730171804932,36.));
#5655=CARTESIAN_POINT('',(-57.8327612681382,163.730172261876,40.));
#5656=CARTESIAN_POINT('',(-57.8353266994409,167.650421584128,40.));
#5657=CARTESIAN_POINT('Origin',(-51.4906532472137,165.650287053348,40.));
#5658=CARTESIAN_POINT('',(-57.8357798876294,167.65028788705,36.));
#5659=CARTESIAN_POINT('Ctrl Pts',(-57.8357798876294,167.65028788705,36.));
#5660=CARTESIAN_POINT('Ctrl Pts',(-57.8356290290963,167.650332394091,37.331531227328));
#5661=CARTESIAN_POINT('Ctrl Pts',(-57.8354775580202,167.650377080252,38.6684687726719));
#5662=CARTESIAN_POINT('Ctrl Pts',(-57.8353266994409,167.650421584128,40.));
#5663=CARTESIAN_POINT('Origin',(-51.4910640249691,165.650287892369,36.));
#5664=CARTESIAN_POINT('Origin',(-65.6649595863582,159.779123138041,35.9999992552654));
#5665=CARTESIAN_POINT('',(-62.5925841155714,165.679948187968,40.));
#5666=CARTESIAN_POINT('',(-62.5929531742851,165.679747278621,36.));
#5667=CARTESIAN_POINT('Ctrl Pts',(-62.5925841155714,165.679948187968,40.));
#5668=CARTESIAN_POINT('Ctrl Pts',(-62.5927069697454,165.679881309598,38.668468772672));
#5669=CARTESIAN_POINT('Ctrl Pts',(-62.592830321858,165.679814158786,37.3315312273281));
#5670=CARTESIAN_POINT('Ctrl Pts',(-62.5929531742851,165.679747278621,36.));
#5671=CARTESIAN_POINT('',(-59.8227295462145,162.905900913304,40.));
#5672=CARTESIAN_POINT('Origin',(-65.6647016299581,159.779381891319,40.));
#5673=CARTESIAN_POINT('',(-59.8227309985155,162.905900106115,36.0000000000006));
#5674=CARTESIAN_POINT('',(-59.8227309985155,162.905900106115,36.));
#5675=CARTESIAN_POINT('Origin',(-65.6649595863101,159.779123138089,36.));
#5676=CARTESIAN_POINT('Origin',(-57.0050852698388,164.778888890231,40.0000009139866));
#5677=CARTESIAN_POINT('',(-62.6341147193116,161.282745564319,36.));
#5678=CARTESIAN_POINT('',(-63.6516212422489,165.068510741943,36.));
#5679=CARTESIAN_POINT('Origin',(-57.0054744120513,164.778785789136,36.));
#5680=CARTESIAN_POINT('',(-62.6341132922166,161.282746419591,39.9999999999999));
#5681=CARTESIAN_POINT('',(-62.6341132922166,161.282746419591,40.));
#5682=CARTESIAN_POINT('',(-63.6512260624538,165.068752311043,40.));
#5683=CARTESIAN_POINT('Origin',(-57.0050852699277,164.778888890207,40.));
#5684=CARTESIAN_POINT('Ctrl Pts',(-63.6516212422489,165.068510741943,36.));
#5685=CARTESIAN_POINT('Ctrl Pts',(-63.6514896941069,165.068591157605,37.331531227328));
#5686=CARTESIAN_POINT('Ctrl Pts',(-63.6513576114305,165.068671898305,38.6684687726719));
#5687=CARTESIAN_POINT('Ctrl Pts',(-63.6512260624538,165.068752311043,40.));
#5688=CARTESIAN_POINT('Origin',(-69.1768378867867,155.439190851648,35.9999991941532));
#5689=CARTESIAN_POINT('',(-67.7363754702904,161.934165144334,40.));
#5690=CARTESIAN_POINT('',(-67.7366921462432,161.933863969005,36.));
#5691=CARTESIAN_POINT('Ctrl Pts',(-67.7363754702904,161.934165144334,40.));
#5692=CARTESIAN_POINT('Ctrl Pts',(-67.7364808874319,161.93406488894,38.668468772672));
#5693=CARTESIAN_POINT('Ctrl Pts',(-67.7365867314246,161.933964225789,37.3315312273281));
#5694=CARTESIAN_POINT('Ctrl Pts',(-67.7366921462432,161.933863969005,36.));
#5695=CARTESIAN_POINT('',(-64.342938163027,159.971519777036,40.));
#5696=CARTESIAN_POINT('Origin',(-69.1766488390899,155.439520328989,40.));
#5697=CARTESIAN_POINT('',(-64.3429393572801,159.971518621129,36.));
#5698=CARTESIAN_POINT('',(-64.3429393572801,159.971518621129,36.));
#5699=CARTESIAN_POINT('Origin',(-69.1768378867486,155.439190851714,36.));
#5700=CARTESIAN_POINT('Origin',(-62.1060951769713,162.509933561463,40.0000008058468));
#5701=CARTESIAN_POINT('',(-66.6384241023593,157.676033837704,36.));
#5702=CARTESIAN_POINT('',(-68.6010694696572,161.069471144967,36.));
#5703=CARTESIAN_POINT('Origin',(-62.1064246543128,162.509744513767,36.));
#5704=CARTESIAN_POINT('',(-66.6384229464525,157.676035031957,40.));
#5705=CARTESIAN_POINT('',(-66.6384229464525,157.676035031957,40.));
#5706=CARTESIAN_POINT('',(-68.6007682943279,161.06978782092,40.));
#5707=CARTESIAN_POINT('Origin',(-62.1060951770376,162.509933561425,40.));
#5708=CARTESIAN_POINT('Ctrl Pts',(-68.6010694696572,161.069471144967,36.));
#5709=CARTESIAN_POINT('Ctrl Pts',(-68.6009692142638,161.069576562109,37.331531227328));
#5710=CARTESIAN_POINT('Ctrl Pts',(-68.6008685511124,161.069682406101,38.6684687726719));
#5711=CARTESIAN_POINT('Ctrl Pts',(-68.6007682943279,161.06978782092,40.));
#5712=CARTESIAN_POINT('Origin',(-71.445793215554,150.338180944515,35.9999990860134));
#5713=CARTESIAN_POINT('',(-71.7354150672665,156.984716916926,40.));
#5714=CARTESIAN_POINT('',(-71.7356566363663,156.98432173713,36.));
#5715=CARTESIAN_POINT('Ctrl Pts',(-71.7354150672665,156.984716916926,40.));
#5716=CARTESIAN_POINT('Ctrl Pts',(-71.7354954829283,156.984585368784,38.668468772672));
#5717=CARTESIAN_POINT('Ctrl Pts',(-71.7355762236281,156.984453286107,37.3315312273281));
#5718=CARTESIAN_POINT('Ctrl Pts',(-71.7356566363663,156.98432173713,36.));
#5719=CARTESIAN_POINT('',(-67.9496498896424,155.967210393988,40.));
#5720=CARTESIAN_POINT('Origin',(-71.4456901144597,150.338570086728,40.));
#5721=CARTESIAN_POINT('',(-67.9496507449144,155.967208966893,36.0000000000004));
#5722=CARTESIAN_POINT('',(-67.9496507449144,155.967208966893,36.));
#5723=CARTESIAN_POINT('Origin',(-71.4457932155304,150.338180944604,36.));
#5724=CARTESIAN_POINT('Origin',(-66.4460274633642,158.998055261035,40.0000007447346));
#5725=CARTESIAN_POINT('',(-69.5728052386279,153.155825220891,36.));
#5726=CARTESIAN_POINT('',(-72.3468525132914,155.925679790248,36.));
#5727=CARTESIAN_POINT('Origin',(-66.4462862166419,158.997797304635,36.));
#5728=CARTESIAN_POINT('',(-69.5728044314378,153.155826673192,39.9999999999997));
#5729=CARTESIAN_POINT('',(-69.5728044314378,153.155826673192,40.));
#5730=CARTESIAN_POINT('',(-72.3466516039445,155.926048848962,40.));
#5731=CARTESIAN_POINT('Origin',(-66.4460274634124,158.998055260987,40.));
#5732=CARTESIAN_POINT('Ctrl Pts',(-72.3468525132914,155.925679790248,36.));
#5733=CARTESIAN_POINT('Ctrl Pts',(-72.3467856349214,155.925802644422,37.331531227328));
#5734=CARTESIAN_POINT('Ctrl Pts',(-72.3467184841091,155.925925996535,38.6684687726719));
#5735=CARTESIAN_POINT('Ctrl Pts',(-72.3466516039445,155.926048848962,40.));
#5736=CARTESIAN_POINT('Origin',(-72.3171913786716,144.823748921792,35.9999990399627));
#5737=CARTESIAN_POINT('',(-74.3171922123736,151.168875562306,40.));
#5738=CARTESIAN_POINT('',(-74.3173259094514,151.168422374118,36.));
#5739=CARTESIAN_POINT('Ctrl Pts',(-74.3171922123736,151.168875562306,40.));
#5740=CARTESIAN_POINT('Ctrl Pts',(-74.3172367194147,151.168724703773,38.668468772672));
#5741=CARTESIAN_POINT('Ctrl Pts',(-74.3172814055754,151.168573232697,37.3315312273281));
#5742=CARTESIAN_POINT('Ctrl Pts',(-74.3173259094514,151.168422374118,36.));
#5743=CARTESIAN_POINT('',(-70.397076130255,151.165858543261,40.));
#5744=CARTESIAN_POINT('Origin',(-72.3171922176922,144.824159699646,40.));
#5745=CARTESIAN_POINT('',(-70.3970765871995,151.165856942815,36.));
#5746=CARTESIAN_POINT('',(-70.3970765871995,151.165856942815,36.));
#5747=CARTESIAN_POINT('Origin',(-72.3171913786718,144.82374892189,36.));
#5748=CARTESIAN_POINT('Origin',(-69.7291216312101,154.482605822471,40.0000007976126));
#5749=CARTESIAN_POINT('',(-71.2372831374114,148.030165356576,36.));
#5750=CARTESIAN_POINT('',(-74.6337007114657,149.987648816559,36.));
#5751=CARTESIAN_POINT('Origin',(-69.7293107264991,154.482278843061,36.));
#5752=CARTESIAN_POINT('',(-71.2372827334398,148.030166968984,40.));
#5753=CARTESIAN_POINT('',(-71.2372827334398,148.030166968984,40.));
#5754=CARTESIAN_POINT('',(-74.6335988626725,149.988070998177,40.));
#5755=CARTESIAN_POINT('Origin',(-69.7291216312478,154.482605822406,40.));
#5756=CARTESIAN_POINT('Ctrl Pts',(-74.6337007114657,149.987648816559,36.));
#5757=CARTESIAN_POINT('Ctrl Pts',(-74.6336668089203,149.987789354217,37.331531227328));
#5758=CARTESIAN_POINT('Ctrl Pts',(-74.6336327675513,149.987930461831,38.6684687726719));
#5759=CARTESIAN_POINT('Ctrl Pts',(-74.6335988626725,149.988070998177,40.));
#5760=CARTESIAN_POINT('Origin',(-71.7316605543481,139.27171530138,35.9999990952336));
#5761=CARTESIAN_POINT('',(-75.3057478848159,144.882969233009,40.));
#5762=CARTESIAN_POINT('',(-75.305759421418,144.882509256047,36.));
#5763=CARTESIAN_POINT('Ctrl Pts',(-75.3057478848159,144.88296923301,40.));
#5764=CARTESIAN_POINT('Ctrl Pts',(-75.3057517266076,144.882816114217,38.668468772672));
#5765=CARTESIAN_POINT('Ctrl Pts',(-75.3057555825367,144.882662374099,37.3315312273281));
#5766=CARTESIAN_POINT('Ctrl Pts',(-75.305759421418,144.882509256047,36.));
#5767=CARTESIAN_POINT('',(-71.5184258947789,145.894668320549,40.));
#5768=CARTESIAN_POINT('Origin',(-71.7317645375292,139.272101693538,40.));
#5769=CARTESIAN_POINT('',(-71.5184259219163,145.894666657132,36.));
#5770=CARTESIAN_POINT('',(-71.5184259219163,145.894666657132,36.));
#5771=CARTESIAN_POINT('Origin',(-71.7316605543717,139.271715301468,36.));
#5772=CARTESIAN_POINT('Origin',(-71.7316605543481,149.271312785605,40.0000009047664));
#5773=CARTESIAN_POINT('',(-71.5184258947789,142.648359766436,36.));
#5774=CARTESIAN_POINT('',(-75.3057478848159,143.660058853975,36.));
#5775=CARTESIAN_POINT('Origin',(-71.7317645375292,149.270926393447,36.));
#5776=CARTESIAN_POINT('',(-71.5184259219163,142.648361429853,40.));
#5777=CARTESIAN_POINT('',(-71.5184259219163,142.648361429853,40.));
#5778=CARTESIAN_POINT('',(-75.305759421418,143.660518830937,40.));
#5779=CARTESIAN_POINT('Origin',(-71.7316605543717,149.271312785517,40.));
#5780=CARTESIAN_POINT('Ctrl Pts',(-75.3057478848159,143.660058853975,36.));
#5781=CARTESIAN_POINT('Ctrl Pts',(-75.3057517266076,143.660211972768,37.331531227328));
#5782=CARTESIAN_POINT('Ctrl Pts',(-75.3057555825367,143.660365712886,38.6684687726719));
#5783=CARTESIAN_POINT('Ctrl Pts',(-75.305759421418,143.660518830937,40.));
#5784=CARTESIAN_POINT('Origin',(-69.7291216312101,134.060422264514,35.9999992023874));
#5785=CARTESIAN_POINT('',(-74.6337007114657,138.555379270426,40.));
#5786=CARTESIAN_POINT('',(-74.6335988626725,138.554957088808,36.));
#5787=CARTESIAN_POINT('Ctrl Pts',(-74.6337007114657,138.555379270426,40.));
#5788=CARTESIAN_POINT('Ctrl Pts',(-74.6336668089203,138.555238732768,38.668468772672));
#5789=CARTESIAN_POINT('Ctrl Pts',(-74.6336327675513,138.555097625154,37.3315312273281));
#5790=CARTESIAN_POINT('Ctrl Pts',(-74.6335988626725,138.554957088808,36.));
#5791=CARTESIAN_POINT('',(-71.2372831374114,140.512862730409,40.));
#5792=CARTESIAN_POINT('Origin',(-69.7293107264991,134.060749243923,40.));
#5793=CARTESIAN_POINT('',(-71.2372827334398,140.512861118001,36.));
#5794=CARTESIAN_POINT('',(-71.2372827334398,140.512861118001,36.));
#5795=CARTESIAN_POINT('Origin',(-69.7291216312478,134.060422264579,36.));
#5796=CARTESIAN_POINT('Origin',(-72.3171913786716,143.719279165193,40.0000009600373));
#5797=CARTESIAN_POINT('',(-70.397076130255,137.377169543724,36.));
#5798=CARTESIAN_POINT('',(-74.3171922123736,137.374152524679,36.));
#5799=CARTESIAN_POINT('Origin',(-72.3171922176922,143.718868387339,36.));
#5800=CARTESIAN_POINT('',(-70.3970765871995,137.37717114417,40.));
#5801=CARTESIAN_POINT('',(-70.3970765871995,137.37717114417,40.));
#5802=CARTESIAN_POINT('',(-74.3173259094514,137.374605712867,40.));
#5803=CARTESIAN_POINT('Origin',(-72.3171913786718,143.719279165094,40.));
#5804=CARTESIAN_POINT('Ctrl Pts',(-74.3171922123736,137.374152524679,36.));
#5805=CARTESIAN_POINT('Ctrl Pts',(-74.3172367194147,137.374303383212,37.331531227328));
#5806=CARTESIAN_POINT('Ctrl Pts',(-74.3172814055754,137.374454854288,38.6684687726719));
#5807=CARTESIAN_POINT('Ctrl Pts',(-74.3173259094514,137.374605712867,40.));
#5808=CARTESIAN_POINT('Origin',(-66.4460274633642,129.54497282595,35.9999992552654));
#5809=CARTESIAN_POINT('',(-72.3468525132914,132.617348296737,40.));
#5810=CARTESIAN_POINT('',(-72.3466516039445,132.616979238023,36.));
#5811=CARTESIAN_POINT('Ctrl Pts',(-72.3468525132914,132.617348296737,40.));
#5812=CARTESIAN_POINT('Ctrl Pts',(-72.3467856349214,132.617225442563,38.668468772672));
#5813=CARTESIAN_POINT('Ctrl Pts',(-72.3467184841091,132.61710209045,37.3315312273281));
#5814=CARTESIAN_POINT('Ctrl Pts',(-72.3466516039445,132.616979238023,36.));
#5815=CARTESIAN_POINT('',(-69.5728052386279,135.387202866094,40.));
#5816=CARTESIAN_POINT('Origin',(-66.4462862166419,129.54523078235,40.));
#5817=CARTESIAN_POINT('',(-69.5728044314378,135.387201413793,36.0000000000003));
#5818=CARTESIAN_POINT('',(-69.5728044314378,135.387201413793,36.));
#5819=CARTESIAN_POINT('Origin',(-66.4460274634124,129.544972825998,36.));
#5820=CARTESIAN_POINT('Origin',(-71.445793215554,138.204847142469,40.0000009139866));
#5821=CARTESIAN_POINT('',(-67.9496498896424,132.575817692997,36.));
#5822=CARTESIAN_POINT('',(-71.7354150672664,131.558311170059,36.));
#5823=CARTESIAN_POINT('Origin',(-71.4456901144597,138.204458000257,36.));
#5824=CARTESIAN_POINT('',(-67.9496507449144,132.575819120092,39.9999999999996));
#5825=CARTESIAN_POINT('',(-67.9496507449144,132.575819120092,40.));
#5826=CARTESIAN_POINT('',(-71.7356566363663,131.558706349854,40.));
#5827=CARTESIAN_POINT('Origin',(-71.4457932155304,138.20484714238,40.));
#5828=CARTESIAN_POINT('Ctrl Pts',(-71.7354150672665,131.558311170059,36.));
#5829=CARTESIAN_POINT('Ctrl Pts',(-71.7354954829283,131.558442718201,37.331531227328));
#5830=CARTESIAN_POINT('Ctrl Pts',(-71.7355762236281,131.558574800878,38.6684687726719));
#5831=CARTESIAN_POINT('Ctrl Pts',(-71.7356566363663,131.558706349854,40.));
#5832=CARTESIAN_POINT('Origin',(-62.1060951769713,126.033094525521,35.9999991941532));
#5833=CARTESIAN_POINT('',(-68.6010694696572,127.473556942018,40.));
#5834=CARTESIAN_POINT('',(-68.6007682943279,127.473240266065,36.));
#5835=CARTESIAN_POINT('Ctrl Pts',(-68.6010694696572,127.473556942018,40.));
#5836=CARTESIAN_POINT('Ctrl Pts',(-68.6009692142638,127.473451524876,38.668468772672));
#5837=CARTESIAN_POINT('Ctrl Pts',(-68.6008685511124,127.473345680884,37.3315312273281));
#5838=CARTESIAN_POINT('Ctrl Pts',(-68.6007682943279,127.473240266065,36.));
#5839=CARTESIAN_POINT('',(-66.6384241023593,130.866994249281,40.));
#5840=CARTESIAN_POINT('Origin',(-62.1064246543128,126.033283573218,40.));
#5841=CARTESIAN_POINT('',(-66.6384229464525,130.866993055028,36.));
#5842=CARTESIAN_POINT('',(-66.6384229464525,130.866993055028,36.));
#5843=CARTESIAN_POINT('Origin',(-62.1060951770376,126.03309452556,36.));
#5844=CARTESIAN_POINT('Origin',(-69.1768378867867,133.103837235337,40.0000008058468));
#5845=CARTESIAN_POINT('',(-64.342938163027,128.571508309949,36.));
#5846=CARTESIAN_POINT('',(-67.7363754702905,126.608862942651,36.));
#5847=CARTESIAN_POINT('Origin',(-69.1766488390899,133.103507757995,36.));
#5848=CARTESIAN_POINT('',(-64.3429393572801,128.571509465856,40.));
#5849=CARTESIAN_POINT('',(-64.3429393572801,128.571509465856,40.));
#5850=CARTESIAN_POINT('',(-67.7366921462432,126.60916411798,40.));
#5851=CARTESIAN_POINT('Origin',(-69.1768378867486,133.103837235271,40.));
#5852=CARTESIAN_POINT('Ctrl Pts',(-67.7363754702904,126.608862942651,36.));
#5853=CARTESIAN_POINT('Ctrl Pts',(-67.7364808874319,126.608963198044,37.331531227328));
#5854=CARTESIAN_POINT('Ctrl Pts',(-67.7365867314246,126.609063861196,38.6684687726719));
#5855=CARTESIAN_POINT('Ctrl Pts',(-67.7366921462432,126.60916411798,40.));
#5856=CARTESIAN_POINT('Origin',(-57.0050852698388,123.764139196754,35.9999990860134));
#5857=CARTESIAN_POINT('',(-63.6516212422489,123.474517345042,40.));
#5858=CARTESIAN_POINT('',(-63.6512260624538,123.474275775942,36.));
#5859=CARTESIAN_POINT('Ctrl Pts',(-63.6516212422489,123.474517345042,40.));
#5860=CARTESIAN_POINT('Ctrl Pts',(-63.6514896941069,123.47443692938,38.668468772672));
#5861=CARTESIAN_POINT('Ctrl Pts',(-63.6513576114305,123.47435618868,37.3315312273281));
#5862=CARTESIAN_POINT('Ctrl Pts',(-63.6512260624538,123.474275775942,36.));
#5863=CARTESIAN_POINT('',(-62.6341147193116,127.260282522666,40.));
#5864=CARTESIAN_POINT('Origin',(-57.0054744120513,123.764242297848,40.));
#5865=CARTESIAN_POINT('',(-62.6341132922166,127.260281667394,36.0000000000001));
#5866=CARTESIAN_POINT('',(-62.6341132922166,127.260281667394,36.));
#5867=CARTESIAN_POINT('Origin',(-57.0050852699277,123.764139196778,36.));
#5868=CARTESIAN_POINT('Origin',(-65.6649595863582,128.763904948944,40.0000007447346));
#5869=CARTESIAN_POINT('',(-59.8227295462145,125.63712717368,36.));
#5870=CARTESIAN_POINT('',(-62.5925841155714,122.863079899017,36.));
#5871=CARTESIAN_POINT('Origin',(-65.6647016299581,128.763646195666,36.));
#5872=CARTESIAN_POINT('',(-59.8227309985155,125.63712798087,39.9999999999994));
#5873=CARTESIAN_POINT('',(-59.8227309985155,125.63712798087,40.));
#5874=CARTESIAN_POINT('',(-62.592953174285,122.863280808364,40.));
#5875=CARTESIAN_POINT('Origin',(-65.6649595863101,128.763904948896,40.));
#5876=CARTESIAN_POINT('Ctrl Pts',(-62.5925841155714,122.863079899017,36.));
#5877=CARTESIAN_POINT('Ctrl Pts',(-62.5927069697454,122.863146777387,37.331531227328));
#5878=CARTESIAN_POINT('Ctrl Pts',(-62.592830321858,122.863213928199,38.6684687726719));
#5879=CARTESIAN_POINT('Ctrl Pts',(-62.5929531742851,122.863280808364,40.));
#5880=CARTESIAN_POINT('Origin',(-51.4906532471152,122.892741033637,35.9999990399628));
#5881=CARTESIAN_POINT('',(-57.8357798876294,120.892740199935,40.));
#5882=CARTESIAN_POINT('',(-57.8353266994409,120.892606502857,36.));
#5883=CARTESIAN_POINT('Ctrl Pts',(-57.8357798876294,120.892740199935,40.));
#5884=CARTESIAN_POINT('Ctrl Pts',(-57.8356290290963,120.892695692893,38.668468772672));
#5885=CARTESIAN_POINT('Ctrl Pts',(-57.8354775580202,120.892651006733,37.3315312273281));
#5886=CARTESIAN_POINT('Ctrl Pts',(-57.8353266994409,120.892606502857,36.));
#5887=CARTESIAN_POINT('',(-57.8327628685842,124.812856282053,40.));
#5888=CARTESIAN_POINT('Origin',(-51.4910640249691,122.892740194616,40.));
#5889=CARTESIAN_POINT('',(-57.8327612681382,124.812855825109,36.));
#5890=CARTESIAN_POINT('',(-57.8327612681382,124.812855825109,36.));
#5891=CARTESIAN_POINT('Origin',(-51.4906532472137,122.892741033636,36.));
#5892=CARTESIAN_POINT('Origin',(-61.1495101477946,125.480810781098,40.0000007976126));
#5893=CARTESIAN_POINT('',(-54.6970696818996,123.972649274897,36.));
#5894=CARTESIAN_POINT('',(-56.6545531418826,120.576231700842,36.));
#5895=CARTESIAN_POINT('Origin',(-61.1491831683847,125.480621685809,36.));
#5896=CARTESIAN_POINT('',(-54.6970712943071,123.972649678868,40.));
#5897=CARTESIAN_POINT('',(-54.6970712943071,123.972649678868,40.));
#5898=CARTESIAN_POINT('',(-56.6549753235002,120.576333549636,40.));
#5899=CARTESIAN_POINT('Origin',(-61.1495101477294,125.48081078106,40.));
#5900=CARTESIAN_POINT('Ctrl Pts',(-56.6545531418826,120.576231700842,36.));
#5901=CARTESIAN_POINT('Ctrl Pts',(-56.65469367954,120.576265603388,37.331531227328));
#5902=CARTESIAN_POINT('Ctrl Pts',(-56.6548347871539,120.576299644757,38.6684687726719));
#5903=CARTESIAN_POINT('Ctrl Pts',(-56.6549753235002,120.576333549636,40.));
#5904=CARTESIAN_POINT('Origin',(-45.9386196267036,123.47827185796,35.9999990952337));
#5905=CARTESIAN_POINT('',(-51.5498735583328,119.904184527492,40.));
#5906=CARTESIAN_POINT('',(-51.5494135813708,119.90417299089,36.));
#5907=CARTESIAN_POINT('Ctrl Pts',(-51.5498735583328,119.904184527492,40.));
#5908=CARTESIAN_POINT('Ctrl Pts',(-51.5497204395402,119.904180685701,38.668468772672));
#5909=CARTESIAN_POINT('Ctrl Pts',(-51.5495666994225,119.904176829771,37.3315312273281));
#5910=CARTESIAN_POINT('Ctrl Pts',(-51.5494135813708,119.90417299089,36.));
#5911=CARTESIAN_POINT('',(-52.5615726458718,123.691506517529,40.));
#5912=CARTESIAN_POINT('Origin',(-45.9390060188615,123.478167874779,40.));
#5913=CARTESIAN_POINT('',(-52.5615709824556,123.691506490392,36.0000000000001));
#5914=CARTESIAN_POINT('',(-52.5615709824556,123.691506490392,36.));
#5915=CARTESIAN_POINT('Origin',(-45.938619626791,123.478271857936,36.));
#5916=CARTESIAN_POINT('Origin',(-55.9382171109279,123.47827185796,40.0000009047663));
#5917=CARTESIAN_POINT('',(-49.3152640917597,123.691506517529,36.));
#5918=CARTESIAN_POINT('',(-50.3269631792987,119.904184527492,36.));
#5919=CARTESIAN_POINT('Origin',(-55.93783071877,123.478167874779,36.));
#5920=CARTESIAN_POINT('',(-49.3152657551759,123.691506490392,39.9999999999999));
#5921=CARTESIAN_POINT('',(-49.3152657551759,123.691506490392,40.));
#5922=CARTESIAN_POINT('',(-50.3274231562607,119.90417299089,40.));
#5923=CARTESIAN_POINT('Origin',(-55.9382171108405,123.478271857936,40.));
#5924=CARTESIAN_POINT('Ctrl Pts',(-50.3269631792987,119.904184527492,36.));
#5925=CARTESIAN_POINT('Ctrl Pts',(-50.3271162980913,119.904180685701,37.331531227328));
#5926=CARTESIAN_POINT('Ctrl Pts',(-50.327270038209,119.904176829771,38.6684687726719));
#5927=CARTESIAN_POINT('Ctrl Pts',(-50.3274231562607,119.90417299089,40.));
#5928=CARTESIAN_POINT('Origin',(-40.7273265898369,125.480810781098,35.9999992023874));
#5929=CARTESIAN_POINT('',(-45.2218614141312,120.576333549636,36.));
#5930=CARTESIAN_POINT('',(-47.1797654433244,123.972649678868,36.));
#5931=CARTESIAN_POINT('Origin',(-40.7273265899021,125.48081078106,36.));
#5932=CARTESIAN_POINT('',(-45.2222835957489,120.576231700842,40.));
#5933=CARTESIAN_POINT('Ctrl Pts',(-45.2222835957489,120.576231700842,40.));
#5934=CARTESIAN_POINT('Ctrl Pts',(-45.2221430580915,120.576265603388,38.668468772672));
#5935=CARTESIAN_POINT('Ctrl Pts',(-45.2220019504776,120.576299644757,37.3315312273281));
#5936=CARTESIAN_POINT('Ctrl Pts',(-45.2218614141312,120.576333549636,36.));
#5937=CARTESIAN_POINT('',(-47.1797670557318,123.972649274897,40.));
#5938=CARTESIAN_POINT('Origin',(-40.7276535692468,125.480621685809,40.));
#5939=CARTESIAN_POINT('',(-47.1797654433244,123.972649678868,36.));
#5940=CARTESIAN_POINT('Origin',(-50.3861834905163,122.892741033637,40.0000009600372));
#5941=CARTESIAN_POINT('',(-44.0440754694932,124.812855825109,40.));
#5942=CARTESIAN_POINT('',(-44.0440738690473,124.812856282053,36.));
#5943=CARTESIAN_POINT('',(-44.0440754694932,124.812855825109,40.));
#5944=CARTESIAN_POINT('',(-44.0415100381906,120.892606502857,40.));
#5945=CARTESIAN_POINT('Origin',(-50.3861834904177,122.892741033636,40.));
#5946=CARTESIAN_POINT('',(-44.0410568500021,120.892740199935,36.));
#5947=CARTESIAN_POINT('Ctrl Pts',(-44.0410568500021,120.892740199935,36.));
#5948=CARTESIAN_POINT('Ctrl Pts',(-44.0412077085352,120.892695692893,37.331531227328));
#5949=CARTESIAN_POINT('Ctrl Pts',(-44.0413591796113,120.892651006733,38.6684687726719));
#5950=CARTESIAN_POINT('Ctrl Pts',(-44.0415100381906,120.892606502857,40.));
#5951=CARTESIAN_POINT('Origin',(-50.3857727126624,122.892740194616,36.));
#5952=CARTESIAN_POINT('Origin',(-36.2118771512733,128.763904948944,35.9999992552654));
#5953=CARTESIAN_POINT('',(-39.2838835633464,122.863280808364,36.));
#5954=CARTESIAN_POINT('',(-42.054105739116,125.63712798087,36.0000000000006));
#5955=CARTESIAN_POINT('Origin',(-36.2118771513213,128.763904948896,36.));
#5956=CARTESIAN_POINT('',(-39.28425262206,122.863079899017,40.));
#5957=CARTESIAN_POINT('Ctrl Pts',(-39.28425262206,122.863079899017,40.));
#5958=CARTESIAN_POINT('Ctrl Pts',(-39.2841297678861,122.863146777387,38.668468772672));
#5959=CARTESIAN_POINT('Ctrl Pts',(-39.2840064157734,122.863213928199,37.3315312273281));
#5960=CARTESIAN_POINT('Ctrl Pts',(-39.2838835633464,122.863280808364,36.));
#5961=CARTESIAN_POINT('',(-42.054107191417,125.63712717368,40.));
#5962=CARTESIAN_POINT('Origin',(-36.2121351076734,128.763646195666,40.));
#5963=CARTESIAN_POINT('',(-42.054105739116,125.63712798087,36.));
#5964=CARTESIAN_POINT('Origin',(-44.8717514677927,123.764139196754,40.0000009139866));
#5965=CARTESIAN_POINT('',(-39.2427234454149,127.260281667394,39.9999999999999));
#5966=CARTESIAN_POINT('',(-39.2427220183199,127.260282522666,36.));
#5967=CARTESIAN_POINT('',(-39.2427234454149,127.260281667394,40.));
#5968=CARTESIAN_POINT('',(-38.2256106751777,123.474275775942,40.));
#5969=CARTESIAN_POINT('Origin',(-44.8717514677038,123.764139196778,40.));
#5970=CARTESIAN_POINT('',(-38.2252154953826,123.474517345042,36.));
#5971=CARTESIAN_POINT('Ctrl Pts',(-38.2252154953826,123.474517345042,36.));
#5972=CARTESIAN_POINT('Ctrl Pts',(-38.2253470435246,123.47443692938,37.331531227328));
#5973=CARTESIAN_POINT('Ctrl Pts',(-38.225479126201,123.47435618868,38.6684687726719));
#5974=CARTESIAN_POINT('Ctrl Pts',(-38.2256106751777,123.474275775942,40.));
#5975=CARTESIAN_POINT('Origin',(-44.8713623255801,123.764242297848,36.));
#5976=CARTESIAN_POINT('Origin',(-32.6999988508448,133.103837235337,35.9999991941532));
#5977=CARTESIAN_POINT('',(-34.1401445913883,126.60916411798,36.));
#5978=CARTESIAN_POINT('',(-37.5338973803514,128.571509465856,36.));
#5979=CARTESIAN_POINT('Origin',(-32.6999988508829,133.103837235271,36.));
#5980=CARTESIAN_POINT('',(-34.140461267341,126.608862942651,40.));
#5981=CARTESIAN_POINT('Ctrl Pts',(-34.140461267341,126.608862942651,40.));
#5982=CARTESIAN_POINT('Ctrl Pts',(-34.1403558501996,126.608963198044,38.668468772672));
#5983=CARTESIAN_POINT('Ctrl Pts',(-34.1402500062069,126.609063861196,37.3315312273281));
#5984=CARTESIAN_POINT('Ctrl Pts',(-34.1401445913883,126.60916411798,36.));
#5985=CARTESIAN_POINT('',(-37.5338985746045,128.571508309949,40.));
#5986=CARTESIAN_POINT('Origin',(-32.7001878985416,133.103507757995,40.));
#5987=CARTESIAN_POINT('',(-37.5338973803514,128.571509465856,36.));
#5988=CARTESIAN_POINT('Origin',(-39.7707415606602,126.033094525521,40.0000008058468));
#5989=CARTESIAN_POINT('',(-35.238413791179,130.866993055028,40.));
#5990=CARTESIAN_POINT('',(-35.2384126352722,130.866994249281,36.));
#5991=CARTESIAN_POINT('',(-35.238413791179,130.866993055028,40.));
#5992=CARTESIAN_POINT('',(-33.2760684433036,127.473240266065,40.));
#5993=CARTESIAN_POINT('Origin',(-39.7707415605938,126.03309452556,40.));
#5994=CARTESIAN_POINT('',(-33.2757672679742,127.473556942018,36.));
#5995=CARTESIAN_POINT('Ctrl Pts',(-33.2757672679743,127.473556942018,36.));
#5996=CARTESIAN_POINT('Ctrl Pts',(-33.2758675233677,127.473451524876,37.331531227328));
#5997=CARTESIAN_POINT('Ctrl Pts',(-33.2759681865191,127.473345680884,38.6684687726719));
#5998=CARTESIAN_POINT('Ctrl Pts',(-33.2760684433036,127.473240266065,40.));
#5999=CARTESIAN_POINT('Origin',(-39.7704120833187,126.033283573218,36.));
#6000=CARTESIAN_POINT('Origin',(-30.4310435220775,138.204847142469,35.9999990860134));
#6001=CARTESIAN_POINT('',(-30.1411801012652,131.558706349854,36.));
#6002=CARTESIAN_POINT('',(-33.9271859927171,132.575819120092,36.0000000000004));
#6003=CARTESIAN_POINT('Origin',(-30.431043522101,138.20484714238,36.));
#6004=CARTESIAN_POINT('',(-30.141421670365,131.558311170059,40.));
#6005=CARTESIAN_POINT('Ctrl Pts',(-30.141421670365,131.558311170059,40.));
#6006=CARTESIAN_POINT('Ctrl Pts',(-30.1413412547032,131.558442718201,38.668468772672));
#6007=CARTESIAN_POINT('Ctrl Pts',(-30.1412605140034,131.558574800878,37.3315312273281));
#6008=CARTESIAN_POINT('Ctrl Pts',(-30.1411801012652,131.558706349854,36.));
#6009=CARTESIAN_POINT('',(-33.9271868479891,132.575817692997,40.));
#6010=CARTESIAN_POINT('Origin',(-30.4311466231718,138.204458000257,40.));
#6011=CARTESIAN_POINT('',(-33.9271859927171,132.575819120092,36.));
#6012=CARTESIAN_POINT('Origin',(-35.4308092742672,129.54497282595,40.0000007447346));
#6013=CARTESIAN_POINT('',(-32.3040323061937,135.387201413793,39.9999999999997));
#6014=CARTESIAN_POINT('',(-32.3040314990036,135.387202866094,36.));
#6015=CARTESIAN_POINT('',(-32.3040323061937,135.387201413793,40.));
#6016=CARTESIAN_POINT('',(-29.530185133687,132.616979238023,40.));
#6017=CARTESIAN_POINT('Origin',(-35.4308092742191,129.544972825998,40.));
#6018=CARTESIAN_POINT('',(-29.5299842243401,132.617348296737,36.));
#6019=CARTESIAN_POINT('Ctrl Pts',(-29.5299842243401,132.617348296737,36.));
#6020=CARTESIAN_POINT('Ctrl Pts',(-29.5300511027101,132.617225442563,37.331531227328));
#6021=CARTESIAN_POINT('Ctrl Pts',(-29.5301182535224,132.61710209045,38.6684687726719));
#6022=CARTESIAN_POINT('Ctrl Pts',(-29.530185133687,132.616979238023,40.));
#6023=CARTESIAN_POINT('Origin',(-35.4305505209895,129.54523078235,36.));
#6024=CARTESIAN_POINT('Origin',(-29.5596453589599,143.719279165193,35.9999990399627));
#6025=CARTESIAN_POINT('',(-27.5595108281801,137.374605712867,36.));
#6026=CARTESIAN_POINT('',(-31.479760150432,137.37717114417,36.));
#6027=CARTESIAN_POINT('Origin',(-29.5596453589597,143.719279165094,36.));
#6028=CARTESIAN_POINT('',(-27.5596445252579,137.374152524679,40.));
#6029=CARTESIAN_POINT('Ctrl Pts',(-27.5596445252579,137.374152524679,40.));
#6030=CARTESIAN_POINT('Ctrl Pts',(-27.5596000182168,137.374303383212,38.668468772672));
#6031=CARTESIAN_POINT('Ctrl Pts',(-27.559555332056,137.374454854288,37.3315312273281));
#6032=CARTESIAN_POINT('Ctrl Pts',(-27.5595108281801,137.374605712867,36.));
#6033=CARTESIAN_POINT('',(-31.4797606073765,137.377169543724,40.));
#6034=CARTESIAN_POINT('Origin',(-29.5596445199393,143.718868387339,40.));
#6035=CARTESIAN_POINT('',(-31.479760150432,137.37717114417,36.));
#6036=CARTESIAN_POINT('Origin',(-32.1477151064214,134.060422264514,40.0000007976126));
#6037=CARTESIAN_POINT('',(-30.6395540041917,140.512861118001,40.));
#6038=CARTESIAN_POINT('',(-30.6395536002201,140.512862730409,36.));
#6039=CARTESIAN_POINT('',(-30.6395540041917,140.512861118001,40.));
#6040=CARTESIAN_POINT('',(-27.243237874959,138.554957088808,40.));
#6041=CARTESIAN_POINT('Origin',(-32.1477151063837,134.060422264579,40.));
#6042=CARTESIAN_POINT('',(-27.2431360261657,138.555379270426,36.));
#6043=CARTESIAN_POINT('Ctrl Pts',(-27.2431360261657,138.555379270426,36.));
#6044=CARTESIAN_POINT('Ctrl Pts',(-27.2431699287112,138.555238732768,37.331531227328));
#6045=CARTESIAN_POINT('Ctrl Pts',(-27.2432039700801,138.555097625154,38.6684687726719));
#6046=CARTESIAN_POINT('Ctrl Pts',(-27.243237874959,138.554957088808,40.));
#6047=CARTESIAN_POINT('Origin',(-32.1475260111324,134.060749243923,36.));
#6048=CARTESIAN_POINT('Origin',(-50.9384178425008,144.271511795026,41.0000005485344));
#6049=CARTESIAN_POINT('',(-56.7102550991327,141.282214998739,36.));
#6050=CARTESIAN_POINT('',(-56.7102551079564,141.28221499417,40.));
#6051=CARTESIAN_POINT('',(-56.7102551264757,141.282214984578,36.));
#6052=CARTESIAN_POINT('',(-52.9963082998815,138.105874188011,36.));
#6053=CARTESIAN_POINT('Origin',(-50.9384178273159,144.271511846733,36.));
#6054=CARTESIAN_POINT('',(-52.9963083044282,138.105874174388,40.));
#6055=CARTESIAN_POINT('',(-52.9963083071702,138.105874166173,36.));
#6056=CARTESIAN_POINT('',(-47.9491210039657,138.499674473339,40.));
#6057=CARTESIAN_POINT('Origin',(-50.9384178394638,144.271511805368,40.));
#6058=CARTESIAN_POINT('',(-47.9491210087401,138.499674482558,36.));
#6059=CARTESIAN_POINT('',(-47.9491209788316,138.49967442481,36.));
#6060=CARTESIAN_POINT('',(-44.7727803334983,142.213621460723,36.));
#6061=CARTESIAN_POINT('Origin',(-50.9384178273159,144.271511846733,36.));
#6062=CARTESIAN_POINT('',(-44.7727803330009,142.213621460557,40.));
#6063=CARTESIAN_POINT('',(-44.772780398845,142.213621482534,36.));
#6064=CARTESIAN_POINT('',(-45.1665806410851,147.260808580945,40.));
#6065=CARTESIAN_POINT('Origin',(-50.9384178394638,144.271511805368,40.));
#6066=CARTESIAN_POINT('',(-45.1665806322614,147.260808585515,36.));
#6067=CARTESIAN_POINT('',(-45.1665806574815,147.260808572454,36.));
#6068=CARTESIAN_POINT('',(-48.8805274899638,150.437149589798,36.));
#6069=CARTESIAN_POINT('Origin',(-50.9384178273159,144.271511846733,36.));
#6070=CARTESIAN_POINT('',(-48.8805274945105,150.437149576176,40.));
#6071=CARTESIAN_POINT('',(-48.8805274767869,150.437149629277,36.));
#6072=CARTESIAN_POINT('',(-53.9277148123517,150.043348907756,40.));
#6073=CARTESIAN_POINT('Origin',(-50.9384178394638,144.271511805368,40.));
#6074=CARTESIAN_POINT('',(-53.9277148171261,150.043348916975,36.));
#6075=CARTESIAN_POINT('',(-53.9277148051256,150.043348893804,36.));
#6076=CARTESIAN_POINT('',(-57.104055425329,146.329402087921,36.));
#6077=CARTESIAN_POINT('Origin',(-50.9384178273159,144.271511846733,36.));
#6078=CARTESIAN_POINT('',(-57.1040554248316,146.329402087755,40.));
#6079=CARTESIAN_POINT('',(-57.1040553851121,146.329402074498,36.));
#6080=CARTESIAN_POINT('',(-57.4384178653989,144.271511805368,40.));
#6081=CARTESIAN_POINT('Origin',(-50.9384178394638,144.271511805368,40.));
#6082=CARTESIAN_POINT('',(-57.4384178684359,144.271511788051,41.));
#6083=CARTESIAN_POINT('',(-57.4384178684359,144.271511795026,41.000000528794));
#6084=CARTESIAN_POINT('Origin',(-50.9384178425008,144.271511795026,41.));
#6085=CARTESIAN_POINT('Origin',(-50.9384178394638,144.271511805368,40.));
#6086=CARTESIAN_POINT('Origin',(-50.9413013384467,144.271514043492,40.));
#6087=CARTESIAN_POINT('Origin',(-50.9413013384467,144.271514043492,36.));
#6088=CARTESIAN_POINT('Origin',(-50.9413013384467,144.271514043492,40.));
#6089=CARTESIAN_POINT('Origin',(-30.3934148785929,142.19972388069,36.));
#6090=CARTESIAN_POINT('',(-30.8411452097329,142.244874553119,36.));
#6091=CARTESIAN_POINT('Origin',(-30.3934148785929,142.19972388069,36.));
#6092=CARTESIAN_POINT('',(-30.8411452097329,142.244874553119,40.));
#6093=CARTESIAN_POINT('Origin',(-30.3934148785929,142.19972388069,40.));
#6094=CARTESIAN_POINT('',(-30.8411452602841,142.244874558217,39.9999999999999));
#6095=CARTESIAN_POINT('Origin',(-50.9367556922968,144.271300192007,40.));
#6096=CARTESIAN_POINT('',(-31.001410464763,141.027540073079,36.));
#6097=CARTESIAN_POINT('Origin',(-50.9367556922968,144.271300192007,36.));
#6098=CARTESIAN_POINT('',(-31.001410464763,141.027540073079,40.));
#6099=CARTESIAN_POINT('Origin',(-50.9367556922968,144.271300192007,40.));
#6100=CARTESIAN_POINT('',(-31.0014100580064,141.027540006896,36.));
#6101=CARTESIAN_POINT('Origin',(-30.3934148785929,146.343304206294,36.));
#6102=CARTESIAN_POINT('',(-30.8411452097329,146.298153533866,40.));
#6103=CARTESIAN_POINT('',(-30.8411452097329,146.298153533866,36.));
#6104=CARTESIAN_POINT('',(-30.8411452602841,146.298153528768,36.0000000000001));
#6105=CARTESIAN_POINT('Origin',(-30.3934148785929,146.343304206294,40.));
#6106=CARTESIAN_POINT('Origin',(-30.3934148785929,146.343304206294,36.));
#6107=CARTESIAN_POINT('Origin',(-50.9367556922968,144.271727894978,36.));
#6108=CARTESIAN_POINT('',(-31.001410464763,147.515488013906,40.));
#6109=CARTESIAN_POINT('',(-31.001410464763,147.515488013906,36.));
#6110=CARTESIAN_POINT('',(-31.0014100580064,147.515488080089,40.));
#6111=CARTESIAN_POINT('Origin',(-50.9367556922968,144.271727894978,40.));
#6112=CARTESIAN_POINT('Origin',(-50.9367556922968,144.271727894978,36.));
#6113=CARTESIAN_POINT('Origin',(-50.9388936503716,144.271412219844,40.));
#6114=CARTESIAN_POINT('Origin',(-50.9388936503716,144.271412219844,40.));
#6115=CARTESIAN_POINT('Origin',(-50.9388936503716,144.271412219844,36.));
#6116=CARTESIAN_POINT('Origin',(-30.5572505022519,147.587756941065,40.));
#6117=CARTESIAN_POINT('Origin',(-30.5572505022519,147.587756941065,39.9999999999999));
#6118=CARTESIAN_POINT('Origin',(-30.5572505022519,147.587756941065,35.9999999999999));
#6119=CARTESIAN_POINT('Origin',(-31.6296873578343,151.590146870895,36.));
#6120=CARTESIAN_POINT('',(-32.050475004763,151.43065466682,40.));
#6121=CARTESIAN_POINT('',(-32.050475004763,151.43065466682,36.));
#6122=CARTESIAN_POINT('',(-32.0504749811183,151.430654675782,36.));
#6123=CARTESIAN_POINT('Origin',(-31.6296873578343,151.590146870896,39.9999999999999));
#6124=CARTESIAN_POINT('Origin',(-31.6296873578343,151.590146870895,35.9999999999999));
#6125=CARTESIAN_POINT('Origin',(-50.9399730993437,144.270870804016,36.));
#6126=CARTESIAN_POINT('',(-32.5203487297951,152.565030112285,40.0000000000002));
#6127=CARTESIAN_POINT('',(-32.5203487297951,152.565030112285,36.0000000000002));
#6128=CARTESIAN_POINT('',(-32.5203487715772,152.565030093471,40.));
#6129=CARTESIAN_POINT('Origin',(-50.9399730993437,144.270870804016,40.));
#6130=CARTESIAN_POINT('Origin',(-50.9399730993437,144.270870804016,36.));
#6131=CARTESIAN_POINT('Origin',(-50.9375229646184,144.272015523808,40.));
#6132=CARTESIAN_POINT('Origin',(-50.9375229646184,144.272015523808,40.));
#6133=CARTESIAN_POINT('Origin',(-50.9375229646184,144.272015523808,36.));
#6134=CARTESIAN_POINT('Origin',(-32.1100312842537,152.749794410971,40.));
#6135=CARTESIAN_POINT('Origin',(-32.1100312842537,152.749794410971,40.0000000000007));
#6136=CARTESIAN_POINT('Origin',(-32.1100312842535,152.749794410971,36.0000000000007));
#6137=CARTESIAN_POINT('Origin',(-34.1818185208118,156.338237579818,36.));
#6138=CARTESIAN_POINT('',(-34.5469883641756,156.075271785578,39.9999999999997));
#6139=CARTESIAN_POINT('',(-34.5469883641757,156.075271785578,35.9999999999998));
#6140=CARTESIAN_POINT('',(-34.5469884194759,156.075271745756,36.));
#6141=CARTESIAN_POINT('Origin',(-34.1818185208118,156.338237579818,39.9999999999993));
#6142=CARTESIAN_POINT('Origin',(-34.1818185208118,156.338237579818,35.9999999999993));
#6143=CARTESIAN_POINT('Origin',(-50.9379466932289,144.271874160519,36.));
#6144=CARTESIAN_POINT('',(-35.2944497171878,157.049382371112,40.));
#6145=CARTESIAN_POINT('',(-35.2944497171878,157.049382371112,36.));
#6146=CARTESIAN_POINT('',(-35.2944496594416,157.049382418279,40.));
#6147=CARTESIAN_POINT('Origin',(-50.9379466932289,144.271874160519,40.));
#6148=CARTESIAN_POINT('Origin',(-50.9379466932289,144.271874160519,36.));
#6149=CARTESIAN_POINT('Origin',(-50.9352054489246,144.274726963384,40.));
#6150=CARTESIAN_POINT('Origin',(-50.9352054489246,144.274726963384,40.));
#6151=CARTESIAN_POINT('Origin',(-50.9352054489246,144.274726963384,36.));
#6152=CARTESIAN_POINT('Origin',(-34.9459301888613,157.334048919548,40.));
#6153=CARTESIAN_POINT('Origin',(-34.9459301888613,157.334048919548,40.));
#6154=CARTESIAN_POINT('Origin',(-34.9459301888613,157.334048919548,36.));
#6155=CARTESIAN_POINT('Origin',(-37.8758834927599,160.264002223446,36.));
#6156=CARTESIAN_POINT('',(-38.1605500883625,159.915482637374,40.));
#6157=CARTESIAN_POINT('',(-38.1605500883624,159.915482637374,36.));
#6158=CARTESIAN_POINT('',(-38.160550135529,159.915482579628,36.));
#6159=CARTESIAN_POINT('Origin',(-37.8758834927599,160.264002223446,40.0000000000001));
#6160=CARTESIAN_POINT('Origin',(-37.8758834927599,160.264002223446,36.0000000000001));
#6161=CARTESIAN_POINT('Origin',(-50.9380582517889,144.27198571908,36.));
#6162=CARTESIAN_POINT('',(-39.134660586907,160.662944103433,40.0000000000001));
#6163=CARTESIAN_POINT('',(-39.1346605869069,160.662944103433,36.0000000000001));
#6164=CARTESIAN_POINT('',(-39.1346605470842,160.662944158733,40.));
#6165=CARTESIAN_POINT('Origin',(-50.9380582517889,144.27198571908,40.));
#6166=CARTESIAN_POINT('Origin',(-50.9380582517889,144.27198571908,36.));
#6167=CARTESIAN_POINT('Origin',(-50.9379168884996,144.27240944769,40.));
#6168=CARTESIAN_POINT('Origin',(-50.9379168884996,144.27240944769,40.));
#6169=CARTESIAN_POINT('Origin',(-50.9379168884996,144.27240944769,36.));
#6170=CARTESIAN_POINT('Origin',(-38.87169483249,161.028113891496,40.));
#6171=CARTESIAN_POINT('Origin',(-38.87169483249,161.028113891496,40.0000000000002));
#6172=CARTESIAN_POINT('Origin',(-38.87169483249,161.028113891496,36.0000000000002));
#6173=CARTESIAN_POINT('Origin',(-42.4601380013368,163.099901128054,36.));
#6174=CARTESIAN_POINT('',(-42.6449022812083,162.689583724295,39.9999999999994));
#6175=CARTESIAN_POINT('',(-42.6449022812084,162.689583724295,35.9999999999996));
#6176=CARTESIAN_POINT('',(-42.6449022623939,162.689583766077,36.));
#6177=CARTESIAN_POINT('Origin',(-42.4601380013369,163.099901128055,39.9999999999987));
#6178=CARTESIAN_POINT('Origin',(-42.4601380013368,163.099901128054,35.9999999999987));
#6179=CARTESIAN_POINT('Origin',(-50.939061608292,144.269959312964,36.));
#6180=CARTESIAN_POINT('',(-43.7792777544502,163.159457383901,40.));
#6181=CARTESIAN_POINT('',(-43.7792777544502,163.159457383901,36.));
#6182=CARTESIAN_POINT('',(-43.7792777634124,163.159457360256,40.));
#6183=CARTESIAN_POINT('Origin',(-50.939061608292,144.269959312964,40.));
#6184=CARTESIAN_POINT('Origin',(-50.939061608292,144.269959312964,36.));
#6185=CARTESIAN_POINT('Origin',(-50.9385201924643,144.271038761936,40.));
#6186=CARTESIAN_POINT('Origin',(-50.9385201924643,144.271038761936,40.));
#6187=CARTESIAN_POINT('Origin',(-50.9385201924643,144.271038761936,36.));
#6188=CARTESIAN_POINT('Origin',(-43.6197855414126,163.580245054474,40.));
#6189=CARTESIAN_POINT('Origin',(-43.6197855414126,163.580245054474,40.0000000000001));
#6190=CARTESIAN_POINT('Origin',(-43.6197855414126,163.580245054474,36.0000000000001));
#6191=CARTESIAN_POINT('Origin',(-47.6221754712431,164.652681910056,36.));
#6192=CARTESIAN_POINT('',(-47.6944443984025,164.208521947545,40.));
#6193=CARTESIAN_POINT('',(-47.6944443984025,164.208521947545,36.));
#6194=CARTESIAN_POINT('',(-47.6944444364333,164.208521713818,36.0000000000001));
#6195=CARTESIAN_POINT('Origin',(-47.6221754712431,164.652681910056,40.0000000000001));
#6196=CARTESIAN_POINT('Origin',(-47.6221754712431,164.652681910056,36.0000000000001));
#6197=CARTESIAN_POINT('Origin',(-50.93820451733,144.273176720012,36.));
#6198=CARTESIAN_POINT('',(-48.9117788733436,164.368787253126,40.));
#6199=CARTESIAN_POINT('',(-48.9117788733436,164.368787253126,36.0000000000001));
#6200=CARTESIAN_POINT('',(-48.9117788682457,164.368787303678,40.));
#6201=CARTESIAN_POINT('Origin',(-50.93820451733,144.273176720012,40.));
#6202=CARTESIAN_POINT('Origin',(-50.93820451733,144.273176720012,36.));
#6203=CARTESIAN_POINT('Origin',(-50.9384183688157,144.26863107386,40.));
#6204=CARTESIAN_POINT('Origin',(-50.9384183688157,144.26863107386,40.));
#6205=CARTESIAN_POINT('Origin',(-50.9384183688157,144.26863107386,36.));
#6206=CARTESIAN_POINT('Origin',(-48.8666282060138,164.816517533715,40.));
#6207=CARTESIAN_POINT('Origin',(-48.8666282060138,164.816517533715,40.0000000000001));
#6208=CARTESIAN_POINT('Origin',(-48.8666282060138,164.816517533715,36.0000000000001));
#6209=CARTESIAN_POINT('Origin',(-53.0102085316177,164.816517533715,36.));
#6210=CARTESIAN_POINT('',(-52.9650578591896,164.368787202575,40.));
#6211=CARTESIAN_POINT('',(-52.9650578591896,164.368787202575,36.));
#6212=CARTESIAN_POINT('',(-52.9650578540915,164.368787152024,36.0000000000001));
#6213=CARTESIAN_POINT('Origin',(-53.0102085316177,164.816517533715,39.9999999999999));
#6214=CARTESIAN_POINT('Origin',(-53.0102085316177,164.816517533715,35.9999999999999));
#6215=CARTESIAN_POINT('Origin',(-50.9386322203014,144.273176720012,36.));
#6216=CARTESIAN_POINT('',(-54.182392339229,164.208521947545,40.));
#6217=CARTESIAN_POINT('',(-54.182392339229,164.208521947545,36.));
#6218=CARTESIAN_POINT('',(-54.182392405412,164.208522354302,40.));
#6219=CARTESIAN_POINT('Origin',(-50.9386322203014,144.273176720012,40.));
#6220=CARTESIAN_POINT('Origin',(-50.9386322203014,144.273176720012,36.));
#6221=CARTESIAN_POINT('Origin',(-50.9383165451672,144.271038761936,40.));
#6222=CARTESIAN_POINT('Origin',(-50.9383165451672,144.271038761936,40.));
#6223=CARTESIAN_POINT('Origin',(-50.9383165451672,144.271038761936,36.));
#6224=CARTESIAN_POINT('Origin',(-54.2546612663884,164.652681910056,40.));
#6225=CARTESIAN_POINT('Origin',(-54.2546612663884,164.652681910056,39.9999999999999));
#6226=CARTESIAN_POINT('Origin',(-54.2546612663884,164.652681910056,35.9999999999999));
#6227=CARTESIAN_POINT('Origin',(-58.2570511962188,163.580245054474,36.));
#6228=CARTESIAN_POINT('',(-58.0975589921435,163.159457407545,40.));
#6229=CARTESIAN_POINT('',(-58.0975589921435,163.159457407545,36.));
#6230=CARTESIAN_POINT('',(-58.0975590011057,163.15945743119,36.));
#6231=CARTESIAN_POINT('Origin',(-58.2570511962189,163.580245054474,39.9999999999999));
#6232=CARTESIAN_POINT('Origin',(-58.2570511962188,163.580245054474,35.9999999999999));
#6233=CARTESIAN_POINT('Origin',(-50.9377751293395,144.269959312964,36.));
#6234=CARTESIAN_POINT('',(-59.2319344376087,162.689583682513,40.0000000000004));
#6235=CARTESIAN_POINT('',(-59.2319344376087,162.689583682513,36.0000000000004));
#6236=CARTESIAN_POINT('',(-59.2319344187942,162.689583640731,40.));
#6237=CARTESIAN_POINT('Origin',(-50.9377751293395,144.269959312964,40.));
#6238=CARTESIAN_POINT('Origin',(-50.9377751293395,144.269959312964,36.));
#6239=CARTESIAN_POINT('Origin',(-50.9389198491313,144.272409447689,40.));
#6240=CARTESIAN_POINT('Origin',(-50.9389198491313,144.272409447689,40.));
#6241=CARTESIAN_POINT('Origin',(-50.9389198491313,144.272409447689,36.));
#6242=CARTESIAN_POINT('Origin',(-59.4166987362947,163.099901128054,40.));
#6243=CARTESIAN_POINT('Origin',(-59.4166987362947,163.099901128054,40.0000000000013));
#6244=CARTESIAN_POINT('Origin',(-59.4166987362946,163.099901128055,36.0000000000013));
#6245=CARTESIAN_POINT('Origin',(-63.0051419051415,161.028113891496,36.));
#6246=CARTESIAN_POINT('',(-62.7421761109018,160.662944048132,39.9999999999999));
#6247=CARTESIAN_POINT('',(-62.7421761109018,160.662944048132,35.9999999999999));
#6248=CARTESIAN_POINT('',(-62.742176071079,160.662943992832,36.));
#6249=CARTESIAN_POINT('Origin',(-63.0051419051415,161.028113891496,39.9999999999998));
#6250=CARTESIAN_POINT('Origin',(-63.0051419051415,161.028113891496,35.9999999999998));
#6251=CARTESIAN_POINT('Origin',(-50.9387784858426,144.27198571908,36.));
#6252=CARTESIAN_POINT('',(-63.7162866964357,159.91548269512,40.));
#6253=CARTESIAN_POINT('',(-63.7162866964356,159.91548269512,36.));
#6254=CARTESIAN_POINT('',(-63.7162867436023,159.915482752867,40.));
#6255=CARTESIAN_POINT('Origin',(-50.9387784858426,144.27198571908,40.));
#6256=CARTESIAN_POINT('Origin',(-50.9387784858426,144.27198571908,36.));
#6257=CARTESIAN_POINT('Origin',(-50.9416312887068,144.274726963384,40.));
#6258=CARTESIAN_POINT('Origin',(-50.9416312887068,144.274726963384,40.));
#6259=CARTESIAN_POINT('Origin',(-50.9416312887068,144.274726963384,36.));
#6260=CARTESIAN_POINT('Origin',(-64.0009532448716,160.264002223446,40.));
#6261=CARTESIAN_POINT('Origin',(-64.0009532448716,160.264002223446,39.9999999999999));
#6262=CARTESIAN_POINT('Origin',(-64.0009532448716,160.264002223446,35.9999999999999));
#6263=CARTESIAN_POINT('Origin',(-66.9309065487702,157.334048919548,36.));
#6264=CARTESIAN_POINT('',(-66.5823869626974,157.049382323946,36.));
#6265=CARTESIAN_POINT('Origin',(-66.9309065487702,157.334048919548,36.));
#6266=CARTESIAN_POINT('',(-66.5823869626974,157.049382323946,40.));
#6267=CARTESIAN_POINT('',(-66.582386904951,157.049382276779,36.));
#6268=CARTESIAN_POINT('Origin',(-66.9309065487702,157.334048919548,40.));
#6269=CARTESIAN_POINT('Origin',(-50.9388900444025,144.271874160519,36.));
#6270=CARTESIAN_POINT('',(-67.329848428756,156.075271825401,40.0000000000002));
#6271=CARTESIAN_POINT('',(-67.3298484287561,156.075271825401,36.0000000000002));
#6272=CARTESIAN_POINT('',(-67.3298484840563,156.075271865224,40.));
#6273=CARTESIAN_POINT('Origin',(-50.9388900444025,144.271874160519,40.));
#6274=CARTESIAN_POINT('Origin',(-50.9388900444025,144.271874160519,36.));
#6275=CARTESIAN_POINT('Origin',(-50.9393137730131,144.272015523808,40.));
#6276=CARTESIAN_POINT('Origin',(-50.9393137730131,144.272015523808,40.));
#6277=CARTESIAN_POINT('Origin',(-50.9393137730131,144.272015523808,36.));
#6278=CARTESIAN_POINT('Origin',(-67.6950182168197,156.338237579818,40.));
#6279=CARTESIAN_POINT('Origin',(-67.6950182168197,156.338237579818,40.0000000000007));
#6280=CARTESIAN_POINT('Origin',(-67.6950182168197,156.338237579818,36.0000000000007));
#6281=CARTESIAN_POINT('Origin',(-69.7668054533778,152.749794410971,36.));
#6282=CARTESIAN_POINT('',(-69.3564880496182,152.5650301311,35.9999999999998));
#6283=CARTESIAN_POINT('Origin',(-69.7668054533778,152.749794410971,35.9999999999993));
#6284=CARTESIAN_POINT('',(-69.3564880496182,152.5650301311,39.9999999999997));
#6285=CARTESIAN_POINT('',(-69.3564880914001,152.565030149914,36.));
#6286=CARTESIAN_POINT('Origin',(-69.7668054533779,152.749794410971,39.9999999999993));
#6287=CARTESIAN_POINT('Origin',(-50.9368636382882,144.270870804017,36.));
#6288=CARTESIAN_POINT('',(-69.8263617092239,151.430654657858,40.));
#6289=CARTESIAN_POINT('',(-69.8263617092239,151.430654657858,36.));
#6290=CARTESIAN_POINT('',(-69.8263616855792,151.430654648896,40.));
#6291=CARTESIAN_POINT('Origin',(-50.9368636382882,144.270870804017,40.));
#6292=CARTESIAN_POINT('Origin',(-50.9368636382882,144.270870804017,36.));
#6293=CARTESIAN_POINT('Origin',(-50.9379430872597,144.271412219844,40.));
#6294=CARTESIAN_POINT('Origin',(-50.9379430872597,144.271412219844,40.));
#6295=CARTESIAN_POINT('Origin',(-50.9379430872597,144.271412219844,36.));
#6296=CARTESIAN_POINT('Origin',(-70.2471493797971,151.590146870895,40.));
#6297=CARTESIAN_POINT('Origin',(-70.2471493797971,151.590146870895,40.0000000000001));
#6298=CARTESIAN_POINT('Origin',(-70.2471493797972,151.590146870896,36.0000000000001));
#6299=CARTESIAN_POINT('Origin',(-71.3195862353796,147.587756941065,36.));
#6300=CARTESIAN_POINT('',(-70.8754262728685,147.515488013906,36.));
#6301=CARTESIAN_POINT('Origin',(-71.3195862353796,147.587756941065,36.0000000000001));
#6302=CARTESIAN_POINT('',(-70.8754262728685,147.515488013906,40.));
#6303=CARTESIAN_POINT('',(-70.875426039141,147.515487975875,36.));
#6304=CARTESIAN_POINT('Origin',(-71.3195862353796,147.587756941065,40.0000000000001));
#6305=CARTESIAN_POINT('Origin',(-50.940081045336,144.271727894978,36.));
#6306=CARTESIAN_POINT('',(-71.0356915784497,146.298153538965,40.));
#6307=CARTESIAN_POINT('',(-71.0356915784497,146.298153538965,36.));
#6308=CARTESIAN_POINT('',(-71.0356916290009,146.298153544062,40.));
#6309=CARTESIAN_POINT('Origin',(-50.940081045336,144.271727894978,40.));
#6310=CARTESIAN_POINT('Origin',(-50.940081045336,144.271727894978,36.));
#6311=CARTESIAN_POINT('Origin',(-50.9355353991848,144.271514043492,40.));
#6312=CARTESIAN_POINT('Origin',(-50.9355353991848,144.271514043492,40.));
#6313=CARTESIAN_POINT('Origin',(-50.9355353991848,144.271514043492,36.));
#6314=CARTESIAN_POINT('Origin',(-71.4834218590385,146.343304206294,40.));
#6315=CARTESIAN_POINT('Origin',(-71.4834218590385,146.343304206294,40.));
#6316=CARTESIAN_POINT('Origin',(-71.4834218590385,146.343304206294,36.));
#6317=CARTESIAN_POINT('Origin',(-71.4834218590385,142.19972388069,36.));
#6318=CARTESIAN_POINT('',(-71.0356915278986,142.244874553119,36.));
#6319=CARTESIAN_POINT('Origin',(-71.4834218590385,142.19972388069,36.));
#6320=CARTESIAN_POINT('',(-71.0356915278986,142.244874553119,40.));
#6321=CARTESIAN_POINT('',(-71.0356914773474,142.244874558217,36.0000000000001));
#6322=CARTESIAN_POINT('Origin',(-71.4834218590385,142.19972388069,40.));
#6323=CARTESIAN_POINT('Origin',(-50.9400810453347,144.271300192007,36.));
#6324=CARTESIAN_POINT('',(-70.8754262728685,141.027540073079,36.));
#6325=CARTESIAN_POINT('Origin',(-50.9400810453347,144.271300192007,36.));
#6326=CARTESIAN_POINT('',(-70.8754262728685,141.027540073079,40.));
#6327=CARTESIAN_POINT('',(-70.8754266796251,141.027540006896,40.));
#6328=CARTESIAN_POINT('Origin',(-50.9400810453347,144.271300192007,40.));
#6329=CARTESIAN_POINT('Origin',(-50.9379430872599,144.271615867141,40.));
#6330=CARTESIAN_POINT('Origin',(-50.9379430872599,144.271615867141,36.));
#6331=CARTESIAN_POINT('Origin',(-50.9379430872599,144.271615867141,40.));
#6332=CARTESIAN_POINT('Origin',(-71.3195862353796,140.95527114592,40.));
#6333=CARTESIAN_POINT('Origin',(-71.3195862353796,140.95527114592,39.9999999999999));
#6334=CARTESIAN_POINT('Origin',(-71.3195862353796,140.95527114592,35.9999999999999));
#6335=CARTESIAN_POINT('Origin',(-70.2471493797971,136.952881216089,36.));
#6336=CARTESIAN_POINT('',(-69.8263617328685,137.112373420165,36.));
#6337=CARTESIAN_POINT('Origin',(-70.2471493797971,136.952881216089,35.9999999999999));
#6338=CARTESIAN_POINT('',(-69.8263617328685,137.112373420165,40.));
#6339=CARTESIAN_POINT('',(-69.8263617565132,137.112373411202,36.));
#6340=CARTESIAN_POINT('Origin',(-70.2471493797972,136.952881216089,39.9999999999999));
#6341=CARTESIAN_POINT('Origin',(-50.9368636382878,144.272157282968,36.));
#6342=CARTESIAN_POINT('',(-69.3564880078363,135.977997974699,36.0000000000002));
#6343=CARTESIAN_POINT('Origin',(-50.9368636382878,144.272157282968,36.));
#6344=CARTESIAN_POINT('',(-69.3564880078363,135.9779979747,40.0000000000002));
#6345=CARTESIAN_POINT('',(-69.3564879660543,135.977997993514,40.));
#6346=CARTESIAN_POINT('Origin',(-50.9368636382878,144.272157282968,40.));
#6347=CARTESIAN_POINT('Origin',(-50.9393137730131,144.271012563176,40.));
#6348=CARTESIAN_POINT('Origin',(-50.9393137730131,144.271012563176,36.));
#6349=CARTESIAN_POINT('Origin',(-50.9393137730131,144.271012563176,40.));
#6350=CARTESIAN_POINT('Origin',(-69.7668054533778,135.793233676014,40.));
#6351=CARTESIAN_POINT('Origin',(-69.7668054533778,135.793233676014,40.0000000000007));
#6352=CARTESIAN_POINT('Origin',(-69.7668054533779,135.793233676014,36.0000000000007));
#6353=CARTESIAN_POINT('Origin',(-67.6950182168197,132.204790507167,36.));
#6354=CARTESIAN_POINT('',(-67.3298483734558,132.467756301406,35.9999999999998));
#6355=CARTESIAN_POINT('Origin',(-67.6950182168197,132.204790507167,35.9999999999993));
#6356=CARTESIAN_POINT('',(-67.3298483734558,132.467756301406,39.9999999999997));
#6357=CARTESIAN_POINT('',(-67.3298483181556,132.467756341229,36.));
#6358=CARTESIAN_POINT('Origin',(-67.6950182168197,132.204790507167,39.9999999999993));
#6359=CARTESIAN_POINT('Origin',(-50.9388900444025,144.271153926466,36.));
#6360=CARTESIAN_POINT('',(-66.5823870204437,131.493645715873,36.));
#6361=CARTESIAN_POINT('Origin',(-50.9388900444025,144.271153926466,36.));
#6362=CARTESIAN_POINT('',(-66.5823870204437,131.493645715873,40.));
#6363=CARTESIAN_POINT('',(-66.5823870781898,131.493645668706,40.));
#6364=CARTESIAN_POINT('Origin',(-50.9388900444025,144.271153926466,40.));
#6365=CARTESIAN_POINT('Origin',(-50.9416312887068,144.268301123601,40.));
#6366=CARTESIAN_POINT('Origin',(-50.9416312887068,144.268301123601,36.));
#6367=CARTESIAN_POINT('Origin',(-50.9416312887068,144.268301123601,40.));
#6368=CARTESIAN_POINT('Origin',(-66.9309065487702,131.208979167436,40.));
#6369=CARTESIAN_POINT('Origin',(-66.9309065487702,131.208979167436,40.));
#6370=CARTESIAN_POINT('Origin',(-66.9309065487702,131.208979167436,36.));
#6371=CARTESIAN_POINT('Origin',(-64.0009532448716,128.279025863538,36.));
#6372=CARTESIAN_POINT('',(-63.716286649269,128.627545449611,36.));
#6373=CARTESIAN_POINT('Origin',(-64.0009532448716,128.279025863538,36.0000000000001));
#6374=CARTESIAN_POINT('',(-63.7162866492691,128.627545449611,40.));
#6375=CARTESIAN_POINT('',(-63.7162866021025,128.627545507357,36.));
#6376=CARTESIAN_POINT('Origin',(-64.0009532448716,128.279025863538,40.0000000000001));
#6377=CARTESIAN_POINT('Origin',(-50.9387784858426,144.271042367905,36.));
#6378=CARTESIAN_POINT('',(-62.7421761507245,127.880083983552,36.0000000000001));
#6379=CARTESIAN_POINT('Origin',(-50.9387784858426,144.271042367905,36.));
#6380=CARTESIAN_POINT('',(-62.7421761507245,127.880083983552,40.0000000000001));
#6381=CARTESIAN_POINT('',(-62.7421761905473,127.880083928252,40.));
#6382=CARTESIAN_POINT('Origin',(-50.9387784858426,144.271042367905,40.));
#6383=CARTESIAN_POINT('Origin',(-50.9389198491318,144.270618639295,40.));
#6384=CARTESIAN_POINT('Origin',(-50.9389198491318,144.270618639295,36.));
#6385=CARTESIAN_POINT('Origin',(-50.9389198491318,144.270618639295,40.));
#6386=CARTESIAN_POINT('Origin',(-63.0051419051415,127.514914195488,40.));
#6387=CARTESIAN_POINT('Origin',(-63.0051419051415,127.514914195488,36.0000000000002));
#6388=CARTESIAN_POINT('Origin',(-63.0051419051415,127.514914195488,40.0000000000002));
#6389=CARTESIAN_POINT('Origin',(-59.4166987362947,125.443126958931,36.));
#6390=CARTESIAN_POINT('',(-59.2319344564231,125.85344436269,35.9999999999996));
#6391=CARTESIAN_POINT('Origin',(-59.4166987362947,125.443126958931,35.9999999999987));
#6392=CARTESIAN_POINT('',(-59.2319344564232,125.85344436269,39.9999999999994));
#6393=CARTESIAN_POINT('',(-59.2319344752376,125.853444320908,36.));
#6394=CARTESIAN_POINT('Origin',(-59.4166987362946,125.44312695893,39.9999999999987));
#6395=CARTESIAN_POINT('Origin',(-50.9377751293395,144.273068774021,36.));
#6396=CARTESIAN_POINT('',(-58.0975589831813,125.383570703084,36.));
#6397=CARTESIAN_POINT('Origin',(-50.9377751293395,144.273068774021,36.));
#6398=CARTESIAN_POINT('',(-58.0975589831813,125.383570703084,40.));
#6399=CARTESIAN_POINT('',(-58.0975589742191,125.383570726729,40.));
#6400=CARTESIAN_POINT('Origin',(-50.9377751293395,144.273068774021,40.));
#6401=CARTESIAN_POINT('Origin',(-50.9383165451672,144.271989325049,40.));
#6402=CARTESIAN_POINT('Origin',(-50.9383165451672,144.271989325049,36.));
#6403=CARTESIAN_POINT('Origin',(-50.9383165451672,144.271989325049,40.));
#6404=CARTESIAN_POINT('Origin',(-58.2570511962188,124.962783032511,40.));
#6405=CARTESIAN_POINT('Origin',(-58.2570511962189,124.962783032511,36.0000000000001));
#6406=CARTESIAN_POINT('Origin',(-58.2570511962188,124.962783032511,40.0000000000001));
#6407=CARTESIAN_POINT('Origin',(-54.2546612663884,123.890346176929,36.));
#6408=CARTESIAN_POINT('',(-54.182392339229,124.33450613944,36.));
#6409=CARTESIAN_POINT('Origin',(-54.2546612663884,123.890346176929,36.0000000000001));
#6410=CARTESIAN_POINT('',(-54.182392339229,124.33450613944,40.));
#6411=CARTESIAN_POINT('',(-54.1823923011982,124.334506373167,36.0000000000001));
#6412=CARTESIAN_POINT('Origin',(-54.2546612663884,123.890346176929,40.0000000000001));
#6413=CARTESIAN_POINT('Origin',(-50.9386322203015,144.269851366972,36.));
#6414=CARTESIAN_POINT('',(-52.9650578642879,124.174240833858,36.0000000000001));
#6415=CARTESIAN_POINT('Origin',(-50.9386322203015,144.269851366972,36.));
#6416=CARTESIAN_POINT('',(-52.9650578642879,124.174240833858,40.));
#6417=CARTESIAN_POINT('',(-52.9650578693857,124.174240783307,40.));
#6418=CARTESIAN_POINT('Origin',(-50.9386322203014,144.269851366972,40.));
#6419=CARTESIAN_POINT('Origin',(-50.9384183688157,144.274397013125,40.));
#6420=CARTESIAN_POINT('Origin',(-50.9384183688157,144.274397013125,36.));
#6421=CARTESIAN_POINT('Origin',(-50.9384183688157,144.274397013125,40.));
#6422=CARTESIAN_POINT('Origin',(-53.0102085316177,123.72651055327,40.));
#6423=CARTESIAN_POINT('Origin',(-53.0102085316177,123.72651055327,36.0000000000001));
#6424=CARTESIAN_POINT('Origin',(-53.0102085316177,123.72651055327,40.0000000000001));
#6425=CARTESIAN_POINT('Origin',(-48.8666282060138,123.72651055327,36.));
#6426=CARTESIAN_POINT('',(-48.9117788784419,124.17424088441,36.));
#6427=CARTESIAN_POINT('Origin',(-48.8666282060138,123.72651055327,35.9999999999999));
#6428=CARTESIAN_POINT('',(-48.9117788784419,124.17424088441,40.));
#6429=CARTESIAN_POINT('',(-48.91177888354,124.174240934961,36.0000000000001));
#6430=CARTESIAN_POINT('Origin',(-48.8666282060138,123.72651055327,39.9999999999999));
#6431=CARTESIAN_POINT('Origin',(-50.93820451733,144.269851366972,36.));
#6432=CARTESIAN_POINT('',(-47.6944443984025,124.33450613944,36.));
#6433=CARTESIAN_POINT('Origin',(-50.93820451733,144.269851366972,36.));
#6434=CARTESIAN_POINT('',(-47.6944443984025,124.33450613944,40.));
#6435=CARTESIAN_POINT('',(-47.6944443322195,124.334505732683,40.));
#6436=CARTESIAN_POINT('Origin',(-50.93820451733,144.269851366972,40.));
#6437=CARTESIAN_POINT('Origin',(-50.9385201924643,144.271989325049,40.));
#6438=CARTESIAN_POINT('Origin',(-50.9385201924643,144.271989325049,36.));
#6439=CARTESIAN_POINT('Origin',(-50.9385201924643,144.271989325049,40.));
#6440=CARTESIAN_POINT('Origin',(-47.6221754712431,123.890346176929,40.));
#6441=CARTESIAN_POINT('Origin',(-47.6221754712431,123.890346176929,35.9999999999999));
#6442=CARTESIAN_POINT('Origin',(-47.6221754712431,123.890346176929,39.9999999999999));
#6443=CARTESIAN_POINT('Origin',(-43.6197855414126,124.962783032511,36.));
#6444=CARTESIAN_POINT('',(-43.779277745488,125.38357067944,40.));
#6445=CARTESIAN_POINT('',(-43.779277745488,125.38357067944,36.));
#6446=CARTESIAN_POINT('',(-43.7792777365258,125.383570655795,36.));
#6447=CARTESIAN_POINT('Origin',(-43.6197855414126,124.962783032511,39.9999999999999));
#6448=CARTESIAN_POINT('Origin',(-43.6197855414126,124.962783032511,35.9999999999999));
#6449=CARTESIAN_POINT('Origin',(-50.939061608292,144.273068774021,36.));
#6450=CARTESIAN_POINT('',(-42.6449023000228,125.853444404472,36.0000000000004));
#6451=CARTESIAN_POINT('Origin',(-50.939061608292,144.273068774021,36.));
#6452=CARTESIAN_POINT('',(-42.6449023000228,125.853444404472,40.0000000000004));
#6453=CARTESIAN_POINT('',(-42.6449023188372,125.853444446254,40.));
#6454=CARTESIAN_POINT('Origin',(-50.939061608292,144.273068774021,40.));
#6455=CARTESIAN_POINT('Origin',(-50.9379168885002,144.270618639296,40.));
#6456=CARTESIAN_POINT('Origin',(-50.9379168885002,144.270618639296,36.));
#6457=CARTESIAN_POINT('Origin',(-50.9379168885002,144.270618639296,40.));
#6458=CARTESIAN_POINT('Origin',(-42.4601380013368,125.443126958931,40.));
#6459=CARTESIAN_POINT('Origin',(-42.4601380013369,125.44312695893,36.0000000000013));
#6460=CARTESIAN_POINT('Origin',(-42.4601380013368,125.443126958931,40.0000000000013));
#6461=CARTESIAN_POINT('Origin',(-38.87169483249,127.514914195488,36.));
#6462=CARTESIAN_POINT('',(-39.1346606267297,127.880084038852,39.9999999999999));
#6463=CARTESIAN_POINT('',(-39.1346606267297,127.880084038852,35.9999999999999));
#6464=CARTESIAN_POINT('',(-39.1346606665525,127.880084094153,36.));
#6465=CARTESIAN_POINT('Origin',(-38.87169483249,127.514914195488,39.9999999999998));
#6466=CARTESIAN_POINT('Origin',(-38.87169483249,127.514914195488,35.9999999999998));
#6467=CARTESIAN_POINT('Origin',(-50.9380582517889,144.271042367905,36.));
#6468=CARTESIAN_POINT('',(-38.1605500411959,128.627545391864,36.));
#6469=CARTESIAN_POINT('Origin',(-50.9380582517889,144.271042367905,36.));
#6470=CARTESIAN_POINT('',(-38.1605500411958,128.627545391864,40.));
#6471=CARTESIAN_POINT('',(-38.1605499940292,128.627545334118,40.));
#6472=CARTESIAN_POINT('Origin',(-50.9380582517889,144.271042367905,40.));
#6473=CARTESIAN_POINT('Origin',(-50.9352054489246,144.268301123601,40.));
#6474=CARTESIAN_POINT('Origin',(-50.9352054489246,144.268301123601,36.));
#6475=CARTESIAN_POINT('Origin',(-50.9352054489246,144.268301123601,40.));
#6476=CARTESIAN_POINT('Origin',(-37.8758834927599,128.279025863538,40.));
#6477=CARTESIAN_POINT('Origin',(-37.8758834927599,128.279025863538,35.9999999999999));
#6478=CARTESIAN_POINT('Origin',(-37.8758834927599,128.279025863538,39.9999999999999));
#6479=CARTESIAN_POINT('Origin',(-34.9459301888613,131.208979167436,36.));
#6480=CARTESIAN_POINT('',(-35.2944497749341,131.493645763039,40.));
#6481=CARTESIAN_POINT('',(-35.2944497749341,131.493645763039,36.));
#6482=CARTESIAN_POINT('',(-35.2944498326805,131.493645810206,36.));
#6483=CARTESIAN_POINT('Origin',(-34.9459301888613,131.208979167436,40.));
#6484=CARTESIAN_POINT('Origin',(-34.9459301888613,131.208979167436,36.));
#6485=CARTESIAN_POINT('Origin',(-50.9379466932289,144.271153926466,36.));
#6486=CARTESIAN_POINT('',(-34.5469883088754,132.467756261584,36.0000000000002));
#6487=CARTESIAN_POINT('Origin',(-50.9379466932289,144.271153926466,36.));
#6488=CARTESIAN_POINT('',(-34.5469883088755,132.467756261584,40.0000000000002));
#6489=CARTESIAN_POINT('',(-34.5469882535752,132.467756221761,40.));
#6490=CARTESIAN_POINT('Origin',(-50.9379466932289,144.271153926466,40.));
#6491=CARTESIAN_POINT('Origin',(-50.9375229646184,144.271012563176,40.));
#6492=CARTESIAN_POINT('Origin',(-50.9375229646184,144.271012563176,36.));
#6493=CARTESIAN_POINT('Origin',(-50.9375229646184,144.271012563176,40.));
#6494=CARTESIAN_POINT('Origin',(-34.1818185208118,132.204790507167,40.));
#6495=CARTESIAN_POINT('Origin',(-34.1818185208118,132.204790507167,36.0000000000007));
#6496=CARTESIAN_POINT('Origin',(-34.1818185208118,132.204790507167,40.0000000000007));
#6497=CARTESIAN_POINT('Origin',(-32.1100312842537,135.793233676014,36.));
#6498=CARTESIAN_POINT('',(-32.5203486880133,135.977997955885,39.9999999999997));
#6499=CARTESIAN_POINT('',(-32.5203486880133,135.977997955885,35.9999999999998));
#6500=CARTESIAN_POINT('',(-32.5203486462313,135.977997937071,36.));
#6501=CARTESIAN_POINT('Origin',(-32.1100312842535,135.793233676014,39.9999999999993));
#6502=CARTESIAN_POINT('Origin',(-32.1100312842537,135.793233676014,35.9999999999993));
#6503=CARTESIAN_POINT('Origin',(-50.9399730993433,144.272157282968,36.));
#6504=CARTESIAN_POINT('',(-32.0504750284076,137.112373429127,36.));
#6505=CARTESIAN_POINT('Origin',(-50.9399730993433,144.272157282968,36.));
#6506=CARTESIAN_POINT('',(-32.0504750284076,137.112373429127,40.));
#6507=CARTESIAN_POINT('',(-32.0504750520522,137.112373438089,40.));
#6508=CARTESIAN_POINT('Origin',(-50.9399730993433,144.272157282968,40.));
#6509=CARTESIAN_POINT('Origin',(-50.9388936503718,144.271615867141,40.));
#6510=CARTESIAN_POINT('Origin',(-50.9388936503718,144.271615867141,36.));
#6511=CARTESIAN_POINT('Origin',(-50.9388936503718,144.271615867141,40.));
#6512=CARTESIAN_POINT('Origin',(-31.6296873578343,136.952881216089,40.));
#6513=CARTESIAN_POINT('Origin',(-31.6296873578343,136.952881216089,36.0000000000001));
#6514=CARTESIAN_POINT('Origin',(-31.6296873578343,136.952881216089,40.0000000000001));
#6515=CARTESIAN_POINT('Origin',(-30.5572505022519,140.95527114592,36.));
#6516=CARTESIAN_POINT('Origin',(-30.5572505022519,140.95527114592,40.0000000000001));
#6517=CARTESIAN_POINT('Origin',(-30.5572505022519,140.95527114592,36.0000000000001));
#6518=CARTESIAN_POINT('Origin',(-42.8756605629044,141.580423639964,36.));
#6519=CARTESIAN_POINT('',(-42.8611154360765,143.580371544046,36.));
#6520=CARTESIAN_POINT('Origin',(-42.8756605629044,141.580423639964,36.));
#6521=CARTESIAN_POINT('',(-42.8611154360765,143.580371544046,40.));
#6522=CARTESIAN_POINT('',(-42.8611154360765,143.580371544046,36.));
#6523=CARTESIAN_POINT('Origin',(-42.8756605629044,141.580423639964,40.));
#6524=CARTESIAN_POINT('Origin',(-43.3906307882062,148.18059242293,36.));
#6525=CARTESIAN_POINT('',(-43.0660633845323,146.207104072255,40.));
#6526=CARTESIAN_POINT('Origin',(-43.3906307882062,148.18059242293,40.));
#6527=CARTESIAN_POINT('',(-43.0660633845323,146.207104072255,36.));
#6528=CARTESIAN_POINT('',(-43.0660633845323,146.207104072255,36.));
#6529=CARTESIAN_POINT('Origin',(-43.3906307882062,148.18059242293,36.));
#6530=CARTESIAN_POINT('Origin',(-47.0293373794722,136.723724569504,36.));
#6531=CARTESIAN_POINT('',(-49.0028255982393,136.39915715186,40.));
#6532=CARTESIAN_POINT('Origin',(-47.0293373794722,136.723724569504,40.));
#6533=CARTESIAN_POINT('',(-49.0028255982393,136.39915715186,36.));
#6534=CARTESIAN_POINT('',(-49.0028255982393,136.39915715186,36.));
#6535=CARTESIAN_POINT('Origin',(-47.0293373794722,136.723724569504,36.));
#6536=CARTESIAN_POINT('Origin',(-53.629504693003,136.208755254272,36.));
#6537=CARTESIAN_POINT('',(-51.6295581264489,136.194210157079,36.));
#6538=CARTESIAN_POINT('Origin',(-53.629504693003,136.208755254272,36.));
#6539=CARTESIAN_POINT('',(-51.6295581264489,136.194210157079,40.));
#6540=CARTESIAN_POINT('',(-51.6295581264489,136.194210157079,36.));
#6541=CARTESIAN_POINT('Origin',(-53.629504693003,136.208755254272,40.));
#6542=CARTESIAN_POINT('Origin',(-48.2473303763678,152.334268993345,36.));
#6543=CARTESIAN_POINT('',(-50.2472775979036,152.348814115209,40.));
#6544=CARTESIAN_POINT('',(-50.2472775979036,152.348814115209,36.));
#6545=CARTESIAN_POINT('',(-50.2472775979036,152.348814115209,36.));
#6546=CARTESIAN_POINT('Origin',(-48.2473303763678,152.334268993345,40.));
#6547=CARTESIAN_POINT('Origin',(-48.2473303763678,152.334268993345,36.));
#6548=CARTESIAN_POINT('Origin',(-54.8474982604512,151.819298788856,36.));
#6549=CARTESIAN_POINT('',(-52.8740100665086,152.143866166753,40.));
#6550=CARTESIAN_POINT('Origin',(-54.8474982604512,151.819298788856,40.));
#6551=CARTESIAN_POINT('',(-52.8740100665086,152.143866166753,36.));
#6552=CARTESIAN_POINT('',(-52.8740100665086,152.143866166753,36.));
#6553=CARTESIAN_POINT('Origin',(-54.8474982604512,151.819298788856,36.));
#6554=CARTESIAN_POINT('Origin',(-59.0011742964166,146.962598721153,36.));
#6555=CARTESIAN_POINT('',(-59.0157193942064,144.962652072591,40.));
#6556=CARTESIAN_POINT('',(-59.0157193942064,144.962652072591,36.));
#6557=CARTESIAN_POINT('',(-59.0157193942064,144.962652072591,36.));
#6558=CARTESIAN_POINT('Origin',(-59.0011742964166,146.962598721153,40.));
#6559=CARTESIAN_POINT('Origin',(-59.0011742964166,146.962598721153,36.));
#6560=CARTESIAN_POINT('Origin',(-58.4862049817807,140.362431385219,36.));
#6561=CARTESIAN_POINT('',(-58.8107723994249,142.335919603986,36.));
#6562=CARTESIAN_POINT('Origin',(-58.4862049817807,140.362431385219,36.));
#6563=CARTESIAN_POINT('',(-58.8107723994249,142.335919603986,40.));
#6564=CARTESIAN_POINT('Origin',(-58.4862049817807,140.362431385219,40.));
#6565=CARTESIAN_POINT('',(-58.8107723994249,142.335919603986,36.));
#6566=CARTESIAN_POINT('Origin',(-50.9384187606114,144.271510639999,40.));
#6567=CARTESIAN_POINT('',(-66.9685883991424,138.611686956014,40.));
#6568=CARTESIAN_POINT('',(-66.9685883991424,138.611686956014,36.));
#6569=CARTESIAN_POINT('',(-66.9685882789327,138.611686998457,36.));
#6570=CARTESIAN_POINT('',(-54.0434171721158,127.557475946041,40.));
#6571=CARTESIAN_POINT('Origin',(-50.9384187606114,144.271510639999,40.));
#6572=CARTESIAN_POINT('',(-54.0434171721158,127.557475946041,36.));
#6573=CARTESIAN_POINT('',(-54.043417224341,127.557475664916,36.));
#6574=CARTESIAN_POINT('Origin',(-50.9384187606114,144.271510639999,36.));
#6575=CARTESIAN_POINT('Origin',(-65.0826868993842,139.277549482811,36.));
#6576=CARTESIAN_POINT('',(-65.4072541995042,141.251036986989,40.));
#6577=CARTESIAN_POINT('',(-65.4072541995042,141.251036986989,36.));
#6578=CARTESIAN_POINT('',(-65.4072541995042,141.251036986989,36.));
#6579=CARTESIAN_POINT('Origin',(-65.0826868993842,139.277549482811,40.));
#6580=CARTESIAN_POINT('Origin',(-65.0826868993842,139.277549482811,36.));
#6581=CARTESIAN_POINT('Origin',(-65.6860965165536,147.0112161923,36.));
#6582=CARTESIAN_POINT('',(-67.6524531662038,147.376510919135,40.));
#6583=CARTESIAN_POINT('',(-67.6524531662038,147.376510919135,36.));
#6584=CARTESIAN_POINT('',(-67.6524533569364,147.376510954568,36.));
#6585=CARTESIAN_POINT('',(-65.7006416125291,145.011269793195,40.));
#6586=CARTESIAN_POINT('Origin',(-65.6860965165536,147.0112161923,40.));
#6587=CARTESIAN_POINT('',(-65.7006416125291,145.011269793195,36.));
#6588=CARTESIAN_POINT('',(-65.7006416125291,145.011269793195,36.));
#6589=CARTESIAN_POINT('Origin',(-65.6860965165536,147.0112161923,36.));
#6590=CARTESIAN_POINT('Origin',(-50.9384189746526,144.271510088738,40.));
#6591=CARTESIAN_POINT('',(-34.9082463168554,149.93133640295,36.));
#6592=CARTESIAN_POINT('',(-47.8334188958172,160.985546797621,36.));
#6593=CARTESIAN_POINT('Origin',(-50.9384189746526,144.271510088738,36.));
#6594=CARTESIAN_POINT('',(-34.9082463168554,149.93133640295,40.));
#6595=CARTESIAN_POINT('',(-34.9082462277326,149.931336434417,36.));
#6596=CARTESIAN_POINT('',(-47.8334188958172,160.985546797621,40.));
#6597=CARTESIAN_POINT('Origin',(-50.9384189746526,144.271510088738,40.));
#6598=CARTESIAN_POINT('',(-47.8334189342896,160.985546590527,36.));
#6599=CARTESIAN_POINT('Origin',(-36.7941490056363,149.265475027181,36.));
#6600=CARTESIAN_POINT('',(-36.4695815844529,147.291986570043,40.));
#6601=CARTESIAN_POINT('',(-36.4695815844529,147.291986570043,36.));
#6602=CARTESIAN_POINT('',(-36.4695815844529,147.291986570043,36.));
#6603=CARTESIAN_POINT('Origin',(-36.7941490056363,149.265475027181,40.));
#6604=CARTESIAN_POINT('Origin',(-36.7941490056363,149.265475027181,36.));
#6605=CARTESIAN_POINT('Origin',(-36.1907392945174,141.531806373808,36.));
#6606=CARTESIAN_POINT('',(-34.2243825266573,141.166512443808,36.));
#6607=CARTESIAN_POINT('',(-36.176194171428,143.531753763837,36.));
#6608=CARTESIAN_POINT('Origin',(-36.1907392945174,141.531806373808,36.));
#6609=CARTESIAN_POINT('',(-34.2243825266573,141.166512443808,40.));
#6610=CARTESIAN_POINT('',(-34.2243828375487,141.166512501563,35.9999999999997));
#6611=CARTESIAN_POINT('',(-36.176194171428,143.531753763837,40.));
#6612=CARTESIAN_POINT('Origin',(-36.1907392945174,141.531806373808,40.));
#6613=CARTESIAN_POINT('',(-36.176194171428,143.531753763837,36.));
#6614=CARTESIAN_POINT('Origin',(-50.9384152915589,144.271509878039,36.));
#6615=CARTESIAN_POINT('',(-45.2785928041248,128.241341016634,40.));
#6616=CARTESIAN_POINT('',(-45.2785928041248,128.241341016634,36.));
#6617=CARTESIAN_POINT('',(-45.2785929483895,128.241341425231,35.9999999999997));
#6618=CARTESIAN_POINT('Origin',(-50.9384152915588,144.271509878039,40.));
#6619=CARTESIAN_POINT('Origin',(-50.9384152915589,144.271509878039,36.));
#6620=CARTESIAN_POINT('Origin',(-45.9444544944692,130.127242813502,36.));
#6621=CARTESIAN_POINT('',(-47.9179429812425,129.802675351781,40.));
#6622=CARTESIAN_POINT('',(-47.9179429812425,129.802675351781,36.));
#6623=CARTESIAN_POINT('',(-47.9179429812425,129.802675351781,36.));
#6624=CARTESIAN_POINT('Origin',(-45.9444544944692,130.127242813502,40.));
#6625=CARTESIAN_POINT('Origin',(-45.9444544944692,130.127242813502,36.));
#6626=CARTESIAN_POINT('Origin',(-53.6781232175987,129.523833041797,36.));
#6627=CARTESIAN_POINT('',(-51.6781758470529,129.509287938756,40.));
#6628=CARTESIAN_POINT('Origin',(-53.6781232175987,129.523833041797,40.));
#6629=CARTESIAN_POINT('',(-51.6781758470529,129.509287938756,36.));
#6630=CARTESIAN_POINT('',(-51.6781758470529,129.509287938756,36.));
#6631=CARTESIAN_POINT('Origin',(-53.6781232175987,129.523833041797,36.));
#6632=CARTESIAN_POINT('Origin',(-48.1987133965695,159.019190263814,36.));
#6633=CARTESIAN_POINT('',(-50.198659817695,159.033735379857,36.));
#6634=CARTESIAN_POINT('Origin',(-48.1987133965695,159.019190263814,36.));
#6635=CARTESIAN_POINT('',(-50.198659817695,159.033735379857,40.));
#6636=CARTESIAN_POINT('Origin',(-48.1987133965695,159.019190263814,40.));
#6637=CARTESIAN_POINT('',(-50.198659817695,159.033735379857,36.));
#6638=CARTESIAN_POINT('Origin',(-50.9384179326476,144.271511711403,36.));
#6639=CARTESIAN_POINT('',(-56.5982426320174,160.301682270547,36.));
#6640=CARTESIAN_POINT('Origin',(-50.9384179326476,144.271511711403,36.));
#6641=CARTESIAN_POINT('',(-56.5982426320175,160.301682270547,40.));
#6642=CARTESIAN_POINT('',(-56.5982425503436,160.301682039225,36.));
#6643=CARTESIAN_POINT('Origin',(-50.9384179326476,144.271511711403,40.));
#6644=CARTESIAN_POINT('Origin',(-55.9323800388389,158.41578070725,36.));
#6645=CARTESIAN_POINT('',(-53.9588925642961,158.740347966832,36.));
#6646=CARTESIAN_POINT('Origin',(-55.9323800388389,158.41578070725,36.));
#6647=CARTESIAN_POINT('',(-53.9588925642961,158.740347966832,40.));
#6648=CARTESIAN_POINT('',(-53.9588925642961,158.740347966832,36.));
#6649=CARTESIAN_POINT('Origin',(-55.9323800388389,158.41578070725,40.));
#6650=CARTESIAN_POINT('Origin',(-50.9384178388614,144.271511782305,44.));
#6651=CARTESIAN_POINT('',(-55.9384178343575,144.271511787671,41.));
#6652=CARTESIAN_POINT('Origin',(-50.9384178388614,144.271511782305,41.));
#6653=CARTESIAN_POINT('',(-55.9384178343575,144.271511787671,44.));
#6654=CARTESIAN_POINT('',(-55.9384178343575,144.271511782305,44.));
#6655=CARTESIAN_POINT('Origin',(-50.9384178388614,144.271511782305,44.));
#6656=CARTESIAN_POINT('Origin',(-50.9384178074594,144.271511532148,49.));
#6657=CARTESIAN_POINT('',(-52.3884178027746,144.271511786771,49.));
#6658=CARTESIAN_POINT('Origin',(-50.9384178074594,144.271511532148,49.));
#6659=CARTESIAN_POINT('',(-52.3884184077842,144.271514043492,36.));
#6660=CARTESIAN_POINT('',(-52.3884178027746,144.271511532148,49.0000000674818));
#6661=CARTESIAN_POINT('Origin',(-50.938418412469,144.271514244276,36.));
#6662=CARTESIAN_POINT('Origin',(-48.3444128284728,142.773862108869,44.));
#6663=CARTESIAN_POINT('',(-47.3444125456804,142.773862108869,44.));
#6664=CARTESIAN_POINT('',(-47.8444126821566,141.907836463019,44.));
#6665=CARTESIAN_POINT('Origin',(-48.3444128284728,142.773862108869,44.));
#6666=CARTESIAN_POINT('',(-47.3444125456804,142.773862108869,49.));
#6667=CARTESIAN_POINT('',(-47.3444125456804,142.773862108869,44.));
#6668=CARTESIAN_POINT('',(-47.8444126821566,141.907836463019,49.));
#6669=CARTESIAN_POINT('Origin',(-48.3444128284728,142.773862108869,49.));
#6670=CARTESIAN_POINT('',(-47.8444126822953,141.907836462939,44.));
#6671=CARTESIAN_POINT('Origin',(-50.9384178472751,141.276212320568,44.));
#6672=CARTESIAN_POINT('',(-50.4384178195983,140.410186879543,44.));
#6673=CARTESIAN_POINT('',(-51.4384178621763,140.410186872167,44.));
#6674=CARTESIAN_POINT('Origin',(-50.9384178472751,141.276212320568,44.));
#6675=CARTESIAN_POINT('',(-50.4384178195983,140.410186879543,49.));
#6676=CARTESIAN_POINT('',(-50.4384178194489,140.410186879629,44.));
#6677=CARTESIAN_POINT('',(-51.4384178621763,140.410186872167,49.));
#6678=CARTESIAN_POINT('Origin',(-50.9384178472751,141.276212320568,49.));
#6679=CARTESIAN_POINT('',(-51.4384178621763,140.410186872167,44.));
#6680=CARTESIAN_POINT('Origin',(-53.5324232545642,142.773861936195,44.));
#6681=CARTESIAN_POINT('',(-54.0324232382768,141.907836541814,44.));
#6682=CARTESIAN_POINT('',(-54.5324232382768,142.77386193637,44.));
#6683=CARTESIAN_POINT('Origin',(-53.5324232545642,142.773861936195,44.));
#6684=CARTESIAN_POINT('',(-54.0324232382768,141.907836541814,49.));
#6685=CARTESIAN_POINT('',(-54.0324232382768,141.907836541814,44.));
#6686=CARTESIAN_POINT('',(-54.5324232382768,142.77386193637,49.));
#6687=CARTESIAN_POINT('Origin',(-53.5324232545642,142.773861936195,49.));
#6688=CARTESIAN_POINT('',(-54.5324232382768,142.773861936195,44.));
#6689=CARTESIAN_POINT('Origin',(-53.5324232545642,145.769161620837,44.));
#6690=CARTESIAN_POINT('',(-54.5324232382768,145.769161620654,49.));
#6691=CARTESIAN_POINT('',(-54.5324232382768,145.769161620654,44.));
#6692=CARTESIAN_POINT('',(-54.5324232382768,145.769161620837,44.));
#6693=CARTESIAN_POINT('',(-54.0324232382768,146.635187015218,49.));
#6694=CARTESIAN_POINT('Origin',(-53.5324232545642,145.769161620837,49.));
#6695=CARTESIAN_POINT('',(-54.0324232382768,146.635187015218,44.));
#6696=CARTESIAN_POINT('',(-54.0324232382768,146.635187015218,44.));
#6697=CARTESIAN_POINT('Origin',(-53.5324232545642,145.769161620837,44.));
#6698=CARTESIAN_POINT('Origin',(-50.9384178472751,147.266811236464,44.));
#6699=CARTESIAN_POINT('',(-51.4384178621763,148.132836684865,49.));
#6700=CARTESIAN_POINT('',(-51.4384178621763,148.132836684865,44.));
#6701=CARTESIAN_POINT('',(-51.4384178621763,148.132836684865,44.));
#6702=CARTESIAN_POINT('',(-50.4384178195983,148.132836677489,49.));
#6703=CARTESIAN_POINT('Origin',(-50.9384178472751,147.266811236464,49.));
#6704=CARTESIAN_POINT('',(-50.4384178195983,148.132836677489,44.));
#6705=CARTESIAN_POINT('',(-50.4384178194489,148.132836677403,44.));
#6706=CARTESIAN_POINT('Origin',(-50.9384178472751,147.266811236464,44.));
#6707=CARTESIAN_POINT('Origin',(-48.3444126219963,145.769161567372,44.));
#6708=CARTESIAN_POINT('',(-47.8444125788855,146.635187034389,49.));
#6709=CARTESIAN_POINT('',(-47.8444125788855,146.635187034389,44.));
#6710=CARTESIAN_POINT('',(-47.844412579057,146.635187034488,44.));
#6711=CARTESIAN_POINT('',(-47.3444125456804,145.769161567372,49.));
#6712=CARTESIAN_POINT('Origin',(-48.3444126219963,145.769161567372,49.));
#6713=CARTESIAN_POINT('',(-47.3444125456804,145.769161567372,44.));
#6714=CARTESIAN_POINT('',(-47.3444125456804,145.769161567372,44.));
#6715=CARTESIAN_POINT('Origin',(-48.3444126219963,145.769161567372,44.));
#6716=CARTESIAN_POINT('Origin',(-50.938418259934,144.271513564059,36.));
#6717=CARTESIAN_POINT('',(-56.6459998824307,144.945417711835,36.));
#6718=CARTESIAN_POINT('',(-52.4894331204986,149.805497882392,36.));
#6719=CARTESIAN_POINT('',(-51.6123237573935,138.563930810086,36.));
#6720=CARTESIAN_POINT('',(-56.4724032005287,142.720496742662,36.));
#6721=CARTESIAN_POINT('',(-45.404432671364,145.822526961375,36.));
#6722=CARTESIAN_POINT('',(-50.2645119819382,149.979094645875,36.));
#6723=CARTESIAN_POINT('',(-49.3874029017854,138.737527353227,36.));
#6724=CARTESIAN_POINT('',(-45.2308360466415,143.59760593638,36.));
#6725=CARTESIAN_POINT('Origin',(-50.938418257163,144.271513552012,40.));
#6726=CARTESIAN_POINT('',(-52.4894331194976,149.805497876305,40.));
#6727=CARTESIAN_POINT('',(-50.2645119819819,149.979094639862,40.));
#6728=CARTESIAN_POINT('',(-45.4044326709796,145.822526961438,40.));
#6729=CARTESIAN_POINT('',(-45.2308360452123,143.59760593637,40.));
#6730=CARTESIAN_POINT('',(-49.3874029007844,138.73752734714,40.));
#6731=CARTESIAN_POINT('',(-51.6123237574373,138.563930804073,40.));
#6732=CARTESIAN_POINT('',(-56.4724032001442,142.720496742725,40.));
#6733=CARTESIAN_POINT('',(-56.6459998810015,144.945417711825,40.));
#6734=CARTESIAN_POINT('Origin',(-39.7678224844926,146.749545321149,38.));
#6735=CARTESIAN_POINT('Origin',(-48.4603842897409,133.100916251821,38.));
#6736=CARTESIAN_POINT('Origin',(-53.4164513154024,155.442107066793,38.));
#6737=CARTESIAN_POINT('Origin',(-62.1090132994646,141.793478295487,38.));
#6738=CARTESIAN_POINT('Origin',(-62.3581805033677,144.986960932893,38.));
#6739=CARTESIAN_POINT('Origin',(-39.5186548037523,143.556062653941,38.));
#6740=CARTESIAN_POINT('Origin',(-51.6538669867509,132.851749047917,38.));
#6741=CARTESIAN_POINT('Origin',(-50.2229687077993,155.691274747533,38.));
#6742=CARTESIAN_POINT('Origin',(-50.9384178462441,144.271511790512,41.));
#6743=CARTESIAN_POINT('Origin',(-50.9384178541305,144.271511800115,44.));
#6744=CARTESIAN_POINT('',(-54.5324232382768,144.271511819118,44.));
#6745=CARTESIAN_POINT('',(-52.7354205526855,147.384011848622,44.));
#6746=CARTESIAN_POINT('',(-49.1414151517196,147.384011828502,44.));
#6747=CARTESIAN_POINT('',(-47.3444125456804,144.271511819118,44.));
#6748=CARTESIAN_POINT('',(-49.1414151423671,141.15901173393,44.));
#6749=CARTESIAN_POINT('',(-52.7354205620381,141.15901171381,44.));
#6750=CARTESIAN_POINT('Origin',(-49.1414151890272,141.15901170699,46.5));
#6751=CARTESIAN_POINT('',(-49.1414151498917,141.159011729585,49.));
#6752=CARTESIAN_POINT('Origin',(-49.1414151890272,147.384011850041,46.5));
#6753=CARTESIAN_POINT('',(-49.1414151560052,147.384011830976,49.));
#6754=CARTESIAN_POINT('Origin',(-54.5324232382768,144.271511838121,46.5));
#6755=CARTESIAN_POINT('',(-54.5324232382768,144.271511815377,49.));
#6756=CARTESIAN_POINT('Origin',(-52.7354205502265,141.15901170699,46.5));
#6757=CARTESIAN_POINT('',(-52.7354205663237,141.159011716284,49.));
#6758=CARTESIAN_POINT('Origin',(-52.7354205502265,147.384011850041,46.5));
#6759=CARTESIAN_POINT('',(-52.7354205602102,147.384011844277,49.));
#6760=CARTESIAN_POINT('Origin',(-50.9384178698776,144.271511792634,49.));
#6761=CARTESIAN_POINT('',(-47.3444125456804,144.271511815377,49.));
#6762=CARTESIAN_POINT('Origin',(-47.3444125456804,144.271511838121,46.5));
#6763=UNCERTAINTY_MEASURE_WITH_UNIT(LENGTH_MEASURE(0.01),#6767,
'DISTANCE_ACCURACY_VALUE',
'Maximum model space distance between geometric entities at asserted c
onnectivities');
#6764=UNCERTAINTY_MEASURE_WITH_UNIT(LENGTH_MEASURE(0.01),#6767,
'DISTANCE_ACCURACY_VALUE',
'Maximum model space distance between geometric entities at asserted c
onnectivities');
#6765=(
GEOMETRIC_REPRESENTATION_CONTEXT(3)
GLOBAL_UNCERTAINTY_ASSIGNED_CONTEXT((#6763))
GLOBAL_UNIT_ASSIGNED_CONTEXT((#6767,#6769,#6770))
REPRESENTATION_CONTEXT('','3D')
);
#6766=(
GEOMETRIC_REPRESENTATION_CONTEXT(3)
GLOBAL_UNCERTAINTY_ASSIGNED_CONTEXT((#6764))
GLOBAL_UNIT_ASSIGNED_CONTEXT((#6767,#6769,#6770))
REPRESENTATION_CONTEXT('','3D')
);
#6767=(
LENGTH_UNIT()
NAMED_UNIT(*)
SI_UNIT(.MILLI.,.METRE.)
);
#6768=(
LENGTH_UNIT()
NAMED_UNIT(*)
SI_UNIT($,.METRE.)
);
#6769=(
NAMED_UNIT(*)
PLANE_ANGLE_UNIT()
SI_UNIT($,.RADIAN.)
);
#6770=(
NAMED_UNIT(*)
SI_UNIT($,.STERADIAN.)
SOLID_ANGLE_UNIT()
);
#6771=SHAPE_DEFINITION_REPRESENTATION(#6772,#6773);
#6772=PRODUCT_DEFINITION_SHAPE('',$,#6775);
#6773=SHAPE_REPRESENTATION('',(#3659),#6765);
#6774=PRODUCT_DEFINITION_CONTEXT('part definition',#6779,'design');
#6775=PRODUCT_DEFINITION('9_Main_Gear','9_Main_Gear v3',#6776,#6774);
#6776=PRODUCT_DEFINITION_FORMATION('',$,#6781);
#6777=PRODUCT_RELATED_PRODUCT_CATEGORY('9_Main_Gear v3',
'9_Main_Gear v3',(#6781));
#6778=APPLICATION_PROTOCOL_DEFINITION('international standard',
'automotive_design',2009,#6779);
#6779=APPLICATION_CONTEXT(
'Core Data for Automotive Mechanical Design Process');
#6780=PRODUCT_CONTEXT('part definition',#6779,'mechanical');
#6781=PRODUCT('9_Main_Gear','9_Main_Gear v3',$,(#6780));
#6782=PRESENTATION_STYLE_ASSIGNMENT((#6783));
#6783=SURFACE_STYLE_USAGE(.BOTH.,#6784);
#6784=SURFACE_SIDE_STYLE('',(#6785));
#6785=SURFACE_STYLE_FILL_AREA(#6786);
#6786=FILL_AREA_STYLE('Steel - Satin',(#6787));
#6787=FILL_AREA_STYLE_COLOUR('Steel - Satin',#6788);
#6788=COLOUR_RGB('Steel - Satin',0.627450980392157,0.627450980392157,0.627450980392157);
ENDSEC;
END-ISO-10303-21;
