ISO-10303-21;
HEADER;
/* Generated by software containing ST-Developer
 * from STEP Tools, Inc. (www.steptools.com) 
 */

FILE_DESCRIPTION(
/* description */ (''),
/* implementation_level */ '2;1');

FILE_NAME(
/* name */ '1_Lid.step',
/* time_stamp */ '2025-10-20T20:34:27-07:00',
/* author */ (''),
/* organization */ (''),
/* preprocessor_version */ 'ST-DEVELOPER v20.1',
/* originating_system */ 'Autodesk Translation Framework v14.17.0.0',
/* authorisation */ '');

FILE_SCHEMA (('AUTOMOTIVE_DESIGN { 1 0 10303 214 3 1 1 }'));
ENDSEC;

DATA;
#10=MECHANICAL_DESIGN_GEOMETRIC_PRESENTATION_REPRESENTATION('',(#13),#2008);
#11=SHAPE_REPRESENTATION_RELATIONSHIP('SRR','None',#2015,#12);
#12=ADVANCED_BREP_SHAPE_REPRESENTATION('',(#14),#2007);
#13=STYLED_ITEM('',(#2024),#14);
#14=MANIFOLD_SOLID_BREP('MeshBody1',#1076);
#15=FACE_BOUND('',#179,.T.);
#16=FACE_BOUND('',#195,.T.);
#17=(
BOUNDED_SURFACE()
B_SPLINE_SURFACE(2,2,((#1770,#1771,#1772),(#1773,#1774,#1775),(#1776,#1777,
#1778)),.UNSPECIFIED.,.F.,.F.,.F.)
B_SPLINE_SURFACE_WITH_KNOTS((3,3),(3,3),(-1.5707963267949,0.),(-3.14159265358979,
-1.5707963267949),.UNSPECIFIED.)
GEOMETRIC_REPRESENTATION_ITEM()
RATIONAL_B_SPLINE_SURFACE(((1.,0.707106781186548,1.),(0.70710678118656,
0.500000000000009,0.70710678118656),(1.,0.707106781186548,1.)))
REPRESENTATION_ITEM('')
SURFACE()
);
#18=(
BOUNDED_SURFACE()
B_SPLINE_SURFACE(2,2,((#1787,#1788,#1789),(#1790,#1791,#1792),(#1793,#1794,
#1795),(#1796,#1797,#1798),(#1799,#1800,#1801)),.UNSPECIFIED.,.F.,.F.,.F.)
B_SPLINE_SURFACE_WITH_KNOTS((3,2,3),(3,3),(-1.57079634745517,-0.785398173684696,
8.5776719046244E-11),(1.57079632683006,3.14159265358979),.UNSPECIFIED.)
GEOMETRIC_REPRESENTATION_ITEM()
RATIONAL_B_SPLINE_SURFACE(((1.,0.707106781198981,1.),(0.923879530526581,
0.653281481046276,0.923879530526581),(1.,0.707106781198981,1.),(0.923879530526526,
0.653281481046237,0.923879530526526),(1.,0.707106781198981,1.)))
REPRESENTATION_ITEM('')
SURFACE()
);
#19=TOROIDAL_SURFACE('',#1104,5.49996937788838,0.499937640102419);
#20=TOROIDAL_SURFACE('',#1106,4.50000120490684,0.499999884553106);
#21=TOROIDAL_SURFACE('',#1111,4.50000158539665,0.499998703988831);
#22=TOROIDAL_SURFACE('',#1116,5.49981829134026,0.499944784180913);
#23=CYLINDRICAL_SURFACE('',#1101,4.99999638418503);
#24=CYLINDRICAL_SURFACE('',#1119,4.99999638418503);
#25=CYLINDRICAL_SURFACE('',#1129,2.5);
#26=CYLINDRICAL_SURFACE('',#1132,2.5);
#27=CYLINDRICAL_SURFACE('',#1135,15.0000000006085);
#28=CYLINDRICAL_SURFACE('',#1136,15.);
#29=CYLINDRICAL_SURFACE('',#1137,4.99999809265173);
#30=CYLINDRICAL_SURFACE('',#1139,4.99999809265173);
#31=CYLINDRICAL_SURFACE('',#1141,0.5);
#32=CYLINDRICAL_SURFACE('',#1142,0.5);
#33=CYLINDRICAL_SURFACE('',#1143,3.);
#34=CYLINDRICAL_SURFACE('',#1146,3.);
#35=CYLINDRICAL_SURFACE('',#1149,2.5);
#36=CYLINDRICAL_SURFACE('',#1152,10.);
#37=CYLINDRICAL_SURFACE('',#1153,10.);
#38=CYLINDRICAL_SURFACE('',#1155,10.0000000034311);
#39=CYLINDRICAL_SURFACE('',#1157,3.);
#40=CYLINDRICAL_SURFACE('',#1160,3.);
#41=ELLIPSE('',#1094,2.79964748210307,2.79964244431791);
#42=ELLIPSE('',#1096,2.79964756780301,2.79964253248917);
#43=ELLIPSE('',#1131,3.53553071155858,2.5);
#44=ELLIPSE('',#1133,3.53552568904797,2.5);
#45=PLANE('',#1092);
#46=PLANE('',#1097);
#47=PLANE('',#1100);
#48=PLANE('',#1163);
#49=PLANE('',#1164);
#50=PLANE('',#1165);
#51=PLANE('',#1166);
#52=PLANE('',#1167);
#53=PLANE('',#1168);
#54=PLANE('',#1169);
#55=PLANE('',#1170);
#56=PLANE('',#1171);
#57=PLANE('',#1172);
#58=PLANE('',#1173);
#59=PLANE('',#1174);
#60=PLANE('',#1175);
#61=PLANE('',#1176);
#62=PLANE('',#1177);
#63=PLANE('',#1178);
#64=PLANE('',#1179);
#65=PLANE('',#1180);
#66=PLANE('',#1181);
#67=PLANE('',#1182);
#68=PLANE('',#1183);
#69=PLANE('',#1184);
#70=PLANE('',#1185);
#71=PLANE('',#1186);
#72=PLANE('',#1187);
#73=PLANE('',#1188);
#74=PLANE('',#1189);
#75=PLANE('',#1190);
#76=FACE_OUTER_BOUND('',#135,.T.);
#77=FACE_OUTER_BOUND('',#136,.T.);
#78=FACE_OUTER_BOUND('',#137,.T.);
#79=FACE_OUTER_BOUND('',#138,.T.);
#80=FACE_OUTER_BOUND('',#139,.T.);
#81=FACE_OUTER_BOUND('',#140,.T.);
#82=FACE_OUTER_BOUND('',#141,.T.);
#83=FACE_OUTER_BOUND('',#142,.T.);
#84=FACE_OUTER_BOUND('',#143,.T.);
#85=FACE_OUTER_BOUND('',#144,.T.);
#86=FACE_OUTER_BOUND('',#145,.T.);
#87=FACE_OUTER_BOUND('',#146,.T.);
#88=FACE_OUTER_BOUND('',#147,.T.);
#89=FACE_OUTER_BOUND('',#148,.T.);
#90=FACE_OUTER_BOUND('',#149,.T.);
#91=FACE_OUTER_BOUND('',#150,.T.);
#92=FACE_OUTER_BOUND('',#151,.T.);
#93=FACE_OUTER_BOUND('',#152,.T.);
#94=FACE_OUTER_BOUND('',#153,.T.);
#95=FACE_OUTER_BOUND('',#154,.T.);
#96=FACE_OUTER_BOUND('',#155,.T.);
#97=FACE_OUTER_BOUND('',#156,.T.);
#98=FACE_OUTER_BOUND('',#157,.T.);
#99=FACE_OUTER_BOUND('',#158,.T.);
#100=FACE_OUTER_BOUND('',#159,.T.);
#101=FACE_OUTER_BOUND('',#160,.T.);
#102=FACE_OUTER_BOUND('',#161,.T.);
#103=FACE_OUTER_BOUND('',#162,.T.);
#104=FACE_OUTER_BOUND('',#163,.T.);
#105=FACE_OUTER_BOUND('',#164,.T.);
#106=FACE_OUTER_BOUND('',#165,.T.);
#107=FACE_OUTER_BOUND('',#166,.T.);
#108=FACE_OUTER_BOUND('',#167,.T.);
#109=FACE_OUTER_BOUND('',#168,.T.);
#110=FACE_OUTER_BOUND('',#169,.T.);
#111=FACE_OUTER_BOUND('',#170,.T.);
#112=FACE_OUTER_BOUND('',#171,.T.);
#113=FACE_OUTER_BOUND('',#172,.T.);
#114=FACE_OUTER_BOUND('',#173,.T.);
#115=FACE_OUTER_BOUND('',#174,.T.);
#116=FACE_OUTER_BOUND('',#175,.T.);
#117=FACE_OUTER_BOUND('',#176,.T.);
#118=FACE_OUTER_BOUND('',#177,.T.);
#119=FACE_OUTER_BOUND('',#178,.T.);
#120=FACE_OUTER_BOUND('',#180,.T.);
#121=FACE_OUTER_BOUND('',#181,.T.);
#122=FACE_OUTER_BOUND('',#182,.T.);
#123=FACE_OUTER_BOUND('',#183,.T.);
#124=FACE_OUTER_BOUND('',#184,.T.);
#125=FACE_OUTER_BOUND('',#185,.T.);
#126=FACE_OUTER_BOUND('',#186,.T.);
#127=FACE_OUTER_BOUND('',#187,.T.);
#128=FACE_OUTER_BOUND('',#188,.T.);
#129=FACE_OUTER_BOUND('',#189,.T.);
#130=FACE_OUTER_BOUND('',#190,.T.);
#131=FACE_OUTER_BOUND('',#191,.T.);
#132=FACE_OUTER_BOUND('',#192,.T.);
#133=FACE_OUTER_BOUND('',#193,.T.);
#134=FACE_OUTER_BOUND('',#194,.T.);
#135=EDGE_LOOP('',(#703,#704,#705,#706));
#136=EDGE_LOOP('',(#707,#708,#709,#710));
#137=EDGE_LOOP('',(#711,#712,#713,#714));
#138=EDGE_LOOP('',(#715,#716,#717,#718));
#139=EDGE_LOOP('',(#719,#720,#721,#722));
#140=EDGE_LOOP('',(#723,#724,#725,#726));
#141=EDGE_LOOP('',(#727,#728,#729,#730));
#142=EDGE_LOOP('',(#731,#732,#733,#734));
#143=EDGE_LOOP('',(#735,#736,#737,#738));
#144=EDGE_LOOP('',(#739,#740,#741,#742));
#145=EDGE_LOOP('',(#743,#744,#745,#746));
#146=EDGE_LOOP('',(#747,#748,#749,#750));
#147=EDGE_LOOP('',(#751,#752,#753,#754));
#148=EDGE_LOOP('',(#755,#756,#757,#758));
#149=EDGE_LOOP('',(#759,#760,#761,#762));
#150=EDGE_LOOP('',(#763,#764,#765,#766,#767));
#151=EDGE_LOOP('',(#768,#769,#770,#771,#772));
#152=EDGE_LOOP('',(#773,#774,#775,#776));
#153=EDGE_LOOP('',(#777,#778,#779,#780));
#154=EDGE_LOOP('',(#781,#782,#783,#784));
#155=EDGE_LOOP('',(#785,#786,#787,#788));
#156=EDGE_LOOP('',(#789,#790,#791,#792));
#157=EDGE_LOOP('',(#793,#794,#795,#796));
#158=EDGE_LOOP('',(#797,#798,#799,#800));
#159=EDGE_LOOP('',(#801,#802,#803,#804));
#160=EDGE_LOOP('',(#805,#806,#807,#808));
#161=EDGE_LOOP('',(#809,#810,#811,#812));
#162=EDGE_LOOP('',(#813,#814,#815,#816));
#163=EDGE_LOOP('',(#817,#818,#819,#820));
#164=EDGE_LOOP('',(#821,#822,#823,#824));
#165=EDGE_LOOP('',(#825,#826,#827,#828));
#166=EDGE_LOOP('',(#829,#830,#831,#832));
#167=EDGE_LOOP('',(#833,#834,#835,#836));
#168=EDGE_LOOP('',(#837,#838,#839,#840,#841));
#169=EDGE_LOOP('',(#842,#843,#844,#845));
#170=EDGE_LOOP('',(#846,#847,#848,#849));
#171=EDGE_LOOP('',(#850,#851,#852,#853,#854));
#172=EDGE_LOOP('',(#855,#856,#857,#858));
#173=EDGE_LOOP('',(#859,#860,#861,#862));
#174=EDGE_LOOP('',(#863,#864,#865,#866,#867,#868,#869,#870,#871,#872,#873,
#874,#875,#876));
#175=EDGE_LOOP('',(#877,#878,#879,#880,#881,#882));
#176=EDGE_LOOP('',(#883,#884,#885,#886));
#177=EDGE_LOOP('',(#887,#888,#889,#890,#891));
#178=EDGE_LOOP('',(#892,#893,#894,#895,#896,#897,#898,#899,#900,#901,#902,
#903,#904,#905,#906,#907,#908,#909,#910,#911));
#179=EDGE_LOOP('',(#912,#913,#914,#915,#916,#917,#918,#919));
#180=EDGE_LOOP('',(#920,#921,#922,#923,#924,#925));
#181=EDGE_LOOP('',(#926,#927,#928,#929,#930,#931,#932,#933,#934,#935));
#182=EDGE_LOOP('',(#936,#937,#938,#939));
#183=EDGE_LOOP('',(#940,#941,#942,#943,#944,#945,#946));
#184=EDGE_LOOP('',(#947,#948,#949,#950));
#185=EDGE_LOOP('',(#951,#952,#953,#954));
#186=EDGE_LOOP('',(#955,#956,#957,#958,#959,#960));
#187=EDGE_LOOP('',(#961,#962,#963,#964));
#188=EDGE_LOOP('',(#965,#966,#967,#968,#969));
#189=EDGE_LOOP('',(#970,#971,#972,#973,#974,#975,#976,#977));
#190=EDGE_LOOP('',(#978,#979,#980,#981,#982,#983,#984));
#191=EDGE_LOOP('',(#985,#986,#987,#988,#989,#990));
#192=EDGE_LOOP('',(#991,#992,#993,#994));
#193=EDGE_LOOP('',(#995,#996,#997,#998));
#194=EDGE_LOOP('',(#999,#1000,#1001,#1002,#1003,#1004));
#195=EDGE_LOOP('',(#1005,#1006,#1007,#1008,#1009,#1010,#1011,#1012));
#196=CIRCLE('',#1091,14.7000787695804);
#197=CIRCLE('',#1099,14.7000827784576);
#198=CIRCLE('',#1102,4.99999638418503);
#199=CIRCLE('',#1103,4.99999638418503);
#200=CIRCLE('',#1105,0.5);
#201=CIRCLE('',#1107,0.499999884553106);
#202=CIRCLE('',#1108,4.50000124171422);
#203=CIRCLE('',#1109,0.5);
#204=CIRCLE('',#1110,4.99999809265173);
#205=CIRCLE('',#1112,0.499998703988831);
#206=CIRCLE('',#1113,4.99999809265173);
#207=CIRCLE('',#1114,0.5);
#208=CIRCLE('',#1115,4.50000054462334);
#209=CIRCLE('',#1117,0.5);
#210=CIRCLE('',#1118,4.99999638418503);
#211=CIRCLE('',#1120,4.99999638418503);
#212=CIRCLE('',#1121,15.);
#213=CIRCLE('',#1122,10.);
#214=CIRCLE('',#1123,5.);
#215=CIRCLE('',#1124,10.);
#216=CIRCLE('',#1125,5.00000000022805);
#217=CIRCLE('',#1126,10.);
#218=CIRCLE('',#1127,15.0000000006085);
#219=CIRCLE('',#1128,10.0000000034311);
#220=CIRCLE('',#1130,2.5);
#221=CIRCLE('',#1134,2.5);
#222=CIRCLE('',#1138,4.99999809265173);
#223=CIRCLE('',#1140,4.99999809265173);
#224=CIRCLE('',#1144,3.);
#225=CIRCLE('',#1145,3.);
#226=CIRCLE('',#1147,3.);
#227=CIRCLE('',#1148,3.);
#228=CIRCLE('',#1150,2.5);
#229=CIRCLE('',#1151,2.5);
#230=CIRCLE('',#1154,10.);
#231=CIRCLE('',#1156,10.0000000034311);
#232=CIRCLE('',#1158,3.);
#233=CIRCLE('',#1159,3.);
#234=CIRCLE('',#1161,3.);
#235=CIRCLE('',#1162,3.);
#236=B_SPLINE_CURVE_WITH_KNOTS('',3,(#1504,#1505,#1506,#1507,#1508,#1509,
#1510,#1511,#1512,#1513,#1514,#1515,#1516,#1517,#1518,#1519,#1520,#1521),
 .UNSPECIFIED.,.F.,.F.,(4,2,2,2,2,2,2,2,4),(-22.6012020611599,-19.7760518035235,
-16.9509015458871,-14.1257512882507,-11.3006010306144,-8.47545077297685,
-5.65030051533933,-2.82515025770181,-6.42863540178951E-11),
 .UNSPECIFIED.);
#237=B_SPLINE_CURVE_WITH_KNOTS('',3,(#1536,#1537,#1538,#1539,#1540,#1541,
#1542,#1543,#1544,#1545,#1546,#1547,#1548,#1549,#1550,#1551,#1552,#1553),
 .UNSPECIFIED.,.F.,.F.,(4,2,2,2,2,2,2,2,4),(7.98220249429039E-9,0.470858379213314,
0.941716750444426,1.41257512167554,1.88343349290665,2.35429186407635,2.82515023524606,
3.29600860641577,3.76686697758547),.UNSPECIFIED.);
#238=B_SPLINE_CURVE_WITH_KNOTS('',3,(#1564,#1565,#1566,#1567,#1568,#1569,
#1570,#1571,#1572,#1573,#1574,#1575,#1576,#1577,#1578,#1579,#1580,#1581),
 .UNSPECIFIED.,.F.,.F.,(4,2,2,2,2,2,2,2,4),(11.3006010221501,11.7714593933183,
12.2423177644865,12.7131761356547,13.1840345068228,13.6548928780524,14.125751249282,
14.5966096205115,15.0674679917411),.UNSPECIFIED.);
#239=B_SPLINE_CURVE_WITH_KNOTS('',3,(#1594,#1595,#1596,#1597,#1598,#1599,
#1600,#1601,#1602,#1603,#1604,#1605,#1606,#1607,#1608,#1609,#1610,#1611),
 .UNSPECIFIED.,.F.,.F.,(4,2,2,2,2,2,2,2,4),(6.05692830062806E-11,2.82515023160056,
5.65030046314054,8.47545069468053,11.3006009262205,14.1257511577617,16.9509013893028,
19.776051620844,22.6011694555642),.UNSPECIFIED.);
#240=B_SPLINE_CURVE_WITH_KNOTS('',3,(#1630,#1631,#1632,#1633,#1634,#1635,
#1636,#1637,#1638,#1639,#1640,#1641,#1642,#1643,#1644,#1645,#1646,#1647,
#1648,#1649,#1650,#1651,#1652,#1653,#1654,#1655,#1656,#1657,#1658,#1659,
#1660,#1661,#1662,#1663,#1664,#1665,#1666,#1667,#1668,#1669,#1670,#1671,
#1672),.UNSPECIFIED.,.F.,.F.,(4,3,3,3,3,3,3,3,3,3,3,3,3,3,4),(4.62441832447694E-10,
0.0868492694440258,0.173695807645436,0.260540126643533,0.347391120567284,
0.434236610364552,0.52108378318488,0.5457024771926,0.632552822588194,0.719400035359801,
0.80624462728978,0.893095305569233,0.979940137210715,1.06678616523739,1.09140495436788),
 .UNSPECIFIED.);
#241=B_SPLINE_CURVE_WITH_KNOTS('',3,(#1673,#1674,#1675,#1676,#1677,#1678,
#1679,#1680,#1681,#1682,#1683,#1684,#1685,#1686,#1687,#1688),
 .UNSPECIFIED.,.F.,.F.,(4,2,2,2,2,2,2,4),(2.6154852713067,2.61577925400583,
2.66639407517036,2.73920567757609,2.89602537123563,3.05284506489517,3.58740077194819,
4.12195647900121),.UNSPECIFIED.);
#242=B_SPLINE_CURVE_WITH_KNOTS('',3,(#1715,#1716,#1717,#1718,#1719,#1720),
 .UNSPECIFIED.,.F.,.F.,(4,1,1,4),(0.,0.803247349933084,1.19485594766887,
1.58782548512771),.UNSPECIFIED.);
#243=B_SPLINE_CURVE_WITH_KNOTS('',3,(#1721,#1722,#1723,#1724,#1725,#1726,
#1727,#1728,#1729,#1730,#1731,#1732,#1733,#1734,#1735,#1736,#1737,#1738,
#1739,#1740,#1741,#1742,#1743,#1744,#1745,#1746,#1747,#1748,#1749,#1750,
#1751,#1752,#1753,#1754,#1755,#1756,#1757,#1758,#1759,#1760,#1761,#1762,
#1763),.UNSPECIFIED.,.F.,.F.,(4,3,3,3,3,3,3,3,3,3,3,3,3,3,4),(1.65600224278936E-15,
0.0868516242455828,0.173701000278617,0.260548638380863,0.347403653940525,
0.434253573987336,0.521105755096226,0.545717259529499,0.63257271919962,
0.719424444218252,0.806272941752234,0.893126626097105,0.979973937079911,
1.06682168786764,1.09143451892204),.UNSPECIFIED.);
#244=LINE('',#1502,#347);
#245=LINE('',#1523,#348);
#246=LINE('',#1527,#349);
#247=LINE('',#1529,#350);
#248=LINE('',#1530,#351);
#249=LINE('',#1534,#352);
#250=LINE('',#1555,#353);
#251=LINE('',#1562,#354);
#252=LINE('',#1582,#355);
#253=LINE('',#1586,#356);
#254=LINE('',#1587,#357);
#255=LINE('',#1588,#358);
#256=LINE('',#1592,#359);
#257=LINE('',#1614,#360);
#258=LINE('',#1616,#361);
#259=LINE('',#1617,#362);
#260=LINE('',#1621,#363);
#261=LINE('',#1625,#364);
#262=LINE('',#1766,#365);
#263=LINE('',#1769,#366);
#264=LINE('',#1812,#367);
#265=LINE('',#1814,#368);
#266=LINE('',#1820,#369);
#267=LINE('',#1825,#370);
#268=LINE('',#1827,#371);
#269=LINE('',#1828,#372);
#270=LINE('',#1830,#373);
#271=LINE('',#1831,#374);
#272=LINE('',#1834,#375);
#273=LINE('',#1836,#376);
#274=LINE('',#1840,#377);
#275=LINE('',#1843,#378);
#276=LINE('',#1845,#379);
#277=LINE('',#1846,#380);
#278=LINE('',#1848,#381);
#279=LINE('',#1849,#382);
#280=LINE('',#1855,#383);
#281=LINE('',#1858,#384);
#282=LINE('',#1864,#385);
#283=LINE('',#1867,#386);
#284=LINE('',#1871,#387);
#285=LINE('',#1875,#388);
#286=LINE('',#1878,#389);
#287=LINE('',#1879,#390);
#288=LINE('',#1882,#391);
#289=LINE('',#1884,#392);
#290=LINE('',#1888,#393);
#291=LINE('',#1890,#394);
#292=LINE('',#1895,#395);
#293=LINE('',#1899,#396);
#294=LINE('',#1904,#397);
#295=LINE('',#1908,#398);
#296=LINE('',#1911,#399);
#297=LINE('',#1913,#400);
#298=LINE('',#1916,#401);
#299=LINE('',#1917,#402);
#300=LINE('',#1919,#403);
#301=LINE('',#1920,#404);
#302=LINE('',#1922,#405);
#303=LINE('',#1923,#406);
#304=LINE('',#1926,#407);
#305=LINE('',#1927,#408);
#306=LINE('',#1931,#409);
#307=LINE('',#1933,#410);
#308=LINE('',#1935,#411);
#309=LINE('',#1936,#412);
#310=LINE('',#1940,#413);
#311=LINE('',#1942,#414);
#312=LINE('',#1944,#415);
#313=LINE('',#1945,#416);
#314=LINE('',#1947,#417);
#315=LINE('',#1948,#418);
#316=LINE('',#1949,#419);
#317=LINE('',#1950,#420);
#318=LINE('',#1951,#421);
#319=LINE('',#1953,#422);
#320=LINE('',#1956,#423);
#321=LINE('',#1958,#424);
#322=LINE('',#1959,#425);
#323=LINE('',#1961,#426);
#324=LINE('',#1962,#427);
#325=LINE('',#1964,#428);
#326=LINE('',#1965,#429);
#327=LINE('',#1966,#430);
#328=LINE('',#1967,#431);
#329=LINE('',#1968,#432);
#330=LINE('',#1972,#433);
#331=LINE('',#1973,#434);
#332=LINE('',#1974,#435);
#333=LINE('',#1975,#436);
#334=LINE('',#1979,#437);
#335=LINE('',#1980,#438);
#336=LINE('',#1981,#439);
#337=LINE('',#1984,#440);
#338=LINE('',#1986,#441);
#339=LINE('',#1989,#442);
#340=LINE('',#1990,#443);
#341=LINE('',#1992,#444);
#342=LINE('',#1996,#445);
#343=LINE('',#1997,#446);
#344=LINE('',#1999,#447);
#345=LINE('',#2001,#448);
#346=LINE('',#2003,#449);
#347=VECTOR('',#1195,1.);
#348=VECTOR('',#1196,1.);
#349=VECTOR('',#1201,1.);
#350=VECTOR('',#1202,1.);
#351=VECTOR('',#1203,1.);
#352=VECTOR('',#1206,1.);
#353=VECTOR('',#1207,1.);
#354=VECTOR('',#1214,1.);
#355=VECTOR('',#1215,1.);
#356=VECTOR('',#1218,1.);
#357=VECTOR('',#1219,1.);
#358=VECTOR('',#1220,1.);
#359=VECTOR('',#1223,1.);
#360=VECTOR('',#1228,1.);
#361=VECTOR('',#1229,1.);
#362=VECTOR('',#1230,1.);
#363=VECTOR('',#1233,1.);
#364=VECTOR('',#1236,1.);
#365=VECTOR('',#1271,1.);
#366=VECTOR('',#1274,1.);
#367=VECTOR('',#1293,1.);
#368=VECTOR('',#1294,1.);
#369=VECTOR('',#1301,1.);
#370=VECTOR('',#1306,1.);
#371=VECTOR('',#1309,1.);
#372=VECTOR('',#1310,1.);
#373=VECTOR('',#1313,1.);
#374=VECTOR('',#1314,1.);
#375=VECTOR('',#1317,1.);
#376=VECTOR('',#1318,1.);
#377=VECTOR('',#1323,1.);
#378=VECTOR('',#1326,1.);
#379=VECTOR('',#1329,1.);
#380=VECTOR('',#1330,1.);
#381=VECTOR('',#1333,1.);
#382=VECTOR('',#1334,1.);
#383=VECTOR('',#1339,1.);
#384=VECTOR('',#1342,1.);
#385=VECTOR('',#1347,1.);
#386=VECTOR('',#1350,1.);
#387=VECTOR('',#1353,1.);
#388=VECTOR('',#1356,1.);
#389=VECTOR('',#1361,1.);
#390=VECTOR('',#1362,1.);
#391=VECTOR('',#1365,1.);
#392=VECTOR('',#1366,1.);
#393=VECTOR('',#1371,1.);
#394=VECTOR('',#1372,1.);
#395=VECTOR('',#1377,1.);
#396=VECTOR('',#1380,1.);
#397=VECTOR('',#1385,1.);
#398=VECTOR('',#1388,1.);
#399=VECTOR('',#1393,1.);
#400=VECTOR('',#1396,1.);
#401=VECTOR('',#1399,1.);
#402=VECTOR('',#1400,1.);
#403=VECTOR('',#1403,1.);
#404=VECTOR('',#1404,1.);
#405=VECTOR('',#1407,1.);
#406=VECTOR('',#1408,1.);
#407=VECTOR('',#1411,1.);
#408=VECTOR('',#1412,1.);
#409=VECTOR('',#1415,1.);
#410=VECTOR('',#1416,1.);
#411=VECTOR('',#1417,1.);
#412=VECTOR('',#1418,1.);
#413=VECTOR('',#1421,1.);
#414=VECTOR('',#1422,1.);
#415=VECTOR('',#1423,1.);
#416=VECTOR('',#1424,1.);
#417=VECTOR('',#1427,1.);
#418=VECTOR('',#1428,1.);
#419=VECTOR('',#1429,1.);
#420=VECTOR('',#1430,1.);
#421=VECTOR('',#1431,1.);
#422=VECTOR('',#1434,1.);
#423=VECTOR('',#1437,1.);
#424=VECTOR('',#1438,1.);
#425=VECTOR('',#1439,1.);
#426=VECTOR('',#1442,1.);
#427=VECTOR('',#1443,1.);
#428=VECTOR('',#1446,1.);
#429=VECTOR('',#1447,1.);
#430=VECTOR('',#1448,1.);
#431=VECTOR('',#1449,1.);
#432=VECTOR('',#1450,1.);
#433=VECTOR('',#1455,1.);
#434=VECTOR('',#1456,1.);
#435=VECTOR('',#1457,1.);
#436=VECTOR('',#1458,1.);
#437=VECTOR('',#1463,1.);
#438=VECTOR('',#1464,1.);
#439=VECTOR('',#1465,1.);
#440=VECTOR('',#1470,1.);
#441=VECTOR('',#1473,1.);
#442=VECTOR('',#1476,1.);
#443=VECTOR('',#1477,1.);
#444=VECTOR('',#1480,1.);
#445=VECTOR('',#1485,1.);
#446=VECTOR('',#1486,1.);
#447=VECTOR('',#1489,1.);
#448=VECTOR('',#1492,1.);
#449=VECTOR('',#1495,1.);
#450=VERTEX_POINT('',#1500);
#451=VERTEX_POINT('',#1501);
#452=VERTEX_POINT('',#1503);
#453=VERTEX_POINT('',#1522);
#454=VERTEX_POINT('',#1526);
#455=VERTEX_POINT('',#1528);
#456=VERTEX_POINT('',#1532);
#457=VERTEX_POINT('',#1533);
#458=VERTEX_POINT('',#1535);
#459=VERTEX_POINT('',#1554);
#460=VERTEX_POINT('',#1558);
#461=VERTEX_POINT('',#1559);
#462=VERTEX_POINT('',#1561);
#463=VERTEX_POINT('',#1563);
#464=VERTEX_POINT('',#1584);
#465=VERTEX_POINT('',#1585);
#466=VERTEX_POINT('',#1590);
#467=VERTEX_POINT('',#1591);
#468=VERTEX_POINT('',#1613);
#469=VERTEX_POINT('',#1615);
#470=VERTEX_POINT('',#1619);
#471=VERTEX_POINT('',#1620);
#472=VERTEX_POINT('',#1622);
#473=VERTEX_POINT('',#1624);
#474=VERTEX_POINT('',#1628);
#475=VERTEX_POINT('',#1629);
#476=VERTEX_POINT('',#1691);
#477=VERTEX_POINT('',#1692);
#478=VERTEX_POINT('',#1694);
#479=VERTEX_POINT('',#1696);
#480=VERTEX_POINT('',#1700);
#481=VERTEX_POINT('',#1701);
#482=VERTEX_POINT('',#1703);
#483=VERTEX_POINT('',#1705);
#484=VERTEX_POINT('',#1709);
#485=VERTEX_POINT('',#1710);
#486=VERTEX_POINT('',#1712);
#487=VERTEX_POINT('',#1714);
#488=VERTEX_POINT('',#1765);
#489=VERTEX_POINT('',#1767);
#490=VERTEX_POINT('',#1779);
#491=VERTEX_POINT('',#1780);
#492=VERTEX_POINT('',#1782);
#493=VERTEX_POINT('',#1784);
#494=VERTEX_POINT('',#1802);
#495=VERTEX_POINT('',#1803);
#496=VERTEX_POINT('',#1805);
#497=VERTEX_POINT('',#1807);
#498=VERTEX_POINT('',#1811);
#499=VERTEX_POINT('',#1813);
#500=VERTEX_POINT('',#1815);
#501=VERTEX_POINT('',#1819);
#502=VERTEX_POINT('',#1821);
#503=VERTEX_POINT('',#1823);
#504=VERTEX_POINT('',#1833);
#505=VERTEX_POINT('',#1835);
#506=VERTEX_POINT('',#1839);
#507=VERTEX_POINT('',#1841);
#508=VERTEX_POINT('',#1851);
#509=VERTEX_POINT('',#1852);
#510=VERTEX_POINT('',#1854);
#511=VERTEX_POINT('',#1856);
#512=VERTEX_POINT('',#1860);
#513=VERTEX_POINT('',#1861);
#514=VERTEX_POINT('',#1863);
#515=VERTEX_POINT('',#1865);
#516=VERTEX_POINT('',#1869);
#517=VERTEX_POINT('',#1870);
#518=VERTEX_POINT('',#1872);
#519=VERTEX_POINT('',#1874);
#520=VERTEX_POINT('',#1881);
#521=VERTEX_POINT('',#1883);
#522=VERTEX_POINT('',#1887);
#523=VERTEX_POINT('',#1889);
#524=VERTEX_POINT('',#1893);
#525=VERTEX_POINT('',#1894);
#526=VERTEX_POINT('',#1896);
#527=VERTEX_POINT('',#1898);
#528=VERTEX_POINT('',#1902);
#529=VERTEX_POINT('',#1903);
#530=VERTEX_POINT('',#1905);
#531=VERTEX_POINT('',#1907);
#532=VERTEX_POINT('',#1915);
#533=VERTEX_POINT('',#1925);
#534=VERTEX_POINT('',#1929);
#535=VERTEX_POINT('',#1930);
#536=VERTEX_POINT('',#1932);
#537=VERTEX_POINT('',#1934);
#538=VERTEX_POINT('',#1938);
#539=VERTEX_POINT('',#1939);
#540=VERTEX_POINT('',#1941);
#541=VERTEX_POINT('',#1943);
#542=VERTEX_POINT('',#1955);
#543=VERTEX_POINT('',#1957);
#544=VERTEX_POINT('',#1971);
#545=VERTEX_POINT('',#1978);
#546=VERTEX_POINT('',#1988);
#547=VERTEX_POINT('',#1995);
#548=EDGE_CURVE('',#450,#451,#244,.T.);
#549=EDGE_CURVE('',#452,#450,#236,.T.);
#550=EDGE_CURVE('',#453,#452,#245,.T.);
#551=EDGE_CURVE('',#451,#453,#196,.T.);
#552=EDGE_CURVE('',#453,#454,#246,.T.);
#553=EDGE_CURVE('',#455,#452,#247,.T.);
#554=EDGE_CURVE('',#454,#455,#248,.T.);
#555=EDGE_CURVE('',#456,#457,#249,.T.);
#556=EDGE_CURVE('',#458,#456,#237,.T.);
#557=EDGE_CURVE('',#459,#458,#250,.T.);
#558=EDGE_CURVE('',#457,#459,#41,.T.);
#559=EDGE_CURVE('',#460,#461,#42,.T.);
#560=EDGE_CURVE('',#462,#460,#251,.T.);
#561=EDGE_CURVE('',#463,#462,#238,.T.);
#562=EDGE_CURVE('',#461,#463,#252,.T.);
#563=EDGE_CURVE('',#464,#465,#253,.T.);
#564=EDGE_CURVE('',#456,#464,#254,.T.);
#565=EDGE_CURVE('',#465,#457,#255,.T.);
#566=EDGE_CURVE('',#466,#467,#256,.T.);
#567=EDGE_CURVE('',#454,#466,#197,.T.);
#568=EDGE_CURVE('',#467,#455,#239,.T.);
#569=EDGE_CURVE('',#468,#463,#257,.T.);
#570=EDGE_CURVE('',#469,#468,#258,.T.);
#571=EDGE_CURVE('',#461,#469,#259,.T.);
#572=EDGE_CURVE('',#470,#471,#260,.T.);
#573=EDGE_CURVE('',#472,#470,#198,.T.);
#574=EDGE_CURVE('',#473,#472,#261,.T.);
#575=EDGE_CURVE('',#471,#473,#199,.T.);
#576=EDGE_CURVE('',#474,#475,#240,.T.);
#577=EDGE_CURVE('',#472,#474,#241,.T.);
#578=EDGE_CURVE('',#475,#470,#200,.T.);
#579=EDGE_CURVE('',#476,#477,#201,.T.);
#580=EDGE_CURVE('',#478,#476,#202,.T.);
#581=EDGE_CURVE('',#479,#478,#203,.T.);
#582=EDGE_CURVE('',#477,#479,#204,.T.);
#583=EDGE_CURVE('',#480,#481,#205,.T.);
#584=EDGE_CURVE('',#482,#480,#206,.T.);
#585=EDGE_CURVE('',#483,#482,#207,.T.);
#586=EDGE_CURVE('',#481,#483,#208,.T.);
#587=EDGE_CURVE('',#484,#485,#209,.T.);
#588=EDGE_CURVE('',#486,#484,#210,.T.);
#589=EDGE_CURVE('',#487,#486,#242,.T.);
#590=EDGE_CURVE('',#485,#487,#243,.T.);
#591=EDGE_CURVE('',#488,#484,#262,.T.);
#592=EDGE_CURVE('',#489,#488,#211,.T.);
#593=EDGE_CURVE('',#486,#489,#263,.T.);
#594=EDGE_CURVE('',#490,#491,#212,.T.);
#595=EDGE_CURVE('',#492,#490,#213,.T.);
#596=EDGE_CURVE('',#493,#492,#214,.T.);
#597=EDGE_CURVE('',#491,#493,#215,.T.);
#598=EDGE_CURVE('',#494,#495,#216,.T.);
#599=EDGE_CURVE('',#496,#494,#217,.T.);
#600=EDGE_CURVE('',#497,#496,#218,.T.);
#601=EDGE_CURVE('',#495,#497,#219,.T.);
#602=EDGE_CURVE('',#463,#498,#264,.T.);
#603=EDGE_CURVE('',#499,#462,#265,.T.);
#604=EDGE_CURVE('',#500,#499,#220,.T.);
#605=EDGE_CURVE('',#498,#500,#43,.T.);
#606=EDGE_CURVE('',#501,#456,#266,.T.);
#607=EDGE_CURVE('',#502,#501,#44,.T.);
#608=EDGE_CURVE('',#503,#502,#221,.T.);
#609=EDGE_CURVE('',#458,#503,#267,.T.);
#610=EDGE_CURVE('',#497,#450,#268,.T.);
#611=EDGE_CURVE('',#452,#496,#269,.T.);
#612=EDGE_CURVE('',#490,#455,#270,.T.);
#613=EDGE_CURVE('',#467,#491,#271,.T.);
#614=EDGE_CURVE('',#477,#504,#272,.T.);
#615=EDGE_CURVE('',#505,#479,#273,.T.);
#616=EDGE_CURVE('',#504,#505,#222,.T.);
#617=EDGE_CURVE('',#506,#480,#274,.T.);
#618=EDGE_CURVE('',#507,#506,#223,.T.);
#619=EDGE_CURVE('',#482,#507,#275,.T.);
#620=EDGE_CURVE('',#475,#478,#276,.T.);
#621=EDGE_CURVE('',#479,#470,#277,.T.);
#622=EDGE_CURVE('',#484,#482,#278,.T.);
#623=EDGE_CURVE('',#483,#485,#279,.T.);
#624=EDGE_CURVE('',#508,#509,#224,.T.);
#625=EDGE_CURVE('',#510,#508,#280,.T.);
#626=EDGE_CURVE('',#511,#510,#225,.T.);
#627=EDGE_CURVE('',#509,#511,#281,.T.);
#628=EDGE_CURVE('',#512,#513,#226,.T.);
#629=EDGE_CURVE('',#514,#512,#282,.T.);
#630=EDGE_CURVE('',#515,#514,#227,.T.);
#631=EDGE_CURVE('',#513,#515,#283,.T.);
#632=EDGE_CURVE('',#516,#517,#284,.T.);
#633=EDGE_CURVE('',#518,#516,#228,.T.);
#634=EDGE_CURVE('',#519,#518,#285,.T.);
#635=EDGE_CURVE('',#517,#519,#229,.T.);
#636=EDGE_CURVE('',#496,#490,#286,.T.);
#637=EDGE_CURVE('',#492,#494,#287,.T.);
#638=EDGE_CURVE('',#491,#520,#288,.T.);
#639=EDGE_CURVE('',#521,#493,#289,.T.);
#640=EDGE_CURVE('',#520,#521,#230,.T.);
#641=EDGE_CURVE('',#495,#522,#290,.T.);
#642=EDGE_CURVE('',#523,#497,#291,.T.);
#643=EDGE_CURVE('',#522,#523,#231,.T.);
#644=EDGE_CURVE('',#524,#525,#292,.T.);
#645=EDGE_CURVE('',#526,#524,#232,.T.);
#646=EDGE_CURVE('',#527,#526,#293,.T.);
#647=EDGE_CURVE('',#525,#527,#233,.T.);
#648=EDGE_CURVE('',#528,#529,#294,.T.);
#649=EDGE_CURVE('',#530,#528,#234,.T.);
#650=EDGE_CURVE('',#531,#530,#295,.T.);
#651=EDGE_CURVE('',#529,#531,#235,.T.);
#652=EDGE_CURVE('',#505,#471,#296,.T.);
#653=EDGE_CURVE('',#488,#507,#297,.T.);
#654=EDGE_CURVE('',#532,#476,#298,.T.);
#655=EDGE_CURVE('',#474,#532,#299,.T.);
#656=EDGE_CURVE('',#513,#508,#300,.T.);
#657=EDGE_CURVE('',#510,#515,#301,.T.);
#658=EDGE_CURVE('',#514,#530,#302,.T.);
#659=EDGE_CURVE('',#531,#512,#303,.T.);
#660=EDGE_CURVE('',#533,#487,#304,.T.);
#661=EDGE_CURVE('',#481,#533,#305,.T.);
#662=EDGE_CURVE('',#534,#535,#306,.T.);
#663=EDGE_CURVE('',#536,#534,#307,.T.);
#664=EDGE_CURVE('',#537,#536,#308,.T.);
#665=EDGE_CURVE('',#535,#537,#309,.T.);
#666=EDGE_CURVE('',#538,#539,#310,.T.);
#667=EDGE_CURVE('',#540,#538,#311,.T.);
#668=EDGE_CURVE('',#541,#540,#312,.T.);
#669=EDGE_CURVE('',#539,#541,#313,.T.);
#670=EDGE_CURVE('',#533,#539,#314,.T.);
#671=EDGE_CURVE('',#519,#489,#315,.T.);
#672=EDGE_CURVE('',#473,#518,#316,.T.);
#673=EDGE_CURVE('',#535,#532,#317,.T.);
#674=EDGE_CURVE('',#538,#537,#318,.T.);
#675=EDGE_CURVE('',#517,#506,#319,.T.);
#676=EDGE_CURVE('',#542,#499,#320,.T.);
#677=EDGE_CURVE('',#543,#542,#321,.T.);
#678=EDGE_CURVE('',#500,#543,#322,.T.);
#679=EDGE_CURVE('',#536,#543,#323,.T.);
#680=EDGE_CURVE('',#498,#534,#324,.T.);
#681=EDGE_CURVE('',#468,#464,#325,.T.);
#682=EDGE_CURVE('',#516,#504,#326,.T.);
#683=EDGE_CURVE('',#501,#541,#327,.T.);
#684=EDGE_CURVE('',#511,#524,#328,.T.);
#685=EDGE_CURVE('',#526,#528,#329,.T.);
#686=EDGE_CURVE('',#544,#503,#330,.T.);
#687=EDGE_CURVE('',#542,#544,#331,.T.);
#688=EDGE_CURVE('',#451,#462,#332,.T.);
#689=EDGE_CURVE('',#458,#466,#333,.T.);
#690=EDGE_CURVE('',#465,#545,#334,.T.);
#691=EDGE_CURVE('',#467,#459,#335,.T.);
#692=EDGE_CURVE('',#545,#520,#336,.T.);
#693=EDGE_CURVE('',#450,#460,#337,.T.);
#694=EDGE_CURVE('',#521,#522,#338,.T.);
#695=EDGE_CURVE('',#546,#502,#339,.T.);
#696=EDGE_CURVE('',#544,#546,#340,.T.);
#697=EDGE_CURVE('',#546,#540,#341,.T.);
#698=EDGE_CURVE('',#523,#547,#342,.T.);
#699=EDGE_CURVE('',#547,#469,#343,.T.);
#700=EDGE_CURVE('',#547,#545,#344,.T.);
#701=EDGE_CURVE('',#509,#525,#345,.T.);
#702=EDGE_CURVE('',#527,#529,#346,.T.);
#703=ORIENTED_EDGE('',*,*,#548,.F.);
#704=ORIENTED_EDGE('',*,*,#549,.F.);
#705=ORIENTED_EDGE('',*,*,#550,.F.);
#706=ORIENTED_EDGE('',*,*,#551,.F.);
#707=ORIENTED_EDGE('',*,*,#552,.F.);
#708=ORIENTED_EDGE('',*,*,#550,.T.);
#709=ORIENTED_EDGE('',*,*,#553,.F.);
#710=ORIENTED_EDGE('',*,*,#554,.F.);
#711=ORIENTED_EDGE('',*,*,#555,.F.);
#712=ORIENTED_EDGE('',*,*,#556,.F.);
#713=ORIENTED_EDGE('',*,*,#557,.F.);
#714=ORIENTED_EDGE('',*,*,#558,.F.);
#715=ORIENTED_EDGE('',*,*,#559,.F.);
#716=ORIENTED_EDGE('',*,*,#560,.F.);
#717=ORIENTED_EDGE('',*,*,#561,.F.);
#718=ORIENTED_EDGE('',*,*,#562,.F.);
#719=ORIENTED_EDGE('',*,*,#563,.F.);
#720=ORIENTED_EDGE('',*,*,#564,.F.);
#721=ORIENTED_EDGE('',*,*,#555,.T.);
#722=ORIENTED_EDGE('',*,*,#565,.F.);
#723=ORIENTED_EDGE('',*,*,#566,.F.);
#724=ORIENTED_EDGE('',*,*,#567,.F.);
#725=ORIENTED_EDGE('',*,*,#554,.T.);
#726=ORIENTED_EDGE('',*,*,#568,.F.);
#727=ORIENTED_EDGE('',*,*,#562,.T.);
#728=ORIENTED_EDGE('',*,*,#569,.F.);
#729=ORIENTED_EDGE('',*,*,#570,.F.);
#730=ORIENTED_EDGE('',*,*,#571,.F.);
#731=ORIENTED_EDGE('',*,*,#572,.F.);
#732=ORIENTED_EDGE('',*,*,#573,.F.);
#733=ORIENTED_EDGE('',*,*,#574,.F.);
#734=ORIENTED_EDGE('',*,*,#575,.F.);
#735=ORIENTED_EDGE('',*,*,#576,.F.);
#736=ORIENTED_EDGE('',*,*,#577,.F.);
#737=ORIENTED_EDGE('',*,*,#573,.T.);
#738=ORIENTED_EDGE('',*,*,#578,.F.);
#739=ORIENTED_EDGE('',*,*,#579,.F.);
#740=ORIENTED_EDGE('',*,*,#580,.F.);
#741=ORIENTED_EDGE('',*,*,#581,.F.);
#742=ORIENTED_EDGE('',*,*,#582,.F.);
#743=ORIENTED_EDGE('',*,*,#583,.F.);
#744=ORIENTED_EDGE('',*,*,#584,.F.);
#745=ORIENTED_EDGE('',*,*,#585,.F.);
#746=ORIENTED_EDGE('',*,*,#586,.F.);
#747=ORIENTED_EDGE('',*,*,#587,.F.);
#748=ORIENTED_EDGE('',*,*,#588,.F.);
#749=ORIENTED_EDGE('',*,*,#589,.F.);
#750=ORIENTED_EDGE('',*,*,#590,.F.);
#751=ORIENTED_EDGE('',*,*,#591,.F.);
#752=ORIENTED_EDGE('',*,*,#592,.F.);
#753=ORIENTED_EDGE('',*,*,#593,.F.);
#754=ORIENTED_EDGE('',*,*,#588,.T.);
#755=ORIENTED_EDGE('',*,*,#594,.F.);
#756=ORIENTED_EDGE('',*,*,#595,.F.);
#757=ORIENTED_EDGE('',*,*,#596,.F.);
#758=ORIENTED_EDGE('',*,*,#597,.F.);
#759=ORIENTED_EDGE('',*,*,#598,.F.);
#760=ORIENTED_EDGE('',*,*,#599,.F.);
#761=ORIENTED_EDGE('',*,*,#600,.F.);
#762=ORIENTED_EDGE('',*,*,#601,.F.);
#763=ORIENTED_EDGE('',*,*,#602,.F.);
#764=ORIENTED_EDGE('',*,*,#561,.T.);
#765=ORIENTED_EDGE('',*,*,#603,.F.);
#766=ORIENTED_EDGE('',*,*,#604,.F.);
#767=ORIENTED_EDGE('',*,*,#605,.F.);
#768=ORIENTED_EDGE('',*,*,#606,.F.);
#769=ORIENTED_EDGE('',*,*,#607,.F.);
#770=ORIENTED_EDGE('',*,*,#608,.F.);
#771=ORIENTED_EDGE('',*,*,#609,.F.);
#772=ORIENTED_EDGE('',*,*,#556,.T.);
#773=ORIENTED_EDGE('',*,*,#610,.F.);
#774=ORIENTED_EDGE('',*,*,#600,.T.);
#775=ORIENTED_EDGE('',*,*,#611,.F.);
#776=ORIENTED_EDGE('',*,*,#549,.T.);
#777=ORIENTED_EDGE('',*,*,#568,.T.);
#778=ORIENTED_EDGE('',*,*,#612,.F.);
#779=ORIENTED_EDGE('',*,*,#594,.T.);
#780=ORIENTED_EDGE('',*,*,#613,.F.);
#781=ORIENTED_EDGE('',*,*,#614,.F.);
#782=ORIENTED_EDGE('',*,*,#582,.T.);
#783=ORIENTED_EDGE('',*,*,#615,.F.);
#784=ORIENTED_EDGE('',*,*,#616,.F.);
#785=ORIENTED_EDGE('',*,*,#617,.F.);
#786=ORIENTED_EDGE('',*,*,#618,.F.);
#787=ORIENTED_EDGE('',*,*,#619,.F.);
#788=ORIENTED_EDGE('',*,*,#584,.T.);
#789=ORIENTED_EDGE('',*,*,#620,.F.);
#790=ORIENTED_EDGE('',*,*,#578,.T.);
#791=ORIENTED_EDGE('',*,*,#621,.F.);
#792=ORIENTED_EDGE('',*,*,#581,.T.);
#793=ORIENTED_EDGE('',*,*,#585,.T.);
#794=ORIENTED_EDGE('',*,*,#622,.F.);
#795=ORIENTED_EDGE('',*,*,#587,.T.);
#796=ORIENTED_EDGE('',*,*,#623,.F.);
#797=ORIENTED_EDGE('',*,*,#624,.F.);
#798=ORIENTED_EDGE('',*,*,#625,.F.);
#799=ORIENTED_EDGE('',*,*,#626,.F.);
#800=ORIENTED_EDGE('',*,*,#627,.F.);
#801=ORIENTED_EDGE('',*,*,#628,.F.);
#802=ORIENTED_EDGE('',*,*,#629,.F.);
#803=ORIENTED_EDGE('',*,*,#630,.F.);
#804=ORIENTED_EDGE('',*,*,#631,.F.);
#805=ORIENTED_EDGE('',*,*,#632,.F.);
#806=ORIENTED_EDGE('',*,*,#633,.F.);
#807=ORIENTED_EDGE('',*,*,#634,.F.);
#808=ORIENTED_EDGE('',*,*,#635,.F.);
#809=ORIENTED_EDGE('',*,*,#595,.T.);
#810=ORIENTED_EDGE('',*,*,#636,.F.);
#811=ORIENTED_EDGE('',*,*,#599,.T.);
#812=ORIENTED_EDGE('',*,*,#637,.F.);
#813=ORIENTED_EDGE('',*,*,#638,.F.);
#814=ORIENTED_EDGE('',*,*,#597,.T.);
#815=ORIENTED_EDGE('',*,*,#639,.F.);
#816=ORIENTED_EDGE('',*,*,#640,.F.);
#817=ORIENTED_EDGE('',*,*,#641,.F.);
#818=ORIENTED_EDGE('',*,*,#601,.T.);
#819=ORIENTED_EDGE('',*,*,#642,.F.);
#820=ORIENTED_EDGE('',*,*,#643,.F.);
#821=ORIENTED_EDGE('',*,*,#644,.F.);
#822=ORIENTED_EDGE('',*,*,#645,.F.);
#823=ORIENTED_EDGE('',*,*,#646,.F.);
#824=ORIENTED_EDGE('',*,*,#647,.F.);
#825=ORIENTED_EDGE('',*,*,#648,.F.);
#826=ORIENTED_EDGE('',*,*,#649,.F.);
#827=ORIENTED_EDGE('',*,*,#650,.F.);
#828=ORIENTED_EDGE('',*,*,#651,.F.);
#829=ORIENTED_EDGE('',*,*,#615,.T.);
#830=ORIENTED_EDGE('',*,*,#621,.T.);
#831=ORIENTED_EDGE('',*,*,#572,.T.);
#832=ORIENTED_EDGE('',*,*,#652,.F.);
#833=ORIENTED_EDGE('',*,*,#619,.T.);
#834=ORIENTED_EDGE('',*,*,#653,.F.);
#835=ORIENTED_EDGE('',*,*,#591,.T.);
#836=ORIENTED_EDGE('',*,*,#622,.T.);
#837=ORIENTED_EDGE('',*,*,#654,.F.);
#838=ORIENTED_EDGE('',*,*,#655,.F.);
#839=ORIENTED_EDGE('',*,*,#576,.T.);
#840=ORIENTED_EDGE('',*,*,#620,.T.);
#841=ORIENTED_EDGE('',*,*,#580,.T.);
#842=ORIENTED_EDGE('',*,*,#656,.F.);
#843=ORIENTED_EDGE('',*,*,#631,.T.);
#844=ORIENTED_EDGE('',*,*,#657,.F.);
#845=ORIENTED_EDGE('',*,*,#625,.T.);
#846=ORIENTED_EDGE('',*,*,#650,.T.);
#847=ORIENTED_EDGE('',*,*,#658,.F.);
#848=ORIENTED_EDGE('',*,*,#629,.T.);
#849=ORIENTED_EDGE('',*,*,#659,.F.);
#850=ORIENTED_EDGE('',*,*,#586,.T.);
#851=ORIENTED_EDGE('',*,*,#623,.T.);
#852=ORIENTED_EDGE('',*,*,#590,.T.);
#853=ORIENTED_EDGE('',*,*,#660,.F.);
#854=ORIENTED_EDGE('',*,*,#661,.F.);
#855=ORIENTED_EDGE('',*,*,#662,.F.);
#856=ORIENTED_EDGE('',*,*,#663,.F.);
#857=ORIENTED_EDGE('',*,*,#664,.F.);
#858=ORIENTED_EDGE('',*,*,#665,.F.);
#859=ORIENTED_EDGE('',*,*,#666,.F.);
#860=ORIENTED_EDGE('',*,*,#667,.F.);
#861=ORIENTED_EDGE('',*,*,#668,.F.);
#862=ORIENTED_EDGE('',*,*,#669,.F.);
#863=ORIENTED_EDGE('',*,*,#670,.F.);
#864=ORIENTED_EDGE('',*,*,#660,.T.);
#865=ORIENTED_EDGE('',*,*,#589,.T.);
#866=ORIENTED_EDGE('',*,*,#593,.T.);
#867=ORIENTED_EDGE('',*,*,#671,.F.);
#868=ORIENTED_EDGE('',*,*,#634,.T.);
#869=ORIENTED_EDGE('',*,*,#672,.F.);
#870=ORIENTED_EDGE('',*,*,#574,.T.);
#871=ORIENTED_EDGE('',*,*,#577,.T.);
#872=ORIENTED_EDGE('',*,*,#655,.T.);
#873=ORIENTED_EDGE('',*,*,#673,.F.);
#874=ORIENTED_EDGE('',*,*,#665,.T.);
#875=ORIENTED_EDGE('',*,*,#674,.F.);
#876=ORIENTED_EDGE('',*,*,#666,.T.);
#877=ORIENTED_EDGE('',*,*,#675,.F.);
#878=ORIENTED_EDGE('',*,*,#635,.T.);
#879=ORIENTED_EDGE('',*,*,#671,.T.);
#880=ORIENTED_EDGE('',*,*,#592,.T.);
#881=ORIENTED_EDGE('',*,*,#653,.T.);
#882=ORIENTED_EDGE('',*,*,#618,.T.);
#883=ORIENTED_EDGE('',*,*,#604,.T.);
#884=ORIENTED_EDGE('',*,*,#676,.F.);
#885=ORIENTED_EDGE('',*,*,#677,.F.);
#886=ORIENTED_EDGE('',*,*,#678,.F.);
#887=ORIENTED_EDGE('',*,*,#605,.T.);
#888=ORIENTED_EDGE('',*,*,#678,.T.);
#889=ORIENTED_EDGE('',*,*,#679,.F.);
#890=ORIENTED_EDGE('',*,*,#663,.T.);
#891=ORIENTED_EDGE('',*,*,#680,.F.);
#892=ORIENTED_EDGE('',*,*,#681,.F.);
#893=ORIENTED_EDGE('',*,*,#569,.T.);
#894=ORIENTED_EDGE('',*,*,#602,.T.);
#895=ORIENTED_EDGE('',*,*,#680,.T.);
#896=ORIENTED_EDGE('',*,*,#662,.T.);
#897=ORIENTED_EDGE('',*,*,#673,.T.);
#898=ORIENTED_EDGE('',*,*,#654,.T.);
#899=ORIENTED_EDGE('',*,*,#579,.T.);
#900=ORIENTED_EDGE('',*,*,#614,.T.);
#901=ORIENTED_EDGE('',*,*,#682,.F.);
#902=ORIENTED_EDGE('',*,*,#632,.T.);
#903=ORIENTED_EDGE('',*,*,#675,.T.);
#904=ORIENTED_EDGE('',*,*,#617,.T.);
#905=ORIENTED_EDGE('',*,*,#583,.T.);
#906=ORIENTED_EDGE('',*,*,#661,.T.);
#907=ORIENTED_EDGE('',*,*,#670,.T.);
#908=ORIENTED_EDGE('',*,*,#669,.T.);
#909=ORIENTED_EDGE('',*,*,#683,.F.);
#910=ORIENTED_EDGE('',*,*,#606,.T.);
#911=ORIENTED_EDGE('',*,*,#564,.T.);
#912=ORIENTED_EDGE('',*,*,#684,.F.);
#913=ORIENTED_EDGE('',*,*,#626,.T.);
#914=ORIENTED_EDGE('',*,*,#657,.T.);
#915=ORIENTED_EDGE('',*,*,#630,.T.);
#916=ORIENTED_EDGE('',*,*,#658,.T.);
#917=ORIENTED_EDGE('',*,*,#649,.T.);
#918=ORIENTED_EDGE('',*,*,#685,.F.);
#919=ORIENTED_EDGE('',*,*,#645,.T.);
#920=ORIENTED_EDGE('',*,*,#616,.T.);
#921=ORIENTED_EDGE('',*,*,#652,.T.);
#922=ORIENTED_EDGE('',*,*,#575,.T.);
#923=ORIENTED_EDGE('',*,*,#672,.T.);
#924=ORIENTED_EDGE('',*,*,#633,.T.);
#925=ORIENTED_EDGE('',*,*,#682,.T.);
#926=ORIENTED_EDGE('',*,*,#609,.T.);
#927=ORIENTED_EDGE('',*,*,#686,.F.);
#928=ORIENTED_EDGE('',*,*,#687,.F.);
#929=ORIENTED_EDGE('',*,*,#676,.T.);
#930=ORIENTED_EDGE('',*,*,#603,.T.);
#931=ORIENTED_EDGE('',*,*,#688,.F.);
#932=ORIENTED_EDGE('',*,*,#551,.T.);
#933=ORIENTED_EDGE('',*,*,#552,.T.);
#934=ORIENTED_EDGE('',*,*,#567,.T.);
#935=ORIENTED_EDGE('',*,*,#689,.F.);
#936=ORIENTED_EDGE('',*,*,#553,.T.);
#937=ORIENTED_EDGE('',*,*,#611,.T.);
#938=ORIENTED_EDGE('',*,*,#636,.T.);
#939=ORIENTED_EDGE('',*,*,#612,.T.);
#940=ORIENTED_EDGE('',*,*,#690,.F.);
#941=ORIENTED_EDGE('',*,*,#565,.T.);
#942=ORIENTED_EDGE('',*,*,#558,.T.);
#943=ORIENTED_EDGE('',*,*,#691,.F.);
#944=ORIENTED_EDGE('',*,*,#613,.T.);
#945=ORIENTED_EDGE('',*,*,#638,.T.);
#946=ORIENTED_EDGE('',*,*,#692,.F.);
#947=ORIENTED_EDGE('',*,*,#557,.T.);
#948=ORIENTED_EDGE('',*,*,#689,.T.);
#949=ORIENTED_EDGE('',*,*,#566,.T.);
#950=ORIENTED_EDGE('',*,*,#691,.T.);
#951=ORIENTED_EDGE('',*,*,#560,.T.);
#952=ORIENTED_EDGE('',*,*,#693,.F.);
#953=ORIENTED_EDGE('',*,*,#548,.T.);
#954=ORIENTED_EDGE('',*,*,#688,.T.);
#955=ORIENTED_EDGE('',*,*,#639,.T.);
#956=ORIENTED_EDGE('',*,*,#596,.T.);
#957=ORIENTED_EDGE('',*,*,#637,.T.);
#958=ORIENTED_EDGE('',*,*,#598,.T.);
#959=ORIENTED_EDGE('',*,*,#641,.T.);
#960=ORIENTED_EDGE('',*,*,#694,.F.);
#961=ORIENTED_EDGE('',*,*,#695,.F.);
#962=ORIENTED_EDGE('',*,*,#696,.F.);
#963=ORIENTED_EDGE('',*,*,#686,.T.);
#964=ORIENTED_EDGE('',*,*,#608,.T.);
#965=ORIENTED_EDGE('',*,*,#668,.T.);
#966=ORIENTED_EDGE('',*,*,#697,.F.);
#967=ORIENTED_EDGE('',*,*,#695,.T.);
#968=ORIENTED_EDGE('',*,*,#607,.T.);
#969=ORIENTED_EDGE('',*,*,#683,.T.);
#970=ORIENTED_EDGE('',*,*,#674,.T.);
#971=ORIENTED_EDGE('',*,*,#664,.T.);
#972=ORIENTED_EDGE('',*,*,#679,.T.);
#973=ORIENTED_EDGE('',*,*,#677,.T.);
#974=ORIENTED_EDGE('',*,*,#687,.T.);
#975=ORIENTED_EDGE('',*,*,#696,.T.);
#976=ORIENTED_EDGE('',*,*,#697,.T.);
#977=ORIENTED_EDGE('',*,*,#667,.T.);
#978=ORIENTED_EDGE('',*,*,#698,.F.);
#979=ORIENTED_EDGE('',*,*,#642,.T.);
#980=ORIENTED_EDGE('',*,*,#610,.T.);
#981=ORIENTED_EDGE('',*,*,#693,.T.);
#982=ORIENTED_EDGE('',*,*,#559,.T.);
#983=ORIENTED_EDGE('',*,*,#571,.T.);
#984=ORIENTED_EDGE('',*,*,#699,.F.);
#985=ORIENTED_EDGE('',*,*,#700,.F.);
#986=ORIENTED_EDGE('',*,*,#699,.T.);
#987=ORIENTED_EDGE('',*,*,#570,.T.);
#988=ORIENTED_EDGE('',*,*,#681,.T.);
#989=ORIENTED_EDGE('',*,*,#563,.T.);
#990=ORIENTED_EDGE('',*,*,#690,.T.);
#991=ORIENTED_EDGE('',*,*,#701,.F.);
#992=ORIENTED_EDGE('',*,*,#627,.T.);
#993=ORIENTED_EDGE('',*,*,#684,.T.);
#994=ORIENTED_EDGE('',*,*,#644,.T.);
#995=ORIENTED_EDGE('',*,*,#646,.T.);
#996=ORIENTED_EDGE('',*,*,#685,.T.);
#997=ORIENTED_EDGE('',*,*,#648,.T.);
#998=ORIENTED_EDGE('',*,*,#702,.F.);
#999=ORIENTED_EDGE('',*,*,#692,.T.);
#1000=ORIENTED_EDGE('',*,*,#640,.T.);
#1001=ORIENTED_EDGE('',*,*,#694,.T.);
#1002=ORIENTED_EDGE('',*,*,#643,.T.);
#1003=ORIENTED_EDGE('',*,*,#698,.T.);
#1004=ORIENTED_EDGE('',*,*,#700,.T.);
#1005=ORIENTED_EDGE('',*,*,#647,.T.);
#1006=ORIENTED_EDGE('',*,*,#702,.T.);
#1007=ORIENTED_EDGE('',*,*,#651,.T.);
#1008=ORIENTED_EDGE('',*,*,#659,.T.);
#1009=ORIENTED_EDGE('',*,*,#628,.T.);
#1010=ORIENTED_EDGE('',*,*,#656,.T.);
#1011=ORIENTED_EDGE('',*,*,#624,.T.);
#1012=ORIENTED_EDGE('',*,*,#701,.T.);
#1013=CONICAL_SURFACE('',#1090,15.1471054251937,0.785137460639513);
#1014=CONICAL_SURFACE('',#1093,4.31690843173388,0.784221737316811);
#1015=CONICAL_SURFACE('',#1095,4.3168792528996,0.784214419320615);
#1016=CONICAL_SURFACE('',#1098,15.0600407779631,0.785121966380977);
#1017=ADVANCED_FACE('',(#76),#1013,.T.);
#1018=ADVANCED_FACE('',(#77),#45,.F.);
#1019=ADVANCED_FACE('',(#78),#1014,.F.);
#1020=ADVANCED_FACE('',(#79),#1015,.F.);
#1021=ADVANCED_FACE('',(#80),#46,.F.);
#1022=ADVANCED_FACE('',(#81),#1016,.T.);
#1023=ADVANCED_FACE('',(#82),#47,.T.);
#1024=ADVANCED_FACE('',(#83),#23,.F.);
#1025=ADVANCED_FACE('',(#84),#19,.T.);
#1026=ADVANCED_FACE('',(#85),#20,.T.);
#1027=ADVANCED_FACE('',(#86),#21,.T.);
#1028=ADVANCED_FACE('',(#87),#22,.T.);
#1029=ADVANCED_FACE('',(#88),#24,.F.);
#1030=ADVANCED_FACE('',(#89),#17,.F.);
#1031=ADVANCED_FACE('',(#90),#18,.F.);
#1032=ADVANCED_FACE('',(#91),#25,.F.);
#1033=ADVANCED_FACE('',(#92),#26,.F.);
#1034=ADVANCED_FACE('',(#93),#27,.T.);
#1035=ADVANCED_FACE('',(#94),#28,.T.);
#1036=ADVANCED_FACE('',(#95),#29,.T.);
#1037=ADVANCED_FACE('',(#96),#30,.T.);
#1038=ADVANCED_FACE('',(#97),#31,.T.);
#1039=ADVANCED_FACE('',(#98),#32,.T.);
#1040=ADVANCED_FACE('',(#99),#33,.F.);
#1041=ADVANCED_FACE('',(#100),#34,.F.);
#1042=ADVANCED_FACE('',(#101),#35,.F.);
#1043=ADVANCED_FACE('',(#102),#36,.T.);
#1044=ADVANCED_FACE('',(#103),#37,.T.);
#1045=ADVANCED_FACE('',(#104),#38,.T.);
#1046=ADVANCED_FACE('',(#105),#39,.F.);
#1047=ADVANCED_FACE('',(#106),#40,.F.);
#1048=ADVANCED_FACE('',(#107),#48,.T.);
#1049=ADVANCED_FACE('',(#108),#49,.T.);
#1050=ADVANCED_FACE('',(#109),#50,.F.);
#1051=ADVANCED_FACE('',(#110),#51,.F.);
#1052=ADVANCED_FACE('',(#111),#52,.F.);
#1053=ADVANCED_FACE('',(#112),#53,.T.);
#1054=ADVANCED_FACE('',(#113),#54,.T.);
#1055=ADVANCED_FACE('',(#114),#55,.F.);
#1056=ADVANCED_FACE('',(#115),#56,.F.);
#1057=ADVANCED_FACE('',(#116),#57,.F.);
#1058=ADVANCED_FACE('',(#117),#58,.T.);
#1059=ADVANCED_FACE('',(#118),#59,.T.);
#1060=ADVANCED_FACE('',(#119,#15),#60,.T.);
#1061=ADVANCED_FACE('',(#120),#61,.T.);
#1062=ADVANCED_FACE('',(#121),#62,.F.);
#1063=ADVANCED_FACE('',(#122),#63,.T.);
#1064=ADVANCED_FACE('',(#123),#64,.T.);
#1065=ADVANCED_FACE('',(#124),#65,.T.);
#1066=ADVANCED_FACE('',(#125),#66,.F.);
#1067=ADVANCED_FACE('',(#126),#67,.T.);
#1068=ADVANCED_FACE('',(#127),#68,.F.);
#1069=ADVANCED_FACE('',(#128),#69,.T.);
#1070=ADVANCED_FACE('',(#129),#70,.T.);
#1071=ADVANCED_FACE('',(#130),#71,.T.);
#1072=ADVANCED_FACE('',(#131),#72,.F.);
#1073=ADVANCED_FACE('',(#132),#73,.T.);
#1074=ADVANCED_FACE('',(#133),#74,.T.);
#1075=ADVANCED_FACE('',(#134,#16),#75,.F.);
#1076=CLOSED_SHELL('',(#1017,#1018,#1019,#1020,#1021,#1022,#1023,#1024,
#1025,#1026,#1027,#1028,#1029,#1030,#1031,#1032,#1033,#1034,#1035,#1036,
#1037,#1038,#1039,#1040,#1041,#1042,#1043,#1044,#1045,#1046,#1047,#1048,
#1049,#1050,#1051,#1052,#1053,#1054,#1055,#1056,#1057,#1058,#1059,#1060,
#1061,#1062,#1063,#1064,#1065,#1066,#1067,#1068,#1069,#1070,#1071,#1072,
#1073,#1074,#1075));
#1077=DERIVED_UNIT_ELEMENT(#1079,1.);
#1078=DERIVED_UNIT_ELEMENT(#2010,-3.);
#1079=(
MASS_UNIT()
NAMED_UNIT(*)
SI_UNIT(.KILO.,.GRAM.)
);
#1080=DERIVED_UNIT((#1077,#1078));
#1081=MEASURE_REPRESENTATION_ITEM('density measure',
POSITIVE_RATIO_MEASURE(7850.),#1080);
#1082=PROPERTY_DEFINITION_REPRESENTATION(#1087,#1084);
#1083=PROPERTY_DEFINITION_REPRESENTATION(#1088,#1085);
#1084=REPRESENTATION('material name',(#1086),#2007);
#1085=REPRESENTATION('density',(#1081),#2007);
#1086=DESCRIPTIVE_REPRESENTATION_ITEM('Steel','Steel');
#1087=PROPERTY_DEFINITION('material property','material name',#2017);
#1088=PROPERTY_DEFINITION('material property','density of part',#2017);
#1089=AXIS2_PLACEMENT_3D('',#1498,#1191,#1192);
#1090=AXIS2_PLACEMENT_3D('',#1499,#1193,#1194);
#1091=AXIS2_PLACEMENT_3D('',#1524,#1197,#1198);
#1092=AXIS2_PLACEMENT_3D('',#1525,#1199,#1200);
#1093=AXIS2_PLACEMENT_3D('',#1531,#1204,#1205);
#1094=AXIS2_PLACEMENT_3D('',#1556,#1208,#1209);
#1095=AXIS2_PLACEMENT_3D('',#1557,#1210,#1211);
#1096=AXIS2_PLACEMENT_3D('',#1560,#1212,#1213);
#1097=AXIS2_PLACEMENT_3D('',#1583,#1216,#1217);
#1098=AXIS2_PLACEMENT_3D('',#1589,#1221,#1222);
#1099=AXIS2_PLACEMENT_3D('',#1593,#1224,#1225);
#1100=AXIS2_PLACEMENT_3D('',#1612,#1226,#1227);
#1101=AXIS2_PLACEMENT_3D('',#1618,#1231,#1232);
#1102=AXIS2_PLACEMENT_3D('',#1623,#1234,#1235);
#1103=AXIS2_PLACEMENT_3D('',#1626,#1237,#1238);
#1104=AXIS2_PLACEMENT_3D('',#1627,#1239,#1240);
#1105=AXIS2_PLACEMENT_3D('',#1689,#1241,#1242);
#1106=AXIS2_PLACEMENT_3D('',#1690,#1243,#1244);
#1107=AXIS2_PLACEMENT_3D('',#1693,#1245,#1246);
#1108=AXIS2_PLACEMENT_3D('',#1695,#1247,#1248);
#1109=AXIS2_PLACEMENT_3D('',#1697,#1249,#1250);
#1110=AXIS2_PLACEMENT_3D('',#1698,#1251,#1252);
#1111=AXIS2_PLACEMENT_3D('',#1699,#1253,#1254);
#1112=AXIS2_PLACEMENT_3D('',#1702,#1255,#1256);
#1113=AXIS2_PLACEMENT_3D('',#1704,#1257,#1258);
#1114=AXIS2_PLACEMENT_3D('',#1706,#1259,#1260);
#1115=AXIS2_PLACEMENT_3D('',#1707,#1261,#1262);
#1116=AXIS2_PLACEMENT_3D('',#1708,#1263,#1264);
#1117=AXIS2_PLACEMENT_3D('',#1711,#1265,#1266);
#1118=AXIS2_PLACEMENT_3D('',#1713,#1267,#1268);
#1119=AXIS2_PLACEMENT_3D('',#1764,#1269,#1270);
#1120=AXIS2_PLACEMENT_3D('',#1768,#1272,#1273);
#1121=AXIS2_PLACEMENT_3D('',#1781,#1275,#1276);
#1122=AXIS2_PLACEMENT_3D('',#1783,#1277,#1278);
#1123=AXIS2_PLACEMENT_3D('',#1785,#1279,#1280);
#1124=AXIS2_PLACEMENT_3D('',#1786,#1281,#1282);
#1125=AXIS2_PLACEMENT_3D('',#1804,#1283,#1284);
#1126=AXIS2_PLACEMENT_3D('',#1806,#1285,#1286);
#1127=AXIS2_PLACEMENT_3D('',#1808,#1287,#1288);
#1128=AXIS2_PLACEMENT_3D('',#1809,#1289,#1290);
#1129=AXIS2_PLACEMENT_3D('',#1810,#1291,#1292);
#1130=AXIS2_PLACEMENT_3D('',#1816,#1295,#1296);
#1131=AXIS2_PLACEMENT_3D('',#1817,#1297,#1298);
#1132=AXIS2_PLACEMENT_3D('',#1818,#1299,#1300);
#1133=AXIS2_PLACEMENT_3D('',#1822,#1302,#1303);
#1134=AXIS2_PLACEMENT_3D('',#1824,#1304,#1305);
#1135=AXIS2_PLACEMENT_3D('',#1826,#1307,#1308);
#1136=AXIS2_PLACEMENT_3D('',#1829,#1311,#1312);
#1137=AXIS2_PLACEMENT_3D('',#1832,#1315,#1316);
#1138=AXIS2_PLACEMENT_3D('',#1837,#1319,#1320);
#1139=AXIS2_PLACEMENT_3D('',#1838,#1321,#1322);
#1140=AXIS2_PLACEMENT_3D('',#1842,#1324,#1325);
#1141=AXIS2_PLACEMENT_3D('',#1844,#1327,#1328);
#1142=AXIS2_PLACEMENT_3D('',#1847,#1331,#1332);
#1143=AXIS2_PLACEMENT_3D('',#1850,#1335,#1336);
#1144=AXIS2_PLACEMENT_3D('',#1853,#1337,#1338);
#1145=AXIS2_PLACEMENT_3D('',#1857,#1340,#1341);
#1146=AXIS2_PLACEMENT_3D('',#1859,#1343,#1344);
#1147=AXIS2_PLACEMENT_3D('',#1862,#1345,#1346);
#1148=AXIS2_PLACEMENT_3D('',#1866,#1348,#1349);
#1149=AXIS2_PLACEMENT_3D('',#1868,#1351,#1352);
#1150=AXIS2_PLACEMENT_3D('',#1873,#1354,#1355);
#1151=AXIS2_PLACEMENT_3D('',#1876,#1357,#1358);
#1152=AXIS2_PLACEMENT_3D('',#1877,#1359,#1360);
#1153=AXIS2_PLACEMENT_3D('',#1880,#1363,#1364);
#1154=AXIS2_PLACEMENT_3D('',#1885,#1367,#1368);
#1155=AXIS2_PLACEMENT_3D('',#1886,#1369,#1370);
#1156=AXIS2_PLACEMENT_3D('',#1891,#1373,#1374);
#1157=AXIS2_PLACEMENT_3D('',#1892,#1375,#1376);
#1158=AXIS2_PLACEMENT_3D('',#1897,#1378,#1379);
#1159=AXIS2_PLACEMENT_3D('',#1900,#1381,#1382);
#1160=AXIS2_PLACEMENT_3D('',#1901,#1383,#1384);
#1161=AXIS2_PLACEMENT_3D('',#1906,#1386,#1387);
#1162=AXIS2_PLACEMENT_3D('',#1909,#1389,#1390);
#1163=AXIS2_PLACEMENT_3D('',#1910,#1391,#1392);
#1164=AXIS2_PLACEMENT_3D('',#1912,#1394,#1395);
#1165=AXIS2_PLACEMENT_3D('',#1914,#1397,#1398);
#1166=AXIS2_PLACEMENT_3D('',#1918,#1401,#1402);
#1167=AXIS2_PLACEMENT_3D('',#1921,#1405,#1406);
#1168=AXIS2_PLACEMENT_3D('',#1924,#1409,#1410);
#1169=AXIS2_PLACEMENT_3D('',#1928,#1413,#1414);
#1170=AXIS2_PLACEMENT_3D('',#1937,#1419,#1420);
#1171=AXIS2_PLACEMENT_3D('',#1946,#1425,#1426);
#1172=AXIS2_PLACEMENT_3D('',#1952,#1432,#1433);
#1173=AXIS2_PLACEMENT_3D('',#1954,#1435,#1436);
#1174=AXIS2_PLACEMENT_3D('',#1960,#1440,#1441);
#1175=AXIS2_PLACEMENT_3D('',#1963,#1444,#1445);
#1176=AXIS2_PLACEMENT_3D('',#1969,#1451,#1452);
#1177=AXIS2_PLACEMENT_3D('',#1970,#1453,#1454);
#1178=AXIS2_PLACEMENT_3D('',#1976,#1459,#1460);
#1179=AXIS2_PLACEMENT_3D('',#1977,#1461,#1462);
#1180=AXIS2_PLACEMENT_3D('',#1982,#1466,#1467);
#1181=AXIS2_PLACEMENT_3D('',#1983,#1468,#1469);
#1182=AXIS2_PLACEMENT_3D('',#1985,#1471,#1472);
#1183=AXIS2_PLACEMENT_3D('',#1987,#1474,#1475);
#1184=AXIS2_PLACEMENT_3D('',#1991,#1478,#1479);
#1185=AXIS2_PLACEMENT_3D('',#1993,#1481,#1482);
#1186=AXIS2_PLACEMENT_3D('',#1994,#1483,#1484);
#1187=AXIS2_PLACEMENT_3D('',#1998,#1487,#1488);
#1188=AXIS2_PLACEMENT_3D('',#2000,#1490,#1491);
#1189=AXIS2_PLACEMENT_3D('',#2002,#1493,#1494);
#1190=AXIS2_PLACEMENT_3D('',#2004,#1496,#1497);
#1191=DIRECTION('axis',(0.,0.,1.));
#1192=DIRECTION('refdir',(1.,0.,0.));
#1193=DIRECTION('center_axis',(0.000204472850014733,0.000203701751929356,
0.999999958348224));
#1194=DIRECTION('ref_axis',(0.999999979095426,0.,-0.000204472854256973));
#1195=DIRECTION('',(0.,-0.707103163591089,-0.707110398763499));
#1196=DIRECTION('',(0.707102285525565,0.,0.707111276818948));
#1197=DIRECTION('center_axis',(0.,0.,-1.));
#1198=DIRECTION('ref_axis',(0.708441339814909,0.705769699010419,0.));
#1199=DIRECTION('center_axis',(-0.707111276818948,0.,0.707102285525565));
#1200=DIRECTION('ref_axis',(0.707102285525565,0.,0.707111276818948));
#1201=DIRECTION('',(0.,-1.,0.));
#1202=DIRECTION('',(0.,1.,0.));
#1203=DIRECTION('',(0.707065473598779,-0.000302386108418074,0.707148021709158));
#1204=DIRECTION('center_axis',(-0.000946973132518929,-0.999999098165735,
0.000952318015634604));
#1205=DIRECTION('ref_axis',(0.,0.000952318442634345,0.999999546544689));
#1206=DIRECTION('',(-0.707111276876113,-0.707102285468399,0.));
#1207=DIRECTION('',(0.,0.707097789778834,-0.70711577247993));
#1208=DIRECTION('center_axis',(0.,1.,0.));
#1209=DIRECTION('ref_axis',(0.705114086767355,0.,-0.70909387576134));
#1210=DIRECTION('center_axis',(-0.000946747245943794,0.999999098594716,
0.000952092121559309));
#1211=DIRECTION('ref_axis',(0.,0.000952092548254127,-0.999999546759787));
#1212=DIRECTION('center_axis',(-4.0567378654928E-11,-1.,-3.43110212379345E-10));
#1213=DIRECTION('ref_axis',(0.705113758067089,2.1469280823979E-10,-0.709094202616625));
#1214=DIRECTION('',(0.,0.707103163591089,0.707110398763499));
#1215=DIRECTION('',(0.707105885564306,-0.707107676807655,1.45857812590987E-10));
#1216=DIRECTION('center_axis',(-0.707102285468399,0.707111276876113,0.));
#1217=DIRECTION('ref_axis',(0.,0.,1.));
#1218=DIRECTION('',(-0.707111276876113,-0.707102285468399,0.));
#1219=DIRECTION('',(0.,0.,-1.));
#1220=DIRECTION('',(0.,0.,1.));
#1221=DIRECTION('center_axis',(0.000217803793714893,-0.000213997103133223,
0.999999953383373));
#1222=DIRECTION('ref_axis',(0.999999976280752,0.,-0.00021780379870203));
#1223=DIRECTION('',(0.,-0.707097789778834,0.70711577247993));
#1224=DIRECTION('center_axis',(0.,0.,-1.));
#1225=DIRECTION('ref_axis',(-0.71331281097795,0.700845798799375,0.));
#1226=DIRECTION('center_axis',(0.707107676807655,0.707105885564306,1.45858182078559E-10));
#1227=DIRECTION('ref_axis',(2.06274358011581E-10,0.,-1.));
#1228=DIRECTION('',(0.,-2.06274880546578E-10,1.));
#1229=DIRECTION('',(0.707105885564306,-0.707107676807655,0.));
#1230=DIRECTION('',(-1.36834985207407E-10,3.43110212384896E-10,-1.));
#1231=DIRECTION('center_axis',(0.,-1.,0.));
#1232=DIRECTION('ref_axis',(-1.,0.,0.));
#1233=DIRECTION('',(0.,-1.,0.));
#1234=DIRECTION('center_axis',(0.,-1.,0.));
#1235=DIRECTION('ref_axis',(-1.,0.,0.));
#1236=DIRECTION('',(0.,1.,0.));
#1237=DIRECTION('center_axis',(0.,1.,0.));
#1238=DIRECTION('ref_axis',(-1.,0.,0.));
#1239=DIRECTION('center_axis',(-0.00010287822276616,0.999999993506916,4.90126409450203E-5));
#1240=DIRECTION('ref_axis',(0.,-4.90126412061551E-5,0.999999998798881));
#1241=DIRECTION('center_axis',(0.,0.,-1.));
#1242=DIRECTION('ref_axis',(0.,1.,0.));
#1243=DIRECTION('center_axis',(1.24811337967826E-8,-1.,-1.00122736905239E-8));
#1244=DIRECTION('ref_axis',(0.,1.00122725610275E-8,-1.));
#1245=DIRECTION('center_axis',(-1.,0.,0.));
#1246=DIRECTION('ref_axis',(0.,1.00122736905239E-8,-1.));
#1247=DIRECTION('center_axis',(-1.24811337967826E-8,1.,1.00122736905239E-8));
#1248=DIRECTION('ref_axis',(-7.7622320378527E-16,1.00122736649414E-8,-1.));
#1249=DIRECTION('center_axis',(0.,0.,1.));
#1250=DIRECTION('ref_axis',(0.,1.,0.));
#1251=DIRECTION('center_axis',(0.,-1.,0.));
#1252=DIRECTION('ref_axis',(1.,0.,0.));
#1253=DIRECTION('center_axis',(6.65044343004456E-8,-0.999999999999995,-7.21835338935449E-8));
#1254=DIRECTION('ref_axis',(0.,7.21835321260086E-8,-0.999999999999997));
#1255=DIRECTION('center_axis',(-1.,0.,0.));
#1256=DIRECTION('ref_axis',(0.,7.21835338935451E-8,-0.999999999999997));
#1257=DIRECTION('center_axis',(0.,1.,0.));
#1258=DIRECTION('ref_axis',(1.,0.,0.));
#1259=DIRECTION('center_axis',(0.,0.,1.));
#1260=DIRECTION('ref_axis',(0.,-1.,0.));
#1261=DIRECTION('center_axis',(6.65044343004456E-8,-0.999999999999995,-7.21835338935449E-8));
#1262=DIRECTION('ref_axis',(-6.21685451810559E-16,7.21835339254737E-8,-0.999999999999997));
#1263=DIRECTION('center_axis',(8.58942579384333E-5,0.999999995500705,-4.02587395043171E-5));
#1264=DIRECTION('ref_axis',(0.,4.02587396518307E-5,0.999999999189617));
#1265=DIRECTION('center_axis',(0.,0.,-1.));
#1266=DIRECTION('ref_axis',(0.,-1.,0.));
#1267=DIRECTION('center_axis',(0.,-1.,0.));
#1268=DIRECTION('ref_axis',(-1.,0.,0.));
#1269=DIRECTION('center_axis',(0.,-1.,0.));
#1270=DIRECTION('ref_axis',(-1.,0.,0.));
#1271=DIRECTION('',(0.,-1.,0.));
#1272=DIRECTION('center_axis',(0.,-1.,0.));
#1273=DIRECTION('ref_axis',(-1.,0.,0.));
#1274=DIRECTION('',(0.,1.,0.));
#1275=DIRECTION('center_axis',(0.,0.,-1.));
#1276=DIRECTION('ref_axis',(0.,-1.,0.));
#1277=DIRECTION('center_axis',(0.,1.,0.));
#1278=DIRECTION('ref_axis',(0.,0.,1.));
#1279=DIRECTION('center_axis',(0.,0.,1.));
#1280=DIRECTION('ref_axis',(-1.,0.,0.));
#1281=DIRECTION('center_axis',(-1.,0.,0.));
#1282=DIRECTION('ref_axis',(0.,0.,1.));
#1283=DIRECTION('center_axis',(0.,0.,1.));
#1284=DIRECTION('ref_axis',(-1.,0.,0.));
#1285=DIRECTION('center_axis',(0.,-1.,0.));
#1286=DIRECTION('ref_axis',(0.,0.,1.));
#1287=DIRECTION('center_axis',(0.,3.43110212379345E-10,-1.));
#1288=DIRECTION('ref_axis',(4.05672532586843E-11,1.,3.43110212379345E-10));
#1289=DIRECTION('center_axis',(-1.,4.0567378654928E-11,0.));
#1290=DIRECTION('ref_axis',(4.0567726941568E-11,1.,3.43109718297056E-10));
#1291=DIRECTION('center_axis',(0.,-1.,0.));
#1292=DIRECTION('ref_axis',(0.,0.,1.));
#1293=DIRECTION('',(0.,-1.,0.));
#1294=DIRECTION('',(0.,1.,0.));
#1295=DIRECTION('center_axis',(0.,1.,0.));
#1296=DIRECTION('ref_axis',(0.,0.,1.));
#1297=DIRECTION('center_axis',(1.02293002568829E-8,0.707107420061956,0.707106142310561));
#1298=DIRECTION('ref_axis',(0.,-0.707106142310561,0.707107420061956));
#1299=DIRECTION('center_axis',(0.,1.,0.));
#1300=DIRECTION('ref_axis',(0.,0.,1.));
#1301=DIRECTION('',(0.,-1.,0.));
#1302=DIRECTION('center_axis',(9.24324857384552E-9,-0.707108424567321,0.707105137801954));
#1303=DIRECTION('ref_axis',(0.,0.707105137801954,0.707108424567321));
#1304=DIRECTION('center_axis',(0.,-1.,0.));
#1305=DIRECTION('ref_axis',(0.,0.,1.));
#1306=DIRECTION('',(0.,1.,0.));
#1307=DIRECTION('center_axis',(0.,3.43110212379345E-10,-1.));
#1308=DIRECTION('ref_axis',(4.05672532586843E-11,1.,3.43110665791176E-10));
#1309=DIRECTION('',(0.,3.43110212379345E-10,-1.));
#1310=DIRECTION('',(0.,-3.43110212379345E-10,1.));
#1311=DIRECTION('center_axis',(0.,0.,-1.));
#1312=DIRECTION('ref_axis',(0.,-1.,0.));
#1313=DIRECTION('',(0.,0.,-1.));
#1314=DIRECTION('',(0.,0.,1.));
#1315=DIRECTION('center_axis',(0.,1.,0.));
#1316=DIRECTION('ref_axis',(1.,0.,0.));
#1317=DIRECTION('',(0.,-1.,0.));
#1318=DIRECTION('',(0.,1.,0.));
#1319=DIRECTION('center_axis',(0.,-1.,0.));
#1320=DIRECTION('ref_axis',(1.,0.,0.));
#1321=DIRECTION('center_axis',(0.,-1.,0.));
#1322=DIRECTION('ref_axis',(1.,0.,0.));
#1323=DIRECTION('',(0.,-1.,0.));
#1324=DIRECTION('center_axis',(0.,1.,0.));
#1325=DIRECTION('ref_axis',(1.,0.,0.));
#1326=DIRECTION('',(0.,1.,0.));
#1327=DIRECTION('center_axis',(0.,0.,-1.));
#1328=DIRECTION('ref_axis',(0.,1.,0.));
#1329=DIRECTION('',(0.,0.,-1.));
#1330=DIRECTION('',(0.,0.,1.));
#1331=DIRECTION('center_axis',(0.,0.,1.));
#1332=DIRECTION('ref_axis',(0.,-1.,0.));
#1333=DIRECTION('',(0.,0.,-1.));
#1334=DIRECTION('',(0.,0.,1.));
#1335=DIRECTION('center_axis',(1.,0.,0.));
#1336=DIRECTION('ref_axis',(0.,-1.,0.));
#1337=DIRECTION('center_axis',(1.,0.,0.));
#1338=DIRECTION('ref_axis',(0.,-1.,0.));
#1339=DIRECTION('',(-1.,0.,0.));
#1340=DIRECTION('center_axis',(-1.,0.,0.));
#1341=DIRECTION('ref_axis',(0.,-1.,0.));
#1342=DIRECTION('',(1.,0.,0.));
#1343=DIRECTION('center_axis',(1.,0.,0.));
#1344=DIRECTION('ref_axis',(0.,1.,0.));
#1345=DIRECTION('center_axis',(1.,0.,0.));
#1346=DIRECTION('ref_axis',(0.,1.,0.));
#1347=DIRECTION('',(-1.,0.,0.));
#1348=DIRECTION('center_axis',(-1.,0.,0.));
#1349=DIRECTION('ref_axis',(0.,1.,0.));
#1350=DIRECTION('',(1.,0.,0.));
#1351=DIRECTION('center_axis',(0.,-1.,0.));
#1352=DIRECTION('ref_axis',(-1.,0.,0.));
#1353=DIRECTION('',(0.,-1.,0.));
#1354=DIRECTION('center_axis',(0.,-1.,0.));
#1355=DIRECTION('ref_axis',(-1.,0.,0.));
#1356=DIRECTION('',(0.,1.,0.));
#1357=DIRECTION('center_axis',(0.,1.,0.));
#1358=DIRECTION('ref_axis',(-1.,0.,0.));
#1359=DIRECTION('center_axis',(0.,1.,0.));
#1360=DIRECTION('ref_axis',(0.,0.,1.));
#1361=DIRECTION('',(0.,-1.,0.));
#1362=DIRECTION('',(0.,1.,0.));
#1363=DIRECTION('center_axis',(1.,0.,0.));
#1364=DIRECTION('ref_axis',(0.,0.,1.));
#1365=DIRECTION('',(-1.,0.,0.));
#1366=DIRECTION('',(1.,0.,0.));
#1367=DIRECTION('center_axis',(-1.,0.,0.));
#1368=DIRECTION('ref_axis',(0.,0.,1.));
#1369=DIRECTION('center_axis',(1.,-4.0567378654928E-11,0.));
#1370=DIRECTION('ref_axis',(4.0567726941568E-11,1.,3.43109718297056E-10));
#1371=DIRECTION('',(-1.,4.0567378654928E-11,0.));
#1372=DIRECTION('',(1.,-4.0567378654928E-11,0.));
#1373=DIRECTION('center_axis',(-1.,0.,0.));
#1374=DIRECTION('ref_axis',(4.0567726941568E-11,1.,3.43109718297056E-10));
#1375=DIRECTION('center_axis',(1.,0.,0.));
#1376=DIRECTION('ref_axis',(0.,0.,-1.));
#1377=DIRECTION('',(-1.,0.,0.));
#1378=DIRECTION('center_axis',(-1.,0.,0.));
#1379=DIRECTION('ref_axis',(0.,0.,-1.));
#1380=DIRECTION('',(1.,0.,0.));
#1381=DIRECTION('center_axis',(1.,0.,0.));
#1382=DIRECTION('ref_axis',(0.,0.,-1.));
#1383=DIRECTION('center_axis',(1.,0.,0.));
#1384=DIRECTION('ref_axis',(0.,0.,-1.));
#1385=DIRECTION('',(-1.,0.,0.));
#1386=DIRECTION('center_axis',(-1.,0.,0.));
#1387=DIRECTION('ref_axis',(0.,0.,-1.));
#1388=DIRECTION('',(1.,0.,0.));
#1389=DIRECTION('center_axis',(1.,0.,0.));
#1390=DIRECTION('ref_axis',(0.,0.,-1.));
#1391=DIRECTION('center_axis',(1.,0.,0.));
#1392=DIRECTION('ref_axis',(0.,0.,-1.));
#1393=DIRECTION('',(0.,0.,1.));
#1394=DIRECTION('center_axis',(1.,0.,0.));
#1395=DIRECTION('ref_axis',(0.,0.,-1.));
#1396=DIRECTION('',(0.,0.,-1.));
#1397=DIRECTION('center_axis',(0.,-1.,0.));
#1398=DIRECTION('ref_axis',(0.,0.,-1.));
#1399=DIRECTION('',(0.,0.,-1.));
#1400=DIRECTION('',(-1.,0.,0.));
#1401=DIRECTION('center_axis',(0.,0.,1.));
#1402=DIRECTION('ref_axis',(1.,0.,0.));
#1403=DIRECTION('',(0.,-1.,0.));
#1404=DIRECTION('',(0.,1.,0.));
#1405=DIRECTION('center_axis',(0.,1.,0.));
#1406=DIRECTION('ref_axis',(0.,0.,1.));
#1407=DIRECTION('',(0.,0.,-1.));
#1408=DIRECTION('',(0.,0.,1.));
#1409=DIRECTION('center_axis',(0.,-1.,0.));
#1410=DIRECTION('ref_axis',(0.,0.,-1.));
#1411=DIRECTION('',(1.,0.,0.));
#1412=DIRECTION('',(0.,0.,1.));
#1413=DIRECTION('center_axis',(0.,1.,0.));
#1414=DIRECTION('ref_axis',(0.,0.,1.));
#1415=DIRECTION('',(0.,0.,-1.));
#1416=DIRECTION('',(-1.,0.,1.44664282273907E-8));
#1417=DIRECTION('',(0.,0.,1.));
#1418=DIRECTION('',(1.,0.,0.));
#1419=DIRECTION('center_axis',(0.,1.,0.));
#1420=DIRECTION('ref_axis',(0.,0.,1.));
#1421=DIRECTION('',(-1.,0.,0.));
#1422=DIRECTION('',(0.,0.,-1.));
#1423=DIRECTION('',(1.,0.,-1.30719578740133E-8));
#1424=DIRECTION('',(0.,0.,1.));
#1425=DIRECTION('center_axis',(0.,0.,1.));
#1426=DIRECTION('ref_axis',(1.,0.,0.));
#1427=DIRECTION('',(0.,-1.,0.));
#1428=DIRECTION('',(1.,0.,0.));
#1429=DIRECTION('',(-1.,0.,0.));
#1430=DIRECTION('',(0.,-1.,0.));
#1431=DIRECTION('',(0.,1.,0.));
#1432=DIRECTION('center_axis',(0.,-1.,0.));
#1433=DIRECTION('ref_axis',(0.,0.,-1.));
#1434=DIRECTION('',(0.,0.,-1.));
#1435=DIRECTION('center_axis',(0.,1.,0.));
#1436=DIRECTION('ref_axis',(0.,0.,1.));
#1437=DIRECTION('',(-1.,0.,0.));
#1438=DIRECTION('',(0.,0.,1.));
#1439=DIRECTION('',(1.,0.,-1.44664282273907E-8));
#1440=DIRECTION('center_axis',(1.02293002568829E-8,0.707107420061956,0.707106142310561));
#1441=DIRECTION('ref_axis',(1.,0.,-1.44664282273907E-8));
#1442=DIRECTION('',(0.,-0.707106142310561,0.707107420061957));
#1443=DIRECTION('',(0.,0.707106142310561,-0.707107420061957));
#1444=DIRECTION('center_axis',(1.,0.,0.));
#1445=DIRECTION('ref_axis',(0.,0.,-1.));
#1446=DIRECTION('',(0.,-1.,0.));
#1447=DIRECTION('',(0.,0.,-1.));
#1448=DIRECTION('',(0.,-0.707105137801954,-0.707108424567321));
#1449=DIRECTION('',(0.,0.,-1.));
#1450=DIRECTION('',(0.,1.,0.));
#1451=DIRECTION('center_axis',(0.,-1.,0.));
#1452=DIRECTION('ref_axis',(0.,0.,-1.));
#1453=DIRECTION('center_axis',(0.,0.,1.));
#1454=DIRECTION('ref_axis',(1.,0.,0.));
#1455=DIRECTION('',(-1.,0.,0.));
#1456=DIRECTION('',(0.,-1.,0.));
#1457=DIRECTION('',(-1.,0.,0.));
#1458=DIRECTION('',(1.,0.,0.));
#1459=DIRECTION('center_axis',(1.,0.,0.));
#1460=DIRECTION('ref_axis',(0.,0.,-1.));
#1461=DIRECTION('center_axis',(0.,-1.,0.));
#1462=DIRECTION('ref_axis',(0.,0.,-1.));
#1463=DIRECTION('',(-1.,0.,0.));
#1464=DIRECTION('',(-1.,0.,0.));
#1465=DIRECTION('',(0.,0.,1.));
#1466=DIRECTION('center_axis',(0.,-0.70711577247993,-0.707097789778834));
#1467=DIRECTION('ref_axis',(-1.,0.,0.));
#1468=DIRECTION('center_axis',(0.,-0.707110398763499,0.707103163591089));
#1469=DIRECTION('ref_axis',(1.,0.,0.));
#1470=DIRECTION('',(-1.,4.05673786410088E-11,4.05677937317534E-11));
#1471=DIRECTION('center_axis',(0.,0.,1.));
#1472=DIRECTION('ref_axis',(1.,0.,0.));
#1473=DIRECTION('',(0.,1.,0.));
#1474=DIRECTION('center_axis',(0.,1.,0.));
#1475=DIRECTION('ref_axis',(0.,0.,1.));
#1476=DIRECTION('',(-1.,0.,1.30719578740133E-8));
#1477=DIRECTION('',(0.,0.,-1.));
#1478=DIRECTION('center_axis',(9.24324857384552E-9,-0.707108424567321,0.707105137801954));
#1479=DIRECTION('ref_axis',(1.,0.,-1.30719578740133E-8));
#1480=DIRECTION('',(0.,-0.707105137801954,-0.707108424567321));
#1481=DIRECTION('center_axis',(1.,0.,0.));
#1482=DIRECTION('ref_axis',(0.,0.,-1.));
#1483=DIRECTION('center_axis',(4.0567378654928E-11,1.,3.43110212379345E-10));
#1484=DIRECTION('ref_axis',(0.,-3.43110212379345E-10,1.));
#1485=DIRECTION('',(0.,3.43110212379345E-10,-1.));
#1486=DIRECTION('',(1.,-4.0567378654928E-11,0.));
#1487=DIRECTION('center_axis',(0.,0.,1.));
#1488=DIRECTION('ref_axis',(1.,0.,0.));
#1489=DIRECTION('',(0.,-1.,0.));
#1490=DIRECTION('center_axis',(0.,1.,0.));
#1491=DIRECTION('ref_axis',(0.,0.,1.));
#1492=DIRECTION('',(0.,0.,-1.));
#1493=DIRECTION('center_axis',(0.,0.,1.));
#1494=DIRECTION('ref_axis',(1.,0.,0.));
#1495=DIRECTION('',(0.,1.,0.));
#1496=DIRECTION('center_axis',(1.,0.,0.));
#1497=DIRECTION('ref_axis',(0.,0.,-1.));
#1498=CARTESIAN_POINT('',(0.,0.,0.));
#1499=CARTESIAN_POINT('Origin',(-528.473158697339,-101.329826254886,1133.84064845729));
#1500=CARTESIAN_POINT('',(-528.470184320047,-86.3268619806169,1133.69339211389));
#1501=CARTESIAN_POINT('',(-528.470184320073,-86.6268561031229,1133.39339270064));
#1502=CARTESIAN_POINT('',(-528.470184320056,-86.4768619716252,1133.5433883667));
#1503=CARTESIAN_POINT('',(-513.470184320056,-101.326862375794,1133.69339139042));
#1504=CARTESIAN_POINT('Ctrl Pts',(-513.470184320056,-101.326861982139,1133.69340403639));
#1505=CARTESIAN_POINT('Ctrl Pts',(-513.470184306967,-100.38514523826,1133.69340021239));
#1506=CARTESIAN_POINT('Ctrl Pts',(-513.560295657028,-99.4112618325823,1133.69339662454));
#1507=CARTESIAN_POINT('Ctrl Pts',(-513.939889132528,-97.4739636389445,1133.69339031182));
#1508=CARTESIAN_POINT('Ctrl Pts',(-514.229290120826,-96.5105329513287,1133.69338758671));
#1509=CARTESIAN_POINT('Ctrl Pts',(-514.994692543566,-94.6626880414597,1133.69338323373));
#1510=CARTESIAN_POINT('Ctrl Pts',(-515.471303514603,-93.7768022676949,1133.6933816025));
#1511=CARTESIAN_POINT('Ctrl Pts',(-516.572767083753,-92.1385124570761,1133.6933795052));
#1512=CARTESIAN_POINT('Ctrl Pts',(-517.197688306473,-91.386154559319,1133.69337903963));
#1513=CARTESIAN_POINT('Ctrl Pts',(-518.529476897538,-90.0543659681462,1133.6933791595));
#1514=CARTESIAN_POINT('Ctrl Pts',(-519.281834795244,-89.4294447453652,1133.69337974904));
#1515=CARTESIAN_POINT('Ctrl Pts',(-520.920124605774,-88.327981176081,1133.69338209287));
#1516=CARTESIAN_POINT('Ctrl Pts',(-521.8060103795,-87.8513702049724,1133.69338384667));
#1517=CARTESIAN_POINT('Ctrl Pts',(-523.653855289307,-87.0859677820821,1133.69338843463));
#1518=CARTESIAN_POINT('Ctrl Pts',(-524.6172859769,-86.7965667937063,1133.69339127233));
#1519=CARTESIAN_POINT('Ctrl Pts',(-526.554584170507,-86.4169733180492,1133.6933977931));
#1520=CARTESIAN_POINT('Ctrl Pts',(-527.528467576177,-86.3268619809599,1133.6934014764));
#1521=CARTESIAN_POINT('Ctrl Pts',(-528.470184320056,-86.3268619809217,1133.6934053848));
#1522=CARTESIAN_POINT('',(-513.770177644688,-101.326862397815,1133.39339275352));
#1523=CARTESIAN_POINT('',(-513.620183938587,-101.326862397798,1133.5433883667));
#1524=CARTESIAN_POINT('Origin',(-528.470245949889,-101.326924491847,1133.39338684082));
#1525=CARTESIAN_POINT('Origin',(-513.620183938587,-129.82686049045,1133.5433883667));
#1526=CARTESIAN_POINT('',(-513.770174591062,-158.326794713108,1133.39338253895));
#1527=CARTESIAN_POINT('',(-513.770183557117,-129.82686144684,1133.39338684082));
#1528=CARTESIAN_POINT('',(-513.470188683687,-158.326896747356,1133.69339727643));
#1529=CARTESIAN_POINT('',(-513.470184320056,-129.82686049045,1133.69338989258));
#1530=CARTESIAN_POINT('',(-513.413330689213,-158.326947694171,1133.75026495001));
#1531=CARTESIAN_POINT('Origin',(-624.694198428756,-174.847699826735,1130.89246252178));
#1532=CARTESIAN_POINT('',(-627.195121759021,-173.026854754109,1130.89338684176));
#1533=CARTESIAN_POINT('',(-627.495093672488,-173.326831255567,1130.89338683895));
#1534=CARTESIAN_POINT('',(-627.345121377551,-173.17686087192,1130.89338684082));
#1535=CARTESIAN_POINT('',(-624.695121760191,-173.026852760113,1133.39338684082));
#1536=CARTESIAN_POINT('Ctrl Pts',(-624.695121767003,-173.02679217914,1133.39338684082));
#1537=CARTESIAN_POINT('Ctrl Pts',(-624.852074557071,-173.026809829208,1133.39338684032));
#1538=CARTESIAN_POINT('Ctrl Pts',(-625.01438844965,-173.026826375365,1133.37836828475));
#1539=CARTESIAN_POINT('Ctrl Pts',(-625.337271481489,-173.026855537076,1133.31510270573));
#1540=CARTESIAN_POINT('Ctrl Pts',(-625.49784326271,-173.026868155166,1133.26686920781));
#1541=CARTESIAN_POINT('Ctrl Pts',(-625.80581741449,-173.026888454748,1133.13930213749));
#1542=CARTESIAN_POINT('Ctrl Pts',(-625.95346504364,-173.026896152884,1133.05986697566));
#1543=CARTESIAN_POINT('Ctrl Pts',(-626.226513345893,-173.026906331562,1132.87628971395));
#1544=CARTESIAN_POINT('Ctrl Pts',(-626.351906329147,-173.026908810098,1132.77213617663));
#1545=CARTESIAN_POINT('Ctrl Pts',(-626.573871094897,-173.026909045094,1132.55017141087));
#1546=CARTESIAN_POINT('Ctrl Pts',(-626.678024632196,-173.026906809584,1132.42477842763));
#1547=CARTESIAN_POINT('Ctrl Pts',(-626.861601893885,-173.026897114007,1132.15173012539));
#1548=CARTESIAN_POINT('Ctrl Pts',(-626.94103705571,-173.026889655944,1132.00408249625));
#1549=CARTESIAN_POINT('Ctrl Pts',(-627.068604126018,-173.026869816147,1131.69610834449));
#1550=CARTESIAN_POINT('Ctrl Pts',(-627.116837623937,-173.02685741813,1131.53553656327));
#1551=CARTESIAN_POINT('Ctrl Pts',(-627.180103202954,-173.026828662501,1131.21265353144));
#1552=CARTESIAN_POINT('Ctrl Pts',(-627.195121759021,-173.026812302338,1131.05033963089));
#1553=CARTESIAN_POINT('Ctrl Pts',(-627.195121759021,-173.026794816395,1130.89338684082));
#1554=CARTESIAN_POINT('',(-624.695121757232,-173.326831986188,1133.69336335708));
#1555=CARTESIAN_POINT('',(-624.695121759021,-173.17686087192,1133.5433883667));
#1556=CARTESIAN_POINT('Origin',(-624.695403194459,-173.326858583101,1130.8936740874));
#1557=CARTESIAN_POINT('Origin',(-624.694198682506,-84.8060278101477,1130.89246277573));
#1558=CARTESIAN_POINT('',(-624.695121757232,-86.3268885677141,1133.69336336748));
#1559=CARTESIAN_POINT('',(-627.495093679202,-86.3268892943494,1130.89338683891));
#1560=CARTESIAN_POINT('Origin',(-624.695403129022,-86.3268619760575,1130.89367402089));
#1561=CARTESIAN_POINT('',(-624.69512176019,-86.626872361249,1133.39338684082));
#1562=CARTESIAN_POINT('',(-624.695121759021,-86.4768619716252,1133.5433883667));
#1563=CARTESIAN_POINT('',(-627.195121762288,-86.6268703718883,1130.89338684179));
#1564=CARTESIAN_POINT('Ctrl Pts',(-627.195121759021,-86.6269302916302,1130.89338684082));
#1565=CARTESIAN_POINT('Ctrl Pts',(-627.195121758542,-86.6269128096422,1131.05033963089));
#1566=CARTESIAN_POINT('Ctrl Pts',(-627.180103202954,-86.6268964531754,1131.21265353144));
#1567=CARTESIAN_POINT('Ctrl Pts',(-627.116837623937,-86.626867704041,1131.53553656327));
#1568=CARTESIAN_POINT('Ctrl Pts',(-627.068604126018,-86.6268553088245,1131.69610834449));
#1569=CARTESIAN_POINT('Ctrl Pts',(-626.941037055709,-86.6268354735165,1132.00408249625));
#1570=CARTESIAN_POINT('Ctrl Pts',(-626.861601893885,-86.6268280171467,1132.15173012539));
#1571=CARTESIAN_POINT('Ctrl Pts',(-626.678024632195,-86.6268183237899,1132.42477842763));
#1572=CARTESIAN_POINT('Ctrl Pts',(-626.573871094897,-86.6268160888073,1132.55017141087));
#1573=CARTESIAN_POINT('Ctrl Pts',(-626.351906329147,-86.6268163238075,1132.77213617663));
#1574=CARTESIAN_POINT('Ctrl Pts',(-626.226513345893,-86.6268188018197,1132.87628971395));
#1575=CARTESIAN_POINT('Ctrl Pts',(-625.95346504364,-86.6268289782845,1133.05986697566));
#1576=CARTESIAN_POINT('Ctrl Pts',(-625.805817414491,-86.6268366747309,1133.13930213749));
#1577=CARTESIAN_POINT('Ctrl Pts',(-625.497843262711,-86.6268569698308,1133.26686920781));
#1578=CARTESIAN_POINT('Ctrl Pts',(-625.33727148149,-86.6268695851246,1133.31510270573));
#1579=CARTESIAN_POINT('Ctrl Pts',(-625.01438844965,-86.6268987403477,1133.37836828475));
#1580=CARTESIAN_POINT('Ctrl Pts',(-624.852074549089,-86.6269152828131,1133.39338684082));
#1581=CARTESIAN_POINT('Ctrl Pts',(-624.695121759021,-86.6269329289288,1133.39338684082));
#1582=CARTESIAN_POINT('',(-627.345121385002,-86.4768619641746,1130.89338684082));
#1583=CARTESIAN_POINT('Origin',(-627.345121377551,-173.17686087192,1094.77371692657));
#1584=CARTESIAN_POINT('',(-627.195121759021,-173.026863160738,1058.65404701233));
#1585=CARTESIAN_POINT('',(-627.495120996082,-173.326858583101,1058.65404701233));
#1586=CARTESIAN_POINT('',(-616.728457210127,-162.560331702704,1058.65404701233));
#1587=CARTESIAN_POINT('',(-627.195121759021,-173.026863160738,1092.46601885763));
#1588=CARTESIAN_POINT('',(-627.495120996082,-173.326858583101,1107.72336006165));
#1589=CARTESIAN_POINT('Origin',(-528.473370766123,-158.32373024672,1133.75354577255));
#1590=CARTESIAN_POINT('',(-528.470184320074,-173.026869210106,1133.39339289054));
#1591=CARTESIAN_POINT('',(-528.470184320052,-173.326858583101,1133.69339096053));
#1592=CARTESIAN_POINT('',(-528.470184320056,-173.17686087192,1133.5433883667));
#1593=CARTESIAN_POINT('Origin',(-528.470249244293,-158.326797211798,1133.39338684082));
#1594=CARTESIAN_POINT('Ctrl Pts',(-528.470184320056,-173.326858583101,1133.69340343625));
#1595=CARTESIAN_POINT('Ctrl Pts',(-527.528467576217,-173.326858583097,1133.69339922368));
#1596=CARTESIAN_POINT('Ctrl Pts',(-526.554584170583,-173.236747246055,1133.69339526953));
#1597=CARTESIAN_POINT('Ctrl Pts',(-524.61728597704,-172.857153770493,1133.69338830824));
#1598=CARTESIAN_POINT('Ctrl Pts',(-523.653855289475,-172.567752782168,1133.69338530084));
#1599=CARTESIAN_POINT('Ctrl Pts',(-521.806010379712,-171.802350359384,1133.69338049163));
#1600=CARTESIAN_POINT('Ctrl Pts',(-520.920124606002,-171.325739388331,1133.69337868611));
#1601=CARTESIAN_POINT('Ctrl Pts',(-519.281834795493,-170.224275819158,1133.69337635641));
#1602=CARTESIAN_POINT('Ctrl Pts',(-518.529476897792,-169.599354596433,1133.69337583279));
#1603=CARTESIAN_POINT('Ctrl Pts',(-517.197688306726,-168.267566005367,1133.69337594247));
#1604=CARTESIAN_POINT('Ctrl Pts',(-516.572767084,-167.515208107665,1133.69337657952));
#1605=CARTESIAN_POINT('Ctrl Pts',(-515.471303514827,-165.876918297156,1133.69337913521));
#1606=CARTESIAN_POINT('Ctrl Pts',(-514.994692543774,-164.991032523446,1133.69338105331));
#1607=CARTESIAN_POINT('Ctrl Pts',(-514.22929012099,-163.143187613683,1133.69338607916));
#1608=CARTESIAN_POINT('Ctrl Pts',(-513.939889132665,-162.179756926118,1133.69338919081));
#1609=CARTESIAN_POINT('Ctrl Pts',(-513.560297833557,-160.242469840356,1133.6933963458));
#1610=CARTESIAN_POINT('Ctrl Pts',(-513.470186353979,-159.26859766255,1133.6934003894));
#1611=CARTESIAN_POINT('Ctrl Pts',(-513.470184320091,-158.326890979935,1133.69340468166));
#1612=CARTESIAN_POINT('Origin',(-627.345121377551,-86.4768619641746,1094.77371692657));
#1613=CARTESIAN_POINT('',(-627.195121758992,-86.6268619553038,1058.65404701233));
#1614=CARTESIAN_POINT('',(-627.195121759021,-86.6268619622085,1092.46601886207));
#1615=CARTESIAN_POINT('',(-627.495121003024,-86.3268619512048,1058.65404701233));
#1616=CARTESIAN_POINT('',(-616.728454031178,-97.0935561972796,1058.65404701233));
#1617=CARTESIAN_POINT('',(-627.495120996424,-86.3268619679939,1107.72336006283));
#1618=CARTESIAN_POINT('Origin',(-617.195125374836,-90.0268619686449,1124.62562561035));
#1619=CARTESIAN_POINT('',(-622.195121759021,-90.0268619686449,1124.62562561035));
#1620=CARTESIAN_POINT('',(-622.195121759021,-91.5268617302264,1124.62562561035));
#1621=CARTESIAN_POINT('',(-622.195121759021,-90.0268619686449,1124.62562561035));
#1622=CARTESIAN_POINT('',(-618.2840182647,-90.0268618070131,1129.50562286377));
#1623=CARTESIAN_POINT('Origin',(-617.195125374836,-90.0268619686449,1124.62562561035));
#1624=CARTESIAN_POINT('',(-618.283973687732,-91.5268617302264,1129.50562286377));
#1625=CARTESIAN_POINT('',(-618.283973687732,-90.0268619686449,1129.50562286377));
#1626=CARTESIAN_POINT('Origin',(-617.195125374836,-91.5268617302264,1124.62562561035));
#1627=CARTESIAN_POINT('Origin',(-617.195102983327,-90.0262162823701,1124.62561422221));
#1628=CARTESIAN_POINT('',(-619.731967930757,-89.5267788092937,1129.50562286674));
#1629=CARTESIAN_POINT('',(-622.695121760751,-89.5268444717445,1124.6256256113));
#1630=CARTESIAN_POINT('Ctrl Pts',(-619.731967930758,-89.5267788092937,1129.50562286674));
#1631=CARTESIAN_POINT('Ctrl Pts',(-619.873242130333,-89.5267897438228,1129.43218244034));
#1632=CARTESIAN_POINT('Ctrl Pts',(-620.011325043502,-89.5268000491704,1129.3526034368));
#1633=CARTESIAN_POINT('Ctrl Pts',(-620.14569649838,-89.5268096865164,1129.26718565727));
#1634=CARTESIAN_POINT('Ctrl Pts',(-620.28006372825,-89.5268193235594,1129.1817705635));
#1635=CARTESIAN_POINT('Ctrl Pts',(-620.410719478696,-89.5268282926245,1129.09051722313));
#1636=CARTESIAN_POINT('Ctrl Pts',(-620.537171592173,-89.5268365599278,1128.99376939194));
#1637=CARTESIAN_POINT('Ctrl Pts',(-620.6636204744,-89.5268448270198,1128.89702403296));
#1638=CARTESIAN_POINT('Ctrl Pts',(-620.785865694997,-89.5268523923702,1128.79478464757));
#1639=CARTESIAN_POINT('Ctrl Pts',(-620.903446805268,-89.5268592274844,1128.6874363519));
#1640=CARTESIAN_POINT('Ctrl Pts',(-621.021036952921,-89.5268660631239,1128.58007980536));
#1641=CARTESIAN_POINT('Ctrl Pts',(-621.133962049935,-89.5268721684018,1128.46761376623));
#1642=CARTESIAN_POINT('Ctrl Pts',(-621.241796691526,-89.5268775203196,1128.3504619325));
#1643=CARTESIAN_POINT('Ctrl Pts',(-621.349624499165,-89.5268828718983,1128.2333175232));
#1644=CARTESIAN_POINT('Ctrl Pts',(-621.452362292635,-89.5268874702021,1128.11148813567));
#1645=CARTESIAN_POINT('Ctrl Pts',(-621.549623096901,-89.5268912979121,1127.98543267966));
#1646=CARTESIAN_POINT('Ctrl Pts',(-621.646885786033,-89.5268951256962,1127.85937478076));
#1647=CARTESIAN_POINT('Ctrl Pts',(-621.738671089246,-89.5268981828492,1127.72909088845));
#1648=CARTESIAN_POINT('Ctrl Pts',(-621.824633275472,-89.5269004578566,1127.59507177299));
#1649=CARTESIAN_POINT('Ctrl Pts',(-621.849001101046,-89.5269011027562,1127.55708118));
#1650=CARTESIAN_POINT('Ctrl Pts',(-621.872901267263,-89.5269016848419,1127.51879062283));
#1651=CARTESIAN_POINT('Ctrl Pts',(-621.896326532536,-89.5269022039371,1127.48021170385));
#1652=CARTESIAN_POINT('Ctrl Pts',(-621.978966674997,-89.5269040352121,1127.34411218381));
#1653=CARTESIAN_POINT('Ctrl Pts',(-622.055692934319,-89.5269050820843,1127.20442190972));
#1654=CARTESIAN_POINT('Ctrl Pts',(-622.126216262628,-89.5269053406089,1127.06166710936));
#1655=CARTESIAN_POINT('Ctrl Pts',(-622.196737047216,-89.5269055991242,1126.91891745804));
#1656=CARTESIAN_POINT('Ctrl Pts',(-622.261055214808,-89.5269050693483,1126.77310377222));
#1657=CARTESIAN_POINT('Ctrl Pts',(-622.318928475955,-89.5269037532757,1126.6247753109));
#1658=CARTESIAN_POINT('Ctrl Pts',(-622.376799990625,-89.5269024372429,1126.47645132577));
#1659=CARTESIAN_POINT('Ctrl Pts',(-622.428226878335,-89.5269003349633,1126.32561299813));
#1660=CARTESIAN_POINT('Ctrl Pts',(-622.473015419647,-89.5268974543545,1126.17282848328));
#1661=CARTESIAN_POINT('Ctrl Pts',(-622.517807099885,-89.5268945735438,1126.02003326081));
#1662=CARTESIAN_POINT('Ctrl Pts',(-622.555959417675,-89.5268909143002,1125.86529186779));
#1663=CARTESIAN_POINT('Ctrl Pts',(-622.587328633246,-89.5268864904077,1125.70918724628));
#1664=CARTESIAN_POINT('Ctrl Pts',(-622.618695737095,-89.5268820668129,1125.55309313346));
#1665=CARTESIAN_POINT('Ctrl Pts',(-622.643280593009,-89.5268768786807,1125.39563627167));
#1666=CARTESIAN_POINT('Ctrl Pts',(-622.66099058454,-89.526870945552,1125.23740975658));
#1667=CARTESIAN_POINT('Ctrl Pts',(-622.678700820045,-89.5268650123417,1125.07918106175));
#1668=CARTESIAN_POINT('Ctrl Pts',(-622.689535968006,-89.5268583341256,1124.92018299231));
#1669=CARTESIAN_POINT('Ctrl Pts',(-622.693455202015,-89.5268509360584,1124.76101446948));
#1670=CARTESIAN_POINT('Ctrl Pts',(-622.6945662119,-89.5268488388818,1124.71589396842));
#1671=CARTESIAN_POINT('Ctrl Pts',(-622.695121787686,-89.5268466838929,1124.67075979024));
#1672=CARTESIAN_POINT('Ctrl Pts',(-622.695121760751,-89.5268444717444,1124.6256256113));
#1673=CARTESIAN_POINT('Ctrl Pts',(-618.284062841669,-90.0268617531272,1129.50562286377));
#1674=CARTESIAN_POINT('Ctrl Pts',(-618.284062608003,-90.0267635755029,1129.50562286377));
#1675=CARTESIAN_POINT('Ctrl Pts',(-618.284062507344,-90.0266654888702,1129.50562286377));
#1676=CARTESIAN_POINT('Ctrl Pts',(-618.284067980393,-90.0096958997662,1129.50562286377));
#1677=CARTESIAN_POINT('Ctrl Pts',(-618.289121697504,-89.9900908744707,1129.50562286377));
#1678=CARTESIAN_POINT('Ctrl Pts',(-618.306711475083,-89.9528984928332,1129.50562286377));
#1679=CARTESIAN_POINT('Ctrl Pts',(-618.325050383081,-89.9302726661124,1129.50562286377));
#1680=CARTESIAN_POINT('Ctrl Pts',(-618.379637029975,-89.8766141328515,1129.50562286377));
#1681=CARTESIAN_POINT('Ctrl Pts',(-618.427118573175,-89.8457891402507,1129.50562286377));
#1682=CARTESIAN_POINT('Ctrl Pts',(-618.526613003363,-89.7906792114411,1129.50562286377));
#1683=CARTESIAN_POINT('Ctrl Pts',(-618.578834552465,-89.7667718340725,1129.50562286377));
#1684=CARTESIAN_POINT('Ctrl Pts',(-618.791578824543,-89.6781664791305,1129.50562286377));
#1685=CARTESIAN_POINT('Ctrl Pts',(-618.978867461383,-89.6239931718962,1129.50562286377));
#1686=CARTESIAN_POINT('Ctrl Pts',(-619.359836217598,-89.5476249891758,1129.50562286377));
#1687=CARTESIAN_POINT('Ctrl Pts',(-619.553781811249,-89.5267604778219,1129.50562286377));
#1688=CARTESIAN_POINT('Ctrl Pts',(-619.731966927323,-89.5267788091901,1129.50562286377));
#1689=CARTESIAN_POINT('Origin',(-622.695121759021,-90.0268619686449,1124.62562561035));
#1690=CARTESIAN_POINT('Origin',(-627.195121922429,-90.0268620502776,1063.85404830335));
#1691=CARTESIAN_POINT('',(-627.19512181349,-89.5268620699945,1059.35404715996));
#1692=CARTESIAN_POINT('',(-627.19512181349,-90.0268619686449,1058.85404758814));
#1693=CARTESIAN_POINT('Origin',(-627.195121922429,-90.0268620052223,1059.35404709844));
#1694=CARTESIAN_POINT('',(-622.695121223016,-89.5268620156165,1063.85404586792));
#1695=CARTESIAN_POINT('Origin',(-627.19512192867,-89.5268621657245,1063.85404830836));
#1696=CARTESIAN_POINT('',(-622.195121759021,-90.0268619686449,1063.85404586792));
#1697=CARTESIAN_POINT('Origin',(-622.695121759021,-90.0268619686449,1063.85404586792));
#1698=CARTESIAN_POINT('Origin',(-627.195119851673,-90.0268619686449,1063.85404586792));
#1699=CARTESIAN_POINT('Origin',(-627.195121474758,-169.62686346804,1063.85404783391));
#1700=CARTESIAN_POINT('',(-627.195121616955,-169.626861634859,1058.85404769835));
#1701=CARTESIAN_POINT('',(-627.195121622154,-170.12686177642,1059.35404740788));
#1702=CARTESIAN_POINT('Origin',(-627.195121474758,-169.626863143214,1059.35404624851));
#1703=CARTESIAN_POINT('',(-622.195121759021,-169.626861634859,1063.85404586792));
#1704=CARTESIAN_POINT('Origin',(-627.195119851673,-169.626861634859,1063.85404586792));
#1705=CARTESIAN_POINT('',(-622.695121327974,-170.126861714158,1063.85404586792));
#1706=CARTESIAN_POINT('Origin',(-622.695121759021,-169.626861634859,1063.85404586792));
#1707=CARTESIAN_POINT('Origin',(-627.195121441506,-170.126862172027,1063.85404779782));
#1708=CARTESIAN_POINT('Origin',(-617.195250033935,-169.627402897651,1124.62569211712));
#1709=CARTESIAN_POINT('',(-622.195121759021,-169.626861634859,1124.62562561035));
#1710=CARTESIAN_POINT('',(-622.69512176048,-170.126875279245,1124.6256256109));
#1711=CARTESIAN_POINT('Origin',(-622.695121759021,-169.626861634859,1124.62562561035));
#1712=CARTESIAN_POINT('',(-618.283973687732,-169.626861634859,1129.50562286377));
#1713=CARTESIAN_POINT('Origin',(-617.195125374836,-169.626861634859,1124.62562561035));
#1714=CARTESIAN_POINT('',(-619.73196791991,-170.126861634859,1129.50562286377));
#1715=CARTESIAN_POINT('Ctrl Pts',(-619.73196791991,-170.126861634859,1129.50562286377));
#1716=CARTESIAN_POINT('Ctrl Pts',(-619.464950909036,-170.124170567009,1129.50562286377));
#1717=CARTESIAN_POINT('Ctrl Pts',(-619.064259232304,-170.066943168907,1129.50562286377));
#1718=CARTESIAN_POINT('Ctrl Pts',(-618.56794668243,-169.891573272084,1129.50562286377));
#1719=CARTESIAN_POINT('Ctrl Pts',(-618.327664132872,-169.76611948779,1129.50562286377));
#1720=CARTESIAN_POINT('Ctrl Pts',(-618.283973687732,-169.626861634859,1129.50562286377));
#1721=CARTESIAN_POINT('Ctrl Pts',(-622.69512176048,-170.126875279245,1124.6256256109));
#1722=CARTESIAN_POINT('Ctrl Pts',(-622.695122231246,-170.126868869129,1124.78484863081));
#1723=CARTESIAN_POINT('Ctrl Pts',(-622.688204027562,-170.126863053283,1124.94407143175));
#1724=CARTESIAN_POINT('Ctrl Pts',(-622.674393268245,-170.126857853613,1125.10269418975));
#1725=CARTESIAN_POINT('Ctrl Pts',(-622.660582866428,-170.126852654078,1125.2613128417));
#1726=CARTESIAN_POINT('Ctrl Pts',(-622.639880292439,-170.126848070696,1125.41933118113));
#1727=CARTESIAN_POINT('Ctrl Pts',(-622.612363586507,-170.126844120734,1125.57615396788));
#1728=CARTESIAN_POINT('Ctrl Pts',(-622.584847431208,-170.12684017085,1125.73297361646));
#1729=CARTESIAN_POINT('Ctrl Pts',(-622.55051746922,-170.126836854366,1125.88859746305));
#1730=CARTESIAN_POINT('Ctrl Pts',(-622.509503064139,-170.126834183775,1126.0424393258));
#1731=CARTESIAN_POINT('Ctrl Pts',(-622.468485175003,-170.126831512957,1126.19629425698));
#1732=CARTESIAN_POINT('Ctrl Pts',(-622.42078178433,-170.126829488146,1126.34836660978));
#1733=CARTESIAN_POINT('Ctrl Pts',(-622.366572653338,-170.126828116971,1126.49808349678));
#1734=CARTESIAN_POINT('Ctrl Pts',(-622.312366702626,-170.126826745876,1126.64779160036));
#1735=CARTESIAN_POINT('Ctrl Pts',(-622.251655878342,-170.126826028342,1126.795144231));
#1736=CARTESIAN_POINT('Ctrl Pts',(-622.184668909111,-170.126825967071,1126.93958635993));
#1737=CARTESIAN_POINT('Ctrl Pts',(-622.117680195934,-170.126825905799,1127.08403224929));
#1738=CARTESIAN_POINT('Ctrl Pts',(-622.044415137967,-170.126826500824,1127.22556721164));
#1739=CARTESIAN_POINT('Ctrl Pts',(-621.965149757132,-170.126827749903,1127.36365811608));
#1740=CARTESIAN_POINT('Ctrl Pts',(-621.942688141927,-170.126828103858,1127.40278925663));
#1741=CARTESIAN_POINT('Ctrl Pts',(-621.919744985773,-170.126828510302,1127.44164398873));
#1742=CARTESIAN_POINT('Ctrl Pts',(-621.896327236521,-170.126828969113,1127.48021054786));
#1743=CARTESIAN_POINT('Ctrl Pts',(-621.813684609726,-170.126830588285,1127.61631422366));
#1744=CARTESIAN_POINT('Ctrl Pts',(-621.725127942725,-170.126832860023,1127.74882671478));
#1745=CARTESIAN_POINT('Ctrl Pts',(-621.630990802305,-170.126835775768,1127.87724879414));
#1746=CARTESIAN_POINT('Ctrl Pts',(-621.536857709638,-170.126838691388,1128.00566535155));
#1747=CARTESIAN_POINT('Ctrl Pts',(-621.437144801969,-170.126842250954,1128.12999160563));
#1748=CARTESIAN_POINT('Ctrl Pts',(-621.332227648281,-170.126846441058,1128.24975919298));
#1749=CARTESIAN_POINT('Ctrl Pts',(-621.227314393405,-170.126850631006,1128.36952232967));
#1750=CARTESIAN_POINT('Ctrl Pts',(-621.117197478181,-170.126855451436,1128.4847269115));
#1751=CARTESIAN_POINT('Ctrl Pts',(-621.00229164096,-170.126860884191,1128.59493895328));
#1752=CARTESIAN_POINT('Ctrl Pts',(-620.887378941274,-170.126866317269,1128.70515757719));
#1753=CARTESIAN_POINT('Ctrl Pts',(-620.767676964845,-170.126872362735,1128.81038285523));
#1754=CARTESIAN_POINT('Ctrl Pts',(-620.643636619034,-170.126878997812,1128.9102183306));
#1755=CARTESIAN_POINT('Ctrl Pts',(-620.519605375359,-170.126885632403,1129.01004648001));
#1756=CARTESIAN_POINT('Ctrl Pts',(-620.391236634317,-170.126892856506,1129.10448542882));
#1757=CARTESIAN_POINT('Ctrl Pts',(-620.259013894928,-170.126900642911,1129.19317939507));
#1758=CARTESIAN_POINT('Ctrl Pts',(-620.126790485947,-170.126908429356,1129.28187381048));
#1759=CARTESIAN_POINT('Ctrl Pts',(-619.990713290033,-170.126916778094,1129.36482301678));
#1760=CARTESIAN_POINT('Ctrl Pts',(-619.851294861596,-170.126925657679,1129.44171449758));
#1761=CARTESIAN_POINT('Ctrl Pts',(-619.811783392457,-170.126928174172,1129.46350570126));
#1762=CARTESIAN_POINT('Ctrl Pts',(-619.772003732302,-170.126930733276,1129.48481064305));
#1763=CARTESIAN_POINT('Ctrl Pts',(-619.731967928219,-170.126933334215,1129.50562286916));
#1764=CARTESIAN_POINT('Origin',(-617.195125374836,-168.126861634859,1124.62562561035));
#1765=CARTESIAN_POINT('',(-622.195121759021,-168.126861634859,1124.62562561035));
#1766=CARTESIAN_POINT('',(-622.195121759021,-168.126861634859,1124.62562561035));
#1767=CARTESIAN_POINT('',(-618.283973687732,-168.126861634859,1129.50562286377));
#1768=CARTESIAN_POINT('Origin',(-617.195125374836,-168.126861634859,1124.62562561035));
#1769=CARTESIAN_POINT('',(-618.283973687732,-168.126861634859,1129.50562286377));
#1770=CARTESIAN_POINT('Ctrl Pts',(-523.470184320056,-158.326858583101,1144.39338684082));
#1771=CARTESIAN_POINT('Ctrl Pts',(-523.470184320056,-163.326858583101,1144.39338684082));
#1772=CARTESIAN_POINT('Ctrl Pts',(-528.470184320056,-163.326858583101,1144.39338684082));
#1773=CARTESIAN_POINT('Ctrl Pts',(-513.470184320056,-158.326858583101,1144.39338684082));
#1774=CARTESIAN_POINT('Ctrl Pts',(-513.470184320056,-173.326858583101,1144.39338684082));
#1775=CARTESIAN_POINT('Ctrl Pts',(-528.470184320056,-173.326858583101,1144.39338684082));
#1776=CARTESIAN_POINT('Ctrl Pts',(-513.470184320056,-158.326858583101,1134.39338684082));
#1777=CARTESIAN_POINT('Ctrl Pts',(-513.470184320056,-173.326858583101,1134.39338684082));
#1778=CARTESIAN_POINT('Ctrl Pts',(-528.470184320056,-173.326858583101,1134.39338684082));
#1779=CARTESIAN_POINT('',(-513.470184320056,-158.326858583101,1134.39338684082));
#1780=CARTESIAN_POINT('',(-528.470184320056,-173.326858583101,1134.39338684082));
#1781=CARTESIAN_POINT('Origin',(-528.470184320056,-158.326858583101,1134.39338684082));
#1782=CARTESIAN_POINT('',(-523.470184320056,-158.326858583101,1144.39338684082));
#1783=CARTESIAN_POINT('Origin',(-523.470184320056,-158.326858583101,1134.39338684082));
#1784=CARTESIAN_POINT('',(-528.470184320056,-163.326858583101,1144.39338684082));
#1785=CARTESIAN_POINT('Origin',(-528.470184320056,-158.326858583101,1144.39338684082));
#1786=CARTESIAN_POINT('Origin',(-528.470184320056,-163.326858583101,1134.39338684082));
#1787=CARTESIAN_POINT('Ctrl Pts',(-528.470184320337,-96.3268623975704,1144.39338684082));
#1788=CARTESIAN_POINT('Ctrl Pts',(-523.470184320284,-96.3268623977462,1144.39338684082));
#1789=CARTESIAN_POINT('Ctrl Pts',(-523.470184320284,-101.326862397798,1144.39338684082));
#1790=CARTESIAN_POINT('Ctrl Pts',(-528.470184320191,-92.184726712365,1144.3933869264));
#1791=CARTESIAN_POINT('Ctrl Pts',(-519.328048635079,-92.1847267126865,1144.3933869264));
#1792=CARTESIAN_POINT('Ctrl Pts',(-519.328048635079,-101.326862397798,1144.3933869264));
#1793=CARTESIAN_POINT('Ctrl Pts',(-528.470184320088,-89.2557944506309,1141.46445472493));
#1794=CARTESIAN_POINT('Ctrl Pts',(-516.399116373345,-89.2557944510554,1141.46445472493));
#1795=CARTESIAN_POINT('Ctrl Pts',(-516.399116373345,-101.326862397798,1141.46445472493));
#1796=CARTESIAN_POINT('Ctrl Pts',(-528.470184319985,-86.3268621888968,1138.53552252345));
#1797=CARTESIAN_POINT('Ctrl Pts',(-513.470184111611,-86.3268621894243,1138.53552252345));
#1798=CARTESIAN_POINT('Ctrl Pts',(-513.470184111611,-101.326862397798,1138.53552252345));
#1799=CARTESIAN_POINT('Ctrl Pts',(-528.470184319985,-86.3268621892521,1134.39338683825));
#1800=CARTESIAN_POINT('Ctrl Pts',(-513.470184111966,-86.3268621897796,1134.39338683825));
#1801=CARTESIAN_POINT('Ctrl Pts',(-513.470184111966,-101.326862397798,1134.39338683825));
#1802=CARTESIAN_POINT('',(-523.470184320132,-101.326862397798,1144.39338684082));
#1803=CARTESIAN_POINT('',(-528.4701843203,-96.3268621911132,1144.39338684082));
#1804=CARTESIAN_POINT('Origin',(-528.470184320512,-101.326862397798,1144.39338684082));
#1805=CARTESIAN_POINT('',(-513.470184320056,-101.326862189835,1134.39338683996));
#1806=CARTESIAN_POINT('Origin',(-523.470184320056,-101.326862397798,1134.39338684082));
#1807=CARTESIAN_POINT('',(-528.470184319985,-86.3268619811619,1134.39338684203));
#1808=CARTESIAN_POINT('Origin',(-528.470184320665,-101.32686198177,1134.39338683825));
#1809=CARTESIAN_POINT('Origin',(-528.47018432031,-96.326861984593,1134.39338683739));
#1810=CARTESIAN_POINT('Origin',(-624.695121759021,-88.2127217239846,1130.89338684082));
#1811=CARTESIAN_POINT('',(-627.195121759021,-87.9399981579453,1130.89338750756));
#1812=CARTESIAN_POINT('',(-627.195121759021,-88.2127217239846,1130.89338684082));
#1813=CARTESIAN_POINT('',(-624.695121759021,-89.4068620830859,1133.39338684082));
#1814=CARTESIAN_POINT('',(-624.695121759021,-88.2127217239846,1133.39338684082));
#1815=CARTESIAN_POINT('',(-626.719547414309,-89.4068620834646,1132.3602545202));
#1816=CARTESIAN_POINT('Origin',(-624.695121759021,-89.4068620830859,1130.89338684082));
#1817=CARTESIAN_POINT('Origin',(-624.695121759021,-87.9399970828838,1130.89338684082));
#1818=CARTESIAN_POINT('Origin',(-624.695121759021,-170.341745383529,1130.89338684082));
#1819=CARTESIAN_POINT('',(-627.195121759021,-171.713723362029,1130.89338764364));
#1820=CARTESIAN_POINT('',(-627.195121759021,-170.341745383529,1130.89338684082));
#1821=CARTESIAN_POINT('',(-626.719547811861,-170.246864381099,1132.36025397079));
#1822=CARTESIAN_POINT('Origin',(-624.695121759021,-171.713724667377,1130.89338684082));
#1823=CARTESIAN_POINT('',(-624.695121759021,-170.246864381441,1133.39338684082));
#1824=CARTESIAN_POINT('Origin',(-624.695121759021,-170.246864381441,1130.89338684082));
#1825=CARTESIAN_POINT('',(-624.695121759021,-170.341745383529,1133.39338684082));
#1826=CARTESIAN_POINT('Origin',(-528.470184320665,-101.32686198177,1134.39338684082));
#1827=CARTESIAN_POINT('',(-528.470184320056,-86.3268619811619,1134.39338684597));
#1828=CARTESIAN_POINT('',(-513.470184320056,-101.32686198177,1134.39338684082));
#1829=CARTESIAN_POINT('Origin',(-528.470184320056,-158.326858583101,1134.39338684082));
#1830=CARTESIAN_POINT('',(-513.470184320056,-158.326858583101,1134.39338684082));
#1831=CARTESIAN_POINT('',(-528.470184320056,-173.326858583101,1134.39338684082));
#1832=CARTESIAN_POINT('Origin',(-627.195119851673,-90.0268619686449,1063.85404586792));
#1833=CARTESIAN_POINT('',(-627.195121759021,-91.5268617302264,1058.85404777527));
#1834=CARTESIAN_POINT('',(-627.195121759021,-90.0268619686449,1058.85404777527));
#1835=CARTESIAN_POINT('',(-622.195121759021,-91.5268617302264,1063.85404586792));
#1836=CARTESIAN_POINT('',(-622.195121759021,-90.0268619686449,1063.85404586792));
#1837=CARTESIAN_POINT('Origin',(-627.195119851673,-91.5268617302264,1063.85404586792));
#1838=CARTESIAN_POINT('Origin',(-627.195119851673,-168.126861634859,1063.85404586792));
#1839=CARTESIAN_POINT('',(-627.195121759021,-168.126861634859,1058.85404777527));
#1840=CARTESIAN_POINT('',(-627.195121759021,-168.126861634859,1058.85404777527));
#1841=CARTESIAN_POINT('',(-622.195121759021,-168.126861634859,1063.85404586792));
#1842=CARTESIAN_POINT('Origin',(-627.195119851673,-168.126861634859,1063.85404586792));
#1843=CARTESIAN_POINT('',(-622.195121759021,-168.126861634859,1063.85404586792));
#1844=CARTESIAN_POINT('Origin',(-622.695121759021,-90.0268619686449,1124.62562561035));
#1845=CARTESIAN_POINT('',(-622.695121759021,-89.5268619686449,1124.62562561035));
#1846=CARTESIAN_POINT('',(-622.195121759021,-90.0268619686449,1124.62562561035));
#1847=CARTESIAN_POINT('Origin',(-622.695121759021,-169.626861634859,1063.85404586792));
#1848=CARTESIAN_POINT('',(-622.195121759021,-169.626861634859,1063.85404586792));
#1849=CARTESIAN_POINT('',(-622.695121759021,-170.126861634859,1063.85404586792));
#1850=CARTESIAN_POINT('Origin',(-627.195121759021,-136.826862397798,1110.23983764648));
#1851=CARTESIAN_POINT('',(-629.995117181384,-136.826862397798,1113.23983764648));
#1852=CARTESIAN_POINT('',(-629.995117181384,-139.826862397798,1110.23983764648));
#1853=CARTESIAN_POINT('Origin',(-629.995117181384,-136.826862397798,1110.23983764648));
#1854=CARTESIAN_POINT('',(-627.195121759021,-136.826862397798,1113.23983764648));
#1855=CARTESIAN_POINT('',(-627.195121759021,-136.826862397798,1113.23983764648));
#1856=CARTESIAN_POINT('',(-627.195121759021,-139.826862397798,1110.23983764648));
#1857=CARTESIAN_POINT('Origin',(-627.195121759021,-136.826862397798,1110.23983764648));
#1858=CARTESIAN_POINT('',(-627.195121759021,-139.826862397798,1110.23983764648));
#1859=CARTESIAN_POINT('Origin',(-627.195121759021,-122.826862397798,1110.23983764648));
#1860=CARTESIAN_POINT('',(-629.995117181384,-119.826862397798,1110.23983764648));
#1861=CARTESIAN_POINT('',(-629.995117181384,-122.826862397798,1113.23983764648));
#1862=CARTESIAN_POINT('Origin',(-629.995117181384,-122.826862397798,1110.23983764648));
#1863=CARTESIAN_POINT('',(-627.195121759021,-119.826862397798,1110.23983764648));
#1864=CARTESIAN_POINT('',(-627.195121759021,-119.826862397798,1110.23983764648));
#1865=CARTESIAN_POINT('',(-627.195121759021,-122.826862397798,1113.23983764648));
#1866=CARTESIAN_POINT('Origin',(-627.195121759021,-122.826862397798,1110.23983764648));
#1867=CARTESIAN_POINT('',(-627.195121759021,-122.826862397798,1113.23983764648));
#1868=CARTESIAN_POINT('Origin',(-624.695121759021,-168.126861634859,1127.00562286377));
#1869=CARTESIAN_POINT('',(-627.195121759021,-91.5268617302264,1127.00562286377));
#1870=CARTESIAN_POINT('',(-627.195121759021,-168.126861634859,1127.00562286377));
#1871=CARTESIAN_POINT('',(-627.195121759021,-168.126861634859,1127.00562286377));
#1872=CARTESIAN_POINT('',(-624.695121759021,-91.5268617302264,1129.50562286377));
#1873=CARTESIAN_POINT('Origin',(-624.695121759021,-91.5268617302264,1127.00562286377));
#1874=CARTESIAN_POINT('',(-624.695121759021,-168.126861634859,1129.50562286377));
#1875=CARTESIAN_POINT('',(-624.695121759021,-168.126861634859,1129.50562286377));
#1876=CARTESIAN_POINT('Origin',(-624.695121759021,-168.126861634859,1127.00562286377));
#1877=CARTESIAN_POINT('Origin',(-523.470184320056,-101.326862397798,1134.39338684082));
#1878=CARTESIAN_POINT('',(-513.470184320056,-101.326862397798,1134.39338684082));
#1879=CARTESIAN_POINT('',(-523.470184320056,-101.326862397798,1144.39338684082));
#1880=CARTESIAN_POINT('Origin',(-629.995117181384,-163.326858583101,1134.39338684082));
#1881=CARTESIAN_POINT('',(-629.995117181384,-173.326858583101,1134.39338684082));
#1882=CARTESIAN_POINT('',(-629.995117181384,-173.326858583101,1134.39338684082));
#1883=CARTESIAN_POINT('',(-629.995117181384,-163.326858583101,1144.39338684082));
#1884=CARTESIAN_POINT('',(-629.995117181384,-163.326858583101,1144.39338684082));
#1885=CARTESIAN_POINT('Origin',(-629.995117181384,-163.326858583101,1134.39338684082));
#1886=CARTESIAN_POINT('Origin',(-629.995117181384,-96.3268619804744,1134.39338683739));
#1887=CARTESIAN_POINT('',(-629.995117180705,-96.3268619808979,1144.39338684082));
#1888=CARTESIAN_POINT('',(-629.995117181384,-96.3268619804744,1144.39338684082));
#1889=CARTESIAN_POINT('',(-629.99511718073,-86.3268619770433,1134.39338684082));
#1890=CARTESIAN_POINT('',(-629.995117180979,-86.3268619770433,1134.39338684082));
#1891=CARTESIAN_POINT('Origin',(-629.995117180025,-96.3268619804744,1134.39338683739));
#1892=CARTESIAN_POINT('Origin',(-627.195121759021,-136.826862397798,1076.23983383179));
#1893=CARTESIAN_POINT('',(-627.195121759021,-139.826862397798,1076.23983383179));
#1894=CARTESIAN_POINT('',(-629.995117181384,-139.826862397798,1076.23983383179));
#1895=CARTESIAN_POINT('',(-627.195121759021,-139.826862397798,1076.23983383179));
#1896=CARTESIAN_POINT('',(-627.195121759021,-136.826862397798,1073.23983383179));
#1897=CARTESIAN_POINT('Origin',(-627.195121759021,-136.826862397798,1076.23983383179));
#1898=CARTESIAN_POINT('',(-629.995117181384,-136.826862397798,1073.23983383179));
#1899=CARTESIAN_POINT('',(-627.195121759021,-136.826862397798,1073.23983383179));
#1900=CARTESIAN_POINT('Origin',(-629.995117181384,-136.826862397798,1076.23983383179));
#1901=CARTESIAN_POINT('Origin',(-627.195121759021,-122.826862397798,1076.23983383179));
#1902=CARTESIAN_POINT('',(-627.195121759021,-122.826862397798,1073.23983383179));
#1903=CARTESIAN_POINT('',(-629.995117181384,-122.826862397798,1073.23983383179));
#1904=CARTESIAN_POINT('',(-627.195121759021,-122.826862397798,1073.23983383179));
#1905=CARTESIAN_POINT('',(-627.195121759021,-119.826862397798,1076.23983383179));
#1906=CARTESIAN_POINT('Origin',(-627.195121759021,-122.826862397798,1076.23983383179));
#1907=CARTESIAN_POINT('',(-629.995117181384,-119.826862397798,1076.23983383179));
#1908=CARTESIAN_POINT('',(-627.195121759021,-119.826862397798,1076.23983383179));
#1909=CARTESIAN_POINT('Origin',(-629.995117181384,-122.826862397798,1076.23983383179));
#1910=CARTESIAN_POINT('Origin',(-622.195121759021,-90.7768618494356,1094.23983573914));
#1911=CARTESIAN_POINT('',(-622.195121759021,-91.5268617302264,1098.49972224236));
#1912=CARTESIAN_POINT('Origin',(-622.195121759021,-168.876861634859,1094.23983573914));
#1913=CARTESIAN_POINT('',(-622.195121759021,-168.126861634859,1098.49972224236));
#1914=CARTESIAN_POINT('Origin',(-623.478370660388,-89.5268619686449,1096.33691711426));
#1915=CARTESIAN_POINT('',(-627.195121759021,-89.5268619686449,1129.50562286377));
#1916=CARTESIAN_POINT('',(-627.195121759021,-89.5268619686449,1093.24761895147));
#1917=CARTESIAN_POINT('',(-618.776841221098,-89.5268619686449,1129.50562286377));
#1918=CARTESIAN_POINT('Origin',(-628.595119470203,-129.826862397798,1113.23983764648));
#1919=CARTESIAN_POINT('',(-629.995117181384,-129.826862019509,1113.23983764648));
#1920=CARTESIAN_POINT('',(-627.195121759021,-129.826862085902,1113.23983764648));
#1921=CARTESIAN_POINT('Origin',(-628.595119470203,-119.826862397798,1093.23983573914));
#1922=CARTESIAN_POINT('',(-627.195121759021,-119.826862397798,1091.69907826391));
#1923=CARTESIAN_POINT('',(-629.995117181384,-119.826862397798,1103.13179828503));
#1924=CARTESIAN_POINT('Origin',(-623.478370660388,-170.126861634859,1096.33691711426));
#1925=CARTESIAN_POINT('',(-627.195121759021,-170.126861634859,1129.50562286377));
#1926=CARTESIAN_POINT('',(-618.776841221098,-170.126861634859,1129.50562286377));
#1927=CARTESIAN_POINT('',(-627.195121759021,-170.126861634859,1093.24761895147));
#1928=CARTESIAN_POINT('Origin',(-577.245120996082,-87.6390950113619,1130.04905319214));
#1929=CARTESIAN_POINT('',(-627.195121759021,-87.6390950113303,1130.59248426165));
#1930=CARTESIAN_POINT('',(-627.195121759021,-87.6390950113619,1129.50562286377));
#1931=CARTESIAN_POINT('',(-627.195121759021,-87.6390950113619,1110.10368699041));
#1932=CARTESIAN_POINT('',(-527.295120233142,-87.639095011392,1130.59248281661));
#1933=CARTESIAN_POINT('',(-589.676403518804,-87.6390950113619,1130.59248371897));
#1934=CARTESIAN_POINT('',(-527.295120233142,-87.6390950113619,1129.50562286377));
#1935=CARTESIAN_POINT('',(-527.295120233142,-87.6390950113619,1130.75599479675));
#1936=CARTESIAN_POINT('',(-595.660216388945,-87.6390950113619,1129.50562286377));
#1937=CARTESIAN_POINT('Origin',(-577.245120996082,-172.01462561191,1130.04905319214));
#1938=CARTESIAN_POINT('',(-527.295120233142,-172.01462561191,1129.50562286377));
#1939=CARTESIAN_POINT('',(-627.195121759021,-172.01462561191,1129.50562286377));
#1940=CARTESIAN_POINT('',(-595.660216388945,-172.01462561191,1129.50562286377));
#1941=CARTESIAN_POINT('',(-527.295120233142,-172.014625611871,1130.59248322453));
#1942=CARTESIAN_POINT('',(-527.295120233142,-172.01462561191,1130.75599479675));
#1943=CARTESIAN_POINT('',(-627.195121759021,-172.014625611953,1130.59248453022));
#1944=CARTESIAN_POINT('',(-589.67640351857,-172.01462561191,1130.59248403988));
#1945=CARTESIAN_POINT('',(-627.195121759021,-172.01462561191,1110.10368699041));
#1946=CARTESIAN_POINT('Origin',(-614.075311781808,-129.826861539491,1129.50562286377));
#1947=CARTESIAN_POINT('',(-627.195121759021,-129.826861656748,1129.50562286377));
#1948=CARTESIAN_POINT('',(-618.835375366453,-168.126861634859,1129.50562286377));
#1949=CARTESIAN_POINT('',(-618.835375366453,-91.5268617302264,1129.50562286377));
#1950=CARTESIAN_POINT('',(-627.195121759021,-129.826861656748,1129.50562286377));
#1951=CARTESIAN_POINT('',(-527.295120233142,-129.826861655721,1129.50562286377));
#1952=CARTESIAN_POINT('Origin',(-623.595438951099,-168.126861634859,1102.75960874557));
#1953=CARTESIAN_POINT('',(-627.195121759021,-168.126861634859,1096.45896476713));
#1954=CARTESIAN_POINT('Origin',(-597.633789601341,-89.4068620830859,1132.96348898751));
#1955=CARTESIAN_POINT('',(-527.295120233142,-89.4068620830859,1133.39338684082));
#1956=CARTESIAN_POINT('',(-564.525484775301,-89.4068620830859,1133.39338684082));
#1957=CARTESIAN_POINT('',(-527.295120233142,-89.4068620830559,1132.36025308257));
#1958=CARTESIAN_POINT('',(-527.295120233142,-89.4068620830859,1132.21321269444));
#1959=CARTESIAN_POINT('',(-599.870737816941,-89.4068620830859,1132.36025413255));
#1960=CARTESIAN_POINT('Origin',(-602.10768603667,-88.5182558327998,1131.4716463089));
#1961=CARTESIAN_POINT('',(-527.295120233142,-98.843211720539,1141.79661977172));
#1962=CARTESIAN_POINT('',(-627.195121759021,-88.5170570952996,1131.47044793216));
#1963=CARTESIAN_POINT('Origin',(-627.195121759021,-129.826861774005,1090.15832078868));
#1964=CARTESIAN_POINT('',(-627.195121759021,-129.826861402932,1058.65404701233));
#1965=CARTESIAN_POINT('',(-627.195121759021,-91.5268617302264,1096.45896476713));
#1966=CARTESIAN_POINT('',(-627.195121759021,-171.136695683876,1131.47041853915));
#1967=CARTESIAN_POINT('',(-627.195121759021,-139.826862397798,1091.69907826391));
#1968=CARTESIAN_POINT('',(-627.195121759021,-129.826862085902,1073.23983383179));
#1969=CARTESIAN_POINT('Origin',(-623.595438951099,-91.5268617302264,1102.75960874557));
#1970=CARTESIAN_POINT('Origin',(-531.417179949261,-129.826862403231,1133.39338684082));
#1971=CARTESIAN_POINT('',(-527.295120233142,-170.246864381441,1133.39338684082));
#1972=CARTESIAN_POINT('',(-564.525484775301,-170.246864381441,1133.39338684082));
#1973=CARTESIAN_POINT('',(-527.295120233142,-129.82686208759,1133.39338684082));
#1974=CARTESIAN_POINT('',(-553.9999164944,-86.6268619626845,1133.39338684082));
#1975=CARTESIAN_POINT('',(-553.9999164944,-173.026863160738,1133.39338684082));
#1976=CARTESIAN_POINT('Origin',(-513.470184320056,-129.82686049045,1134.0433883667));
#1977=CARTESIAN_POINT('Origin',(-610.777135207101,-173.326858583101,1120.67300319672));
#1978=CARTESIAN_POINT('',(-629.995117181384,-173.326858583101,1058.65404701233));
#1979=CARTESIAN_POINT('',(-619.502794259631,-173.326858583101,1058.65404701233));
#1980=CARTESIAN_POINT('',(-593.67989412332,-173.326858583101,1133.69338989258));
#1981=CARTESIAN_POINT('',(-629.995117181384,-173.326858583101,1116.84838201382));
#1982=CARTESIAN_POINT('Origin',(-576.582653039539,-173.17686087192,1133.5433883667));
#1983=CARTESIAN_POINT('Origin',(-576.582653039539,-86.4768619716252,1133.5433883667));
#1984=CARTESIAN_POINT('',(-593.679894123049,-86.3268619782763,1133.69338989487));
#1985=CARTESIAN_POINT('Origin',(-560.645161940499,-129.82686049045,1144.39338684082));
#1986=CARTESIAN_POINT('',(-629.995117181384,-129.826861065835,1144.39338684082));
#1987=CARTESIAN_POINT('Origin',(-597.633789601341,-170.246864381441,1132.96348898751));
#1988=CARTESIAN_POINT('',(-527.295120233142,-170.246864381479,1132.36025267171));
#1989=CARTESIAN_POINT('',(-599.87073781714,-170.246864381441,1132.36025362051));
#1990=CARTESIAN_POINT('',(-527.295120233142,-170.246864381441,1132.21321269444));
#1991=CARTESIAN_POINT('Origin',(-602.10768603667,-171.13546759189,1131.4716463089));
#1992=CARTESIAN_POINT('',(-527.295120233142,-160.810541127358,1141.7966197878));
#1993=CARTESIAN_POINT('Origin',(-527.295120233142,-129.82686177195,1131.46293640137));
#1994=CARTESIAN_POINT('Origin',(-610.777135207101,-86.3268619731153,1120.67300319672));
#1995=CARTESIAN_POINT('',(-629.995117181384,-86.3268619509587,1058.65404701233));
#1996=CARTESIAN_POINT('',(-629.995117181384,-86.3268619710234,1116.84838202128));
#1997=CARTESIAN_POINT('',(-619.502794258749,-86.326861951482,1058.65404701233));
#1998=CARTESIAN_POINT('Origin',(-628.228453312162,-129.826861031859,1058.65404701233));
#1999=CARTESIAN_POINT('',(-629.995117181384,-129.826861336539,1058.65404701233));
#2000=CARTESIAN_POINT('Origin',(-628.595119470203,-139.826862397798,1093.23983573914));
#2001=CARTESIAN_POINT('',(-629.995117181384,-139.826862397798,1103.13179828503));
#2002=CARTESIAN_POINT('Origin',(-628.595119470203,-129.826862397798,1073.23983383179));
#2003=CARTESIAN_POINT('',(-629.995117181384,-129.826862019509,1073.23983383179));
#2004=CARTESIAN_POINT('Origin',(-629.995117181384,-129.82686164122,1113.02376083091));
#2005=UNCERTAINTY_MEASURE_WITH_UNIT(LENGTH_MEASURE(0.01),#2009,
'DISTANCE_ACCURACY_VALUE',
'Maximum model space distance between geometric entities at asserted c
onnectivities');
#2006=UNCERTAINTY_MEASURE_WITH_UNIT(LENGTH_MEASURE(0.01),#2009,
'DISTANCE_ACCURACY_VALUE',
'Maximum model space distance between geometric entities at asserted c
onnectivities');
#2007=(
GEOMETRIC_REPRESENTATION_CONTEXT(3)
GLOBAL_UNCERTAINTY_ASSIGNED_CONTEXT((#2005))
GLOBAL_UNIT_ASSIGNED_CONTEXT((#2009,#2011,#2012))
REPRESENTATION_CONTEXT('','3D')
);
#2008=(
GEOMETRIC_REPRESENTATION_CONTEXT(3)
GLOBAL_UNCERTAINTY_ASSIGNED_CONTEXT((#2006))
GLOBAL_UNIT_ASSIGNED_CONTEXT((#2009,#2011,#2012))
REPRESENTATION_CONTEXT('','3D')
);
#2009=(
LENGTH_UNIT()
NAMED_UNIT(*)
SI_UNIT(.MILLI.,.METRE.)
);
#2010=(
LENGTH_UNIT()
NAMED_UNIT(*)
SI_UNIT($,.METRE.)
);
#2011=(
NAMED_UNIT(*)
PLANE_ANGLE_UNIT()
SI_UNIT($,.RADIAN.)
);
#2012=(
NAMED_UNIT(*)
SI_UNIT($,.STERADIAN.)
SOLID_ANGLE_UNIT()
);
#2013=SHAPE_DEFINITION_REPRESENTATION(#2014,#2015);
#2014=PRODUCT_DEFINITION_SHAPE('',$,#2017);
#2015=SHAPE_REPRESENTATION('',(#1089),#2007);
#2016=PRODUCT_DEFINITION_CONTEXT('part definition',#2021,'design');
#2017=PRODUCT_DEFINITION('1_Lid','1_Lid v4',#2018,#2016);
#2018=PRODUCT_DEFINITION_FORMATION('',$,#2023);
#2019=PRODUCT_RELATED_PRODUCT_CATEGORY('1_Lid v4','1_Lid v4',(#2023));
#2020=APPLICATION_PROTOCOL_DEFINITION('international standard',
'automotive_design',2009,#2021);
#2021=APPLICATION_CONTEXT(
'Core Data for Automotive Mechanical Design Process');
#2022=PRODUCT_CONTEXT('part definition',#2021,'mechanical');
#2023=PRODUCT('1_Lid','1_Lid v4',$,(#2022));
#2024=PRESENTATION_STYLE_ASSIGNMENT((#2025));
#2025=SURFACE_STYLE_USAGE(.BOTH.,#2026);
#2026=SURFACE_SIDE_STYLE('',(#2027));
#2027=SURFACE_STYLE_FILL_AREA(#2028);
#2028=FILL_AREA_STYLE('Steel - Satin',(#2029));
#2029=FILL_AREA_STYLE_COLOUR('Steel - Satin',#2030);
#2030=COLOUR_RGB('Steel - Satin',0.627450980392157,0.627450980392157,0.627450980392157);
ENDSEC;
END-ISO-10303-21;
