ISO-10303-21;
HEADER;
/* Generated by software containing ST-Developer
 * from STEP Tools, Inc. (www.steptools.com) 
 */

FILE_DESCRIPTION(
/* description */ (''),
/* implementation_level */ '2;1');

FILE_NAME(
/* name */ '2_Case.step',
/* time_stamp */ '2025-10-20T20:34:42-07:00',
/* author */ (''),
/* organization */ (''),
/* preprocessor_version */ 'ST-DEVELOPER v20.1',
/* originating_system */ 'Autodesk Translation Framework v14.17.0.0',
/* authorisation */ '');

FILE_SCHEMA (('AUTOMOTIVE_DESIGN { 1 0 10303 214 3 1 1 }'));
ENDSEC;

DATA;
#10=MECHANICAL_DESIGN_GEOMETRIC_PRESENTATION_REPRESENTATION('',(#13,#14),
#8127);
#11=SHAPE_REPRESENTATION_RELATIONSHIP('SRR','None',#8134,#12);
#12=ADVANCED_BREP_SHAPE_REPRESENTATION('',(#15,#16),#8126);
#13=STYLED_ITEM('',(#8143),#15);
#14=STYLED_ITEM('',(#8143),#16);
#15=MANIFOLD_SOLID_BREP('MeshBody1',#3160);
#16=MANIFOLD_SOLID_BREP('Body2',#3161);
#17=CONICAL_SURFACE('',#3278,8.06480677457049,0.785400705457233);
#18=CONICAL_SURFACE('',#3280,8.10024482127521,0.785402418895159);
#19=CONICAL_SURFACE('',#3282,11.7871812030354,0.785403792700878);
#20=CONICAL_SURFACE('',#3284,11.7924840639615,0.785402323607255);
#21=CONICAL_SURFACE('',#3442,0.400000000000005,0.785398163397357);
#22=CONICAL_SURFACE('',#3446,0.400000000000005,0.785398163397357);
#23=CONICAL_SURFACE('',#3450,0.400000000000005,0.785398163397357);
#24=CONICAL_SURFACE('',#3454,0.400000000000005,0.785398163397357);
#25=CONICAL_SURFACE('',#3465,0.400000000000005,0.785398163397357);
#26=CONICAL_SURFACE('',#3469,0.400000000000005,0.785398163397357);
#27=CONICAL_SURFACE('',#3473,0.400000000000005,0.785398163397357);
#28=CONICAL_SURFACE('',#3476,0.400000000000005,0.785398163397357);
#29=SPHERICAL_SURFACE('',#3248,0.499999325595157);
#30=SPHERICAL_SURFACE('',#3252,0.499999679895384);
#31=SPHERICAL_SURFACE('',#3258,0.499996257587476);
#32=SPHERICAL_SURFACE('',#3262,0.499995452584024);
#33=SPHERICAL_SURFACE('',#3268,0.499999306378765);
#34=SPHERICAL_SURFACE('',#3272,0.499998466177345);
#35=(
BOUNDED_CURVE()
B_SPLINE_CURVE(2,(#7364,#7365,#7366,#7367,#7368),.UNSPECIFIED.,.F.,.F.)
B_SPLINE_CURVE_WITH_KNOTS((3,2,3),(-1.81551900515102,-0.911616091054442,
5.13295824446339E-7),.UNSPECIFIED.)
CURVE()
GEOMETRIC_REPRESENTATION_ITEM()
RATIONAL_B_SPLINE_CURVE((0.998286864161075,0.898769394096152,1.,0.89790551643341,
1.))
REPRESENTATION_ITEM('')
);
#36=(
BOUNDED_CURVE()
B_SPLINE_CURVE(2,(#7424,#7425,#7426,#7427,#7428),.UNSPECIFIED.,.F.,.F.)
B_SPLINE_CURVE_WITH_KNOTS((3,2,3),(-1.81551793061076,-0.911615813269231,
6.87096761131784E-8),.UNSPECIFIED.)
CURVE()
GEOMETRIC_REPRESENTATION_ITEM()
RATIONAL_B_SPLINE_CURVE((0.998286849104133,0.898769560758143,1.,0.897905675421741,
1.))
REPRESENTATION_ITEM('')
);
#37=(
BOUNDED_SURFACE()
B_SPLINE_SURFACE(2,2,((#7314,#7315,#7316,#7317,#7318,#7319,#7320,#7321,
#7322),(#7323,#7324,#7325,#7326,#7327,#7328,#7329,#7330,#7331),(#7332,#7333,
#7334,#7335,#7336,#7337,#7338,#7339,#7340),(#7341,#7342,#7343,#7344,#7345,
#7346,#7347,#7348,#7349),(#7350,#7351,#7352,#7353,#7354,#7355,#7356,#7357,
#7358)),.UNSPECIFIED.,.F.,.T.,.F.)
B_SPLINE_SURFACE_WITH_KNOTS((3,2,3),(3,2,2,2,3),(-5.13295824446339E-7,0.911616091054442,
1.82323269540471),(-3.14159265358979,-1.5707963267949,0.,1.5707963267949,
3.14159265358979),.UNSPECIFIED.)
GEOMETRIC_REPRESENTATION_ITEM()
RATIONAL_B_SPLINE_SURFACE(((1.,0.707106781186548,1.,0.707106781186548,1.,
0.707106781186548,1.,0.707106781186548,1.),(0.89790551643341,0.634915079534873,
0.89790551643341,0.634915079534873,0.89790551643341,0.634915079534873,0.89790551643341,
0.634915079534873,0.89790551643341),(1.,0.707106781186548,1.,0.707106781186548,
1.,0.707106781186548,1.,0.707106781186548,1.),(0.897905516431905,0.634915079533809,
0.897905516431905,0.634915079533809,0.897905516431905,0.634915079533809,
0.897905516431905,0.634915079533809,0.897905516431905),(1.,0.707106781186548,
1.,0.707106781186548,1.,0.707106781186548,1.,0.707106781186548,1.)))
REPRESENTATION_ITEM('')
SURFACE()
);
#38=(
BOUNDED_SURFACE()
B_SPLINE_SURFACE(2,2,((#7374,#7375,#7376,#7377,#7378,#7379,#7380,#7381,
#7382),(#7383,#7384,#7385,#7386,#7387,#7388,#7389,#7390,#7391),(#7392,#7393,
#7394,#7395,#7396,#7397,#7398,#7399,#7400),(#7401,#7402,#7403,#7404,#7405,
#7406,#7407,#7408,#7409),(#7410,#7411,#7412,#7413,#7414,#7415,#7416,#7417,
#7418)),.UNSPECIFIED.,.F.,.T.,.F.)
B_SPLINE_SURFACE_WITH_KNOTS((3,2,3),(3,2,2,2,3),(-6.87096761131784E-8,0.911615813269231,
1.82323169524814),(-3.14159265358979,-1.5707963267949,0.,1.5707963267949,
3.14159265358979),.UNSPECIFIED.)
GEOMETRIC_REPRESENTATION_ITEM()
RATIONAL_B_SPLINE_SURFACE(((1.,0.707106781186548,1.,0.707106781186548,1.,
0.707106781186548,1.,0.707106781186548,1.),(0.897905675421741,0.634915191956601,
0.897905675421741,0.634915191956601,0.897905675421741,0.634915191956601,
0.897905675421741,0.634915191956601,0.897905675421741),(1.,0.707106781186548,
1.,0.707106781186548,1.,0.707106781186548,1.,0.707106781186548,1.),(0.897905675424246,
0.634915191958372,0.897905675424246,0.634915191958372,0.897905675424246,
0.634915191958372,0.897905675424246,0.634915191958372,0.897905675424246),
(1.,0.707106781186548,1.,0.707106781186548,1.,0.707106781186548,1.,0.707106781186548,
1.)))
REPRESENTATION_ITEM('')
SURFACE()
);
#39=TOROIDAL_SURFACE('',#3226,16.0347351989987,2.19004914808189);
#40=TOROIDAL_SURFACE('',#3228,16.137359974459,2.22888000650368);
#41=TOROIDAL_SURFACE('',#3236,1.50000047462283,0.999999367711157);
#42=TOROIDAL_SURFACE('',#3239,10.0000026734784,2.999997326522);
#43=TOROIDAL_SURFACE('',#3243,9.9999986283903,3.0000013716097);
#44=B_SPLINE_SURFACE_WITH_KNOTS('',3,3,((#4499,#4500,#4501,#4502),(#4503,
#4504,#4505,#4506),(#4507,#4508,#4509,#4510),(#4511,#4512,#4513,#4514)),
 .UNSPECIFIED.,.F.,.F.,.F.,(4,4),(4,4),(0.,1.),(-0.568610300264206,0.),
 .UNSPECIFIED.);
#45=B_SPLINE_SURFACE_WITH_KNOTS('',3,3,((#4538,#4539,#4540,#4541),(#4542,
#4543,#4544,#4545),(#4546,#4547,#4548,#4549),(#4550,#4551,#4552,#4553)),
 .UNSPECIFIED.,.F.,.F.,.F.,(4,4),(4,4),(0.,1.),(-3.80401798294956E-17,0.568610300264209),
 .UNSPECIFIED.);
#46=B_SPLINE_SURFACE_WITH_KNOTS('',5,5,((#4917,#4918,#4919,#4920,#4921,
#4922,#4923,#4924,#4925,#4926,#4927,#4928,#4929,#4930,#4931,#4932,#4933,
#4934,#4935,#4936,#4937,#4938,#4939,#4940,#4941,#4942,#4943,#4944,#4945,
#4946,#4947,#4948,#4949),(#4950,#4951,#4952,#4953,#4954,#4955,#4956,#4957,
#4958,#4959,#4960,#4961,#4962,#4963,#4964,#4965,#4966,#4967,#4968,#4969,
#4970,#4971,#4972,#4973,#4974,#4975,#4976,#4977,#4978,#4979,#4980,#4981,
#4982),(#4983,#4984,#4985,#4986,#4987,#4988,#4989,#4990,#4991,#4992,#4993,
#4994,#4995,#4996,#4997,#4998,#4999,#5000,#5001,#5002,#5003,#5004,#5005,
#5006,#5007,#5008,#5009,#5010,#5011,#5012,#5013,#5014,#5015),(#5016,#5017,
#5018,#5019,#5020,#5021,#5022,#5023,#5024,#5025,#5026,#5027,#5028,#5029,
#5030,#5031,#5032,#5033,#5034,#5035,#5036,#5037,#5038,#5039,#5040,#5041,
#5042,#5043,#5044,#5045,#5046,#5047,#5048),(#5049,#5050,#5051,#5052,#5053,
#5054,#5055,#5056,#5057,#5058,#5059,#5060,#5061,#5062,#5063,#5064,#5065,
#5066,#5067,#5068,#5069,#5070,#5071,#5072,#5073,#5074,#5075,#5076,#5077,
#5078,#5079,#5080,#5081),(#5082,#5083,#5084,#5085,#5086,#5087,#5088,#5089,
#5090,#5091,#5092,#5093,#5094,#5095,#5096,#5097,#5098,#5099,#5100,#5101,
#5102,#5103,#5104,#5105,#5106,#5107,#5108,#5109,#5110,#5111,#5112,#5113,
#5114),(#5115,#5116,#5117,#5118,#5119,#5120,#5121,#5122,#5123,#5124,#5125,
#5126,#5127,#5128,#5129,#5130,#5131,#5132,#5133,#5134,#5135,#5136,#5137,
#5138,#5139,#5140,#5141,#5142,#5143,#5144,#5145,#5146,#5147),(#5148,#5149,
#5150,#5151,#5152,#5153,#5154,#5155,#5156,#5157,#5158,#5159,#5160,#5161,
#5162,#5163,#5164,#5165,#5166,#5167,#5168,#5169,#5170,#5171,#5172,#5173,
#5174,#5175,#5176,#5177,#5178,#5179,#5180),(#5181,#5182,#5183,#5184,#5185,
#5186,#5187,#5188,#5189,#5190,#5191,#5192,#5193,#5194,#5195,#5196,#5197,
#5198,#5199,#5200,#5201,#5202,#5203,#5204,#5205,#5206,#5207,#5208,#5209,
#5210,#5211,#5212,#5213),(#5214,#5215,#5216,#5217,#5218,#5219,#5220,#5221,
#5222,#5223,#5224,#5225,#5226,#5227,#5228,#5229,#5230,#5231,#5232,#5233,
#5234,#5235,#5236,#5237,#5238,#5239,#5240,#5241,#5242,#5243,#5244,#5245,
#5246),(#5247,#5248,#5249,#5250,#5251,#5252,#5253,#5254,#5255,#5256,#5257,
#5258,#5259,#5260,#5261,#5262,#5263,#5264,#5265,#5266,#5267,#5268,#5269,
#5270,#5271,#5272,#5273,#5274,#5275,#5276,#5277,#5278,#5279),(#5280,#5281,
#5282,#5283,#5284,#5285,#5286,#5287,#5288,#5289,#5290,#5291,#5292,#5293,
#5294,#5295,#5296,#5297,#5298,#5299,#5300,#5301,#5302,#5303,#5304,#5305,
#5306,#5307,#5308,#5309,#5310,#5311,#5312),(#5313,#5314,#5315,#5316,#5317,
#5318,#5319,#5320,#5321,#5322,#5323,#5324,#5325,#5326,#5327,#5328,#5329,
#5330,#5331,#5332,#5333,#5334,#5335,#5336,#5337,#5338,#5339,#5340,#5341,
#5342,#5343,#5344,#5345),(#5346,#5347,#5348,#5349,#5350,#5351,#5352,#5353,
#5354,#5355,#5356,#5357,#5358,#5359,#5360,#5361,#5362,#5363,#5364,#5365,
#5366,#5367,#5368,#5369,#5370,#5371,#5372,#5373,#5374,#5375,#5376,#5377,
#5378),(#5379,#5380,#5381,#5382,#5383,#5384,#5385,#5386,#5387,#5388,#5389,
#5390,#5391,#5392,#5393,#5394,#5395,#5396,#5397,#5398,#5399,#5400,#5401,
#5402,#5403,#5404,#5405,#5406,#5407,#5408,#5409,#5410,#5411),(#5412,#5413,
#5414,#5415,#5416,#5417,#5418,#5419,#5420,#5421,#5422,#5423,#5424,#5425,
#5426,#5427,#5428,#5429,#5430,#5431,#5432,#5433,#5434,#5435,#5436,#5437,
#5438,#5439,#5440,#5441,#5442,#5443,#5444),(#5445,#5446,#5447,#5448,#5449,
#5450,#5451,#5452,#5453,#5454,#5455,#5456,#5457,#5458,#5459,#5460,#5461,
#5462,#5463,#5464,#5465,#5466,#5467,#5468,#5469,#5470,#5471,#5472,#5473,
#5474,#5475,#5476,#5477),(#5478,#5479,#5480,#5481,#5482,#5483,#5484,#5485,
#5486,#5487,#5488,#5489,#5490,#5491,#5492,#5493,#5494,#5495,#5496,#5497,
#5498,#5499,#5500,#5501,#5502,#5503,#5504,#5505,#5506,#5507,#5508,#5509,
#5510),(#5511,#5512,#5513,#5514,#5515,#5516,#5517,#5518,#5519,#5520,#5521,
#5522,#5523,#5524,#5525,#5526,#5527,#5528,#5529,#5530,#5531,#5532,#5533,
#5534,#5535,#5536,#5537,#5538,#5539,#5540,#5541,#5542,#5543),(#5544,#5545,
#5546,#5547,#5548,#5549,#5550,#5551,#5552,#5553,#5554,#5555,#5556,#5557,
#5558,#5559,#5560,#5561,#5562,#5563,#5564,#5565,#5566,#5567,#5568,#5569,
#5570,#5571,#5572,#5573,#5574,#5575,#5576),(#5577,#5578,#5579,#5580,#5581,
#5582,#5583,#5584,#5585,#5586,#5587,#5588,#5589,#5590,#5591,#5592,#5593,
#5594,#5595,#5596,#5597,#5598,#5599,#5600,#5601,#5602,#5603,#5604,#5605,
#5606,#5607,#5608,#5609),(#5610,#5611,#5612,#5613,#5614,#5615,#5616,#5617,
#5618,#5619,#5620,#5621,#5622,#5623,#5624,#5625,#5626,#5627,#5628,#5629,
#5630,#5631,#5632,#5633,#5634,#5635,#5636,#5637,#5638,#5639,#5640,#5641,
#5642),(#5643,#5644,#5645,#5646,#5647,#5648,#5649,#5650,#5651,#5652,#5653,
#5654,#5655,#5656,#5657,#5658,#5659,#5660,#5661,#5662,#5663,#5664,#5665,
#5666,#5667,#5668,#5669,#5670,#5671,#5672,#5673,#5674,#5675),(#5676,#5677,
#5678,#5679,#5680,#5681,#5682,#5683,#5684,#5685,#5686,#5687,#5688,#5689,
#5690,#5691,#5692,#5693,#5694,#5695,#5696,#5697,#5698,#5699,#5700,#5701,
#5702,#5703,#5704,#5705,#5706,#5707,#5708),(#5709,#5710,#5711,#5712,#5713,
#5714,#5715,#5716,#5717,#5718,#5719,#5720,#5721,#5722,#5723,#5724,#5725,
#5726,#5727,#5728,#5729,#5730,#5731,#5732,#5733,#5734,#5735,#5736,#5737,
#5738,#5739,#5740,#5741),(#5742,#5743,#5744,#5745,#5746,#5747,#5748,#5749,
#5750,#5751,#5752,#5753,#5754,#5755,#5756,#5757,#5758,#5759,#5760,#5761,
#5762,#5763,#5764,#5765,#5766,#5767,#5768,#5769,#5770,#5771,#5772,#5773,
#5774),(#5775,#5776,#5777,#5778,#5779,#5780,#5781,#5782,#5783,#5784,#5785,
#5786,#5787,#5788,#5789,#5790,#5791,#5792,#5793,#5794,#5795,#5796,#5797,
#5798,#5799,#5800,#5801,#5802,#5803,#5804,#5805,#5806,#5807),(#5808,#5809,
#5810,#5811,#5812,#5813,#5814,#5815,#5816,#5817,#5818,#5819,#5820,#5821,
#5822,#5823,#5824,#5825,#5826,#5827,#5828,#5829,#5830,#5831,#5832,#5833,
#5834,#5835,#5836,#5837,#5838,#5839,#5840),(#5841,#5842,#5843,#5844,#5845,
#5846,#5847,#5848,#5849,#5850,#5851,#5852,#5853,#5854,#5855,#5856,#5857,
#5858,#5859,#5860,#5861,#5862,#5863,#5864,#5865,#5866,#5867,#5868,#5869,
#5870,#5871,#5872,#5873),(#5874,#5875,#5876,#5877,#5878,#5879,#5880,#5881,
#5882,#5883,#5884,#5885,#5886,#5887,#5888,#5889,#5890,#5891,#5892,#5893,
#5894,#5895,#5896,#5897,#5898,#5899,#5900,#5901,#5902,#5903,#5904,#5905,
#5906),(#5907,#5908,#5909,#5910,#5911,#5912,#5913,#5914,#5915,#5916,#5917,
#5918,#5919,#5920,#5921,#5922,#5923,#5924,#5925,#5926,#5927,#5928,#5929,
#5930,#5931,#5932,#5933,#5934,#5935,#5936,#5937,#5938,#5939),(#5940,#5941,
#5942,#5943,#5944,#5945,#5946,#5947,#5948,#5949,#5950,#5951,#5952,#5953,
#5954,#5955,#5956,#5957,#5958,#5959,#5960,#5961,#5962,#5963,#5964,#5965,
#5966,#5967,#5968,#5969,#5970,#5971,#5972),(#5973,#5974,#5975,#5976,#5977,
#5978,#5979,#5980,#5981,#5982,#5983,#5984,#5985,#5986,#5987,#5988,#5989,
#5990,#5991,#5992,#5993,#5994,#5995,#5996,#5997,#5998,#5999,#6000,#6001,
#6002,#6003,#6004,#6005),(#6006,#6007,#6008,#6009,#6010,#6011,#6012,#6013,
#6014,#6015,#6016,#6017,#6018,#6019,#6020,#6021,#6022,#6023,#6024,#6025,
#6026,#6027,#6028,#6029,#6030,#6031,#6032,#6033,#6034,#6035,#6036,#6037,
#6038),(#6039,#6040,#6041,#6042,#6043,#6044,#6045,#6046,#6047,#6048,#6049,
#6050,#6051,#6052,#6053,#6054,#6055,#6056,#6057,#6058,#6059,#6060,#6061,
#6062,#6063,#6064,#6065,#6066,#6067,#6068,#6069,#6070,#6071),(#6072,#6073,
#6074,#6075,#6076,#6077,#6078,#6079,#6080,#6081,#6082,#6083,#6084,#6085,
#6086,#6087,#6088,#6089,#6090,#6091,#6092,#6093,#6094,#6095,#6096,#6097,
#6098,#6099,#6100,#6101,#6102,#6103,#6104)),.UNSPECIFIED.,.F.,.F.,.F.,(6,
3,3,3,3,3,3,3,3,3,3,6),(6,3,3,3,3,3,3,3,3,3,6),(-0.004,0.122,0.248,0.374,
0.437,0.5,0.563,0.626,0.752,0.878,0.941,1.004),(-0.0573339876418645,-0.0288820921638386,
-0.00043019668581272,0.0280216987922132,0.0564735942702391,0.070699542009252,
0.084925489748265,0.113377385226291,0.141829280704317,0.15605522844333,
0.170281176182343),.UNSPECIFIED.);
#47=B_SPLINE_SURFACE_WITH_KNOTS('',5,5,((#6164,#6165,#6166,#6167,#6168,
#6169,#6170,#6171,#6172,#6173,#6174,#6175,#6176,#6177,#6178,#6179,#6180,
#6181,#6182,#6183,#6184,#6185,#6186,#6187,#6188,#6189,#6190,#6191,#6192,
#6193,#6194,#6195,#6196),(#6197,#6198,#6199,#6200,#6201,#6202,#6203,#6204,
#6205,#6206,#6207,#6208,#6209,#6210,#6211,#6212,#6213,#6214,#6215,#6216,
#6217,#6218,#6219,#6220,#6221,#6222,#6223,#6224,#6225,#6226,#6227,#6228,
#6229),(#6230,#6231,#6232,#6233,#6234,#6235,#6236,#6237,#6238,#6239,#6240,
#6241,#6242,#6243,#6244,#6245,#6246,#6247,#6248,#6249,#6250,#6251,#6252,
#6253,#6254,#6255,#6256,#6257,#6258,#6259,#6260,#6261,#6262),(#6263,#6264,
#6265,#6266,#6267,#6268,#6269,#6270,#6271,#6272,#6273,#6274,#6275,#6276,
#6277,#6278,#6279,#6280,#6281,#6282,#6283,#6284,#6285,#6286,#6287,#6288,
#6289,#6290,#6291,#6292,#6293,#6294,#6295),(#6296,#6297,#6298,#6299,#6300,
#6301,#6302,#6303,#6304,#6305,#6306,#6307,#6308,#6309,#6310,#6311,#6312,
#6313,#6314,#6315,#6316,#6317,#6318,#6319,#6320,#6321,#6322,#6323,#6324,
#6325,#6326,#6327,#6328),(#6329,#6330,#6331,#6332,#6333,#6334,#6335,#6336,
#6337,#6338,#6339,#6340,#6341,#6342,#6343,#6344,#6345,#6346,#6347,#6348,
#6349,#6350,#6351,#6352,#6353,#6354,#6355,#6356,#6357,#6358,#6359,#6360,
#6361),(#6362,#6363,#6364,#6365,#6366,#6367,#6368,#6369,#6370,#6371,#6372,
#6373,#6374,#6375,#6376,#6377,#6378,#6379,#6380,#6381,#6382,#6383,#6384,
#6385,#6386,#6387,#6388,#6389,#6390,#6391,#6392,#6393,#6394),(#6395,#6396,
#6397,#6398,#6399,#6400,#6401,#6402,#6403,#6404,#6405,#6406,#6407,#6408,
#6409,#6410,#6411,#6412,#6413,#6414,#6415,#6416,#6417,#6418,#6419,#6420,
#6421,#6422,#6423,#6424,#6425,#6426,#6427),(#6428,#6429,#6430,#6431,#6432,
#6433,#6434,#6435,#6436,#6437,#6438,#6439,#6440,#6441,#6442,#6443,#6444,
#6445,#6446,#6447,#6448,#6449,#6450,#6451,#6452,#6453,#6454,#6455,#6456,
#6457,#6458,#6459,#6460),(#6461,#6462,#6463,#6464,#6465,#6466,#6467,#6468,
#6469,#6470,#6471,#6472,#6473,#6474,#6475,#6476,#6477,#6478,#6479,#6480,
#6481,#6482,#6483,#6484,#6485,#6486,#6487,#6488,#6489,#6490,#6491,#6492,
#6493),(#6494,#6495,#6496,#6497,#6498,#6499,#6500,#6501,#6502,#6503,#6504,
#6505,#6506,#6507,#6508,#6509,#6510,#6511,#6512,#6513,#6514,#6515,#6516,
#6517,#6518,#6519,#6520,#6521,#6522,#6523,#6524,#6525,#6526),(#6527,#6528,
#6529,#6530,#6531,#6532,#6533,#6534,#6535,#6536,#6537,#6538,#6539,#6540,
#6541,#6542,#6543,#6544,#6545,#6546,#6547,#6548,#6549,#6550,#6551,#6552,
#6553,#6554,#6555,#6556,#6557,#6558,#6559),(#6560,#6561,#6562,#6563,#6564,
#6565,#6566,#6567,#6568,#6569,#6570,#6571,#6572,#6573,#6574,#6575,#6576,
#6577,#6578,#6579,#6580,#6581,#6582,#6583,#6584,#6585,#6586,#6587,#6588,
#6589,#6590,#6591,#6592),(#6593,#6594,#6595,#6596,#6597,#6598,#6599,#6600,
#6601,#6602,#6603,#6604,#6605,#6606,#6607,#6608,#6609,#6610,#6611,#6612,
#6613,#6614,#6615,#6616,#6617,#6618,#6619,#6620,#6621,#6622,#6623,#6624,
#6625),(#6626,#6627,#6628,#6629,#6630,#6631,#6632,#6633,#6634,#6635,#6636,
#6637,#6638,#6639,#6640,#6641,#6642,#6643,#6644,#6645,#6646,#6647,#6648,
#6649,#6650,#6651,#6652,#6653,#6654,#6655,#6656,#6657,#6658),(#6659,#6660,
#6661,#6662,#6663,#6664,#6665,#6666,#6667,#6668,#6669,#6670,#6671,#6672,
#6673,#6674,#6675,#6676,#6677,#6678,#6679,#6680,#6681,#6682,#6683,#6684,
#6685,#6686,#6687,#6688,#6689,#6690,#6691),(#6692,#6693,#6694,#6695,#6696,
#6697,#6698,#6699,#6700,#6701,#6702,#6703,#6704,#6705,#6706,#6707,#6708,
#6709,#6710,#6711,#6712,#6713,#6714,#6715,#6716,#6717,#6718,#6719,#6720,
#6721,#6722,#6723,#6724),(#6725,#6726,#6727,#6728,#6729,#6730,#6731,#6732,
#6733,#6734,#6735,#6736,#6737,#6738,#6739,#6740,#6741,#6742,#6743,#6744,
#6745,#6746,#6747,#6748,#6749,#6750,#6751,#6752,#6753,#6754,#6755,#6756,
#6757),(#6758,#6759,#6760,#6761,#6762,#6763,#6764,#6765,#6766,#6767,#6768,
#6769,#6770,#6771,#6772,#6773,#6774,#6775,#6776,#6777,#6778,#6779,#6780,
#6781,#6782,#6783,#6784,#6785,#6786,#6787,#6788,#6789,#6790),(#6791,#6792,
#6793,#6794,#6795,#6796,#6797,#6798,#6799,#6800,#6801,#6802,#6803,#6804,
#6805,#6806,#6807,#6808,#6809,#6810,#6811,#6812,#6813,#6814,#6815,#6816,
#6817,#6818,#6819,#6820,#6821,#6822,#6823),(#6824,#6825,#6826,#6827,#6828,
#6829,#6830,#6831,#6832,#6833,#6834,#6835,#6836,#6837,#6838,#6839,#6840,
#6841,#6842,#6843,#6844,#6845,#6846,#6847,#6848,#6849,#6850,#6851,#6852,
#6853,#6854,#6855,#6856),(#6857,#6858,#6859,#6860,#6861,#6862,#6863,#6864,
#6865,#6866,#6867,#6868,#6869,#6870,#6871,#6872,#6873,#6874,#6875,#6876,
#6877,#6878,#6879,#6880,#6881,#6882,#6883,#6884,#6885,#6886,#6887,#6888,
#6889),(#6890,#6891,#6892,#6893,#6894,#6895,#6896,#6897,#6898,#6899,#6900,
#6901,#6902,#6903,#6904,#6905,#6906,#6907,#6908,#6909,#6910,#6911,#6912,
#6913,#6914,#6915,#6916,#6917,#6918,#6919,#6920,#6921,#6922),(#6923,#6924,
#6925,#6926,#6927,#6928,#6929,#6930,#6931,#6932,#6933,#6934,#6935,#6936,
#6937,#6938,#6939,#6940,#6941,#6942,#6943,#6944,#6945,#6946,#6947,#6948,
#6949,#6950,#6951,#6952,#6953,#6954,#6955),(#6956,#6957,#6958,#6959,#6960,
#6961,#6962,#6963,#6964,#6965,#6966,#6967,#6968,#6969,#6970,#6971,#6972,
#6973,#6974,#6975,#6976,#6977,#6978,#6979,#6980,#6981,#6982,#6983,#6984,
#6985,#6986,#6987,#6988),(#6989,#6990,#6991,#6992,#6993,#6994,#6995,#6996,
#6997,#6998,#6999,#7000,#7001,#7002,#7003,#7004,#7005,#7006,#7007,#7008,
#7009,#7010,#7011,#7012,#7013,#7014,#7015,#7016,#7017,#7018,#7019,#7020,
#7021),(#7022,#7023,#7024,#7025,#7026,#7027,#7028,#7029,#7030,#7031,#7032,
#7033,#7034,#7035,#7036,#7037,#7038,#7039,#7040,#7041,#7042,#7043,#7044,
#7045,#7046,#7047,#7048,#7049,#7050,#7051,#7052,#7053,#7054),(#7055,#7056,
#7057,#7058,#7059,#7060,#7061,#7062,#7063,#7064,#7065,#7066,#7067,#7068,
#7069,#7070,#7071,#7072,#7073,#7074,#7075,#7076,#7077,#7078,#7079,#7080,
#7081,#7082,#7083,#7084,#7085,#7086,#7087),(#7088,#7089,#7090,#7091,#7092,
#7093,#7094,#7095,#7096,#7097,#7098,#7099,#7100,#7101,#7102,#7103,#7104,
#7105,#7106,#7107,#7108,#7109,#7110,#7111,#7112,#7113,#7114,#7115,#7116,
#7117,#7118,#7119,#7120),(#7121,#7122,#7123,#7124,#7125,#7126,#7127,#7128,
#7129,#7130,#7131,#7132,#7133,#7134,#7135,#7136,#7137,#7138,#7139,#7140,
#7141,#7142,#7143,#7144,#7145,#7146,#7147,#7148,#7149,#7150,#7151,#7152,
#7153),(#7154,#7155,#7156,#7157,#7158,#7159,#7160,#7161,#7162,#7163,#7164,
#7165,#7166,#7167,#7168,#7169,#7170,#7171,#7172,#7173,#7174,#7175,#7176,
#7177,#7178,#7179,#7180,#7181,#7182,#7183,#7184,#7185,#7186),(#7187,#7188,
#7189,#7190,#7191,#7192,#7193,#7194,#7195,#7196,#7197,#7198,#7199,#7200,
#7201,#7202,#7203,#7204,#7205,#7206,#7207,#7208,#7209,#7210,#7211,#7212,
#7213,#7214,#7215,#7216,#7217,#7218,#7219),(#7220,#7221,#7222,#7223,#7224,
#7225,#7226,#7227,#7228,#7229,#7230,#7231,#7232,#7233,#7234,#7235,#7236,
#7237,#7238,#7239,#7240,#7241,#7242,#7243,#7244,#7245,#7246,#7247,#7248,
#7249,#7250,#7251,#7252)),.UNSPECIFIED.,.F.,.F.,.F.,(6,3,3,3,3,3,3,3,3,
3,6),(6,3,3,3,3,3,3,3,3,3,6),(-0.004,0.122,0.248,0.374,0.437,0.5,0.626,
0.752,0.878,0.941,1.004),(-0.170574914292491,-0.156352176140719,-0.142129437988947,
-0.113683961685404,-0.0994612235336318,-0.0852384853818601,-0.0567930090783166,
-0.028347532774773,9.79435287704611E-5,0.028543419832314,0.0569888961358575),
 .UNSPECIFIED.);
#48=ELLIPSE('',#3192,1.7885448768397,1.5);
#49=ELLIPSE('',#3193,1.50358551183349,1.5);
#50=ELLIPSE('',#3194,2.12132034355964,1.5);
#51=ELLIPSE('',#3195,10.3077640640442,7.99999999999997);
#52=ELLIPSE('',#3197,9.19238815542512,6.5);
#53=ELLIPSE('',#3200,9.19238815542512,6.5);
#54=ELLIPSE('',#3201,10.3077640640442,7.99999999999997);
#55=ELLIPSE('',#3203,1.50358551183349,1.5);
#56=ELLIPSE('',#3204,1.7885448768397,1.5);
#57=ELLIPSE('',#3205,2.12132034355964,1.5);
#58=ELLIPSE('',#3207,9.53890600981175,8.);
#59=ELLIPSE('',#3210,9.53890600981175,8.);
#60=ELLIPSE('',#3289,4.24264656512429,3.);
#61=ELLIPSE('',#3293,4.24264515288168,3.);
#62=ELLIPSE('',#3297,17.8854502550338,15.0000009057008);
#63=ELLIPSE('',#3301,17.8854524216474,15.0000027227759);
#64=ELLIPSE('',#3316,16.9705222096628,11.9999912857166);
#65=ELLIPSE('',#3320,16.9705432551912,11.9999991118001);
#66=ELLIPSE('',#3360,0.511170309687643,0.500000008914773);
#67=ELLIPSE('',#3371,0.511170282127537,0.499999973266729);
#68=ELLIPSE('',#3378,0.511173061495412,0.500002691898683);
#69=FACE_BOUND('',#455,.T.);
#70=FACE_BOUND('',#456,.T.);
#71=FACE_BOUND('',#457,.T.);
#72=FACE_BOUND('',#458,.T.);
#73=FACE_BOUND('',#543,.T.);
#74=FACE_BOUND('',#572,.T.);
#75=FACE_BOUND('',#583,.T.);
#76=FACE_BOUND('',#590,.T.);
#77=FACE_BOUND('',#602,.T.);
#78=FACE_BOUND('',#605,.T.);
#79=B_SPLINE_CURVE_WITH_KNOTS('',3,(#4427,#4428,#4429,#4430,#4431,#4432,
#4433),.UNSPECIFIED.,.F.,.F.,(4,1,1,1,4),(0.,2.06093939348122,3.13696441452219,
4.24500824568119,7.93825135147085),.UNSPECIFIED.);
#80=B_SPLINE_CURVE_WITH_KNOTS('',3,(#4435,#4436,#4437,#4438),
 .UNSPECIFIED.,.F.,.F.,(4,4),(7.93825135147085,8.83890816526178),
 .UNSPECIFIED.);
#81=B_SPLINE_CURVE_WITH_KNOTS('',3,(#4489,#4490,#4491,#4492,#4493,#4494,
#4495,#4496,#4497,#4498),.UNSPECIFIED.,.F.,.F.,(4,2,2,2,4),(-0.161367523165589,
-0.0958748776190403,-0.0489459947937665,0.,0.000697582846015818),
 .UNSPECIFIED.);
#82=B_SPLINE_CURVE_WITH_KNOTS('',3,(#4522,#4523,#4524,#4525,#4526,#4527,
#4528,#4529,#4530,#4531),.UNSPECIFIED.,.F.,.F.,(4,2,2,2,4),(0.,0.0652914518478593,
0.112074893070544,0.160869360595872,0.161564815449327),.UNSPECIFIED.);
#83=B_SPLINE_CURVE_WITH_KNOTS('',3,(#4570,#4571,#4572,#4573,#4574,#4575,
#4576,#4577,#4578,#4579,#4580,#4581,#4582,#4583,#4584,#4585,#4586,#4587),
 .UNSPECIFIED.,.F.,.F.,(4,2,2,2,2,2,2,2,4),(-12.0539743212202,-10.5472275310677,
-9.04048074091514,-7.5337339507626,-6.02698716061006,-4.52024037045754,
-3.01349358030503,-1.50674679015252,-1.77635683940025E-15),
 .UNSPECIFIED.);
#84=B_SPLINE_CURVE_WITH_KNOTS('',3,(#4597,#4598,#4599,#4600,#4601,#4602,
#4603,#4604,#4605,#4606,#4607,#4608,#4609,#4610,#4611,#4612,#4613,#4614),
 .UNSPECIFIED.,.F.,.F.,(4,2,2,2,2,2,2,2,4),(-48.2158972849406,-46.7091504947885,
-45.2024037046364,-43.6956569144843,-42.1889101243321,-40.6821633341802,
-39.1754165440282,-37.6686697538762,-36.1619229637243),.UNSPECIFIED.);
#85=B_SPLINE_CURVE_WITH_KNOTS('',3,(#4621,#4622,#4623,#4624,#4625,#4626,
#4627,#4628,#4629,#4630,#4631,#4632,#4633,#4634,#4635,#4636,#4637,#4638,
#4639),.UNSPECIFIED.,.F.,.F.,(4,3,3,3,3,3,4),(0.,0.952618351245125,1.90523670249025,
2.85785505373537,3.8104734049805,5.71571010747075,6.71604084622264),
 .UNSPECIFIED.);
#86=B_SPLINE_CURVE_WITH_KNOTS('',3,(#4641,#4642,#4643,#4644,#4645,#4646,
#4647,#4648,#4649,#4650,#4651,#4652,#4653,#4654,#4655,#4656,#4657,#4658,
#4659,#4660,#4661,#4662),.UNSPECIFIED.,.F.,.F.,(4,3,3,3,3,3,3,4),(6.71604084622264,
7.620946809961,9.52618351245125,11.4314202149415,12.3840385661866,13.3366569174317,
14.2892752686769,15.2418933819152),.UNSPECIFIED.);
#87=B_SPLINE_CURVE_WITH_KNOTS('',3,(#4666,#4667,#4668,#4669,#4670,#4671,
#4672,#4673,#4674,#4675,#4676,#4677,#4678,#4679,#4680,#4681,#4682,#4683,
#4684),.UNSPECIFIED.,.F.,.F.,(4,3,3,3,3,3,4),(2.38006043368997E-7,0.952618357323811,
1.90523671464762,2.85785507197143,3.81047342929524,5.71571014394287,6.57874884894078),
 .UNSPECIFIED.);
#88=B_SPLINE_CURVE_WITH_KNOTS('',3,(#4685,#4686,#4687,#4688,#4689,#4690,
#4691,#4692,#4693,#4694,#4695,#4696,#4697,#4698,#4699,#4700,#4701,#4702,
#4703,#4704,#4705,#4706),.UNSPECIFIED.,.F.,.F.,(4,3,3,3,3,3,3,4),(6.57874884894078,
7.62094685859049,9.52618357323811,11.4314202878857,12.3840386452095,13.3366570025334,
14.2892753598572,15.241893717181),.UNSPECIFIED.);
#89=B_SPLINE_CURVE_WITH_KNOTS('',3,(#4721,#4722,#4723,#4724),
 .UNSPECIFIED.,.F.,.F.,(4,4),(0.00128453349653259,37.1294535283837),
 .UNSPECIFIED.);
#90=B_SPLINE_CURVE_WITH_KNOTS('',3,(#4725,#4726,#4727,#4728,#4729,#4730,
#4731,#4732,#4733,#4734,#4735,#4736,#4737,#4738),.UNSPECIFIED.,.F.,.F.,
(4,2,2,2,2,2,4),(-12.4494329610611,-10.1345489300776,-9.43003865592066,
-6.68718305854589,-3.64406318112394,-2.38928357549963,-1.79918959113257),
 .UNSPECIFIED.);
#91=B_SPLINE_CURVE_WITH_KNOTS('',3,(#4742,#4743,#4744,#4745,#4746,#4747,
#4748,#4749,#4750,#4751,#4752,#4753,#4754,#4755,#4756,#4757),
 .UNSPECIFIED.,.F.,.F.,(4,2,2,2,2,2,2,4),(-9.90028904934653,-9.22072416185961,
-8.00231152064978,-6.58315537698635,-4.01616186835618,-2.00206267600602,
-0.825521920151566,-0.142960614476603),.UNSPECIFIED.);
#92=B_SPLINE_CURVE_WITH_KNOTS('',3,(#4759,#4760,#4761,#4762),
 .UNSPECIFIED.,.F.,.F.,(4,4),(0.,37.1280284112862),.UNSPECIFIED.);
#93=B_SPLINE_CURVE_WITH_KNOTS('',3,(#4849,#4850,#4851,#4852),
 .UNSPECIFIED.,.F.,.F.,(4,4),(0.,1.00627619584783),.UNSPECIFIED.);
#94=B_SPLINE_CURVE_WITH_KNOTS('',3,(#4855,#4856,#4857,#4858,#4859,#4860),
 .UNSPECIFIED.,.F.,.F.,(4,1,1,4),(0.981042205985333,4.48977631128136,6.66999211522122,
8.86299550951437),.UNSPECIFIED.);
#95=B_SPLINE_CURVE_WITH_KNOTS('',3,(#4862,#4863,#4864,#4865),
 .UNSPECIFIED.,.F.,.F.,(4,4),(0.,0.981042205985333),.UNSPECIFIED.);
#96=B_SPLINE_CURVE_WITH_KNOTS('',3,(#4867,#4868,#4869,#4870,#4871,#4872,
#4873),.UNSPECIFIED.,.F.,.F.,(4,1,1,1,4),(14.0245522672843,15.4519049660879,
16.8984539854578,18.3599079293274,21.3083455488358),.UNSPECIFIED.);
#97=B_SPLINE_CURVE_WITH_KNOTS('',3,(#4874,#4875,#4876,#4877,#4878,#4879,
#4880,#4881,#4882,#4883,#4884,#4885,#4886),.UNSPECIFIED.,.F.,.F.,(4,1,1,
1,1,1,1,1,1,1,4),(1.00627619584783,2.36331981206505,3.56072677328615,4.77610876577962,
6.01397682202491,7.27777720140437,8.56978636679631,9.89107969889061,11.2415719673361,
12.6201129037034,14.0245522672843),.UNSPECIFIED.);
#98=B_SPLINE_CURVE_WITH_KNOTS('',3,(#4891,#4892,#4893,#4894),
 .UNSPECIFIED.,.F.,.F.,(4,4),(20.3876806733806,21.2844733719148),
 .UNSPECIFIED.);
#99=B_SPLINE_CURVE_WITH_KNOTS('',3,(#4896,#4897,#4898,#4899,#4900,#4901,
#4902,#4903,#4904,#4905,#4906,#4907,#4908,#4909),.UNSPECIFIED.,.F.,.F.,
(4,1,1,1,1,1,1,1,1,1,1,4),(6.44471179762595,7.25992013726034,8.66436145358585,
10.0428997207662,11.3933942230791,12.7146847210996,14.0066935374001,15.2704965845288,
16.5083646407741,17.7237440231697,18.9211573530302,20.3876806733806),
 .UNSPECIFIED.);
#100=B_SPLINE_CURVE_WITH_KNOTS('',3,(#4910,#4911,#4912,#4913,#4914,#4915,
#4916),.UNSPECIFIED.,.F.,.F.,(4,1,1,1,4),(0.,2.9245653909062,4.38601910137447,
5.8325684476866,6.44471179762595),.UNSPECIFIED.);
#101=B_SPLINE_CURVE_WITH_KNOTS('',3,(#6108,#6109,#6110,#6111,#6112,#6113,
#6114,#6115,#6116,#6117,#6118,#6119,#6120,#6121,#6122,#6123,#6124),
 .UNSPECIFIED.,.F.,.F.,(4,1,1,1,1,1,1,1,1,1,1,1,1,1,4),(0.,1.96764974068601,
2.96114586419132,3.96571014703421,4.98419050983973,6.01879023445716,7.07101820842249,
8.14163694841857,9.23068827062506,10.3375214003912,11.4608473910005,12.5988109123243,
13.7490727281985,14.9089107787057,17.2450115404073),.UNSPECIFIED.);
#102=B_SPLINE_CURVE_WITH_KNOTS('',3,(#6127,#6128,#6129,#6130,#6131,#6132,
#6133,#6134,#6135,#6136,#6137,#6138,#6139,#6140,#6141,#6142,#6143),
 .UNSPECIFIED.,.F.,.F.,(4,1,1,1,1,1,1,1,1,1,1,1,1,1,4),(0.000263000960903685,
2.84875463032822,4.26640408001825,5.67623183593181,7.07604243759058,8.46397743052147,
9.83860002788227,11.1989479008341,12.5445812622016,13.8756282315953,15.1927878029868,
16.4973224129059,17.7910204745923,19.0761431780742,21.6314680408792),
 .UNSPECIFIED.);
#103=B_SPLINE_CURVE_WITH_KNOTS('',3,(#6144,#6145,#6146,#6147,#6148,#6149,
#6150,#6151,#6152,#6153,#6154,#6155,#6156,#6157,#6158,#6159,#6160,#6161,
#6162,#6163),.UNSPECIFIED.,.F.,.F.,(4,2,2,2,2,2,2,2,2,4),(-15.7242684204487,
-15.4293346429175,-15.1267904256728,-14.662937256731,-13.8756564575874,
-9.39961996201068,-6.69756859852404,-3.84908472313106,-2.30578451884601,
-1.72659809560397),.UNSPECIFIED.);
#104=B_SPLINE_CURVE_WITH_KNOTS('',3,(#7254,#7255,#7256,#7257,#7258,#7259,
#7260,#7261,#7262,#7263,#7264,#7265,#7266,#7267,#7268,#7269,#7270,#7271,
#7272,#7273,#7274,#7275),.UNSPECIFIED.,.F.,.F.,(4,2,2,2,2,2,2,2,2,2,4),
(1.67150878773777,2.31083829921287,3.69342088569621,5.21844080165934,7.46856751100036,
10.3702577812673,13.2640249701193,13.8952481874431,14.2795085800685,14.5234328570949,
14.759999304719),.UNSPECIFIED.);
#105=B_SPLINE_CURVE_WITH_KNOTS('',3,(#7276,#7277,#7278,#7279,#7280,#7281,
#7282,#7283,#7284,#7285,#7286,#7287,#7288,#7289,#7290,#7291,#7292),
 .UNSPECIFIED.,.F.,.F.,(4,1,1,1,1,1,1,1,1,1,1,1,1,1,4),(0.,2.55532205173318,
3.84045118369456,5.13414526074141,6.43868113530363,7.7558391221293,9.08688939534157,
10.4325220867758,11.7928668064539,13.1674908537402,14.5554244383588,15.9552374090661,
17.3650640156897,18.7827130320272,21.6312639706239),.UNSPECIFIED.);
#106=B_SPLINE_CURVE_WITH_KNOTS('',3,(#7296,#7297,#7298,#7299,#7300,#7301,
#7302,#7303,#7304,#7305,#7306,#7307,#7308,#7309,#7310,#7311,#7312),
 .UNSPECIFIED.,.F.,.F.,(4,1,1,1,1,1,1,1,1,1,1,1,1,1,4),(0.,2.33610093825812,
3.49593893974928,4.64620192057617,5.78416394746727,6.90749004515694,8.01432468602139,
9.10337485400177,10.1739932701431,11.2262216013101,12.2608221018228,13.2793008032602,
14.2838650861031,15.2773602958214,17.2450119147049),.UNSPECIFIED.);
#107=B_SPLINE_CURVE_WITH_KNOTS('',3,(#7443,#7444,#7445,#7446,#7447,#7448,
#7449,#7450,#7451,#7452,#7453,#7454,#7455,#7456,#7457,#7458,#7459,#7460,
#7461,#7462,#7463,#7464,#7465,#7466,#7467,#7468,#7469,#7470,#7471,#7472,
#7473,#7474,#7475,#7476,#7477,#7478,#7479,#7480,#7481,#7482,#7483,#7484,
#7485,#7486,#7487,#7488,#7489,#7490,#7491,#7492,#7493,#7494,#7495,#7496,
#7497,#7498,#7499,#7500,#7501,#7502,#7503,#7504,#7505,#7506,#7507,#7508,
#7509,#7510,#7511,#7512,#7513,#7514,#7515),.UNSPECIFIED.,.F.,.F.,(4,3,3,
3,3,3,3,3,3,3,3,3,3,3,3,3,3,3,3,3,3,3,3,3,4),(0.,0.071275754860586,0.142550405385704,
0.213829619166035,0.28510569561875,0.356383769662837,0.392700592290551,
0.463978043893705,0.53525393184035,0.606533690954036,0.67780991730194,0.749087545931507,
0.785401184581101,0.856677856734888,0.927953222760409,0.99923284772806,
1.07050916146518,1.14178721073338,1.17810177687165,1.24937890328455,1.32065439193971,
1.39193364144247,1.46320929538599,1.53448625826463,1.5708023691622),
 .UNSPECIFIED.);
#108=CIRCLE('',#3177,5.29999986716019);
#109=CIRCLE('',#3178,5.29999986716019);
#110=CIRCLE('',#3180,0.499999721489459);
#111=CIRCLE('',#3181,0.500000292296261);
#112=CIRCLE('',#3182,1.5000001923793);
#113=CIRCLE('',#3183,1.5000001923793);
#114=CIRCLE('',#3184,2.49999984233382);
#115=CIRCLE('',#3185,1.50000059775923);
#116=CIRCLE('',#3186,1.50000059775923);
#117=CIRCLE('',#3196,1.50000000000006);
#118=CIRCLE('',#3199,1.49999999999999);
#119=CIRCLE('',#3213,15.);
#120=CIRCLE('',#3215,15.);
#121=CIRCLE('',#3227,1.99999261634164);
#122=CIRCLE('',#3229,1.99999261634164);
#123=CIRCLE('',#3230,2.99999606076673);
#124=CIRCLE('',#3231,2.99999606076673);
#125=CIRCLE('',#3232,0.500000054207285);
#126=CIRCLE('',#3233,0.500000030252502);
#127=CIRCLE('',#3234,0.499999777037969);
#128=CIRCLE('',#3235,0.500000110000121);
#129=CIRCLE('',#3237,0.999999367711157);
#130=CIRCLE('',#3238,1.49999994690681);
#131=CIRCLE('',#3240,2.99999051139325);
#132=CIRCLE('',#3241,3.00000414165074);
#133=CIRCLE('',#3242,12.9999999999991);
#134=CIRCLE('',#3244,2.99999860156866);
#135=CIRCLE('',#3245,13.0000001380894);
#136=CIRCLE('',#3246,3.00000414165074);
#137=CIRCLE('',#3247,12.1213214845186);
#138=CIRCLE('',#3249,0.499999804563568);
#139=CIRCLE('',#3250,0.500000008914772);
#140=CIRCLE('',#3251,0.499999998670094);
#141=CIRCLE('',#3253,0.499999808670658);
#142=CIRCLE('',#3254,0.499999998670095);
#143=CIRCLE('',#3255,0.5);
#144=CIRCLE('',#3256,0.499999808670658);
#145=CIRCLE('',#3257,0.499999679895328);
#146=CIRCLE('',#3259,0.49999874297952);
#147=CIRCLE('',#3260,0.499999973266731);
#148=CIRCLE('',#3261,0.499999997450933);
#149=CIRCLE('',#3263,0.499997043962032);
#150=CIRCLE('',#3264,0.499999997450934);
#151=CIRCLE('',#3265,0.5);
#152=CIRCLE('',#3266,0.499997043962032);
#153=CIRCLE('',#3267,0.499995452584062);
#154=CIRCLE('',#3269,0.499999428905991);
#155=CIRCLE('',#3270,0.500002691898683);
#156=CIRCLE('',#3271,0.500000292296253);
#157=CIRCLE('',#3273,0.5);
#158=CIRCLE('',#3274,0.499999428905991);
#159=CIRCLE('',#3275,0.499999721489459);
#160=CIRCLE('',#3276,0.5);
#161=CIRCLE('',#3277,0.499998466177402);
#162=CIRCLE('',#3279,4.99998602006277);
#163=CIRCLE('',#3281,4.9999913208654);
#164=CIRCLE('',#3283,7.99997649961244);
#165=CIRCLE('',#3285,7.9999815998732);
#166=CIRCLE('',#3287,3.);
#167=CIRCLE('',#3288,3.);
#168=CIRCLE('',#3290,3.);
#169=CIRCLE('',#3292,3.);
#170=CIRCLE('',#3294,3.);
#171=CIRCLE('',#3295,3.);
#172=CIRCLE('',#3298,15.0000009057008);
#173=CIRCLE('',#3300,15.0000027227759);
#174=CIRCLE('',#3303,3.);
#175=CIRCLE('',#3304,3.);
#176=CIRCLE('',#3306,3.);
#177=CIRCLE('',#3307,3.);
#178=CIRCLE('',#3309,3.);
#179=CIRCLE('',#3310,3.);
#180=CIRCLE('',#3312,3.);
#181=CIRCLE('',#3313,3.);
#182=CIRCLE('',#3315,11.9999912857174);
#183=CIRCLE('',#3317,11.9999912857174);
#184=CIRCLE('',#3319,11.9999991118001);
#185=CIRCLE('',#3321,11.9999991118001);
#186=CIRCLE('',#3324,2.99999934314771);
#187=CIRCLE('',#3325,2.99999934314771);
#188=CIRCLE('',#3327,2.99999934314777);
#189=CIRCLE('',#3328,2.99999934314777);
#190=CIRCLE('',#3330,1.45000006324704);
#191=CIRCLE('',#3331,1.45000006324707);
#192=CIRCLE('',#3333,2.99999594738462);
#193=CIRCLE('',#3334,2.99999594738462);
#194=CIRCLE('',#3336,2.99999594738462);
#195=CIRCLE('',#3337,2.99999594738462);
#196=CIRCLE('',#3340,13.0000001380895);
#197=CIRCLE('',#3341,13.0000001380895);
#198=CIRCLE('',#3343,13.0000003839409);
#199=CIRCLE('',#3344,13.0000003839409);
#200=CIRCLE('',#3346,2.99999051139325);
#201=CIRCLE('',#3349,2.99999860156866);
#202=CIRCLE('',#3351,1.45000003159935);
#203=CIRCLE('',#3352,1.45000003159935);
#204=CIRCLE('',#3354,1.44999989845332);
#205=CIRCLE('',#3355,1.44999989845332);
#206=CIRCLE('',#3357,0.5);
#207=CIRCLE('',#3362,0.499999804563557);
#208=CIRCLE('',#3364,0.499999808670659);
#209=CIRCLE('',#3366,0.5);
#210=CIRCLE('',#3368,0.499998742979528);
#211=CIRCLE('',#3373,0.499997043962032);
#212=CIRCLE('',#3380,0.5);
#213=CIRCLE('',#3443,0.6);
#214=CIRCLE('',#3444,0.200000000000011);
#215=CIRCLE('',#3447,0.6);
#216=CIRCLE('',#3448,0.200000000000011);
#217=CIRCLE('',#3451,0.6);
#218=CIRCLE('',#3452,0.200000000000011);
#219=CIRCLE('',#3455,0.6);
#220=CIRCLE('',#3456,0.200000000000011);
#221=CIRCLE('',#3458,0.6);
#222=CIRCLE('',#3461,0.6);
#223=CIRCLE('',#3466,0.6);
#224=CIRCLE('',#3467,0.200000000000011);
#225=CIRCLE('',#3470,0.6);
#226=CIRCLE('',#3471,0.200000000000011);
#227=CIRCLE('',#3474,0.200000000000011);
#228=CIRCLE('',#3477,0.200000000000011);
#229=CYLINDRICAL_SURFACE('',#3176,5.29999986716019);
#230=CYLINDRICAL_SURFACE('',#3191,1.5);
#231=CYLINDRICAL_SURFACE('',#3198,1.5);
#232=CYLINDRICAL_SURFACE('',#3202,1.5);
#233=CYLINDRICAL_SURFACE('',#3206,8.);
#234=CYLINDRICAL_SURFACE('',#3209,8.);
#235=CYLINDRICAL_SURFACE('',#3212,15.);
#236=CYLINDRICAL_SURFACE('',#3214,15.);
#237=CYLINDRICAL_SURFACE('',#3286,3.);
#238=CYLINDRICAL_SURFACE('',#3291,3.);
#239=CYLINDRICAL_SURFACE('',#3296,15.0000009057008);
#240=CYLINDRICAL_SURFACE('',#3299,15.0000027227759);
#241=CYLINDRICAL_SURFACE('',#3302,3.);
#242=CYLINDRICAL_SURFACE('',#3305,3.);
#243=CYLINDRICAL_SURFACE('',#3308,3.);
#244=CYLINDRICAL_SURFACE('',#3311,3.);
#245=CYLINDRICAL_SURFACE('',#3314,11.9999912857166);
#246=CYLINDRICAL_SURFACE('',#3318,11.9999991118001);
#247=CYLINDRICAL_SURFACE('',#3322,1.99999261634164);
#248=CYLINDRICAL_SURFACE('',#3323,2.99999934314771);
#249=CYLINDRICAL_SURFACE('',#3326,2.99999934314777);
#250=CYLINDRICAL_SURFACE('',#3329,1.45000006324704);
#251=CYLINDRICAL_SURFACE('',#3332,2.99999594738462);
#252=CYLINDRICAL_SURFACE('',#3335,2.99999594738462);
#253=CYLINDRICAL_SURFACE('',#3338,2.99999606076673);
#254=CYLINDRICAL_SURFACE('',#3339,13.0000001380894);
#255=CYLINDRICAL_SURFACE('',#3342,13.0000003839409);
#256=CYLINDRICAL_SURFACE('',#3345,2.99999051139325);
#257=CYLINDRICAL_SURFACE('',#3347,3.00000414165074);
#258=CYLINDRICAL_SURFACE('',#3348,2.99999860156866);
#259=CYLINDRICAL_SURFACE('',#3350,1.45000003159935);
#260=CYLINDRICAL_SURFACE('',#3353,1.44999989845332);
#261=CYLINDRICAL_SURFACE('',#3356,0.5);
#262=CYLINDRICAL_SURFACE('',#3358,0.499999998670093);
#263=CYLINDRICAL_SURFACE('',#3359,0.500000008914773);
#264=CYLINDRICAL_SURFACE('',#3361,0.499999804563557);
#265=CYLINDRICAL_SURFACE('',#3363,0.499999808670659);
#266=CYLINDRICAL_SURFACE('',#3365,0.5);
#267=CYLINDRICAL_SURFACE('',#3367,0.499998742979527);
#268=CYLINDRICAL_SURFACE('',#3369,0.499999997450934);
#269=CYLINDRICAL_SURFACE('',#3370,0.499999973266729);
#270=CYLINDRICAL_SURFACE('',#3372,0.499997043962032);
#271=CYLINDRICAL_SURFACE('',#3374,0.499999721489459);
#272=CYLINDRICAL_SURFACE('',#3375,0.499999428905991);
#273=CYLINDRICAL_SURFACE('',#3376,0.50000029229626);
#274=CYLINDRICAL_SURFACE('',#3377,0.500002691898683);
#275=CYLINDRICAL_SURFACE('',#3379,0.5);
#276=CYLINDRICAL_SURFACE('',#3457,0.6);
#277=CYLINDRICAL_SURFACE('',#3460,0.6);
#278=CYLINDRICAL_SURFACE('',#3478,0.6);
#279=CYLINDRICAL_SURFACE('',#3480,0.6);
#280=FACE_OUTER_BOUND('',#452,.T.);
#281=FACE_OUTER_BOUND('',#453,.T.);
#282=FACE_OUTER_BOUND('',#454,.T.);
#283=FACE_OUTER_BOUND('',#459,.T.);
#284=FACE_OUTER_BOUND('',#460,.T.);
#285=FACE_OUTER_BOUND('',#461,.T.);
#286=FACE_OUTER_BOUND('',#462,.T.);
#287=FACE_OUTER_BOUND('',#463,.T.);
#288=FACE_OUTER_BOUND('',#464,.T.);
#289=FACE_OUTER_BOUND('',#465,.T.);
#290=FACE_OUTER_BOUND('',#466,.T.);
#291=FACE_OUTER_BOUND('',#467,.T.);
#292=FACE_OUTER_BOUND('',#468,.T.);
#293=FACE_OUTER_BOUND('',#469,.T.);
#294=FACE_OUTER_BOUND('',#470,.T.);
#295=FACE_OUTER_BOUND('',#471,.T.);
#296=FACE_OUTER_BOUND('',#472,.T.);
#297=FACE_OUTER_BOUND('',#473,.T.);
#298=FACE_OUTER_BOUND('',#474,.T.);
#299=FACE_OUTER_BOUND('',#475,.T.);
#300=FACE_OUTER_BOUND('',#476,.T.);
#301=FACE_OUTER_BOUND('',#477,.T.);
#302=FACE_OUTER_BOUND('',#478,.T.);
#303=FACE_OUTER_BOUND('',#479,.T.);
#304=FACE_OUTER_BOUND('',#480,.T.);
#305=FACE_OUTER_BOUND('',#481,.T.);
#306=FACE_OUTER_BOUND('',#482,.T.);
#307=FACE_OUTER_BOUND('',#483,.T.);
#308=FACE_OUTER_BOUND('',#484,.T.);
#309=FACE_OUTER_BOUND('',#485,.T.);
#310=FACE_OUTER_BOUND('',#486,.T.);
#311=FACE_OUTER_BOUND('',#487,.T.);
#312=FACE_OUTER_BOUND('',#488,.T.);
#313=FACE_OUTER_BOUND('',#489,.T.);
#314=FACE_OUTER_BOUND('',#490,.T.);
#315=FACE_OUTER_BOUND('',#491,.T.);
#316=FACE_OUTER_BOUND('',#492,.T.);
#317=FACE_OUTER_BOUND('',#493,.T.);
#318=FACE_OUTER_BOUND('',#494,.T.);
#319=FACE_OUTER_BOUND('',#495,.T.);
#320=FACE_OUTER_BOUND('',#496,.T.);
#321=FACE_OUTER_BOUND('',#497,.T.);
#322=FACE_OUTER_BOUND('',#498,.T.);
#323=FACE_OUTER_BOUND('',#499,.T.);
#324=FACE_OUTER_BOUND('',#500,.T.);
#325=FACE_OUTER_BOUND('',#501,.T.);
#326=FACE_OUTER_BOUND('',#502,.T.);
#327=FACE_OUTER_BOUND('',#503,.T.);
#328=FACE_OUTER_BOUND('',#504,.T.);
#329=FACE_OUTER_BOUND('',#505,.T.);
#330=FACE_OUTER_BOUND('',#506,.T.);
#331=FACE_OUTER_BOUND('',#507,.T.);
#332=FACE_OUTER_BOUND('',#508,.T.);
#333=FACE_OUTER_BOUND('',#509,.T.);
#334=FACE_OUTER_BOUND('',#510,.T.);
#335=FACE_OUTER_BOUND('',#511,.T.);
#336=FACE_OUTER_BOUND('',#512,.T.);
#337=FACE_OUTER_BOUND('',#513,.T.);
#338=FACE_OUTER_BOUND('',#514,.T.);
#339=FACE_OUTER_BOUND('',#515,.T.);
#340=FACE_OUTER_BOUND('',#516,.T.);
#341=FACE_OUTER_BOUND('',#517,.T.);
#342=FACE_OUTER_BOUND('',#518,.T.);
#343=FACE_OUTER_BOUND('',#519,.T.);
#344=FACE_OUTER_BOUND('',#520,.T.);
#345=FACE_OUTER_BOUND('',#521,.T.);
#346=FACE_OUTER_BOUND('',#522,.T.);
#347=FACE_OUTER_BOUND('',#523,.T.);
#348=FACE_OUTER_BOUND('',#524,.T.);
#349=FACE_OUTER_BOUND('',#525,.T.);
#350=FACE_OUTER_BOUND('',#526,.T.);
#351=FACE_OUTER_BOUND('',#527,.T.);
#352=FACE_OUTER_BOUND('',#528,.T.);
#353=FACE_OUTER_BOUND('',#529,.T.);
#354=FACE_OUTER_BOUND('',#530,.T.);
#355=FACE_OUTER_BOUND('',#531,.T.);
#356=FACE_OUTER_BOUND('',#532,.T.);
#357=FACE_OUTER_BOUND('',#533,.T.);
#358=FACE_OUTER_BOUND('',#534,.T.);
#359=FACE_OUTER_BOUND('',#535,.T.);
#360=FACE_OUTER_BOUND('',#536,.T.);
#361=FACE_OUTER_BOUND('',#537,.T.);
#362=FACE_OUTER_BOUND('',#538,.T.);
#363=FACE_OUTER_BOUND('',#539,.T.);
#364=FACE_OUTER_BOUND('',#540,.T.);
#365=FACE_OUTER_BOUND('',#541,.T.);
#366=FACE_OUTER_BOUND('',#542,.T.);
#367=FACE_OUTER_BOUND('',#544,.T.);
#368=FACE_OUTER_BOUND('',#545,.T.);
#369=FACE_OUTER_BOUND('',#546,.T.);
#370=FACE_OUTER_BOUND('',#547,.T.);
#371=FACE_OUTER_BOUND('',#548,.T.);
#372=FACE_OUTER_BOUND('',#549,.T.);
#373=FACE_OUTER_BOUND('',#550,.T.);
#374=FACE_OUTER_BOUND('',#551,.T.);
#375=FACE_OUTER_BOUND('',#552,.T.);
#376=FACE_OUTER_BOUND('',#553,.T.);
#377=FACE_OUTER_BOUND('',#554,.T.);
#378=FACE_OUTER_BOUND('',#555,.T.);
#379=FACE_OUTER_BOUND('',#556,.T.);
#380=FACE_OUTER_BOUND('',#557,.T.);
#381=FACE_OUTER_BOUND('',#558,.T.);
#382=FACE_OUTER_BOUND('',#559,.T.);
#383=FACE_OUTER_BOUND('',#560,.T.);
#384=FACE_OUTER_BOUND('',#561,.T.);
#385=FACE_OUTER_BOUND('',#562,.T.);
#386=FACE_OUTER_BOUND('',#563,.T.);
#387=FACE_OUTER_BOUND('',#564,.T.);
#388=FACE_OUTER_BOUND('',#565,.T.);
#389=FACE_OUTER_BOUND('',#566,.T.);
#390=FACE_OUTER_BOUND('',#567,.T.);
#391=FACE_OUTER_BOUND('',#568,.T.);
#392=FACE_OUTER_BOUND('',#569,.T.);
#393=FACE_OUTER_BOUND('',#570,.T.);
#394=FACE_OUTER_BOUND('',#571,.T.);
#395=FACE_OUTER_BOUND('',#573,.T.);
#396=FACE_OUTER_BOUND('',#574,.T.);
#397=FACE_OUTER_BOUND('',#575,.T.);
#398=FACE_OUTER_BOUND('',#576,.T.);
#399=FACE_OUTER_BOUND('',#577,.T.);
#400=FACE_OUTER_BOUND('',#578,.T.);
#401=FACE_OUTER_BOUND('',#579,.T.);
#402=FACE_OUTER_BOUND('',#580,.T.);
#403=FACE_OUTER_BOUND('',#581,.T.);
#404=FACE_OUTER_BOUND('',#582,.T.);
#405=FACE_OUTER_BOUND('',#584,.T.);
#406=FACE_OUTER_BOUND('',#585,.T.);
#407=FACE_OUTER_BOUND('',#586,.T.);
#408=FACE_OUTER_BOUND('',#587,.T.);
#409=FACE_OUTER_BOUND('',#588,.T.);
#410=FACE_OUTER_BOUND('',#589,.T.);
#411=FACE_OUTER_BOUND('',#591,.T.);
#412=FACE_OUTER_BOUND('',#592,.T.);
#413=FACE_OUTER_BOUND('',#593,.T.);
#414=FACE_OUTER_BOUND('',#594,.T.);
#415=FACE_OUTER_BOUND('',#595,.T.);
#416=FACE_OUTER_BOUND('',#596,.T.);
#417=FACE_OUTER_BOUND('',#597,.T.);
#418=FACE_OUTER_BOUND('',#598,.T.);
#419=FACE_OUTER_BOUND('',#599,.T.);
#420=FACE_OUTER_BOUND('',#600,.T.);
#421=FACE_OUTER_BOUND('',#601,.T.);
#422=FACE_OUTER_BOUND('',#603,.T.);
#423=FACE_OUTER_BOUND('',#604,.T.);
#424=FACE_OUTER_BOUND('',#606,.T.);
#425=FACE_OUTER_BOUND('',#607,.T.);
#426=FACE_OUTER_BOUND('',#608,.T.);
#427=FACE_OUTER_BOUND('',#609,.T.);
#428=FACE_OUTER_BOUND('',#610,.T.);
#429=FACE_OUTER_BOUND('',#611,.T.);
#430=FACE_OUTER_BOUND('',#612,.T.);
#431=FACE_OUTER_BOUND('',#613,.T.);
#432=FACE_OUTER_BOUND('',#614,.T.);
#433=FACE_OUTER_BOUND('',#615,.T.);
#434=FACE_OUTER_BOUND('',#616,.T.);
#435=FACE_OUTER_BOUND('',#617,.T.);
#436=FACE_OUTER_BOUND('',#618,.T.);
#437=FACE_OUTER_BOUND('',#619,.T.);
#438=FACE_OUTER_BOUND('',#620,.T.);
#439=FACE_OUTER_BOUND('',#621,.T.);
#440=FACE_OUTER_BOUND('',#622,.T.);
#441=FACE_OUTER_BOUND('',#623,.T.);
#442=FACE_OUTER_BOUND('',#624,.T.);
#443=FACE_OUTER_BOUND('',#625,.T.);
#444=FACE_OUTER_BOUND('',#626,.T.);
#445=FACE_OUTER_BOUND('',#627,.T.);
#446=FACE_OUTER_BOUND('',#628,.T.);
#447=FACE_OUTER_BOUND('',#629,.T.);
#448=FACE_OUTER_BOUND('',#630,.T.);
#449=FACE_OUTER_BOUND('',#631,.T.);
#450=FACE_OUTER_BOUND('',#632,.T.);
#451=FACE_OUTER_BOUND('',#633,.T.);
#452=EDGE_LOOP('',(#1972,#1973,#1974,#1975));
#453=EDGE_LOOP('',(#1976,#1977,#1978,#1979));
#454=EDGE_LOOP('',(#1980,#1981,#1982,#1983,#1984,#1985,#1986,#1987,#1988,
#1989,#1990,#1991,#1992,#1993,#1994));
#455=EDGE_LOOP('',(#1995,#1996,#1997,#1998,#1999,#2000));
#456=EDGE_LOOP('',(#2001,#2002));
#457=EDGE_LOOP('',(#2003));
#458=EDGE_LOOP('',(#2004,#2005));
#459=EDGE_LOOP('',(#2006,#2007,#2008,#2009));
#460=EDGE_LOOP('',(#2010,#2011,#2012,#2013));
#461=EDGE_LOOP('',(#2014,#2015,#2016,#2017));
#462=EDGE_LOOP('',(#2018,#2019,#2020,#2021));
#463=EDGE_LOOP('',(#2022,#2023,#2024,#2025,#2026,#2027));
#464=EDGE_LOOP('',(#2028,#2029,#2030,#2031));
#465=EDGE_LOOP('',(#2032,#2033,#2034,#2035));
#466=EDGE_LOOP('',(#2036,#2037,#2038,#2039));
#467=EDGE_LOOP('',(#2040,#2041,#2042,#2043,#2044,#2045));
#468=EDGE_LOOP('',(#2046,#2047,#2048,#2049,#2050,#2051));
#469=EDGE_LOOP('',(#2052,#2053,#2054,#2055));
#470=EDGE_LOOP('',(#2056,#2057,#2058,#2059,#2060,#2061));
#471=EDGE_LOOP('',(#2062,#2063,#2064,#2065,#2066,#2067,#2068,#2069,#2070,
#2071,#2072,#2073,#2074,#2075,#2076,#2077));
#472=EDGE_LOOP('',(#2078,#2079,#2080,#2081));
#473=EDGE_LOOP('',(#2082,#2083,#2084,#2085));
#474=EDGE_LOOP('',(#2086,#2087,#2088,#2089));
#475=EDGE_LOOP('',(#2090,#2091,#2092,#2093));
#476=EDGE_LOOP('',(#2094,#2095,#2096,#2097));
#477=EDGE_LOOP('',(#2098,#2099,#2100,#2101));
#478=EDGE_LOOP('',(#2102,#2103,#2104,#2105,#2106));
#479=EDGE_LOOP('',(#2107,#2108,#2109,#2110,#2111));
#480=EDGE_LOOP('',(#2112,#2113,#2114,#2115));
#481=EDGE_LOOP('',(#2116,#2117,#2118,#2119));
#482=EDGE_LOOP('',(#2120,#2121,#2122,#2123));
#483=EDGE_LOOP('',(#2124,#2125,#2126,#2127));
#484=EDGE_LOOP('',(#2128,#2129,#2130,#2131,#2132,#2133,#2134,#2135));
#485=EDGE_LOOP('',(#2136,#2137,#2138,#2139,#2140,#2141,#2142,#2143));
#486=EDGE_LOOP('',(#2144,#2145,#2146,#2147,#2148,#2149));
#487=EDGE_LOOP('',(#2150,#2151,#2152,#2153,#2154,#2155));
#488=EDGE_LOOP('',(#2156,#2157,#2158,#2159,#2160,#2161,#2162,#2163,#2164));
#489=EDGE_LOOP('',(#2165,#2166,#2167,#2168,#2169,#2170,#2171,#2172,#2173));
#490=EDGE_LOOP('',(#2174,#2175,#2176,#2177));
#491=EDGE_LOOP('',(#2178,#2179,#2180,#2181));
#492=EDGE_LOOP('',(#2182,#2183,#2184,#2185));
#493=EDGE_LOOP('',(#2186,#2187,#2188));
#494=EDGE_LOOP('',(#2189,#2190,#2191,#2192,#2193,#2194));
#495=EDGE_LOOP('',(#2195,#2196,#2197));
#496=EDGE_LOOP('',(#2198,#2199,#2200,#2201,#2202,#2203));
#497=EDGE_LOOP('',(#2204,#2205,#2206));
#498=EDGE_LOOP('',(#2207,#2208,#2209,#2210,#2211,#2212));
#499=EDGE_LOOP('',(#2213,#2214,#2215,#2216));
#500=EDGE_LOOP('',(#2217,#2218,#2219,#2220));
#501=EDGE_LOOP('',(#2221,#2222,#2223,#2224));
#502=EDGE_LOOP('',(#2225,#2226,#2227,#2228));
#503=EDGE_LOOP('',(#2229,#2230,#2231,#2232,#2233,#2234));
#504=EDGE_LOOP('',(#2235,#2236,#2237,#2238,#2239,#2240));
#505=EDGE_LOOP('',(#2241,#2242,#2243,#2244));
#506=EDGE_LOOP('',(#2245,#2246,#2247,#2248));
#507=EDGE_LOOP('',(#2249,#2250,#2251,#2252));
#508=EDGE_LOOP('',(#2253,#2254,#2255,#2256));
#509=EDGE_LOOP('',(#2257,#2258,#2259,#2260));
#510=EDGE_LOOP('',(#2261,#2262,#2263,#2264));
#511=EDGE_LOOP('',(#2265,#2266,#2267,#2268,#2269,#2270,#2271,#2272,#2273,
#2274));
#512=EDGE_LOOP('',(#2275,#2276,#2277,#2278,#2279,#2280,#2281,#2282,#2283,
#2284));
#513=EDGE_LOOP('',(#2285,#2286,#2287,#2288));
#514=EDGE_LOOP('',(#2289,#2290,#2291,#2292));
#515=EDGE_LOOP('',(#2293,#2294,#2295,#2296));
#516=EDGE_LOOP('',(#2297,#2298,#2299,#2300));
#517=EDGE_LOOP('',(#2301,#2302,#2303,#2304));
#518=EDGE_LOOP('',(#2305,#2306,#2307,#2308));
#519=EDGE_LOOP('',(#2309,#2310,#2311,#2312));
#520=EDGE_LOOP('',(#2313,#2314,#2315,#2316,#2317,#2318,#2319,#2320));
#521=EDGE_LOOP('',(#2321,#2322,#2323,#2324,#2325,#2326,#2327,#2328));
#522=EDGE_LOOP('',(#2329,#2330,#2331,#2332));
#523=EDGE_LOOP('',(#2333,#2334,#2335,#2336));
#524=EDGE_LOOP('',(#2337,#2338,#2339,#2340));
#525=EDGE_LOOP('',(#2341,#2342,#2343,#2344));
#526=EDGE_LOOP('',(#2345,#2346,#2347,#2348));
#527=EDGE_LOOP('',(#2349,#2350,#2351,#2352));
#528=EDGE_LOOP('',(#2353,#2354,#2355,#2356));
#529=EDGE_LOOP('',(#2357,#2358,#2359,#2360));
#530=EDGE_LOOP('',(#2361,#2362,#2363,#2364));
#531=EDGE_LOOP('',(#2365,#2366,#2367,#2368,#2369));
#532=EDGE_LOOP('',(#2370,#2371,#2372,#2373));
#533=EDGE_LOOP('',(#2374,#2375,#2376,#2377));
#534=EDGE_LOOP('',(#2378,#2379,#2380,#2381));
#535=EDGE_LOOP('',(#2382,#2383,#2384,#2385));
#536=EDGE_LOOP('',(#2386,#2387,#2388,#2389,#2390));
#537=EDGE_LOOP('',(#2391,#2392,#2393,#2394));
#538=EDGE_LOOP('',(#2395,#2396,#2397,#2398));
#539=EDGE_LOOP('',(#2399,#2400,#2401,#2402));
#540=EDGE_LOOP('',(#2403,#2404,#2405,#2406));
#541=EDGE_LOOP('',(#2407,#2408,#2409,#2410,#2411));
#542=EDGE_LOOP('',(#2412,#2413,#2414,#2415,#2416,#2417,#2418,#2419,#2420,
#2421,#2422,#2423,#2424,#2425,#2426,#2427,#2428,#2429,#2430,#2431,#2432,
#2433,#2434,#2435));
#543=EDGE_LOOP('',(#2436,#2437,#2438,#2439,#2440,#2441,#2442,#2443));
#544=EDGE_LOOP('',(#2444,#2445,#2446,#2447));
#545=EDGE_LOOP('',(#2448,#2449,#2450,#2451));
#546=EDGE_LOOP('',(#2452,#2453,#2454,#2455,#2456,#2457));
#547=EDGE_LOOP('',(#2458,#2459,#2460,#2461));
#548=EDGE_LOOP('',(#2462,#2463,#2464,#2465));
#549=EDGE_LOOP('',(#2466,#2467,#2468,#2469));
#550=EDGE_LOOP('',(#2470,#2471,#2472,#2473));
#551=EDGE_LOOP('',(#2474,#2475,#2476,#2477));
#552=EDGE_LOOP('',(#2478,#2479,#2480,#2481,#2482,#2483));
#553=EDGE_LOOP('',(#2484,#2485,#2486,#2487,#2488,#2489));
#554=EDGE_LOOP('',(#2490,#2491,#2492,#2493,#2494));
#555=EDGE_LOOP('',(#2495,#2496,#2497,#2498,#2499,#2500));
#556=EDGE_LOOP('',(#2501,#2502,#2503,#2504,#2505,#2506));
#557=EDGE_LOOP('',(#2507,#2508,#2509,#2510,#2511));
#558=EDGE_LOOP('',(#2512,#2513,#2514,#2515,#2516,#2517));
#559=EDGE_LOOP('',(#2518,#2519,#2520,#2521,#2522));
#560=EDGE_LOOP('',(#2523,#2524,#2525,#2526,#2527));
#561=EDGE_LOOP('',(#2528,#2529,#2530,#2531));
#562=EDGE_LOOP('',(#2532,#2533,#2534,#2535,#2536,#2537,#2538,#2539,#2540,
#2541,#2542,#2543,#2544,#2545));
#563=EDGE_LOOP('',(#2546,#2547,#2548,#2549));
#564=EDGE_LOOP('',(#2550,#2551,#2552,#2553));
#565=EDGE_LOOP('',(#2554,#2555,#2556,#2557,#2558));
#566=EDGE_LOOP('',(#2559,#2560,#2561,#2562,#2563));
#567=EDGE_LOOP('',(#2564,#2565,#2566,#2567,#2568));
#568=EDGE_LOOP('',(#2569,#2570,#2571,#2572,#2573));
#569=EDGE_LOOP('',(#2574));
#570=EDGE_LOOP('',(#2575,#2576,#2577,#2578));
#571=EDGE_LOOP('',(#2579,#2580,#2581,#2582));
#572=EDGE_LOOP('',(#2583));
#573=EDGE_LOOP('',(#2584));
#574=EDGE_LOOP('',(#2585,#2586,#2587,#2588,#2589,#2590,#2591,#2592,#2593,
#2594,#2595,#2596));
#575=EDGE_LOOP('',(#2597,#2598,#2599,#2600,#2601,#2602));
#576=EDGE_LOOP('',(#2603,#2604,#2605,#2606,#2607,#2608));
#577=EDGE_LOOP('',(#2609,#2610,#2611,#2612));
#578=EDGE_LOOP('',(#2613,#2614,#2615,#2616,#2617,#2618,#2619,#2620));
#579=EDGE_LOOP('',(#2621,#2622,#2623,#2624,#2625,#2626,#2627,#2628,#2629,
#2630,#2631));
#580=EDGE_LOOP('',(#2632,#2633,#2634,#2635,#2636,#2637,#2638,#2639,#2640,
#2641,#2642));
#581=EDGE_LOOP('',(#2643,#2644,#2645,#2646));
#582=EDGE_LOOP('',(#2647,#2648,#2649,#2650,#2651,#2652));
#583=EDGE_LOOP('',(#2653,#2654,#2655,#2656,#2657,#2658,#2659,#2660));
#584=EDGE_LOOP('',(#2661,#2662,#2663,#2664,#2665,#2666,#2667,#2668));
#585=EDGE_LOOP('',(#2669,#2670,#2671,#2672,#2673,#2674,#2675,#2676,#2677));
#586=EDGE_LOOP('',(#2678,#2679,#2680,#2681));
#587=EDGE_LOOP('',(#2682,#2683,#2684,#2685));
#588=EDGE_LOOP('',(#2686,#2687,#2688,#2689));
#589=EDGE_LOOP('',(#2690,#2691,#2692,#2693,#2694,#2695,#2696,#2697,#2698));
#590=EDGE_LOOP('',(#2699,#2700,#2701,#2702,#2703,#2704));
#591=EDGE_LOOP('',(#2705,#2706,#2707,#2708));
#592=EDGE_LOOP('',(#2709,#2710,#2711,#2712,#2713));
#593=EDGE_LOOP('',(#2714,#2715,#2716,#2717));
#594=EDGE_LOOP('',(#2718,#2719,#2720,#2721,#2722,#2723,#2724,#2725,#2726,
#2727,#2728,#2729,#2730,#2731,#2732,#2733,#2734,#2735,#2736,#2737,#2738));
#595=EDGE_LOOP('',(#2739,#2740,#2741,#2742));
#596=EDGE_LOOP('',(#2743,#2744,#2745,#2746,#2747));
#597=EDGE_LOOP('',(#2748,#2749,#2750,#2751,#2752));
#598=EDGE_LOOP('',(#2753));
#599=EDGE_LOOP('',(#2754));
#600=EDGE_LOOP('',(#2755,#2756,#2757,#2758,#2759));
#601=EDGE_LOOP('',(#2760,#2761,#2762,#2763));
#602=EDGE_LOOP('',(#2764));
#603=EDGE_LOOP('',(#2765,#2766,#2767,#2768,#2769));
#604=EDGE_LOOP('',(#2770,#2771,#2772,#2773));
#605=EDGE_LOOP('',(#2774));
#606=EDGE_LOOP('',(#2775,#2776,#2777,#2778,#2779));
#607=EDGE_LOOP('',(#2780,#2781,#2782,#2783));
#608=EDGE_LOOP('',(#2784,#2785,#2786,#2787));
#609=EDGE_LOOP('',(#2788,#2789,#2790,#2791));
#610=EDGE_LOOP('',(#2792,#2793,#2794,#2795));
#611=EDGE_LOOP('',(#2796,#2797,#2798,#2799));
#612=EDGE_LOOP('',(#2800,#2801,#2802,#2803));
#613=EDGE_LOOP('',(#2804,#2805,#2806,#2807));
#614=EDGE_LOOP('',(#2808,#2809,#2810,#2811));
#615=EDGE_LOOP('',(#2812,#2813,#2814,#2815));
#616=EDGE_LOOP('',(#2816,#2817,#2818,#2819));
#617=EDGE_LOOP('',(#2820,#2821,#2822,#2823));
#618=EDGE_LOOP('',(#2824,#2825,#2826,#2827));
#619=EDGE_LOOP('',(#2828,#2829,#2830,#2831));
#620=EDGE_LOOP('',(#2832,#2833,#2834,#2835,#2836,#2837,#2838,#2839));
#621=EDGE_LOOP('',(#2840,#2841,#2842,#2843));
#622=EDGE_LOOP('',(#2844,#2845,#2846,#2847));
#623=EDGE_LOOP('',(#2848,#2849,#2850,#2851));
#624=EDGE_LOOP('',(#2852,#2853,#2854,#2855));
#625=EDGE_LOOP('',(#2856,#2857,#2858,#2859));
#626=EDGE_LOOP('',(#2860,#2861,#2862,#2863));
#627=EDGE_LOOP('',(#2864,#2865,#2866,#2867));
#628=EDGE_LOOP('',(#2868,#2869,#2870,#2871));
#629=EDGE_LOOP('',(#2872,#2873,#2874,#2875));
#630=EDGE_LOOP('',(#2876,#2877,#2878,#2879));
#631=EDGE_LOOP('',(#2880,#2881,#2882,#2883));
#632=EDGE_LOOP('',(#2884,#2885,#2886,#2887,#2888,#2889,#2890,#2891));
#633=EDGE_LOOP('',(#2892,#2893,#2894,#2895));
#634=LINE('',#4394,#923);
#635=LINE('',#4396,#924);
#636=LINE('',#4398,#925);
#637=LINE('',#4399,#926);
#638=LINE('',#4404,#927);
#639=LINE('',#4409,#928);
#640=LINE('',#4411,#929);
#641=LINE('',#4415,#930);
#642=LINE('',#4419,#931);
#643=LINE('',#4421,#932);
#644=LINE('',#4423,#933);
#645=LINE('',#4425,#934);
#646=LINE('',#4440,#935);
#647=LINE('',#4442,#936);
#648=LINE('',#4444,#937);
#649=LINE('',#4445,#938);
#650=LINE('',#4447,#939);
#651=LINE('',#4449,#940);
#652=LINE('',#4451,#941);
#653=LINE('',#4452,#942);
#654=LINE('',#4465,#943);
#655=LINE('',#4466,#944);
#656=LINE('',#4469,#945);
#657=LINE('',#4471,#946);
#658=LINE('',#4472,#947);
#659=LINE('',#4474,#948);
#660=LINE('',#4476,#949);
#661=LINE('',#4480,#950);
#662=LINE('',#4486,#951);
#663=LINE('',#4536,#952);
#664=LINE('',#4537,#953);
#665=LINE('',#4559,#954);
#666=LINE('',#4564,#955);
#667=LINE('',#4568,#956);
#668=LINE('',#4589,#957);
#669=LINE('',#4593,#958);
#670=LINE('',#4594,#959);
#671=LINE('',#4617,#960);
#672=LINE('',#4619,#961);
#673=LINE('',#4664,#962);
#674=LINE('',#4708,#963);
#675=LINE('',#4710,#964);
#676=LINE('',#4712,#965);
#677=LINE('',#4713,#966);
#678=LINE('',#4717,#967);
#679=LINE('',#4765,#968);
#680=LINE('',#4768,#969);
#681=LINE('',#4770,#970);
#682=LINE('',#4772,#971);
#683=LINE('',#4773,#972);
#684=LINE('',#4777,#973);
#685=LINE('',#4778,#974);
#686=LINE('',#4779,#975);
#687=LINE('',#4783,#976);
#688=LINE('',#4785,#977);
#689=LINE('',#4787,#978);
#690=LINE('',#4788,#979);
#691=LINE('',#4792,#980);
#692=LINE('',#4794,#981);
#693=LINE('',#4796,#982);
#694=LINE('',#4797,#983);
#695=LINE('',#4800,#984);
#696=LINE('',#4802,#985);
#697=LINE('',#4803,#986);
#698=LINE('',#4806,#987);
#699=LINE('',#4808,#988);
#700=LINE('',#4809,#989);
#701=LINE('',#4813,#990);
#702=LINE('',#4815,#991);
#703=LINE('',#4817,#992);
#704=LINE('',#4818,#993);
#705=LINE('',#4822,#994);
#706=LINE('',#4824,#995);
#707=LINE('',#4826,#996);
#708=LINE('',#4827,#997);
#709=LINE('',#4831,#998);
#710=LINE('',#4833,#999);
#711=LINE('',#4835,#1000);
#712=LINE('',#4836,#1001);
#713=LINE('',#4840,#1002);
#714=LINE('',#4842,#1003);
#715=LINE('',#4844,#1004);
#716=LINE('',#4845,#1005);
#717=LINE('',#6106,#1006);
#718=LINE('',#7313,#1007);
#719=LINE('',#7363,#1008);
#720=LINE('',#7370,#1009);
#721=LINE('',#7373,#1010);
#722=LINE('',#7423,#1011);
#723=LINE('',#7430,#1012);
#724=LINE('',#7433,#1013);
#725=LINE('',#7584,#1014);
#726=LINE('',#7590,#1015);
#727=LINE('',#7591,#1016);
#728=LINE('',#7594,#1017);
#729=LINE('',#7597,#1018);
#730=LINE('',#7600,#1019);
#731=LINE('',#7602,#1020);
#732=LINE('',#7609,#1021);
#733=LINE('',#7616,#1022);
#734=LINE('',#7626,#1023);
#735=LINE('',#7629,#1024);
#736=LINE('',#7634,#1025);
#737=LINE('',#7640,#1026);
#738=LINE('',#7645,#1027);
#739=LINE('',#7649,#1028);
#740=LINE('',#7654,#1029);
#741=LINE('',#7658,#1030);
#742=LINE('',#7665,#1031);
#743=LINE('',#7668,#1032);
#744=LINE('',#7674,#1033);
#745=LINE('',#7677,#1034);
#746=LINE('',#7680,#1035);
#747=LINE('',#7685,#1036);
#748=LINE('',#7688,#1037);
#749=LINE('',#7691,#1038);
#750=LINE('',#7695,#1039);
#751=LINE('',#7699,#1040);
#752=LINE('',#7710,#1041);
#753=LINE('',#7716,#1042);
#754=LINE('',#7722,#1043);
#755=LINE('',#7725,#1044);
#756=LINE('',#7727,#1045);
#757=LINE('',#7731,#1046);
#758=LINE('',#7734,#1047);
#759=LINE('',#7737,#1048);
#760=LINE('',#7741,#1049);
#761=LINE('',#7743,#1050);
#762=LINE('',#7748,#1051);
#763=LINE('',#7749,#1052);
#764=LINE('',#7751,#1053);
#765=LINE('',#7752,#1054);
#766=LINE('',#7757,#1055);
#767=LINE('',#7758,#1056);
#768=LINE('',#7763,#1057);
#769=LINE('',#7769,#1058);
#770=LINE('',#7773,#1059);
#771=LINE('',#7775,#1060);
#772=LINE('',#7778,#1061);
#773=LINE('',#7779,#1062);
#774=LINE('',#7782,#1063);
#775=LINE('',#7785,#1064);
#776=LINE('',#7790,#1065);
#777=LINE('',#7791,#1066);
#778=LINE('',#7796,#1067);
#779=LINE('',#7797,#1068);
#780=LINE('',#7800,#1069);
#781=LINE('',#7802,#1070);
#782=LINE('',#7808,#1071);
#783=LINE('',#7809,#1072);
#784=LINE('',#7811,#1073);
#785=LINE('',#7812,#1074);
#786=LINE('',#7815,#1075);
#787=LINE('',#7818,#1076);
#788=LINE('',#7823,#1077);
#789=LINE('',#7824,#1078);
#790=LINE('',#7826,#1079);
#791=LINE('',#7827,#1080);
#792=LINE('',#7829,#1081);
#793=LINE('',#7830,#1082);
#794=LINE('',#7832,#1083);
#795=LINE('',#7833,#1084);
#796=LINE('',#7836,#1085);
#797=LINE('',#7839,#1086);
#798=LINE('',#7844,#1087);
#799=LINE('',#7845,#1088);
#800=LINE('',#7847,#1089);
#801=LINE('',#7848,#1090);
#802=LINE('',#7850,#1091);
#803=LINE('',#7852,#1092);
#804=LINE('',#7853,#1093);
#805=LINE('',#7854,#1094);
#806=LINE('',#7855,#1095);
#807=LINE('',#7856,#1096);
#808=LINE('',#7858,#1097);
#809=LINE('',#7859,#1098);
#810=LINE('',#7860,#1099);
#811=LINE('',#7861,#1100);
#812=LINE('',#7862,#1101);
#813=LINE('',#7863,#1102);
#814=LINE('',#7864,#1103);
#815=LINE('',#7865,#1104);
#816=LINE('',#7866,#1105);
#817=LINE('',#7869,#1106);
#818=LINE('',#7872,#1107);
#819=LINE('',#7873,#1108);
#820=LINE('',#7877,#1109);
#821=LINE('',#7878,#1110);
#822=LINE('',#7879,#1111);
#823=LINE('',#7881,#1112);
#824=LINE('',#7883,#1113);
#825=LINE('',#7885,#1114);
#826=LINE('',#7887,#1115);
#827=LINE('',#7891,#1116);
#828=LINE('',#7892,#1117);
#829=LINE('',#7894,#1118);
#830=LINE('',#7896,#1119);
#831=LINE('',#7897,#1120);
#832=LINE('',#7899,#1121);
#833=LINE('',#7901,#1122);
#834=LINE('',#7903,#1123);
#835=LINE('',#7904,#1124);
#836=LINE('',#7906,#1125);
#837=LINE('',#7907,#1126);
#838=LINE('',#7909,#1127);
#839=LINE('',#7911,#1128);
#840=LINE('',#7914,#1129);
#841=LINE('',#7915,#1130);
#842=LINE('',#7917,#1131);
#843=LINE('',#7918,#1132);
#844=LINE('',#7920,#1133);
#845=LINE('',#7922,#1134);
#846=LINE('',#7924,#1135);
#847=LINE('',#7926,#1136);
#848=LINE('',#7927,#1137);
#849=LINE('',#7928,#1138);
#850=LINE('',#7929,#1139);
#851=LINE('',#7930,#1140);
#852=LINE('',#7933,#1141);
#853=LINE('',#7935,#1142);
#854=LINE('',#7941,#1143);
#855=LINE('',#7946,#1144);
#856=LINE('',#7948,#1145);
#857=LINE('',#7949,#1146);
#858=LINE('',#7952,#1147);
#859=LINE('',#7953,#1148);
#860=LINE('',#7955,#1149);
#861=LINE('',#7956,#1150);
#862=LINE('',#7960,#1151);
#863=LINE('',#7961,#1152);
#864=LINE('',#7962,#1153);
#865=LINE('',#7964,#1154);
#866=LINE('',#7965,#1155);
#867=LINE('',#7968,#1156);
#868=LINE('',#7970,#1157);
#869=LINE('',#7975,#1158);
#870=LINE('',#7976,#1159);
#871=LINE('',#7977,#1160);
#872=LINE('',#7978,#1161);
#873=LINE('',#7980,#1162);
#874=LINE('',#7981,#1163);
#875=LINE('',#7982,#1164);
#876=LINE('',#7983,#1165);
#877=LINE('',#7993,#1166);
#878=LINE('',#7994,#1167);
#879=LINE('',#7995,#1168);
#880=LINE('',#7996,#1169);
#881=LINE('',#7997,#1170);
#882=LINE('',#7998,#1171);
#883=LINE('',#8013,#1172);
#884=LINE('',#8015,#1173);
#885=LINE('',#8017,#1174);
#886=LINE('',#8018,#1175);
#887=LINE('',#8023,#1176);
#888=LINE('',#8028,#1177);
#889=LINE('',#8029,#1178);
#890=LINE('',#8030,#1179);
#891=LINE('',#8035,#1180);
#892=LINE('',#8040,#1181);
#893=LINE('',#8041,#1182);
#894=LINE('',#8042,#1183);
#895=LINE('',#8047,#1184);
#896=LINE('',#8052,#1185);
#897=LINE('',#8053,#1186);
#898=LINE('',#8054,#1187);
#899=LINE('',#8060,#1188);
#900=LINE('',#8063,#1189);
#901=LINE('',#8066,#1190);
#902=LINE('',#8067,#1191);
#903=LINE('',#8070,#1192);
#904=LINE('',#8074,#1193);
#905=LINE('',#8075,#1194);
#906=LINE('',#8079,#1195);
#907=LINE('',#8081,#1196);
#908=LINE('',#8082,#1197);
#909=LINE('',#8087,#1198);
#910=LINE('',#8092,#1199);
#911=LINE('',#8093,#1200);
#912=LINE('',#8094,#1201);
#913=LINE('',#8099,#1202);
#914=LINE('',#8103,#1203);
#915=LINE('',#8104,#1204);
#916=LINE('',#8105,#1205);
#917=LINE('',#8108,#1206);
#918=LINE('',#8112,#1207);
#919=LINE('',#8113,#1208);
#920=LINE('',#8117,#1209);
#921=LINE('',#8118,#1210);
#922=LINE('',#8120,#1211);
#923=VECTOR('',#3487,10.);
#924=VECTOR('',#3488,10.);
#925=VECTOR('',#3489,10.);
#926=VECTOR('',#3490,10.);
#927=VECTOR('',#3495,10.);
#928=VECTOR('',#3500,1.);
#929=VECTOR('',#3501,1.);
#930=VECTOR('',#3504,1.);
#931=VECTOR('',#3507,1.);
#932=VECTOR('',#3508,1.);
#933=VECTOR('',#3509,1.);
#934=VECTOR('',#3510,1.);
#935=VECTOR('',#3511,1.);
#936=VECTOR('',#3512,1.);
#937=VECTOR('',#3513,1.);
#938=VECTOR('',#3514,1.);
#939=VECTOR('',#3515,1.);
#940=VECTOR('',#3516,1.);
#941=VECTOR('',#3517,1.);
#942=VECTOR('',#3518,10.);
#943=VECTOR('',#3531,10.);
#944=VECTOR('',#3532,10.);
#945=VECTOR('',#3535,10.);
#946=VECTOR('',#3536,10.);
#947=VECTOR('',#3537,1.);
#948=VECTOR('',#3540,1.);
#949=VECTOR('',#3543,1.);
#950=VECTOR('',#3546,10.);
#951=VECTOR('',#3551,10.);
#952=VECTOR('',#3564,10.);
#953=VECTOR('',#3565,10.);
#954=VECTOR('',#3572,10.);
#955=VECTOR('',#3577,10.);
#956=VECTOR('',#3582,1.);
#957=VECTOR('',#3583,1.);
#958=VECTOR('',#3588,1.);
#959=VECTOR('',#3589,1.);
#960=VECTOR('',#3596,1.);
#961=VECTOR('',#3597,1.);
#962=VECTOR('',#3598,1.);
#963=VECTOR('',#3599,1.);
#964=VECTOR('',#3600,1.);
#965=VECTOR('',#3601,1.);
#966=VECTOR('',#3602,1.);
#967=VECTOR('',#3605,1.);
#968=VECTOR('',#3612,1.);
#969=VECTOR('',#3615,1.);
#970=VECTOR('',#3616,1.);
#971=VECTOR('',#3617,1.);
#972=VECTOR('',#3618,1.);
#973=VECTOR('',#3621,1.);
#974=VECTOR('',#3622,1.);
#975=VECTOR('',#3623,1.);
#976=VECTOR('',#3626,1.);
#977=VECTOR('',#3627,1.);
#978=VECTOR('',#3628,1.);
#979=VECTOR('',#3629,1.);
#980=VECTOR('',#3632,1.);
#981=VECTOR('',#3633,1.);
#982=VECTOR('',#3634,1.);
#983=VECTOR('',#3635,1.);
#984=VECTOR('',#3638,1.);
#985=VECTOR('',#3639,1.);
#986=VECTOR('',#3640,1.);
#987=VECTOR('',#3643,1.);
#988=VECTOR('',#3644,1.);
#989=VECTOR('',#3645,1.);
#990=VECTOR('',#3648,1.);
#991=VECTOR('',#3649,1.);
#992=VECTOR('',#3650,1.);
#993=VECTOR('',#3651,1.);
#994=VECTOR('',#3654,1.);
#995=VECTOR('',#3655,1.);
#996=VECTOR('',#3656,1.);
#997=VECTOR('',#3657,1.);
#998=VECTOR('',#3660,1.);
#999=VECTOR('',#3661,1.);
#1000=VECTOR('',#3662,1.);
#1001=VECTOR('',#3663,1.);
#1002=VECTOR('',#3666,1.);
#1003=VECTOR('',#3667,1.);
#1004=VECTOR('',#3668,1.);
#1005=VECTOR('',#3669,1.);
#1006=VECTOR('',#3678,1.);
#1007=VECTOR('',#3683,1.);
#1008=VECTOR('',#3686,1.);
#1009=VECTOR('',#3687,1.);
#1010=VECTOR('',#3690,1.);
#1011=VECTOR('',#3693,1.);
#1012=VECTOR('',#3694,1.);
#1013=VECTOR('',#3697,1.);
#1014=VECTOR('',#3784,1.);
#1015=VECTOR('',#3791,1.);
#1016=VECTOR('',#3792,1.);
#1017=VECTOR('',#3795,1.);
#1018=VECTOR('',#3798,1.);
#1019=VECTOR('',#3801,1.);
#1020=VECTOR('',#3802,1.);
#1021=VECTOR('',#3809,1.);
#1022=VECTOR('',#3816,1.);
#1023=VECTOR('',#3825,1.);
#1024=VECTOR('',#3828,1.);
#1025=VECTOR('',#3833,1.);
#1026=VECTOR('',#3840,1.);
#1027=VECTOR('',#3845,1.);
#1028=VECTOR('',#3848,1.);
#1029=VECTOR('',#3853,1.);
#1030=VECTOR('',#3856,1.);
#1031=VECTOR('',#3863,1.);
#1032=VECTOR('',#3866,1.);
#1033=VECTOR('',#3871,1.);
#1034=VECTOR('',#3874,1.);
#1035=VECTOR('',#3877,1.);
#1036=VECTOR('',#3882,1.);
#1037=VECTOR('',#3885,1.);
#1038=VECTOR('',#3888,1.);
#1039=VECTOR('',#3891,1.);
#1040=VECTOR('',#3898,1.);
#1041=VECTOR('',#3915,1.);
#1042=VECTOR('',#3922,1.);
#1043=VECTOR('',#3929,1.);
#1044=VECTOR('',#3934,1.);
#1045=VECTOR('',#3937,1.);
#1046=VECTOR('',#3940,1.);
#1047=VECTOR('',#3943,1.);
#1048=VECTOR('',#3946,1.);
#1049=VECTOR('',#3949,1.);
#1050=VECTOR('',#3952,1.);
#1051=VECTOR('',#3957,1.);
#1052=VECTOR('',#3958,1.);
#1053=VECTOR('',#3961,1.);
#1054=VECTOR('',#3962,1.);
#1055=VECTOR('',#3967,1.);
#1056=VECTOR('',#3968,1.);
#1057=VECTOR('',#3973,1.);
#1058=VECTOR('',#3980,1.);
#1059=VECTOR('',#3985,1.);
#1060=VECTOR('',#3986,1.);
#1061=VECTOR('',#3991,1.);
#1062=VECTOR('',#3992,1.);
#1063=VECTOR('',#3995,1.);
#1064=VECTOR('',#3998,1.);
#1065=VECTOR('',#4003,1.);
#1066=VECTOR('',#4004,1.);
#1067=VECTOR('',#4009,1.);
#1068=VECTOR('',#4010,1.);
#1069=VECTOR('',#4013,1.);
#1070=VECTOR('',#4014,1.);
#1071=VECTOR('',#4021,1.);
#1072=VECTOR('',#4022,1.);
#1073=VECTOR('',#4025,1.);
#1074=VECTOR('',#4026,1.);
#1075=VECTOR('',#4029,1.);
#1076=VECTOR('',#4032,1.);
#1077=VECTOR('',#4037,1.);
#1078=VECTOR('',#4038,1.);
#1079=VECTOR('',#4041,1.);
#1080=VECTOR('',#4042,1.);
#1081=VECTOR('',#4045,1.);
#1082=VECTOR('',#4046,1.);
#1083=VECTOR('',#4049,1.);
#1084=VECTOR('',#4050,1.);
#1085=VECTOR('',#4053,1.);
#1086=VECTOR('',#4056,1.);
#1087=VECTOR('',#4061,1.);
#1088=VECTOR('',#4062,1.);
#1089=VECTOR('',#4065,1.);
#1090=VECTOR('',#4066,1.);
#1091=VECTOR('',#4067,1.);
#1092=VECTOR('',#4068,1.);
#1093=VECTOR('',#4069,1.);
#1094=VECTOR('',#4070,1.);
#1095=VECTOR('',#4071,1.);
#1096=VECTOR('',#4072,1.);
#1097=VECTOR('',#4073,1.);
#1098=VECTOR('',#4074,1.);
#1099=VECTOR('',#4075,1.);
#1100=VECTOR('',#4076,1.);
#1101=VECTOR('',#4077,1.);
#1102=VECTOR('',#4078,1.);
#1103=VECTOR('',#4079,1.);
#1104=VECTOR('',#4080,1.);
#1105=VECTOR('',#4081,1.);
#1106=VECTOR('',#4086,1.);
#1107=VECTOR('',#4089,1.);
#1108=VECTOR('',#4090,1.);
#1109=VECTOR('',#4093,1.);
#1110=VECTOR('',#4094,1.);
#1111=VECTOR('',#4095,1.);
#1112=VECTOR('',#4098,1.);
#1113=VECTOR('',#4101,1.);
#1114=VECTOR('',#4104,1.);
#1115=VECTOR('',#4107,1.);
#1116=VECTOR('',#4110,1.);
#1117=VECTOR('',#4111,1.);
#1118=VECTOR('',#4112,1.);
#1119=VECTOR('',#4113,1.);
#1120=VECTOR('',#4114,1.);
#1121=VECTOR('',#4117,1.);
#1122=VECTOR('',#4118,1.);
#1123=VECTOR('',#4119,1.);
#1124=VECTOR('',#4120,1.);
#1125=VECTOR('',#4123,1.);
#1126=VECTOR('',#4124,1.);
#1127=VECTOR('',#4127,1.);
#1128=VECTOR('',#4130,1.);
#1129=VECTOR('',#4133,1.);
#1130=VECTOR('',#4134,1.);
#1131=VECTOR('',#4137,1.);
#1132=VECTOR('',#4138,1.);
#1133=VECTOR('',#4141,1.);
#1134=VECTOR('',#4144,1.);
#1135=VECTOR('',#4147,1.);
#1136=VECTOR('',#4150,1.);
#1137=VECTOR('',#4151,1.);
#1138=VECTOR('',#4152,1.);
#1139=VECTOR('',#4153,1.);
#1140=VECTOR('',#4154,1.);
#1141=VECTOR('',#4159,1.);
#1142=VECTOR('',#4162,1.);
#1143=VECTOR('',#4173,1.);
#1144=VECTOR('',#4180,1.);
#1145=VECTOR('',#4181,1.);
#1146=VECTOR('',#4182,1.);
#1147=VECTOR('',#4185,1.);
#1148=VECTOR('',#4186,1.);
#1149=VECTOR('',#4187,1.);
#1150=VECTOR('',#4188,1.);
#1151=VECTOR('',#4191,1.);
#1152=VECTOR('',#4192,1.);
#1153=VECTOR('',#4193,1.);
#1154=VECTOR('',#4196,1.);
#1155=VECTOR('',#4197,1.);
#1156=VECTOR('',#4202,1.);
#1157=VECTOR('',#4205,1.);
#1158=VECTOR('',#4210,1.);
#1159=VECTOR('',#4211,1.);
#1160=VECTOR('',#4212,1.);
#1161=VECTOR('',#4213,1.);
#1162=VECTOR('',#4216,1.);
#1163=VECTOR('',#4217,1.);
#1164=VECTOR('',#4218,1.);
#1165=VECTOR('',#4219,1.);
#1166=VECTOR('',#4238,1.);
#1167=VECTOR('',#4239,1.);
#1168=VECTOR('',#4240,1.);
#1169=VECTOR('',#4241,1.);
#1170=VECTOR('',#4242,1.);
#1171=VECTOR('',#4243,1.);
#1172=VECTOR('',#4268,10.);
#1173=VECTOR('',#4269,10.);
#1174=VECTOR('',#4270,10.);
#1175=VECTOR('',#4271,10.);
#1176=VECTOR('',#4276,10.);
#1177=VECTOR('',#4281,10.);
#1178=VECTOR('',#4282,10.);
#1179=VECTOR('',#4283,10.);
#1180=VECTOR('',#4288,10.);
#1181=VECTOR('',#4293,10.);
#1182=VECTOR('',#4294,10.);
#1183=VECTOR('',#4295,10.);
#1184=VECTOR('',#4300,10.);
#1185=VECTOR('',#4305,10.);
#1186=VECTOR('',#4306,10.);
#1187=VECTOR('',#4307,10.);
#1188=VECTOR('',#4316,10.);
#1189=VECTOR('',#4319,10.);
#1190=VECTOR('',#4322,10.);
#1191=VECTOR('',#4323,10.);
#1192=VECTOR('',#4326,10.);
#1193=VECTOR('',#4331,10.);
#1194=VECTOR('',#4332,10.);
#1195=VECTOR('',#4337,10.);
#1196=VECTOR('',#4338,10.);
#1197=VECTOR('',#4339,10.);
#1198=VECTOR('',#4344,10.);
#1199=VECTOR('',#4349,10.);
#1200=VECTOR('',#4350,10.);
#1201=VECTOR('',#4351,10.);
#1202=VECTOR('',#4356,10.);
#1203=VECTOR('',#4361,10.);
#1204=VECTOR('',#4362,10.);
#1205=VECTOR('',#4363,10.);
#1206=VECTOR('',#4366,10.);
#1207=VECTOR('',#4371,10.);
#1208=VECTOR('',#4372,10.);
#1209=VECTOR('',#4379,10.);
#1210=VECTOR('',#4380,10.);
#1211=VECTOR('',#4383,10.);
#1212=VERTEX_POINT('',#4392);
#1213=VERTEX_POINT('',#4393);
#1214=VERTEX_POINT('',#4395);
#1215=VERTEX_POINT('',#4397);
#1216=VERTEX_POINT('',#4401);
#1217=VERTEX_POINT('',#4403);
#1218=VERTEX_POINT('',#4407);
#1219=VERTEX_POINT('',#4408);
#1220=VERTEX_POINT('',#4410);
#1221=VERTEX_POINT('',#4412);
#1222=VERTEX_POINT('',#4414);
#1223=VERTEX_POINT('',#4416);
#1224=VERTEX_POINT('',#4418);
#1225=VERTEX_POINT('',#4420);
#1226=VERTEX_POINT('',#4422);
#1227=VERTEX_POINT('',#4424);
#1228=VERTEX_POINT('',#4426);
#1229=VERTEX_POINT('',#4434);
#1230=VERTEX_POINT('',#4439);
#1231=VERTEX_POINT('',#4441);
#1232=VERTEX_POINT('',#4443);
#1233=VERTEX_POINT('',#4446);
#1234=VERTEX_POINT('',#4448);
#1235=VERTEX_POINT('',#4450);
#1236=VERTEX_POINT('',#4453);
#1237=VERTEX_POINT('',#4454);
#1238=VERTEX_POINT('',#4457);
#1239=VERTEX_POINT('',#4459);
#1240=VERTEX_POINT('',#4460);
#1241=VERTEX_POINT('',#4464);
#1242=VERTEX_POINT('',#4468);
#1243=VERTEX_POINT('',#4470);
#1244=VERTEX_POINT('',#4478);
#1245=VERTEX_POINT('',#4479);
#1246=VERTEX_POINT('',#4481);
#1247=VERTEX_POINT('',#4483);
#1248=VERTEX_POINT('',#4485);
#1249=VERTEX_POINT('',#4487);
#1250=VERTEX_POINT('',#4515);
#1251=VERTEX_POINT('',#4516);
#1252=VERTEX_POINT('',#4518);
#1253=VERTEX_POINT('',#4520);
#1254=VERTEX_POINT('',#4533);
#1255=VERTEX_POINT('',#4534);
#1256=VERTEX_POINT('',#4557);
#1257=VERTEX_POINT('',#4558);
#1258=VERTEX_POINT('',#4560);
#1259=VERTEX_POINT('',#4562);
#1260=VERTEX_POINT('',#4567);
#1261=VERTEX_POINT('',#4569);
#1262=VERTEX_POINT('',#4588);
#1263=VERTEX_POINT('',#4592);
#1264=VERTEX_POINT('',#4616);
#1265=VERTEX_POINT('',#4618);
#1266=VERTEX_POINT('',#4620);
#1267=VERTEX_POINT('',#4640);
#1268=VERTEX_POINT('',#4663);
#1269=VERTEX_POINT('',#4665);
#1270=VERTEX_POINT('',#4707);
#1271=VERTEX_POINT('',#4709);
#1272=VERTEX_POINT('',#4711);
#1273=VERTEX_POINT('',#4715);
#1274=VERTEX_POINT('',#4716);
#1275=VERTEX_POINT('',#4718);
#1276=VERTEX_POINT('',#4720);
#1277=VERTEX_POINT('',#4740);
#1278=VERTEX_POINT('',#4741);
#1279=VERTEX_POINT('',#4758);
#1280=VERTEX_POINT('',#4763);
#1281=VERTEX_POINT('',#4767);
#1282=VERTEX_POINT('',#4769);
#1283=VERTEX_POINT('',#4771);
#1284=VERTEX_POINT('',#4775);
#1285=VERTEX_POINT('',#4776);
#1286=VERTEX_POINT('',#4781);
#1287=VERTEX_POINT('',#4782);
#1288=VERTEX_POINT('',#4784);
#1289=VERTEX_POINT('',#4786);
#1290=VERTEX_POINT('',#4790);
#1291=VERTEX_POINT('',#4791);
#1292=VERTEX_POINT('',#4793);
#1293=VERTEX_POINT('',#4795);
#1294=VERTEX_POINT('',#4799);
#1295=VERTEX_POINT('',#4801);
#1296=VERTEX_POINT('',#4805);
#1297=VERTEX_POINT('',#4807);
#1298=VERTEX_POINT('',#4811);
#1299=VERTEX_POINT('',#4812);
#1300=VERTEX_POINT('',#4814);
#1301=VERTEX_POINT('',#4816);
#1302=VERTEX_POINT('',#4820);
#1303=VERTEX_POINT('',#4821);
#1304=VERTEX_POINT('',#4823);
#1305=VERTEX_POINT('',#4825);
#1306=VERTEX_POINT('',#4829);
#1307=VERTEX_POINT('',#4830);
#1308=VERTEX_POINT('',#4832);
#1309=VERTEX_POINT('',#4834);
#1310=VERTEX_POINT('',#4838);
#1311=VERTEX_POINT('',#4839);
#1312=VERTEX_POINT('',#4841);
#1313=VERTEX_POINT('',#4843);
#1314=VERTEX_POINT('',#4847);
#1315=VERTEX_POINT('',#4848);
#1316=VERTEX_POINT('',#4854);
#1317=VERTEX_POINT('',#4861);
#1318=VERTEX_POINT('',#4866);
#1319=VERTEX_POINT('',#4888);
#1320=VERTEX_POINT('',#4890);
#1321=VERTEX_POINT('',#4895);
#1322=VERTEX_POINT('',#6105);
#1323=VERTEX_POINT('',#6107);
#1324=VERTEX_POINT('',#6126);
#1325=VERTEX_POINT('',#7253);
#1326=VERTEX_POINT('',#7293);
#1327=VERTEX_POINT('',#7295);
#1328=VERTEX_POINT('',#7359);
#1329=VERTEX_POINT('',#7360);
#1330=VERTEX_POINT('',#7362);
#1331=VERTEX_POINT('',#7369);
#1332=VERTEX_POINT('',#7371);
#1333=VERTEX_POINT('',#7419);
#1334=VERTEX_POINT('',#7420);
#1335=VERTEX_POINT('',#7422);
#1336=VERTEX_POINT('',#7429);
#1337=VERTEX_POINT('',#7431);
#1338=VERTEX_POINT('',#7435);
#1339=VERTEX_POINT('',#7439);
#1340=VERTEX_POINT('',#7440);
#1341=VERTEX_POINT('',#7442);
#1342=VERTEX_POINT('',#7516);
#1343=VERTEX_POINT('',#7520);
#1344=VERTEX_POINT('',#7521);
#1345=VERTEX_POINT('',#7523);
#1346=VERTEX_POINT('',#7525);
#1347=VERTEX_POINT('',#7529);
#1348=VERTEX_POINT('',#7530);
#1349=VERTEX_POINT('',#7532);
#1350=VERTEX_POINT('',#7536);
#1351=VERTEX_POINT('',#7537);
#1352=VERTEX_POINT('',#7539);
#1353=VERTEX_POINT('',#7541);
#1354=VERTEX_POINT('',#7544);
#1355=VERTEX_POINT('',#7547);
#1356=VERTEX_POINT('',#7548);
#1357=VERTEX_POINT('',#7550);
#1358=VERTEX_POINT('',#7554);
#1359=VERTEX_POINT('',#7555);
#1360=VERTEX_POINT('',#7557);
#1361=VERTEX_POINT('',#7559);
#1362=VERTEX_POINT('',#7562);
#1363=VERTEX_POINT('',#7565);
#1364=VERTEX_POINT('',#7566);
#1365=VERTEX_POINT('',#7568);
#1366=VERTEX_POINT('',#7572);
#1367=VERTEX_POINT('',#7573);
#1368=VERTEX_POINT('',#7575);
#1369=VERTEX_POINT('',#7577);
#1370=VERTEX_POINT('',#7580);
#1371=VERTEX_POINT('',#7583);
#1372=VERTEX_POINT('',#7587);
#1373=VERTEX_POINT('',#7588);
#1374=VERTEX_POINT('',#7593);
#1375=VERTEX_POINT('',#7595);
#1376=VERTEX_POINT('',#7599);
#1377=VERTEX_POINT('',#7601);
#1378=VERTEX_POINT('',#7605);
#1379=VERTEX_POINT('',#7606);
#1380=VERTEX_POINT('',#7608);
#1381=VERTEX_POINT('',#7610);
#1382=VERTEX_POINT('',#7612);
#1383=VERTEX_POINT('',#7614);
#1384=VERTEX_POINT('',#7618);
#1385=VERTEX_POINT('',#7619);
#1386=VERTEX_POINT('',#7621);
#1387=VERTEX_POINT('',#7623);
#1388=VERTEX_POINT('',#7625);
#1389=VERTEX_POINT('',#7627);
#1390=VERTEX_POINT('',#7631);
#1391=VERTEX_POINT('',#7633);
#1392=VERTEX_POINT('',#7637);
#1393=VERTEX_POINT('',#7639);
#1394=VERTEX_POINT('',#7643);
#1395=VERTEX_POINT('',#7644);
#1396=VERTEX_POINT('',#7646);
#1397=VERTEX_POINT('',#7648);
#1398=VERTEX_POINT('',#7652);
#1399=VERTEX_POINT('',#7653);
#1400=VERTEX_POINT('',#7655);
#1401=VERTEX_POINT('',#7657);
#1402=VERTEX_POINT('',#7661);
#1403=VERTEX_POINT('',#7662);
#1404=VERTEX_POINT('',#7664);
#1405=VERTEX_POINT('',#7666);
#1406=VERTEX_POINT('',#7670);
#1407=VERTEX_POINT('',#7671);
#1408=VERTEX_POINT('',#7673);
#1409=VERTEX_POINT('',#7675);
#1410=VERTEX_POINT('',#7679);
#1411=VERTEX_POINT('',#7682);
#1412=VERTEX_POINT('',#7684);
#1413=VERTEX_POINT('',#7686);
#1414=VERTEX_POINT('',#7690);
#1415=VERTEX_POINT('',#7692);
#1416=VERTEX_POINT('',#7694);
#1417=VERTEX_POINT('',#7707);
#1418=VERTEX_POINT('',#7709);
#1419=VERTEX_POINT('',#7713);
#1420=VERTEX_POINT('',#7715);
#1421=VERTEX_POINT('',#7719);
#1422=VERTEX_POINT('',#7721);
#1423=VERTEX_POINT('',#7728);
#1424=VERTEX_POINT('',#7730);
#1425=VERTEX_POINT('',#7732);
#1426=VERTEX_POINT('',#7736);
#1427=VERTEX_POINT('',#7738);
#1428=VERTEX_POINT('',#7740);
#1429=VERTEX_POINT('',#7745);
#1430=VERTEX_POINT('',#7746);
#1431=VERTEX_POINT('',#7754);
#1432=VERTEX_POINT('',#7755);
#1433=VERTEX_POINT('',#7760);
#1434=VERTEX_POINT('',#7762);
#1435=VERTEX_POINT('',#7766);
#1436=VERTEX_POINT('',#7768);
#1437=VERTEX_POINT('',#7772);
#1438=VERTEX_POINT('',#7774);
#1439=VERTEX_POINT('',#7781);
#1440=VERTEX_POINT('',#7783);
#1441=VERTEX_POINT('',#7787);
#1442=VERTEX_POINT('',#7788);
#1443=VERTEX_POINT('',#7793);
#1444=VERTEX_POINT('',#7794);
#1445=VERTEX_POINT('',#7799);
#1446=VERTEX_POINT('',#7801);
#1447=VERTEX_POINT('',#7805);
#1448=VERTEX_POINT('',#7806);
#1449=VERTEX_POINT('',#7814);
#1450=VERTEX_POINT('',#7816);
#1451=VERTEX_POINT('',#7820);
#1452=VERTEX_POINT('',#7821);
#1453=VERTEX_POINT('',#7835);
#1454=VERTEX_POINT('',#7837);
#1455=VERTEX_POINT('',#7841);
#1456=VERTEX_POINT('',#7842);
#1457=VERTEX_POINT('',#7849);
#1458=VERTEX_POINT('',#7851);
#1459=VERTEX_POINT('',#7857);
#1460=VERTEX_POINT('',#7871);
#1461=VERTEX_POINT('',#7875);
#1462=VERTEX_POINT('',#7876);
#1463=VERTEX_POINT('',#7889);
#1464=VERTEX_POINT('',#7890);
#1465=VERTEX_POINT('',#7893);
#1466=VERTEX_POINT('',#7895);
#1467=VERTEX_POINT('',#7900);
#1468=VERTEX_POINT('',#7902);
#1469=VERTEX_POINT('',#7913);
#1470=VERTEX_POINT('',#7945);
#1471=VERTEX_POINT('',#7947);
#1472=VERTEX_POINT('',#7951);
#1473=VERTEX_POINT('',#7954);
#1474=VERTEX_POINT('',#7958);
#1475=VERTEX_POINT('',#7959);
#1476=VERTEX_POINT('',#7973);
#1477=VERTEX_POINT('',#7974);
#1478=VERTEX_POINT('',#8011);
#1479=VERTEX_POINT('',#8012);
#1480=VERTEX_POINT('',#8014);
#1481=VERTEX_POINT('',#8016);
#1482=VERTEX_POINT('',#8020);
#1483=VERTEX_POINT('',#8022);
#1484=VERTEX_POINT('',#8026);
#1485=VERTEX_POINT('',#8027);
#1486=VERTEX_POINT('',#8032);
#1487=VERTEX_POINT('',#8034);
#1488=VERTEX_POINT('',#8038);
#1489=VERTEX_POINT('',#8039);
#1490=VERTEX_POINT('',#8044);
#1491=VERTEX_POINT('',#8046);
#1492=VERTEX_POINT('',#8050);
#1493=VERTEX_POINT('',#8051);
#1494=VERTEX_POINT('',#8059);
#1495=VERTEX_POINT('',#8061);
#1496=VERTEX_POINT('',#8065);
#1497=VERTEX_POINT('',#8069);
#1498=VERTEX_POINT('',#8073);
#1499=VERTEX_POINT('',#8078);
#1500=VERTEX_POINT('',#8080);
#1501=VERTEX_POINT('',#8084);
#1502=VERTEX_POINT('',#8086);
#1503=VERTEX_POINT('',#8090);
#1504=VERTEX_POINT('',#8091);
#1505=VERTEX_POINT('',#8096);
#1506=VERTEX_POINT('',#8098);
#1507=VERTEX_POINT('',#8102);
#1508=VERTEX_POINT('',#8107);
#1509=VERTEX_POINT('',#8111);
#1510=EDGE_CURVE('',#1212,#1213,#634,.T.);
#1511=EDGE_CURVE('',#1213,#1214,#635,.T.);
#1512=EDGE_CURVE('',#1214,#1215,#636,.T.);
#1513=EDGE_CURVE('',#1215,#1212,#637,.T.);
#1514=EDGE_CURVE('',#1216,#1213,#108,.T.);
#1515=EDGE_CURVE('',#1217,#1216,#638,.T.);
#1516=EDGE_CURVE('',#1214,#1217,#109,.T.);
#1517=EDGE_CURVE('',#1218,#1219,#639,.T.);
#1518=EDGE_CURVE('',#1220,#1219,#640,.T.);
#1519=EDGE_CURVE('',#1220,#1221,#110,.T.);
#1520=EDGE_CURVE('',#1221,#1222,#641,.T.);
#1521=EDGE_CURVE('',#1222,#1223,#111,.T.);
#1522=EDGE_CURVE('',#1223,#1224,#642,.T.);
#1523=EDGE_CURVE('',#1224,#1225,#643,.T.);
#1524=EDGE_CURVE('',#1225,#1226,#644,.T.);
#1525=EDGE_CURVE('',#1226,#1227,#645,.T.);
#1526=EDGE_CURVE('',#1227,#1228,#79,.T.);
#1527=EDGE_CURVE('',#1228,#1229,#80,.T.);
#1528=EDGE_CURVE('',#1229,#1230,#646,.T.);
#1529=EDGE_CURVE('',#1230,#1231,#647,.T.);
#1530=EDGE_CURVE('',#1231,#1232,#648,.T.);
#1531=EDGE_CURVE('',#1232,#1218,#649,.T.);
#1532=EDGE_CURVE('',#1212,#1233,#650,.T.);
#1533=EDGE_CURVE('',#1233,#1234,#651,.T.);
#1534=EDGE_CURVE('',#1234,#1235,#652,.T.);
#1535=EDGE_CURVE('',#1216,#1235,#653,.T.);
#1536=EDGE_CURVE('',#1236,#1237,#112,.T.);
#1537=EDGE_CURVE('',#1237,#1236,#113,.T.);
#1538=EDGE_CURVE('',#1238,#1238,#114,.T.);
#1539=EDGE_CURVE('',#1239,#1240,#115,.T.);
#1540=EDGE_CURVE('',#1240,#1239,#116,.T.);
#1541=EDGE_CURVE('',#1241,#1217,#654,.T.);
#1542=EDGE_CURVE('',#1235,#1241,#655,.T.);
#1543=EDGE_CURVE('',#1234,#1242,#656,.T.);
#1544=EDGE_CURVE('',#1233,#1243,#657,.T.);
#1545=EDGE_CURVE('',#1242,#1243,#658,.T.);
#1546=EDGE_CURVE('',#1241,#1242,#659,.T.);
#1547=EDGE_CURVE('',#1243,#1215,#660,.T.);
#1548=EDGE_CURVE('',#1244,#1245,#661,.T.);
#1549=EDGE_CURVE('',#1246,#1245,#48,.T.);
#1550=EDGE_CURVE('',#1247,#1246,#49,.F.);
#1551=EDGE_CURVE('',#1247,#1248,#662,.T.);
#1552=EDGE_CURVE('',#1248,#1249,#50,.T.);
#1553=EDGE_CURVE('',#1249,#1244,#81,.T.);
#1554=EDGE_CURVE('',#1250,#1251,#51,.T.);
#1555=EDGE_CURVE('',#1251,#1252,#117,.T.);
#1556=EDGE_CURVE('',#1252,#1253,#52,.T.);
#1557=EDGE_CURVE('',#1253,#1250,#82,.T.);
#1558=EDGE_CURVE('',#1254,#1255,#118,.T.);
#1559=EDGE_CURVE('',#1255,#1252,#663,.T.);
#1560=EDGE_CURVE('',#1251,#1254,#664,.T.);
#1561=EDGE_CURVE('',#1255,#1249,#53,.T.);
#1562=EDGE_CURVE('',#1254,#1244,#54,.T.);
#1563=EDGE_CURVE('',#1256,#1257,#665,.T.);
#1564=EDGE_CURVE('',#1257,#1258,#55,.T.);
#1565=EDGE_CURVE('',#1259,#1258,#56,.T.);
#1566=EDGE_CURVE('',#1259,#1250,#666,.T.);
#1567=EDGE_CURVE('',#1253,#1256,#57,.T.);
#1568=EDGE_CURVE('',#1260,#1254,#667,.T.);
#1569=EDGE_CURVE('',#1260,#1261,#83,.T.);
#1570=EDGE_CURVE('',#1262,#1261,#668,.T.);
#1571=EDGE_CURVE('',#1245,#1262,#58,.T.);
#1572=EDGE_CURVE('',#1251,#1263,#669,.T.);
#1573=EDGE_CURVE('',#1263,#1260,#670,.T.);
#1574=EDGE_CURVE('',#1226,#1259,#59,.T.);
#1575=EDGE_CURVE('',#1225,#1263,#84,.T.);
#1576=EDGE_CURVE('',#1264,#1246,#671,.T.);
#1577=EDGE_CURVE('',#1265,#1262,#672,.T.);
#1578=EDGE_CURVE('',#1265,#1266,#85,.T.);
#1579=EDGE_CURVE('',#1266,#1267,#86,.T.);
#1580=EDGE_CURVE('',#1267,#1268,#673,.T.);
#1581=EDGE_CURVE('',#1268,#1269,#87,.T.);
#1582=EDGE_CURVE('',#1269,#1227,#88,.T.);
#1583=EDGE_CURVE('',#1258,#1270,#674,.T.);
#1584=EDGE_CURVE('',#1271,#1270,#675,.T.);
#1585=EDGE_CURVE('',#1272,#1271,#676,.T.);
#1586=EDGE_CURVE('',#1264,#1272,#677,.T.);
#1587=EDGE_CURVE('',#1273,#1274,#678,.T.);
#1588=EDGE_CURVE('',#1275,#1273,#119,.T.);
#1589=EDGE_CURVE('',#1276,#1275,#89,.T.);
#1590=EDGE_CURVE('',#1274,#1276,#90,.T.);
#1591=EDGE_CURVE('',#1277,#1278,#91,.T.);
#1592=EDGE_CURVE('',#1279,#1277,#92,.T.);
#1593=EDGE_CURVE('',#1280,#1279,#120,.T.);
#1594=EDGE_CURVE('',#1278,#1280,#679,.T.);
#1595=EDGE_CURVE('',#1261,#1281,#680,.T.);
#1596=EDGE_CURVE('',#1282,#1261,#681,.T.);
#1597=EDGE_CURVE('',#1283,#1282,#682,.T.);
#1598=EDGE_CURVE('',#1281,#1283,#683,.T.);
#1599=EDGE_CURVE('',#1284,#1285,#684,.T.);
#1600=EDGE_CURVE('',#1219,#1284,#685,.T.);
#1601=EDGE_CURVE('',#1285,#1218,#686,.T.);
#1602=EDGE_CURVE('',#1286,#1287,#687,.T.);
#1603=EDGE_CURVE('',#1288,#1286,#688,.T.);
#1604=EDGE_CURVE('',#1289,#1288,#689,.T.);
#1605=EDGE_CURVE('',#1287,#1289,#690,.T.);
#1606=EDGE_CURVE('',#1290,#1291,#691,.T.);
#1607=EDGE_CURVE('',#1292,#1290,#692,.T.);
#1608=EDGE_CURVE('',#1293,#1292,#693,.T.);
#1609=EDGE_CURVE('',#1291,#1293,#694,.T.);
#1610=EDGE_CURVE('',#1270,#1294,#695,.T.);
#1611=EDGE_CURVE('',#1295,#1257,#696,.T.);
#1612=EDGE_CURVE('',#1294,#1295,#697,.T.);
#1613=EDGE_CURVE('',#1296,#1264,#698,.T.);
#1614=EDGE_CURVE('',#1297,#1296,#699,.T.);
#1615=EDGE_CURVE('',#1247,#1297,#700,.T.);
#1616=EDGE_CURVE('',#1298,#1299,#701,.T.);
#1617=EDGE_CURVE('',#1300,#1298,#702,.T.);
#1618=EDGE_CURVE('',#1301,#1300,#703,.T.);
#1619=EDGE_CURVE('',#1299,#1301,#704,.T.);
#1620=EDGE_CURVE('',#1302,#1303,#705,.T.);
#1621=EDGE_CURVE('',#1304,#1302,#706,.T.);
#1622=EDGE_CURVE('',#1305,#1304,#707,.T.);
#1623=EDGE_CURVE('',#1303,#1305,#708,.T.);
#1624=EDGE_CURVE('',#1306,#1307,#709,.T.);
#1625=EDGE_CURVE('',#1308,#1306,#710,.T.);
#1626=EDGE_CURVE('',#1309,#1308,#711,.T.);
#1627=EDGE_CURVE('',#1307,#1309,#712,.T.);
#1628=EDGE_CURVE('',#1310,#1311,#713,.T.);
#1629=EDGE_CURVE('',#1312,#1310,#714,.T.);
#1630=EDGE_CURVE('',#1313,#1312,#715,.T.);
#1631=EDGE_CURVE('',#1311,#1313,#716,.T.);
#1632=EDGE_CURVE('',#1314,#1315,#93,.T.);
#1633=EDGE_CURVE('',#1267,#1314,#121,.T.);
#1634=EDGE_CURVE('',#1316,#1265,#94,.T.);
#1635=EDGE_CURVE('',#1317,#1316,#95,.T.);
#1636=EDGE_CURVE('',#1318,#1317,#96,.T.);
#1637=EDGE_CURVE('',#1315,#1318,#97,.T.);
#1638=EDGE_CURVE('',#1319,#1268,#122,.T.);
#1639=EDGE_CURVE('',#1320,#1319,#98,.T.);
#1640=EDGE_CURVE('',#1321,#1320,#99,.T.);
#1641=EDGE_CURVE('',#1229,#1321,#100,.T.);
#1642=EDGE_CURVE('',#1322,#1276,#717,.T.);
#1643=EDGE_CURVE('',#1323,#1322,#101,.T.);
#1644=EDGE_CURVE('',#1312,#1323,#123,.T.);
#1645=EDGE_CURVE('',#1324,#1312,#102,.T.);
#1646=EDGE_CURVE('',#1274,#1324,#103,.T.);
#1647=EDGE_CURVE('',#1325,#1278,#104,.T.);
#1648=EDGE_CURVE('',#1313,#1325,#105,.T.);
#1649=EDGE_CURVE('',#1326,#1313,#124,.T.);
#1650=EDGE_CURVE('',#1327,#1326,#106,.T.);
#1651=EDGE_CURVE('',#1277,#1327,#718,.T.);
#1652=EDGE_CURVE('',#1328,#1329,#125,.T.);
#1653=EDGE_CURVE('',#1330,#1328,#719,.T.);
#1654=EDGE_CURVE('',#1330,#1240,#35,.T.);
#1655=EDGE_CURVE('',#1331,#1330,#720,.T.);
#1656=EDGE_CURVE('',#1332,#1331,#126,.T.);
#1657=EDGE_CURVE('',#1329,#1332,#721,.T.);
#1658=EDGE_CURVE('',#1333,#1334,#127,.T.);
#1659=EDGE_CURVE('',#1335,#1333,#722,.T.);
#1660=EDGE_CURVE('',#1335,#1237,#36,.T.);
#1661=EDGE_CURVE('',#1336,#1335,#723,.T.);
#1662=EDGE_CURVE('',#1337,#1336,#128,.T.);
#1663=EDGE_CURVE('',#1334,#1337,#724,.T.);
#1664=EDGE_CURVE('',#1238,#1338,#129,.T.);
#1665=EDGE_CURVE('',#1338,#1338,#130,.T.);
#1666=EDGE_CURVE('',#1339,#1340,#131,.T.);
#1667=EDGE_CURVE('',#1341,#1339,#107,.T.);
#1668=EDGE_CURVE('',#1342,#1341,#132,.T.);
#1669=EDGE_CURVE('',#1340,#1342,#133,.T.);
#1670=EDGE_CURVE('',#1343,#1344,#134,.T.);
#1671=EDGE_CURVE('',#1345,#1343,#135,.T.);
#1672=EDGE_CURVE('',#1346,#1345,#136,.T.);
#1673=EDGE_CURVE('',#1344,#1346,#137,.T.);
#1674=EDGE_CURVE('',#1347,#1348,#138,.F.);
#1675=EDGE_CURVE('',#1349,#1347,#139,.T.);
#1676=EDGE_CURVE('',#1348,#1349,#140,.T.);
#1677=EDGE_CURVE('',#1350,#1351,#141,.T.);
#1678=EDGE_CURVE('',#1352,#1350,#142,.T.);
#1679=EDGE_CURVE('',#1353,#1352,#143,.T.);
#1680=EDGE_CURVE('',#1351,#1353,#144,.T.);
#1681=EDGE_CURVE('',#1354,#1351,#145,.T.);
#1682=EDGE_CURVE('',#1355,#1356,#146,.F.);
#1683=EDGE_CURVE('',#1357,#1355,#147,.T.);
#1684=EDGE_CURVE('',#1356,#1357,#148,.T.);
#1685=EDGE_CURVE('',#1358,#1359,#149,.T.);
#1686=EDGE_CURVE('',#1360,#1358,#150,.T.);
#1687=EDGE_CURVE('',#1361,#1360,#151,.T.);
#1688=EDGE_CURVE('',#1359,#1361,#152,.T.);
#1689=EDGE_CURVE('',#1362,#1359,#153,.T.);
#1690=EDGE_CURVE('',#1363,#1364,#154,.T.);
#1691=EDGE_CURVE('',#1365,#1363,#155,.T.);
#1692=EDGE_CURVE('',#1364,#1365,#156,.F.);
#1693=EDGE_CURVE('',#1366,#1367,#157,.T.);
#1694=EDGE_CURVE('',#1368,#1366,#158,.T.);
#1695=EDGE_CURVE('',#1369,#1368,#159,.T.);
#1696=EDGE_CURVE('',#1367,#1369,#160,.T.);
#1697=EDGE_CURVE('',#1370,#1367,#161,.T.);
#1698=EDGE_CURVE('',#1371,#1260,#725,.T.);
#1699=EDGE_CURVE('',#1282,#1371,#162,.T.);
#1700=EDGE_CURVE('',#1372,#1373,#163,.T.);
#1701=EDGE_CURVE('',#1263,#1372,#726,.T.);
#1702=EDGE_CURVE('',#1373,#1225,#727,.T.);
#1703=EDGE_CURVE('',#1374,#1339,#728,.T.);
#1704=EDGE_CURVE('',#1375,#1374,#164,.T.);
#1705=EDGE_CURVE('',#1341,#1375,#729,.T.);
#1706=EDGE_CURVE('',#1344,#1376,#730,.T.);
#1707=EDGE_CURVE('',#1377,#1346,#731,.T.);
#1708=EDGE_CURVE('',#1376,#1377,#165,.T.);
#1709=EDGE_CURVE('',#1378,#1379,#166,.T.);
#1710=EDGE_CURVE('',#1380,#1378,#732,.T.);
#1711=EDGE_CURVE('',#1381,#1380,#167,.T.);
#1712=EDGE_CURVE('',#1382,#1381,#60,.T.);
#1713=EDGE_CURVE('',#1383,#1382,#168,.T.);
#1714=EDGE_CURVE('',#1379,#1383,#733,.T.);
#1715=EDGE_CURVE('',#1384,#1385,#169,.T.);
#1716=EDGE_CURVE('',#1386,#1384,#61,.T.);
#1717=EDGE_CURVE('',#1387,#1386,#170,.T.);
#1718=EDGE_CURVE('',#1388,#1387,#734,.T.);
#1719=EDGE_CURVE('',#1389,#1388,#171,.T.);
#1720=EDGE_CURVE('',#1385,#1389,#735,.T.);
#1721=EDGE_CURVE('',#1390,#1277,#62,.T.);
#1722=EDGE_CURVE('',#1391,#1390,#736,.T.);
#1723=EDGE_CURVE('',#1279,#1391,#172,.T.);
#1724=EDGE_CURVE('',#1392,#1275,#173,.T.);
#1725=EDGE_CURVE('',#1393,#1392,#737,.T.);
#1726=EDGE_CURVE('',#1276,#1393,#63,.T.);
#1727=EDGE_CURVE('',#1394,#1395,#738,.T.);
#1728=EDGE_CURVE('',#1396,#1394,#174,.T.);
#1729=EDGE_CURVE('',#1397,#1396,#739,.T.);
#1730=EDGE_CURVE('',#1395,#1397,#175,.T.);
#1731=EDGE_CURVE('',#1398,#1399,#740,.T.);
#1732=EDGE_CURVE('',#1400,#1398,#176,.T.);
#1733=EDGE_CURVE('',#1401,#1400,#741,.T.);
#1734=EDGE_CURVE('',#1399,#1401,#177,.T.);
#1735=EDGE_CURVE('',#1402,#1403,#178,.T.);
#1736=EDGE_CURVE('',#1404,#1402,#742,.T.);
#1737=EDGE_CURVE('',#1405,#1404,#179,.T.);
#1738=EDGE_CURVE('',#1403,#1405,#743,.T.);
#1739=EDGE_CURVE('',#1406,#1407,#180,.T.);
#1740=EDGE_CURVE('',#1408,#1406,#744,.T.);
#1741=EDGE_CURVE('',#1409,#1408,#181,.T.);
#1742=EDGE_CURVE('',#1407,#1409,#745,.T.);
#1743=EDGE_CURVE('',#1410,#1317,#746,.T.);
#1744=EDGE_CURVE('',#1293,#1410,#182,.T.);
#1745=EDGE_CURVE('',#1411,#1292,#64,.T.);
#1746=EDGE_CURVE('',#1412,#1411,#747,.T.);
#1747=EDGE_CURVE('',#1413,#1412,#183,.T.);
#1748=EDGE_CURVE('',#1314,#1413,#748,.T.);
#1749=EDGE_CURVE('',#1414,#1319,#749,.T.);
#1750=EDGE_CURVE('',#1415,#1414,#184,.T.);
#1751=EDGE_CURVE('',#1416,#1415,#750,.T.);
#1752=EDGE_CURVE('',#1306,#1416,#65,.T.);
#1753=EDGE_CURVE('',#1230,#1307,#185,.T.);
#1754=EDGE_CURVE('',#1319,#1314,#751,.T.);
#1755=EDGE_CURVE('',#1297,#1299,#186,.T.);
#1756=EDGE_CURVE('',#1298,#1296,#187,.T.);
#1757=EDGE_CURVE('',#1294,#1303,#188,.T.);
#1758=EDGE_CURVE('',#1302,#1295,#189,.T.);
#1759=EDGE_CURVE('',#1417,#1417,#190,.T.);
#1760=EDGE_CURVE('',#1417,#1418,#752,.T.);
#1761=EDGE_CURVE('',#1418,#1418,#191,.T.);
#1762=EDGE_CURVE('',#1419,#1304,#192,.T.);
#1763=EDGE_CURVE('',#1420,#1419,#753,.T.);
#1764=EDGE_CURVE('',#1305,#1420,#193,.T.);
#1765=EDGE_CURVE('',#1421,#1300,#194,.T.);
#1766=EDGE_CURVE('',#1422,#1421,#754,.T.);
#1767=EDGE_CURVE('',#1301,#1422,#195,.T.);
#1768=EDGE_CURVE('',#1326,#1323,#755,.T.);
#1769=EDGE_CURVE('',#1324,#1343,#756,.T.);
#1770=EDGE_CURVE('',#1423,#1310,#196,.T.);
#1771=EDGE_CURVE('',#1424,#1423,#757,.T.);
#1772=EDGE_CURVE('',#1425,#1424,#197,.T.);
#1773=EDGE_CURVE('',#1345,#1425,#758,.T.);
#1774=EDGE_CURVE('',#1426,#1342,#759,.T.);
#1775=EDGE_CURVE('',#1427,#1426,#198,.T.);
#1776=EDGE_CURVE('',#1428,#1427,#760,.T.);
#1777=EDGE_CURVE('',#1311,#1428,#199,.T.);
#1778=EDGE_CURVE('',#1340,#1325,#761,.T.);
#1779=EDGE_CURVE('',#1429,#1430,#200,.T.);
#1780=EDGE_CURVE('',#1339,#1429,#762,.T.);
#1781=EDGE_CURVE('',#1430,#1340,#763,.T.);
#1782=EDGE_CURVE('',#1346,#1341,#764,.T.);
#1783=EDGE_CURVE('',#1342,#1345,#765,.T.);
#1784=EDGE_CURVE('',#1431,#1432,#201,.T.);
#1785=EDGE_CURVE('',#1343,#1431,#766,.T.);
#1786=EDGE_CURVE('',#1432,#1344,#767,.T.);
#1787=EDGE_CURVE('',#1433,#1433,#202,.T.);
#1788=EDGE_CURVE('',#1433,#1434,#768,.T.);
#1789=EDGE_CURVE('',#1434,#1434,#203,.T.);
#1790=EDGE_CURVE('',#1435,#1435,#204,.T.);
#1791=EDGE_CURVE('',#1435,#1436,#769,.T.);
#1792=EDGE_CURVE('',#1436,#1436,#205,.T.);
#1793=EDGE_CURVE('',#1353,#1437,#770,.T.);
#1794=EDGE_CURVE('',#1438,#1352,#771,.T.);
#1795=EDGE_CURVE('',#1437,#1438,#206,.T.);
#1796=EDGE_CURVE('',#1348,#1350,#772,.T.);
#1797=EDGE_CURVE('',#1352,#1349,#773,.T.);
#1798=EDGE_CURVE('',#1439,#1347,#774,.T.);
#1799=EDGE_CURVE('',#1440,#1439,#66,.T.);
#1800=EDGE_CURVE('',#1349,#1440,#775,.T.);
#1801=EDGE_CURVE('',#1441,#1442,#207,.T.);
#1802=EDGE_CURVE('',#1347,#1441,#776,.T.);
#1803=EDGE_CURVE('',#1442,#1348,#777,.T.);
#1804=EDGE_CURVE('',#1443,#1444,#208,.T.);
#1805=EDGE_CURVE('',#1350,#1443,#778,.T.);
#1806=EDGE_CURVE('',#1444,#1353,#779,.T.);
#1807=EDGE_CURVE('',#1361,#1445,#780,.T.);
#1808=EDGE_CURVE('',#1446,#1360,#781,.T.);
#1809=EDGE_CURVE('',#1445,#1446,#209,.T.);
#1810=EDGE_CURVE('',#1447,#1448,#210,.T.);
#1811=EDGE_CURVE('',#1355,#1447,#782,.T.);
#1812=EDGE_CURVE('',#1448,#1356,#783,.T.);
#1813=EDGE_CURVE('',#1356,#1358,#784,.T.);
#1814=EDGE_CURVE('',#1360,#1357,#785,.T.);
#1815=EDGE_CURVE('',#1449,#1355,#786,.T.);
#1816=EDGE_CURVE('',#1450,#1449,#67,.T.);
#1817=EDGE_CURVE('',#1357,#1450,#787,.T.);
#1818=EDGE_CURVE('',#1451,#1452,#211,.T.);
#1819=EDGE_CURVE('',#1358,#1451,#788,.T.);
#1820=EDGE_CURVE('',#1452,#1361,#789,.T.);
#1821=EDGE_CURVE('',#1221,#1368,#790,.T.);
#1822=EDGE_CURVE('',#1369,#1220,#791,.T.);
#1823=EDGE_CURVE('',#1363,#1366,#792,.T.);
#1824=EDGE_CURVE('',#1368,#1364,#793,.T.);
#1825=EDGE_CURVE('',#1223,#1365,#794,.T.);
#1826=EDGE_CURVE('',#1364,#1222,#795,.T.);
#1827=EDGE_CURVE('',#1453,#1363,#796,.T.);
#1828=EDGE_CURVE('',#1454,#1453,#68,.T.);
#1829=EDGE_CURVE('',#1365,#1454,#797,.T.);
#1830=EDGE_CURVE('',#1455,#1456,#212,.T.);
#1831=EDGE_CURVE('',#1366,#1455,#798,.T.);
#1832=EDGE_CURVE('',#1456,#1369,#799,.T.);
#1833=EDGE_CURVE('',#1445,#1288,#800,.T.);
#1834=EDGE_CURVE('',#1450,#1446,#801,.T.);
#1835=EDGE_CURVE('',#1457,#1449,#802,.T.);
#1836=EDGE_CURVE('',#1458,#1457,#803,.T.);
#1837=EDGE_CURVE('',#1437,#1458,#804,.T.);
#1838=EDGE_CURVE('',#1440,#1438,#805,.T.);
#1839=EDGE_CURVE('',#1283,#1439,#806,.T.);
#1840=EDGE_CURVE('',#1372,#1371,#807,.T.);
#1841=EDGE_CURVE('',#1459,#1373,#808,.T.);
#1842=EDGE_CURVE('',#1454,#1459,#809,.T.);
#1843=EDGE_CURVE('',#1455,#1453,#810,.T.);
#1844=EDGE_CURVE('',#1284,#1456,#811,.T.);
#1845=EDGE_CURVE('',#1289,#1285,#812,.T.);
#1846=EDGE_CURVE('',#1405,#1398,#813,.T.);
#1847=EDGE_CURVE('',#1409,#1404,#814,.T.);
#1848=EDGE_CURVE('',#1396,#1408,#815,.T.);
#1849=EDGE_CURVE('',#1400,#1394,#816,.T.);
#1850=EDGE_CURVE('',#1459,#1224,#817,.T.);
#1851=EDGE_CURVE('',#1460,#1232,#818,.T.);
#1852=EDGE_CURVE('',#1287,#1460,#819,.T.);
#1853=EDGE_CURVE('',#1461,#1462,#820,.T.);
#1854=EDGE_CURVE('',#1458,#1461,#821,.T.);
#1855=EDGE_CURVE('',#1462,#1457,#822,.T.);
#1856=EDGE_CURVE('',#1397,#1406,#823,.T.);
#1857=EDGE_CURVE('',#1401,#1395,#824,.T.);
#1858=EDGE_CURVE('',#1403,#1399,#825,.T.);
#1859=EDGE_CURVE('',#1407,#1402,#826,.T.);
#1860=EDGE_CURVE('',#1463,#1464,#827,.T.);
#1861=EDGE_CURVE('',#1460,#1463,#828,.T.);
#1862=EDGE_CURVE('',#1465,#1232,#829,.T.);
#1863=EDGE_CURVE('',#1466,#1465,#830,.T.);
#1864=EDGE_CURVE('',#1464,#1466,#831,.T.);
#1865=EDGE_CURVE('',#1379,#1463,#832,.T.);
#1866=EDGE_CURVE('',#1467,#1383,#833,.T.);
#1867=EDGE_CURVE('',#1468,#1467,#834,.T.);
#1868=EDGE_CURVE('',#1460,#1468,#835,.T.);
#1869=EDGE_CURVE('',#1291,#1467,#836,.T.);
#1870=EDGE_CURVE('',#1468,#1410,#837,.T.);
#1871=EDGE_CURVE('',#1248,#1422,#838,.T.);
#1872=EDGE_CURVE('',#1419,#1256,#839,.T.);
#1873=EDGE_CURVE('',#1469,#1309,#840,.T.);
#1874=EDGE_CURVE('',#1231,#1469,#841,.T.);
#1875=EDGE_CURVE('',#1385,#1469,#842,.T.);
#1876=EDGE_CURVE('',#1465,#1389,#843,.T.);
#1877=EDGE_CURVE('',#1290,#1382,#844,.T.);
#1878=EDGE_CURVE('',#1411,#1381,#845,.T.);
#1879=EDGE_CURVE('',#1412,#1380,#846,.T.);
#1880=EDGE_CURVE('',#1280,#1378,#847,.T.);
#1881=EDGE_CURVE('',#1392,#1391,#848,.T.);
#1882=EDGE_CURVE('',#1388,#1273,#849,.T.);
#1883=EDGE_CURVE('',#1415,#1387,#850,.T.);
#1884=EDGE_CURVE('',#1413,#1414,#851,.T.);
#1885=EDGE_CURVE('',#1416,#1386,#852,.T.);
#1886=EDGE_CURVE('',#1308,#1384,#853,.T.);
#1887=EDGE_CURVE('',#1393,#1390,#854,.T.);
#1888=EDGE_CURVE('',#1470,#1421,#855,.T.);
#1889=EDGE_CURVE('',#1471,#1470,#856,.T.);
#1890=EDGE_CURVE('',#1420,#1471,#857,.T.);
#1891=EDGE_CURVE('',#1427,#1472,#858,.T.);
#1892=EDGE_CURVE('',#1425,#1426,#859,.T.);
#1893=EDGE_CURVE('',#1473,#1424,#860,.T.);
#1894=EDGE_CURVE('',#1472,#1473,#861,.T.);
#1895=EDGE_CURVE('',#1474,#1475,#862,.T.);
#1896=EDGE_CURVE('',#1423,#1474,#863,.T.);
#1897=EDGE_CURVE('',#1475,#1428,#864,.T.);
#1898=EDGE_CURVE('',#1272,#1475,#865,.T.);
#1899=EDGE_CURVE('',#1474,#1271,#866,.T.);
#1900=EDGE_CURVE('',#1470,#1472,#867,.T.);
#1901=EDGE_CURVE('',#1473,#1471,#868,.T.);
#1902=EDGE_CURVE('',#1476,#1477,#869,.T.);
#1903=EDGE_CURVE('',#1376,#1476,#870,.T.);
#1904=EDGE_CURVE('',#1375,#1377,#871,.T.);
#1905=EDGE_CURVE('',#1477,#1374,#872,.T.);
#1906=EDGE_CURVE('',#1464,#1430,#873,.T.);
#1907=EDGE_CURVE('',#1431,#1466,#874,.T.);
#1908=EDGE_CURVE('',#1476,#1432,#875,.T.);
#1909=EDGE_CURVE('',#1429,#1477,#876,.T.);
#1910=EDGE_CURVE('',#1441,#1281,#877,.T.);
#1911=EDGE_CURVE('',#1443,#1442,#878,.T.);
#1912=EDGE_CURVE('',#1461,#1444,#879,.T.);
#1913=EDGE_CURVE('',#1447,#1462,#880,.T.);
#1914=EDGE_CURVE('',#1451,#1448,#881,.T.);
#1915=EDGE_CURVE('',#1286,#1452,#882,.T.);
#1916=EDGE_CURVE('',#1478,#1479,#883,.T.);
#1917=EDGE_CURVE('',#1479,#1480,#884,.T.);
#1918=EDGE_CURVE('',#1480,#1481,#885,.T.);
#1919=EDGE_CURVE('',#1481,#1478,#886,.T.);
#1920=EDGE_CURVE('',#1478,#1482,#213,.T.);
#1921=EDGE_CURVE('',#1482,#1483,#887,.T.);
#1922=EDGE_CURVE('',#1483,#1479,#214,.T.);
#1923=EDGE_CURVE('',#1484,#1485,#888,.T.);
#1924=EDGE_CURVE('',#1485,#1483,#889,.T.);
#1925=EDGE_CURVE('',#1482,#1484,#890,.T.);
#1926=EDGE_CURVE('',#1484,#1486,#215,.T.);
#1927=EDGE_CURVE('',#1486,#1487,#891,.T.);
#1928=EDGE_CURVE('',#1487,#1485,#216,.T.);
#1929=EDGE_CURVE('',#1488,#1489,#892,.T.);
#1930=EDGE_CURVE('',#1489,#1487,#893,.T.);
#1931=EDGE_CURVE('',#1486,#1488,#894,.T.);
#1932=EDGE_CURVE('',#1488,#1490,#217,.T.);
#1933=EDGE_CURVE('',#1490,#1491,#895,.T.);
#1934=EDGE_CURVE('',#1491,#1489,#218,.T.);
#1935=EDGE_CURVE('',#1492,#1493,#896,.T.);
#1936=EDGE_CURVE('',#1493,#1491,#897,.T.);
#1937=EDGE_CURVE('',#1490,#1492,#898,.T.);
#1938=EDGE_CURVE('',#1492,#1481,#219,.T.);
#1939=EDGE_CURVE('',#1480,#1493,#220,.T.);
#1940=EDGE_CURVE('',#1484,#1494,#899,.T.);
#1941=EDGE_CURVE('',#1495,#1494,#221,.T.);
#1942=EDGE_CURVE('',#1495,#1486,#900,.T.);
#1943=EDGE_CURVE('',#1496,#1482,#901,.T.);
#1944=EDGE_CURVE('',#1494,#1496,#902,.T.);
#1945=EDGE_CURVE('',#1478,#1497,#903,.T.);
#1946=EDGE_CURVE('',#1496,#1497,#222,.T.);
#1947=EDGE_CURVE('',#1498,#1481,#904,.T.);
#1948=EDGE_CURVE('',#1497,#1498,#905,.T.);
#1949=EDGE_CURVE('',#1498,#1499,#906,.T.);
#1950=EDGE_CURVE('',#1499,#1500,#907,.T.);
#1951=EDGE_CURVE('',#1500,#1497,#908,.T.);
#1952=EDGE_CURVE('',#1498,#1501,#223,.T.);
#1953=EDGE_CURVE('',#1501,#1502,#909,.T.);
#1954=EDGE_CURVE('',#1502,#1499,#224,.T.);
#1955=EDGE_CURVE('',#1503,#1504,#910,.T.);
#1956=EDGE_CURVE('',#1504,#1502,#911,.T.);
#1957=EDGE_CURVE('',#1501,#1503,#912,.T.);
#1958=EDGE_CURVE('',#1503,#1505,#225,.T.);
#1959=EDGE_CURVE('',#1505,#1506,#913,.T.);
#1960=EDGE_CURVE('',#1506,#1504,#226,.T.);
#1961=EDGE_CURVE('',#1495,#1507,#914,.T.);
#1962=EDGE_CURVE('',#1507,#1506,#915,.T.);
#1963=EDGE_CURVE('',#1505,#1495,#916,.T.);
#1964=EDGE_CURVE('',#1494,#1508,#917,.T.);
#1965=EDGE_CURVE('',#1508,#1507,#227,.T.);
#1966=EDGE_CURVE('',#1496,#1509,#918,.T.);
#1967=EDGE_CURVE('',#1509,#1508,#919,.T.);
#1968=EDGE_CURVE('',#1500,#1509,#228,.T.);
#1969=EDGE_CURVE('',#1488,#1505,#920,.T.);
#1970=EDGE_CURVE('',#1503,#1490,#921,.T.);
#1971=EDGE_CURVE('',#1492,#1501,#922,.T.);
#1972=ORIENTED_EDGE('',*,*,#1510,.T.);
#1973=ORIENTED_EDGE('',*,*,#1511,.T.);
#1974=ORIENTED_EDGE('',*,*,#1512,.T.);
#1975=ORIENTED_EDGE('',*,*,#1513,.T.);
#1976=ORIENTED_EDGE('',*,*,#1511,.F.);
#1977=ORIENTED_EDGE('',*,*,#1514,.F.);
#1978=ORIENTED_EDGE('',*,*,#1515,.F.);
#1979=ORIENTED_EDGE('',*,*,#1516,.F.);
#1980=ORIENTED_EDGE('',*,*,#1517,.T.);
#1981=ORIENTED_EDGE('',*,*,#1518,.F.);
#1982=ORIENTED_EDGE('',*,*,#1519,.T.);
#1983=ORIENTED_EDGE('',*,*,#1520,.T.);
#1984=ORIENTED_EDGE('',*,*,#1521,.T.);
#1985=ORIENTED_EDGE('',*,*,#1522,.T.);
#1986=ORIENTED_EDGE('',*,*,#1523,.T.);
#1987=ORIENTED_EDGE('',*,*,#1524,.T.);
#1988=ORIENTED_EDGE('',*,*,#1525,.T.);
#1989=ORIENTED_EDGE('',*,*,#1526,.T.);
#1990=ORIENTED_EDGE('',*,*,#1527,.T.);
#1991=ORIENTED_EDGE('',*,*,#1528,.T.);
#1992=ORIENTED_EDGE('',*,*,#1529,.T.);
#1993=ORIENTED_EDGE('',*,*,#1530,.T.);
#1994=ORIENTED_EDGE('',*,*,#1531,.T.);
#1995=ORIENTED_EDGE('',*,*,#1510,.F.);
#1996=ORIENTED_EDGE('',*,*,#1532,.T.);
#1997=ORIENTED_EDGE('',*,*,#1533,.T.);
#1998=ORIENTED_EDGE('',*,*,#1534,.T.);
#1999=ORIENTED_EDGE('',*,*,#1535,.F.);
#2000=ORIENTED_EDGE('',*,*,#1514,.T.);
#2001=ORIENTED_EDGE('',*,*,#1536,.T.);
#2002=ORIENTED_EDGE('',*,*,#1537,.T.);
#2003=ORIENTED_EDGE('',*,*,#1538,.T.);
#2004=ORIENTED_EDGE('',*,*,#1539,.T.);
#2005=ORIENTED_EDGE('',*,*,#1540,.T.);
#2006=ORIENTED_EDGE('',*,*,#1541,.T.);
#2007=ORIENTED_EDGE('',*,*,#1515,.T.);
#2008=ORIENTED_EDGE('',*,*,#1535,.T.);
#2009=ORIENTED_EDGE('',*,*,#1542,.T.);
#2010=ORIENTED_EDGE('',*,*,#1543,.F.);
#2011=ORIENTED_EDGE('',*,*,#1533,.F.);
#2012=ORIENTED_EDGE('',*,*,#1544,.T.);
#2013=ORIENTED_EDGE('',*,*,#1545,.F.);
#2014=ORIENTED_EDGE('',*,*,#1542,.F.);
#2015=ORIENTED_EDGE('',*,*,#1534,.F.);
#2016=ORIENTED_EDGE('',*,*,#1543,.T.);
#2017=ORIENTED_EDGE('',*,*,#1546,.F.);
#2018=ORIENTED_EDGE('',*,*,#1513,.F.);
#2019=ORIENTED_EDGE('',*,*,#1547,.F.);
#2020=ORIENTED_EDGE('',*,*,#1544,.F.);
#2021=ORIENTED_EDGE('',*,*,#1532,.F.);
#2022=ORIENTED_EDGE('',*,*,#1548,.T.);
#2023=ORIENTED_EDGE('',*,*,#1549,.F.);
#2024=ORIENTED_EDGE('',*,*,#1550,.F.);
#2025=ORIENTED_EDGE('',*,*,#1551,.T.);
#2026=ORIENTED_EDGE('',*,*,#1552,.T.);
#2027=ORIENTED_EDGE('',*,*,#1553,.T.);
#2028=ORIENTED_EDGE('',*,*,#1554,.T.);
#2029=ORIENTED_EDGE('',*,*,#1555,.T.);
#2030=ORIENTED_EDGE('',*,*,#1556,.T.);
#2031=ORIENTED_EDGE('',*,*,#1557,.T.);
#2032=ORIENTED_EDGE('',*,*,#1558,.T.);
#2033=ORIENTED_EDGE('',*,*,#1559,.T.);
#2034=ORIENTED_EDGE('',*,*,#1555,.F.);
#2035=ORIENTED_EDGE('',*,*,#1560,.T.);
#2036=ORIENTED_EDGE('',*,*,#1561,.F.);
#2037=ORIENTED_EDGE('',*,*,#1558,.F.);
#2038=ORIENTED_EDGE('',*,*,#1562,.T.);
#2039=ORIENTED_EDGE('',*,*,#1553,.F.);
#2040=ORIENTED_EDGE('',*,*,#1563,.T.);
#2041=ORIENTED_EDGE('',*,*,#1564,.T.);
#2042=ORIENTED_EDGE('',*,*,#1565,.F.);
#2043=ORIENTED_EDGE('',*,*,#1566,.T.);
#2044=ORIENTED_EDGE('',*,*,#1557,.F.);
#2045=ORIENTED_EDGE('',*,*,#1567,.T.);
#2046=ORIENTED_EDGE('',*,*,#1548,.F.);
#2047=ORIENTED_EDGE('',*,*,#1562,.F.);
#2048=ORIENTED_EDGE('',*,*,#1568,.F.);
#2049=ORIENTED_EDGE('',*,*,#1569,.T.);
#2050=ORIENTED_EDGE('',*,*,#1570,.F.);
#2051=ORIENTED_EDGE('',*,*,#1571,.F.);
#2052=ORIENTED_EDGE('',*,*,#1560,.F.);
#2053=ORIENTED_EDGE('',*,*,#1572,.T.);
#2054=ORIENTED_EDGE('',*,*,#1573,.T.);
#2055=ORIENTED_EDGE('',*,*,#1568,.T.);
#2056=ORIENTED_EDGE('',*,*,#1554,.F.);
#2057=ORIENTED_EDGE('',*,*,#1566,.F.);
#2058=ORIENTED_EDGE('',*,*,#1574,.F.);
#2059=ORIENTED_EDGE('',*,*,#1524,.F.);
#2060=ORIENTED_EDGE('',*,*,#1575,.T.);
#2061=ORIENTED_EDGE('',*,*,#1572,.F.);
#2062=ORIENTED_EDGE('',*,*,#1576,.T.);
#2063=ORIENTED_EDGE('',*,*,#1549,.T.);
#2064=ORIENTED_EDGE('',*,*,#1571,.T.);
#2065=ORIENTED_EDGE('',*,*,#1577,.F.);
#2066=ORIENTED_EDGE('',*,*,#1578,.T.);
#2067=ORIENTED_EDGE('',*,*,#1579,.T.);
#2068=ORIENTED_EDGE('',*,*,#1580,.T.);
#2069=ORIENTED_EDGE('',*,*,#1581,.T.);
#2070=ORIENTED_EDGE('',*,*,#1582,.T.);
#2071=ORIENTED_EDGE('',*,*,#1525,.F.);
#2072=ORIENTED_EDGE('',*,*,#1574,.T.);
#2073=ORIENTED_EDGE('',*,*,#1565,.T.);
#2074=ORIENTED_EDGE('',*,*,#1583,.T.);
#2075=ORIENTED_EDGE('',*,*,#1584,.F.);
#2076=ORIENTED_EDGE('',*,*,#1585,.F.);
#2077=ORIENTED_EDGE('',*,*,#1586,.F.);
#2078=ORIENTED_EDGE('',*,*,#1587,.F.);
#2079=ORIENTED_EDGE('',*,*,#1588,.F.);
#2080=ORIENTED_EDGE('',*,*,#1589,.F.);
#2081=ORIENTED_EDGE('',*,*,#1590,.F.);
#2082=ORIENTED_EDGE('',*,*,#1591,.F.);
#2083=ORIENTED_EDGE('',*,*,#1592,.F.);
#2084=ORIENTED_EDGE('',*,*,#1593,.F.);
#2085=ORIENTED_EDGE('',*,*,#1594,.F.);
#2086=ORIENTED_EDGE('',*,*,#1595,.F.);
#2087=ORIENTED_EDGE('',*,*,#1596,.F.);
#2088=ORIENTED_EDGE('',*,*,#1597,.F.);
#2089=ORIENTED_EDGE('',*,*,#1598,.F.);
#2090=ORIENTED_EDGE('',*,*,#1599,.F.);
#2091=ORIENTED_EDGE('',*,*,#1600,.F.);
#2092=ORIENTED_EDGE('',*,*,#1517,.F.);
#2093=ORIENTED_EDGE('',*,*,#1601,.F.);
#2094=ORIENTED_EDGE('',*,*,#1602,.F.);
#2095=ORIENTED_EDGE('',*,*,#1603,.F.);
#2096=ORIENTED_EDGE('',*,*,#1604,.F.);
#2097=ORIENTED_EDGE('',*,*,#1605,.F.);
#2098=ORIENTED_EDGE('',*,*,#1606,.F.);
#2099=ORIENTED_EDGE('',*,*,#1607,.F.);
#2100=ORIENTED_EDGE('',*,*,#1608,.F.);
#2101=ORIENTED_EDGE('',*,*,#1609,.F.);
#2102=ORIENTED_EDGE('',*,*,#1610,.F.);
#2103=ORIENTED_EDGE('',*,*,#1583,.F.);
#2104=ORIENTED_EDGE('',*,*,#1564,.F.);
#2105=ORIENTED_EDGE('',*,*,#1611,.F.);
#2106=ORIENTED_EDGE('',*,*,#1612,.F.);
#2107=ORIENTED_EDGE('',*,*,#1576,.F.);
#2108=ORIENTED_EDGE('',*,*,#1613,.F.);
#2109=ORIENTED_EDGE('',*,*,#1614,.F.);
#2110=ORIENTED_EDGE('',*,*,#1615,.F.);
#2111=ORIENTED_EDGE('',*,*,#1550,.T.);
#2112=ORIENTED_EDGE('',*,*,#1616,.F.);
#2113=ORIENTED_EDGE('',*,*,#1617,.F.);
#2114=ORIENTED_EDGE('',*,*,#1618,.F.);
#2115=ORIENTED_EDGE('',*,*,#1619,.F.);
#2116=ORIENTED_EDGE('',*,*,#1620,.F.);
#2117=ORIENTED_EDGE('',*,*,#1621,.F.);
#2118=ORIENTED_EDGE('',*,*,#1622,.F.);
#2119=ORIENTED_EDGE('',*,*,#1623,.F.);
#2120=ORIENTED_EDGE('',*,*,#1624,.F.);
#2121=ORIENTED_EDGE('',*,*,#1625,.F.);
#2122=ORIENTED_EDGE('',*,*,#1626,.F.);
#2123=ORIENTED_EDGE('',*,*,#1627,.F.);
#2124=ORIENTED_EDGE('',*,*,#1628,.F.);
#2125=ORIENTED_EDGE('',*,*,#1629,.F.);
#2126=ORIENTED_EDGE('',*,*,#1630,.F.);
#2127=ORIENTED_EDGE('',*,*,#1631,.F.);
#2128=ORIENTED_EDGE('',*,*,#1632,.F.);
#2129=ORIENTED_EDGE('',*,*,#1633,.F.);
#2130=ORIENTED_EDGE('',*,*,#1579,.F.);
#2131=ORIENTED_EDGE('',*,*,#1578,.F.);
#2132=ORIENTED_EDGE('',*,*,#1634,.F.);
#2133=ORIENTED_EDGE('',*,*,#1635,.F.);
#2134=ORIENTED_EDGE('',*,*,#1636,.F.);
#2135=ORIENTED_EDGE('',*,*,#1637,.F.);
#2136=ORIENTED_EDGE('',*,*,#1526,.F.);
#2137=ORIENTED_EDGE('',*,*,#1582,.F.);
#2138=ORIENTED_EDGE('',*,*,#1581,.F.);
#2139=ORIENTED_EDGE('',*,*,#1638,.F.);
#2140=ORIENTED_EDGE('',*,*,#1639,.F.);
#2141=ORIENTED_EDGE('',*,*,#1640,.F.);
#2142=ORIENTED_EDGE('',*,*,#1641,.F.);
#2143=ORIENTED_EDGE('',*,*,#1527,.F.);
#2144=ORIENTED_EDGE('',*,*,#1590,.T.);
#2145=ORIENTED_EDGE('',*,*,#1642,.F.);
#2146=ORIENTED_EDGE('',*,*,#1643,.F.);
#2147=ORIENTED_EDGE('',*,*,#1644,.F.);
#2148=ORIENTED_EDGE('',*,*,#1645,.F.);
#2149=ORIENTED_EDGE('',*,*,#1646,.F.);
#2150=ORIENTED_EDGE('',*,*,#1647,.F.);
#2151=ORIENTED_EDGE('',*,*,#1648,.F.);
#2152=ORIENTED_EDGE('',*,*,#1649,.F.);
#2153=ORIENTED_EDGE('',*,*,#1650,.F.);
#2154=ORIENTED_EDGE('',*,*,#1651,.F.);
#2155=ORIENTED_EDGE('',*,*,#1591,.T.);
#2156=ORIENTED_EDGE('',*,*,#1652,.F.);
#2157=ORIENTED_EDGE('',*,*,#1653,.F.);
#2158=ORIENTED_EDGE('',*,*,#1654,.T.);
#2159=ORIENTED_EDGE('',*,*,#1539,.F.);
#2160=ORIENTED_EDGE('',*,*,#1540,.F.);
#2161=ORIENTED_EDGE('',*,*,#1654,.F.);
#2162=ORIENTED_EDGE('',*,*,#1655,.F.);
#2163=ORIENTED_EDGE('',*,*,#1656,.F.);
#2164=ORIENTED_EDGE('',*,*,#1657,.F.);
#2165=ORIENTED_EDGE('',*,*,#1658,.F.);
#2166=ORIENTED_EDGE('',*,*,#1659,.F.);
#2167=ORIENTED_EDGE('',*,*,#1660,.T.);
#2168=ORIENTED_EDGE('',*,*,#1536,.F.);
#2169=ORIENTED_EDGE('',*,*,#1537,.F.);
#2170=ORIENTED_EDGE('',*,*,#1660,.F.);
#2171=ORIENTED_EDGE('',*,*,#1661,.F.);
#2172=ORIENTED_EDGE('',*,*,#1662,.F.);
#2173=ORIENTED_EDGE('',*,*,#1663,.F.);
#2174=ORIENTED_EDGE('',*,*,#1538,.F.);
#2175=ORIENTED_EDGE('',*,*,#1664,.T.);
#2176=ORIENTED_EDGE('',*,*,#1665,.F.);
#2177=ORIENTED_EDGE('',*,*,#1664,.F.);
#2178=ORIENTED_EDGE('',*,*,#1666,.F.);
#2179=ORIENTED_EDGE('',*,*,#1667,.F.);
#2180=ORIENTED_EDGE('',*,*,#1668,.F.);
#2181=ORIENTED_EDGE('',*,*,#1669,.F.);
#2182=ORIENTED_EDGE('',*,*,#1670,.F.);
#2183=ORIENTED_EDGE('',*,*,#1671,.F.);
#2184=ORIENTED_EDGE('',*,*,#1672,.F.);
#2185=ORIENTED_EDGE('',*,*,#1673,.F.);
#2186=ORIENTED_EDGE('',*,*,#1674,.F.);
#2187=ORIENTED_EDGE('',*,*,#1675,.F.);
#2188=ORIENTED_EDGE('',*,*,#1676,.F.);
#2189=ORIENTED_EDGE('',*,*,#1677,.F.);
#2190=ORIENTED_EDGE('',*,*,#1678,.F.);
#2191=ORIENTED_EDGE('',*,*,#1679,.F.);
#2192=ORIENTED_EDGE('',*,*,#1680,.F.);
#2193=ORIENTED_EDGE('',*,*,#1681,.F.);
#2194=ORIENTED_EDGE('',*,*,#1681,.T.);
#2195=ORIENTED_EDGE('',*,*,#1682,.F.);
#2196=ORIENTED_EDGE('',*,*,#1683,.F.);
#2197=ORIENTED_EDGE('',*,*,#1684,.F.);
#2198=ORIENTED_EDGE('',*,*,#1685,.F.);
#2199=ORIENTED_EDGE('',*,*,#1686,.F.);
#2200=ORIENTED_EDGE('',*,*,#1687,.F.);
#2201=ORIENTED_EDGE('',*,*,#1688,.F.);
#2202=ORIENTED_EDGE('',*,*,#1689,.F.);
#2203=ORIENTED_EDGE('',*,*,#1689,.T.);
#2204=ORIENTED_EDGE('',*,*,#1690,.F.);
#2205=ORIENTED_EDGE('',*,*,#1691,.F.);
#2206=ORIENTED_EDGE('',*,*,#1692,.F.);
#2207=ORIENTED_EDGE('',*,*,#1693,.F.);
#2208=ORIENTED_EDGE('',*,*,#1694,.F.);
#2209=ORIENTED_EDGE('',*,*,#1695,.F.);
#2210=ORIENTED_EDGE('',*,*,#1696,.F.);
#2211=ORIENTED_EDGE('',*,*,#1697,.F.);
#2212=ORIENTED_EDGE('',*,*,#1697,.T.);
#2213=ORIENTED_EDGE('',*,*,#1569,.F.);
#2214=ORIENTED_EDGE('',*,*,#1698,.F.);
#2215=ORIENTED_EDGE('',*,*,#1699,.F.);
#2216=ORIENTED_EDGE('',*,*,#1596,.T.);
#2217=ORIENTED_EDGE('',*,*,#1700,.F.);
#2218=ORIENTED_EDGE('',*,*,#1701,.F.);
#2219=ORIENTED_EDGE('',*,*,#1575,.F.);
#2220=ORIENTED_EDGE('',*,*,#1702,.F.);
#2221=ORIENTED_EDGE('',*,*,#1703,.F.);
#2222=ORIENTED_EDGE('',*,*,#1704,.F.);
#2223=ORIENTED_EDGE('',*,*,#1705,.F.);
#2224=ORIENTED_EDGE('',*,*,#1667,.T.);
#2225=ORIENTED_EDGE('',*,*,#1706,.F.);
#2226=ORIENTED_EDGE('',*,*,#1673,.T.);
#2227=ORIENTED_EDGE('',*,*,#1707,.F.);
#2228=ORIENTED_EDGE('',*,*,#1708,.F.);
#2229=ORIENTED_EDGE('',*,*,#1709,.F.);
#2230=ORIENTED_EDGE('',*,*,#1710,.F.);
#2231=ORIENTED_EDGE('',*,*,#1711,.F.);
#2232=ORIENTED_EDGE('',*,*,#1712,.F.);
#2233=ORIENTED_EDGE('',*,*,#1713,.F.);
#2234=ORIENTED_EDGE('',*,*,#1714,.F.);
#2235=ORIENTED_EDGE('',*,*,#1715,.F.);
#2236=ORIENTED_EDGE('',*,*,#1716,.F.);
#2237=ORIENTED_EDGE('',*,*,#1717,.F.);
#2238=ORIENTED_EDGE('',*,*,#1718,.F.);
#2239=ORIENTED_EDGE('',*,*,#1719,.F.);
#2240=ORIENTED_EDGE('',*,*,#1720,.F.);
#2241=ORIENTED_EDGE('',*,*,#1592,.T.);
#2242=ORIENTED_EDGE('',*,*,#1721,.F.);
#2243=ORIENTED_EDGE('',*,*,#1722,.F.);
#2244=ORIENTED_EDGE('',*,*,#1723,.F.);
#2245=ORIENTED_EDGE('',*,*,#1724,.F.);
#2246=ORIENTED_EDGE('',*,*,#1725,.F.);
#2247=ORIENTED_EDGE('',*,*,#1726,.F.);
#2248=ORIENTED_EDGE('',*,*,#1589,.T.);
#2249=ORIENTED_EDGE('',*,*,#1727,.F.);
#2250=ORIENTED_EDGE('',*,*,#1728,.F.);
#2251=ORIENTED_EDGE('',*,*,#1729,.F.);
#2252=ORIENTED_EDGE('',*,*,#1730,.F.);
#2253=ORIENTED_EDGE('',*,*,#1731,.F.);
#2254=ORIENTED_EDGE('',*,*,#1732,.F.);
#2255=ORIENTED_EDGE('',*,*,#1733,.F.);
#2256=ORIENTED_EDGE('',*,*,#1734,.F.);
#2257=ORIENTED_EDGE('',*,*,#1735,.F.);
#2258=ORIENTED_EDGE('',*,*,#1736,.F.);
#2259=ORIENTED_EDGE('',*,*,#1737,.F.);
#2260=ORIENTED_EDGE('',*,*,#1738,.F.);
#2261=ORIENTED_EDGE('',*,*,#1739,.F.);
#2262=ORIENTED_EDGE('',*,*,#1740,.F.);
#2263=ORIENTED_EDGE('',*,*,#1741,.F.);
#2264=ORIENTED_EDGE('',*,*,#1742,.F.);
#2265=ORIENTED_EDGE('',*,*,#1743,.F.);
#2266=ORIENTED_EDGE('',*,*,#1744,.F.);
#2267=ORIENTED_EDGE('',*,*,#1608,.T.);
#2268=ORIENTED_EDGE('',*,*,#1745,.F.);
#2269=ORIENTED_EDGE('',*,*,#1746,.F.);
#2270=ORIENTED_EDGE('',*,*,#1747,.F.);
#2271=ORIENTED_EDGE('',*,*,#1748,.F.);
#2272=ORIENTED_EDGE('',*,*,#1632,.T.);
#2273=ORIENTED_EDGE('',*,*,#1637,.T.);
#2274=ORIENTED_EDGE('',*,*,#1636,.T.);
#2275=ORIENTED_EDGE('',*,*,#1641,.T.);
#2276=ORIENTED_EDGE('',*,*,#1640,.T.);
#2277=ORIENTED_EDGE('',*,*,#1639,.T.);
#2278=ORIENTED_EDGE('',*,*,#1749,.F.);
#2279=ORIENTED_EDGE('',*,*,#1750,.F.);
#2280=ORIENTED_EDGE('',*,*,#1751,.F.);
#2281=ORIENTED_EDGE('',*,*,#1752,.F.);
#2282=ORIENTED_EDGE('',*,*,#1624,.T.);
#2283=ORIENTED_EDGE('',*,*,#1753,.F.);
#2284=ORIENTED_EDGE('',*,*,#1528,.F.);
#2285=ORIENTED_EDGE('',*,*,#1754,.F.);
#2286=ORIENTED_EDGE('',*,*,#1638,.T.);
#2287=ORIENTED_EDGE('',*,*,#1580,.F.);
#2288=ORIENTED_EDGE('',*,*,#1633,.T.);
#2289=ORIENTED_EDGE('',*,*,#1755,.F.);
#2290=ORIENTED_EDGE('',*,*,#1614,.T.);
#2291=ORIENTED_EDGE('',*,*,#1756,.F.);
#2292=ORIENTED_EDGE('',*,*,#1616,.T.);
#2293=ORIENTED_EDGE('',*,*,#1757,.F.);
#2294=ORIENTED_EDGE('',*,*,#1612,.T.);
#2295=ORIENTED_EDGE('',*,*,#1758,.F.);
#2296=ORIENTED_EDGE('',*,*,#1620,.T.);
#2297=ORIENTED_EDGE('',*,*,#1759,.F.);
#2298=ORIENTED_EDGE('',*,*,#1760,.T.);
#2299=ORIENTED_EDGE('',*,*,#1761,.F.);
#2300=ORIENTED_EDGE('',*,*,#1760,.F.);
#2301=ORIENTED_EDGE('',*,*,#1622,.T.);
#2302=ORIENTED_EDGE('',*,*,#1762,.F.);
#2303=ORIENTED_EDGE('',*,*,#1763,.F.);
#2304=ORIENTED_EDGE('',*,*,#1764,.F.);
#2305=ORIENTED_EDGE('',*,*,#1618,.T.);
#2306=ORIENTED_EDGE('',*,*,#1765,.F.);
#2307=ORIENTED_EDGE('',*,*,#1766,.F.);
#2308=ORIENTED_EDGE('',*,*,#1767,.F.);
#2309=ORIENTED_EDGE('',*,*,#1649,.T.);
#2310=ORIENTED_EDGE('',*,*,#1630,.T.);
#2311=ORIENTED_EDGE('',*,*,#1644,.T.);
#2312=ORIENTED_EDGE('',*,*,#1768,.F.);
#2313=ORIENTED_EDGE('',*,*,#1769,.F.);
#2314=ORIENTED_EDGE('',*,*,#1645,.T.);
#2315=ORIENTED_EDGE('',*,*,#1629,.T.);
#2316=ORIENTED_EDGE('',*,*,#1770,.F.);
#2317=ORIENTED_EDGE('',*,*,#1771,.F.);
#2318=ORIENTED_EDGE('',*,*,#1772,.F.);
#2319=ORIENTED_EDGE('',*,*,#1773,.F.);
#2320=ORIENTED_EDGE('',*,*,#1671,.T.);
#2321=ORIENTED_EDGE('',*,*,#1669,.T.);
#2322=ORIENTED_EDGE('',*,*,#1774,.F.);
#2323=ORIENTED_EDGE('',*,*,#1775,.F.);
#2324=ORIENTED_EDGE('',*,*,#1776,.F.);
#2325=ORIENTED_EDGE('',*,*,#1777,.F.);
#2326=ORIENTED_EDGE('',*,*,#1631,.T.);
#2327=ORIENTED_EDGE('',*,*,#1648,.T.);
#2328=ORIENTED_EDGE('',*,*,#1778,.F.);
#2329=ORIENTED_EDGE('',*,*,#1779,.F.);
#2330=ORIENTED_EDGE('',*,*,#1780,.F.);
#2331=ORIENTED_EDGE('',*,*,#1666,.T.);
#2332=ORIENTED_EDGE('',*,*,#1781,.F.);
#2333=ORIENTED_EDGE('',*,*,#1782,.F.);
#2334=ORIENTED_EDGE('',*,*,#1672,.T.);
#2335=ORIENTED_EDGE('',*,*,#1783,.F.);
#2336=ORIENTED_EDGE('',*,*,#1668,.T.);
#2337=ORIENTED_EDGE('',*,*,#1784,.F.);
#2338=ORIENTED_EDGE('',*,*,#1785,.F.);
#2339=ORIENTED_EDGE('',*,*,#1670,.T.);
#2340=ORIENTED_EDGE('',*,*,#1786,.F.);
#2341=ORIENTED_EDGE('',*,*,#1787,.F.);
#2342=ORIENTED_EDGE('',*,*,#1788,.T.);
#2343=ORIENTED_EDGE('',*,*,#1789,.F.);
#2344=ORIENTED_EDGE('',*,*,#1788,.F.);
#2345=ORIENTED_EDGE('',*,*,#1790,.F.);
#2346=ORIENTED_EDGE('',*,*,#1791,.T.);
#2347=ORIENTED_EDGE('',*,*,#1792,.F.);
#2348=ORIENTED_EDGE('',*,*,#1791,.F.);
#2349=ORIENTED_EDGE('',*,*,#1793,.F.);
#2350=ORIENTED_EDGE('',*,*,#1679,.T.);
#2351=ORIENTED_EDGE('',*,*,#1794,.F.);
#2352=ORIENTED_EDGE('',*,*,#1795,.F.);
#2353=ORIENTED_EDGE('',*,*,#1796,.F.);
#2354=ORIENTED_EDGE('',*,*,#1676,.T.);
#2355=ORIENTED_EDGE('',*,*,#1797,.F.);
#2356=ORIENTED_EDGE('',*,*,#1678,.T.);
#2357=ORIENTED_EDGE('',*,*,#1675,.T.);
#2358=ORIENTED_EDGE('',*,*,#1798,.F.);
#2359=ORIENTED_EDGE('',*,*,#1799,.F.);
#2360=ORIENTED_EDGE('',*,*,#1800,.F.);
#2361=ORIENTED_EDGE('',*,*,#1801,.F.);
#2362=ORIENTED_EDGE('',*,*,#1802,.F.);
#2363=ORIENTED_EDGE('',*,*,#1674,.T.);
#2364=ORIENTED_EDGE('',*,*,#1803,.F.);
#2365=ORIENTED_EDGE('',*,*,#1804,.F.);
#2366=ORIENTED_EDGE('',*,*,#1805,.F.);
#2367=ORIENTED_EDGE('',*,*,#1677,.T.);
#2368=ORIENTED_EDGE('',*,*,#1680,.T.);
#2369=ORIENTED_EDGE('',*,*,#1806,.F.);
#2370=ORIENTED_EDGE('',*,*,#1807,.F.);
#2371=ORIENTED_EDGE('',*,*,#1687,.T.);
#2372=ORIENTED_EDGE('',*,*,#1808,.F.);
#2373=ORIENTED_EDGE('',*,*,#1809,.F.);
#2374=ORIENTED_EDGE('',*,*,#1810,.F.);
#2375=ORIENTED_EDGE('',*,*,#1811,.F.);
#2376=ORIENTED_EDGE('',*,*,#1682,.T.);
#2377=ORIENTED_EDGE('',*,*,#1812,.F.);
#2378=ORIENTED_EDGE('',*,*,#1813,.F.);
#2379=ORIENTED_EDGE('',*,*,#1684,.T.);
#2380=ORIENTED_EDGE('',*,*,#1814,.F.);
#2381=ORIENTED_EDGE('',*,*,#1686,.T.);
#2382=ORIENTED_EDGE('',*,*,#1683,.T.);
#2383=ORIENTED_EDGE('',*,*,#1815,.F.);
#2384=ORIENTED_EDGE('',*,*,#1816,.F.);
#2385=ORIENTED_EDGE('',*,*,#1817,.F.);
#2386=ORIENTED_EDGE('',*,*,#1818,.F.);
#2387=ORIENTED_EDGE('',*,*,#1819,.F.);
#2388=ORIENTED_EDGE('',*,*,#1685,.T.);
#2389=ORIENTED_EDGE('',*,*,#1688,.T.);
#2390=ORIENTED_EDGE('',*,*,#1820,.F.);
#2391=ORIENTED_EDGE('',*,*,#1695,.T.);
#2392=ORIENTED_EDGE('',*,*,#1821,.F.);
#2393=ORIENTED_EDGE('',*,*,#1519,.F.);
#2394=ORIENTED_EDGE('',*,*,#1822,.F.);
#2395=ORIENTED_EDGE('',*,*,#1823,.F.);
#2396=ORIENTED_EDGE('',*,*,#1690,.T.);
#2397=ORIENTED_EDGE('',*,*,#1824,.F.);
#2398=ORIENTED_EDGE('',*,*,#1694,.T.);
#2399=ORIENTED_EDGE('',*,*,#1692,.T.);
#2400=ORIENTED_EDGE('',*,*,#1825,.F.);
#2401=ORIENTED_EDGE('',*,*,#1521,.F.);
#2402=ORIENTED_EDGE('',*,*,#1826,.F.);
#2403=ORIENTED_EDGE('',*,*,#1827,.F.);
#2404=ORIENTED_EDGE('',*,*,#1828,.F.);
#2405=ORIENTED_EDGE('',*,*,#1829,.F.);
#2406=ORIENTED_EDGE('',*,*,#1691,.T.);
#2407=ORIENTED_EDGE('',*,*,#1830,.F.);
#2408=ORIENTED_EDGE('',*,*,#1831,.F.);
#2409=ORIENTED_EDGE('',*,*,#1693,.T.);
#2410=ORIENTED_EDGE('',*,*,#1696,.T.);
#2411=ORIENTED_EDGE('',*,*,#1832,.F.);
#2412=ORIENTED_EDGE('',*,*,#1604,.T.);
#2413=ORIENTED_EDGE('',*,*,#1833,.F.);
#2414=ORIENTED_EDGE('',*,*,#1809,.T.);
#2415=ORIENTED_EDGE('',*,*,#1834,.F.);
#2416=ORIENTED_EDGE('',*,*,#1816,.T.);
#2417=ORIENTED_EDGE('',*,*,#1835,.F.);
#2418=ORIENTED_EDGE('',*,*,#1836,.F.);
#2419=ORIENTED_EDGE('',*,*,#1837,.F.);
#2420=ORIENTED_EDGE('',*,*,#1795,.T.);
#2421=ORIENTED_EDGE('',*,*,#1838,.F.);
#2422=ORIENTED_EDGE('',*,*,#1799,.T.);
#2423=ORIENTED_EDGE('',*,*,#1839,.F.);
#2424=ORIENTED_EDGE('',*,*,#1597,.T.);
#2425=ORIENTED_EDGE('',*,*,#1699,.T.);
#2426=ORIENTED_EDGE('',*,*,#1840,.F.);
#2427=ORIENTED_EDGE('',*,*,#1700,.T.);
#2428=ORIENTED_EDGE('',*,*,#1841,.F.);
#2429=ORIENTED_EDGE('',*,*,#1842,.F.);
#2430=ORIENTED_EDGE('',*,*,#1828,.T.);
#2431=ORIENTED_EDGE('',*,*,#1843,.F.);
#2432=ORIENTED_EDGE('',*,*,#1830,.T.);
#2433=ORIENTED_EDGE('',*,*,#1844,.F.);
#2434=ORIENTED_EDGE('',*,*,#1599,.T.);
#2435=ORIENTED_EDGE('',*,*,#1845,.F.);
#2436=ORIENTED_EDGE('',*,*,#1846,.F.);
#2437=ORIENTED_EDGE('',*,*,#1737,.T.);
#2438=ORIENTED_EDGE('',*,*,#1847,.F.);
#2439=ORIENTED_EDGE('',*,*,#1741,.T.);
#2440=ORIENTED_EDGE('',*,*,#1848,.F.);
#2441=ORIENTED_EDGE('',*,*,#1728,.T.);
#2442=ORIENTED_EDGE('',*,*,#1849,.F.);
#2443=ORIENTED_EDGE('',*,*,#1732,.T.);
#2444=ORIENTED_EDGE('',*,*,#1698,.T.);
#2445=ORIENTED_EDGE('',*,*,#1573,.F.);
#2446=ORIENTED_EDGE('',*,*,#1701,.T.);
#2447=ORIENTED_EDGE('',*,*,#1840,.T.);
#2448=ORIENTED_EDGE('',*,*,#1850,.F.);
#2449=ORIENTED_EDGE('',*,*,#1841,.T.);
#2450=ORIENTED_EDGE('',*,*,#1702,.T.);
#2451=ORIENTED_EDGE('',*,*,#1523,.F.);
#2452=ORIENTED_EDGE('',*,*,#1605,.T.);
#2453=ORIENTED_EDGE('',*,*,#1845,.T.);
#2454=ORIENTED_EDGE('',*,*,#1601,.T.);
#2455=ORIENTED_EDGE('',*,*,#1531,.F.);
#2456=ORIENTED_EDGE('',*,*,#1851,.F.);
#2457=ORIENTED_EDGE('',*,*,#1852,.F.);
#2458=ORIENTED_EDGE('',*,*,#1853,.F.);
#2459=ORIENTED_EDGE('',*,*,#1854,.F.);
#2460=ORIENTED_EDGE('',*,*,#1836,.T.);
#2461=ORIENTED_EDGE('',*,*,#1855,.F.);
#2462=ORIENTED_EDGE('',*,*,#1729,.T.);
#2463=ORIENTED_EDGE('',*,*,#1848,.T.);
#2464=ORIENTED_EDGE('',*,*,#1740,.T.);
#2465=ORIENTED_EDGE('',*,*,#1856,.F.);
#2466=ORIENTED_EDGE('',*,*,#1733,.T.);
#2467=ORIENTED_EDGE('',*,*,#1849,.T.);
#2468=ORIENTED_EDGE('',*,*,#1727,.T.);
#2469=ORIENTED_EDGE('',*,*,#1857,.F.);
#2470=ORIENTED_EDGE('',*,*,#1858,.F.);
#2471=ORIENTED_EDGE('',*,*,#1738,.T.);
#2472=ORIENTED_EDGE('',*,*,#1846,.T.);
#2473=ORIENTED_EDGE('',*,*,#1731,.T.);
#2474=ORIENTED_EDGE('',*,*,#1859,.F.);
#2475=ORIENTED_EDGE('',*,*,#1742,.T.);
#2476=ORIENTED_EDGE('',*,*,#1847,.T.);
#2477=ORIENTED_EDGE('',*,*,#1736,.T.);
#2478=ORIENTED_EDGE('',*,*,#1860,.F.);
#2479=ORIENTED_EDGE('',*,*,#1861,.F.);
#2480=ORIENTED_EDGE('',*,*,#1851,.T.);
#2481=ORIENTED_EDGE('',*,*,#1862,.F.);
#2482=ORIENTED_EDGE('',*,*,#1863,.F.);
#2483=ORIENTED_EDGE('',*,*,#1864,.F.);
#2484=ORIENTED_EDGE('',*,*,#1865,.F.);
#2485=ORIENTED_EDGE('',*,*,#1714,.T.);
#2486=ORIENTED_EDGE('',*,*,#1866,.F.);
#2487=ORIENTED_EDGE('',*,*,#1867,.F.);
#2488=ORIENTED_EDGE('',*,*,#1868,.F.);
#2489=ORIENTED_EDGE('',*,*,#1861,.T.);
#2490=ORIENTED_EDGE('',*,*,#1869,.F.);
#2491=ORIENTED_EDGE('',*,*,#1609,.T.);
#2492=ORIENTED_EDGE('',*,*,#1744,.T.);
#2493=ORIENTED_EDGE('',*,*,#1870,.F.);
#2494=ORIENTED_EDGE('',*,*,#1867,.T.);
#2495=ORIENTED_EDGE('',*,*,#1551,.F.);
#2496=ORIENTED_EDGE('',*,*,#1615,.T.);
#2497=ORIENTED_EDGE('',*,*,#1755,.T.);
#2498=ORIENTED_EDGE('',*,*,#1619,.T.);
#2499=ORIENTED_EDGE('',*,*,#1767,.T.);
#2500=ORIENTED_EDGE('',*,*,#1871,.F.);
#2501=ORIENTED_EDGE('',*,*,#1563,.F.);
#2502=ORIENTED_EDGE('',*,*,#1872,.F.);
#2503=ORIENTED_EDGE('',*,*,#1762,.T.);
#2504=ORIENTED_EDGE('',*,*,#1621,.T.);
#2505=ORIENTED_EDGE('',*,*,#1758,.T.);
#2506=ORIENTED_EDGE('',*,*,#1611,.T.);
#2507=ORIENTED_EDGE('',*,*,#1529,.F.);
#2508=ORIENTED_EDGE('',*,*,#1753,.T.);
#2509=ORIENTED_EDGE('',*,*,#1627,.T.);
#2510=ORIENTED_EDGE('',*,*,#1873,.F.);
#2511=ORIENTED_EDGE('',*,*,#1874,.F.);
#2512=ORIENTED_EDGE('',*,*,#1530,.F.);
#2513=ORIENTED_EDGE('',*,*,#1874,.T.);
#2514=ORIENTED_EDGE('',*,*,#1875,.F.);
#2515=ORIENTED_EDGE('',*,*,#1720,.T.);
#2516=ORIENTED_EDGE('',*,*,#1876,.F.);
#2517=ORIENTED_EDGE('',*,*,#1862,.T.);
#2518=ORIENTED_EDGE('',*,*,#1866,.T.);
#2519=ORIENTED_EDGE('',*,*,#1713,.T.);
#2520=ORIENTED_EDGE('',*,*,#1877,.F.);
#2521=ORIENTED_EDGE('',*,*,#1606,.T.);
#2522=ORIENTED_EDGE('',*,*,#1869,.T.);
#2523=ORIENTED_EDGE('',*,*,#1712,.T.);
#2524=ORIENTED_EDGE('',*,*,#1878,.F.);
#2525=ORIENTED_EDGE('',*,*,#1745,.T.);
#2526=ORIENTED_EDGE('',*,*,#1607,.T.);
#2527=ORIENTED_EDGE('',*,*,#1877,.T.);
#2528=ORIENTED_EDGE('',*,*,#1711,.T.);
#2529=ORIENTED_EDGE('',*,*,#1879,.F.);
#2530=ORIENTED_EDGE('',*,*,#1746,.T.);
#2531=ORIENTED_EDGE('',*,*,#1878,.T.);
#2532=ORIENTED_EDGE('',*,*,#1880,.F.);
#2533=ORIENTED_EDGE('',*,*,#1593,.T.);
#2534=ORIENTED_EDGE('',*,*,#1723,.T.);
#2535=ORIENTED_EDGE('',*,*,#1881,.F.);
#2536=ORIENTED_EDGE('',*,*,#1724,.T.);
#2537=ORIENTED_EDGE('',*,*,#1588,.T.);
#2538=ORIENTED_EDGE('',*,*,#1882,.F.);
#2539=ORIENTED_EDGE('',*,*,#1718,.T.);
#2540=ORIENTED_EDGE('',*,*,#1883,.F.);
#2541=ORIENTED_EDGE('',*,*,#1750,.T.);
#2542=ORIENTED_EDGE('',*,*,#1884,.F.);
#2543=ORIENTED_EDGE('',*,*,#1747,.T.);
#2544=ORIENTED_EDGE('',*,*,#1879,.T.);
#2545=ORIENTED_EDGE('',*,*,#1710,.T.);
#2546=ORIENTED_EDGE('',*,*,#1748,.T.);
#2547=ORIENTED_EDGE('',*,*,#1884,.T.);
#2548=ORIENTED_EDGE('',*,*,#1749,.T.);
#2549=ORIENTED_EDGE('',*,*,#1754,.T.);
#2550=ORIENTED_EDGE('',*,*,#1885,.F.);
#2551=ORIENTED_EDGE('',*,*,#1751,.T.);
#2552=ORIENTED_EDGE('',*,*,#1883,.T.);
#2553=ORIENTED_EDGE('',*,*,#1717,.T.);
#2554=ORIENTED_EDGE('',*,*,#1886,.F.);
#2555=ORIENTED_EDGE('',*,*,#1625,.T.);
#2556=ORIENTED_EDGE('',*,*,#1752,.T.);
#2557=ORIENTED_EDGE('',*,*,#1885,.T.);
#2558=ORIENTED_EDGE('',*,*,#1716,.T.);
#2559=ORIENTED_EDGE('',*,*,#1873,.T.);
#2560=ORIENTED_EDGE('',*,*,#1626,.T.);
#2561=ORIENTED_EDGE('',*,*,#1886,.T.);
#2562=ORIENTED_EDGE('',*,*,#1715,.T.);
#2563=ORIENTED_EDGE('',*,*,#1875,.T.);
#2564=ORIENTED_EDGE('',*,*,#1652,.T.);
#2565=ORIENTED_EDGE('',*,*,#1657,.T.);
#2566=ORIENTED_EDGE('',*,*,#1656,.T.);
#2567=ORIENTED_EDGE('',*,*,#1655,.T.);
#2568=ORIENTED_EDGE('',*,*,#1653,.T.);
#2569=ORIENTED_EDGE('',*,*,#1658,.T.);
#2570=ORIENTED_EDGE('',*,*,#1663,.T.);
#2571=ORIENTED_EDGE('',*,*,#1662,.T.);
#2572=ORIENTED_EDGE('',*,*,#1661,.T.);
#2573=ORIENTED_EDGE('',*,*,#1659,.T.);
#2574=ORIENTED_EDGE('',*,*,#1665,.T.);
#2575=ORIENTED_EDGE('',*,*,#1887,.F.);
#2576=ORIENTED_EDGE('',*,*,#1725,.T.);
#2577=ORIENTED_EDGE('',*,*,#1881,.T.);
#2578=ORIENTED_EDGE('',*,*,#1722,.T.);
#2579=ORIENTED_EDGE('',*,*,#1824,.T.);
#2580=ORIENTED_EDGE('',*,*,#1826,.T.);
#2581=ORIENTED_EDGE('',*,*,#1520,.F.);
#2582=ORIENTED_EDGE('',*,*,#1821,.T.);
#2583=ORIENTED_EDGE('',*,*,#1792,.T.);
#2584=ORIENTED_EDGE('',*,*,#1759,.T.);
#2585=ORIENTED_EDGE('',*,*,#1561,.T.);
#2586=ORIENTED_EDGE('',*,*,#1552,.F.);
#2587=ORIENTED_EDGE('',*,*,#1871,.T.);
#2588=ORIENTED_EDGE('',*,*,#1766,.T.);
#2589=ORIENTED_EDGE('',*,*,#1888,.F.);
#2590=ORIENTED_EDGE('',*,*,#1889,.F.);
#2591=ORIENTED_EDGE('',*,*,#1890,.F.);
#2592=ORIENTED_EDGE('',*,*,#1763,.T.);
#2593=ORIENTED_EDGE('',*,*,#1872,.T.);
#2594=ORIENTED_EDGE('',*,*,#1567,.F.);
#2595=ORIENTED_EDGE('',*,*,#1556,.F.);
#2596=ORIENTED_EDGE('',*,*,#1559,.F.);
#2597=ORIENTED_EDGE('',*,*,#1891,.F.);
#2598=ORIENTED_EDGE('',*,*,#1775,.T.);
#2599=ORIENTED_EDGE('',*,*,#1892,.F.);
#2600=ORIENTED_EDGE('',*,*,#1772,.T.);
#2601=ORIENTED_EDGE('',*,*,#1893,.F.);
#2602=ORIENTED_EDGE('',*,*,#1894,.F.);
#2603=ORIENTED_EDGE('',*,*,#1895,.F.);
#2604=ORIENTED_EDGE('',*,*,#1896,.F.);
#2605=ORIENTED_EDGE('',*,*,#1770,.T.);
#2606=ORIENTED_EDGE('',*,*,#1628,.T.);
#2607=ORIENTED_EDGE('',*,*,#1777,.T.);
#2608=ORIENTED_EDGE('',*,*,#1897,.F.);
#2609=ORIENTED_EDGE('',*,*,#1898,.F.);
#2610=ORIENTED_EDGE('',*,*,#1585,.T.);
#2611=ORIENTED_EDGE('',*,*,#1899,.F.);
#2612=ORIENTED_EDGE('',*,*,#1895,.T.);
#2613=ORIENTED_EDGE('',*,*,#1651,.T.);
#2614=ORIENTED_EDGE('',*,*,#1650,.T.);
#2615=ORIENTED_EDGE('',*,*,#1768,.T.);
#2616=ORIENTED_EDGE('',*,*,#1643,.T.);
#2617=ORIENTED_EDGE('',*,*,#1642,.T.);
#2618=ORIENTED_EDGE('',*,*,#1726,.T.);
#2619=ORIENTED_EDGE('',*,*,#1887,.T.);
#2620=ORIENTED_EDGE('',*,*,#1721,.T.);
#2621=ORIENTED_EDGE('',*,*,#1756,.T.);
#2622=ORIENTED_EDGE('',*,*,#1613,.T.);
#2623=ORIENTED_EDGE('',*,*,#1586,.T.);
#2624=ORIENTED_EDGE('',*,*,#1898,.T.);
#2625=ORIENTED_EDGE('',*,*,#1897,.T.);
#2626=ORIENTED_EDGE('',*,*,#1776,.T.);
#2627=ORIENTED_EDGE('',*,*,#1891,.T.);
#2628=ORIENTED_EDGE('',*,*,#1900,.F.);
#2629=ORIENTED_EDGE('',*,*,#1888,.T.);
#2630=ORIENTED_EDGE('',*,*,#1765,.T.);
#2631=ORIENTED_EDGE('',*,*,#1617,.T.);
#2632=ORIENTED_EDGE('',*,*,#1623,.T.);
#2633=ORIENTED_EDGE('',*,*,#1764,.T.);
#2634=ORIENTED_EDGE('',*,*,#1890,.T.);
#2635=ORIENTED_EDGE('',*,*,#1901,.F.);
#2636=ORIENTED_EDGE('',*,*,#1893,.T.);
#2637=ORIENTED_EDGE('',*,*,#1771,.T.);
#2638=ORIENTED_EDGE('',*,*,#1896,.T.);
#2639=ORIENTED_EDGE('',*,*,#1899,.T.);
#2640=ORIENTED_EDGE('',*,*,#1584,.T.);
#2641=ORIENTED_EDGE('',*,*,#1610,.T.);
#2642=ORIENTED_EDGE('',*,*,#1757,.T.);
#2643=ORIENTED_EDGE('',*,*,#1900,.T.);
#2644=ORIENTED_EDGE('',*,*,#1894,.T.);
#2645=ORIENTED_EDGE('',*,*,#1901,.T.);
#2646=ORIENTED_EDGE('',*,*,#1889,.T.);
#2647=ORIENTED_EDGE('',*,*,#1902,.F.);
#2648=ORIENTED_EDGE('',*,*,#1903,.F.);
#2649=ORIENTED_EDGE('',*,*,#1708,.T.);
#2650=ORIENTED_EDGE('',*,*,#1904,.F.);
#2651=ORIENTED_EDGE('',*,*,#1704,.T.);
#2652=ORIENTED_EDGE('',*,*,#1905,.F.);
#2653=ORIENTED_EDGE('',*,*,#1734,.T.);
#2654=ORIENTED_EDGE('',*,*,#1857,.T.);
#2655=ORIENTED_EDGE('',*,*,#1730,.T.);
#2656=ORIENTED_EDGE('',*,*,#1856,.T.);
#2657=ORIENTED_EDGE('',*,*,#1739,.T.);
#2658=ORIENTED_EDGE('',*,*,#1859,.T.);
#2659=ORIENTED_EDGE('',*,*,#1735,.T.);
#2660=ORIENTED_EDGE('',*,*,#1858,.T.);
#2661=ORIENTED_EDGE('',*,*,#1906,.F.);
#2662=ORIENTED_EDGE('',*,*,#1864,.T.);
#2663=ORIENTED_EDGE('',*,*,#1907,.F.);
#2664=ORIENTED_EDGE('',*,*,#1784,.T.);
#2665=ORIENTED_EDGE('',*,*,#1908,.F.);
#2666=ORIENTED_EDGE('',*,*,#1902,.T.);
#2667=ORIENTED_EDGE('',*,*,#1909,.F.);
#2668=ORIENTED_EDGE('',*,*,#1779,.T.);
#2669=ORIENTED_EDGE('',*,*,#1781,.T.);
#2670=ORIENTED_EDGE('',*,*,#1778,.T.);
#2671=ORIENTED_EDGE('',*,*,#1647,.T.);
#2672=ORIENTED_EDGE('',*,*,#1594,.T.);
#2673=ORIENTED_EDGE('',*,*,#1880,.T.);
#2674=ORIENTED_EDGE('',*,*,#1709,.T.);
#2675=ORIENTED_EDGE('',*,*,#1865,.T.);
#2676=ORIENTED_EDGE('',*,*,#1860,.T.);
#2677=ORIENTED_EDGE('',*,*,#1906,.T.);
#2678=ORIENTED_EDGE('',*,*,#1909,.T.);
#2679=ORIENTED_EDGE('',*,*,#1905,.T.);
#2680=ORIENTED_EDGE('',*,*,#1703,.T.);
#2681=ORIENTED_EDGE('',*,*,#1780,.T.);
#2682=ORIENTED_EDGE('',*,*,#1904,.T.);
#2683=ORIENTED_EDGE('',*,*,#1707,.T.);
#2684=ORIENTED_EDGE('',*,*,#1782,.T.);
#2685=ORIENTED_EDGE('',*,*,#1705,.T.);
#2686=ORIENTED_EDGE('',*,*,#1908,.T.);
#2687=ORIENTED_EDGE('',*,*,#1786,.T.);
#2688=ORIENTED_EDGE('',*,*,#1706,.T.);
#2689=ORIENTED_EDGE('',*,*,#1903,.T.);
#2690=ORIENTED_EDGE('',*,*,#1907,.T.);
#2691=ORIENTED_EDGE('',*,*,#1863,.T.);
#2692=ORIENTED_EDGE('',*,*,#1876,.T.);
#2693=ORIENTED_EDGE('',*,*,#1719,.T.);
#2694=ORIENTED_EDGE('',*,*,#1882,.T.);
#2695=ORIENTED_EDGE('',*,*,#1587,.T.);
#2696=ORIENTED_EDGE('',*,*,#1646,.T.);
#2697=ORIENTED_EDGE('',*,*,#1769,.T.);
#2698=ORIENTED_EDGE('',*,*,#1785,.T.);
#2699=ORIENTED_EDGE('',*,*,#1512,.F.);
#2700=ORIENTED_EDGE('',*,*,#1516,.T.);
#2701=ORIENTED_EDGE('',*,*,#1541,.F.);
#2702=ORIENTED_EDGE('',*,*,#1546,.T.);
#2703=ORIENTED_EDGE('',*,*,#1545,.T.);
#2704=ORIENTED_EDGE('',*,*,#1547,.T.);
#2705=ORIENTED_EDGE('',*,*,#1783,.T.);
#2706=ORIENTED_EDGE('',*,*,#1773,.T.);
#2707=ORIENTED_EDGE('',*,*,#1892,.T.);
#2708=ORIENTED_EDGE('',*,*,#1774,.T.);
#2709=ORIENTED_EDGE('',*,*,#1829,.T.);
#2710=ORIENTED_EDGE('',*,*,#1842,.T.);
#2711=ORIENTED_EDGE('',*,*,#1850,.T.);
#2712=ORIENTED_EDGE('',*,*,#1522,.F.);
#2713=ORIENTED_EDGE('',*,*,#1825,.T.);
#2714=ORIENTED_EDGE('',*,*,#1808,.T.);
#2715=ORIENTED_EDGE('',*,*,#1814,.T.);
#2716=ORIENTED_EDGE('',*,*,#1817,.T.);
#2717=ORIENTED_EDGE('',*,*,#1834,.T.);
#2718=ORIENTED_EDGE('',*,*,#1852,.T.);
#2719=ORIENTED_EDGE('',*,*,#1868,.T.);
#2720=ORIENTED_EDGE('',*,*,#1870,.T.);
#2721=ORIENTED_EDGE('',*,*,#1743,.T.);
#2722=ORIENTED_EDGE('',*,*,#1635,.T.);
#2723=ORIENTED_EDGE('',*,*,#1634,.T.);
#2724=ORIENTED_EDGE('',*,*,#1577,.T.);
#2725=ORIENTED_EDGE('',*,*,#1570,.T.);
#2726=ORIENTED_EDGE('',*,*,#1595,.T.);
#2727=ORIENTED_EDGE('',*,*,#1910,.F.);
#2728=ORIENTED_EDGE('',*,*,#1801,.T.);
#2729=ORIENTED_EDGE('',*,*,#1911,.F.);
#2730=ORIENTED_EDGE('',*,*,#1804,.T.);
#2731=ORIENTED_EDGE('',*,*,#1912,.F.);
#2732=ORIENTED_EDGE('',*,*,#1853,.T.);
#2733=ORIENTED_EDGE('',*,*,#1913,.F.);
#2734=ORIENTED_EDGE('',*,*,#1810,.T.);
#2735=ORIENTED_EDGE('',*,*,#1914,.F.);
#2736=ORIENTED_EDGE('',*,*,#1818,.T.);
#2737=ORIENTED_EDGE('',*,*,#1915,.F.);
#2738=ORIENTED_EDGE('',*,*,#1602,.T.);
#2739=ORIENTED_EDGE('',*,*,#1794,.T.);
#2740=ORIENTED_EDGE('',*,*,#1797,.T.);
#2741=ORIENTED_EDGE('',*,*,#1800,.T.);
#2742=ORIENTED_EDGE('',*,*,#1838,.T.);
#2743=ORIENTED_EDGE('',*,*,#1910,.T.);
#2744=ORIENTED_EDGE('',*,*,#1598,.T.);
#2745=ORIENTED_EDGE('',*,*,#1839,.T.);
#2746=ORIENTED_EDGE('',*,*,#1798,.T.);
#2747=ORIENTED_EDGE('',*,*,#1802,.T.);
#2748=ORIENTED_EDGE('',*,*,#1913,.T.);
#2749=ORIENTED_EDGE('',*,*,#1855,.T.);
#2750=ORIENTED_EDGE('',*,*,#1835,.T.);
#2751=ORIENTED_EDGE('',*,*,#1815,.T.);
#2752=ORIENTED_EDGE('',*,*,#1811,.T.);
#2753=ORIENTED_EDGE('',*,*,#1787,.T.);
#2754=ORIENTED_EDGE('',*,*,#1790,.T.);
#2755=ORIENTED_EDGE('',*,*,#1912,.T.);
#2756=ORIENTED_EDGE('',*,*,#1806,.T.);
#2757=ORIENTED_EDGE('',*,*,#1793,.T.);
#2758=ORIENTED_EDGE('',*,*,#1837,.T.);
#2759=ORIENTED_EDGE('',*,*,#1854,.T.);
#2760=ORIENTED_EDGE('',*,*,#1911,.T.);
#2761=ORIENTED_EDGE('',*,*,#1803,.T.);
#2762=ORIENTED_EDGE('',*,*,#1796,.T.);
#2763=ORIENTED_EDGE('',*,*,#1805,.T.);
#2764=ORIENTED_EDGE('',*,*,#1761,.T.);
#2765=ORIENTED_EDGE('',*,*,#1915,.T.);
#2766=ORIENTED_EDGE('',*,*,#1820,.T.);
#2767=ORIENTED_EDGE('',*,*,#1807,.T.);
#2768=ORIENTED_EDGE('',*,*,#1833,.T.);
#2769=ORIENTED_EDGE('',*,*,#1603,.T.);
#2770=ORIENTED_EDGE('',*,*,#1914,.T.);
#2771=ORIENTED_EDGE('',*,*,#1812,.T.);
#2772=ORIENTED_EDGE('',*,*,#1813,.T.);
#2773=ORIENTED_EDGE('',*,*,#1819,.T.);
#2774=ORIENTED_EDGE('',*,*,#1789,.T.);
#2775=ORIENTED_EDGE('',*,*,#1832,.T.);
#2776=ORIENTED_EDGE('',*,*,#1822,.T.);
#2777=ORIENTED_EDGE('',*,*,#1518,.T.);
#2778=ORIENTED_EDGE('',*,*,#1600,.T.);
#2779=ORIENTED_EDGE('',*,*,#1844,.T.);
#2780=ORIENTED_EDGE('',*,*,#1843,.T.);
#2781=ORIENTED_EDGE('',*,*,#1827,.T.);
#2782=ORIENTED_EDGE('',*,*,#1823,.T.);
#2783=ORIENTED_EDGE('',*,*,#1831,.T.);
#2784=ORIENTED_EDGE('',*,*,#1916,.T.);
#2785=ORIENTED_EDGE('',*,*,#1917,.T.);
#2786=ORIENTED_EDGE('',*,*,#1918,.T.);
#2787=ORIENTED_EDGE('',*,*,#1919,.T.);
#2788=ORIENTED_EDGE('',*,*,#1916,.F.);
#2789=ORIENTED_EDGE('',*,*,#1920,.T.);
#2790=ORIENTED_EDGE('',*,*,#1921,.T.);
#2791=ORIENTED_EDGE('',*,*,#1922,.T.);
#2792=ORIENTED_EDGE('',*,*,#1923,.T.);
#2793=ORIENTED_EDGE('',*,*,#1924,.T.);
#2794=ORIENTED_EDGE('',*,*,#1921,.F.);
#2795=ORIENTED_EDGE('',*,*,#1925,.T.);
#2796=ORIENTED_EDGE('',*,*,#1923,.F.);
#2797=ORIENTED_EDGE('',*,*,#1926,.T.);
#2798=ORIENTED_EDGE('',*,*,#1927,.T.);
#2799=ORIENTED_EDGE('',*,*,#1928,.T.);
#2800=ORIENTED_EDGE('',*,*,#1929,.T.);
#2801=ORIENTED_EDGE('',*,*,#1930,.T.);
#2802=ORIENTED_EDGE('',*,*,#1927,.F.);
#2803=ORIENTED_EDGE('',*,*,#1931,.T.);
#2804=ORIENTED_EDGE('',*,*,#1929,.F.);
#2805=ORIENTED_EDGE('',*,*,#1932,.T.);
#2806=ORIENTED_EDGE('',*,*,#1933,.T.);
#2807=ORIENTED_EDGE('',*,*,#1934,.T.);
#2808=ORIENTED_EDGE('',*,*,#1935,.T.);
#2809=ORIENTED_EDGE('',*,*,#1936,.T.);
#2810=ORIENTED_EDGE('',*,*,#1933,.F.);
#2811=ORIENTED_EDGE('',*,*,#1937,.T.);
#2812=ORIENTED_EDGE('',*,*,#1935,.F.);
#2813=ORIENTED_EDGE('',*,*,#1938,.T.);
#2814=ORIENTED_EDGE('',*,*,#1918,.F.);
#2815=ORIENTED_EDGE('',*,*,#1939,.T.);
#2816=ORIENTED_EDGE('',*,*,#1926,.F.);
#2817=ORIENTED_EDGE('',*,*,#1940,.T.);
#2818=ORIENTED_EDGE('',*,*,#1941,.F.);
#2819=ORIENTED_EDGE('',*,*,#1942,.T.);
#2820=ORIENTED_EDGE('',*,*,#1925,.F.);
#2821=ORIENTED_EDGE('',*,*,#1943,.F.);
#2822=ORIENTED_EDGE('',*,*,#1944,.F.);
#2823=ORIENTED_EDGE('',*,*,#1940,.F.);
#2824=ORIENTED_EDGE('',*,*,#1920,.F.);
#2825=ORIENTED_EDGE('',*,*,#1945,.T.);
#2826=ORIENTED_EDGE('',*,*,#1946,.F.);
#2827=ORIENTED_EDGE('',*,*,#1943,.T.);
#2828=ORIENTED_EDGE('',*,*,#1919,.F.);
#2829=ORIENTED_EDGE('',*,*,#1947,.F.);
#2830=ORIENTED_EDGE('',*,*,#1948,.F.);
#2831=ORIENTED_EDGE('',*,*,#1945,.F.);
#2832=ORIENTED_EDGE('',*,*,#1917,.F.);
#2833=ORIENTED_EDGE('',*,*,#1922,.F.);
#2834=ORIENTED_EDGE('',*,*,#1924,.F.);
#2835=ORIENTED_EDGE('',*,*,#1928,.F.);
#2836=ORIENTED_EDGE('',*,*,#1930,.F.);
#2837=ORIENTED_EDGE('',*,*,#1934,.F.);
#2838=ORIENTED_EDGE('',*,*,#1936,.F.);
#2839=ORIENTED_EDGE('',*,*,#1939,.F.);
#2840=ORIENTED_EDGE('',*,*,#1949,.T.);
#2841=ORIENTED_EDGE('',*,*,#1950,.T.);
#2842=ORIENTED_EDGE('',*,*,#1951,.T.);
#2843=ORIENTED_EDGE('',*,*,#1948,.T.);
#2844=ORIENTED_EDGE('',*,*,#1949,.F.);
#2845=ORIENTED_EDGE('',*,*,#1952,.T.);
#2846=ORIENTED_EDGE('',*,*,#1953,.T.);
#2847=ORIENTED_EDGE('',*,*,#1954,.T.);
#2848=ORIENTED_EDGE('',*,*,#1955,.T.);
#2849=ORIENTED_EDGE('',*,*,#1956,.T.);
#2850=ORIENTED_EDGE('',*,*,#1953,.F.);
#2851=ORIENTED_EDGE('',*,*,#1957,.T.);
#2852=ORIENTED_EDGE('',*,*,#1955,.F.);
#2853=ORIENTED_EDGE('',*,*,#1958,.T.);
#2854=ORIENTED_EDGE('',*,*,#1959,.T.);
#2855=ORIENTED_EDGE('',*,*,#1960,.T.);
#2856=ORIENTED_EDGE('',*,*,#1961,.T.);
#2857=ORIENTED_EDGE('',*,*,#1962,.T.);
#2858=ORIENTED_EDGE('',*,*,#1959,.F.);
#2859=ORIENTED_EDGE('',*,*,#1963,.T.);
#2860=ORIENTED_EDGE('',*,*,#1961,.F.);
#2861=ORIENTED_EDGE('',*,*,#1941,.T.);
#2862=ORIENTED_EDGE('',*,*,#1964,.T.);
#2863=ORIENTED_EDGE('',*,*,#1965,.T.);
#2864=ORIENTED_EDGE('',*,*,#1966,.T.);
#2865=ORIENTED_EDGE('',*,*,#1967,.T.);
#2866=ORIENTED_EDGE('',*,*,#1964,.F.);
#2867=ORIENTED_EDGE('',*,*,#1944,.T.);
#2868=ORIENTED_EDGE('',*,*,#1966,.F.);
#2869=ORIENTED_EDGE('',*,*,#1946,.T.);
#2870=ORIENTED_EDGE('',*,*,#1951,.F.);
#2871=ORIENTED_EDGE('',*,*,#1968,.T.);
#2872=ORIENTED_EDGE('',*,*,#1932,.F.);
#2873=ORIENTED_EDGE('',*,*,#1969,.T.);
#2874=ORIENTED_EDGE('',*,*,#1958,.F.);
#2875=ORIENTED_EDGE('',*,*,#1970,.T.);
#2876=ORIENTED_EDGE('',*,*,#1937,.F.);
#2877=ORIENTED_EDGE('',*,*,#1970,.F.);
#2878=ORIENTED_EDGE('',*,*,#1957,.F.);
#2879=ORIENTED_EDGE('',*,*,#1971,.F.);
#2880=ORIENTED_EDGE('',*,*,#1938,.F.);
#2881=ORIENTED_EDGE('',*,*,#1971,.T.);
#2882=ORIENTED_EDGE('',*,*,#1952,.F.);
#2883=ORIENTED_EDGE('',*,*,#1947,.T.);
#2884=ORIENTED_EDGE('',*,*,#1950,.F.);
#2885=ORIENTED_EDGE('',*,*,#1954,.F.);
#2886=ORIENTED_EDGE('',*,*,#1956,.F.);
#2887=ORIENTED_EDGE('',*,*,#1960,.F.);
#2888=ORIENTED_EDGE('',*,*,#1962,.F.);
#2889=ORIENTED_EDGE('',*,*,#1965,.F.);
#2890=ORIENTED_EDGE('',*,*,#1967,.F.);
#2891=ORIENTED_EDGE('',*,*,#1968,.F.);
#2892=ORIENTED_EDGE('',*,*,#1931,.F.);
#2893=ORIENTED_EDGE('',*,*,#1942,.F.);
#2894=ORIENTED_EDGE('',*,*,#1963,.F.);
#2895=ORIENTED_EDGE('',*,*,#1969,.F.);
#2896=PLANE('',#3175);
#2897=PLANE('',#3179);
#2898=PLANE('',#3187);
#2899=PLANE('',#3188);
#2900=PLANE('',#3189);
#2901=PLANE('',#3190);
#2902=PLANE('',#3208);
#2903=PLANE('',#3211);
#2904=PLANE('',#3216);
#2905=PLANE('',#3217);
#2906=PLANE('',#3218);
#2907=PLANE('',#3219);
#2908=PLANE('',#3220);
#2909=PLANE('',#3221);
#2910=PLANE('',#3222);
#2911=PLANE('',#3223);
#2912=PLANE('',#3224);
#2913=PLANE('',#3225);
#2914=PLANE('',#3381);
#2915=PLANE('',#3382);
#2916=PLANE('',#3383);
#2917=PLANE('',#3384);
#2918=PLANE('',#3385);
#2919=PLANE('',#3386);
#2920=PLANE('',#3387);
#2921=PLANE('',#3388);
#2922=PLANE('',#3389);
#2923=PLANE('',#3390);
#2924=PLANE('',#3391);
#2925=PLANE('',#3392);
#2926=PLANE('',#3393);
#2927=PLANE('',#3394);
#2928=PLANE('',#3395);
#2929=PLANE('',#3396);
#2930=PLANE('',#3397);
#2931=PLANE('',#3398);
#2932=PLANE('',#3399);
#2933=PLANE('',#3400);
#2934=PLANE('',#3401);
#2935=PLANE('',#3402);
#2936=PLANE('',#3403);
#2937=PLANE('',#3404);
#2938=PLANE('',#3405);
#2939=PLANE('',#3406);
#2940=PLANE('',#3407);
#2941=PLANE('',#3408);
#2942=PLANE('',#3409);
#2943=PLANE('',#3410);
#2944=PLANE('',#3411);
#2945=PLANE('',#3412);
#2946=PLANE('',#3413);
#2947=PLANE('',#3414);
#2948=PLANE('',#3415);
#2949=PLANE('',#3416);
#2950=PLANE('',#3417);
#2951=PLANE('',#3418);
#2952=PLANE('',#3419);
#2953=PLANE('',#3420);
#2954=PLANE('',#3421);
#2955=PLANE('',#3422);
#2956=PLANE('',#3423);
#2957=PLANE('',#3424);
#2958=PLANE('',#3425);
#2959=PLANE('',#3426);
#2960=PLANE('',#3427);
#2961=PLANE('',#3428);
#2962=PLANE('',#3429);
#2963=PLANE('',#3430);
#2964=PLANE('',#3431);
#2965=PLANE('',#3432);
#2966=PLANE('',#3433);
#2967=PLANE('',#3434);
#2968=PLANE('',#3435);
#2969=PLANE('',#3436);
#2970=PLANE('',#3437);
#2971=PLANE('',#3438);
#2972=PLANE('',#3439);
#2973=PLANE('',#3440);
#2974=PLANE('',#3441);
#2975=PLANE('',#3445);
#2976=PLANE('',#3449);
#2977=PLANE('',#3453);
#2978=PLANE('',#3459);
#2979=PLANE('',#3462);
#2980=PLANE('',#3463);
#2981=PLANE('',#3464);
#2982=PLANE('',#3468);
#2983=PLANE('',#3472);
#2984=PLANE('',#3475);
#2985=PLANE('',#3479);
#2986=PLANE('',#3481);
#2987=PLANE('',#3482);
#2988=ADVANCED_FACE('',(#280),#2896,.T.);
#2989=ADVANCED_FACE('',(#281),#229,.F.);
#2990=ADVANCED_FACE('',(#282,#69,#70,#71,#72),#2897,.T.);
#2991=ADVANCED_FACE('',(#283),#2898,.T.);
#2992=ADVANCED_FACE('',(#284),#2899,.F.);
#2993=ADVANCED_FACE('',(#285),#2900,.F.);
#2994=ADVANCED_FACE('',(#286),#2901,.T.);
#2995=ADVANCED_FACE('',(#287),#230,.F.);
#2996=ADVANCED_FACE('',(#288),#44,.T.);
#2997=ADVANCED_FACE('',(#289),#231,.F.);
#2998=ADVANCED_FACE('',(#290),#45,.T.);
#2999=ADVANCED_FACE('',(#291),#232,.F.);
#3000=ADVANCED_FACE('',(#292),#233,.F.);
#3001=ADVANCED_FACE('',(#293),#2902,.F.);
#3002=ADVANCED_FACE('',(#294),#234,.F.);
#3003=ADVANCED_FACE('',(#295),#2903,.T.);
#3004=ADVANCED_FACE('',(#296),#235,.T.);
#3005=ADVANCED_FACE('',(#297),#236,.T.);
#3006=ADVANCED_FACE('',(#298),#2904,.T.);
#3007=ADVANCED_FACE('',(#299),#2905,.T.);
#3008=ADVANCED_FACE('',(#300),#2906,.T.);
#3009=ADVANCED_FACE('',(#301),#2907,.F.);
#3010=ADVANCED_FACE('',(#302),#2908,.F.);
#3011=ADVANCED_FACE('',(#303),#2909,.F.);
#3012=ADVANCED_FACE('',(#304),#2910,.T.);
#3013=ADVANCED_FACE('',(#305),#2911,.T.);
#3014=ADVANCED_FACE('',(#306),#2912,.F.);
#3015=ADVANCED_FACE('',(#307),#2913,.T.);
#3016=ADVANCED_FACE('',(#308),#39,.T.);
#3017=ADVANCED_FACE('',(#309),#40,.T.);
#3018=ADVANCED_FACE('',(#310),#46,.T.);
#3019=ADVANCED_FACE('',(#311),#47,.T.);
#3020=ADVANCED_FACE('',(#312),#37,.F.);
#3021=ADVANCED_FACE('',(#313),#38,.F.);
#3022=ADVANCED_FACE('',(#314),#41,.T.);
#3023=ADVANCED_FACE('',(#315),#42,.T.);
#3024=ADVANCED_FACE('',(#316),#43,.T.);
#3025=ADVANCED_FACE('',(#317),#29,.T.);
#3026=ADVANCED_FACE('',(#318),#30,.T.);
#3027=ADVANCED_FACE('',(#319),#31,.T.);
#3028=ADVANCED_FACE('',(#320),#32,.T.);
#3029=ADVANCED_FACE('',(#321),#33,.T.);
#3030=ADVANCED_FACE('',(#322),#34,.T.);
#3031=ADVANCED_FACE('',(#323),#17,.F.);
#3032=ADVANCED_FACE('',(#324),#18,.F.);
#3033=ADVANCED_FACE('',(#325),#19,.T.);
#3034=ADVANCED_FACE('',(#326),#20,.T.);
#3035=ADVANCED_FACE('',(#327),#237,.T.);
#3036=ADVANCED_FACE('',(#328),#238,.T.);
#3037=ADVANCED_FACE('',(#329),#239,.T.);
#3038=ADVANCED_FACE('',(#330),#240,.T.);
#3039=ADVANCED_FACE('',(#331),#241,.F.);
#3040=ADVANCED_FACE('',(#332),#242,.F.);
#3041=ADVANCED_FACE('',(#333),#243,.F.);
#3042=ADVANCED_FACE('',(#334),#244,.F.);
#3043=ADVANCED_FACE('',(#335),#245,.F.);
#3044=ADVANCED_FACE('',(#336),#246,.F.);
#3045=ADVANCED_FACE('',(#337),#247,.T.);
#3046=ADVANCED_FACE('',(#338),#248,.T.);
#3047=ADVANCED_FACE('',(#339),#249,.T.);
#3048=ADVANCED_FACE('',(#340),#250,.F.);
#3049=ADVANCED_FACE('',(#341),#251,.T.);
#3050=ADVANCED_FACE('',(#342),#252,.T.);
#3051=ADVANCED_FACE('',(#343),#253,.T.);
#3052=ADVANCED_FACE('',(#344),#254,.T.);
#3053=ADVANCED_FACE('',(#345),#255,.T.);
#3054=ADVANCED_FACE('',(#346),#256,.T.);
#3055=ADVANCED_FACE('',(#347),#257,.T.);
#3056=ADVANCED_FACE('',(#348),#258,.T.);
#3057=ADVANCED_FACE('',(#349),#259,.F.);
#3058=ADVANCED_FACE('',(#350),#260,.F.);
#3059=ADVANCED_FACE('',(#351),#261,.T.);
#3060=ADVANCED_FACE('',(#352),#262,.T.);
#3061=ADVANCED_FACE('',(#353),#263,.T.);
#3062=ADVANCED_FACE('',(#354),#264,.T.);
#3063=ADVANCED_FACE('',(#355),#265,.T.);
#3064=ADVANCED_FACE('',(#356),#266,.T.);
#3065=ADVANCED_FACE('',(#357),#267,.T.);
#3066=ADVANCED_FACE('',(#358),#268,.T.);
#3067=ADVANCED_FACE('',(#359),#269,.T.);
#3068=ADVANCED_FACE('',(#360),#270,.T.);
#3069=ADVANCED_FACE('',(#361),#271,.T.);
#3070=ADVANCED_FACE('',(#362),#272,.T.);
#3071=ADVANCED_FACE('',(#363),#273,.T.);
#3072=ADVANCED_FACE('',(#364),#274,.T.);
#3073=ADVANCED_FACE('',(#365),#275,.T.);
#3074=ADVANCED_FACE('',(#366,#73),#2914,.T.);
#3075=ADVANCED_FACE('',(#367),#2915,.F.);
#3076=ADVANCED_FACE('',(#368),#2916,.T.);
#3077=ADVANCED_FACE('',(#369),#2917,.T.);
#3078=ADVANCED_FACE('',(#370),#2918,.T.);
#3079=ADVANCED_FACE('',(#371),#2919,.F.);
#3080=ADVANCED_FACE('',(#372),#2920,.T.);
#3081=ADVANCED_FACE('',(#373),#2921,.T.);
#3082=ADVANCED_FACE('',(#374),#2922,.F.);
#3083=ADVANCED_FACE('',(#375),#2923,.T.);
#3084=ADVANCED_FACE('',(#376),#2924,.F.);
#3085=ADVANCED_FACE('',(#377),#2925,.T.);
#3086=ADVANCED_FACE('',(#378),#2926,.F.);
#3087=ADVANCED_FACE('',(#379),#2927,.T.);
#3088=ADVANCED_FACE('',(#380),#2928,.T.);
#3089=ADVANCED_FACE('',(#381),#2929,.F.);
#3090=ADVANCED_FACE('',(#382),#2930,.T.);
#3091=ADVANCED_FACE('',(#383),#2931,.F.);
#3092=ADVANCED_FACE('',(#384),#2932,.T.);
#3093=ADVANCED_FACE('',(#385),#2933,.T.);
#3094=ADVANCED_FACE('',(#386),#2934,.F.);
#3095=ADVANCED_FACE('',(#387),#2935,.F.);
#3096=ADVANCED_FACE('',(#388),#2936,.F.);
#3097=ADVANCED_FACE('',(#389),#2937,.F.);
#3098=ADVANCED_FACE('',(#390),#2938,.F.);
#3099=ADVANCED_FACE('',(#391),#2939,.F.);
#3100=ADVANCED_FACE('',(#392),#2940,.F.);
#3101=ADVANCED_FACE('',(#393),#2941,.T.);
#3102=ADVANCED_FACE('',(#394,#74),#2942,.F.);
#3103=ADVANCED_FACE('',(#395),#2943,.F.);
#3104=ADVANCED_FACE('',(#396),#2944,.F.);
#3105=ADVANCED_FACE('',(#397),#2945,.T.);
#3106=ADVANCED_FACE('',(#398),#2946,.F.);
#3107=ADVANCED_FACE('',(#399),#2947,.F.);
#3108=ADVANCED_FACE('',(#400),#2948,.T.);
#3109=ADVANCED_FACE('',(#401),#2949,.T.);
#3110=ADVANCED_FACE('',(#402),#2950,.F.);
#3111=ADVANCED_FACE('',(#403),#2951,.F.);
#3112=ADVANCED_FACE('',(#404,#75),#2952,.F.);
#3113=ADVANCED_FACE('',(#405),#2953,.F.);
#3114=ADVANCED_FACE('',(#406),#2954,.F.);
#3115=ADVANCED_FACE('',(#407),#2955,.F.);
#3116=ADVANCED_FACE('',(#408),#2956,.T.);
#3117=ADVANCED_FACE('',(#409),#2957,.F.);
#3118=ADVANCED_FACE('',(#410,#76),#2958,.T.);
#3119=ADVANCED_FACE('',(#411),#2959,.T.);
#3120=ADVANCED_FACE('',(#412),#2960,.F.);
#3121=ADVANCED_FACE('',(#413),#2961,.T.);
#3122=ADVANCED_FACE('',(#414),#2962,.F.);
#3123=ADVANCED_FACE('',(#415),#2963,.T.);
#3124=ADVANCED_FACE('',(#416),#2964,.T.);
#3125=ADVANCED_FACE('',(#417),#2965,.F.);
#3126=ADVANCED_FACE('',(#418),#2966,.F.);
#3127=ADVANCED_FACE('',(#419),#2967,.F.);
#3128=ADVANCED_FACE('',(#420),#2968,.F.);
#3129=ADVANCED_FACE('',(#421,#77),#2969,.T.);
#3130=ADVANCED_FACE('',(#422),#2970,.F.);
#3131=ADVANCED_FACE('',(#423,#78),#2971,.T.);
#3132=ADVANCED_FACE('',(#424),#2972,.F.);
#3133=ADVANCED_FACE('',(#425),#2973,.F.);
#3134=ADVANCED_FACE('',(#426),#2974,.T.);
#3135=ADVANCED_FACE('',(#427),#21,.T.);
#3136=ADVANCED_FACE('',(#428),#2975,.T.);
#3137=ADVANCED_FACE('',(#429),#22,.T.);
#3138=ADVANCED_FACE('',(#430),#2976,.T.);
#3139=ADVANCED_FACE('',(#431),#23,.T.);
#3140=ADVANCED_FACE('',(#432),#2977,.T.);
#3141=ADVANCED_FACE('',(#433),#24,.T.);
#3142=ADVANCED_FACE('',(#434),#276,.T.);
#3143=ADVANCED_FACE('',(#435),#2978,.T.);
#3144=ADVANCED_FACE('',(#436),#277,.T.);
#3145=ADVANCED_FACE('',(#437),#2979,.T.);
#3146=ADVANCED_FACE('',(#438),#2980,.F.);
#3147=ADVANCED_FACE('',(#439),#2981,.T.);
#3148=ADVANCED_FACE('',(#440),#25,.T.);
#3149=ADVANCED_FACE('',(#441),#2982,.T.);
#3150=ADVANCED_FACE('',(#442),#26,.T.);
#3151=ADVANCED_FACE('',(#443),#2983,.T.);
#3152=ADVANCED_FACE('',(#444),#27,.T.);
#3153=ADVANCED_FACE('',(#445),#2984,.T.);
#3154=ADVANCED_FACE('',(#446),#28,.T.);
#3155=ADVANCED_FACE('',(#447),#278,.T.);
#3156=ADVANCED_FACE('',(#448),#2985,.T.);
#3157=ADVANCED_FACE('',(#449),#279,.T.);
#3158=ADVANCED_FACE('',(#450),#2986,.F.);
#3159=ADVANCED_FACE('',(#451),#2987,.T.);
#3160=CLOSED_SHELL('',(#2988,#2989,#2990,#2991,#2992,#2993,#2994,#2995,
#2996,#2997,#2998,#2999,#3000,#3001,#3002,#3003,#3004,#3005,#3006,#3007,
#3008,#3009,#3010,#3011,#3012,#3013,#3014,#3015,#3016,#3017,#3018,#3019,
#3020,#3021,#3022,#3023,#3024,#3025,#3026,#3027,#3028,#3029,#3030,#3031,
#3032,#3033,#3034,#3035,#3036,#3037,#3038,#3039,#3040,#3041,#3042,#3043,
#3044,#3045,#3046,#3047,#3048,#3049,#3050,#3051,#3052,#3053,#3054,#3055,
#3056,#3057,#3058,#3059,#3060,#3061,#3062,#3063,#3064,#3065,#3066,#3067,
#3068,#3069,#3070,#3071,#3072,#3073,#3074,#3075,#3076,#3077,#3078,#3079,
#3080,#3081,#3082,#3083,#3084,#3085,#3086,#3087,#3088,#3089,#3090,#3091,
#3092,#3093,#3094,#3095,#3096,#3097,#3098,#3099,#3100,#3101,#3102,#3103,
#3104,#3105,#3106,#3107,#3108,#3109,#3110,#3111,#3112,#3113,#3114,#3115,
#3116,#3117,#3118,#3119,#3120,#3121,#3122,#3123,#3124,#3125,#3126,#3127,
#3128,#3129,#3130,#3131,#3132,#3133));
#3161=CLOSED_SHELL('',(#3134,#3135,#3136,#3137,#3138,#3139,#3140,#3141,
#3142,#3143,#3144,#3145,#3146,#3147,#3148,#3149,#3150,#3151,#3152,#3153,
#3154,#3155,#3156,#3157,#3158,#3159));
#3162=DERIVED_UNIT_ELEMENT(#3164,1.);
#3163=DERIVED_UNIT_ELEMENT(#8129,-3.);
#3164=(
MASS_UNIT()
NAMED_UNIT(*)
SI_UNIT(.KILO.,.GRAM.)
);
#3165=DERIVED_UNIT((#3162,#3163));
#3166=MEASURE_REPRESENTATION_ITEM('density measure',
POSITIVE_RATIO_MEASURE(7850.),#3165);
#3167=PROPERTY_DEFINITION_REPRESENTATION(#3172,#3169);
#3168=PROPERTY_DEFINITION_REPRESENTATION(#3173,#3170);
#3169=REPRESENTATION('material name',(#3171),#8126);
#3170=REPRESENTATION('density',(#3166),#8126);
#3171=DESCRIPTIVE_REPRESENTATION_ITEM('Steel','Steel');
#3172=PROPERTY_DEFINITION('material property','material name',#8136);
#3173=PROPERTY_DEFINITION('material property','density of part',#8136);
#3174=AXIS2_PLACEMENT_3D('',#4390,#3483,#3484);
#3175=AXIS2_PLACEMENT_3D('',#4391,#3485,#3486);
#3176=AXIS2_PLACEMENT_3D('',#4400,#3491,#3492);
#3177=AXIS2_PLACEMENT_3D('',#4402,#3493,#3494);
#3178=AXIS2_PLACEMENT_3D('',#4405,#3496,#3497);
#3179=AXIS2_PLACEMENT_3D('',#4406,#3498,#3499);
#3180=AXIS2_PLACEMENT_3D('',#4413,#3502,#3503);
#3181=AXIS2_PLACEMENT_3D('',#4417,#3505,#3506);
#3182=AXIS2_PLACEMENT_3D('',#4455,#3519,#3520);
#3183=AXIS2_PLACEMENT_3D('',#4456,#3521,#3522);
#3184=AXIS2_PLACEMENT_3D('',#4458,#3523,#3524);
#3185=AXIS2_PLACEMENT_3D('',#4461,#3525,#3526);
#3186=AXIS2_PLACEMENT_3D('',#4462,#3527,#3528);
#3187=AXIS2_PLACEMENT_3D('',#4463,#3529,#3530);
#3188=AXIS2_PLACEMENT_3D('',#4467,#3533,#3534);
#3189=AXIS2_PLACEMENT_3D('',#4473,#3538,#3539);
#3190=AXIS2_PLACEMENT_3D('',#4475,#3541,#3542);
#3191=AXIS2_PLACEMENT_3D('',#4477,#3544,#3545);
#3192=AXIS2_PLACEMENT_3D('',#4482,#3547,#3548);
#3193=AXIS2_PLACEMENT_3D('',#4484,#3549,#3550);
#3194=AXIS2_PLACEMENT_3D('',#4488,#3552,#3553);
#3195=AXIS2_PLACEMENT_3D('',#4517,#3554,#3555);
#3196=AXIS2_PLACEMENT_3D('',#4519,#3556,#3557);
#3197=AXIS2_PLACEMENT_3D('',#4521,#3558,#3559);
#3198=AXIS2_PLACEMENT_3D('',#4532,#3560,#3561);
#3199=AXIS2_PLACEMENT_3D('',#4535,#3562,#3563);
#3200=AXIS2_PLACEMENT_3D('',#4554,#3566,#3567);
#3201=AXIS2_PLACEMENT_3D('',#4555,#3568,#3569);
#3202=AXIS2_PLACEMENT_3D('',#4556,#3570,#3571);
#3203=AXIS2_PLACEMENT_3D('',#4561,#3573,#3574);
#3204=AXIS2_PLACEMENT_3D('',#4563,#3575,#3576);
#3205=AXIS2_PLACEMENT_3D('',#4565,#3578,#3579);
#3206=AXIS2_PLACEMENT_3D('',#4566,#3580,#3581);
#3207=AXIS2_PLACEMENT_3D('',#4590,#3584,#3585);
#3208=AXIS2_PLACEMENT_3D('',#4591,#3586,#3587);
#3209=AXIS2_PLACEMENT_3D('',#4595,#3590,#3591);
#3210=AXIS2_PLACEMENT_3D('',#4596,#3592,#3593);
#3211=AXIS2_PLACEMENT_3D('',#4615,#3594,#3595);
#3212=AXIS2_PLACEMENT_3D('',#4714,#3603,#3604);
#3213=AXIS2_PLACEMENT_3D('',#4719,#3606,#3607);
#3214=AXIS2_PLACEMENT_3D('',#4739,#3608,#3609);
#3215=AXIS2_PLACEMENT_3D('',#4764,#3610,#3611);
#3216=AXIS2_PLACEMENT_3D('',#4766,#3613,#3614);
#3217=AXIS2_PLACEMENT_3D('',#4774,#3619,#3620);
#3218=AXIS2_PLACEMENT_3D('',#4780,#3624,#3625);
#3219=AXIS2_PLACEMENT_3D('',#4789,#3630,#3631);
#3220=AXIS2_PLACEMENT_3D('',#4798,#3636,#3637);
#3221=AXIS2_PLACEMENT_3D('',#4804,#3641,#3642);
#3222=AXIS2_PLACEMENT_3D('',#4810,#3646,#3647);
#3223=AXIS2_PLACEMENT_3D('',#4819,#3652,#3653);
#3224=AXIS2_PLACEMENT_3D('',#4828,#3658,#3659);
#3225=AXIS2_PLACEMENT_3D('',#4837,#3664,#3665);
#3226=AXIS2_PLACEMENT_3D('',#4846,#3670,#3671);
#3227=AXIS2_PLACEMENT_3D('',#4853,#3672,#3673);
#3228=AXIS2_PLACEMENT_3D('',#4887,#3674,#3675);
#3229=AXIS2_PLACEMENT_3D('',#4889,#3676,#3677);
#3230=AXIS2_PLACEMENT_3D('',#6125,#3679,#3680);
#3231=AXIS2_PLACEMENT_3D('',#7294,#3681,#3682);
#3232=AXIS2_PLACEMENT_3D('',#7361,#3684,#3685);
#3233=AXIS2_PLACEMENT_3D('',#7372,#3688,#3689);
#3234=AXIS2_PLACEMENT_3D('',#7421,#3691,#3692);
#3235=AXIS2_PLACEMENT_3D('',#7432,#3695,#3696);
#3236=AXIS2_PLACEMENT_3D('',#7434,#3698,#3699);
#3237=AXIS2_PLACEMENT_3D('',#7436,#3700,#3701);
#3238=AXIS2_PLACEMENT_3D('',#7437,#3702,#3703);
#3239=AXIS2_PLACEMENT_3D('',#7438,#3704,#3705);
#3240=AXIS2_PLACEMENT_3D('',#7441,#3706,#3707);
#3241=AXIS2_PLACEMENT_3D('',#7517,#3708,#3709);
#3242=AXIS2_PLACEMENT_3D('',#7518,#3710,#3711);
#3243=AXIS2_PLACEMENT_3D('',#7519,#3712,#3713);
#3244=AXIS2_PLACEMENT_3D('',#7522,#3714,#3715);
#3245=AXIS2_PLACEMENT_3D('',#7524,#3716,#3717);
#3246=AXIS2_PLACEMENT_3D('',#7526,#3718,#3719);
#3247=AXIS2_PLACEMENT_3D('',#7527,#3720,#3721);
#3248=AXIS2_PLACEMENT_3D('',#7528,#3722,#3723);
#3249=AXIS2_PLACEMENT_3D('',#7531,#3724,#3725);
#3250=AXIS2_PLACEMENT_3D('',#7533,#3726,#3727);
#3251=AXIS2_PLACEMENT_3D('',#7534,#3728,#3729);
#3252=AXIS2_PLACEMENT_3D('',#7535,#3730,#3731);
#3253=AXIS2_PLACEMENT_3D('',#7538,#3732,#3733);
#3254=AXIS2_PLACEMENT_3D('',#7540,#3734,#3735);
#3255=AXIS2_PLACEMENT_3D('',#7542,#3736,#3737);
#3256=AXIS2_PLACEMENT_3D('',#7543,#3738,#3739);
#3257=AXIS2_PLACEMENT_3D('',#7545,#3740,#3741);
#3258=AXIS2_PLACEMENT_3D('',#7546,#3742,#3743);
#3259=AXIS2_PLACEMENT_3D('',#7549,#3744,#3745);
#3260=AXIS2_PLACEMENT_3D('',#7551,#3746,#3747);
#3261=AXIS2_PLACEMENT_3D('',#7552,#3748,#3749);
#3262=AXIS2_PLACEMENT_3D('',#7553,#3750,#3751);
#3263=AXIS2_PLACEMENT_3D('',#7556,#3752,#3753);
#3264=AXIS2_PLACEMENT_3D('',#7558,#3754,#3755);
#3265=AXIS2_PLACEMENT_3D('',#7560,#3756,#3757);
#3266=AXIS2_PLACEMENT_3D('',#7561,#3758,#3759);
#3267=AXIS2_PLACEMENT_3D('',#7563,#3760,#3761);
#3268=AXIS2_PLACEMENT_3D('',#7564,#3762,#3763);
#3269=AXIS2_PLACEMENT_3D('',#7567,#3764,#3765);
#3270=AXIS2_PLACEMENT_3D('',#7569,#3766,#3767);
#3271=AXIS2_PLACEMENT_3D('',#7570,#3768,#3769);
#3272=AXIS2_PLACEMENT_3D('',#7571,#3770,#3771);
#3273=AXIS2_PLACEMENT_3D('',#7574,#3772,#3773);
#3274=AXIS2_PLACEMENT_3D('',#7576,#3774,#3775);
#3275=AXIS2_PLACEMENT_3D('',#7578,#3776,#3777);
#3276=AXIS2_PLACEMENT_3D('',#7579,#3778,#3779);
#3277=AXIS2_PLACEMENT_3D('',#7581,#3780,#3781);
#3278=AXIS2_PLACEMENT_3D('',#7582,#3782,#3783);
#3279=AXIS2_PLACEMENT_3D('',#7585,#3785,#3786);
#3280=AXIS2_PLACEMENT_3D('',#7586,#3787,#3788);
#3281=AXIS2_PLACEMENT_3D('',#7589,#3789,#3790);
#3282=AXIS2_PLACEMENT_3D('',#7592,#3793,#3794);
#3283=AXIS2_PLACEMENT_3D('',#7596,#3796,#3797);
#3284=AXIS2_PLACEMENT_3D('',#7598,#3799,#3800);
#3285=AXIS2_PLACEMENT_3D('',#7603,#3803,#3804);
#3286=AXIS2_PLACEMENT_3D('',#7604,#3805,#3806);
#3287=AXIS2_PLACEMENT_3D('',#7607,#3807,#3808);
#3288=AXIS2_PLACEMENT_3D('',#7611,#3810,#3811);
#3289=AXIS2_PLACEMENT_3D('',#7613,#3812,#3813);
#3290=AXIS2_PLACEMENT_3D('',#7615,#3814,#3815);
#3291=AXIS2_PLACEMENT_3D('',#7617,#3817,#3818);
#3292=AXIS2_PLACEMENT_3D('',#7620,#3819,#3820);
#3293=AXIS2_PLACEMENT_3D('',#7622,#3821,#3822);
#3294=AXIS2_PLACEMENT_3D('',#7624,#3823,#3824);
#3295=AXIS2_PLACEMENT_3D('',#7628,#3826,#3827);
#3296=AXIS2_PLACEMENT_3D('',#7630,#3829,#3830);
#3297=AXIS2_PLACEMENT_3D('',#7632,#3831,#3832);
#3298=AXIS2_PLACEMENT_3D('',#7635,#3834,#3835);
#3299=AXIS2_PLACEMENT_3D('',#7636,#3836,#3837);
#3300=AXIS2_PLACEMENT_3D('',#7638,#3838,#3839);
#3301=AXIS2_PLACEMENT_3D('',#7641,#3841,#3842);
#3302=AXIS2_PLACEMENT_3D('',#7642,#3843,#3844);
#3303=AXIS2_PLACEMENT_3D('',#7647,#3846,#3847);
#3304=AXIS2_PLACEMENT_3D('',#7650,#3849,#3850);
#3305=AXIS2_PLACEMENT_3D('',#7651,#3851,#3852);
#3306=AXIS2_PLACEMENT_3D('',#7656,#3854,#3855);
#3307=AXIS2_PLACEMENT_3D('',#7659,#3857,#3858);
#3308=AXIS2_PLACEMENT_3D('',#7660,#3859,#3860);
#3309=AXIS2_PLACEMENT_3D('',#7663,#3861,#3862);
#3310=AXIS2_PLACEMENT_3D('',#7667,#3864,#3865);
#3311=AXIS2_PLACEMENT_3D('',#7669,#3867,#3868);
#3312=AXIS2_PLACEMENT_3D('',#7672,#3869,#3870);
#3313=AXIS2_PLACEMENT_3D('',#7676,#3872,#3873);
#3314=AXIS2_PLACEMENT_3D('',#7678,#3875,#3876);
#3315=AXIS2_PLACEMENT_3D('',#7681,#3878,#3879);
#3316=AXIS2_PLACEMENT_3D('',#7683,#3880,#3881);
#3317=AXIS2_PLACEMENT_3D('',#7687,#3883,#3884);
#3318=AXIS2_PLACEMENT_3D('',#7689,#3886,#3887);
#3319=AXIS2_PLACEMENT_3D('',#7693,#3889,#3890);
#3320=AXIS2_PLACEMENT_3D('',#7696,#3892,#3893);
#3321=AXIS2_PLACEMENT_3D('',#7697,#3894,#3895);
#3322=AXIS2_PLACEMENT_3D('',#7698,#3896,#3897);
#3323=AXIS2_PLACEMENT_3D('',#7700,#3899,#3900);
#3324=AXIS2_PLACEMENT_3D('',#7701,#3901,#3902);
#3325=AXIS2_PLACEMENT_3D('',#7702,#3903,#3904);
#3326=AXIS2_PLACEMENT_3D('',#7703,#3905,#3906);
#3327=AXIS2_PLACEMENT_3D('',#7704,#3907,#3908);
#3328=AXIS2_PLACEMENT_3D('',#7705,#3909,#3910);
#3329=AXIS2_PLACEMENT_3D('',#7706,#3911,#3912);
#3330=AXIS2_PLACEMENT_3D('',#7708,#3913,#3914);
#3331=AXIS2_PLACEMENT_3D('',#7711,#3916,#3917);
#3332=AXIS2_PLACEMENT_3D('',#7712,#3918,#3919);
#3333=AXIS2_PLACEMENT_3D('',#7714,#3920,#3921);
#3334=AXIS2_PLACEMENT_3D('',#7717,#3923,#3924);
#3335=AXIS2_PLACEMENT_3D('',#7718,#3925,#3926);
#3336=AXIS2_PLACEMENT_3D('',#7720,#3927,#3928);
#3337=AXIS2_PLACEMENT_3D('',#7723,#3930,#3931);
#3338=AXIS2_PLACEMENT_3D('',#7724,#3932,#3933);
#3339=AXIS2_PLACEMENT_3D('',#7726,#3935,#3936);
#3340=AXIS2_PLACEMENT_3D('',#7729,#3938,#3939);
#3341=AXIS2_PLACEMENT_3D('',#7733,#3941,#3942);
#3342=AXIS2_PLACEMENT_3D('',#7735,#3944,#3945);
#3343=AXIS2_PLACEMENT_3D('',#7739,#3947,#3948);
#3344=AXIS2_PLACEMENT_3D('',#7742,#3950,#3951);
#3345=AXIS2_PLACEMENT_3D('',#7744,#3953,#3954);
#3346=AXIS2_PLACEMENT_3D('',#7747,#3955,#3956);
#3347=AXIS2_PLACEMENT_3D('',#7750,#3959,#3960);
#3348=AXIS2_PLACEMENT_3D('',#7753,#3963,#3964);
#3349=AXIS2_PLACEMENT_3D('',#7756,#3965,#3966);
#3350=AXIS2_PLACEMENT_3D('',#7759,#3969,#3970);
#3351=AXIS2_PLACEMENT_3D('',#7761,#3971,#3972);
#3352=AXIS2_PLACEMENT_3D('',#7764,#3974,#3975);
#3353=AXIS2_PLACEMENT_3D('',#7765,#3976,#3977);
#3354=AXIS2_PLACEMENT_3D('',#7767,#3978,#3979);
#3355=AXIS2_PLACEMENT_3D('',#7770,#3981,#3982);
#3356=AXIS2_PLACEMENT_3D('',#7771,#3983,#3984);
#3357=AXIS2_PLACEMENT_3D('',#7776,#3987,#3988);
#3358=AXIS2_PLACEMENT_3D('',#7777,#3989,#3990);
#3359=AXIS2_PLACEMENT_3D('',#7780,#3993,#3994);
#3360=AXIS2_PLACEMENT_3D('',#7784,#3996,#3997);
#3361=AXIS2_PLACEMENT_3D('',#7786,#3999,#4000);
#3362=AXIS2_PLACEMENT_3D('',#7789,#4001,#4002);
#3363=AXIS2_PLACEMENT_3D('',#7792,#4005,#4006);
#3364=AXIS2_PLACEMENT_3D('',#7795,#4007,#4008);
#3365=AXIS2_PLACEMENT_3D('',#7798,#4011,#4012);
#3366=AXIS2_PLACEMENT_3D('',#7803,#4015,#4016);
#3367=AXIS2_PLACEMENT_3D('',#7804,#4017,#4018);
#3368=AXIS2_PLACEMENT_3D('',#7807,#4019,#4020);
#3369=AXIS2_PLACEMENT_3D('',#7810,#4023,#4024);
#3370=AXIS2_PLACEMENT_3D('',#7813,#4027,#4028);
#3371=AXIS2_PLACEMENT_3D('',#7817,#4030,#4031);
#3372=AXIS2_PLACEMENT_3D('',#7819,#4033,#4034);
#3373=AXIS2_PLACEMENT_3D('',#7822,#4035,#4036);
#3374=AXIS2_PLACEMENT_3D('',#7825,#4039,#4040);
#3375=AXIS2_PLACEMENT_3D('',#7828,#4043,#4044);
#3376=AXIS2_PLACEMENT_3D('',#7831,#4047,#4048);
#3377=AXIS2_PLACEMENT_3D('',#7834,#4051,#4052);
#3378=AXIS2_PLACEMENT_3D('',#7838,#4054,#4055);
#3379=AXIS2_PLACEMENT_3D('',#7840,#4057,#4058);
#3380=AXIS2_PLACEMENT_3D('',#7843,#4059,#4060);
#3381=AXIS2_PLACEMENT_3D('',#7846,#4063,#4064);
#3382=AXIS2_PLACEMENT_3D('',#7867,#4082,#4083);
#3383=AXIS2_PLACEMENT_3D('',#7868,#4084,#4085);
#3384=AXIS2_PLACEMENT_3D('',#7870,#4087,#4088);
#3385=AXIS2_PLACEMENT_3D('',#7874,#4091,#4092);
#3386=AXIS2_PLACEMENT_3D('',#7880,#4096,#4097);
#3387=AXIS2_PLACEMENT_3D('',#7882,#4099,#4100);
#3388=AXIS2_PLACEMENT_3D('',#7884,#4102,#4103);
#3389=AXIS2_PLACEMENT_3D('',#7886,#4105,#4106);
#3390=AXIS2_PLACEMENT_3D('',#7888,#4108,#4109);
#3391=AXIS2_PLACEMENT_3D('',#7898,#4115,#4116);
#3392=AXIS2_PLACEMENT_3D('',#7905,#4121,#4122);
#3393=AXIS2_PLACEMENT_3D('',#7908,#4125,#4126);
#3394=AXIS2_PLACEMENT_3D('',#7910,#4128,#4129);
#3395=AXIS2_PLACEMENT_3D('',#7912,#4131,#4132);
#3396=AXIS2_PLACEMENT_3D('',#7916,#4135,#4136);
#3397=AXIS2_PLACEMENT_3D('',#7919,#4139,#4140);
#3398=AXIS2_PLACEMENT_3D('',#7921,#4142,#4143);
#3399=AXIS2_PLACEMENT_3D('',#7923,#4145,#4146);
#3400=AXIS2_PLACEMENT_3D('',#7925,#4148,#4149);
#3401=AXIS2_PLACEMENT_3D('',#7931,#4155,#4156);
#3402=AXIS2_PLACEMENT_3D('',#7932,#4157,#4158);
#3403=AXIS2_PLACEMENT_3D('',#7934,#4160,#4161);
#3404=AXIS2_PLACEMENT_3D('',#7936,#4163,#4164);
#3405=AXIS2_PLACEMENT_3D('',#7937,#4165,#4166);
#3406=AXIS2_PLACEMENT_3D('',#7938,#4167,#4168);
#3407=AXIS2_PLACEMENT_3D('',#7939,#4169,#4170);
#3408=AXIS2_PLACEMENT_3D('',#7940,#4171,#4172);
#3409=AXIS2_PLACEMENT_3D('',#7942,#4174,#4175);
#3410=AXIS2_PLACEMENT_3D('',#7943,#4176,#4177);
#3411=AXIS2_PLACEMENT_3D('',#7944,#4178,#4179);
#3412=AXIS2_PLACEMENT_3D('',#7950,#4183,#4184);
#3413=AXIS2_PLACEMENT_3D('',#7957,#4189,#4190);
#3414=AXIS2_PLACEMENT_3D('',#7963,#4194,#4195);
#3415=AXIS2_PLACEMENT_3D('',#7966,#4198,#4199);
#3416=AXIS2_PLACEMENT_3D('',#7967,#4200,#4201);
#3417=AXIS2_PLACEMENT_3D('',#7969,#4203,#4204);
#3418=AXIS2_PLACEMENT_3D('',#7971,#4206,#4207);
#3419=AXIS2_PLACEMENT_3D('',#7972,#4208,#4209);
#3420=AXIS2_PLACEMENT_3D('',#7979,#4214,#4215);
#3421=AXIS2_PLACEMENT_3D('',#7984,#4220,#4221);
#3422=AXIS2_PLACEMENT_3D('',#7985,#4222,#4223);
#3423=AXIS2_PLACEMENT_3D('',#7986,#4224,#4225);
#3424=AXIS2_PLACEMENT_3D('',#7987,#4226,#4227);
#3425=AXIS2_PLACEMENT_3D('',#7988,#4228,#4229);
#3426=AXIS2_PLACEMENT_3D('',#7989,#4230,#4231);
#3427=AXIS2_PLACEMENT_3D('',#7990,#4232,#4233);
#3428=AXIS2_PLACEMENT_3D('',#7991,#4234,#4235);
#3429=AXIS2_PLACEMENT_3D('',#7992,#4236,#4237);
#3430=AXIS2_PLACEMENT_3D('',#7999,#4244,#4245);
#3431=AXIS2_PLACEMENT_3D('',#8000,#4246,#4247);
#3432=AXIS2_PLACEMENT_3D('',#8001,#4248,#4249);
#3433=AXIS2_PLACEMENT_3D('',#8002,#4250,#4251);
#3434=AXIS2_PLACEMENT_3D('',#8003,#4252,#4253);
#3435=AXIS2_PLACEMENT_3D('',#8004,#4254,#4255);
#3436=AXIS2_PLACEMENT_3D('',#8005,#4256,#4257);
#3437=AXIS2_PLACEMENT_3D('',#8006,#4258,#4259);
#3438=AXIS2_PLACEMENT_3D('',#8007,#4260,#4261);
#3439=AXIS2_PLACEMENT_3D('',#8008,#4262,#4263);
#3440=AXIS2_PLACEMENT_3D('',#8009,#4264,#4265);
#3441=AXIS2_PLACEMENT_3D('',#8010,#4266,#4267);
#3442=AXIS2_PLACEMENT_3D('',#8019,#4272,#4273);
#3443=AXIS2_PLACEMENT_3D('',#8021,#4274,#4275);
#3444=AXIS2_PLACEMENT_3D('',#8024,#4277,#4278);
#3445=AXIS2_PLACEMENT_3D('',#8025,#4279,#4280);
#3446=AXIS2_PLACEMENT_3D('',#8031,#4284,#4285);
#3447=AXIS2_PLACEMENT_3D('',#8033,#4286,#4287);
#3448=AXIS2_PLACEMENT_3D('',#8036,#4289,#4290);
#3449=AXIS2_PLACEMENT_3D('',#8037,#4291,#4292);
#3450=AXIS2_PLACEMENT_3D('',#8043,#4296,#4297);
#3451=AXIS2_PLACEMENT_3D('',#8045,#4298,#4299);
#3452=AXIS2_PLACEMENT_3D('',#8048,#4301,#4302);
#3453=AXIS2_PLACEMENT_3D('',#8049,#4303,#4304);
#3454=AXIS2_PLACEMENT_3D('',#8055,#4308,#4309);
#3455=AXIS2_PLACEMENT_3D('',#8056,#4310,#4311);
#3456=AXIS2_PLACEMENT_3D('',#8057,#4312,#4313);
#3457=AXIS2_PLACEMENT_3D('',#8058,#4314,#4315);
#3458=AXIS2_PLACEMENT_3D('',#8062,#4317,#4318);
#3459=AXIS2_PLACEMENT_3D('',#8064,#4320,#4321);
#3460=AXIS2_PLACEMENT_3D('',#8068,#4324,#4325);
#3461=AXIS2_PLACEMENT_3D('',#8071,#4327,#4328);
#3462=AXIS2_PLACEMENT_3D('',#8072,#4329,#4330);
#3463=AXIS2_PLACEMENT_3D('',#8076,#4333,#4334);
#3464=AXIS2_PLACEMENT_3D('',#8077,#4335,#4336);
#3465=AXIS2_PLACEMENT_3D('',#8083,#4340,#4341);
#3466=AXIS2_PLACEMENT_3D('',#8085,#4342,#4343);
#3467=AXIS2_PLACEMENT_3D('',#8088,#4345,#4346);
#3468=AXIS2_PLACEMENT_3D('',#8089,#4347,#4348);
#3469=AXIS2_PLACEMENT_3D('',#8095,#4352,#4353);
#3470=AXIS2_PLACEMENT_3D('',#8097,#4354,#4355);
#3471=AXIS2_PLACEMENT_3D('',#8100,#4357,#4358);
#3472=AXIS2_PLACEMENT_3D('',#8101,#4359,#4360);
#3473=AXIS2_PLACEMENT_3D('',#8106,#4364,#4365);
#3474=AXIS2_PLACEMENT_3D('',#8109,#4367,#4368);
#3475=AXIS2_PLACEMENT_3D('',#8110,#4369,#4370);
#3476=AXIS2_PLACEMENT_3D('',#8114,#4373,#4374);
#3477=AXIS2_PLACEMENT_3D('',#8115,#4375,#4376);
#3478=AXIS2_PLACEMENT_3D('',#8116,#4377,#4378);
#3479=AXIS2_PLACEMENT_3D('',#8119,#4381,#4382);
#3480=AXIS2_PLACEMENT_3D('',#8121,#4384,#4385);
#3481=AXIS2_PLACEMENT_3D('',#8122,#4386,#4387);
#3482=AXIS2_PLACEMENT_3D('',#8123,#4388,#4389);
#3483=DIRECTION('axis',(0.,0.,1.));
#3484=DIRECTION('refdir',(1.,0.,0.));
#3485=DIRECTION('center_axis',(0.77987087614371,3.11550537652827E-16,-0.625940425713856));
#3486=DIRECTION('ref_axis',(-0.625940425713856,0.,-0.77987087614371));
#3487=DIRECTION('',(-0.625940425713856,0.,-0.77987087614371));
#3488=DIRECTION('',(1.53201425534783E-17,1.,4.97731932391998E-16));
#3489=DIRECTION('',(0.625940425713856,0.,0.77987087614371));
#3490=DIRECTION('',(0.,-1.,-4.97731932391998E-16));
#3491=DIRECTION('center_axis',(1.53201425534783E-17,1.,4.97731932391998E-16));
#3492=DIRECTION('ref_axis',(0.,4.97731932391998E-16,-1.));
#3493=DIRECTION('center_axis',(0.,1.,0.));
#3494=DIRECTION('ref_axis',(0.,4.97731932391998E-16,-1.));
#3495=DIRECTION('',(-1.53201425534783E-17,-1.,-4.97731932391998E-16));
#3496=DIRECTION('center_axis',(0.,-1.,0.));
#3497=DIRECTION('ref_axis',(0.,4.97731932391998E-16,-1.));
#3498=DIRECTION('center_axis',(0.,-1.,0.));
#3499=DIRECTION('ref_axis',(0.,0.,-1.));
#3500=DIRECTION('',(1.,0.,0.));
#3501=DIRECTION('',(0.,0.,-1.));
#3502=DIRECTION('center_axis',(0.,1.,0.));
#3503=DIRECTION('ref_axis',(-1.,0.,0.));
#3504=DIRECTION('',(0.978147599917429,0.,0.207911694658508));
#3505=DIRECTION('center_axis',(0.,1.,0.));
#3506=DIRECTION('ref_axis',(0.978147577722405,0.,0.207911799077859));
#3507=DIRECTION('',(0.20791179907786,0.,-0.978147577722405));
#3508=DIRECTION('',(1.,0.,-1.52869845877692E-20));
#3509=DIRECTION('',(0.,0.,1.));
#3510=DIRECTION('',(-0.838670597212214,0.,0.54463898994812));
#3511=DIRECTION('',(0.,0.,1.));
#3512=DIRECTION('',(-1.,0.,0.));
#3513=DIRECTION('',(0.,0.,-1.));
#3514=DIRECTION('',(0.,0.,-1.));
#3515=DIRECTION('',(0.,0.,1.));
#3516=DIRECTION('',(1.,0.,0.));
#3517=DIRECTION('',(0.,0.,-1.));
#3518=DIRECTION('',(-0.625940383429294,0.,0.779870910082167));
#3519=DIRECTION('center_axis',(5.27101045494232E-8,0.999999999999966,-2.57265899160305E-7));
#3520=DIRECTION('ref_axis',(-4.59870045387086E-17,-2.57265899160305E-7,
-0.999999999999967));
#3521=DIRECTION('center_axis',(5.27101045494232E-8,0.999999999999966,-2.57265899160305E-7));
#3522=DIRECTION('ref_axis',(-4.59870045387086E-17,-2.57265899160305E-7,
-0.999999999999967));
#3523=DIRECTION('center_axis',(8.57247512719206E-9,1.,1.73013116249969E-9));
#3524=DIRECTION('ref_axis',(0.,-1.73013116249969E-9,1.));
#3525=DIRECTION('center_axis',(5.00145829525148E-8,0.999999999999916,-4.05925594166769E-7));
#3526=DIRECTION('ref_axis',(-5.3550954436545E-16,-4.0592559416677E-7,-0.999999999999918));
#3527=DIRECTION('center_axis',(5.00145829525148E-8,0.999999999999916,-4.05925594166769E-7));
#3528=DIRECTION('ref_axis',(-5.3550954436545E-16,-4.0592559416677E-7,-0.999999999999918));
#3529=DIRECTION('center_axis',(-0.779870910082168,3.11550516606451E-16,
-0.625940383429294));
#3530=DIRECTION('ref_axis',(-0.625940383429294,0.,0.779870910082167));
#3531=DIRECTION('',(0.625940383429294,0.,-0.779870910082167));
#3532=DIRECTION('',(0.,1.,4.97731932391998E-16));
#3533=DIRECTION('center_axis',(0.,0.,1.));
#3534=DIRECTION('ref_axis',(1.,0.,0.));
#3535=DIRECTION('',(0.,1.,0.));
#3536=DIRECTION('',(0.,1.,0.));
#3537=DIRECTION('',(-1.,0.,0.));
#3538=DIRECTION('center_axis',(1.,0.,0.));
#3539=DIRECTION('ref_axis',(0.,0.,-1.));
#3540=DIRECTION('',(0.,0.,1.));
#3541=DIRECTION('center_axis',(1.,0.,0.));
#3542=DIRECTION('ref_axis',(0.,0.,-1.));
#3543=DIRECTION('',(0.,0.,-1.));
#3544=DIRECTION('center_axis',(0.,0.,1.));
#3545=DIRECTION('ref_axis',(0.877058019306977,0.480384461415357,0.));
#3546=DIRECTION('',(0.,0.,1.));
#3547=DIRECTION('center_axis',(-0.54463898994812,-1.86222052138629E-16,
-0.838670597212214));
#3548=DIRECTION('ref_axis',(0.838670597212214,3.87963086292138E-16,-0.54463898994812));
#3549=DIRECTION('center_axis',(-0.0690188069984073,0.,0.997615358883631));
#3550=DIRECTION('ref_axis',(0.997615358883631,-1.47676738820306E-15,0.0690188069984073));
#3551=DIRECTION('',(0.,0.,-1.));
#3552=DIRECTION('center_axis',(-0.707106781186547,7.85045014943542E-17,
-0.707106781186548));
#3553=DIRECTION('ref_axis',(0.707106781186548,-1.30841038223648E-16,-0.707106781186547));
#3554=DIRECTION('center_axis',(-0.63059262509447,0.,-0.776114000116262));
#3555=DIRECTION('ref_axis',(0.776114000116262,0.,-0.63059262509447));
#3556=DIRECTION('center_axis',(0.,-1.,0.));
#3557=DIRECTION('ref_axis',(1.,0.,0.));
#3558=DIRECTION('center_axis',(0.707106781186547,-7.85045014943542E-17,
0.707106781186548));
#3559=DIRECTION('ref_axis',(0.707106781186548,0.,-0.707106781186547));
#3560=DIRECTION('center_axis',(0.,-1.,-1.11022130720655E-16));
#3561=DIRECTION('ref_axis',(0.923879532511309,0.,0.382683432365035));
#3562=DIRECTION('center_axis',(0.,-1.,0.));
#3563=DIRECTION('ref_axis',(1.,0.,0.));
#3564=DIRECTION('',(0.,1.,1.11022130720655E-16));
#3565=DIRECTION('',(0.,-1.,-1.11022130720655E-16));
#3566=DIRECTION('center_axis',(-0.707106781186547,7.85045014943542E-17,
-0.707106781186548));
#3567=DIRECTION('ref_axis',(0.707106781186548,0.,-0.707106781186547));
#3568=DIRECTION('center_axis',(-0.63059262509447,0.,-0.776114000116262));
#3569=DIRECTION('ref_axis',(0.776114000116262,0.,-0.63059262509447));
#3570=DIRECTION('center_axis',(0.,0.,-1.));
#3571=DIRECTION('ref_axis',(0.877058019306977,-0.480384461415357,0.));
#3572=DIRECTION('',(0.,0.,1.));
#3573=DIRECTION('center_axis',(-0.0690188069984073,0.,0.997615358883631));
#3574=DIRECTION('ref_axis',(0.997615358883631,1.47676738820306E-15,0.0690188069984073));
#3575=DIRECTION('center_axis',(-0.54463898994812,-1.86222052138629E-16,
-0.838670597212214));
#3576=DIRECTION('ref_axis',(0.838670597212214,3.1037046903371E-16,-0.54463898994812));
#3577=DIRECTION('',(0.,0.,-1.));
#3578=DIRECTION('center_axis',(-0.707106781186547,7.85045014943542E-17,
-0.707106781186548));
#3579=DIRECTION('ref_axis',(0.707106781186548,0.,-0.707106781186548));
#3580=DIRECTION('center_axis',(0.,0.,-1.));
#3581=DIRECTION('ref_axis',(0.,-1.,0.));
#3582=DIRECTION('',(0.,0.,1.));
#3583=DIRECTION('',(0.,0.,-1.));
#3584=DIRECTION('center_axis',(-0.54463898994812,-1.86222052138629E-16,
-0.838670597212214));
#3585=DIRECTION('ref_axis',(-0.838670597212214,0.,0.54463898994812));
#3586=DIRECTION('center_axis',(1.,0.,0.));
#3587=DIRECTION('ref_axis',(0.,0.,-1.));
#3588=DIRECTION('',(0.,0.,-1.));
#3589=DIRECTION('',(0.,-1.,0.));
#3590=DIRECTION('center_axis',(0.,0.,-1.));
#3591=DIRECTION('ref_axis',(0.,1.,0.));
#3592=DIRECTION('center_axis',(-0.54463898994812,-1.86222052138629E-16,
-0.838670597212214));
#3593=DIRECTION('ref_axis',(0.838670597212214,0.,-0.54463898994812));
#3594=DIRECTION('center_axis',(-0.54463898994812,-1.86222052138629E-16,
-0.838670597212214));
#3595=DIRECTION('ref_axis',(-0.838670597212214,0.,0.54463898994812));
#3596=DIRECTION('',(3.08999469974474E-16,-1.,2.13777530496762E-17));
#3597=DIRECTION('',(0.838670597212214,0.,-0.54463898994812));
#3598=DIRECTION('',(0.,1.,-2.2204433153808E-16));
#3599=DIRECTION('',(3.08999469974474E-16,-1.,2.13777530496762E-17));
#3600=DIRECTION('',(-0.838670597212214,0.,0.54463898994812));
#3601=DIRECTION('',(0.,1.,-2.2204433153808E-16));
#3602=DIRECTION('',(0.838670597212214,0.,-0.54463898994812));
#3603=DIRECTION('center_axis',(0.,0.,1.));
#3604=DIRECTION('ref_axis',(0.,1.,0.));
#3605=DIRECTION('',(0.,0.,-1.));
#3606=DIRECTION('center_axis',(0.,0.,1.));
#3607=DIRECTION('ref_axis',(0.,1.,0.));
#3608=DIRECTION('center_axis',(0.,0.,-1.));
#3609=DIRECTION('ref_axis',(0.,-1.,0.));
#3610=DIRECTION('center_axis',(0.,0.,1.));
#3611=DIRECTION('ref_axis',(0.,-1.,0.));
#3612=DIRECTION('',(0.,0.,1.));
#3613=DIRECTION('center_axis',(0.,0.707106781186547,0.707106781186548));
#3614=DIRECTION('ref_axis',(1.,0.,0.));
#3615=DIRECTION('',(-1.,0.,0.));
#3616=DIRECTION('',(0.,-0.707106781186548,0.707106781186548));
#3617=DIRECTION('',(1.,0.,0.));
#3618=DIRECTION('',(0.148630774446333,0.699252777215609,-0.699252777215609));
#3619=DIRECTION('center_axis',(0.,-0.707106781186548,0.707106781186548));
#3620=DIRECTION('ref_axis',(1.,0.,0.));
#3621=DIRECTION('',(-1.,0.,0.));
#3622=DIRECTION('',(0.,-0.707106781186548,-0.707106781186548));
#3623=DIRECTION('',(0.,0.707106781186548,0.707106781186548));
#3624=DIRECTION('center_axis',(0.,0.707106781186548,0.707106781186548));
#3625=DIRECTION('ref_axis',(1.,0.,0.));
#3626=DIRECTION('',(-1.,0.,0.));
#3627=DIRECTION('',(0.,-0.707106781186548,0.707106781186548));
#3628=DIRECTION('',(1.,0.,0.));
#3629=DIRECTION('',(0.,0.707106781186548,-0.707106781186548));
#3630=DIRECTION('center_axis',(1.,0.,0.));
#3631=DIRECTION('ref_axis',(0.,0.,-1.));
#3632=DIRECTION('',(0.,0.,-1.));
#3633=DIRECTION('',(0.,-0.707107760851334,-0.707105801520404));
#3634=DIRECTION('',(0.,-2.83898636266267E-7,0.99999999999996));
#3635=DIRECTION('',(0.,1.,0.));
#3636=DIRECTION('center_axis',(0.0690188069984073,0.,-0.997615358883631));
#3637=DIRECTION('ref_axis',(-0.997615358883631,0.,-0.0690188069984073));
#3638=DIRECTION('',(-0.997615358883631,0.,-0.0690188069984073));
#3639=DIRECTION('',(0.997615358883631,0.,0.0690188069984073));
#3640=DIRECTION('',(2.90890140241989E-15,1.,-2.46244609072089E-15));
#3641=DIRECTION('center_axis',(0.0690188069984073,0.,-0.997615358883631));
#3642=DIRECTION('ref_axis',(-0.997615358883631,0.,-0.0690188069984073));
#3643=DIRECTION('',(0.997615358883631,0.,0.0690188069984073));
#3644=DIRECTION('',(-6.80800628231452E-15,1.,1.0475833526701E-14));
#3645=DIRECTION('',(-0.997615358883631,0.,-0.0690188069984073));
#3646=DIRECTION('center_axis',(-0.978147636209706,0.,-0.207911523916699));
#3647=DIRECTION('ref_axis',(-0.207911523916699,0.,0.978147636209706));
#3648=DIRECTION('',(6.80800628231452E-15,-1.,-1.0475833526701E-14));
#3649=DIRECTION('',(-0.207911523916699,0.,0.978147636209706));
#3650=DIRECTION('',(-2.9968447360761E-17,1.,1.40990578081416E-16));
#3651=DIRECTION('',(0.207911523916699,0.,-0.978147636209706));
#3652=DIRECTION('center_axis',(-0.978147636209706,0.,-0.207911523916699));
#3653=DIRECTION('ref_axis',(-0.207911523916699,0.,0.978147636209706));
#3654=DIRECTION('',(-2.90890140241989E-15,-1.,2.46244609072089E-15));
#3655=DIRECTION('',(-0.207911523916699,0.,0.978147636209706));
#3656=DIRECTION('',(-2.9968447360761E-17,1.,1.40990578081416E-16));
#3657=DIRECTION('',(0.207911523916699,0.,-0.978147636209706));
#3658=DIRECTION('center_axis',(1.,0.,0.));
#3659=DIRECTION('ref_axis',(0.,0.,-1.));
#3660=DIRECTION('',(0.,-2.21352613350362E-8,-1.));
#3661=DIRECTION('',(0.,-0.707107525478714,0.707106036893598));
#3662=DIRECTION('',(0.,0.,1.));
#3663=DIRECTION('',(0.,1.,0.));
#3664=DIRECTION('center_axis',(1.,0.,0.));
#3665=DIRECTION('ref_axis',(0.,0.,-1.));
#3666=DIRECTION('',(0.,-1.,0.));
#3667=DIRECTION('',(0.,0.,-1.));
#3668=DIRECTION('',(0.,1.,1.11022784293605E-16));
#3669=DIRECTION('',(0.,0.,1.));
#3670=DIRECTION('center_axis',(-0.492013263729494,-0.0423582484208513,-0.869556626738574));
#3671=DIRECTION('ref_axis',(-0.870337766520237,0.,0.492455248899396));
#3672=DIRECTION('center_axis',(0.,1.,-2.2204433153808E-16));
#3673=DIRECTION('ref_axis',(-1.,0.,0.));
#3674=DIRECTION('center_axis',(0.489762338456608,-0.0448321286645514,0.870702550857019));
#3675=DIRECTION('ref_axis',(0.8715788932432,0.,-0.490255273151609));
#3676=DIRECTION('center_axis',(0.,-1.,2.2204433153808E-16));
#3677=DIRECTION('ref_axis',(-1.,0.,-7.77166777932695E-16));
#3678=DIRECTION('',(-0.838670815809732,1.15189130152731E-7,0.544638653337261));
#3679=DIRECTION('center_axis',(0.,-1.,-1.11022784293605E-16));
#3680=DIRECTION('ref_axis',(0.544639019315255,-9.31115426903385E-17,0.838670578140975));
#3681=DIRECTION('center_axis',(0.,1.,1.11022784293605E-16));
#3682=DIRECTION('ref_axis',(0.544639019315255,0.,0.838670578140975));
#3683=DIRECTION('',(0.838426936401908,-0.000122340333619628,-0.545013997387731));
#3684=DIRECTION('center_axis',(-5.00145829525148E-8,-0.999999999999916,
4.05925594166769E-7));
#3685=DIRECTION('ref_axis',(2.55764596190636E-15,-4.05925593983551E-7,-0.999999999999918));
#3686=DIRECTION('',(-1.,0.,0.));
#3687=DIRECTION('',(-1.,0.,0.));
#3688=DIRECTION('center_axis',(-5.00145829525148E-8,-0.999999999999916,
4.05925594166769E-7));
#3689=DIRECTION('ref_axis',(2.55764333158515E-15,-4.05925593891345E-7,-0.999999999999918));
#3690=DIRECTION('',(1.,0.,0.));
#3691=DIRECTION('center_axis',(-5.27101045494232E-8,-0.999999999999966,
2.57265899160305E-7));
#3692=DIRECTION('ref_axis',(-6.38914166526686E-16,-2.57265898730474E-7,
-0.999999999999967));
#3693=DIRECTION('',(-1.,0.,0.));
#3694=DIRECTION('',(-1.,0.,0.));
#3695=DIRECTION('center_axis',(-5.27101045494232E-8,-0.999999999999966,
2.57265899160305E-7));
#3696=DIRECTION('ref_axis',(-6.38904926623639E-16,-2.5726589860725E-7,-0.999999999999967));
#3697=DIRECTION('',(1.,0.,0.));
#3698=DIRECTION('center_axis',(1.71449502543841E-8,1.,3.46026232499937E-9));
#3699=DIRECTION('ref_axis',(0.,-3.46026376059154E-9,1.));
#3700=DIRECTION('center_axis',(-1.,1.71449502543841E-8,5.93264398734527E-17));
#3701=DIRECTION('ref_axis',(0.,3.46028649796067E-9,-1.));
#3702=DIRECTION('center_axis',(-1.71449502543841E-8,-1.,-3.46026232499937E-9));
#3703=DIRECTION('ref_axis',(9.9999624722689E-16,-3.46026212533358E-9,1.));
#3704=DIRECTION('center_axis',(0.,0.,-1.));
#3705=DIRECTION('ref_axis',(-1.,0.,0.));
#3706=DIRECTION('center_axis',(-1.,0.,0.));
#3707=DIRECTION('ref_axis',(0.,-0.707106617561937,-0.70710694481112));
#3708=DIRECTION('center_axis',(0.,1.,0.));
#3709=DIRECTION('ref_axis',(1.,0.,0.));
#3710=DIRECTION('center_axis',(0.,0.,1.));
#3711=DIRECTION('ref_axis',(-1.,0.,0.));
#3712=DIRECTION('center_axis',(0.,0.,-1.));
#3713=DIRECTION('ref_axis',(-1.,0.,0.));
#3714=DIRECTION('center_axis',(-1.,0.,0.));
#3715=DIRECTION('ref_axis',(0.,1.,0.));
#3716=DIRECTION('center_axis',(1.25101939948937E-8,8.031256767949E-8,0.999999999999997));
#3717=DIRECTION('ref_axis',(-1.,6.06011815586047E-17,1.25101939948937E-8));
#3718=DIRECTION('center_axis',(0.,-1.,0.));
#3719=DIRECTION('ref_axis',(1.,0.,0.));
#3720=DIRECTION('center_axis',(0.,0.,-1.));
#3721=DIRECTION('ref_axis',(-1.,0.,0.));
#3722=DIRECTION('center_axis',(1.,0.,0.));
#3723=DIRECTION('ref_axis',(0.,0.707105422403782,0.707108139966702));
#3724=DIRECTION('center_axis',(-1.79929278562441E-8,1.,-1.10527114335182E-9));
#3725=DIRECTION('ref_axis',(0.978147389757318,1.78295421506747E-8,0.207912683381618));
#3726=DIRECTION('center_axis',(0.207911719096435,0.,-0.978147594722987));
#3727=DIRECTION('ref_axis',(0.978147594722985,1.78295490745525E-8,0.207911719096445));
#3728=DIRECTION('center_axis',(-0.978147559946673,0.,-0.207911882706041));
#3729=DIRECTION('ref_axis',(-0.207911882706041,-2.65981726240954E-9,0.978147559946673));
#3730=DIRECTION('center_axis',(-0.549528086717565,0.549525163614729,0.629317865996778));
#3731=DIRECTION('ref_axis',(0.,0.753245378795015,-0.657739613619215));
#3732=DIRECTION('center_axis',(0.,-1.,-2.71923825787916E-9));
#3733=DIRECTION('ref_axis',(-0.207911882706045,-2.65981827313749E-9,0.978147559946672));
#3734=DIRECTION('center_axis',(0.978147559946673,0.,0.207911882706041));
#3735=DIRECTION('ref_axis',(-0.20791188270604,-2.65981726240954E-9,0.978147559946673));
#3736=DIRECTION('center_axis',(0.,0.,-1.));
#3737=DIRECTION('ref_axis',(-1.,0.,0.));
#3738=DIRECTION('center_axis',(0.,-1.,-2.71923825787916E-9));
#3739=DIRECTION('ref_axis',(-0.207911882706045,-2.65981827313749E-9,0.978147559946672));
#3740=DIRECTION('center_axis',(0.835475243145235,0.361446391430499,0.413929491838019));
#3741=DIRECTION('ref_axis',(0.,-0.75324537879499,0.657739613619243));
#3742=DIRECTION('center_axis',(1.,0.,0.));
#3743=DIRECTION('ref_axis',(0.,0.707096717720392,0.707116844509484));
#3744=DIRECTION('center_axis',(5.12381691767722E-8,0.999999999999999,1.61030083364804E-8));
#3745=DIRECTION('ref_axis',(0.9781478679298,-5.34664857632226E-8,0.20791043375546));
#3746=DIRECTION('center_axis',(0.207911799077859,0.,-0.978147577722405));
#3747=DIRECTION('ref_axis',(0.978147577722405,-5.3466524735214E-8,0.207911799077853));
#3748=DIRECTION('center_axis',(-0.978147599917429,0.,-0.207911694658508));
#3749=DIRECTION('ref_axis',(-0.207911694658508,-5.09814415506974E-9,0.978147599917429));
#3750=DIRECTION('center_axis',(-0.549536902656047,0.549514150556832,0.629319784336233));
#3751=DIRECTION('ref_axis',(0.,0.75325290291876,-0.657730996870652));
#3752=DIRECTION('center_axis',(0.,-1.,-5.21202824745432E-9));
#3753=DIRECTION('ref_axis',(-0.207911694658512,-5.09813163705595E-9,0.978147599917428));
#3754=DIRECTION('center_axis',(0.978147599917429,0.,0.207911694658508));
#3755=DIRECTION('ref_axis',(-0.207911694658512,-5.09814415506974E-9,0.978147599917429));
#3756=DIRECTION('center_axis',(0.,0.,-1.));
#3757=DIRECTION('ref_axis',(-1.,0.,0.));
#3758=DIRECTION('center_axis',(0.,-1.,-5.21202824745432E-9));
#3759=DIRECTION('ref_axis',(-0.207911694658512,-5.09813163705595E-9,0.978147599917428));
#3760=DIRECTION('center_axis',(0.83546944445571,0.361447454801196,0.41394026718671));
#3761=DIRECTION('ref_axis',(0.,-0.753252902918785,0.657730996870623));
#3762=DIRECTION('center_axis',(1.,0.,0.));
#3763=DIRECTION('ref_axis',(0.,-1.,0.));
#3764=DIRECTION('center_axis',(-0.978147599917429,0.,-0.207911694658508));
#3765=DIRECTION('ref_axis',(-6.10623360990523E-16,-1.,2.7929079863487E-15));
#3766=DIRECTION('center_axis',(0.20791179907786,0.,-0.978147577722405));
#3767=DIRECTION('ref_axis',(-1.77634727590647E-15,-1.,-7.10538910362587E-15));
#3768=DIRECTION('center_axis',(5.12381527856733E-8,-0.999999999999999,1.61030629625046E-8));
#3769=DIRECTION('ref_axis',(-0.207910191122523,5.09824062466846E-9,0.978147919502667));
#3770=DIRECTION('center_axis',(-0.549529132526929,-0.549522187964015,0.629319551133955));
#3771=DIRECTION('ref_axis',(0.,0.753248015949895,0.657736593529315));
#3772=DIRECTION('center_axis',(0.,0.,-1.));
#3773=DIRECTION('ref_axis',(0.,-1.,0.));
#3774=DIRECTION('center_axis',(0.978147599917429,0.,0.207911694658508));
#3775=DIRECTION('ref_axis',(3.55271773667213E-15,-1.,3.55271773667213E-15));
#3776=DIRECTION('center_axis',(0.,1.,-5.21204070958915E-9));
#3777=DIRECTION('ref_axis',(-1.,0.,-8.39071172581544E-16));
#3778=DIRECTION('center_axis',(0.,0.,-1.));
#3779=DIRECTION('ref_axis',(0.,-1.,0.));
#3780=DIRECTION('center_axis',(0.835474555270393,-0.361445419673335,0.413931728782544));
#3781=DIRECTION('ref_axis',(0.,-0.753248015949912,-0.657736593529295));
#3782=DIRECTION('center_axis',(-2.03547437327822E-6,2.09644996880157E-6,
0.999999999995731));
#3783=DIRECTION('ref_axis',(0.999999999997928,0.,2.0354743732827E-6));
#3784=DIRECTION('',(0.707106781186548,0.,0.707106781186548));
#3785=DIRECTION('center_axis',(0.,0.,1.));
#3786=DIRECTION('ref_axis',(0.999999999997802,-2.09646489508559E-6,0.));
#3787=DIRECTION('center_axis',(-3.62707564143333E-6,-3.19438525046312E-6,
0.99999999998832));
#3788=DIRECTION('ref_axis',(0.999999999993422,0.,3.62707564145184E-6));
#3789=DIRECTION('center_axis',(0.,0.,1.));
#3790=DIRECTION('ref_axis',(0.999999999994898,3.19442402403609E-6,0.));
#3791=DIRECTION('',(-0.707106781186548,0.,-0.707106781186548));
#3792=DIRECTION('',(1.08095304659058E-20,0.707106781186548,0.707106781186548));
#3793=DIRECTION('center_axis',(-4.59156583422483E-6,4.38395344765611E-6,
0.999999999979849));
#3794=DIRECTION('ref_axis',(0.999999999989459,0.,4.59156583426895E-6));
#3795=DIRECTION('',(0.,-0.70710694481112,0.707106617561937));
#3796=DIRECTION('center_axis',(0.,0.,-1.));
#3797=DIRECTION('ref_axis',(0.99999999999039,-4.38402293459281E-6,0.));
#3798=DIRECTION('',(-0.70710694481112,0.,-0.707106617561937));
#3799=DIRECTION('center_axis',(-3.24500630900426E-6,-3.42956344484198E-6,
0.999999999988854));
#3800=DIRECTION('ref_axis',(0.999999999994735,0.,3.24500630902334E-6));
#3801=DIRECTION('',(0.,-0.707106747950292,-0.707106814422801));
#3802=DIRECTION('',(0.70710694481112,0.,0.707106617561937));
#3803=DIRECTION('center_axis',(0.,0.,-1.));
#3804=DIRECTION('ref_axis',(0.999999999994119,3.42960310906885E-6,5.55112789080792E-17));
#3805=DIRECTION('center_axis',(0.,-1.,0.));
#3806=DIRECTION('ref_axis',(0.,0.,1.));
#3807=DIRECTION('center_axis',(0.,-1.,0.));
#3808=DIRECTION('ref_axis',(0.,0.,1.));
#3809=DIRECTION('',(0.,-1.,0.));
#3810=DIRECTION('center_axis',(0.,1.,0.));
#3811=DIRECTION('ref_axis',(0.,0.,1.));
#3812=DIRECTION('center_axis',(1.970273578031E-8,0.707105801520404,-0.707107760851333));
#3813=DIRECTION('ref_axis',(0.,0.707107760851333,0.707105801520404));
#3814=DIRECTION('center_axis',(0.,1.,0.));
#3815=DIRECTION('ref_axis',(0.,0.,1.));
#3816=DIRECTION('',(0.,1.,0.));
#3817=DIRECTION('center_axis',(0.,-1.,0.));
#3818=DIRECTION('ref_axis',(0.,0.,1.));
#3819=DIRECTION('center_axis',(0.,-1.,0.));
#3820=DIRECTION('ref_axis',(0.,0.,1.));
#3821=DIRECTION('center_axis',(7.37927614254405E-9,-0.707106036893598,-0.707107525478714));
#3822=DIRECTION('ref_axis',(0.,-0.707107525478714,0.707106036893598));
#3823=DIRECTION('center_axis',(0.,-1.,0.));
#3824=DIRECTION('ref_axis',(0.,0.,1.));
#3825=DIRECTION('',(0.,-1.,0.));
#3826=DIRECTION('center_axis',(0.,1.,0.));
#3827=DIRECTION('ref_axis',(0.,0.,1.));
#3828=DIRECTION('',(0.,1.,0.));
#3829=DIRECTION('center_axis',(0.,0.,1.));
#3830=DIRECTION('ref_axis',(1.,0.,0.));
#3831=DIRECTION('center_axis',(-0.544639019315255,9.31115426903385E-17,
-0.838670578140975));
#3832=DIRECTION('ref_axis',(0.838670578140975,0.,-0.544639019315255));
#3833=DIRECTION('',(0.,0.,-1.));
#3834=DIRECTION('center_axis',(0.,0.,1.));
#3835=DIRECTION('ref_axis',(1.,0.,0.));
#3836=DIRECTION('center_axis',(0.,0.,1.));
#3837=DIRECTION('ref_axis',(1.,0.,0.));
#3838=DIRECTION('center_axis',(0.,0.,1.));
#3839=DIRECTION('ref_axis',(1.,0.,0.));
#3840=DIRECTION('',(0.,0.,1.));
#3841=DIRECTION('center_axis',(-0.544639019315255,9.31115426903385E-17,
-0.838670578140975));
#3842=DIRECTION('ref_axis',(0.838670578140975,0.,-0.544639019315255));
#3843=DIRECTION('center_axis',(0.,0.,-1.));
#3844=DIRECTION('ref_axis',(0.,-1.,0.));
#3845=DIRECTION('',(0.,0.,-1.));
#3846=DIRECTION('center_axis',(0.,0.,-1.));
#3847=DIRECTION('ref_axis',(0.,-1.,0.));
#3848=DIRECTION('',(0.,0.,1.));
#3849=DIRECTION('center_axis',(0.,0.,1.));
#3850=DIRECTION('ref_axis',(0.,-1.,0.));
#3851=DIRECTION('center_axis',(0.,0.,-1.));
#3852=DIRECTION('ref_axis',(-1.,0.,0.));
#3853=DIRECTION('',(0.,0.,-1.));
#3854=DIRECTION('center_axis',(0.,0.,-1.));
#3855=DIRECTION('ref_axis',(-1.,0.,0.));
#3856=DIRECTION('',(0.,0.,1.));
#3857=DIRECTION('center_axis',(0.,0.,1.));
#3858=DIRECTION('ref_axis',(-1.,0.,0.));
#3859=DIRECTION('center_axis',(0.,0.,-1.));
#3860=DIRECTION('ref_axis',(0.,1.,0.));
#3861=DIRECTION('center_axis',(0.,0.,1.));
#3862=DIRECTION('ref_axis',(0.,1.,0.));
#3863=DIRECTION('',(0.,0.,-1.));
#3864=DIRECTION('center_axis',(0.,0.,-1.));
#3865=DIRECTION('ref_axis',(0.,1.,0.));
#3866=DIRECTION('',(0.,0.,1.));
#3867=DIRECTION('center_axis',(0.,0.,-1.));
#3868=DIRECTION('ref_axis',(0.,1.,0.));
#3869=DIRECTION('center_axis',(0.,0.,1.));
#3870=DIRECTION('ref_axis',(0.,1.,0.));
#3871=DIRECTION('',(0.,0.,-1.));
#3872=DIRECTION('center_axis',(0.,0.,-1.));
#3873=DIRECTION('ref_axis',(0.,1.,0.));
#3874=DIRECTION('',(0.,0.,1.));
#3875=DIRECTION('center_axis',(2.1640938261302E-7,-2.77131459696889E-7,
0.999999999999938));
#3876=DIRECTION('ref_axis',(0.707106823344574,-0.707106739028433,-3.48986073829931E-7));
#3877=DIRECTION('',(0.,0.,-1.));
#3878=DIRECTION('center_axis',(0.,0.,-1.));
#3879=DIRECTION('ref_axis',(-0.615369495612462,0.788238786072891,0.));
#3880=DIRECTION('center_axis',(-1.970273578031E-8,-0.707105801520404,0.707107760851333));
#3881=DIRECTION('ref_axis',(-3.25752394011252E-7,-0.707107760851292,-0.707105801520371));
#3882=DIRECTION('',(0.,0.,-1.));
#3883=DIRECTION('center_axis',(0.,0.,-1.));
#3884=DIRECTION('ref_axis',(-0.615369495612462,0.788238786072891,0.));
#3885=DIRECTION('',(0.,0.,1.));
#3886=DIRECTION('center_axis',(-2.74533425388595E-9,-2.20494132969689E-8,
-1.));
#3887=DIRECTION('ref_axis',(1.,0.,-2.74533425388595E-9));
#3888=DIRECTION('',(0.,0.,-1.));
#3889=DIRECTION('center_axis',(0.,0.,-1.));
#3890=DIRECTION('ref_axis',(-8.2173017042694E-33,-1.,0.));
#3891=DIRECTION('',(0.,0.,1.));
#3892=DIRECTION('center_axis',(-7.37927614254405E-9,0.707106036893598,0.707107525478714));
#3893=DIRECTION('ref_axis',(1.94124242421354E-9,-0.707107525478714,0.707106036893598));
#3894=DIRECTION('center_axis',(0.,0.,-1.));
#3895=DIRECTION('ref_axis',(-8.2173017042694E-33,-1.,0.));
#3896=DIRECTION('center_axis',(0.,1.,-2.2204433153808E-16));
#3897=DIRECTION('ref_axis',(-1.,0.,0.));
#3898=DIRECTION('',(0.,-1.,2.2204433153808E-16));
#3899=DIRECTION('center_axis',(6.80800628231452E-15,-1.,-1.0475833526701E-14));
#3900=DIRECTION('ref_axis',(0.,-1.0475833526701E-14,1.));
#3901=DIRECTION('center_axis',(0.,-1.,0.));
#3902=DIRECTION('ref_axis',(0.,-1.0475833526701E-14,1.));
#3903=DIRECTION('center_axis',(0.,1.,0.));
#3904=DIRECTION('ref_axis',(0.,-1.0475833526701E-14,1.));
#3905=DIRECTION('center_axis',(2.90890140241989E-15,1.,-2.46244609072089E-15));
#3906=DIRECTION('ref_axis',(0.,-2.46244609072089E-15,-1.));
#3907=DIRECTION('center_axis',(0.,-1.,0.));
#3908=DIRECTION('ref_axis',(0.,-2.46244609072089E-15,-1.));
#3909=DIRECTION('center_axis',(0.,1.,0.));
#3910=DIRECTION('ref_axis',(0.,-2.46244609072089E-15,-1.));
#3911=DIRECTION('center_axis',(-0.207911697762819,2.00880308797179E-14,
0.978147599257588));
#3912=DIRECTION('ref_axis',(-0.978147599257588,0.,-0.207911697762819));
#3913=DIRECTION('center_axis',(-0.207911719929668,-7.80806664300433E-14,
0.978147594545878));
#3914=DIRECTION('ref_axis',(-0.978147594545878,-4.55236358987235E-22,-0.207911719929668));
#3915=DIRECTION('',(-0.207911697762819,2.00880308797179E-14,0.978147599257588));
#3916=DIRECTION('center_axis',(0.207911882706041,2.65981626685814E-9,-0.978147559946673));
#3917=DIRECTION('ref_axis',(-0.978147559946673,-3.7981437873698E-21,-0.207911882706041));
#3918=DIRECTION('center_axis',(-2.9968447360761E-17,1.,1.40990578081416E-16));
#3919=DIRECTION('ref_axis',(-0.707106781186548,0.,-0.707106781186548));
#3920=DIRECTION('center_axis',(0.,1.,0.));
#3921=DIRECTION('ref_axis',(-0.707106781186548,0.,-0.707106781186548));
#3922=DIRECTION('',(-2.9968447360761E-17,1.,1.40990578081416E-16));
#3923=DIRECTION('center_axis',(0.,-1.,0.));
#3924=DIRECTION('ref_axis',(-0.707106781186548,0.,-0.707106781186548));
#3925=DIRECTION('center_axis',(2.9968447360761E-17,-1.,-1.40990578081416E-16));
#3926=DIRECTION('ref_axis',(-0.707106781186548,0.,-0.707106781186548));
#3927=DIRECTION('center_axis',(0.,1.,0.));
#3928=DIRECTION('ref_axis',(-0.707106781186548,0.,-0.707106781186548));
#3929=DIRECTION('',(-2.9968447360761E-17,1.,1.40990578081416E-16));
#3930=DIRECTION('center_axis',(0.,-1.,0.));
#3931=DIRECTION('ref_axis',(-0.707106781186548,0.,-0.707106781186548));
#3932=DIRECTION('center_axis',(0.,-1.,-1.11022784293605E-16));
#3933=DIRECTION('ref_axis',(0.544639019315255,0.,0.838670578140975));
#3934=DIRECTION('',(0.,1.,1.11022784293605E-16));
#3935=DIRECTION('center_axis',(1.25101939948937E-8,8.031256767949E-8,0.999999999999997));
#3936=DIRECTION('ref_axis',(0.707106792522979,0.707106769850113,-6.56356034597824E-8));
#3937=DIRECTION('',(0.,0.,-1.));
#3938=DIRECTION('center_axis',(0.,0.,-1.));
#3939=DIRECTION('ref_axis',(0.,-1.,0.));
#3940=DIRECTION('',(2.50148252195286E-8,0.,1.));
#3941=DIRECTION('center_axis',(0.,0.,1.));
#3942=DIRECTION('ref_axis',(0.,-1.,0.));
#3943=DIRECTION('',(0.,0.,1.));
#3944=DIRECTION('center_axis',(4.6681888054322E-8,-5.55030365649428E-8,
0.999999999999997));
#3945=DIRECTION('ref_axis',(0.707106780586027,-0.707106781787064,-7.22556531386156E-8));
#3946=DIRECTION('',(0.,0.,-1.));
#3947=DIRECTION('center_axis',(0.,0.,1.));
#3948=DIRECTION('ref_axis',(0.,-1.,0.));
#3949=DIRECTION('',(-5.53236829452461E-8,0.,-0.999999999999998));
#3950=DIRECTION('center_axis',(0.,0.,-1.));
#3951=DIRECTION('ref_axis',(0.,-1.,0.));
#3952=DIRECTION('',(0.,0.,1.));
#3953=DIRECTION('center_axis',(1.,0.,0.));
#3954=DIRECTION('ref_axis',(0.,-0.707106617561937,-0.70710694481112));
#3955=DIRECTION('center_axis',(-1.,0.,0.));
#3956=DIRECTION('ref_axis',(0.,-0.707106617561937,-0.70710694481112));
#3957=DIRECTION('',(-1.,0.,0.));
#3958=DIRECTION('',(1.,0.,0.));
#3959=DIRECTION('center_axis',(0.,-1.,0.));
#3960=DIRECTION('ref_axis',(1.,0.,0.));
#3961=DIRECTION('',(0.,-1.,0.));
#3962=DIRECTION('',(0.,1.,0.));
#3963=DIRECTION('center_axis',(1.,0.,0.));
#3964=DIRECTION('ref_axis',(0.,1.,0.));
#3965=DIRECTION('center_axis',(-1.,0.,0.));
#3966=DIRECTION('ref_axis',(0.,1.,0.));
#3967=DIRECTION('',(-1.,0.,0.));
#3968=DIRECTION('',(1.,0.,0.));
#3969=DIRECTION('center_axis',(-0.207911681701816,7.21611499553107E-16,
0.978147602671459));
#3970=DIRECTION('ref_axis',(-0.978147602671459,0.,-0.207911681701816));
#3971=DIRECTION('center_axis',(-0.207911661414402,-1.60613779024123E-13,
0.978147606983682));
#3972=DIRECTION('ref_axis',(-0.978147606983682,1.49666891515883E-23,-0.207911661414402));
#3973=DIRECTION('',(-0.207911681701816,7.21611499553107E-16,0.978147602671459));
#3974=DIRECTION('center_axis',(0.207911694658508,5.09813292094929E-9,-0.978147599917429));
#3975=DIRECTION('ref_axis',(1.05996138913396E-9,-1.,-4.98672649472699E-9));
#3976=DIRECTION('center_axis',(-0.207911681701814,4.4451606893729E-17,0.97814760267146));
#3977=DIRECTION('ref_axis',(-0.97814760267146,0.,-0.207911681701814));
#3978=DIRECTION('center_axis',(-0.207911661414402,2.00902969029582E-14,
0.978147606983682));
#3979=DIRECTION('ref_axis',(-0.978147606983682,9.21954966948289E-25,-0.207911661414402));
#3980=DIRECTION('',(-0.207911681701814,4.4451606893729E-17,0.97814760267146));
#3981=DIRECTION('center_axis',(0.207911694658508,-5.09814511075657E-9,-0.978147599917429));
#3982=DIRECTION('ref_axis',(-0.978147599917429,-5.88812858990136E-25,-0.207911694658508));
#3983=DIRECTION('center_axis',(0.,0.,1.));
#3984=DIRECTION('ref_axis',(-1.,0.,0.));
#3985=DIRECTION('',(0.,0.,-1.));
#3986=DIRECTION('',(0.,0.,1.));
#3987=DIRECTION('center_axis',(0.,0.,-1.));
#3988=DIRECTION('ref_axis',(-1.,0.,0.));
#3989=DIRECTION('center_axis',(-0.978147559946673,0.,-0.207911882706041));
#3990=DIRECTION('ref_axis',(-0.207911882706034,-2.65981726240955E-9,0.978147559946674));
#3991=DIRECTION('',(-0.978147559946673,0.,-0.207911882706041));
#3992=DIRECTION('',(0.978147559946673,0.,0.207911882706041));
#3993=DIRECTION('center_axis',(-0.207911719096435,0.,0.978147594722987));
#3994=DIRECTION('ref_axis',(0.978147594722987,1.78295490745524E-8,0.207911719096434));
#3995=DIRECTION('',(-0.207911719096435,0.,0.978147594722987));
#3996=DIRECTION('center_axis',(0.,0.,-1.));
#3997=DIRECTION('ref_axis',(1.,1.74399305422689E-8,0.));
#3998=DIRECTION('',(0.207911719096435,0.,-0.978147594722987));
#3999=DIRECTION('center_axis',(-1.7992931809179E-8,1.,-1.10528115108585E-9));
#4000=DIRECTION('ref_axis',(-0.207911882706043,-2.65981829498578E-9,0.978147559946672));
#4001=DIRECTION('center_axis',(0.,-1.,0.));
#4002=DIRECTION('ref_axis',(0.978147559946672,0.,0.207911882706043));
#4003=DIRECTION('',(1.7992931809179E-8,-1.,1.10528115108585E-9));
#4004=DIRECTION('',(-1.7992931809179E-8,1.,-1.10528115108585E-9));
#4005=DIRECTION('center_axis',(0.,1.,2.71923825787916E-9));
#4006=DIRECTION('ref_axis',(-0.207911882706044,-2.65981827313748E-9,0.978147559946672));
#4007=DIRECTION('center_axis',(0.,-1.,0.));
#4008=DIRECTION('ref_axis',(-0.207911882706044,0.,0.978147559946672));
#4009=DIRECTION('',(0.,-1.,-2.71923825787916E-9));
#4010=DIRECTION('',(0.,1.,2.71923825787916E-9));
#4011=DIRECTION('center_axis',(0.,0.,1.));
#4012=DIRECTION('ref_axis',(-1.,0.,0.));
#4013=DIRECTION('',(0.,0.,-1.));
#4014=DIRECTION('',(0.,0.,1.));
#4015=DIRECTION('center_axis',(0.,0.,-1.));
#4016=DIRECTION('ref_axis',(-1.,0.,0.));
#4017=DIRECTION('center_axis',(5.12381796274654E-8,0.999999999999999,1.61030397455786E-8));
#4018=DIRECTION('ref_axis',(-0.207911694658506,-5.09812852427315E-9,0.97814759991743));
#4019=DIRECTION('center_axis',(0.,-1.,0.));
#4020=DIRECTION('ref_axis',(0.97814759991743,0.,0.207911694658506));
#4021=DIRECTION('',(-5.12381796274654E-8,-0.999999999999999,-1.61030397455786E-8));
#4022=DIRECTION('',(5.12381796274654E-8,0.999999999999999,1.61030397455786E-8));
#4023=DIRECTION('center_axis',(-0.978147599917429,0.,-0.207911694658508));
#4024=DIRECTION('ref_axis',(-0.207911694658508,-5.09814415506973E-9,0.978147599917429));
#4025=DIRECTION('',(-0.978147599917429,0.,-0.207911694658508));
#4026=DIRECTION('',(0.978147599917429,0.,0.207911694658508));
#4027=DIRECTION('center_axis',(-0.207911799077859,0.,0.978147577722405));
#4028=DIRECTION('ref_axis',(0.978147577722403,-5.34665247352142E-8,0.207911799077859));
#4029=DIRECTION('',(-0.207911799077859,0.,0.978147577722405));
#4030=DIRECTION('center_axis',(0.,0.,-1.));
#4031=DIRECTION('ref_axis',(0.999999999999999,-5.22981516589849E-8,0.));
#4032=DIRECTION('',(0.207911799077859,0.,-0.978147577722405));
#4033=DIRECTION('center_axis',(0.,1.,5.21202824745432E-9));
#4034=DIRECTION('ref_axis',(-0.207911694658512,-5.09814584799468E-9,0.978147599917428));
#4035=DIRECTION('center_axis',(0.,-1.,0.));
#4036=DIRECTION('ref_axis',(-0.207911694658512,0.,0.978147599917428));
#4037=DIRECTION('',(0.,-1.,-5.21202824745432E-9));
#4038=DIRECTION('',(0.,1.,5.21202824745432E-9));
#4039=DIRECTION('center_axis',(0.,-1.,5.21204070958915E-9));
#4040=DIRECTION('ref_axis',(-1.,0.,0.));
#4041=DIRECTION('',(0.,-1.,5.21204070958915E-9));
#4042=DIRECTION('',(0.,1.,-5.21204070958915E-9));
#4043=DIRECTION('center_axis',(-0.978147599917429,0.,-0.207911694658508));
#4044=DIRECTION('ref_axis',(0.,-1.,0.));
#4045=DIRECTION('',(-0.978147599917429,0.,-0.207911694658508));
#4046=DIRECTION('',(0.978147599917429,0.,0.207911694658508));
#4047=DIRECTION('center_axis',(5.12381478326382E-8,-0.999999999999999,1.61030454495141E-8));
#4048=DIRECTION('ref_axis',(0.978147577722404,5.34664835150103E-8,0.207911799077858));
#4049=DIRECTION('',(5.12381478326382E-8,-0.999999999999999,1.61030454495141E-8));
#4050=DIRECTION('',(-5.12381478326382E-8,0.999999999999999,-1.61030454495141E-8));
#4051=DIRECTION('center_axis',(-0.20791179907786,0.,0.978147577722405));
#4052=DIRECTION('ref_axis',(0.,-1.,0.));
#4053=DIRECTION('',(-0.20791179907786,0.,0.978147577722405));
#4054=DIRECTION('center_axis',(0.,0.,-1.));
#4055=DIRECTION('ref_axis',(1.,0.,0.));
#4056=DIRECTION('',(0.20791179907786,0.,-0.978147577722405));
#4057=DIRECTION('center_axis',(0.,0.,1.));
#4058=DIRECTION('ref_axis',(0.,-1.,0.));
#4059=DIRECTION('center_axis',(0.,0.,-1.));
#4060=DIRECTION('ref_axis',(0.,-1.,0.));
#4061=DIRECTION('',(0.,0.,-1.));
#4062=DIRECTION('',(0.,0.,1.));
#4063=DIRECTION('center_axis',(0.,0.,1.));
#4064=DIRECTION('ref_axis',(1.,0.,0.));
#4065=DIRECTION('',(0.,-1.,0.));
#4066=DIRECTION('',(-1.,0.,0.));
#4067=DIRECTION('',(5.46609882510079E-8,0.999999999999999,0.));
#4068=DIRECTION('',(-1.,-3.83333096168391E-20,0.));
#4069=DIRECTION('',(0.,-1.,0.));
#4070=DIRECTION('',(-1.,0.,0.));
#4071=DIRECTION('',(-1.82278666037303E-8,1.,0.));
#4072=DIRECTION('',(0.,-1.,0.));
#4073=DIRECTION('',(1.,1.52869845877692E-20,0.));
#4074=DIRECTION('',(-5.46609576685904E-8,0.999999999999999,0.));
#4075=DIRECTION('',(1.,0.,0.));
#4076=DIRECTION('',(0.,-1.,0.));
#4077=DIRECTION('',(0.,1.,0.));
#4078=DIRECTION('',(0.,-1.,0.));
#4079=DIRECTION('',(-1.,0.,0.));
#4080=DIRECTION('',(0.,1.,0.));
#4081=DIRECTION('',(1.,0.,0.));
#4082=DIRECTION('center_axis',(0.707106781186548,0.,-0.707106781186548));
#4083=DIRECTION('ref_axis',(-0.707106781186548,0.,-0.707106781186548));
#4084=DIRECTION('center_axis',(1.08095304659058E-20,-0.707106781186547,
0.707106781186548));
#4085=DIRECTION('ref_axis',(1.,0.,-1.52869845877692E-20));
#4086=DIRECTION('',(-0.14863088272789,0.699252765707626,0.699252765707626));
#4087=DIRECTION('center_axis',(1.,0.,0.));
#4088=DIRECTION('ref_axis',(0.,0.,-1.));
#4089=DIRECTION('',(0.,1.,0.));
#4090=DIRECTION('',(0.,0.,1.));
#4091=DIRECTION('center_axis',(-2.71057431753904E-20,0.707106781186548,
0.707106781186547));
#4092=DIRECTION('ref_axis',(1.,0.,3.83333096168391E-20));
#4093=DIRECTION('',(-1.,0.,-3.83333096168391E-20));
#4094=DIRECTION('',(0.,-0.707106781186548,0.707106781186548));
#4095=DIRECTION('',(0.14863088272791,0.699252765707624,-0.699252765707624));
#4096=DIRECTION('center_axis',(1.,0.,0.));
#4097=DIRECTION('ref_axis',(0.,0.,-1.));
#4098=DIRECTION('',(0.,1.,0.));
#4099=DIRECTION('center_axis',(0.,1.,0.));
#4100=DIRECTION('ref_axis',(0.,0.,1.));
#4101=DIRECTION('',(1.,0.,0.));
#4102=DIRECTION('center_axis',(1.,0.,0.));
#4103=DIRECTION('ref_axis',(0.,0.,-1.));
#4104=DIRECTION('',(0.,-1.,0.));
#4105=DIRECTION('center_axis',(0.,1.,0.));
#4106=DIRECTION('ref_axis',(0.,0.,1.));
#4107=DIRECTION('',(-1.,0.,0.));
#4108=DIRECTION('center_axis',(0.,0.,1.));
#4109=DIRECTION('ref_axis',(1.,0.,0.));
#4110=DIRECTION('',(-1.,0.,0.));
#4111=DIRECTION('',(0.,-1.,0.));
#4112=DIRECTION('',(0.,-1.,0.));
#4113=DIRECTION('',(1.,0.,0.));
#4114=DIRECTION('',(0.,1.,0.));
#4115=DIRECTION('center_axis',(1.,0.,0.));
#4116=DIRECTION('ref_axis',(0.,0.,-1.));
#4117=DIRECTION('',(0.,0.,-1.));
#4118=DIRECTION('',(0.,0.,1.));
#4119=DIRECTION('',(0.,-1.,0.));
#4120=DIRECTION('',(0.,0.,1.));
#4121=DIRECTION('center_axis',(0.,0.,1.));
#4122=DIRECTION('ref_axis',(1.,0.,0.));
#4123=DIRECTION('',(-1.,0.,0.));
#4124=DIRECTION('',(1.,0.,0.));
#4125=DIRECTION('center_axis',(0.,1.,0.));
#4126=DIRECTION('ref_axis',(0.,0.,1.));
#4127=DIRECTION('',(-0.707106781186548,0.,0.707106781186548));
#4128=DIRECTION('center_axis',(0.,1.,0.));
#4129=DIRECTION('ref_axis',(0.,0.,1.));
#4130=DIRECTION('',(0.707106781186548,0.,-0.707106781186548));
#4131=DIRECTION('center_axis',(0.,0.,1.));
#4132=DIRECTION('ref_axis',(1.,0.,0.));
#4133=DIRECTION('',(1.,0.,0.));
#4134=DIRECTION('',(0.,1.,0.));
#4135=DIRECTION('center_axis',(1.,0.,0.));
#4136=DIRECTION('ref_axis',(0.,0.,-1.));
#4137=DIRECTION('',(0.,0.,-1.));
#4138=DIRECTION('',(0.,0.,1.));
#4139=DIRECTION('center_axis',(0.,1.,0.));
#4140=DIRECTION('ref_axis',(0.,0.,1.));
#4141=DIRECTION('',(-1.,0.,-2.78638375522686E-8));
#4142=DIRECTION('center_axis',(-1.970273578031E-8,-0.707105801520404,0.707107760851333));
#4143=DIRECTION('ref_axis',(1.,0.,2.78638375522686E-8));
#4144=DIRECTION('',(-1.,0.,-2.78638375522686E-8));
#4145=DIRECTION('center_axis',(0.,1.,0.));
#4146=DIRECTION('ref_axis',(0.,0.,1.));
#4147=DIRECTION('',(-1.,0.,0.));
#4148=DIRECTION('center_axis',(0.,0.,1.));
#4149=DIRECTION('ref_axis',(1.,0.,0.));
#4150=DIRECTION('',(-1.,0.,0.));
#4151=DIRECTION('',(0.,-1.,0.));
#4152=DIRECTION('',(1.,0.,0.));
#4153=DIRECTION('',(-1.,0.,0.));
#4154=DIRECTION('',(0.,1.,0.));
#4155=DIRECTION('center_axis',(1.,0.,0.));
#4156=DIRECTION('ref_axis',(0.,0.,-1.));
#4157=DIRECTION('center_axis',(0.,1.,0.));
#4158=DIRECTION('ref_axis',(0.,0.,1.));
#4159=DIRECTION('',(-1.,0.,-1.04358614166187E-8));
#4160=DIRECTION('center_axis',(-7.37927614254405E-9,0.707106036893598,0.707107525478714));
#4161=DIRECTION('ref_axis',(1.,0.,1.04358614166187E-8));
#4162=DIRECTION('',(-1.,0.,-1.04358614166187E-8));
#4163=DIRECTION('center_axis',(0.,1.,0.));
#4164=DIRECTION('ref_axis',(0.,0.,1.));
#4165=DIRECTION('center_axis',(0.,1.,0.));
#4166=DIRECTION('ref_axis',(0.,0.,1.));
#4167=DIRECTION('center_axis',(0.,1.,0.));
#4168=DIRECTION('ref_axis',(0.,0.,1.));
#4169=DIRECTION('center_axis',(0.,1.,0.));
#4170=DIRECTION('ref_axis',(0.,0.,1.));
#4171=DIRECTION('center_axis',(1.,0.,0.));
#4172=DIRECTION('ref_axis',(0.,0.,-1.));
#4173=DIRECTION('',(0.,-1.,-1.11022784293605E-16));
#4174=DIRECTION('center_axis',(0.207911694658508,-5.09814511075657E-9,-0.978147599917429));
#4175=DIRECTION('ref_axis',(-0.978147599917429,0.,-0.207911694658508));
#4176=DIRECTION('center_axis',(0.207911719929668,7.80806664300433E-14,-0.978147594545878));
#4177=DIRECTION('ref_axis',(-0.978147594545878,0.,-0.207911719929668));
#4178=DIRECTION('center_axis',(0.707106781186547,-7.85045014943542E-17,
0.707106781186548));
#4179=DIRECTION('ref_axis',(0.707106781186548,0.,-0.707106781186548));
#4180=DIRECTION('',(-0.707106781186548,0.,0.707106781186548));
#4181=DIRECTION('',(-8.60580168017014E-17,-1.,-2.49641139189532E-17));
#4182=DIRECTION('',(0.707106781186548,0.,-0.707106781186548));
#4183=DIRECTION('center_axis',(0.,0.,1.));
#4184=DIRECTION('ref_axis',(1.,0.,0.));
#4185=DIRECTION('',(-1.,0.,0.));
#4186=DIRECTION('',(0.,-1.,0.));
#4187=DIRECTION('',(1.,0.,0.));
#4188=DIRECTION('',(0.,1.,0.));
#4189=DIRECTION('center_axis',(0.,0.,1.));
#4190=DIRECTION('ref_axis',(1.,0.,0.));
#4191=DIRECTION('',(0.,-1.,0.));
#4192=DIRECTION('',(-1.,0.,0.));
#4193=DIRECTION('',(1.,0.,0.));
#4194=DIRECTION('center_axis',(1.,0.,0.));
#4195=DIRECTION('ref_axis',(0.,0.,-1.));
#4196=DIRECTION('',(0.,0.,-1.));
#4197=DIRECTION('',(0.,0.,1.));
#4198=DIRECTION('center_axis',(0.544639019315255,-9.31115426903385E-17,
0.838670578140975));
#4199=DIRECTION('ref_axis',(0.838670578140975,0.,-0.544639019315255));
#4200=DIRECTION('center_axis',(0.,1.,0.));
#4201=DIRECTION('ref_axis',(0.,0.,1.));
#4202=DIRECTION('',(0.960407375615418,0.,0.27859948467918));
#4203=DIRECTION('center_axis',(0.,1.,0.));
#4204=DIRECTION('ref_axis',(0.,0.,1.));
#4205=DIRECTION('',(-0.960407375615418,0.,-0.27859948467918));
#4206=DIRECTION('center_axis',(0.27859948467918,0.,-0.960407375615418));
#4207=DIRECTION('ref_axis',(-0.960407375615418,0.,-0.27859948467918));
#4208=DIRECTION('center_axis',(0.,0.,1.));
#4209=DIRECTION('ref_axis',(1.,0.,0.));
#4210=DIRECTION('',(0.,-1.,0.));
#4211=DIRECTION('',(-1.,0.,0.));
#4212=DIRECTION('',(0.,1.,0.));
#4213=DIRECTION('',(1.,0.,0.));
#4214=DIRECTION('center_axis',(1.,0.,0.));
#4215=DIRECTION('ref_axis',(0.,0.,-1.));
#4216=DIRECTION('',(0.,0.,-1.));
#4217=DIRECTION('',(0.,0.,1.));
#4218=DIRECTION('',(0.,0.707106747950292,0.707106814422801));
#4219=DIRECTION('',(0.,0.70710694481112,-0.707106617561937));
#4220=DIRECTION('center_axis',(0.,1.,0.));
#4221=DIRECTION('ref_axis',(0.,0.,1.));
#4222=DIRECTION('center_axis',(0.,0.707106617561937,0.70710694481112));
#4223=DIRECTION('ref_axis',(1.,0.,0.));
#4224=DIRECTION('center_axis',(0.707106617561937,0.,-0.70710694481112));
#4225=DIRECTION('ref_axis',(-0.70710694481112,0.,-0.707106617561937));
#4226=DIRECTION('center_axis',(0.,-0.707106814422801,0.707106747950292));
#4227=DIRECTION('ref_axis',(1.,0.,0.));
#4228=DIRECTION('center_axis',(0.,1.,0.));
#4229=DIRECTION('ref_axis',(0.,0.,1.));
#4230=DIRECTION('center_axis',(1.,0.,0.));
#4231=DIRECTION('ref_axis',(0.,0.,-1.));
#4232=DIRECTION('center_axis',(-0.978147577722403,-5.34664833395186E-8,
-0.20791179907786));
#4233=DIRECTION('ref_axis',(-0.20791179907786,0.,0.978147577722405));
#4234=DIRECTION('center_axis',(0.,1.,0.));
#4235=DIRECTION('ref_axis',(0.,0.,1.));
#4236=DIRECTION('center_axis',(0.,-1.,0.));
#4237=DIRECTION('ref_axis',(0.,0.,-1.));
#4238=DIRECTION('',(0.207911719096435,0.,-0.978147594722987));
#4239=DIRECTION('',(0.978147559946673,0.,0.207911882706041));
#4240=DIRECTION('',(0.,0.,1.));
#4241=DIRECTION('',(0.207911799077859,0.,-0.978147577722405));
#4242=DIRECTION('',(0.978147599917429,0.,0.207911694658508));
#4243=DIRECTION('',(0.,0.,1.));
#4244=DIRECTION('center_axis',(0.,1.,0.));
#4245=DIRECTION('ref_axis',(0.,0.,1.));
#4246=DIRECTION('center_axis',(0.978147594722987,1.78295438753703E-8,0.207911719096435));
#4247=DIRECTION('ref_axis',(0.207911719096435,0.,-0.978147594722987));
#4248=DIRECTION('center_axis',(-0.978147577722404,5.34665132536363E-8,-0.207911799077859));
#4249=DIRECTION('ref_axis',(-0.207911799077859,0.,0.978147577722405));
#4250=DIRECTION('center_axis',(0.207911661414402,1.60613779024123E-13,-0.978147606983682));
#4251=DIRECTION('ref_axis',(-0.978147606983682,0.,-0.207911661414402));
#4252=DIRECTION('center_axis',(0.207911661414402,-2.00902969029582E-14,
-0.978147606983682));
#4253=DIRECTION('ref_axis',(-0.978147606983682,0.,-0.207911661414402));
#4254=DIRECTION('center_axis',(1.,0.,0.));
#4255=DIRECTION('ref_axis',(0.,0.,-1.));
#4256=DIRECTION('center_axis',(-0.207911882706041,-2.65981626685814E-9,
0.978147559946673));
#4257=DIRECTION('ref_axis',(0.978147559946673,0.,0.207911882706041));
#4258=DIRECTION('center_axis',(1.,0.,0.));
#4259=DIRECTION('ref_axis',(0.,0.,-1.));
#4260=DIRECTION('center_axis',(-0.207911694658508,-5.09813292094929E-9,
0.978147599917429));
#4261=DIRECTION('ref_axis',(0.978147599917429,0.,0.207911694658508));
#4262=DIRECTION('center_axis',(1.,0.,0.));
#4263=DIRECTION('ref_axis',(0.,0.,-1.));
#4264=DIRECTION('center_axis',(0.,1.,0.));
#4265=DIRECTION('ref_axis',(0.,0.,1.));
#4266=DIRECTION('center_axis',(0.70710678118661,0.,0.707106781186485));
#4267=DIRECTION('ref_axis',(0.707106781186485,0.,-0.70710678118661));
#4268=DIRECTION('',(-0.707106781186485,0.,0.70710678118661));
#4269=DIRECTION('',(0.,-1.,0.));
#4270=DIRECTION('',(0.707106781186485,0.,-0.70710678118661));
#4271=DIRECTION('',(0.,1.,0.));
#4272=DIRECTION('center_axis',(0.,0.,-1.));
#4273=DIRECTION('ref_axis',(0.707106781186548,0.707106781186548,0.));
#4274=DIRECTION('center_axis',(0.,0.,1.));
#4275=DIRECTION('ref_axis',(0.707106781186547,0.707106781186547,0.));
#4276=DIRECTION('',(0.,-0.707106781186422,0.707106781186673));
#4277=DIRECTION('center_axis',(0.,0.,-1.));
#4278=DIRECTION('ref_axis',(0.707106781186547,0.707106781186547,0.));
#4279=DIRECTION('center_axis',(0.,0.707106781186548,0.707106781186548));
#4280=DIRECTION('ref_axis',(1.,0.,0.));
#4281=DIRECTION('',(0.,-0.707106781186547,0.707106781186547));
#4282=DIRECTION('',(1.,0.,0.));
#4283=DIRECTION('',(-1.,0.,0.));
#4284=DIRECTION('center_axis',(0.,0.,-1.));
#4285=DIRECTION('ref_axis',(-0.707106781186548,0.707106781186548,0.));
#4286=DIRECTION('center_axis',(0.,0.,1.));
#4287=DIRECTION('ref_axis',(-0.707106781186547,0.707106781186547,0.));
#4288=DIRECTION('',(0.707106781186547,0.,0.707106781186547));
#4289=DIRECTION('center_axis',(0.,0.,-1.));
#4290=DIRECTION('ref_axis',(-0.707106781186547,0.707106781186547,0.));
#4291=DIRECTION('center_axis',(-0.70710678118661,0.,0.707106781186485));
#4292=DIRECTION('ref_axis',(0.707106781186485,0.,0.70710678118661));
#4293=DIRECTION('',(0.707106781186485,0.,0.70710678118661));
#4294=DIRECTION('',(0.,1.,0.));
#4295=DIRECTION('',(0.,-1.,0.));
#4296=DIRECTION('center_axis',(0.,0.,-1.));
#4297=DIRECTION('ref_axis',(-0.707106781186548,-0.707106781186548,0.));
#4298=DIRECTION('center_axis',(0.,0.,1.));
#4299=DIRECTION('ref_axis',(-0.707106781186547,-0.707106781186547,0.));
#4300=DIRECTION('',(0.,0.707106781186422,0.707106781186673));
#4301=DIRECTION('center_axis',(0.,0.,-1.));
#4302=DIRECTION('ref_axis',(-0.707106781186547,-0.707106781186547,0.));
#4303=DIRECTION('center_axis',(0.,-0.707106781186673,0.707106781186422));
#4304=DIRECTION('ref_axis',(1.,0.,0.));
#4305=DIRECTION('',(0.,0.707106781186422,0.707106781186673));
#4306=DIRECTION('',(-1.,0.,0.));
#4307=DIRECTION('',(1.,0.,0.));
#4308=DIRECTION('center_axis',(0.,0.,-1.));
#4309=DIRECTION('ref_axis',(0.707106781186548,-0.707106781186548,0.));
#4310=DIRECTION('center_axis',(0.,0.,1.));
#4311=DIRECTION('ref_axis',(0.707106781186547,-0.707106781186547,0.));
#4312=DIRECTION('center_axis',(0.,0.,-1.));
#4313=DIRECTION('ref_axis',(0.707106781186547,-0.707106781186547,0.));
#4314=DIRECTION('center_axis',(0.,0.,1.));
#4315=DIRECTION('ref_axis',(-0.707106781186547,0.707106781186547,0.));
#4316=DIRECTION('',(0.,0.,-1.));
#4317=DIRECTION('center_axis',(0.,0.,-1.));
#4318=DIRECTION('ref_axis',(-0.707106781186547,0.707106781186547,0.));
#4319=DIRECTION('',(0.,0.,1.));
#4320=DIRECTION('center_axis',(0.,1.,0.));
#4321=DIRECTION('ref_axis',(-1.,0.,0.));
#4322=DIRECTION('',(0.,0.,1.));
#4323=DIRECTION('',(1.,0.,0.));
#4324=DIRECTION('center_axis',(0.,0.,1.));
#4325=DIRECTION('ref_axis',(0.707106781186547,0.707106781186547,0.));
#4326=DIRECTION('',(0.,0.,-1.));
#4327=DIRECTION('center_axis',(0.,0.,-1.));
#4328=DIRECTION('ref_axis',(0.707106781186547,0.707106781186547,0.));
#4329=DIRECTION('center_axis',(1.,0.,0.));
#4330=DIRECTION('ref_axis',(0.,1.,0.));
#4331=DIRECTION('',(0.,0.,1.));
#4332=DIRECTION('',(0.,-1.,0.));
#4333=DIRECTION('center_axis',(0.,0.,-1.));
#4334=DIRECTION('ref_axis',(-1.,0.,0.));
#4335=DIRECTION('center_axis',(0.707106781186736,0.,-0.707106781186359));
#4336=DIRECTION('ref_axis',(-0.707106781186359,0.,-0.707106781186736));
#4337=DIRECTION('',(-0.707106781186359,0.,-0.707106781186736));
#4338=DIRECTION('',(0.,1.,0.));
#4339=DIRECTION('',(0.707106781186359,0.,0.707106781186736));
#4340=DIRECTION('center_axis',(0.,0.,1.));
#4341=DIRECTION('ref_axis',(0.707106781186548,-0.707106781186548,0.));
#4342=DIRECTION('center_axis',(0.,0.,-1.));
#4343=DIRECTION('ref_axis',(0.707106781186547,-0.707106781186547,0.));
#4344=DIRECTION('',(0.,0.707106781186422,-0.707106781186673));
#4345=DIRECTION('center_axis',(0.,0.,1.));
#4346=DIRECTION('ref_axis',(0.707106781186547,-0.707106781186547,0.));
#4347=DIRECTION('center_axis',(0.,-0.707106781186673,-0.707106781186422));
#4348=DIRECTION('ref_axis',(-1.,0.,0.));
#4349=DIRECTION('',(0.,0.707106781186422,-0.707106781186673));
#4350=DIRECTION('',(1.,0.,0.));
#4351=DIRECTION('',(-1.,0.,0.));
#4352=DIRECTION('center_axis',(0.,0.,1.));
#4353=DIRECTION('ref_axis',(-0.707106781186548,-0.707106781186548,0.));
#4354=DIRECTION('center_axis',(0.,0.,-1.));
#4355=DIRECTION('ref_axis',(-0.707106781186547,-0.707106781186547,0.));
#4356=DIRECTION('',(0.707106781186547,0.,-0.707106781186547));
#4357=DIRECTION('center_axis',(0.,0.,1.));
#4358=DIRECTION('ref_axis',(-0.707106781186547,-0.707106781186547,0.));
#4359=DIRECTION('center_axis',(-0.707106781186736,0.,-0.707106781186359));
#4360=DIRECTION('ref_axis',(-0.707106781186359,0.,0.707106781186736));
#4361=DIRECTION('',(0.707106781186359,0.,-0.707106781186736));
#4362=DIRECTION('',(0.,-1.,0.));
#4363=DIRECTION('',(0.,1.,0.));
#4364=DIRECTION('center_axis',(0.,0.,1.));
#4365=DIRECTION('ref_axis',(-0.707106781186548,0.707106781186548,0.));
#4366=DIRECTION('',(0.,-0.707106781186422,-0.707106781186673));
#4367=DIRECTION('center_axis',(0.,0.,1.));
#4368=DIRECTION('ref_axis',(-0.707106781186547,0.707106781186547,0.));
#4369=DIRECTION('center_axis',(0.,0.707106781186673,-0.707106781186422));
#4370=DIRECTION('ref_axis',(-1.,0.,0.));
#4371=DIRECTION('',(0.,-0.707106781186422,-0.707106781186673));
#4372=DIRECTION('',(-1.,0.,0.));
#4373=DIRECTION('center_axis',(0.,0.,1.));
#4374=DIRECTION('ref_axis',(0.707106781186548,0.707106781186548,0.));
#4375=DIRECTION('center_axis',(0.,0.,1.));
#4376=DIRECTION('ref_axis',(0.707106781186547,0.707106781186547,0.));
#4377=DIRECTION('center_axis',(0.,0.,1.));
#4378=DIRECTION('ref_axis',(-0.707106781186547,-0.707106781186547,0.));
#4379=DIRECTION('',(0.,0.,-1.));
#4380=DIRECTION('',(0.,0.,1.));
#4381=DIRECTION('center_axis',(0.,-1.,0.));
#4382=DIRECTION('ref_axis',(1.,0.,0.));
#4383=DIRECTION('',(0.,0.,-1.));
#4384=DIRECTION('center_axis',(0.,0.,1.));
#4385=DIRECTION('ref_axis',(0.707106781186547,-0.707106781186547,0.));
#4386=DIRECTION('center_axis',(0.,0.,1.));
#4387=DIRECTION('ref_axis',(1.,0.,0.));
#4388=DIRECTION('center_axis',(-1.,0.,0.));
#4389=DIRECTION('ref_axis',(0.,-1.,0.));
#4390=CARTESIAN_POINT('',(0.,0.,0.));
#4391=CARTESIAN_POINT('Origin',(495.073486743688,-643.,670.049096425919));
#4392=CARTESIAN_POINT('',(495.219932556152,-646.,670.231556000956));
#4393=CARTESIAN_POINT('',(494.927040931223,-646.,669.866636850882));
#4394=CARTESIAN_POINT('',(491.272721945317,-646.,665.313652521747));
#4395=CARTESIAN_POINT('',(494.927040931223,-643.,669.866636850882));
#4396=CARTESIAN_POINT('',(494.927040931223,-643.,669.866636850882));
#4397=CARTESIAN_POINT('',(495.219932556152,-643.,670.231556000956));
#4398=CARTESIAN_POINT('',(493.697899736172,-643.,668.335226861511));
#4399=CARTESIAN_POINT('',(495.219932556152,-643.,670.231556000956));
#4400=CARTESIAN_POINT('Origin',(496.219932273948,-643.,664.726750610136));
#4401=CARTESIAN_POINT('',(497.512824174042,-646.,669.866636710681));
#4402=CARTESIAN_POINT('Origin',(496.219932273948,-646.,664.726750610136));
#4403=CARTESIAN_POINT('',(497.512824174042,-643.,669.866636710681));
#4404=CARTESIAN_POINT('',(497.512824174042,-643.,669.866636710681));
#4405=CARTESIAN_POINT('Origin',(496.219932273948,-643.,664.726750610136));
#4406=CARTESIAN_POINT('Origin',(490.89137526789,-646.,657.833713214823));
#4407=CARTESIAN_POINT('',(422.624416351318,-646.,617.721150961425));
#4408=CARTESIAN_POINT('',(428.967487335205,-646.,617.721150961425));
#4409=CARTESIAN_POINT('',(458.343663555576,-646.,617.721150961425));
#4410=CARTESIAN_POINT('',(428.967487335205,-646.,633.088771343762));
#4411=CARTESIAN_POINT('',(428.967487335205,-646.,640.250956181752));
#4412=CARTESIAN_POINT('',(429.363531267271,-646.,633.5778448711));
#4413=CARTESIAN_POINT('Origin',(429.467487056694,-646.,633.088771343566));
#4414=CARTESIAN_POINT('',(438.259886211323,-646.,635.468823525914));
#4415=CARTESIAN_POINT('',(463.508074481437,-646.,640.835491716624));
#4416=CARTESIAN_POINT('',(438.852916194194,-646.,635.083705400357));
#4417=CARTESIAN_POINT('Origin',(438.363842119424,-646.,634.979749440046));
#4418=CARTESIAN_POINT('',(442.543443075971,-645.99999999995,617.721150961545));
#4419=CARTESIAN_POINT('',(438.899033129064,-646.,634.86674239809));
#4420=CARTESIAN_POINT('',(536.62441635132,-646.00000023151,617.721149340753));
#4421=CARTESIAN_POINT('',(490.317361217929,-646.,617.721150961425));
#4422=CARTESIAN_POINT('',(536.624417408656,-646.,671.942817561013));
#4423=CARTESIAN_POINT('',(536.624416351318,-646.,671.942815390136));
#4424=CARTESIAN_POINT('',(528.37117767334,-646.,677.302533712889));
#4425=CARTESIAN_POINT('',(524.098358954078,-646.,680.077334691965));
#4426=CARTESIAN_POINT('',(522.826474156872,-646.,682.939952506357));
#4427=CARTESIAN_POINT('Ctrl Pts',(528.37117767334,-646.,677.302533712889));
#4428=CARTESIAN_POINT('Ctrl Pts',(527.794843019762,-646.,677.67798235561));
#4429=CARTESIAN_POINT('Ctrl Pts',(526.976977238042,-646.,678.333697891034));
#4430=CARTESIAN_POINT('Ctrl Pts',(525.955796159581,-646.,679.314042505342));
#4431=CARTESIAN_POINT('Ctrl Pts',(524.607737901228,-646.,680.736458917691));
#4432=CARTESIAN_POINT('Ctrl Pts',(523.595711315505,-646.,681.978784804046));
#4433=CARTESIAN_POINT('Ctrl Pts',(522.826474156872,-646.,682.939952506357));
#4434=CARTESIAN_POINT('',(522.264717102051,-646.,683.643521872069));
#4435=CARTESIAN_POINT('Ctrl Pts',(522.826474156872,-646.,682.939952506357));
#4436=CARTESIAN_POINT('Ctrl Pts',(522.638883286598,-646.,683.174348730891));
#4437=CARTESIAN_POINT('Ctrl Pts',(522.451841528998,-646.,683.409074810533));
#4438=CARTESIAN_POINT('Ctrl Pts',(522.264717102051,-646.,683.643521872069));
#4439=CARTESIAN_POINT('',(522.257034300939,-646.000000639781,711.192723837401));
#4440=CARTESIAN_POINT('',(522.257034301758,-646.,657.833713214823));
#4441=CARTESIAN_POINT('',(422.624416351318,-646.,711.192723837401));
#4442=CARTESIAN_POINT('',(492.418604100794,-646.,711.192723837401));
#4443=CARTESIAN_POINT('',(422.624416351318,-646.,640.321149435546));
#4444=CARTESIAN_POINT('',(422.624416351318,-646.,672.862583760487));
#4445=CARTESIAN_POINT('',(422.624416351318,-646.,641.044098500477));
#4446=CARTESIAN_POINT('',(495.219932556152,-646.,671.026753988768));
#4447=CARTESIAN_POINT('',(495.219932556152,-646.,664.130900983082));
#4448=CARTESIAN_POINT('',(497.219932556152,-646.,671.026753988768));
#4449=CARTESIAN_POINT('',(493.555653912021,-646.,671.026753988768));
#4450=CARTESIAN_POINT('',(497.219932556152,-646.,670.231555892516));
#4451=CARTESIAN_POINT('',(497.219932556152,-646.,664.130900983082));
#4452=CARTESIAN_POINT('',(499.079406939859,-646.,667.914801744221));
#4453=CARTESIAN_POINT('',(489.460823205613,-645.999999920935,645.78192671826));
#4454=CARTESIAN_POINT('',(490.960823397993,-645.999999614101,647.281927388256));
#4455=CARTESIAN_POINT('Origin',(490.960823397993,-646.,645.781927195877));
#4456=CARTESIAN_POINT('Origin',(490.960823397993,-646.,645.781927195877));
#4457=CARTESIAN_POINT('',(500.045872114892,-646.000000031021,630.404505723311));
#4458=CARTESIAN_POINT('Origin',(500.045872114892,-646.000000035346,632.904505565645));
#4459=CARTESIAN_POINT('',(498.223930552967,-645.999999924978,682.721150961424));
#4460=CARTESIAN_POINT('',(499.723931150726,-645.999999391111,684.221151939871));
#4461=CARTESIAN_POINT('Origin',(499.723931150726,-646.,682.721151342112));
#4462=CARTESIAN_POINT('Origin',(499.723931150726,-646.,682.721151342112));
#4463=CARTESIAN_POINT('Origin',(497.366378365097,-643.,670.049096301598));
#4464=CARTESIAN_POINT('',(497.219932556152,-643.,670.231555892516));
#4465=CARTESIAN_POINT('',(495.192472886263,-643.,672.757606072006));
#4466=CARTESIAN_POINT('',(497.219932556152,-643.,670.231555892516));
#4467=CARTESIAN_POINT('Origin',(496.219932556152,-644.5,671.026753988768));
#4468=CARTESIAN_POINT('',(497.219932556152,-643.,671.026753988768));
#4469=CARTESIAN_POINT('',(497.219932556152,-644.5,671.026753988768));
#4470=CARTESIAN_POINT('',(495.219932556152,-643.,671.026753988768));
#4471=CARTESIAN_POINT('',(495.219932556152,-644.5,671.026753988768));
#4472=CARTESIAN_POINT('',(491.690223651146,-643.,671.026753988768));
#4473=CARTESIAN_POINT('Origin',(497.219932556152,-644.5,670.428088751342));
#4474=CARTESIAN_POINT('',(497.219932556152,-643.,670.596205705177));
#4475=CARTESIAN_POINT('Origin',(495.219932556152,-644.5,670.428088751342));
#4476=CARTESIAN_POINT('',(495.219932556152,-643.,670.596205705177));
#4477=CARTESIAN_POINT('Origin',(542.10164192637,-722.5,617.721150961425));
#4478=CARTESIAN_POINT('',(543.365617059074,-723.307692307692,650.280110078214));
#4479=CARTESIAN_POINT('',(543.365617059074,-723.307692307692,667.565032450469));
#4480=CARTESIAN_POINT('',(543.365617059074,-723.307692307692,617.721150961425));
#4481=CARTESIAN_POINT('',(542.619759675507,-721.092323191201,668.049397841818));
#4482=CARTESIAN_POINT('Origin',(542.10164192637,-722.5,668.385867402694));
#4483=CARTESIAN_POINT('',(542.10164192637,-721.,668.013552494598));
#4484=CARTESIAN_POINT('Origin',(542.10164192637,-722.5,668.013552494598));
#4485=CARTESIAN_POINT('',(542.10164192637,-721.,652.401430421773));
#4486=CARTESIAN_POINT('',(542.10164192637,-721.,617.721150961425));
#4487=CARTESIAN_POINT('',(543.488276345213,-721.927946690875,651.014796002931));
#4488=CARTESIAN_POINT('Origin',(542.10164192637,-722.5,652.401430421773));
#4489=CARTESIAN_POINT('Ctrl Pts',(543.488276345213,-721.927946690876,651.014796002931));
#4490=CARTESIAN_POINT('Ctrl Pts',(543.565827312254,-722.115927143743,650.93724503589));
#4491=CARTESIAN_POINT('Ctrl Pts',(543.602596056812,-722.313265403023,650.845037391815));
#4492=CARTESIAN_POINT('Ctrl Pts',(543.600925944325,-722.646701652613,650.674522551262));
#4493=CARTESIAN_POINT('Ctrl Pts',(543.580873439768,-722.783817899973,650.599889056773));
#4494=CARTESIAN_POINT('Ctrl Pts',(543.503596939662,-723.05212390568,650.444494426474));
#4495=CARTESIAN_POINT('Ctrl Pts',(543.444892528439,-723.182541045136,650.36375505426));
#4496=CARTESIAN_POINT('Ctrl Pts',(543.367794294383,-723.304277489978,650.282396190227));
#4497=CARTESIAN_POINT('Ctrl Pts',(543.366707423908,-723.305985972219,650.281253071201));
#4498=CARTESIAN_POINT('Ctrl Pts',(543.365617059074,-723.307692307692,650.280110078214));
#4499=CARTESIAN_POINT('Ctrl Pts',(543.16230209815,-650.5,651.340770249994));
#4500=CARTESIAN_POINT('Ctrl Pts',(543.825680781791,-651.538135626281,650.677391566352));
#4501=CARTESIAN_POINT('Ctrl Pts',(544.185076523098,-652.768011016094,650.317995825045));
#4502=CARTESIAN_POINT('Ctrl Pts',(544.185076523098,-654.,650.317995825045));
#4503=CARTESIAN_POINT('Ctrl Pts',(543.406902530146,-650.187395926914,651.096169817998));
#4504=CARTESIAN_POINT('Ctrl Pts',(544.091649382603,-651.328139265308,650.40982082509));
#4505=CARTESIAN_POINT('Ctrl Pts',(544.462756706733,-652.662603099412,650.04031564141));
#4506=CARTESIAN_POINT('Ctrl Pts',(544.462756706733,-654.,650.04031564141));
#4507=CARTESIAN_POINT('Ctrl Pts',(543.484640999023,-649.878570826003,650.690621218039));
#4508=CARTESIAN_POINT('Ctrl Pts',(544.225998910455,-651.118861772397,650.014593466024));
#4509=CARTESIAN_POINT('Ctrl Pts',(544.624416351318,-652.55793829707,649.650034734964));
#4510=CARTESIAN_POINT('Ctrl Pts',(544.624416351318,-654.,649.650034734964));
#4511=CARTESIAN_POINT('Ctrl Pts',(543.365617059074,-649.692307692308,650.280110078214));
#4512=CARTESIAN_POINT('Ctrl Pts',(544.182083131248,-650.9700130785,649.616731394572));
#4513=CARTESIAN_POINT('Ctrl Pts',(544.624416351318,-652.483705865962,649.257335653265));
#4514=CARTESIAN_POINT('Ctrl Pts',(544.624416351318,-654.,649.257335653265));
#4515=CARTESIAN_POINT('',(543.365617059074,-649.692307692308,650.280110078214));
#4516=CARTESIAN_POINT('',(544.624416351318,-654.,649.257335653265));
#4517=CARTESIAN_POINT('Origin',(536.624416351318,-654.,655.757335653265));
#4518=CARTESIAN_POINT('',(544.185076523098,-654.,650.317995825045));
#4519=CARTESIAN_POINT('Origin',(543.124416351318,-654.,649.257335653265));
#4520=CARTESIAN_POINT('',(543.488276345213,-651.072053309124,651.014796002931));
#4521=CARTESIAN_POINT('Origin',(537.685076523098,-654.,656.817995825045));
#4522=CARTESIAN_POINT('Ctrl Pts',(543.488276345213,-651.072053309124,651.014796002931));
#4523=CARTESIAN_POINT('Ctrl Pts',(543.565828473614,-650.884070041167,650.93724387453));
#4524=CARTESIAN_POINT('Ctrl Pts',(543.602597155314,-650.686728703116,650.845034641947));
#4525=CARTESIAN_POINT('Ctrl Pts',(543.600925101291,-650.353291414567,650.674518816611));
#4526=CARTESIAN_POINT('Ctrl Pts',(543.580872302121,-650.216176981388,650.599886175314));
#4527=CARTESIAN_POINT('Ctrl Pts',(543.503595984831,-649.947873998093,650.444493125733));
#4528=CARTESIAN_POINT('Ctrl Pts',(543.444891955342,-649.817458089362,650.363754468562));
#4529=CARTESIAN_POINT('Ctrl Pts',(543.367794374143,-649.6957226354,650.282396274148));
#4530=CARTESIAN_POINT('Ctrl Pts',(543.366707463763,-649.69401409015,650.281253112979));
#4531=CARTESIAN_POINT('Ctrl Pts',(543.365617059074,-649.692307692308,650.280110078214));
#4532=CARTESIAN_POINT('Origin',(543.124416351318,-686.499999960263,649.257335653265));
#4533=CARTESIAN_POINT('',(544.624416351318,-719.,649.257335653265));
#4534=CARTESIAN_POINT('',(544.185076523098,-719.,650.317995825045));
#4535=CARTESIAN_POINT('Origin',(543.124416351318,-719.,649.257335653265));
#4536=CARTESIAN_POINT('',(544.185076523098,-686.499999960263,650.317995825045));
#4537=CARTESIAN_POINT('',(544.624416351318,-686.499999960263,649.257335653265));
#4538=CARTESIAN_POINT('Ctrl Pts',(544.185076523098,-719.,650.317995825045));
#4539=CARTESIAN_POINT('Ctrl Pts',(544.185076523098,-720.231988983906,650.317995825045));
#4540=CARTESIAN_POINT('Ctrl Pts',(543.825680781791,-721.461864373718,650.677391566352));
#4541=CARTESIAN_POINT('Ctrl Pts',(543.16230209815,-722.5,651.340770249994));
#4542=CARTESIAN_POINT('Ctrl Pts',(544.462756706733,-719.,650.04031564141));
#4543=CARTESIAN_POINT('Ctrl Pts',(544.462756706733,-720.337396900587,650.04031564141));
#4544=CARTESIAN_POINT('Ctrl Pts',(544.091649382602,-721.671860734692,650.40982082509));
#4545=CARTESIAN_POINT('Ctrl Pts',(543.406902530146,-722.812604073086,651.096169817998));
#4546=CARTESIAN_POINT('Ctrl Pts',(544.624416351318,-719.,649.650034734964));
#4547=CARTESIAN_POINT('Ctrl Pts',(544.624416351318,-720.44206170293,649.650034734964));
#4548=CARTESIAN_POINT('Ctrl Pts',(544.225998910455,-721.881138227602,650.014593466024));
#4549=CARTESIAN_POINT('Ctrl Pts',(543.484640999023,-723.121429173997,650.690621218039));
#4550=CARTESIAN_POINT('Ctrl Pts',(544.624416351318,-719.,649.257335653265));
#4551=CARTESIAN_POINT('Ctrl Pts',(544.624416351318,-720.516294134038,649.257335653265));
#4552=CARTESIAN_POINT('Ctrl Pts',(544.182083131248,-722.0299869215,649.616731394572));
#4553=CARTESIAN_POINT('Ctrl Pts',(543.365617059074,-723.307692307692,650.280110078214));
#4554=CARTESIAN_POINT('Origin',(537.685076523098,-719.,656.817995825045));
#4555=CARTESIAN_POINT('Origin',(536.624416351318,-719.,655.757335653265));
#4556=CARTESIAN_POINT('Origin',(542.10164192637,-650.5,671.942815390136));
#4557=CARTESIAN_POINT('',(542.10164192637,-652.,652.401430421773));
#4558=CARTESIAN_POINT('',(542.10164192637,-652.,668.013552494598));
#4559=CARTESIAN_POINT('',(542.10164192637,-652.,671.942815390136));
#4560=CARTESIAN_POINT('',(542.619759675507,-651.907676808798,668.049397841818));
#4561=CARTESIAN_POINT('Origin',(542.10164192637,-650.5,668.013552494598));
#4562=CARTESIAN_POINT('',(543.365617059074,-649.692307692308,667.565032450469));
#4563=CARTESIAN_POINT('Origin',(542.10164192637,-650.5,668.385867402694));
#4564=CARTESIAN_POINT('',(543.365617059074,-649.692307692308,671.942815390136));
#4565=CARTESIAN_POINT('Origin',(542.10164192637,-650.5,652.401430421774));
#4566=CARTESIAN_POINT('Origin',(536.624416351318,-719.,617.721150961425));
#4567=CARTESIAN_POINT('',(544.624416266202,-719.,617.721150365521));
#4568=CARTESIAN_POINT('',(544.624416351318,-719.,617.721150961425));
#4569=CARTESIAN_POINT('',(536.624416351318,-727.00000000815,617.721151018585));
#4570=CARTESIAN_POINT('Ctrl Pts',(544.624416351318,-719.,617.721149514118));
#4571=CARTESIAN_POINT('Ctrl Pts',(544.624416351318,-719.502248930051,617.721149602726));
#4572=CARTESIAN_POINT('Ctrl Pts',(544.57635697156,-720.021653413057,617.721149695411));
#4573=CARTESIAN_POINT('Ctrl Pts',(544.373907117925,-721.054879116283,617.72114988212));
#4574=CARTESIAN_POINT('Ctrl Pts',(544.219559924151,-721.568708816317,617.721149976144));
#4575=CARTESIAN_POINT('Ctrl Pts',(543.811345298666,-722.554226101524,617.721150158934));
#4576=CARTESIAN_POINT('Ctrl Pts',(543.557152780771,-723.026698514168,617.721150247845));
#4577=CARTESIAN_POINT('Ctrl Pts',(542.969705543879,-723.90045307977,617.721150414836));
#4578=CARTESIAN_POINT('Ctrl Pts',(542.636414225093,-724.30171062521,617.721150492913));
#4579=CARTESIAN_POINT('Ctrl Pts',(541.926126976528,-725.011997873775,617.721150633751));
#4580=CARTESIAN_POINT('Ctrl Pts',(541.524869431089,-725.345289192561,617.721150701323));
#4581=CARTESIAN_POINT('Ctrl Pts',(540.651114865487,-725.932736429452,617.721150824063));
#4582=CARTESIAN_POINT('Ctrl Pts',(540.178642452842,-726.186928947347,617.721150879237));
#4583=CARTESIAN_POINT('Ctrl Pts',(539.193125167636,-726.595143572833,617.721150972801));
#4584=CARTESIAN_POINT('Ctrl Pts',(538.679295467601,-726.749490766607,617.721151011264));
#4585=CARTESIAN_POINT('Ctrl Pts',(537.646069764376,-726.951940620242,617.721151069568));
#4586=CARTESIAN_POINT('Ctrl Pts',(537.126665281369,-727.,617.721151089401));
#4587=CARTESIAN_POINT('Ctrl Pts',(536.624416351318,-727.,617.72115110038));
#4588=CARTESIAN_POINT('',(536.624417408656,-727.,671.942817561013));
#4589=CARTESIAN_POINT('',(536.624416351318,-727.,617.721150961425));
#4590=CARTESIAN_POINT('Origin',(536.624416351318,-719.,671.942818862338));
#4591=CARTESIAN_POINT('Origin',(544.624416351318,-686.5,633.799903479125));
#4592=CARTESIAN_POINT('',(544.624416145851,-653.999999999998,617.721149523061));
#4593=CARTESIAN_POINT('',(544.624416351318,-654.,671.942815390136));
#4594=CARTESIAN_POINT('',(544.624416351318,-686.5,617.721150961425));
#4595=CARTESIAN_POINT('Origin',(536.624416351318,-654.,671.942815390136));
#4596=CARTESIAN_POINT('Origin',(536.624416351318,-654.,671.942818862338));
#4597=CARTESIAN_POINT('Ctrl Pts',(536.624416351324,-646.,617.721147025378));
#4598=CARTESIAN_POINT('Ctrl Pts',(537.126665281375,-646.,617.721147864166));
#4599=CARTESIAN_POINT('Ctrl Pts',(537.646069764375,-646.048059379758,617.721148654002));
#4600=CARTESIAN_POINT('Ctrl Pts',(538.6792954676,-646.250509233393,617.721150052654));
#4601=CARTESIAN_POINT('Ctrl Pts',(539.193125167635,-646.404856427167,617.721150661554));
#4602=CARTESIAN_POINT('Ctrl Pts',(540.178642452841,-646.813071052652,617.721151648278));
#4603=CARTESIAN_POINT('Ctrl Pts',(540.651114865486,-647.067263570547,617.721152026887));
#4604=CARTESIAN_POINT('Ctrl Pts',(541.524869431088,-647.654710807439,617.72115253755));
#4605=CARTESIAN_POINT('Ctrl Pts',(541.926126976528,-647.988002126225,617.721152669503));
#4606=CARTESIAN_POINT('Ctrl Pts',(542.636414225094,-648.698289374791,617.721152708814));
#4607=CARTESIAN_POINT('Ctrl Pts',(542.96970554388,-649.09954692023,617.721152617514));
#4608=CARTESIAN_POINT('Ctrl Pts',(543.557152780771,-649.973301485833,617.721152187721));
#4609=CARTESIAN_POINT('Ctrl Pts',(543.811345298666,-650.445773898477,617.721151849329));
#4610=CARTESIAN_POINT('Ctrl Pts',(544.219559924152,-651.431291183683,617.721150939741));
#4611=CARTESIAN_POINT('Ctrl Pts',(544.373907117926,-651.945120883718,617.721150367821));
#4612=CARTESIAN_POINT('Ctrl Pts',(544.57635697156,-652.978346586943,617.721149037558));
#4613=CARTESIAN_POINT('Ctrl Pts',(544.624416351318,-653.49775106995,617.721148279129));
#4614=CARTESIAN_POINT('Ctrl Pts',(544.624416351318,-654.,617.72114746814));
#4615=CARTESIAN_POINT('Origin',(537.294821768096,-686.499999848279,671.507452545379));
#4616=CARTESIAN_POINT('',(542.619759675507,-719.,668.049397841817));
#4617=CARTESIAN_POINT('',(542.619759675507,-703.24999992414,668.049397841817));
#4618=CARTESIAN_POINT('',(528.37117767334,-727.,677.302533712889));
#4619=CARTESIAN_POINT('',(522.718110483463,-727.,680.973678423832));
#4620=CARTESIAN_POINT('',(532.749722656023,-722.853615381093,674.459074073357));
#4621=CARTESIAN_POINT('Ctrl Pts',(528.371177849136,-727.,677.302533983592));
#4622=CARTESIAN_POINT('Ctrl Pts',(528.605364223461,-726.848808099591,677.150451591773));
#4623=CARTESIAN_POINT('Ctrl Pts',(528.842836063649,-726.703345775605,676.996235593727));
#4624=CARTESIAN_POINT('Ctrl Pts',(529.074728556159,-726.547360126214,676.845642866002));
#4625=CARTESIAN_POINT('Ctrl Pts',(529.306621048668,-726.391374476822,676.695050138277));
#4626=CARTESIAN_POINT('Ctrl Pts',(529.532934193499,-726.224865502024,676.548080680873));
#4627=CARTESIAN_POINT('Ctrl Pts',(529.755710805333,-726.050943581871,676.403407874581));
#4628=CARTESIAN_POINT('Ctrl Pts',(529.978487417167,-725.877021661718,676.258735068289));
#4629=CARTESIAN_POINT('Ctrl Pts',(530.197727496004,-725.69568679621,676.116358913109));
#4630=CARTESIAN_POINT('Ctrl Pts',(530.412096502684,-725.507002998137,675.977146068802));
#4631=CARTESIAN_POINT('Ctrl Pts',(530.626465509363,-725.318319200064,675.837933224496));
#4632=CARTESIAN_POINT('Ctrl Pts',(530.835963443886,-725.122286469426,675.701883691063));
#4633=CARTESIAN_POINT('Ctrl Pts',(531.040323352472,-724.918746509163,675.569170830295));
#4634=CARTESIAN_POINT('Ctrl Pts',(531.449043169644,-724.511666588637,675.303745108758));
#4635=CARTESIAN_POINT('Ctrl Pts',(531.837210883072,-724.074557749612,675.05166607788));
#4636=CARTESIAN_POINT('Ctrl Pts',(532.199989446139,-723.609317559552,674.81607495209));
#4637=CARTESIAN_POINT('Ctrl Pts',(532.390463704546,-723.365046565607,674.692379536924));
#4638=CARTESIAN_POINT('Ctrl Pts',(532.573938938388,-723.113020604908,674.57322934092));
#4639=CARTESIAN_POINT('Ctrl Pts',(532.749722656023,-722.853615381093,674.459074073357));
#4640=CARTESIAN_POINT('',(535.160072863832,-715.,672.89377453029));
#4641=CARTESIAN_POINT('Ctrl Pts',(532.749722656023,-722.853615381093,674.459074073357));
#4642=CARTESIAN_POINT('Ctrl Pts',(532.908737797969,-722.618955658102,674.355808444892));
#4643=CARTESIAN_POINT('Ctrl Pts',(533.061458869,-722.378257385089,674.256630233391));
#4644=CARTESIAN_POINT('Ctrl Pts',(533.207373250888,-722.131798677373,674.161872336984));
#4645=CARTESIAN_POINT('Ctrl Pts',(533.514589079863,-721.612891526347,673.962364068368));
#4646=CARTESIAN_POINT('Ctrl Pts',(533.791631325106,-721.068448765391,673.782450751836));
#4647=CARTESIAN_POINT('Ctrl Pts',(534.033451743282,-720.502369297583,673.625410754557));
#4648=CARTESIAN_POINT('Ctrl Pts',(534.275272161458,-719.936289829775,673.468370757278));
#4649=CARTESIAN_POINT('Ctrl Pts',(534.481870752568,-719.348573655116,673.334204079252));
#4650=CARTESIAN_POINT('Ctrl Pts',(534.649587080587,-718.745934171968,673.225287835146));
#4651=CARTESIAN_POINT('Ctrl Pts',(534.733445244596,-718.444614430394,673.170829713093));
#4652=CARTESIAN_POINT('Ctrl Pts',(534.807582842833,-718.139563861697,673.122684199521));
#4653=CARTESIAN_POINT('Ctrl Pts',(534.870978846096,-717.830893978489,673.081514358467));
#4654=CARTESIAN_POINT('Ctrl Pts',(534.93437484936,-717.522224095281,673.040344517412));
#4655=CARTESIAN_POINT('Ctrl Pts',(534.98702925765,-717.209934897562,673.006150348876));
#4656=CARTESIAN_POINT('Ctrl Pts',(535.030732295371,-716.89678896626,672.977769267673));
#4657=CARTESIAN_POINT('Ctrl Pts',(535.074435333092,-716.58364303496,672.94938818647));
#4658=CARTESIAN_POINT('Ctrl Pts',(535.109187000245,-716.269640370077,672.9268201926));
#4659=CARTESIAN_POINT('Ctrl Pts',(535.128043442549,-715.953056059369,672.914574677227));
#4660=CARTESIAN_POINT('Ctrl Pts',(535.146899880142,-715.636471827759,672.902329164914));
#4661=CARTESIAN_POINT('Ctrl Pts',(535.149861100829,-715.317305951613,672.900406125942));
#4662=CARTESIAN_POINT('Ctrl Pts',(535.160075567189,-715.000000237832,672.893772774707));
#4663=CARTESIAN_POINT('',(535.160072863833,-658.,672.89377453029));
#4664=CARTESIAN_POINT('',(535.160070159338,-715.,672.893776286606));
#4665=CARTESIAN_POINT('',(533.683618051997,-651.7420398682,673.852595383307));
#4666=CARTESIAN_POINT('Ctrl Pts',(535.160075567189,-657.999999762169,672.893772774707));
#4667=CARTESIAN_POINT('Ctrl Pts',(535.149861133174,-657.682694044879,672.900406104936));
#4668=CARTESIAN_POINT('Ctrl Pts',(535.146900002208,-657.363528265225,672.902329085644));
#4669=CARTESIAN_POINT('Ctrl Pts',(535.128043614758,-657.04694402539,672.914574565393));
#4670=CARTESIAN_POINT('Ctrl Pts',(535.109187222598,-656.730359706458,672.926820048202));
#4671=CARTESIAN_POINT('Ctrl Pts',(535.074435566012,-656.416356928634,672.94938803521));
#4672=CARTESIAN_POINT('Ctrl Pts',(535.030732391225,-656.103211000853,672.977769205425));
#4673=CARTESIAN_POINT('Ctrl Pts',(534.987029216438,-655.790065073073,673.006150375639));
#4674=CARTESIAN_POINT('Ctrl Pts',(534.934374523451,-655.477775995334,673.04034472906));
#4675=CARTESIAN_POINT('Ctrl Pts',(534.870978345671,-655.169106166853,673.081514683447));
#4676=CARTESIAN_POINT('Ctrl Pts',(534.807582167891,-654.860436338373,673.122684637833));
#4677=CARTESIAN_POINT('Ctrl Pts',(534.733444505319,-654.555385759151,673.170830193185));
#4678=CARTESIAN_POINT('Ctrl Pts',(534.649586303878,-654.254066036407,673.225288339547));
#4679=CARTESIAN_POINT('Ctrl Pts',(534.481869900995,-653.651426590921,673.334204632269));
#4680=CARTESIAN_POINT('Ctrl Pts',(534.275271342634,-653.06371057135,673.468371289029));
#4681=CARTESIAN_POINT('Ctrl Pts',(534.033451263595,-652.497630897077,673.62541106607));
#4682=CARTESIAN_POINT('Ctrl Pts',(533.923911023134,-652.24120676602,673.696547321617));
#4683=CARTESIAN_POINT('Ctrl Pts',(533.807143571163,-651.989222262803,673.772376982644));
#4684=CARTESIAN_POINT('Ctrl Pts',(533.683618051997,-651.7420398682,673.852595383307));
#4685=CARTESIAN_POINT('Ctrl Pts',(533.683618051997,-651.7420398682,673.852595383307));
#4686=CARTESIAN_POINT('Ctrl Pts',(533.534449712884,-651.443544565284,673.949466423996));
#4687=CARTESIAN_POINT('Ctrl Pts',(533.375426241937,-651.152052065404,674.052737461377));
#4688=CARTESIAN_POINT('Ctrl Pts',(533.20737380333,-650.868200697998,674.161871978224));
#4689=CARTESIAN_POINT('Ctrl Pts',(532.900158021823,-650.349293502171,674.361380216014));
#4690=CARTESIAN_POINT('Ctrl Pts',(532.562768058526,-649.855922439493,674.580483794272));
#4691=CARTESIAN_POINT('Ctrl Pts',(532.199989620443,-649.390681996924,674.816074838896));
#4692=CARTESIAN_POINT('Ctrl Pts',(531.83721118236,-648.925441554355,675.051665883519));
#4693=CARTESIAN_POINT('Ctrl Pts',(531.449044269492,-648.488331731894,675.303744394509));
#4694=CARTESIAN_POINT('Ctrl Pts',(531.04032429973,-648.081252067095,675.569170215138));
#4695=CARTESIAN_POINT('Ctrl Pts',(530.835964314849,-647.877712234695,675.701883125453));
#4696=CARTESIAN_POINT('Ctrl Pts',(530.626466065745,-647.68167994171,675.837932863177));
#4697=CARTESIAN_POINT('Ctrl Pts',(530.412096550569,-647.492996992733,675.977146037705));
#4698=CARTESIAN_POINT('Ctrl Pts',(530.197727035394,-647.304314043755,676.116359212233));
#4699=CARTESIAN_POINT('Ctrl Pts',(529.978486254146,-647.122980438783,676.258735823564));
#4700=CARTESIAN_POINT('Ctrl Pts',(529.755709895368,-646.949057970384,676.40340846552));
#4701=CARTESIAN_POINT('Ctrl Pts',(529.53293353659,-646.775135501985,676.548081107475));
#4702=CARTESIAN_POINT('Ctrl Pts',(529.306621600281,-646.608624170158,676.695049780055));
#4703=CARTESIAN_POINT('Ctrl Pts',(529.074729330662,-646.452638141642,676.845642363034));
#4704=CARTESIAN_POINT('Ctrl Pts',(528.842837061043,-646.296652113125,676.996234946012));
#4705=CARTESIAN_POINT('Ctrl Pts',(528.605364458113,-646.151191387919,677.150451439388));
#4706=CARTESIAN_POINT('Ctrl Pts',(528.371177849136,-646.,677.302533983592));
#4707=CARTESIAN_POINT('',(542.619759675507,-654.,668.049397841817));
#4708=CARTESIAN_POINT('',(542.619759675507,-669.74999992414,668.049397841817));
#4709=CARTESIAN_POINT('',(546.164283752479,-654.,665.747557262712));
#4710=CARTESIAN_POINT('',(540.102916543551,-654.,669.683854690314));
#4711=CARTESIAN_POINT('',(546.164283752479,-719.,665.747557262712));
#4712=CARTESIAN_POINT('',(546.164283752441,-686.49999992414,665.74755726278));
#4713=CARTESIAN_POINT('',(540.102916543551,-719.,669.683854690314));
#4714=CARTESIAN_POINT('Origin',(521.249351501465,-658.,715.237985457359));
#4715=CARTESIAN_POINT('',(521.249351501465,-643.,715.160489645507));
#4716=CARTESIAN_POINT('',(521.249351501465,-643.,680.298616506491));
#4717=CARTESIAN_POINT('',(521.249351501465,-643.,715.237985457359));
#4718=CARTESIAN_POINT('',(529.770324261645,-645.655242611501,715.160489645507));
#4719=CARTESIAN_POINT('Origin',(521.249351501465,-658.,715.160489645507));
#4720=CARTESIAN_POINT('',(530.249351780849,-645.999999174683,678.031057397498));
#4721=CARTESIAN_POINT('Ctrl Pts',(530.249335165783,-645.999987748256,678.032341500059));
#4722=CARTESIAN_POINT('Ctrl Pts',(530.091946181719,-645.881946345023,690.408390881875));
#4723=CARTESIAN_POINT('Ctrl Pts',(529.932234604717,-645.767001754253,702.784440263691));
#4724=CARTESIAN_POINT('Ctrl Pts',(529.770324038951,-645.655242934128,715.160489645507));
#4725=CARTESIAN_POINT('Ctrl Pts',(521.249351501465,-643.,680.298616506492));
#4726=CARTESIAN_POINT('Ctrl Pts',(521.787882963764,-643.,680.222238190413));
#4727=CARTESIAN_POINT('Ctrl Pts',(522.425883962396,-643.028140547339,680.158481550633));
#4728=CARTESIAN_POINT('Ctrl Pts',(523.377312232251,-643.150021086893,680.037222844811));
#4729=CARTESIAN_POINT('Ctrl Pts',(523.598252646892,-643.183368583064,680.007688745503));
#4730=CARTESIAN_POINT('Ctrl Pts',(524.675211996572,-643.370581248303,679.856438039205));
#4731=CARTESIAN_POINT('Ctrl Pts',(525.526474967594,-643.596354633912,679.718119970929));
#4732=CARTESIAN_POINT('Ctrl Pts',(527.254689148101,-644.220670243927,679.331313104987));
#4733=CARTESIAN_POINT('Ctrl Pts',(528.121377530071,-644.635114470416,679.078052916894));
#4734=CARTESIAN_POINT('Ctrl Pts',(529.237427109543,-645.298256100371,678.596203202964));
#4735=CARTESIAN_POINT('Ctrl Pts',(529.526774990969,-645.485260444445,678.449202969521));
#4736=CARTESIAN_POINT('Ctrl Pts',(529.969021906634,-645.793563906191,678.200057550364));
#4737=CARTESIAN_POINT('Ctrl Pts',(530.109758294342,-645.895294178632,678.117717509293));
#4738=CARTESIAN_POINT('Ctrl Pts',(530.24995074852,-646.000449458671,678.034138593398));
#4739=CARTESIAN_POINT('Origin',(521.249351501465,-715.,678.047243471082));
#4740=CARTESIAN_POINT('',(530.251099796698,-726.999123445179,678.033746275421));
#4741=CARTESIAN_POINT('',(521.249351501465,-730.,680.298616574875));
#4742=CARTESIAN_POINT('Ctrl Pts',(530.250625048287,-726.999044734281,678.034060581494));
#4743=CARTESIAN_POINT('Ctrl Pts',(530.07005373748,-727.134503164454,678.141622196383));
#4744=CARTESIAN_POINT('Ctrl Pts',(529.888936705523,-727.264015839925,678.246976786461));
#4745=CARTESIAN_POINT('Ctrl Pts',(529.380865539038,-727.610885863648,678.526059756359));
#4746=CARTESIAN_POINT('Ctrl Pts',(529.08417002601,-727.797090988007,678.667523457659));
#4747=CARTESIAN_POINT('Ctrl Pts',(528.358267536253,-728.216153081392,678.965574200603));
#4748=CARTESIAN_POINT('Ctrl Pts',(527.950126850977,-728.428089543274,679.105318967586));
#4749=CARTESIAN_POINT('Ctrl Pts',(526.770209515222,-728.972123225166,679.454212515386));
#4750=CARTESIAN_POINT('Ctrl Pts',(525.976724321156,-729.261930102416,679.627302435155));
#4751=CARTESIAN_POINT('Ctrl Pts',(524.48339477165,-729.662984414872,679.884829877544));
#4752=CARTESIAN_POINT('Ctrl Pts',(523.808656375302,-729.796181903597,679.982568396376));
#4753=CARTESIAN_POINT('Ctrl Pts',(522.72308511001,-729.932879548863,680.120328756131));
#4754=CARTESIAN_POINT('Ctrl Pts',(522.328819341733,-729.96633834264,680.165144917494));
#4755=CARTESIAN_POINT('Ctrl Pts',(521.70429614699,-729.994856096535,680.238788720981));
#4756=CARTESIAN_POINT('Ctrl Pts',(521.475502056801,-730.,680.266545224375));
#4757=CARTESIAN_POINT('Ctrl Pts',(521.249351501465,-730.,680.298616574875));
#4758=CARTESIAN_POINT('',(529.770324632955,-727.34475697276,715.160489645507));
#4759=CARTESIAN_POINT('Ctrl Pts',(529.770324707031,-727.344757080078,715.160489645507));
#4760=CARTESIAN_POINT('Ctrl Pts',(529.932234505597,-727.232998769,702.784487124852));
#4761=CARTESIAN_POINT('Ctrl Pts',(530.091945335838,-727.118054717472,690.408484604196));
#4762=CARTESIAN_POINT('Ctrl Pts',(530.249333595336,-727.000013882427,678.032482083541));
#4763=CARTESIAN_POINT('',(521.249351501465,-730.,715.160489645507));
#4764=CARTESIAN_POINT('Origin',(521.249351501465,-715.,715.160489645507));
#4765=CARTESIAN_POINT('',(521.249351501465,-730.,678.047243471082));
#4766=CARTESIAN_POINT('Origin',(530.055428504944,-725.5,616.221150961425));
#4767=CARTESIAN_POINT('',(523.167605713978,-726.999999999959,617.721150961326));
#4768=CARTESIAN_POINT('',(505.319700457833,-727.,617.721150961425));
#4769=CARTESIAN_POINT('',(536.624416351321,-723.999999062452,614.721150961425));
#4770=CARTESIAN_POINT('',(536.624416351318,-725.5,616.221150961425));
#4771=CARTESIAN_POINT('',(523.805275434884,-724.0000000001,614.721150961466));
#4772=CARTESIAN_POINT('',(506.003333956003,-724.,614.721150961425));
#4773=CARTESIAN_POINT('',(523.230202504786,-726.705505269594,617.426656231019));
#4774=CARTESIAN_POINT('Origin',(425.795951843262,-647.5,616.221150961425));
#4775=CARTESIAN_POINT('',(428.967487335205,-649.,614.721150961425));
#4776=CARTESIAN_POINT('',(422.624416351318,-649.,614.721150961425));
#4777=CARTESIAN_POINT('',(453.873595625162,-649.,614.721150961425));
#4778=CARTESIAN_POINT('',(428.967487335205,-647.313237953186,616.407913008239));
#4779=CARTESIAN_POINT('',(422.624416351318,-655.241666793823,608.479484167601));
#4780=CARTESIAN_POINT('Origin',(425.795951843262,-725.5,616.221150961425));
#4781=CARTESIAN_POINT('',(428.967487335205,-727.,617.721150961425));
#4782=CARTESIAN_POINT('',(422.624416351318,-727.,617.721150961425));
#4783=CARTESIAN_POINT('',(453.189962126992,-727.,617.721150961425));
#4784=CARTESIAN_POINT('',(428.967487335205,-724.,614.721150961425));
#4785=CARTESIAN_POINT('',(428.967487335205,-725.686762809753,616.407913771178));
#4786=CARTESIAN_POINT('',(422.624416351318,-724.,614.721150961425));
#4787=CARTESIAN_POINT('',(453.873595625162,-724.,614.721150961425));
#4788=CARTESIAN_POINT('',(422.624416351318,-717.758333206177,608.479484167601));
#4789=CARTESIAN_POINT('Origin',(522.624416351318,-727.880954742432,712.236133184935));
#4790=CARTESIAN_POINT('',(522.624416351318,-728.767768859895,712.392729148636));
#4791=CARTESIAN_POINT('',(522.624416351318,-728.767768859863,711.192723837401));
#4792=CARTESIAN_POINT('',(522.624416351318,-728.767768859863,712.109836051626));
#4793=CARTESIAN_POINT('',(522.624416351318,-726.994135726658,714.166357367342));
#4794=CARTESIAN_POINT('',(522.624416351318,-728.077972415539,713.082523681673));
#4795=CARTESIAN_POINT('',(522.624416351307,-726.994134882482,711.192723837401));
#4796=CARTESIAN_POINT('',(522.624416351318,-726.994135304552,712.679540243653));
#4797=CARTESIAN_POINT('',(522.624416351318,-727.692364556449,711.192723837401));
#4798=CARTESIAN_POINT('Origin',(540.31609916687,-653.,667.890021887328));
#4799=CARTESIAN_POINT('',(538.012435881546,-654.,667.73064607988));
#4800=CARTESIAN_POINT('',(539.822847652077,-654.,667.855896880332));
#4801=CARTESIAN_POINT('',(538.012435881546,-652.,667.73064607988));
#4802=CARTESIAN_POINT('',(539.02358897091,-652.,667.800601139177));
#4803=CARTESIAN_POINT('',(538.012435868847,-654.,667.730646248573));
#4804=CARTESIAN_POINT('Origin',(540.31609916687,-720.,667.890021887328));
#4805=CARTESIAN_POINT('',(538.012435881546,-719.,667.73064607988));
#4806=CARTESIAN_POINT('',(539.822847652077,-719.,667.855896880332));
#4807=CARTESIAN_POINT('',(538.012435881546,-721.,667.73064607988));
#4808=CARTESIAN_POINT('',(538.012435868847,-719.,667.730646248573));
#4809=CARTESIAN_POINT('',(539.02358897091,-721.,667.800601139177));
#4810=CARTESIAN_POINT('Origin',(535.903245925903,-720.,661.573478308226));
#4811=CARTESIAN_POINT('',(535.285320501938,-719.,664.48059234754));
#4812=CARTESIAN_POINT('',(535.285320500089,-721.,664.480592356239));
#4813=CARTESIAN_POINT('',(535.285320609142,-719.,664.48059236578));
#4814=CARTESIAN_POINT('',(536.521171898833,-719.,658.666362731428));
#4815=CARTESIAN_POINT('',(535.852600936817,-719.,661.811744448687));
#4816=CARTESIAN_POINT('',(536.521171898833,-721.,658.666362731428));
#4817=CARTESIAN_POINT('',(536.521171898833,-721.,658.666362731428));
#4818=CARTESIAN_POINT('',(535.807871193668,-721.,662.022181521656));
#4819=CARTESIAN_POINT('Origin',(535.903245925903,-653.,661.573478308226));
#4820=CARTESIAN_POINT('',(535.285320500089,-652.,664.480592356239));
#4821=CARTESIAN_POINT('',(535.285320500089,-654.,664.480592356239));
#4822=CARTESIAN_POINT('',(535.285320609142,-654.,664.48059236578));
#4823=CARTESIAN_POINT('',(536.521171898833,-652.,658.666362731428));
#4824=CARTESIAN_POINT('',(535.807871193668,-652.,662.022181521656));
#4825=CARTESIAN_POINT('',(536.521171898833,-654.,658.666362731428));
#4826=CARTESIAN_POINT('',(536.521171898833,-652.,658.666362731428));
#4827=CARTESIAN_POINT('',(535.852600936817,-654.,661.811744448687));
#4828=CARTESIAN_POINT('Origin',(522.624416351318,-645.119047880173,712.236133184935));
#4829=CARTESIAN_POINT('',(522.624416351352,-646.005862170172,714.166353907462));
#4830=CARTESIAN_POINT('',(522.624416351337,-646.005862237405,711.192723837401));
#4831=CARTESIAN_POINT('',(522.624416351318,-646.005862204419,712.679540243651));
#4832=CARTESIAN_POINT('',(522.624416351318,-644.232233047443,712.392728519073));
#4833=CARTESIAN_POINT('',(522.624416351318,-644.92202938583,713.082523405377));
#4834=CARTESIAN_POINT('',(522.624416351318,-644.232233047485,711.192723837401));
#4835=CARTESIAN_POINT('',(522.624416351318,-644.232233047485,712.109836051626));
#4836=CARTESIAN_POINT('',(522.624416351318,-645.30763723169,711.192723837401));
#4837=CARTESIAN_POINT('Origin',(547.624416351318,-686.5,664.683124151732));
#4838=CARTESIAN_POINT('',(547.624417272882,-656.,664.247556295897));
#4839=CARTESIAN_POINT('',(547.624416330985,-717.,664.247556295897));
#4840=CARTESIAN_POINT('',(547.624416351318,-686.500000143051,664.247556295897));
#4841=CARTESIAN_POINT('',(547.624416351318,-656.,665.118692671409));
#4842=CARTESIAN_POINT('',(547.624416351318,-656.,664.683124151732));
#4843=CARTESIAN_POINT('',(547.624416351318,-717.,665.118692671409));
#4844=CARTESIAN_POINT('',(547.624416351318,-656.,665.118693999123));
#4845=CARTESIAN_POINT('',(547.624416351318,-717.,664.683124151732));
#4846=CARTESIAN_POINT('Origin',(522.696462034865,-713.084270223684,682.222393705014));
#4847=CARTESIAN_POINT('',(534.249351501465,-715.,674.571111288573));
#4848=CARTESIAN_POINT('',(534.20721658308,-716.005068738625,674.603041932121));
#4849=CARTESIAN_POINT('Ctrl Pts',(534.249351501465,-715.,674.571111288573));
#4850=CARTESIAN_POINT('Ctrl Pts',(534.249527310923,-715.335707144573,674.570982889412));
#4851=CARTESIAN_POINT('Ctrl Pts',(534.235325325436,-715.671307916556,674.581745010295));
#4852=CARTESIAN_POINT('Ctrl Pts',(534.20721658308,-716.005068738625,674.603041932121));
#4853=CARTESIAN_POINT('Origin',(536.249344117806,-715.,674.571111288573));
#4854=CARTESIAN_POINT('',(522.861398655697,-727.,682.896314524131));
#4855=CARTESIAN_POINT('Ctrl Pts',(522.861398655697,-727.,682.896314524131));
#4856=CARTESIAN_POINT('Ctrl Pts',(523.592465121682,-727.,681.983300737079));
#4857=CARTESIAN_POINT('Ctrl Pts',(524.791657339725,-727.,680.512843054034));
#4858=CARTESIAN_POINT('Ctrl Pts',(526.623226988497,-727.,678.623466189141));
#4859=CARTESIAN_POINT('Ctrl Pts',(527.757832719733,-727.,677.702248995828));
#4860=CARTESIAN_POINT('Ctrl Pts',(528.37117767334,-727.,677.302533712889));
#4861=CARTESIAN_POINT('',(522.249351501465,-727.,683.662824240233));
#4862=CARTESIAN_POINT('Ctrl Pts',(522.249351501465,-727.,683.662824240233));
#4863=CARTESIAN_POINT('Ctrl Pts',(522.453254708776,-727.,683.407347990839));
#4864=CARTESIAN_POINT('Ctrl Pts',(522.656992440524,-727.,683.151593218061));
#4865=CARTESIAN_POINT('Ctrl Pts',(522.861398655697,-727.,682.896314524131));
#4866=CARTESIAN_POINT('',(527.906112670898,-725.583053588867,679.377019491698));
#4867=CARTESIAN_POINT('Ctrl Pts',(527.906112670898,-725.583053588867,679.377019491698));
#4868=CARTESIAN_POINT('Ctrl Pts',(527.557118761112,-725.769594312325,679.641432166826));
#4869=CARTESIAN_POINT('Ctrl Pts',(526.841637497442,-726.10735893275,680.183511141118));
#4870=CARTESIAN_POINT('Ctrl Pts',(525.732570381869,-726.503458856945,681.02379255174));
#4871=CARTESIAN_POINT('Ctrl Pts',(524.204964096621,-726.885416263806,682.181171890366));
#4872=CARTESIAN_POINT('Ctrl Pts',(523.032888290267,-726.999935358304,683.069184837821));
#4873=CARTESIAN_POINT('Ctrl Pts',(522.249351501465,-727.,683.662824240233));
#4874=CARTESIAN_POINT('Ctrl Pts',(534.20721658308,-716.005068738625,674.603041932121));
#4875=CARTESIAN_POINT('Ctrl Pts',(534.169309704698,-716.455171796613,674.631762527846));
#4876=CARTESIAN_POINT('Ctrl Pts',(534.050346835731,-717.296130890443,674.721889931066));
#4877=CARTESIAN_POINT('Ctrl Pts',(533.748569075848,-718.497478430203,674.950523936042));
#4878=CARTESIAN_POINT('Ctrl Pts',(533.349605725238,-719.609633236302,675.252805359487));
#4879=CARTESIAN_POINT('Ctrl Pts',(532.843650467349,-720.67669066125,675.636131584261));
#4880=CARTESIAN_POINT('Ctrl Pts',(532.235777114258,-721.688418276466,676.096689416234));
#4881=CARTESIAN_POINT('Ctrl Pts',(531.531976089755,-722.635191185666,676.62991656912));
#4882=CARTESIAN_POINT('Ctrl Pts',(530.73912994386,-723.508045887574,677.230608531699));
#4883=CARTESIAN_POINT('Ctrl Pts',(529.864907039098,-724.2987127074,677.892952207621));
#4884=CARTESIAN_POINT('Ctrl Pts',(528.917758957477,-724.999758812103,678.610552957083));
#4885=CARTESIAN_POINT('Ctrl Pts',(528.249504171097,-725.399507409177,679.116851441089));
#4886=CARTESIAN_POINT('Ctrl Pts',(527.906112670898,-725.583053588867,679.377019491698));
#4887=CARTESIAN_POINT('Origin',(522.631123429391,-659.973059213186,682.232729906883));
#4888=CARTESIAN_POINT('',(534.249351501465,-658.,674.571111288573));
#4889=CARTESIAN_POINT('Origin',(536.249344117806,-658.,674.571111288573));
#4890=CARTESIAN_POINT('',(534.215896816402,-657.103934498252,674.596465184391));
#4891=CARTESIAN_POINT('Ctrl Pts',(534.215896816402,-657.103934498252,674.596465184391));
#4892=CARTESIAN_POINT('Ctrl Pts',(534.238245684943,-657.401720385936,674.579531934319));
#4893=CARTESIAN_POINT('Ctrl Pts',(534.249508485492,-657.700817869239,674.570996629972));
#4894=CARTESIAN_POINT('Ctrl Pts',(534.249351501465,-658.,674.571111288573));
#4895=CARTESIAN_POINT('',(527.302200347996,-647.115666669993,679.834562343418));
#4896=CARTESIAN_POINT('Ctrl Pts',(527.302200347996,-647.115666669993,679.834562343418));
#4897=CARTESIAN_POINT('Ctrl Pts',(527.505391993399,-647.209994026179,679.680616217845));
#4898=CARTESIAN_POINT('Ctrl Pts',(528.053758168822,-647.483392801023,679.265162180018));
#4899=CARTESIAN_POINT('Ctrl Pts',(528.917755623952,-648.000246694419,678.610553830415));
#4900=CARTESIAN_POINT('Ctrl Pts',(529.864909840159,-648.701282827187,677.892950515062));
#4901=CARTESIAN_POINT('Ctrl Pts',(530.739127523767,-649.491956716306,677.230610253792));
#4902=CARTESIAN_POINT('Ctrl Pts',(531.531977172289,-650.364805521301,676.629915777835));
#4903=CARTESIAN_POINT('Ctrl Pts',(532.235777938483,-651.311578953754,676.096688784278));
#4904=CARTESIAN_POINT('Ctrl Pts',(532.84364978539,-652.323308897985,675.636132102884));
#4905=CARTESIAN_POINT('Ctrl Pts',(533.349605050598,-653.390366132474,675.252805870113));
#4906=CARTESIAN_POINT('Ctrl Pts',(533.748570782252,-654.502521129318,674.950522643324));
#4907=CARTESIAN_POINT('Ctrl Pts',(534.059109544135,-655.738759528483,674.715251094827));
#4908=CARTESIAN_POINT('Ctrl Pts',(534.179349756026,-656.616965827039,674.624156094633));
#4909=CARTESIAN_POINT('Ctrl Pts',(534.215896816402,-657.103934498252,674.596465184391));
#4910=CARTESIAN_POINT('Ctrl Pts',(522.264717102051,-646.,683.643521872069));
#4911=CARTESIAN_POINT('Ctrl Pts',(523.046626630983,-646.001308722416,683.060967044953));
#4912=CARTESIAN_POINT('Ctrl Pts',(524.210954032756,-646.116143720718,682.176139626956));
#4913=CARTESIAN_POINT('Ctrl Pts',(525.732614858762,-646.496539932505,681.023850831036));
#4914=CARTESIAN_POINT('Ctrl Pts',(526.633089728231,-646.818161728759,680.341514393453));
#4915=CARTESIAN_POINT('Ctrl Pts',(527.149622892087,-647.044835863929,679.950161132632));
#4916=CARTESIAN_POINT('Ctrl Pts',(527.302200347996,-647.115666669993,679.834562343418));
#4917=CARTESIAN_POINT('Ctrl Pts',(521.058664441035,-643.927343576405,681.617001798379));
#4918=CARTESIAN_POINT('Ctrl Pts',(521.072003027681,-643.822878293189,681.498666132418));
#4919=CARTESIAN_POINT('Ctrl Pts',(521.083217445353,-643.721482233044,681.377889926939));
#4920=CARTESIAN_POINT('Ctrl Pts',(521.092309224403,-643.623259451994,681.254674601769));
#4921=CARTESIAN_POINT('Ctrl Pts',(521.106269518252,-643.433343190978,681.003400896557));
#4922=CARTESIAN_POINT('Ctrl Pts',(521.111839912778,-643.256538430604,680.742544077297));
#4923=CARTESIAN_POINT('Ctrl Pts',(521.112541721577,-643.171433386189,680.609745406979));
#4924=CARTESIAN_POINT('Ctrl Pts',(521.109809523542,-643.007623146233,680.339470929271));
#4925=CARTESIAN_POINT('Ctrl Pts',(521.098820840111,-642.856441830041,680.059901840748));
#4926=CARTESIAN_POINT('Ctrl Pts',(521.091266662388,-642.783965993902,679.917809308981));
#4927=CARTESIAN_POINT('Ctrl Pts',(521.072025306643,-642.645334822561,679.629007119912));
#4928=CARTESIAN_POINT('Ctrl Pts',(521.044500094131,-642.519386035088,679.330992660393));
#4929=CARTESIAN_POINT('Ctrl Pts',(521.02866188843,-642.459594546396,679.179687551393));
#4930=CARTESIAN_POINT('Ctrl Pts',(521.00178877845,-642.374655369307,678.949301725815));
#4931=CARTESIAN_POINT('Ctrl Pts',(520.970253282081,-642.296763852897,678.713829013042));
#4932=CARTESIAN_POINT('Ctrl Pts',(520.959224017174,-642.271578985503,678.634775944935));
#4933=CARTESIAN_POINT('Ctrl Pts',(520.936132580238,-642.222757234685,678.475552948583));
#4934=CARTESIAN_POINT('Ctrl Pts',(520.910980640928,-642.177009355744,678.314113707876));
#4935=CARTESIAN_POINT('Ctrl Pts',(520.897890872776,-642.15489835438,678.232844394102));
#4936=CARTESIAN_POINT('Ctrl Pts',(520.857085194348,-642.090835913036,677.987402372304));
#4937=CARTESIAN_POINT('Ctrl Pts',(520.811688170617,-642.033526845481,677.737107984679));
#4938=CARTESIAN_POINT('Ctrl Pts',(520.779398689541,-641.998270415935,677.568132782487));
#4939=CARTESIAN_POINT('Ctrl Pts',(520.710811346477,-641.933540488322,677.226063791265));
#4940=CARTESIAN_POINT('Ctrl Pts',(520.63430214399,-641.88012735147,676.875991042195));
#4941=CARTESIAN_POINT('Ctrl Pts',(520.594090809894,-641.856187683014,676.699012091138));
#4942=CARTESIAN_POINT('Ctrl Pts',(520.530878949575,-641.824328735806,676.430725342491));
#4943=CARTESIAN_POINT('Ctrl Pts',(520.463388801312,-641.798389557853,676.158359713144));
#4944=CARTESIAN_POINT('Ctrl Pts',(520.440420276301,-641.790392246746,676.067126217993));
#4945=CARTESIAN_POINT('Ctrl Pts',(520.393546926614,-641.775678090586,675.883786135991));
#4946=CARTESIAN_POINT('Ctrl Pts',(520.344815873716,-641.763488926144,675.69873377288));
#4947=CARTESIAN_POINT('Ctrl Pts',(520.319989645688,-641.758016606739,675.60578799695));
#4948=CARTESIAN_POINT('Ctrl Pts',(520.294706505245,-641.753157428448,675.512431171908));
#4949=CARTESIAN_POINT('Ctrl Pts',(520.268970274582,-641.748902173807,675.418671842411));
#4950=CARTESIAN_POINT('Ctrl Pts',(521.940246092744,-643.939799887088,681.423687862828));
#4951=CARTESIAN_POINT('Ctrl Pts',(521.955261405066,-643.829807254648,681.307660371461));
#4952=CARTESIAN_POINT('Ctrl Pts',(521.968037380767,-643.722987746971,681.189024926278));
#4953=CARTESIAN_POINT('Ctrl Pts',(521.978573139544,-643.619500568061,681.067776711857));
#4954=CARTESIAN_POINT('Ctrl Pts',(521.995187968353,-643.419575096662,680.820086326273));
#4955=CARTESIAN_POINT('Ctrl Pts',(522.002961799179,-643.23430648248,680.562122253034));
#4956=CARTESIAN_POINT('Ctrl Pts',(522.004656403034,-643.145482858332,680.430599977244));
#4957=CARTESIAN_POINT('Ctrl Pts',(522.003703792442,-642.975486045688,680.162551286698));
#4958=CARTESIAN_POINT('Ctrl Pts',(521.994083540952,-642.820500656631,679.88455700774));
#4959=CARTESIAN_POINT('Ctrl Pts',(521.98711121212,-642.746695372899,679.743090090514));
#4960=CARTESIAN_POINT('Ctrl Pts',(521.968820862154,-642.606299965429,679.455208586409));
#4961=CARTESIAN_POINT('Ctrl Pts',(521.941818564417,-642.480004524993,679.157459374508));
#4962=CARTESIAN_POINT('Ctrl Pts',(521.926133916198,-642.420298172443,679.006124188424));
#4963=CARTESIAN_POINT('Ctrl Pts',(521.899332280401,-642.335780627196,678.775457254386));
#4964=CARTESIAN_POINT('Ctrl Pts',(521.867638421368,-642.258672006325,678.539367303534));
#4965=CARTESIAN_POINT('Ctrl Pts',(521.856531296626,-642.233783693407,678.460072128928));
#4966=CARTESIAN_POINT('Ctrl Pts',(521.833235120199,-642.18561981041,678.30029446561));
#4967=CARTESIAN_POINT('Ctrl Pts',(521.807782859903,-642.140649286176,678.138164525218));
#4968=CARTESIAN_POINT('Ctrl Pts',(521.794519650891,-642.118954334653,678.056517072783));
#4969=CARTESIAN_POINT('Ctrl Pts',(521.753125810793,-642.056216774949,677.809846183144));
#4970=CARTESIAN_POINT('Ctrl Pts',(521.706943310088,-642.000449603931,677.558051690985));
#4971=CARTESIAN_POINT('Ctrl Pts',(521.674048004279,-641.966305985684,677.387966653402));
#4972=CARTESIAN_POINT('Ctrl Pts',(521.604096348828,-641.903958114934,677.043481288239));
#4973=CARTESIAN_POINT('Ctrl Pts',(521.525940063782,-641.85321562514,676.690643531423));
#4974=CARTESIAN_POINT('Ctrl Pts',(521.484840145064,-641.830677480365,676.512206124582));
#4975=CARTESIAN_POINT('Ctrl Pts',(521.420206038488,-641.80101262217,676.2416342727));
#4976=CARTESIAN_POINT('Ctrl Pts',(521.351170956788,-641.777393970808,675.966860681286));
#4977=CARTESIAN_POINT('Ctrl Pts',(521.327674453975,-641.770183594156,675.874812174548));
#4978=CARTESIAN_POINT('Ctrl Pts',(521.279720362954,-641.75706892479,675.68981986083));
#4979=CARTESIAN_POINT('Ctrl Pts',(521.229861313373,-641.746528010663,675.503075665874));
#4980=CARTESIAN_POINT('Ctrl Pts',(521.204459852253,-641.741891389445,675.409275278324));
#4981=CARTESIAN_POINT('Ctrl Pts',(521.178590794996,-641.737878863395,675.315056301276));
#4982=CARTESIAN_POINT('Ctrl Pts',(521.152258485212,-641.734480593408,675.220428379562));
#4983=CARTESIAN_POINT('Ctrl Pts',(522.818752482004,-643.982579395007,681.225290692238));
#4984=CARTESIAN_POINT('Ctrl Pts',(522.835749011848,-643.866226062936,681.112062711028));
#4985=CARTESIAN_POINT('Ctrl Pts',(522.850373341666,-643.752991050701,680.996035797437));
#4986=CARTESIAN_POINT('Ctrl Pts',(522.862617756046,-643.643062494358,680.877192022276));
#4987=CARTESIAN_POINT('Ctrl Pts',(522.882362256294,-643.430364429661,680.633883169369));
#4988=CARTESIAN_POINT('Ctrl Pts',(522.892695726314,-643.23364731185,680.379428649674));
#4989=CARTESIAN_POINT('Ctrl Pts',(522.895528960642,-643.139690777457,680.249439126276));
#4990=CARTESIAN_POINT('Ctrl Pts',(522.896581141489,-642.96160815928,679.984007184602));
#4991=CARTESIAN_POINT('Ctrl Pts',(522.888420060877,-642.80275633278,679.707732491279));
#4992=CARTESIAN_POINT('Ctrl Pts',(522.882040999328,-642.728040839727,679.566901495976));
#4993=CARTESIAN_POINT('Ctrl Pts',(522.864662465342,-642.58691187118,679.279858920676));
#4994=CARTESIAN_POINT('Ctrl Pts',(522.838038743232,-642.461288084662,678.982124840957));
#4995=CARTESIAN_POINT('Ctrl Pts',(522.822413858734,-642.402054834209,678.830601773924));
#4996=CARTESIAN_POINT('Ctrl Pts',(522.795518632516,-642.318380778422,678.599380117214));
#4997=CARTESIAN_POINT('Ctrl Pts',(522.763473755178,-642.242267606912,678.362357711355));
#4998=CARTESIAN_POINT('Ctrl Pts',(522.752221993712,-642.217725440207,678.282711508382));
#4999=CARTESIAN_POINT('Ctrl Pts',(522.728583294032,-642.170281375964,678.122154971986));
#5000=CARTESIAN_POINT('Ctrl Pts',(522.702686006674,-642.126084998987,677.959099752009));
#5001=CARTESIAN_POINT('Ctrl Pts',(522.689175657913,-642.104790560038,677.87695486521));
#5002=CARTESIAN_POINT('Ctrl Pts',(522.646969503514,-642.043295816899,677.628692726891));
#5003=CARTESIAN_POINT('Ctrl Pts',(522.599770752853,-641.988897882113,677.375026316474));
#5004=CARTESIAN_POINT('Ctrl Pts',(522.566115092047,-641.955725790507,677.203582966815));
#5005=CARTESIAN_POINT('Ctrl Pts',(522.494491852761,-641.895442219678,676.856188454002));
#5006=CARTESIAN_POINT('Ctrl Pts',(522.414389581028,-641.847005658749,676.500110007458));
#5007=CARTESIAN_POINT('Ctrl Pts',(522.372254909403,-641.82568076693,676.319982751988));
#5008=CARTESIAN_POINT('Ctrl Pts',(522.305985434777,-641.797923558355,676.046790855916));
#5009=CARTESIAN_POINT('Ctrl Pts',(522.23520275326,-641.776337859035,675.769295484602));
#5010=CARTESIAN_POINT('Ctrl Pts',(522.211111948665,-641.76981870255,675.676329868225));
#5011=CARTESIAN_POINT('Ctrl Pts',(522.161947039463,-641.758112775394,675.489486417782));
#5012=CARTESIAN_POINT('Ctrl Pts',(522.110835223835,-641.74903133566,675.300862537798));
#5013=CARTESIAN_POINT('Ctrl Pts',(522.084797513108,-641.745136666722,675.206116492376));
#5014=CARTESIAN_POINT('Ctrl Pts',(522.058282919199,-641.741877790653,675.110947294528));
#5015=CARTESIAN_POINT('Ctrl Pts',(522.031296325257,-641.739244315645,675.015365768425));
#5016=CARTESIAN_POINT('Ctrl Pts',(523.69226882848,-644.095612386566,681.018057380548));
#5017=CARTESIAN_POINT('Ctrl Pts',(523.711709700934,-643.976027725629,680.908306609565));
#5018=CARTESIAN_POINT('Ctrl Pts',(523.728647154712,-643.859897208042,680.795566399998));
#5019=CARTESIAN_POINT('Ctrl Pts',(523.7430633176,-643.747421813563,680.679800811964));
#5020=CARTESIAN_POINT('Ctrl Pts',(523.766821946313,-643.530135822028,680.442150970184));
#5021=CARTESIAN_POINT('Ctrl Pts',(523.780396844093,-643.328702815372,680.192181461232));
#5022=CARTESIAN_POINT('Ctrl Pts',(523.78462895401,-643.232085035855,680.064095327067));
#5023=CARTESIAN_POINT('Ctrl Pts',(523.788000669259,-643.047169559645,679.801755241118));
#5024=CARTESIAN_POINT('Ctrl Pts',(523.781260202961,-642.878980837465,679.52723594457));
#5025=CARTESIAN_POINT('Ctrl Pts',(523.775379823134,-642.799092747575,679.3869697716));
#5026=CARTESIAN_POINT('Ctrl Pts',(523.758635139817,-642.647762327053,679.100504895356));
#5027=CARTESIAN_POINT('Ctrl Pts',(523.731996903324,-642.51309325523,678.802350977028));
#5028=CARTESIAN_POINT('Ctrl Pts',(523.716223255488,-642.449868507112,678.650396288214));
#5029=CARTESIAN_POINT('Ctrl Pts',(523.688914381303,-642.361011020423,678.418228937306));
#5030=CARTESIAN_POINT('Ctrl Pts',(523.656197208088,-642.280835464638,678.179860484251));
#5031=CARTESIAN_POINT('Ctrl Pts',(523.644694116782,-642.255058932183,678.099723726076));
#5032=CARTESIAN_POINT('Ctrl Pts',(523.620501015893,-642.205370584374,677.938107300574));
#5033=CARTESIAN_POINT('Ctrl Pts',(523.5939509503,-642.159348945147,677.773844195665));
#5034=CARTESIAN_POINT('Ctrl Pts',(523.580090893387,-642.137239096231,677.69106075707));
#5035=CARTESIAN_POINT('Ctrl Pts',(523.536769224982,-642.073567069623,677.440786020168));
#5036=CARTESIAN_POINT('Ctrl Pts',(523.488265943613,-642.017737923786,677.184836093134));
#5037=CARTESIAN_POINT('Ctrl Pts',(523.453665601435,-641.98388880023,677.011767683736));
#5038=CARTESIAN_POINT('Ctrl Pts',(523.38001910737,-641.922723221293,676.660950390043));
#5039=CARTESIAN_POINT('Ctrl Pts',(523.297654733637,-641.874226844077,676.301164320439));
#5040=CARTESIAN_POINT('Ctrl Pts',(523.25433652788,-641.853046959124,676.119127158069));
#5041=CARTESIAN_POINT('Ctrl Pts',(523.186222605154,-641.825737689545,675.84300700924));
#5042=CARTESIAN_POINT('Ctrl Pts',(523.113504260342,-641.80490631042,675.562516313156));
#5043=CARTESIAN_POINT('Ctrl Pts',(523.088758794423,-641.798670462281,675.468546359179));
#5044=CARTESIAN_POINT('Ctrl Pts',(523.038266968442,-641.787591050775,675.279685381202));
#5045=CARTESIAN_POINT('Ctrl Pts',(522.98579542028,-641.779248879081,675.089031790826));
#5046=CARTESIAN_POINT('Ctrl Pts',(522.959070232509,-641.775750272166,674.993269224991));
#5047=CARTESIAN_POINT('Ctrl Pts',(522.931861093912,-641.772912284423,674.897083132571));
#5048=CARTESIAN_POINT('Ctrl Pts',(522.904173383416,-641.770723021575,674.800485537895));
#5049=CARTESIAN_POINT('Ctrl Pts',(525.412801968366,-644.430077119364,680.56062509437));
#5050=CARTESIAN_POINT('Ctrl Pts',(525.437526048534,-644.301405731716,680.458507740914));
#5051=CARTESIAN_POINT('Ctrl Pts',(525.459393384721,-644.176172548211,680.352883987463));
#5052=CARTESIAN_POINT('Ctrl Pts',(525.478352301123,-644.054614111431,680.243656493538));
#5053=CARTESIAN_POINT('Ctrl Pts',(525.510416396498,-643.819358167186,680.017917434265));
#5054=CARTESIAN_POINT('Ctrl Pts',(525.530756365153,-643.600673162959,679.777558357434));
#5055=CARTESIAN_POINT('Ctrl Pts',(525.537991421717,-643.495687964057,679.653711336586));
#5056=CARTESIAN_POINT('Ctrl Pts',(525.54658649133,-643.294676360018,679.398662125061));
#5057=CARTESIAN_POINT('Ctrl Pts',(525.543470435935,-643.111545670916,679.128970432472));
#5058=CARTESIAN_POINT('Ctrl Pts',(525.538994412052,-643.024444133521,678.99048092393));
#5059=CARTESIAN_POINT('Ctrl Pts',(525.524270431463,-642.859010310301,678.706336912591));
#5060=CARTESIAN_POINT('Ctrl Pts',(525.498195602598,-642.710924003272,678.408233281025));
#5061=CARTESIAN_POINT('Ctrl Pts',(525.482368339565,-642.641165852187,678.255783509771));
#5062=CARTESIAN_POINT('Ctrl Pts',(525.454531874206,-642.542884364687,678.022185183483));
#5063=CARTESIAN_POINT('Ctrl Pts',(525.42068842425,-642.453979067924,677.781473878177));
#5064=CARTESIAN_POINT('Ctrl Pts',(525.408747436911,-642.425377114594,677.700461635543));
#5065=CARTESIAN_POINT('Ctrl Pts',(525.383561285253,-642.370219880804,677.536918198982));
#5066=CARTESIAN_POINT('Ctrl Pts',(525.355797949973,-642.319112775968,677.370400676394));
#5067=CARTESIAN_POINT('Ctrl Pts',(525.341279780485,-642.294560957632,677.286414349852));
#5068=CARTESIAN_POINT('Ctrl Pts',(525.295839291513,-642.223875416606,677.032321428808));
#5069=CARTESIAN_POINT('Ctrl Pts',(525.244811341126,-642.161988012705,676.771974460921));
#5070=CARTESIAN_POINT('Ctrl Pts',(525.208372048111,-642.124540695613,676.595761602698));
#5071=CARTESIAN_POINT('Ctrl Pts',(525.130777105597,-642.057050277233,676.238307599215));
#5072=CARTESIAN_POINT('Ctrl Pts',(525.043992961282,-642.003918743057,675.871329494128));
#5073=CARTESIAN_POINT('Ctrl Pts',(524.998364478657,-641.980830163689,675.685592544405));
#5074=CARTESIAN_POINT('Ctrl Pts',(524.926656051245,-641.951238272799,675.403813497313));
#5075=CARTESIAN_POINT('Ctrl Pts',(524.850176392796,-641.928940164622,675.117561556146));
#5076=CARTESIAN_POINT('Ctrl Pts',(524.82416011117,-641.922303008562,675.021663229908));
#5077=CARTESIAN_POINT('Ctrl Pts',(524.771095241253,-641.91058972388,674.828935963999));
#5078=CARTESIAN_POINT('Ctrl Pts',(524.715992641232,-641.901937899191,674.634408852926));
#5079=CARTESIAN_POINT('Ctrl Pts',(524.68793862977,-641.898362203571,674.536710681984));
#5080=CARTESIAN_POINT('Ctrl Pts',(524.659388439927,-641.89552146033,674.438592880944));
#5081=CARTESIAN_POINT('Ctrl Pts',(524.630348402644,-641.893400346461,674.340069997843));
#5082=CARTESIAN_POINT('Ctrl Pts',(527.05088112362,-644.975792140459,679.970672126254));
#5083=CARTESIAN_POINT('Ctrl Pts',(527.082145492535,-644.838135790734,679.878290485517));
#5084=CARTESIAN_POINT('Ctrl Pts',(527.110236247711,-644.703622577841,679.781995172735));
#5085=CARTESIAN_POINT('Ctrl Pts',(527.13504468189,-644.572518242962,679.681581182632));
#5086=CARTESIAN_POINT('Ctrl Pts',(527.177901314601,-644.317639569953,679.472138341923));
#5087=CARTESIAN_POINT('Ctrl Pts',(527.207098258042,-644.078154128429,679.245170452895));
#5088=CARTESIAN_POINT('Ctrl Pts',(527.218245887648,-643.96244299014,679.127229562837));
#5089=CARTESIAN_POINT('Ctrl Pts',(527.233688794419,-643.739369010487,678.882495767654));
#5090=CARTESIAN_POINT('Ctrl Pts',(527.235633897774,-643.533505666014,678.620374261516));
#5091=CARTESIAN_POINT('Ctrl Pts',(527.233284274144,-643.435004281795,678.48504686861));
#5092=CARTESIAN_POINT('Ctrl Pts',(527.222090784443,-643.247011279936,678.20610658723));
#5093=CARTESIAN_POINT('Ctrl Pts',(527.198214618099,-643.07713390215,677.911124778012));
#5094=CARTESIAN_POINT('Ctrl Pts',(527.183182982307,-642.99674950782,677.759756933723));
#5095=CARTESIAN_POINT('Ctrl Pts',(527.156118406109,-642.882995055771,677.527111264583));
#5096=CARTESIAN_POINT('Ctrl Pts',(527.122467713238,-642.779431765825,677.286429847833));
#5097=CARTESIAN_POINT('Ctrl Pts',(527.110529553653,-642.746040563096,677.205329571784));
#5098=CARTESIAN_POINT('Ctrl Pts',(527.085232014404,-642.681510821458,677.041423437599));
#5099=CARTESIAN_POINT('Ctrl Pts',(527.057134654113,-642.621466852096,676.874189248754));
#5100=CARTESIAN_POINT('Ctrl Pts',(527.042396673895,-642.592561423223,676.789760917804));
#5101=CARTESIAN_POINT('Ctrl Pts',(526.996146802424,-642.509176109404,676.534105834149));
#5102=CARTESIAN_POINT('Ctrl Pts',(526.943884097945,-642.43571410948,676.271533427958));
#5103=CARTESIAN_POINT('Ctrl Pts',(526.906454357738,-642.391088101485,676.093582309116));
#5104=CARTESIAN_POINT('Ctrl Pts',(526.826584301735,-642.310360616861,675.732224803319));
#5105=CARTESIAN_POINT('Ctrl Pts',(526.737007114855,-642.246247324537,675.360648542416));
#5106=CARTESIAN_POINT('Ctrl Pts',(526.689870279705,-642.2182356933,675.172478682789));
#5107=CARTESIAN_POINT('Ctrl Pts',(526.615754296227,-642.182090106163,674.886907295343));
#5108=CARTESIAN_POINT('Ctrl Pts',(526.536677438599,-642.154426939619,674.596727204396));
#5109=CARTESIAN_POINT('Ctrl Pts',(526.509775903466,-642.146130304938,674.49950877528));
#5110=CARTESIAN_POINT('Ctrl Pts',(526.454904248799,-642.131347994481,674.30412816108));
#5111=CARTESIAN_POINT('Ctrl Pts',(526.397927170756,-642.120109482998,674.106936885589));
#5112=CARTESIAN_POINT('Ctrl Pts',(526.368920212755,-642.115356647289,674.007907796177));
#5113=CARTESIAN_POINT('Ctrl Pts',(526.339402418612,-642.111450114995,673.908463826591));
#5114=CARTESIAN_POINT('Ctrl Pts',(526.309381013634,-642.108369465085,673.808622786523));
#5115=CARTESIAN_POINT('Ctrl Pts',(527.845542797744,-645.2918575295,679.637922288862));
#5116=CARTESIAN_POINT('Ctrl Pts',(527.88002525913,-645.149423398929,679.550268932015));
#5117=CARTESIAN_POINT('Ctrl Pts',(527.910982172356,-645.009971293314,679.458146915263));
#5118=CARTESIAN_POINT('Ctrl Pts',(527.938321832361,-644.873774423465,679.361381241779));
#5119=CARTESIAN_POINT('Ctrl Pts',(527.986051453149,-644.608246055805,679.159079343858));
#5120=CARTESIAN_POINT('Ctrl Pts',(528.019792683537,-644.357277328507,678.939007278002));
#5121=CARTESIAN_POINT('Ctrl Pts',(528.03314735225,-644.235639510998,678.824477963492));
#5122=CARTESIAN_POINT('Ctrl Pts',(528.052666114279,-644.000435948353,678.586091687655));
#5123=CARTESIAN_POINT('Ctrl Pts',(528.057931497429,-643.781952241807,678.329195856774));
#5124=CARTESIAN_POINT('Ctrl Pts',(528.05702531951,-643.677036312036,678.196143023852));
#5125=CARTESIAN_POINT('Ctrl Pts',(528.048320049088,-643.476089315752,677.921124614974));
#5126=CARTESIAN_POINT('Ctrl Pts',(528.026216560741,-643.293285592009,677.62892817357));
#5127=CARTESIAN_POINT('Ctrl Pts',(528.011913482654,-643.20651243474,677.478699710622));
#5128=CARTESIAN_POINT('Ctrl Pts',(527.985737310762,-643.083396796796,677.247430788536));
#5129=CARTESIAN_POINT('Ctrl Pts',(527.952699789282,-642.970922293173,677.007673654828));
#5130=CARTESIAN_POINT('Ctrl Pts',(527.940937244637,-642.934617310093,676.926833862607));
#5131=CARTESIAN_POINT('Ctrl Pts',(527.915936372658,-642.864384465545,676.763357950497));
#5132=CARTESIAN_POINT('Ctrl Pts',(527.888031786091,-642.798904862802,676.596380776083));
#5133=CARTESIAN_POINT('Ctrl Pts',(527.873365526735,-642.767353125546,676.512039719749));
#5134=CARTESIAN_POINT('Ctrl Pts',(527.827260202531,-642.676254484599,676.256528504148));
#5135=CARTESIAN_POINT('Ctrl Pts',(527.774939656976,-642.59578164348,675.993763731088));
#5136=CARTESIAN_POINT('Ctrl Pts',(527.737389755687,-642.546816784741,675.815550476372));
#5137=CARTESIAN_POINT('Ctrl Pts',(527.657130855594,-642.458100603572,675.453434441725));
#5138=CARTESIAN_POINT('Ctrl Pts',(527.566895866718,-642.387371024939,675.080706190166));
#5139=CARTESIAN_POINT('Ctrl Pts',(527.519369868257,-642.35639300236,674.891880615151));
#5140=CARTESIAN_POINT('Ctrl Pts',(527.44458941849,-642.316291872099,674.605236413836));
#5141=CARTESIAN_POINT('Ctrl Pts',(527.364739074208,-642.285371392514,674.313892683214));
#5142=CARTESIAN_POINT('Ctrl Pts',(527.337568267268,-642.276064192788,674.216278672496));
#5143=CARTESIAN_POINT('Ctrl Pts',(527.282136388171,-642.259405608688,674.02009612546));
#5144=CARTESIAN_POINT('Ctrl Pts',(527.224557829247,-642.246568485374,673.822090055553));
#5145=CARTESIAN_POINT('Ctrl Pts',(527.195240343299,-642.24108274591,673.722652523835));
#5146=CARTESIAN_POINT('Ctrl Pts',(527.165402684196,-642.236506465648,673.622801089178));
#5147=CARTESIAN_POINT('Ctrl Pts',(527.135052452938,-642.232815895394,673.52255538825));
#5148=CARTESIAN_POINT('Ctrl Pts',(529.353558502218,-645.985821067651,678.839598428989));
#5149=CARTESIAN_POINT('Ctrl Pts',(529.397371748688,-645.832524658136,678.766663580796));
#5150=CARTESIAN_POINT('Ctrl Pts',(529.437617989575,-645.681229780555,678.689444672964));
#5151=CARTESIAN_POINT('Ctrl Pts',(529.473740335521,-645.532365347481,678.606891682011));
#5152=CARTESIAN_POINT('Ctrl Pts',(529.536446536949,-645.240614380934,678.428646833179));
#5153=CARTESIAN_POINT('Ctrl Pts',(529.580903582924,-644.961646922485,678.22553988493));
#5154=CARTESIAN_POINT('Ctrl Pts',(529.59875355536,-644.825577462463,678.118081248802));
#5155=CARTESIAN_POINT('Ctrl Pts',(529.626650315727,-644.560570887945,677.893046169217));
#5156=CARTESIAN_POINT('Ctrl Pts',(529.639515177779,-644.310996376805,677.648645200354));
#5157=CARTESIAN_POINT('Ctrl Pts',(529.642364548689,-644.190344976435,677.521879536957));
#5158=CARTESIAN_POINT('Ctrl Pts',(529.640972608043,-643.957956905134,677.259252443873));
#5159=CARTESIAN_POINT('Ctrl Pts',(529.625621147484,-643.744448274882,676.978675047386));
#5160=CARTESIAN_POINT('Ctrl Pts',(529.614506764442,-643.642678987343,676.833950977789));
#5161=CARTESIAN_POINT('Ctrl Pts',(529.592764970962,-643.497822773606,676.610324988733));
#5162=CARTESIAN_POINT('Ctrl Pts',(529.563597244846,-643.364979556416,676.377185642048));
#5163=CARTESIAN_POINT('Ctrl Pts',(529.553059417574,-643.322050911976,676.298431731724));
#5164=CARTESIAN_POINT('Ctrl Pts',(529.530375038255,-643.238925005818,676.138880730976));
#5165=CARTESIAN_POINT('Ctrl Pts',(529.504519814739,-643.16129690899,675.975330360304));
#5166=CARTESIAN_POINT('Ctrl Pts',(529.490811141098,-643.123866081572,675.892577072788));
#5167=CARTESIAN_POINT('Ctrl Pts',(529.447379139668,-643.015736066414,675.64145570293));
#5168=CARTESIAN_POINT('Ctrl Pts',(529.397144576808,-642.920092384309,675.381985338728));
#5169=CARTESIAN_POINT('Ctrl Pts',(529.360734106671,-642.861878686959,675.205503758104));
#5170=CARTESIAN_POINT('Ctrl Pts',(529.282289773201,-642.756405278619,674.846017428244));
#5171=CARTESIAN_POINT('Ctrl Pts',(529.193022263804,-642.672321850561,674.474475854289));
#5172=CARTESIAN_POINT('Ctrl Pts',(529.145788724175,-642.635498423405,674.285939099086));
#5173=CARTESIAN_POINT('Ctrl Pts',(529.071192862706,-642.587810934089,673.999368209935));
#5174=CARTESIAN_POINT('Ctrl Pts',(528.99118813421,-642.550945763516,673.70769506916));
#5175=CARTESIAN_POINT('Ctrl Pts',(528.963930552111,-642.539832134537,673.609934138978));
#5176=CARTESIAN_POINT('Ctrl Pts',(528.90825882966,-642.519894604868,673.413398375668));
#5177=CARTESIAN_POINT('Ctrl Pts',(528.850315475616,-642.504411376985,673.21494817146));
#5178=CARTESIAN_POINT('Ctrl Pts',(528.82078626423,-642.49775205014,673.115272804764));
#5179=CARTESIAN_POINT('Ctrl Pts',(528.790709203106,-642.492142334411,673.015174260128));
#5180=CARTESIAN_POINT('Ctrl Pts',(528.760093254393,-642.487548964282,672.914678008397));
#5181=CARTESIAN_POINT('Ctrl Pts',(530.708131756401,-646.699091228555,677.79961310079));
#5182=CARTESIAN_POINT('Ctrl Pts',(530.757291767647,-646.535505940731,677.733093845062));
#5183=CARTESIAN_POINT('Ctrl Pts',(530.803694402757,-646.372596773081,677.664147197224));
#5184=CARTESIAN_POINT('Ctrl Pts',(530.84743344492,-646.210345531222,677.592963212248));
#5185=CARTESIAN_POINT('Ctrl Pts',(530.929501595003,-645.887675540893,677.445918408881));
#5186=CARTESIAN_POINT('Ctrl Pts',(530.998634033367,-645.571544262239,677.28529428956));
#5187=CARTESIAN_POINT('Ctrl Pts',(531.029453194688,-645.415814895133,677.200561841117));
#5188=CARTESIAN_POINT('Ctrl Pts',(531.082697725842,-645.110566758487,677.020390959747));
#5189=CARTESIAN_POINT('Ctrl Pts',(531.118767910743,-644.819992505892,676.817709657229));
#5190=CARTESIAN_POINT('Ctrl Pts',(531.13238775927,-644.67895399966,676.710419563658));
#5191=CARTESIAN_POINT('Ctrl Pts',(531.150884232515,-644.406360926911,676.483900518929));
#5192=CARTESIAN_POINT('Ctrl Pts',(531.152133770437,-644.154549915795,676.233574499304));
#5193=CARTESIAN_POINT('Ctrl Pts',(531.148511723877,-644.034290348422,676.102487050029));
#5194=CARTESIAN_POINT('Ctrl Pts',(531.136863814157,-643.862969504539,675.897130899027));
#5195=CARTESIAN_POINT('Ctrl Pts',(531.116190486457,-643.70593733695,675.679113900153));
#5196=CARTESIAN_POINT('Ctrl Pts',(531.108313061144,-643.655218977947,675.605058534411));
#5197=CARTESIAN_POINT('Ctrl Pts',(531.090622266246,-643.557097650985,675.454239672821));
#5198=CARTESIAN_POINT('Ctrl Pts',(531.069138464684,-643.46570502329,675.298140068424));
#5199=CARTESIAN_POINT('Ctrl Pts',(531.057468025218,-643.421715379408,675.218803938456));
#5200=CARTESIAN_POINT('Ctrl Pts',(531.019734340334,-643.29491730376,674.977052864893));
#5201=CARTESIAN_POINT('Ctrl Pts',(530.97402942845,-643.183707650781,674.724457978235));
#5202=CARTESIAN_POINT('Ctrl Pts',(530.940190836518,-643.116564620254,674.551583033148));
#5203=CARTESIAN_POINT('Ctrl Pts',(530.866145659321,-642.996126455852,674.197686869674));
#5204=CARTESIAN_POINT('Ctrl Pts',(530.780045174448,-642.902567172803,673.829161580483));
#5205=CARTESIAN_POINT('Ctrl Pts',(530.73415163796,-642.862304817535,673.641657526291));
#5206=CARTESIAN_POINT('Ctrl Pts',(530.661278806041,-642.811189019995,673.356174766683));
#5207=CARTESIAN_POINT('Ctrl Pts',(530.582640478882,-642.773101385145,673.065203580998));
#5208=CARTESIAN_POINT('Ctrl Pts',(530.55580287307,-642.761803796953,672.967650725493));
#5209=CARTESIAN_POINT('Ctrl Pts',(530.500906105473,-642.741899221471,672.771509354793));
#5210=CARTESIAN_POINT('Ctrl Pts',(530.443615536082,-642.72715914406,672.573460354093));
#5211=CARTESIAN_POINT('Ctrl Pts',(530.414384135902,-642.721026042769,672.473999888085));
#5212=CARTESIAN_POINT('Ctrl Pts',(530.384577237048,-642.716074537956,672.374140689625));
#5213=CARTESIAN_POINT('Ctrl Pts',(530.354203966582,-642.712250310937,672.273915901489));
#5214=CARTESIAN_POINT('Ctrl Pts',(531.398478654387,-647.006468369769,677.318430411907));
#5215=CARTESIAN_POINT('Ctrl Pts',(531.453027787797,-646.835276900401,677.259996422816));
#5216=CARTESIAN_POINT('Ctrl Pts',(531.504678002465,-646.664679347209,677.199032545924));
#5217=CARTESIAN_POINT('Ctrl Pts',(531.55325327068,-646.494898733,677.135216233986));
#5218=CARTESIAN_POINT('Ctrl Pts',(531.643812997848,-646.157674237862,677.001003608617));
#5219=CARTESIAN_POINT('Ctrl Pts',(531.720263887593,-645.827019581812,676.851667053548));
#5220=CARTESIAN_POINT('Ctrl Pts',(531.754731213634,-645.663806599838,676.772728675339));
#5221=CARTESIAN_POINT('Ctrl Pts',(531.815684182357,-645.342780359617,676.605264646727));
#5222=CARTESIAN_POINT('Ctrl Pts',(531.85998480418,-645.03503972052,676.416876397236));
#5223=CARTESIAN_POINT('Ctrl Pts',(531.877798875883,-644.885112222452,676.317013069651));
#5224=CARTESIAN_POINT('Ctrl Pts',(531.904525170794,-644.594458969861,676.105226652944));
#5225=CARTESIAN_POINT('Ctrl Pts',(531.913340591637,-644.324702244812,675.868542248796));
#5226=CARTESIAN_POINT('Ctrl Pts',(531.913241733121,-644.195669469502,675.743777548869));
#5227=CARTESIAN_POINT('Ctrl Pts',(531.906434809929,-644.011778698047,675.546983927139));
#5228=CARTESIAN_POINT('Ctrl Pts',(531.889942630531,-643.843376584296,675.336104551515));
#5229=CARTESIAN_POINT('Ctrl Pts',(531.883385700128,-643.789018922029,675.264267246087));
#5230=CARTESIAN_POINT('Ctrl Pts',(531.868192968439,-643.683946896745,675.117565736471));
#5231=CARTESIAN_POINT('Ctrl Pts',(531.848927873107,-643.586280900676,674.96496208454));
#5232=CARTESIAN_POINT('Ctrl Pts',(531.838298635471,-643.539329563518,674.887222650691));
#5233=CARTESIAN_POINT('Ctrl Pts',(531.803488381584,-643.404161774729,674.649827361658));
#5234=CARTESIAN_POINT('Ctrl Pts',(531.760119104789,-643.286062344097,674.400357432214));
#5235=CARTESIAN_POINT('Ctrl Pts',(531.727585376992,-643.214906992606,674.229084921953));
#5236=CARTESIAN_POINT('Ctrl Pts',(531.655696307911,-643.087555486533,673.877591505622));
#5237=CARTESIAN_POINT('Ctrl Pts',(531.571086851884,-642.990047780317,673.510115413401));
#5238=CARTESIAN_POINT('Ctrl Pts',(531.52583403367,-642.948754885119,673.322855365779));
#5239=CARTESIAN_POINT('Ctrl Pts',(531.453832485306,-642.897455903524,673.037486276908));
#5240=CARTESIAN_POINT('Ctrl Pts',(531.375919389652,-642.860523106757,672.746508239547));
#5241=CARTESIAN_POINT('Ctrl Pts',(531.349307318998,-642.849725615139,672.648953113018));
#5242=CARTESIAN_POINT('Ctrl Pts',(531.294827528287,-642.830995889731,672.452825324124));
#5243=CARTESIAN_POINT('Ctrl Pts',(531.2378867902,-642.81773997867,672.254841709329));
#5244=CARTESIAN_POINT('Ctrl Pts',(531.208813696914,-642.812415409845,672.155430959312));
#5245=CARTESIAN_POINT('Ctrl Pts',(531.179149606283,-642.808340921275,672.055638977402));
#5246=CARTESIAN_POINT('Ctrl Pts',(531.148904827394,-642.805458497821,671.955501492195));
#5247=CARTESIAN_POINT('Ctrl Pts',(532.433864296905,-647.459722331045,676.610032112082));
#5248=CARTESIAN_POINT('Ctrl Pts',(532.497642504675,-647.278761934445,676.564580741914));
#5249=CARTESIAN_POINT('Ctrl Pts',(532.558588332853,-647.097891003309,676.517059658956));
#5250=CARTESIAN_POINT('Ctrl Pts',(532.616459199735,-646.917301580043,676.467060086017));
#5251=CARTESIAN_POINT('Ctrl Pts',(532.725478062764,-646.557263876769,676.361043538135));
#5252=CARTESIAN_POINT('Ctrl Pts',(532.819835994238,-646.201195830268,676.240518012072));
#5253=CARTESIAN_POINT('Ctrl Pts',(532.863047341686,-646.024574484405,676.176013101069));
#5254=CARTESIAN_POINT('Ctrl Pts',(532.940899011341,-645.675269643819,676.037116662243));
#5255=CARTESIAN_POINT('Ctrl Pts',(533.000574228497,-645.336557866077,675.87592759532));
#5256=CARTESIAN_POINT('Ctrl Pts',(533.025608206335,-645.170527854679,675.789128283737));
#5257=CARTESIAN_POINT('Ctrl Pts',(533.065685118831,-644.846715537866,675.602042444158));
#5258=CARTESIAN_POINT('Ctrl Pts',(533.085453070392,-644.542803370001,675.386566796627));
#5259=CARTESIAN_POINT('Ctrl Pts',(533.090177351343,-644.396672362943,675.271377183268));
#5260=CARTESIAN_POINT('Ctrl Pts',(533.089551877714,-644.187568711973,675.087119628318));
#5261=CARTESIAN_POINT('Ctrl Pts',(533.07767652301,-643.995532201352,674.885750372671));
#5262=CARTESIAN_POINT('Ctrl Pts',(533.072485742036,-643.933523294068,674.816731599318));
#5263=CARTESIAN_POINT('Ctrl Pts',(533.059690865735,-643.813720469895,674.674945922822));
#5264=CARTESIAN_POINT('Ctrl Pts',(533.042201619804,-643.702727546397,674.525821028101));
#5265=CARTESIAN_POINT('Ctrl Pts',(533.032316350451,-643.649528217229,674.449462905051));
#5266=CARTESIAN_POINT('Ctrl Pts',(532.999359820556,-643.497079210575,674.215171525817));
#5267=CARTESIAN_POINT('Ctrl Pts',(532.956892111896,-643.366618144642,673.965873382683));
#5268=CARTESIAN_POINT('Ctrl Pts',(532.924704696945,-643.289932048391,673.793572536052));
#5269=CARTESIAN_POINT('Ctrl Pts',(532.853322059625,-643.156926949422,673.438422194244));
#5270=CARTESIAN_POINT('Ctrl Pts',(532.769003356524,-643.061731039586,673.065577839605));
#5271=CARTESIAN_POINT('Ctrl Pts',(532.723881167757,-643.022841915996,672.875590465394));
#5272=CARTESIAN_POINT('Ctrl Pts',(532.652101119413,-642.976389358725,672.586430024547));
#5273=CARTESIAN_POINT('Ctrl Pts',(532.574610092186,-642.946412195462,672.292367439894));
#5274=CARTESIAN_POINT('Ctrl Pts',(532.548168693852,-642.9381689912,672.193879181114));
#5275=CARTESIAN_POINT('Ctrl Pts',(532.494101212351,-642.924988872083,671.996112261049));
#5276=CARTESIAN_POINT('Ctrl Pts',(532.437710586588,-642.917944124932,671.797027297023));
#5277=CARTESIAN_POINT('Ctrl Pts',(532.40894618621,-642.915837440247,671.697220826052));
#5278=CARTESIAN_POINT('Ctrl Pts',(532.379617358123,-642.915009951999,671.597207720956));
#5279=CARTESIAN_POINT('Ctrl Pts',(532.349724092623,-642.915338335902,671.497029429554));
#5280=CARTESIAN_POINT('Ctrl Pts',(533.438012286623,-647.917112194403,675.87978969855));
#5281=CARTESIAN_POINT('Ctrl Pts',(533.512025466263,-647.72983962629,675.8464820516));
#5282=CARTESIAN_POINT('Ctrl Pts',(533.583523066666,-647.54230844024,675.811915126583));
#5283=CARTESIAN_POINT('Ctrl Pts',(533.652248694792,-647.354631425428,675.775727167224));
#5284=CARTESIAN_POINT('Ctrl Pts',(533.783543910282,-646.979316411642,675.699155864233));
#5285=CARTESIAN_POINT('Ctrl Pts',(533.901074944297,-646.605156958882,675.611591644691));
#5286=CARTESIAN_POINT('Ctrl Pts',(533.956038380359,-646.418636521473,675.564414961533));
#5287=CARTESIAN_POINT('Ctrl Pts',(534.057512352732,-646.047467180771,675.461594574328));
#5288=CARTESIAN_POINT('Ctrl Pts',(534.140322288251,-645.682331093437,675.337917130122));
#5289=CARTESIAN_POINT('Ctrl Pts',(534.176625083825,-645.501841038596,675.269893403506));
#5290=CARTESIAN_POINT('Ctrl Pts',(534.238126521087,-645.146579301555,675.119243879815));
#5291=CARTESIAN_POINT('Ctrl Pts',(534.276247845947,-644.806744164383,674.935978093555));
#5292=CARTESIAN_POINT('Ctrl Pts',(534.289167218304,-644.641675089866,674.835331393355));
#5293=CARTESIAN_POINT('Ctrl Pts',(534.299166315605,-644.403150350568,674.670057747934));
#5294=CARTESIAN_POINT('Ctrl Pts',(534.295383065296,-644.181022511067,674.483291265096));
#5295=CARTESIAN_POINT('Ctrl Pts',(534.292606082105,-644.108955975993,674.418644333078));
#5296=CARTESIAN_POINT('Ctrl Pts',(534.28407835045,-643.969085461586,674.284617063556));
#5297=CARTESIAN_POINT('Ctrl Pts',(534.269766375049,-643.838344606951,674.141319158987));
#5298=CARTESIAN_POINT('Ctrl Pts',(534.261205154144,-643.775407817682,674.067401599875));
#5299=CARTESIAN_POINT('Ctrl Pts',(534.231463818281,-643.594340773779,673.839063064592));
#5300=CARTESIAN_POINT('Ctrl Pts',(534.190119516569,-643.437785574262,673.591817402883));
#5301=CARTESIAN_POINT('Ctrl Pts',(534.157896622655,-643.345404119124,673.419338009643));
#5302=CARTESIAN_POINT('Ctrl Pts',(534.085574614036,-643.187150295494,673.061286899072));
#5303=CARTESIAN_POINT('Ctrl Pts',(534.000045097602,-643.082597980625,672.682257279717));
#5304=CARTESIAN_POINT('Ctrl Pts',(533.954622283576,-643.044005023668,672.48878100246));
#5305=CARTESIAN_POINT('Ctrl Pts',(533.883111425963,-643.003937548187,672.194964743162));
#5306=CARTESIAN_POINT('Ctrl Pts',(533.806572491963,-642.984665164649,671.898119432785));
#5307=CARTESIAN_POINT('Ctrl Pts',(533.780505267591,-642.980235338692,671.798965708072));
#5308=CARTESIAN_POINT('Ctrl Pts',(533.727236003972,-642.974728624578,671.600434488614));
#5309=CARTESIAN_POINT('Ctrl Pts',(533.671625927791,-642.974968232903,671.401655696816));
#5310=CARTESIAN_POINT('Ctrl Pts',(533.643217745226,-642.976281786503,671.302255272665));
#5311=CARTESIAN_POINT('Ctrl Pts',(533.614184357606,-642.978620403015,671.20285370437));
#5312=CARTESIAN_POINT('Ctrl Pts',(533.58450737975,-642.981870326392,671.103443039724));
#5313=CARTESIAN_POINT('Ctrl Pts',(533.767761360174,-648.071209489809,675.631995799524));
#5314=CARTESIAN_POINT('Ctrl Pts',(533.845209429145,-647.882330994096,675.602433844282));
#5315=CARTESIAN_POINT('Ctrl Pts',(533.920278620515,-647.69311491862,675.571916150323));
#5316=CARTESIAN_POINT('Ctrl Pts',(533.992716635718,-647.503646527485,675.540116413782));
#5317=CARTESIAN_POINT('Ctrl Pts',(534.131730265487,-647.124440882498,675.473101937204));
#5318=CARTESIAN_POINT('Ctrl Pts',(534.25752503108,-646.745503313894,675.39673485103));
#5319=CARTESIAN_POINT('Ctrl Pts',(534.316746626139,-646.556305120545,675.355587556105));
#5320=CARTESIAN_POINT('Ctrl Pts',(534.426920722186,-646.179031155785,675.265622154985));
#5321=CARTESIAN_POINT('Ctrl Pts',(534.518458913609,-645.806101510354,675.155679539162));
#5322=CARTESIAN_POINT('Ctrl Pts',(534.559048243655,-645.621246777371,675.094564530798));
#5323=CARTESIAN_POINT('Ctrl Pts',(534.628735094425,-645.256267418765,674.9572937832));
#5324=CARTESIAN_POINT('Ctrl Pts',(534.674034179915,-644.904797882278,674.786077809674));
#5325=CARTESIAN_POINT('Ctrl Pts',(534.690229162425,-644.733441568779,674.691003698603));
#5326=CARTESIAN_POINT('Ctrl Pts',(534.704614549758,-644.484949198099,674.533284820611));
#5327=CARTESIAN_POINT('Ctrl Pts',(534.704316487093,-644.252439446458,674.352515000459));
#5328=CARTESIAN_POINT('Ctrl Pts',(534.702595056852,-644.176886176121,674.289675468863));
#5329=CARTESIAN_POINT('Ctrl Pts',(534.69595572852,-644.030023036453,674.158851226322));
#5330=CARTESIAN_POINT('Ctrl Pts',(534.683080666548,-643.892213334223,674.017972699274));
#5331=CARTESIAN_POINT('Ctrl Pts',(534.675123493803,-643.825715879496,673.945077575953));
#5332=CARTESIAN_POINT('Ctrl Pts',(534.646853122054,-643.633764336856,673.719344870117));
#5333=CARTESIAN_POINT('Ctrl Pts',(534.605970949083,-643.465585980743,673.473497701594));
#5334=CARTESIAN_POINT('Ctrl Pts',(534.57359940046,-643.364898400873,673.301564781712));
#5335=CARTESIAN_POINT('Ctrl Pts',(534.500369067281,-643.191026450614,672.943650516643));
#5336=CARTESIAN_POINT('Ctrl Pts',(534.413833641854,-643.07872293107,672.562896551452));
#5337=CARTESIAN_POINT('Ctrl Pts',(534.368187178687,-643.04006139606,672.367972814007));
#5338=CARTESIAN_POINT('Ctrl Pts',(534.297030970404,-643.005507936439,672.07169566375));
#5339=CARTESIAN_POINT('Ctrl Pts',(534.221275131274,-642.99309367552,671.773584606242));
#5340=CARTESIAN_POINT('Ctrl Pts',(534.195489618254,-642.990772777831,671.674216811698));
#5341=CARTESIAN_POINT('Ctrl Pts',(534.142762708564,-642.98875557782,671.475689569757));
#5342=CARTESIAN_POINT('Ctrl Pts',(534.087588094833,-642.991182997507,671.277588378417));
#5343=CARTESIAN_POINT('Ctrl Pts',(534.059353991578,-642.99329353017,671.178649835998));
#5344=CARTESIAN_POINT('Ctrl Pts',(534.030445500197,-642.996263439434,671.07977051664));
#5345=CARTESIAN_POINT('Ctrl Pts',(534.000840462448,-643.000042284042,670.980906061766));
#5346=CARTESIAN_POINT('Ctrl Pts',(534.414057811604,-648.381423649382,675.125488732014));
#5347=CARTESIAN_POINT('Ctrl Pts',(534.498044037155,-648.190252742496,675.102153253124));
#5348=CARTESIAN_POINT('Ctrl Pts',(534.579935198441,-647.998709405319,675.078389588921));
#5349=CARTESIAN_POINT('Ctrl Pts',(534.659498565709,-647.806852056472,675.05395135951));
#5350=CARTESIAN_POINT('Ctrl Pts',(534.813427175399,-647.422651693784,675.00310866354));
#5351=CARTESIAN_POINT('Ctrl Pts',(534.955582549075,-647.037814192341,674.946441302405));
#5352=CARTESIAN_POINT('Ctrl Pts',(535.023369465069,-646.845328780918,674.91616463125));
#5353=CARTESIAN_POINT('Ctrl Pts',(535.151538408008,-646.460354160055,674.850508582666));
#5354=CARTESIAN_POINT('Ctrl Pts',(535.262449889535,-646.07646472053,674.769663447094));
#5355=CARTESIAN_POINT('Ctrl Pts',(535.31300562175,-645.885053700538,674.724274859379));
#5356=CARTESIAN_POINT('Ctrl Pts',(535.402410812015,-645.504580781449,674.618867445761));
#5357=CARTESIAN_POINT('Ctrl Pts',(535.465319726994,-645.1332549734,674.475980645044));
#5358=CARTESIAN_POINT('Ctrl Pts',(535.489374484902,-644.950980768066,674.393100673512));
#5359=CARTESIAN_POINT('Ctrl Pts',(535.513988214482,-644.684763516736,674.250501674449));
#5360=CARTESIAN_POINT('Ctrl Pts',(535.522057745508,-644.43305286266,674.081554952422));
#5361=CARTESIAN_POINT('Ctrl Pts',(535.522942740313,-644.350967410498,674.022362347668));
#5362=CARTESIAN_POINT('Ctrl Pts',(535.521217009633,-644.190896046624,673.898407896655));
#5363=CARTESIAN_POINT('Ctrl Pts',(535.512711260007,-644.039935278431,673.763587570883));
#5364=CARTESIAN_POINT('Ctrl Pts',(535.506817150891,-643.966959272798,673.693532461971));
#5365=CARTESIAN_POINT('Ctrl Pts',(535.484352892439,-643.756182634665,673.475568975581));
#5366=CARTESIAN_POINT('Ctrl Pts',(535.447974703156,-643.570696597529,673.23511652015));
#5367=CARTESIAN_POINT('Ctrl Pts',(535.417910510275,-643.459026985061,673.065594943574));
#5368=CARTESIAN_POINT('Ctrl Pts',(535.34706095086,-643.256488208447,672.712219873712));
#5369=CARTESIAN_POINT('Ctrl Pts',(535.260672050625,-643.113719498257,672.336031589798));
#5370=CARTESIAN_POINT('Ctrl Pts',(535.215213311729,-643.062653506344,672.14369324198));
#5371=CARTESIAN_POINT('Ctrl Pts',(535.144716567646,-643.016142586057,671.851318411985));
#5372=CARTESIAN_POINT('Ctrl Pts',(535.0693227722,-642.999141845295,671.556241666115));
#5373=CARTESIAN_POINT('Ctrl Pts',(535.043595041606,-642.996048577394,671.457748101904));
#5374=CARTESIAN_POINT('Ctrl Pts',(534.99083272809,-642.993799663919,671.260714056509));
#5375=CARTESIAN_POINT('Ctrl Pts',(534.935259896873,-642.997980330311,671.063646530385));
#5376=CARTESIAN_POINT('Ctrl Pts',(534.906720998125,-643.001306839175,670.965122472661));
#5377=CARTESIAN_POINT('Ctrl Pts',(534.877383921758,-643.00569106893,670.8665435742));
#5378=CARTESIAN_POINT('Ctrl Pts',(534.847223688952,-643.011013374041,670.767860744678));
#5379=CARTESIAN_POINT('Ctrl Pts',(535.033290386211,-648.6913827622,674.605091739545));
#5380=CARTESIAN_POINT('Ctrl Pts',(535.12289339611,-648.498941392227,674.585693774627));
#5381=CARTESIAN_POINT('Ctrl Pts',(535.210649458077,-648.306201084372,674.566191875116));
#5382=CARTESIAN_POINT('Ctrl Pts',(535.296344437385,-648.113229773148,674.546388882602));
#5383=CARTESIAN_POINT('Ctrl Pts',(535.463117866614,-647.727000128513,674.505692090473));
#5384=CARTESIAN_POINT('Ctrl Pts',(535.619464366041,-647.340523432602,674.46148536275));
#5385=CARTESIAN_POINT('Ctrl Pts',(535.694727357187,-647.147308280365,674.43815490737));
#5386=CARTESIAN_POINT('Ctrl Pts',(535.838766631055,-646.761034881665,674.388320511573));
#5387=CARTESIAN_POINT('Ctrl Pts',(535.967861264767,-646.37515469913,674.328999591412));
#5388=CARTESIAN_POINT('Ctrl Pts',(536.028197520034,-646.182344280185,674.296234164898));
#5389=CARTESIAN_POINT('Ctrl Pts',(536.138885118794,-645.796966805663,674.221252657681));
#5390=CARTESIAN_POINT('Ctrl Pts',(536.223872689925,-645.416714307928,674.111293192377));
#5391=CARTESIAN_POINT('Ctrl Pts',(536.258409953097,-645.229063083345,674.043252239456));
#5392=CARTESIAN_POINT('Ctrl Pts',(536.296771062408,-644.953927080258,673.917165548335));
#5393=CARTESIAN_POINT('Ctrl Pts',(536.316982000175,-644.691289441215,673.760870561327));
#5394=CARTESIAN_POINT('Ctrl Pts',(536.321788698523,-644.605309614092,673.705661272055));
#5395=CARTESIAN_POINT('Ctrl Pts',(536.32774937949,-644.436891549923,673.589571603405));
#5396=CARTESIAN_POINT('Ctrl Pts',(536.326615080821,-644.276531028872,673.462541233722));
#5397=CARTESIAN_POINT('Ctrl Pts',(536.324330164694,-644.198605607796,673.396402416899));
#5398=CARTESIAN_POINT('Ctrl Pts',(536.312391869427,-643.97239111653,673.19011525648));
#5399=CARTESIAN_POINT('Ctrl Pts',(536.285523061835,-643.770379380455,672.96089515833));
#5400=CARTESIAN_POINT('Ctrl Pts',(536.261229380183,-643.647667567906,672.798470627615));
#5401=CARTESIAN_POINT('Ctrl Pts',(536.201072024772,-643.426877874682,672.458071754426));
#5402=CARTESIAN_POINT('Ctrl Pts',(536.120880042175,-643.260211307906,672.093119158018));
#5403=CARTESIAN_POINT('Ctrl Pts',(536.076397915935,-643.1909838454,671.905996684585));
#5404=CARTESIAN_POINT('Ctrl Pts',(536.005519691721,-643.111925925319,671.622845746778));
#5405=CARTESIAN_POINT('Ctrl Pts',(535.928610347579,-643.067927808367,671.336990217586));
#5406=CARTESIAN_POINT('Ctrl Pts',(535.902308150557,-643.05700277603,671.24145420308));
#5407=CARTESIAN_POINT('Ctrl Pts',(535.848153950489,-643.04166994112,671.049632444101));
#5408=CARTESIAN_POINT('Ctrl Pts',(535.790599454119,-643.037470492469,670.856053340382));
#5409=CARTESIAN_POINT('Ctrl Pts',(535.760893903279,-643.037674307094,670.758754820362));
#5410=CARTESIAN_POINT('Ctrl Pts',(535.730231338953,-643.039759816257,670.660957978059));
#5411=CARTESIAN_POINT('Ctrl Pts',(535.698619484973,-643.043446115355,670.562708862262));
#5412=CARTESIAN_POINT('Ctrl Pts',(535.335921080157,-648.845130265389,674.343344197193));
#5413=CARTESIAN_POINT('Ctrl Pts',(535.428034428752,-648.652080258929,674.32540819338));
#5414=CARTESIAN_POINT('Ctrl Pts',(535.518402484971,-648.458750280203,674.307475518046));
#5415=CARTESIAN_POINT('Ctrl Pts',(535.606814901531,-648.265210780183,674.289358962215));
#5416=CARTESIAN_POINT('Ctrl Pts',(535.779241896667,-647.877890669996,674.252292312354));
#5417=CARTESIAN_POINT('Ctrl Pts',(535.941710804445,-647.490490390747,674.212340687537));
#5418=CARTESIAN_POINT('Ctrl Pts',(536.020161348743,-647.296875036799,674.191324278787));
#5419=CARTESIAN_POINT('Ctrl Pts',(536.170845105043,-646.909999416761,674.146567701551));
#5420=CARTESIAN_POINT('Ctrl Pts',(536.307305365704,-646.524426384503,674.093787246074));
#5421=CARTESIAN_POINT('Ctrl Pts',(536.371511204886,-646.332018334262,674.064668227884));
#5422=CARTESIAN_POINT('Ctrl Pts',(536.490836665286,-645.94932205765,673.999385069026));
#5423=CARTESIAN_POINT('Ctrl Pts',(536.585660009668,-645.571169823023,673.900697762512));
#5424=CARTESIAN_POINT('Ctrl Pts',(536.625230781725,-645.382991423152,673.837519397145));
#5425=CARTESIAN_POINT('Ctrl Pts',(536.671665673955,-645.105242210507,673.719509316101));
#5426=CARTESIAN_POINT('Ctrl Pts',(536.700256174724,-644.839784179246,673.573830479999));
#5427=CARTESIAN_POINT('Ctrl Pts',(536.707873186094,-644.752959119116,673.522499467595));
#5428=CARTESIAN_POINT('Ctrl Pts',(536.719332435798,-644.582644500444,673.413516684182));
#5429=CARTESIAN_POINT('Ctrl Pts',(536.723359491115,-644.419533048802,673.29206958238));
#5430=CARTESIAN_POINT('Ctrl Pts',(536.723543766304,-644.339911729113,673.228275689727));
#5431=CARTESIAN_POINT('Ctrl Pts',(536.718682927833,-644.107564426679,673.029043457337));
#5432=CARTESIAN_POINT('Ctrl Pts',(536.697784456366,-643.896688841508,672.807297877931));
#5433=CARTESIAN_POINT('Ctrl Pts',(536.676741403401,-643.767517129829,672.649933376346));
#5434=CARTESIAN_POINT('Ctrl Pts',(536.62238335023,-643.533678618622,672.31819330498));
#5435=CARTESIAN_POINT('Ctrl Pts',(536.545614422999,-643.353340108612,671.960322980653));
#5436=CARTESIAN_POINT('Ctrl Pts',(536.501881172201,-643.277281181409,671.776035805643));
#5437=CARTESIAN_POINT('Ctrl Pts',(536.431160326764,-643.188171431305,671.496428908319));
#5438=CARTESIAN_POINT('Ctrl Pts',(536.352977748897,-643.132896647202,671.213046341157));
#5439=CARTESIAN_POINT('Ctrl Pts',(536.326091568312,-643.118010498317,671.118196515848));
#5440=CARTESIAN_POINT('Ctrl Pts',(536.27058934181,-643.094739551937,670.927650973761));
#5441=CARTESIAN_POINT('Ctrl Pts',(536.211578831239,-643.0834442841,670.735464927234));
#5442=CARTESIAN_POINT('Ctrl Pts',(536.181177502752,-643.080520313292,670.638961986244));
#5443=CARTESIAN_POINT('Ctrl Pts',(536.149846748785,-643.079933427479,670.542009900303));
#5444=CARTESIAN_POINT('Ctrl Pts',(536.117578105877,-643.08134524256,670.444603152472));
#5445=CARTESIAN_POINT('Ctrl Pts',(535.929977910276,-649.150547890707,673.824980641191));
#5446=CARTESIAN_POINT('Ctrl Pts',(536.02674064152,-648.95630918835,673.809688368562));
#5447=CARTESIAN_POINT('Ctrl Pts',(536.121961225578,-648.761790500002,673.794627437824));
#5448=CARTESIAN_POINT('Ctrl Pts',(536.215438986981,-648.567056154146,673.779632364802));
#5449=CARTESIAN_POINT('Ctrl Pts',(536.398447596075,-648.177309815718,673.749372046504));
#5450=CARTESIAN_POINT('Ctrl Pts',(536.572452624139,-647.787443575562,673.717426720419));
#5451=CARTESIAN_POINT('Ctrl Pts',(536.656924480289,-647.592597259181,673.700735254358));
#5452=CARTESIAN_POINT('Ctrl Pts',(536.820170014825,-647.203313469186,673.665232414333));
#5453=CARTESIAN_POINT('Ctrl Pts',(536.970243071952,-646.816254028796,673.622427034583));
#5454=CARTESIAN_POINT('Ctrl Pts',(537.041534256836,-646.623574169637,673.598393101507));
#5455=CARTESIAN_POINT('Ctrl Pts',(537.175446205165,-646.241611609851,673.54256021461));
#5456=CARTESIAN_POINT('Ctrl Pts',(537.289690296225,-645.871309837998,673.465007854781));
#5457=CARTESIAN_POINT('Ctrl Pts',(537.341205620846,-645.689972151552,673.418536494017));
#5458=CARTESIAN_POINT('Ctrl Pts',(537.404305912261,-645.413450027308,673.318190901663));
#5459=CARTESIAN_POINT('Ctrl Pts',(537.449196909375,-645.143391645866,673.188934861866));
#5460=CARTESIAN_POINT('Ctrl Pts',(537.462186619637,-645.05451310844,673.143046148926));
#5461=CARTESIAN_POINT('Ctrl Pts',(537.48417774587,-644.87939311324,673.04547017521));
#5462=CARTESIAN_POINT('Ctrl Pts',(537.498148009376,-644.71019220053,672.9360342777));
#5463=CARTESIAN_POINT('Ctrl Pts',(537.503119740437,-644.627232270777,672.878283729978));
#5464=CARTESIAN_POINT('Ctrl Pts',(537.512002682329,-644.383896109062,672.696047800971));
#5465=CARTESIAN_POINT('Ctrl Pts',(537.502866197824,-644.159160001955,672.48808611524));
#5466=CARTESIAN_POINT('Ctrl Pts',(537.488857095923,-644.019273629623,672.339174761952));
#5467=CARTESIAN_POINT('Ctrl Pts',(537.44596106865,-643.76270549636,672.02335887008));
#5468=CARTESIAN_POINT('Ctrl Pts',(537.37566252381,-643.557587338002,671.67699580962));
#5469=CARTESIAN_POINT('Ctrl Pts',(537.334136793672,-643.468492074897,671.497339759587));
#5470=CARTESIAN_POINT('Ctrl Pts',(537.263478306918,-643.357611024158,671.221233601818));
#5471=CARTESIAN_POINT('Ctrl Pts',(537.183012124205,-643.282922997215,670.940345006181));
#5472=CARTESIAN_POINT('Ctrl Pts',(537.155234248838,-643.262110638339,670.846439093978));
#5473=CARTESIAN_POINT('Ctrl Pts',(537.097949797924,-643.228279603895,670.658371354076));
#5474=CARTESIAN_POINT('Ctrl Pts',(537.037091831862,-643.208046578339,670.46943430288));
#5475=CARTESIAN_POINT('Ctrl Pts',(537.005747445969,-643.2008457884,670.374672001329));
#5476=CARTESIAN_POINT('Ctrl Pts',(536.973443734649,-643.196097783442,670.279503821834));
#5477=CARTESIAN_POINT('Ctrl Pts',(536.940171557854,-643.193542273709,670.18389707653));
#5478=CARTESIAN_POINT('Ctrl Pts',(536.507134267436,-649.457537080991,673.323941162588));
#5479=CARTESIAN_POINT('Ctrl Pts',(536.607999541005,-649.262797673372,673.310793801744));
#5480=CARTESIAN_POINT('Ctrl Pts',(536.707536640188,-649.067842284071,673.298085824315));
#5481=CARTESIAN_POINT('Ctrl Pts',(536.805559211299,-648.872751726895,673.285662812117));
#5482=CARTESIAN_POINT('Ctrl Pts',(536.998147369024,-648.4825093286,673.260996902326));
#5483=CARTESIAN_POINT('Ctrl Pts',(537.182796466922,-648.092854035188,673.235470873644));
#5484=CARTESIAN_POINT('Ctrl Pts',(537.272879791708,-647.89834992399,673.222186025843));
#5485=CARTESIAN_POINT('Ctrl Pts',(537.4479627549,-647.510517576487,673.193722316852));
#5486=CARTESIAN_POINT('Ctrl Pts',(537.61140288091,-647.126749821113,673.158698844052));
#5487=CARTESIAN_POINT('Ctrl Pts',(537.689796775004,-646.936220905425,673.138732302355));
#5488=CARTESIAN_POINT('Ctrl Pts',(537.839475737249,-646.559775369599,673.093100432993));
#5489=CARTESIAN_POINT('Ctrl Pts',(537.970527739158,-646.190224691039,673.02440026026));
#5490=CARTESIAN_POINT('Ctrl Pts',(538.030363298365,-646.006656086477,672.981607456954));
#5491=CARTESIAN_POINT('Ctrl Pts',(538.109787905439,-645.734497076504,672.902914300289));
#5492=CARTESIAN_POINT('Ctrl Pts',(538.170415394664,-645.465068907293,672.791958589711));
#5493=CARTESIAN_POINT('Ctrl Pts',(538.188423307789,-645.375629126636,672.751131078189));
#5494=CARTESIAN_POINT('Ctrl Pts',(538.220148154876,-645.198436854065,672.662803638451));
#5495=CARTESIAN_POINT('Ctrl Pts',(538.243251189164,-645.025748331881,672.561706776849));
#5496=CARTESIAN_POINT('Ctrl Pts',(538.25263937393,-644.940825564925,672.508128145983));
#5497=CARTESIAN_POINT('Ctrl Pts',(538.27427117745,-644.690801157653,672.33824330852));
#5498=CARTESIAN_POINT('Ctrl Pts',(538.276567647434,-644.45695368981,672.141971403212));
#5499=CARTESIAN_POINT('Ctrl Pts',(538.269739248995,-644.310198114056,672.000396099647));
#5500=CARTESIAN_POINT('Ctrl Pts',(538.238790094957,-644.03860385461,671.696819118381));
#5501=CARTESIAN_POINT('Ctrl Pts',(538.176699921425,-643.814869870285,671.360511896267));
#5502=CARTESIAN_POINT('Ctrl Pts',(538.139092358881,-643.717884199278,671.186987870926));
#5503=CARTESIAN_POINT('Ctrl Pts',(538.070720321395,-643.590178268653,670.915570810719));
#5504=CARTESIAN_POINT('Ctrl Pts',(537.989952109857,-643.497942514585,670.638167416121));
#5505=CARTESIAN_POINT('Ctrl Pts',(537.961947225336,-643.471631202383,670.54560497172));
#5506=CARTESIAN_POINT('Ctrl Pts',(537.903781035037,-643.427007986543,670.360188404368));
#5507=CARTESIAN_POINT('Ctrl Pts',(537.841308307287,-643.396663539653,670.17390924099));
#5508=CARTESIAN_POINT('Ctrl Pts',(537.80900385645,-643.384648638097,670.080497881177));
#5509=CARTESIAN_POINT('Ctrl Pts',(537.775640167922,-643.375409038975,669.98675035082));
#5510=CARTESIAN_POINT('Ctrl Pts',(537.741226204823,-643.368644967492,669.892616419079));
#5511=CARTESIAN_POINT('Ctrl Pts',(536.792879475024,-649.612756089531,673.079656680632));
#5512=CARTESIAN_POINT('Ctrl Pts',(536.895710843918,-649.418068057005,673.067495511848));
#5513=CARTESIAN_POINT('Ctrl Pts',(536.997326906145,-649.22323419113,673.055867695334));
#5514=CARTESIAN_POINT('Ctrl Pts',(537.097549341088,-649.0283512129,673.044620408194));
#5515=CARTESIAN_POINT('Ctrl Pts',(537.294797972187,-648.638751310967,673.022489328315));
#5516=CARTESIAN_POINT('Ctrl Pts',(537.48467123355,-648.250292226142,672.999838361818));
#5517=CARTESIAN_POINT('Ctrl Pts',(537.577516990364,-648.056547255408,672.988067630444));
#5518=CARTESIAN_POINT('Ctrl Pts',(537.758457459556,-647.67059652401,672.962789954355));
#5519=CARTESIAN_POINT('Ctrl Pts',(537.928395946066,-647.289068508939,672.931207171273));
#5520=CARTESIAN_POINT('Ctrl Pts',(538.010224065121,-647.099724886608,672.913094992808));
#5521=CARTESIAN_POINT('Ctrl Pts',(538.16676661657,-646.724745689595,672.870474745858));
#5522=CARTESIAN_POINT('Ctrl Pts',(538.305982507287,-646.357371593023,672.807985053542));
#5523=CARTESIAN_POINT('Ctrl Pts',(538.370724520216,-646.1760075201,672.770692520464));
#5524=CARTESIAN_POINT('Ctrl Pts',(538.456606913089,-645.903628477861,672.695463233173));
#5525=CARTESIAN_POINT('Ctrl Pts',(538.523817543582,-645.633275389059,672.588962875088));
#5526=CARTESIAN_POINT('Ctrl Pts',(538.544037673653,-645.543499301038,672.549826512818));
#5527=CARTESIAN_POINT('Ctrl Pts',(538.580168317626,-645.36547002809,672.464946400287));
#5528=CARTESIAN_POINT('Ctrl Pts',(538.60771890601,-645.191827493939,672.367700786671));
#5529=CARTESIAN_POINT('Ctrl Pts',(538.619358390906,-645.106432162762,672.316192745629));
#5530=CARTESIAN_POINT('Ctrl Pts',(538.647557663522,-644.854639448114,672.152160596116));
#5531=CARTESIAN_POINT('Ctrl Pts',(538.655639225853,-644.617710850323,671.960492775704));
#5532=CARTESIAN_POINT('Ctrl Pts',(538.652512604432,-644.467793043704,671.82216599656));
#5533=CARTESIAN_POINT('Ctrl Pts',(538.628408266281,-644.189970990342,671.525402049453));
#5534=CARTESIAN_POINT('Ctrl Pts',(538.570807256984,-643.958811503255,671.194305721923));
#5535=CARTESIAN_POINT('Ctrl Pts',(538.534669787515,-643.856182568858,671.022456887687));
#5536=CARTESIAN_POINT('Ctrl Pts',(538.469171666843,-643.723430555023,670.756386660629));
#5537=CARTESIAN_POINT('Ctrl Pts',(538.389089148196,-643.623906115246,670.482485297065));
#5538=CARTESIAN_POINT('Ctrl Pts',(538.360959919427,-643.594637914611,670.390660854773));
#5539=CARTESIAN_POINT('Ctrl Pts',(538.302328559488,-643.544319696814,670.206754098816));
#5540=CARTESIAN_POINT('Ctrl Pts',(538.23904654311,-643.508846178374,670.022011673077));
#5541=CARTESIAN_POINT('Ctrl Pts',(538.206280974745,-643.49445518799,669.92937870873));
#5542=CARTESIAN_POINT('Ctrl Pts',(538.172367583739,-643.482908371456,669.836330588752));
#5543=CARTESIAN_POINT('Ctrl Pts',(538.137329034872,-643.473912800829,669.742834678072));
#5544=CARTESIAN_POINT('Ctrl Pts',(537.361184522541,-649.928466233179,672.60406239728));
#5545=CARTESIAN_POINT('Ctrl Pts',(537.467752990818,-649.734387404035,672.59347476886));
#5546=CARTESIAN_POINT('Ctrl Pts',(537.573322534192,-649.540307015455,672.583555579887));
#5547=CARTESIAN_POINT('Ctrl Pts',(537.677725948872,-649.346337349474,672.574145474701));
#5548=CARTESIAN_POINT('Ctrl Pts',(537.883813682102,-648.958921803647,672.555912938));
#5549=CARTESIAN_POINT('Ctrl Pts',(538.08350820854,-648.573336062008,672.537504947906));
#5550=CARTESIAN_POINT('Ctrl Pts',(538.181516913778,-648.381193872759,672.527916559026));
#5551=CARTESIAN_POINT('Ctrl Pts',(538.373293872542,-647.998697867273,672.507054570489));
#5552=CARTESIAN_POINT('Ctrl Pts',(538.555056327617,-647.620691374761,672.47993542615));
#5553=CARTESIAN_POINT('Ctrl Pts',(538.643049667548,-647.433042460802,672.464091479525));
#5554=CARTESIAN_POINT('Ctrl Pts',(538.812276765747,-647.060818677534,672.425824282238));
#5555=CARTESIAN_POINT('Ctrl Pts',(538.964876918641,-646.694934107845,672.367914611925));
#5556=CARTESIAN_POINT('Ctrl Pts',(539.036213750366,-646.513626467791,672.33240755465));
#5557=CARTESIAN_POINT('Ctrl Pts',(539.134947023078,-646.245062897014,672.267874268552));
#5558=CARTESIAN_POINT('Ctrl Pts',(539.216020039605,-645.97749197083,672.173820102544));
#5559=CARTESIAN_POINT('Ctrl Pts',(539.240823602991,-645.888245529788,672.138591227758));
#5560=CARTESIAN_POINT('Ctrl Pts',(539.285998940804,-645.710568785738,672.061183678759));
#5561=CARTESIAN_POINT('Ctrl Pts',(539.32225792629,-645.5359223029,671.970805878478));
#5562=CARTESIAN_POINT('Ctrl Pts',(539.338139466777,-645.449698889484,671.922591681889));
#5563=CARTESIAN_POINT('Ctrl Pts',(539.378851469019,-645.19476472759,671.768657129227));
#5564=CARTESIAN_POINT('Ctrl Pts',(539.398557875209,-644.952816096773,671.587348397447));
#5565=CARTESIAN_POINT('Ctrl Pts',(539.402104737184,-644.79897179999,671.45465326927));
#5566=CARTESIAN_POINT('Ctrl Pts',(539.390442705285,-644.509852127473,671.169034921931));
#5567=CARTESIAN_POINT('Ctrl Pts',(539.342363515647,-644.264368750721,670.848152879391));
#5568=CARTESIAN_POINT('Ctrl Pts',(539.309321693794,-644.153919967935,670.679967197594));
#5569=CARTESIAN_POINT('Ctrl Pts',(539.247324421588,-644.008575933044,670.419174639192));
#5570=CARTESIAN_POINT('Ctrl Pts',(539.169210368297,-643.897016795261,670.151149831481));
#5571=CARTESIAN_POINT('Ctrl Pts',(539.141474734029,-643.863630815634,670.061204992747));
#5572=CARTESIAN_POINT('Ctrl Pts',(539.082712623312,-643.803998264816,669.880108123688));
#5573=CARTESIAN_POINT('Ctrl Pts',(539.017944494401,-643.758502160865,669.697364224233));
#5574=CARTESIAN_POINT('Ctrl Pts',(538.984196129671,-643.739238899643,669.605759440718));
#5575=CARTESIAN_POINT('Ctrl Pts',(538.949174688757,-643.723194331705,669.513927113618));
#5576=CARTESIAN_POINT('Ctrl Pts',(538.912925348581,-643.7100191557,669.421779476813));
#5577=CARTESIAN_POINT('Ctrl Pts',(537.927179624679,-650.255744791168,672.155154715585));
#5578=CARTESIAN_POINT('Ctrl Pts',(538.037087108617,-650.063090041199,672.145270103946));
#5579=CARTESIAN_POINT('Ctrl Pts',(538.146189408504,-649.870569029887,672.136103598202));
#5580=CARTESIAN_POINT('Ctrl Pts',(538.254323875797,-649.678291162214,672.127482434225));
#5581=CARTESIAN_POINT('Ctrl Pts',(538.468273793597,-649.294499522345,672.110860124305));
#5582=CARTESIAN_POINT('Ctrl Pts',(538.676623871052,-648.912892459619,672.09406413919));
#5583=CARTESIAN_POINT('Ctrl Pts',(538.779157542694,-648.722798311917,672.085267527641));
#5584=CARTESIAN_POINT('Ctrl Pts',(538.980365671296,-648.344406968473,672.065936529307));
#5585=CARTESIAN_POINT('Ctrl Pts',(539.172325491661,-647.970346039668,672.040363141803));
#5586=CARTESIAN_POINT('Ctrl Pts',(539.265606655253,-647.784576713384,672.025315897385));
#5587=CARTESIAN_POINT('Ctrl Pts',(539.44583324444,-647.415948897558,671.988903821833));
#5588=CARTESIAN_POINT('Ctrl Pts',(539.61069509121,-647.053518128476,671.934540375789));
#5589=CARTESIAN_POINT('Ctrl Pts',(539.688718226931,-646.874139835836,671.901855764998));
#5590=CARTESIAN_POINT('Ctrl Pts',(539.796991069997,-646.606281834813,671.839471872593));
#5591=CARTESIAN_POINT('Ctrl Pts',(539.888940734045,-646.340873349914,671.752550590222));
#5592=CARTESIAN_POINT('Ctrl Pts',(539.917614002282,-646.252732095244,671.72063717323));
#5593=CARTESIAN_POINT('Ctrl Pts',(539.970492028773,-646.076832415678,671.649771979413));
#5594=CARTESIAN_POINT('Ctrl Pts',(540.014089535728,-645.902546665246,671.564786756622));
#5595=CARTESIAN_POINT('Ctrl Pts',(540.033484512011,-645.816026072488,671.51876485819));
#5596=CARTESIAN_POINT('Ctrl Pts',(540.084535994593,-645.5596528882,671.371290071377));
#5597=CARTESIAN_POINT('Ctrl Pts',(540.113824251658,-645.314777947908,671.196262949946));
#5598=CARTESIAN_POINT('Ctrl Pts',(540.123473998963,-645.15820006481,671.068029480665));
#5599=CARTESIAN_POINT('Ctrl Pts',(540.122644622159,-644.862724811103,670.790516862156));
#5600=CARTESIAN_POINT('Ctrl Pts',(540.082222287152,-644.608240738991,670.476297193416));
#5601=CARTESIAN_POINT('Ctrl Pts',(540.052721159805,-644.492935959204,670.312090492583));
#5602=CARTESIAN_POINT('Ctrl Pts',(539.99467905893,-644.339030147195,670.056316334533));
#5603=CARTESIAN_POINT('Ctrl Pts',(539.916975153872,-644.21518380019,669.789855146432));
#5604=CARTESIAN_POINT('Ctrl Pts',(539.889023754263,-644.177510101423,669.700223792005));
#5605=CARTESIAN_POINT('Ctrl Pts',(539.829685392321,-644.110697281302,669.520992667228));
#5606=CARTESIAN_POINT('Ctrl Pts',(539.763840735452,-644.059570678256,669.341578323483));
#5607=CARTESIAN_POINT('Ctrl Pts',(539.729395343708,-644.03762314865,669.251800955511));
#5608=CARTESIAN_POINT('Ctrl Pts',(539.693478823758,-644.018713877554,669.161685496141));
#5609=CARTESIAN_POINT('Ctrl Pts',(539.65617411933,-644.002540489631,669.071165829074));
#5610=CARTESIAN_POINT('Ctrl Pts',(538.210624668803,-650.422583575503,671.937525032669));
#5611=CARTESIAN_POINT('Ctrl Pts',(538.322099081457,-650.230797371236,671.927747389325));
#5612=CARTESIAN_POINT('Ctrl Pts',(538.432857768474,-650.039203841557,671.918694501631));
#5613=CARTESIAN_POINT('Ctrl Pts',(538.54273906807,-649.847907595501,671.910187666002));
#5614=CARTESIAN_POINT('Ctrl Pts',(538.760362551506,-649.466169398728,671.893780640493));
#5615=CARTESIAN_POINT('Ctrl Pts',(538.972741764419,-649.086746596187,671.877166573739));
#5616=CARTESIAN_POINT('Ctrl Pts',(539.07737798256,-648.897764966763,671.8684513221));
#5617=CARTESIAN_POINT('Ctrl Pts',(539.282963719175,-648.521609486618,671.849271781226));
#5618=CARTESIAN_POINT('Ctrl Pts',(539.479658210226,-648.149754830646,671.823941583375));
#5619=CARTESIAN_POINT('Ctrl Pts',(539.575400138659,-647.965071966854,671.80907076292));
#5620=CARTESIAN_POINT('Ctrl Pts',(539.760746201383,-647.598536207814,671.773213922448));
#5621=CARTESIAN_POINT('Ctrl Pts',(539.931176190838,-647.238037523456,671.72016962116));
#5622=CARTESIAN_POINT('Ctrl Pts',(540.012013920771,-647.059409008793,671.688145609762));
#5623=CARTESIAN_POINT('Ctrl Pts',(540.125369215214,-646.79387234082,671.629293782912));
#5624=CARTESIAN_POINT('Ctrl Pts',(540.222365411137,-646.529814197595,671.545279615512));
#5625=CARTESIAN_POINT('Ctrl Pts',(540.252640954608,-646.44185518831,671.514010812668));
#5626=CARTESIAN_POINT('Ctrl Pts',(540.30845457386,-646.265670975391,671.443656266434));
#5627=CARTESIAN_POINT('Ctrl Pts',(540.354866628875,-646.090752057687,671.359110782857));
#5628=CARTESIAN_POINT('Ctrl Pts',(540.375751107974,-646.004082460902,671.313686939002));
#5629=CARTESIAN_POINT('Ctrl Pts',(540.431501624608,-645.747757848407,671.169016899249));
#5630=CARTESIAN_POINT('Ctrl Pts',(540.465288081555,-645.502752978835,670.997222028694));
#5631=CARTESIAN_POINT('Ctrl Pts',(540.477372856535,-645.344947871861,670.869827802826));
#5632=CARTESIAN_POINT('Ctrl Pts',(540.481692540948,-645.046873730789,670.59577079378));
#5633=CARTESIAN_POINT('Ctrl Pts',(540.444666224093,-644.789217366266,670.284441488802));
#5634=CARTESIAN_POINT('Ctrl Pts',(540.416429003428,-644.671440553186,670.121194678608));
#5635=CARTESIAN_POINT('Ctrl Pts',(540.359997222216,-644.514485850697,669.868063685113));
#5636=CARTESIAN_POINT('Ctrl Pts',(540.283423252922,-644.386442149445,669.603508143993));
#5637=CARTESIAN_POINT('Ctrl Pts',(540.255744654249,-644.347153139102,669.514338342498));
#5638=CARTESIAN_POINT('Ctrl Pts',(540.19644427591,-644.27698987367,669.335977061235));
#5639=CARTESIAN_POINT('Ctrl Pts',(540.129835717006,-644.222505631868,669.157486617539));
#5640=CARTESIAN_POINT('Ctrl Pts',(540.094852426578,-644.198931264873,669.068223313336));
#5641=CARTESIAN_POINT('Ctrl Pts',(540.05831156195,-644.178447999097,668.978663830279));
#5642=CARTESIAN_POINT('Ctrl Pts',(540.020313992942,-644.160750808053,668.888740079337));
#5643=CARTESIAN_POINT('Ctrl Pts',(539.06487324909,-650.932674494959,671.305338147955));
#5644=CARTESIAN_POINT('Ctrl Pts',(539.180745036628,-650.743860347842,671.295211505771));
#5645=CARTESIAN_POINT('Ctrl Pts',(539.296151286721,-650.555398182966,671.285798860203));
#5646=CARTESIAN_POINT('Ctrl Pts',(539.410931296539,-650.367374083624,671.276907504203));
#5647=CARTESIAN_POINT('Ctrl Pts',(539.638848047907,-649.992403502219,671.259650445709));
#5648=CARTESIAN_POINT('Ctrl Pts',(539.862485815505,-649.620034634309,671.242013456093));
#5649=CARTESIAN_POINT('Ctrl Pts',(539.972986153258,-649.434611823919,671.232741077856));
#5650=CARTESIAN_POINT('Ctrl Pts',(540.190750081734,-649.065535641434,671.212378739189));
#5651=CARTESIAN_POINT('Ctrl Pts',(540.400490468047,-648.700477597288,671.185930607372));
#5652=CARTESIAN_POINT('Ctrl Pts',(540.502961257499,-648.519067517741,671.170559504456));
#5653=CARTESIAN_POINT('Ctrl Pts',(540.702191067748,-648.158755411143,671.134067795));
#5654=CARTESIAN_POINT('Ctrl Pts',(540.887200236314,-647.803540313291,671.081297044955));
#5655=CARTESIAN_POINT('Ctrl Pts',(540.975429679509,-647.627232680818,671.049620751157));
#5656=CARTESIAN_POINT('Ctrl Pts',(541.099953212943,-647.364438374203,670.991579543713));
#5657=CARTESIAN_POINT('Ctrl Pts',(541.208925857122,-647.103095880759,670.910903652245));
#5658=CARTESIAN_POINT('Ctrl Pts',(541.243300983135,-647.016070301379,670.881091721501));
#5659=CARTESIAN_POINT('Ctrl Pts',(541.307854646873,-646.842535163569,670.815431159511));
#5660=CARTESIAN_POINT('Ctrl Pts',(541.363246125172,-646.670279295841,670.736703962564));
#5661=CARTESIAN_POINT('Ctrl Pts',(541.388442441125,-646.584498284819,670.693771777592));
#5662=CARTESIAN_POINT('Ctrl Pts',(541.456285802746,-646.328916912901,670.554469775888));
#5663=CARTESIAN_POINT('Ctrl Pts',(541.501017404412,-646.081984901935,670.386697331192));
#5664=CARTESIAN_POINT('Ctrl Pts',(541.520303154502,-645.92379782604,670.264015729056));
#5665=CARTESIAN_POINT('Ctrl Pts',(541.536190434634,-645.62157860368,669.995779049899));
#5666=CARTESIAN_POINT('Ctrl Pts',(541.508713531878,-645.355186358785,669.691571484356));
#5667=CARTESIAN_POINT('Ctrl Pts',(541.483703364456,-645.233152990426,669.53156537114));
#5668=CARTESIAN_POINT('Ctrl Pts',(541.429878730668,-645.067375163834,669.281623114986));
#5669=CARTESIAN_POINT('Ctrl Pts',(541.353674099001,-644.934547748048,669.026204795656));
#5670=CARTESIAN_POINT('Ctrl Pts',(541.325886200772,-644.894019571496,668.94067769937));
#5671=CARTESIAN_POINT('Ctrl Pts',(541.265727864068,-644.818822280419,668.767639713221));
#5672=CARTESIAN_POINT('Ctrl Pts',(541.197013969715,-644.755826794263,668.591933270295));
#5673=CARTESIAN_POINT('Ctrl Pts',(541.160665805402,-644.727468276528,668.503701480105));
#5674=CARTESIAN_POINT('Ctrl Pts',(541.122515208918,-644.702169385475,668.415265704481));
#5675=CARTESIAN_POINT('Ctrl Pts',(541.082709676085,-644.679618729719,668.32653107295));
#5676=CARTESIAN_POINT('Ctrl Pts',(539.936350946339,-651.471619608699,670.735323197259));
#5677=CARTESIAN_POINT('Ctrl Pts',(540.055647512425,-651.286670679556,670.722968089684));
#5678=CARTESIAN_POINT('Ctrl Pts',(540.174667765568,-651.102188535094,670.711251617906));
#5679=CARTESIAN_POINT('Ctrl Pts',(540.293245598823,-650.918231910057,670.699978636898));
#5680=CARTESIAN_POINT('Ctrl Pts',(540.529105394669,-650.551502961715,670.677800618141));
#5681=CARTESIAN_POINT('Ctrl Pts',(540.761313917935,-650.1874382894,670.65493885459));
#5682=CARTESIAN_POINT('Ctrl Pts',(540.876239513579,-650.006145459626,670.642980776778));
#5683=CARTESIAN_POINT('Ctrl Pts',(541.103088135201,-649.645203577676,670.617115504017));
#5684=CARTESIAN_POINT('Ctrl Pts',(541.32222872822,-649.287863501213,670.584934541686));
#5685=CARTESIAN_POINT('Ctrl Pts',(541.429444114241,-649.110170904007,670.56665504394));
#5686=CARTESIAN_POINT('Ctrl Pts',(541.638108180838,-648.756893507053,670.524215450902));
#5687=CARTESIAN_POINT('Ctrl Pts',(541.83221677808,-648.40783161676,670.465459274336));
#5688=CARTESIAN_POINT('Ctrl Pts',(541.924887019447,-648.234402845456,670.430917958701));
#5689=CARTESIAN_POINT('Ctrl Pts',(542.055810358822,-647.975543419253,670.368787491792));
#5690=CARTESIAN_POINT('Ctrl Pts',(542.171118139222,-647.718350721531,670.284867700494));
#5691=CARTESIAN_POINT('Ctrl Pts',(542.207642946169,-647.632826402524,670.254180306839));
#5692=CARTESIAN_POINT('Ctrl Pts',(542.276260541481,-647.461889551937,670.186128090488));
#5693=CARTESIAN_POINT('Ctrl Pts',(542.335430523253,-647.291872133339,670.104616296328));
#5694=CARTESIAN_POINT('Ctrl Pts',(542.362514966729,-647.207286917613,670.060494759276));
#5695=CARTESIAN_POINT('Ctrl Pts',(542.436064880644,-646.955801115498,669.918846310564));
#5696=CARTESIAN_POINT('Ctrl Pts',(542.485440291186,-646.712371830599,669.749148699354));
#5697=CARTESIAN_POINT('Ctrl Pts',(542.507104828189,-646.554948996633,669.624132502994));
#5698=CARTESIAN_POINT('Ctrl Pts',(542.527737749826,-646.255138786885,669.355326829983));
#5699=CARTESIAN_POINT('Ctrl Pts',(542.500585413404,-645.990687283473,669.050824349594));
#5700=CARTESIAN_POINT('Ctrl Pts',(542.475744306631,-645.868152951591,668.8920557589));
#5701=CARTESIAN_POINT('Ctrl Pts',(542.421756990532,-645.701777438445,668.64597832286));
#5702=CARTESIAN_POINT('Ctrl Pts',(542.343134956823,-645.559152946756,668.387428479629));
#5703=CARTESIAN_POINT('Ctrl Pts',(542.314226733492,-645.514598594936,668.300331603718));
#5704=CARTESIAN_POINT('Ctrl Pts',(542.251223909208,-645.434436992376,668.127737004806));
#5705=CARTESIAN_POINT('Ctrl Pts',(542.178667061572,-645.369546441462,667.956760381761));
#5706=CARTESIAN_POINT('Ctrl Pts',(542.140205652999,-645.340346657213,667.871371963987));
#5707=CARTESIAN_POINT('Ctrl Pts',(542.099794194989,-645.31369006742,667.78556509345));
#5708=CARTESIAN_POINT('Ctrl Pts',(542.05760651091,-645.289383244982,667.699297495345));
#5709=CARTESIAN_POINT('Ctrl Pts',(540.529758751794,-651.843729398175,670.382933558857));
#5710=CARTESIAN_POINT('Ctrl Pts',(540.650828467708,-651.661570153029,670.368384517169));
#5711=CARTESIAN_POINT('Ctrl Pts',(540.771709788253,-651.479943892835,670.354419826156));
#5712=CARTESIAN_POINT('Ctrl Pts',(540.892228166212,-651.298890168144,670.34084711748));
#5713=CARTESIAN_POINT('Ctrl Pts',(541.132100489225,-650.938012695932,670.313969180792));
#5714=CARTESIAN_POINT('Ctrl Pts',(541.368509141023,-650.579780113855,670.286192540604));
#5715=CARTESIAN_POINT('Ctrl Pts',(541.485563891753,-650.401372109912,670.271723291289));
#5716=CARTESIAN_POINT('Ctrl Pts',(541.716674362204,-650.046066014629,670.240682404481));
#5717=CARTESIAN_POINT('Ctrl Pts',(541.940021461586,-649.694026579671,670.203079052373));
#5718=CARTESIAN_POINT('Ctrl Pts',(542.049282617623,-649.518863492883,670.181925138538));
#5719=CARTESIAN_POINT('Ctrl Pts',(542.262164562943,-649.170603794838,670.134559946639));
#5720=CARTESIAN_POINT('Ctrl Pts',(542.460459965959,-648.826701582445,670.071168237723));
#5721=CARTESIAN_POINT('Ctrl Pts',(542.55441655458,-648.655228485686,670.031394259649));
#5722=CARTESIAN_POINT('Ctrl Pts',(542.688722139193,-648.402234140917,669.965676058045));
#5723=CARTESIAN_POINT('Ctrl Pts',(542.805300597866,-648.147703635073,669.874121948879));
#5724=CARTESIAN_POINT('Ctrl Pts',(542.841812215932,-648.062344285521,669.8400410146));
#5725=CARTESIAN_POINT('Ctrl Pts',(542.910467303593,-647.891990912051,669.76617802353));
#5726=CARTESIAN_POINT('Ctrl Pts',(542.96987933752,-647.723756936528,669.68051676411));
#5727=CARTESIAN_POINT('Ctrl Pts',(542.997125179989,-647.640498132714,669.63465858714));
#5728=CARTESIAN_POINT('Ctrl Pts',(543.070488836514,-647.392405480991,669.486845777741));
#5729=CARTESIAN_POINT('Ctrl Pts',(543.119417620525,-647.151710875584,669.311572036473));
#5730=CARTESIAN_POINT('Ctrl Pts',(543.140590280757,-646.997543900002,669.185750120655));
#5731=CARTESIAN_POINT('Ctrl Pts',(543.158481908196,-646.702202182641,668.910286582851));
#5732=CARTESIAN_POINT('Ctrl Pts',(543.128822490609,-646.440611897951,668.604311976149));
#5733=CARTESIAN_POINT('Ctrl Pts',(543.101407357057,-646.3195954992,668.444709620354));
#5734=CARTESIAN_POINT('Ctrl Pts',(543.041859246167,-646.156458427333,668.198337080173));
#5735=CARTESIAN_POINT('Ctrl Pts',(542.957327629396,-646.020516595571,667.946920963028));
#5736=CARTESIAN_POINT('Ctrl Pts',(542.926663378547,-645.978066986027,667.862519598838));
#5737=CARTESIAN_POINT('Ctrl Pts',(542.860365687293,-645.899056075498,667.693231737587));
#5738=CARTESIAN_POINT('Ctrl Pts',(542.78477443842,-645.831179214838,667.522939772123));
#5739=CARTESIAN_POINT('Ctrl Pts',(542.744789572366,-645.799895998236,667.437581222758));
#5740=CARTESIAN_POINT('Ctrl Pts',(542.702828766236,-645.771019309895,667.351887883674));
#5741=CARTESIAN_POINT('Ctrl Pts',(542.659070790345,-645.744350787214,667.265777441082));
#5742=CARTESIAN_POINT('Ctrl Pts',(541.744426500829,-652.614339929444,669.728480837553));
#5743=CARTESIAN_POINT('Ctrl Pts',(541.867896438885,-652.438113383389,669.707979833157));
#5744=CARTESIAN_POINT('Ctrl Pts',(541.991290900159,-652.262577297525,669.687902719267));
#5745=CARTESIAN_POINT('Ctrl Pts',(542.114415466385,-652.087740131449,669.668062485138));
#5746=CARTESIAN_POINT('Ctrl Pts',(542.35962327401,-651.739473521326,669.628333713559));
#5747=CARTESIAN_POINT('Ctrl Pts',(542.601430062656,-651.394042555163,669.587018132348));
#5748=CARTESIAN_POINT('Ctrl Pts',(542.721152700587,-651.222040411197,669.565586924468));
#5749=CARTESIAN_POINT('Ctrl Pts',(542.957424693345,-650.879479115708,669.520239255864));
#5750=CARTESIAN_POINT('Ctrl Pts',(543.185253059518,-650.539825204357,669.467162018191));
#5751=CARTESIAN_POINT('Ctrl Pts',(543.296549554468,-650.370744883272,669.438098332751));
#5752=CARTESIAN_POINT('Ctrl Pts',(543.512447992092,-650.03393072201,669.372153058034));
#5753=CARTESIAN_POINT('Ctrl Pts',(543.712186774129,-649.700156688406,669.28823585804));
#5754=CARTESIAN_POINT('Ctrl Pts',(543.808042840631,-649.534848716566,669.243599752498));
#5755=CARTESIAN_POINT('Ctrl Pts',(543.940191428971,-649.284253870533,669.15836974591));
#5756=CARTESIAN_POINT('Ctrl Pts',(544.05403524136,-649.036045629827,669.04956795028));
#5757=CARTESIAN_POINT('Ctrl Pts',(544.089710231791,-648.953695649887,669.010103600679));
#5758=CARTESIAN_POINT('Ctrl Pts',(544.15544580574,-648.788956640151,668.922316586148));
#5759=CARTESIAN_POINT('Ctrl Pts',(544.210268967476,-648.625368439455,668.820651486663));
#5760=CARTESIAN_POINT('Ctrl Pts',(544.235006209338,-648.54413370671,668.767120496765));
#5761=CARTESIAN_POINT('Ctrl Pts',(544.301084429061,-648.303642970857,668.599234925118));
#5762=CARTESIAN_POINT('Ctrl Pts',(544.340897255133,-648.073545183444,668.408268596087));
#5763=CARTESIAN_POINT('Ctrl Pts',(544.35519512767,-647.925049517401,668.270258359915));
#5764=CARTESIAN_POINT('Ctrl Pts',(544.358130399347,-647.643448736911,667.981332562956));
#5765=CARTESIAN_POINT('Ctrl Pts',(544.309368288026,-647.395400074053,667.667104941157));
#5766=CARTESIAN_POINT('Ctrl Pts',(544.274950384151,-647.278226738784,667.501248363685));
#5767=CARTESIAN_POINT('Ctrl Pts',(544.200819134466,-647.122798750983,667.254590653608));
#5768=CARTESIAN_POINT('Ctrl Pts',(544.097204036893,-646.994836674575,667.011119301441));
#5769=CARTESIAN_POINT('Ctrl Pts',(544.05976884051,-646.954906551819,666.930100562846));
#5770=CARTESIAN_POINT('Ctrl Pts',(543.980585706571,-646.879077991776,666.766823984607));
#5771=CARTESIAN_POINT('Ctrl Pts',(543.893711601708,-646.810713854278,666.600858586074));
#5772=CARTESIAN_POINT('Ctrl Pts',(543.848635515613,-646.77819124368,666.517073383372));
#5773=CARTESIAN_POINT('Ctrl Pts',(543.801978369443,-646.747346704099,666.4326050729));
#5774=CARTESIAN_POINT('Ctrl Pts',(543.753824563725,-646.71814030192,666.347497037165));
#5775=CARTESIAN_POINT('Ctrl Pts',(543.004765583477,-653.451547983531,669.156415034375));
#5776=CARTESIAN_POINT('Ctrl Pts',(543.127935891016,-653.281793225626,669.126917884544));
#5777=CARTESIAN_POINT('Ctrl Pts',(543.25098210598,-653.112918233455,669.097571110177));
#5778=CARTESIAN_POINT('Ctrl Pts',(543.373677453077,-652.944896235486,669.068213480582));
#5779=CARTESIAN_POINT('Ctrl Pts',(543.617757865904,-652.610476317471,669.008968660301));
#5780=CARTESIAN_POINT('Ctrl Pts',(543.857569264647,-652.279114510196,668.947004695546));
#5781=CARTESIAN_POINT('Ctrl Pts',(543.975994405595,-652.11415049761,668.914928243829));
#5782=CARTESIAN_POINT('Ctrl Pts',(544.208848286474,-651.785548777719,668.847425111038));
#5783=CARTESIAN_POINT('Ctrl Pts',(544.430965440418,-651.45936852972,668.769979559847));
#5784=CARTESIAN_POINT('Ctrl Pts',(544.538631064449,-651.296811621845,668.727857431275));
#5785=CARTESIAN_POINT('Ctrl Pts',(544.745655581445,-650.972786144233,668.635696234123));
#5786=CARTESIAN_POINT('Ctrl Pts',(544.930151941385,-650.649574919876,668.516574463714));
#5787=CARTESIAN_POINT('Ctrl Pts',(545.015420124007,-650.487965291917,668.448249370376));
#5788=CARTESIAN_POINT('Ctrl Pts',(545.131441883774,-650.2468157413,668.329284459898));
#5789=CARTESIAN_POINT('Ctrl Pts',(545.221350408125,-650.004146358407,668.170670941886));
#5790=CARTESIAN_POINT('Ctrl Pts',(545.248478437978,-649.923450138493,668.114549682802));
#5791=CARTESIAN_POINT('Ctrl Pts',(545.298255469649,-649.764705666216,668.00177877686));
#5792=CARTESIAN_POINT('Ctrl Pts',(545.337128025371,-649.610338004545,667.882237450217));
#5793=CARTESIAN_POINT('Ctrl Pts',(545.353436890649,-649.534130597339,667.819769789195));
#5794=CARTESIAN_POINT('Ctrl Pts',(545.39295301049,-649.308100802993,667.624837823268));
#5795=CARTESIAN_POINT('Ctrl Pts',(545.404524454658,-649.092522954913,667.412080452874));
#5796=CARTESIAN_POINT('Ctrl Pts',(545.398786355791,-648.955886980507,667.264815977089));
#5797=CARTESIAN_POINT('Ctrl Pts',(545.361451260307,-648.696045148507,666.958661586772));
#5798=CARTESIAN_POINT('Ctrl Pts',(545.272461310353,-648.469538869677,666.639745927407));
#5799=CARTESIAN_POINT('Ctrl Pts',(545.211216589679,-648.369759848462,666.484636736306));
#5800=CARTESIAN_POINT('Ctrl Pts',(545.104484563538,-648.230876866568,666.248389106681));
#5801=CARTESIAN_POINT('Ctrl Pts',(544.982383334804,-648.103743603722,666.00256402571));
#5802=CARTESIAN_POINT('Ctrl Pts',(544.940009404065,-648.062805245115,665.919866671702));
#5803=CARTESIAN_POINT('Ctrl Pts',(544.851444782928,-647.984509339465,665.754076355048));
#5804=CARTESIAN_POINT('Ctrl Pts',(544.755849625994,-647.912936779636,665.587185524979));
#5805=CARTESIAN_POINT('Ctrl Pts',(544.706401888095,-647.87877110085,665.503457643926));
#5806=CARTESIAN_POINT('Ctrl Pts',(544.655504713163,-647.846049112946,665.419279819704));
#5807=CARTESIAN_POINT('Ctrl Pts',(544.603267643058,-647.814697958392,665.334605953423));
#5808=CARTESIAN_POINT('Ctrl Pts',(543.643376063411,-653.890296727096,668.885678938079));
#5809=CARTESIAN_POINT('Ctrl Pts',(543.765545231221,-653.723899316903,668.850871679878));
#5810=CARTESIAN_POINT('Ctrl Pts',(543.887442452767,-653.558457318821,668.815903013604));
#5811=CARTESIAN_POINT('Ctrl Pts',(544.008821153382,-653.393928400345,668.7807013423));
#5812=CARTESIAN_POINT('Ctrl Pts',(544.25032676429,-653.06697438525,668.711165322888));
#5813=CARTESIAN_POINT('Ctrl Pts',(544.485375436773,-652.741749192891,668.632400036883));
#5814=CARTESIAN_POINT('Ctrl Pts',(544.60002669909,-652.578298227118,668.585812475904));
#5815=CARTESIAN_POINT('Ctrl Pts',(544.824951069555,-652.253987101083,668.492139560294));
#5816=CARTESIAN_POINT('Ctrl Pts',(545.046260066235,-651.943345347471,668.43114846616));
#5817=CARTESIAN_POINT('Ctrl Pts',(545.154181137085,-651.787320272008,668.395413298583));
#5818=CARTESIAN_POINT('Ctrl Pts',(545.354436730863,-651.466134775944,668.277411727862));
#5819=CARTESIAN_POINT('Ctrl Pts',(545.523912126953,-651.145041515345,668.119534502913));
#5820=CARTESIAN_POINT('Ctrl Pts',(545.598629740883,-650.983902394587,668.02606125362));
#5821=CARTESIAN_POINT('Ctrl Pts',(545.699159119954,-650.743815561618,667.873757087911));
#5822=CARTESIAN_POINT('Ctrl Pts',(545.773845428296,-650.509115126341,667.701001833731));
#5823=CARTESIAN_POINT('Ctrl Pts',(545.795822287644,-650.431566972052,667.641156803839));
#5824=CARTESIAN_POINT('Ctrl Pts',(545.835134578148,-650.277581992663,667.515828625284));
#5825=CARTESIAN_POINT('Ctrl Pts',(545.863193986811,-650.127188170836,667.382576847343));
#5826=CARTESIAN_POINT('Ctrl Pts',(545.873960488873,-650.053245745223,667.314836188735));
#5827=CARTESIAN_POINT('Ctrl Pts',(545.898929776533,-649.832930386232,667.101299394427));
#5828=CARTESIAN_POINT('Ctrl Pts',(545.893869322545,-649.624251806156,666.870261262524));
#5829=CARTESIAN_POINT('Ctrl Pts',(545.868691869799,-649.497836135752,666.723542652861));
#5830=CARTESIAN_POINT('Ctrl Pts',(545.795060973882,-649.257852856736,666.420657941149));
#5831=CARTESIAN_POINT('Ctrl Pts',(545.67576823594,-649.047038839308,666.110858595215));
#5832=CARTESIAN_POINT('Ctrl Pts',(545.606826779596,-648.948263100036,665.95401400431));
#5833=CARTESIAN_POINT('Ctrl Pts',(545.490899318397,-648.809469606562,665.715900586334));
#5834=CARTESIAN_POINT('Ctrl Pts',(545.358788156488,-648.683711651392,665.47315027598));
#5835=CARTESIAN_POINT('Ctrl Pts',(545.313086127837,-648.64318875034,665.39170394202));
#5836=CARTESIAN_POINT('Ctrl Pts',(545.218580028901,-648.564852254602,665.22773511407));
#5837=CARTESIAN_POINT('Ctrl Pts',(545.118256109735,-648.49179790464,665.061605821765));
#5838=CARTESIAN_POINT('Ctrl Pts',(545.066736458063,-648.456557024152,664.97799882943));
#5839=CARTESIAN_POINT('Ctrl Pts',(545.013939957489,-648.422574551346,664.893852359946));
#5840=CARTESIAN_POINT('Ctrl Pts',(544.959937969303,-648.389824102721,664.809170645144));
#5841=CARTESIAN_POINT('Ctrl Pts',(544.606289496532,-654.588722806901,668.494388328375));
#5842=CARTESIAN_POINT('Ctrl Pts',(544.72590624943,-654.427825941809,668.450670417975));
#5843=CARTESIAN_POINT('Ctrl Pts',(544.845196332978,-654.268156544857,668.406711436148));
#5844=CARTESIAN_POINT('Ctrl Pts',(544.963826559351,-654.109586426358,668.362210062383));
#5845=CARTESIAN_POINT('Ctrl Pts',(545.19875683649,-653.794281864413,668.271061299047));
#5846=CARTESIAN_POINT('Ctrl Pts',(545.427875083433,-653.48338055125,668.179058158116));
#5847=CARTESIAN_POINT('Ctrl Pts',(545.540569071098,-653.329349763779,668.133866090565));
#5848=CARTESIAN_POINT('Ctrl Pts',(545.760251153031,-653.02166637225,668.037730077786));
#5849=CARTESIAN_POINT('Ctrl Pts',(545.958849956373,-652.708532525411,667.9013977091));
#5850=CARTESIAN_POINT('Ctrl Pts',(546.050806696594,-652.549572888304,667.817890083046));
#5851=CARTESIAN_POINT('Ctrl Pts',(546.218463859279,-652.234198048107,667.639502647621));
#5852=CARTESIAN_POINT('Ctrl Pts',(546.348922914993,-651.920436403051,667.421988335199));
#5853=CARTESIAN_POINT('Ctrl Pts',(546.405076146919,-651.764867927915,667.305866704781));
#5854=CARTESIAN_POINT('Ctrl Pts',(546.470264754407,-651.535217693616,667.119390720322));
#5855=CARTESIAN_POINT('Ctrl Pts',(546.509318902756,-651.312083128019,666.917384126983));
#5856=CARTESIAN_POINT('Ctrl Pts',(546.519387616782,-651.238528217936,666.848460448636));
#5857=CARTESIAN_POINT('Ctrl Pts',(546.532610363159,-651.093685729882,666.709041359525));
#5858=CARTESIAN_POINT('Ctrl Pts',(546.533150830294,-650.95307416465,666.564583850715));
#5859=CARTESIAN_POINT('Ctrl Pts',(546.530527079941,-650.883738026694,666.49060446933));
#5860=CARTESIAN_POINT('Ctrl Pts',(546.512094118449,-650.680275283818,666.267266846921));
#5861=CARTESIAN_POINT('Ctrl Pts',(546.46199518069,-650.491329856214,666.042319935047));
#5862=CARTESIAN_POINT('Ctrl Pts',(546.414920783439,-650.372374122028,665.893228287485));
#5863=CARTESIAN_POINT('Ctrl Pts',(546.300535461551,-650.146559800561,665.59364969167));
#5864=CARTESIAN_POINT('Ctrl Pts',(546.152502400961,-649.942222109798,665.286481157267));
#5865=CARTESIAN_POINT('Ctrl Pts',(546.071676244191,-649.844981186617,665.13034081367));
#5866=CARTESIAN_POINT('Ctrl Pts',(545.941185656773,-649.706474427387,664.892646807285));
#5867=CARTESIAN_POINT('Ctrl Pts',(545.798161105861,-649.578731736032,664.649877374887));
#5868=CARTESIAN_POINT('Ctrl Pts',(545.749166509609,-649.537333323211,664.568402147731));
#5869=CARTESIAN_POINT('Ctrl Pts',(545.648669565367,-649.45687006662,664.404368495632));
#5870=CARTESIAN_POINT('Ctrl Pts',(545.543402500497,-649.381007360678,664.238203229121));
#5871=CARTESIAN_POINT('Ctrl Pts',(545.489637669516,-649.344209513711,664.154596470393));
#5872=CARTESIAN_POINT('Ctrl Pts',(545.434797501005,-649.308527988995,664.070473218778));
#5873=CARTESIAN_POINT('Ctrl Pts',(545.378932944749,-649.273945885418,663.985840939064));
#5874=CARTESIAN_POINT('Ctrl Pts',(545.529680360292,-655.357253513833,668.061802244153));
#5875=CARTESIAN_POINT('Ctrl Pts',(545.643105192182,-655.201790665787,668.005487929326));
#5876=CARTESIAN_POINT('Ctrl Pts',(545.755446433227,-655.047701524502,667.947600720458));
#5877=CARTESIAN_POINT('Ctrl Pts',(545.866339788102,-654.894859657866,667.888456412888));
#5878=CARTESIAN_POINT('Ctrl Pts',(546.083717378277,-654.590789210443,667.767108843993));
#5879=CARTESIAN_POINT('Ctrl Pts',(546.286966089279,-654.287101757519,667.630544591455));
#5880=CARTESIAN_POINT('Ctrl Pts',(546.384084666644,-654.134875202547,667.557414602562));
#5881=CARTESIAN_POINT('Ctrl Pts',(546.564835099876,-653.828233565237,667.392161355935));
#5882=CARTESIAN_POINT('Ctrl Pts',(546.713222215298,-653.518165980258,667.185325234311));
#5883=CARTESIAN_POINT('Ctrl Pts',(546.778812230475,-653.364333312096,667.077026480156));
#5884=CARTESIAN_POINT('Ctrl Pts',(546.89182349511,-653.05749584847,666.845869326417));
#5885=CARTESIAN_POINT('Ctrl Pts',(546.964723015989,-652.756355873169,666.591726733109));
#5886=CARTESIAN_POINT('Ctrl Pts',(546.989548509763,-652.607919696768,666.459157533486));
#5887=CARTESIAN_POINT('Ctrl Pts',(547.010576033791,-652.38897957974,666.253445275777));
#5888=CARTESIAN_POINT('Ctrl Pts',(547.004800916561,-652.177977944077,666.041063197425));
#5889=CARTESIAN_POINT('Ctrl Pts',(546.999776927998,-652.108651983966,665.969730740732));
#5890=CARTESIAN_POINT('Ctrl Pts',(546.983982891816,-651.971928646447,665.825208962119));
#5891=CARTESIAN_POINT('Ctrl Pts',(546.955691860786,-651.840011555817,665.679737804548));
#5892=CARTESIAN_POINT('Ctrl Pts',(546.938167886166,-651.775498454315,665.607461074359));
#5893=CARTESIAN_POINT('Ctrl Pts',(546.876912732801,-651.585854014088,665.39100505));
#5894=CARTESIAN_POINT('Ctrl Pts',(546.79352352442,-651.406836605999,665.172685243101));
#5895=CARTESIAN_POINT('Ctrl Pts',(546.731540559818,-651.29132370175,665.023906600805));
#5896=CARTESIAN_POINT('Ctrl Pts',(546.59424852604,-651.069190735722,664.721954072585));
#5897=CARTESIAN_POINT('Ctrl Pts',(546.432412562575,-650.865047111955,664.411946986773));
#5898=CARTESIAN_POINT('Ctrl Pts',(546.34589962777,-650.767481604583,664.255001703048));
#5899=CARTESIAN_POINT('Ctrl Pts',(546.208622357389,-650.627664702579,664.016503844039));
#5900=CARTESIAN_POINT('Ctrl Pts',(546.0610260318,-650.497462296466,663.773469916977));
#5901=CARTESIAN_POINT('Ctrl Pts',(546.010734347003,-650.455118354552,663.691957010547));
#5902=CARTESIAN_POINT('Ctrl Pts',(545.908058659917,-650.372523037875,663.527939094678));
#5903=CARTESIAN_POINT('Ctrl Pts',(545.801369266137,-650.294069316213,663.361961494496));
#5904=CARTESIAN_POINT('Ctrl Pts',(545.747063833419,-650.255866993827,663.278488951124));
#5905=CARTESIAN_POINT('Ctrl Pts',(545.691836382254,-650.21867803067,663.194539417466));
#5906=CARTESIAN_POINT('Ctrl Pts',(545.635722946111,-650.182490754385,663.11011940591));
#5907=CARTESIAN_POINT('Ctrl Pts',(545.830042809438,-655.622663132581,667.914094097784));
#5908=CARTESIAN_POINT('Ctrl Pts',(545.941046696416,-655.469544415134,667.854267168627));
#5909=CARTESIAN_POINT('Ctrl Pts',(546.050816775145,-655.318084177825,667.792342446596));
#5910=CARTESIAN_POINT('Ctrl Pts',(546.159444039009,-655.168835896626,667.730257485615));
#5911=CARTESIAN_POINT('Ctrl Pts',(546.367084662561,-654.866194174559,667.589596943209));
#5912=CARTESIAN_POINT('Ctrl Pts',(546.556647567064,-654.559608077362,667.423885694774));
#5913=CARTESIAN_POINT('Ctrl Pts',(546.646054239904,-654.407478706846,667.336336990689));
#5914=CARTESIAN_POINT('Ctrl Pts',(546.809299994705,-654.101252568966,667.144468791797));
#5915=CARTESIAN_POINT('Ctrl Pts',(546.940662096133,-653.794272051444,666.925469903393));
#5916=CARTESIAN_POINT('Ctrl Pts',(546.996684613672,-653.641751570838,666.809161465878));
#5917=CARTESIAN_POINT('Ctrl Pts',(547.090338683865,-653.338893315467,666.563176643641));
#5918=CARTESIAN_POINT('Ctrl Pts',(547.138960016531,-653.041196602588,666.301565593513));
#5919=CARTESIAN_POINT('Ctrl Pts',(547.157139503069,-652.894841088807,666.162209146057));
#5920=CARTESIAN_POINT('Ctrl Pts',(547.163774469513,-652.680005048205,665.950198118182));
#5921=CARTESIAN_POINT('Ctrl Pts',(547.139160371561,-652.473827673068,665.738381252986));
#5922=CARTESIAN_POINT('Ctrl Pts',(547.127560886014,-652.406133071111,665.667927977546));
#5923=CARTESIAN_POINT('Ctrl Pts',(547.098711823665,-652.272760199551,665.526675888704));
#5924=CARTESIAN_POINT('Ctrl Pts',(547.059809202201,-652.143434269008,665.384217417069));
#5925=CARTESIAN_POINT('Ctrl Pts',(547.038178446085,-652.079783698604,665.312539967882));
#5926=CARTESIAN_POINT('Ctrl Pts',(546.967230192406,-651.891925532274,665.096091081074));
#5927=CARTESIAN_POINT('Ctrl Pts',(546.879111759061,-651.71348522676,664.875356129755));
#5928=CARTESIAN_POINT('Ctrl Pts',(546.813570003529,-651.598839843194,664.726299518822));
#5929=CARTESIAN_POINT('Ctrl Pts',(546.67018556708,-651.378110685694,664.424234125092));
#5930=CARTESIAN_POINT('Ctrl Pts',(546.504501460877,-651.174376157564,664.114115289329));
#5931=CARTESIAN_POINT('Ctrl Pts',(546.416637147199,-651.076724456956,663.957015512024));
#5932=CARTESIAN_POINT('Ctrl Pts',(546.27790298788,-650.936501659904,663.718363763476));
#5933=CARTESIAN_POINT('Ctrl Pts',(546.129544525282,-650.805520190361,663.475299168459));
#5934=CARTESIAN_POINT('Ctrl Pts',(546.079065564034,-650.762878742679,663.393792495712));
#5935=CARTESIAN_POINT('Ctrl Pts',(545.976134430823,-650.679616600109,663.229820226863));
#5936=CARTESIAN_POINT('Ctrl Pts',(545.869404244097,-650.600358779156,663.063953114934));
#5937=CARTESIAN_POINT('Ctrl Pts',(545.815126212573,-650.561721650628,662.980551608782));
#5938=CARTESIAN_POINT('Ctrl Pts',(545.759969334331,-650.524066379164,662.896688008933));
#5939=CARTESIAN_POINT('Ctrl Pts',(545.703965498536,-650.487382590007,662.812368098051));
#5940=CARTESIAN_POINT('Ctrl Pts',(546.416150171034,-656.168065269025,667.574408288832));
#5941=CARTESIAN_POINT('Ctrl Pts',(546.521559348062,-656.017680573798,667.504384848626));
#5942=CARTESIAN_POINT('Ctrl Pts',(546.623450146641,-655.868240537965,667.428929811573));
#5943=CARTESIAN_POINT('Ctrl Pts',(546.719251924362,-655.71836249339,667.344824450594));
#5944=CARTESIAN_POINT('Ctrl Pts',(546.896185878084,-655.417116106852,667.160671023577));
#5945=CARTESIAN_POINT('Ctrl Pts',(547.044943438982,-655.11523712486,666.950303408329));
#5946=CARTESIAN_POINT('Ctrl Pts',(547.112731204059,-654.963672754109,666.839495092975));
#5947=CARTESIAN_POINT('Ctrl Pts',(547.236398035854,-654.659669155248,666.610128606392));
#5948=CARTESIAN_POINT('Ctrl Pts',(547.326050153507,-654.359196535173,666.361435776381));
#5949=CARTESIAN_POINT('Ctrl Pts',(547.362168526279,-654.20959879557,666.232319183836));
#5950=CARTESIAN_POINT('Ctrl Pts',(547.411062974557,-653.912595534698,665.969971196945));
#5951=CARTESIAN_POINT('Ctrl Pts',(547.419433223518,-653.625047516925,665.690918632758));
#5952=CARTESIAN_POINT('Ctrl Pts',(547.407769154526,-653.483603359858,665.552919231795));
#5953=CARTESIAN_POINT('Ctrl Pts',(547.373829199468,-653.275515730828,665.346598040854));
#5954=CARTESIAN_POINT('Ctrl Pts',(547.321472015319,-653.074857007649,665.136395898213));
#5955=CARTESIAN_POINT('Ctrl Pts',(547.302140590347,-653.008844891451,665.065848980567));
#5956=CARTESIAN_POINT('Ctrl Pts',(547.259625783266,-652.878652466143,664.924044159079));
#5957=CARTESIAN_POINT('Ctrl Pts',(547.209843445939,-652.752170448408,664.780734545347));
#5958=CARTESIAN_POINT('Ctrl Pts',(547.183228991762,-652.689870133118,664.708695706602));
#5959=CARTESIAN_POINT('Ctrl Pts',(547.098632259738,-652.505784941536,664.491259875888));
#5960=CARTESIAN_POINT('Ctrl Pts',(547.000604165655,-652.330187967711,664.269672146702));
#5961=CARTESIAN_POINT('Ctrl Pts',(546.930031657919,-652.216930868502,664.119918596008));
#5962=CARTESIAN_POINT('Ctrl Pts',(546.778908773601,-651.99817363393,663.816619637214));
#5963=CARTESIAN_POINT('Ctrl Pts',(546.609183144098,-651.794914788229,663.505760901455));
#5964=CARTESIAN_POINT('Ctrl Pts',(546.519986305975,-651.6971617237,663.348464912376));
#5965=CARTESIAN_POINT('Ctrl Pts',(546.380118858985,-651.556302324697,663.109744409594));
#5966=CARTESIAN_POINT('Ctrl Pts',(546.231702692662,-651.424009532806,662.866926835327));
#5967=CARTESIAN_POINT('Ctrl Pts',(546.181311988656,-651.380858757038,662.785536001858));
#5968=CARTESIAN_POINT('Ctrl Pts',(546.07875177282,-651.29643905819,662.621859082145));
#5969=CARTESIAN_POINT('Ctrl Pts',(545.972744805009,-651.215756642215,662.456408468327));
#5970=CARTESIAN_POINT('Ctrl Pts',(545.918907343332,-651.176343148937,662.373243943779));
#5971=CARTESIAN_POINT('Ctrl Pts',(545.864262083,-651.137850055126,662.289644593413));
#5972=CARTESIAN_POINT('Ctrl Pts',(545.808833922712,-651.100269489768,662.205614858516));
#5973=CARTESIAN_POINT('Ctrl Pts',(546.877092282787,-656.725571429749,667.098001479777));
#5974=CARTESIAN_POINT('Ctrl Pts',(546.97007052653,-656.575818395036,667.012937647732));
#5975=CARTESIAN_POINT('Ctrl Pts',(547.057188235835,-656.42643564665,666.921240313136));
#5976=CARTESIAN_POINT('Ctrl Pts',(547.13653851237,-656.277015423806,666.821980928337));
#5977=CARTESIAN_POINT('Ctrl Pts',(547.279199282251,-655.978472976638,666.608989392657));
#5978=CARTESIAN_POINT('Ctrl Pts',(547.390631696869,-655.679910867606,666.372989366254));
#5979=CARTESIAN_POINT('Ctrl Pts',(547.438551651403,-655.530364646066,666.251170437796));
#5980=CARTESIAN_POINT('Ctrl Pts',(547.513828070551,-655.234661473311,665.999063932351));
#5981=CARTESIAN_POINT('Ctrl Pts',(547.555186966506,-654.939204239319,665.736979699437));
#5982=CARTESIAN_POINT('Ctrl Pts',(547.566317874116,-654.792123339083,665.604401648807));
#5983=CARTESIAN_POINT('Ctrl Pts',(547.57146256807,-654.502210981686,665.331634394995));
#5984=CARTESIAN_POINT('Ctrl Pts',(547.533729736551,-654.220090592116,665.059446869507));
#5985=CARTESIAN_POINT('Ctrl Pts',(547.502527964229,-654.081327318784,664.926143549505));
#5986=CARTESIAN_POINT('Ctrl Pts',(547.449381184815,-653.878018288335,664.720273252113));
#5987=CARTESIAN_POINT('Ctrl Pts',(547.383724798226,-653.681798970653,664.50977411679));
#5988=CARTESIAN_POINT('Ctrl Pts',(547.360506747097,-653.617201311808,664.439099885701));
#5989=CARTESIAN_POINT('Ctrl Pts',(547.31146193695,-653.489650780476,664.296741569962));
#5990=CARTESIAN_POINT('Ctrl Pts',(547.257201138388,-653.365460648287,664.152502457679));
#5991=CARTESIAN_POINT('Ctrl Pts',(547.228768142993,-653.304222714857,664.079945183206));
#5992=CARTESIAN_POINT('Ctrl Pts',(547.139584940544,-653.123118168452,663.861037133328));
#5993=CARTESIAN_POINT('Ctrl Pts',(547.039053903205,-652.949894714433,663.638432000294));
#5994=CARTESIAN_POINT('Ctrl Pts',(546.967271036373,-652.837959006794,663.488387601969));
#5995=CARTESIAN_POINT('Ctrl Pts',(546.81495380982,-652.621185938157,663.184797604904));
#5996=CARTESIAN_POINT('Ctrl Pts',(546.646027194717,-652.418663885948,662.874253675143));
#5997=CARTESIAN_POINT('Ctrl Pts',(546.557653688755,-652.32097501916,662.717239370258));
#5998=CARTESIAN_POINT('Ctrl Pts',(546.419530897322,-652.1797876217,662.479129487753));
#5999=CARTESIAN_POINT('Ctrl Pts',(546.273501964103,-652.046564563815,662.237175425638));
#6000=CARTESIAN_POINT('Ctrl Pts',(546.223971314004,-652.003038820477,662.156099206788));
#6001=CARTESIAN_POINT('Ctrl Pts',(546.123247664625,-651.917743485379,661.993102289347));
#6002=CARTESIAN_POINT('Ctrl Pts',(546.019288473714,-651.83594215722,661.828427995616));
#6003=CARTESIAN_POINT('Ctrl Pts',(545.966522281592,-651.795910419243,661.745674399916));
#6004=CARTESIAN_POINT('Ctrl Pts',(545.912990906731,-651.756742321162,661.662507516218));
#6005=CARTESIAN_POINT('Ctrl Pts',(545.858714959544,-651.718431995721,661.578930666229));
#6006=CARTESIAN_POINT('Ctrl Pts',(547.053798366353,-657.003041486275,666.818116998921));
#6007=CARTESIAN_POINT('Ctrl Pts',(547.139012301668,-656.853648015526,666.725473776656));
#6008=CARTESIAN_POINT('Ctrl Pts',(547.218627355164,-656.704821518258,666.62682001429));
#6009=CARTESIAN_POINT('Ctrl Pts',(547.291708406534,-656.55635845353,666.521776739888));
#6010=CARTESIAN_POINT('Ctrl Pts',(547.423720357807,-656.26022478376,666.300089974665));
#6011=CARTESIAN_POINT('Ctrl Pts',(547.5193502132,-655.965254550009,666.058548101389));
#6012=CARTESIAN_POINT('Ctrl Pts',(547.555458056773,-655.817911073217,665.933545476509));
#6013=CARTESIAN_POINT('Ctrl Pts',(547.604842850567,-655.523356593153,665.677478877741));
#6014=CARTESIAN_POINT('Ctrl Pts',(547.61636996042,-655.230427302882,665.414331852955));
#6015=CARTESIAN_POINT('Ctrl Pts',(547.613741673208,-655.0845564232,665.28236800802));
#6016=CARTESIAN_POINT('Ctrl Pts',(547.591836986874,-654.795844642652,665.016871176309));
#6017=CARTESIAN_POINT('Ctrl Pts',(547.542359042826,-654.516395678462,664.745734979508));
#6018=CARTESIAN_POINT('Ctrl Pts',(547.511774153988,-654.379684866918,664.60832828272));
#6019=CARTESIAN_POINT('Ctrl Pts',(547.456983669469,-654.179021482723,664.400045985985));
#6020=CARTESIAN_POINT('Ctrl Pts',(547.389680279922,-653.985230768309,664.188347105764));
#6021=CARTESIAN_POINT('Ctrl Pts',(547.365895091458,-653.921408699671,664.117399457932));
#6022=CARTESIAN_POINT('Ctrl Pts',(547.315707973677,-653.795338219986,663.974726199867));
#6023=CARTESIAN_POINT('Ctrl Pts',(547.260437806072,-653.672458929488,663.830473641616));
#6024=CARTESIAN_POINT('Ctrl Pts',(547.231569834943,-653.611828067004,663.757946467218));
#6025=CARTESIAN_POINT('Ctrl Pts',(547.141369240954,-653.432391061947,663.539147587172));
#6026=CARTESIAN_POINT('Ctrl Pts',(547.040662733442,-653.26039144413,663.316664178885));
#6027=CARTESIAN_POINT('Ctrl Pts',(546.969107540362,-653.14909361622,663.166675551079));
#6028=CARTESIAN_POINT('Ctrl Pts',(546.817605844436,-652.933303812998,662.8633378351));
#6029=CARTESIAN_POINT('Ctrl Pts',(546.650150663737,-652.731187795055,662.5532640075));
#6030=CARTESIAN_POINT('Ctrl Pts',(546.562641339982,-652.633563664661,662.396539433299));
#6031=CARTESIAN_POINT('Ctrl Pts',(546.425988029947,-652.492273093347,662.158932576622));
#6032=CARTESIAN_POINT('Ctrl Pts',(546.281646924895,-652.358662924472,661.917578016753));
#6033=CARTESIAN_POINT('Ctrl Pts',(546.23270103017,-652.314977462191,661.8367118775));
#6034=CARTESIAN_POINT('Ctrl Pts',(546.133187257721,-652.22930312464,661.674154766576));
#6035=CARTESIAN_POINT('Ctrl Pts',(546.030511471118,-652.147007245641,661.509957923622));
#6036=CARTESIAN_POINT('Ctrl Pts',(545.978403560904,-652.106700241372,661.427452053339));
#6037=CARTESIAN_POINT('Ctrl Pts',(545.925545405259,-652.067229781265,661.344541498491));
#6038=CARTESIAN_POINT('Ctrl Pts',(545.871956111643,-652.028590884387,661.261229202964));
#6039=CARTESIAN_POINT('Ctrl Pts',(547.185017257006,-657.282677410182,666.525518719263));
#6040=CARTESIAN_POINT('Ctrl Pts',(547.261011099118,-657.13393361228,666.427340472449));
#6041=CARTESIAN_POINT('Ctrl Pts',(547.330861398401,-656.985809618967,666.32359781784));
#6042=CARTESIAN_POINT('Ctrl Pts',(547.393652631368,-656.838164274133,666.214145480022));
#6043=CARTESIAN_POINT('Ctrl Pts',(547.502803137826,-656.543728282867,665.984775963095));
#6044=CARTESIAN_POINT('Ctrl Pts',(547.573801293956,-656.250640028554,665.737747958261));
#6045=CARTESIAN_POINT('Ctrl Pts',(547.598051624218,-656.104325495038,665.610548343964));
#6046=CARTESIAN_POINT('Ctrl Pts',(547.627190269381,-655.81216856279,665.351711857634));
#6047=CARTESIAN_POINT('Ctrl Pts',(547.625209238885,-655.52238572062,665.087786962268));
#6048=CARTESIAN_POINT('Ctrl Pts',(547.61779134317,-655.378381003297,664.955497077238));
#6049=CARTESIAN_POINT('Ctrl Pts',(547.589216823098,-655.093597638931,664.689232636792));
#6050=CARTESIAN_POINT('Ctrl Pts',(547.536058228563,-654.817550185365,664.418049229261));
#6051=CARTESIAN_POINT('Ctrl Pts',(547.503856380466,-654.682258423386,664.280867201031));
#6052=CARTESIAN_POINT('Ctrl Pts',(547.447361070883,-654.483584386766,664.072834193294));
#6053=CARTESIAN_POINT('Ctrl Pts',(547.3791460532,-654.291549342896,663.861346042298));
#6054=CARTESIAN_POINT('Ctrl Pts',(547.3551362876,-654.228288269751,663.790463941383));
#6055=CARTESIAN_POINT('Ctrl Pts',(547.304638351,-654.10328884852,663.647920003616));
#6056=CARTESIAN_POINT('Ctrl Pts',(547.249306881353,-653.981373983908,663.503801883712));
#6057=CARTESIAN_POINT('Ctrl Pts',(547.220463647478,-653.921197411655,663.431345578466));
#6058=CARTESIAN_POINT('Ctrl Pts',(547.130489810662,-653.743035615715,663.212774667828));
#6059=CARTESIAN_POINT('Ctrl Pts',(547.030434486211,-653.572041337954,662.990573796459));
#6060=CARTESIAN_POINT('Ctrl Pts',(546.959473278357,-653.461287489112,662.840805102333));
#6061=CARTESIAN_POINT('Ctrl Pts',(546.809438753926,-653.246333707913,662.537975890612));
#6062=CARTESIAN_POINT('Ctrl Pts',(546.643934286055,-653.044557374147,662.228553881445));
#6063=CARTESIAN_POINT('Ctrl Pts',(546.557502902054,-652.946980984507,662.072192368135));
#6064=CARTESIAN_POINT('Ctrl Pts',(546.422598448647,-652.805584733251,661.835184479693));
#6065=CARTESIAN_POINT('Ctrl Pts',(546.280175706323,-652.671613420663,661.594506865179));
#6066=CARTESIAN_POINT('Ctrl Pts',(546.231886522362,-652.627779776297,661.513874838483));
#6067=CARTESIAN_POINT('Ctrl Pts',(546.133717781391,-652.541754744222,661.351802392729));
#6068=CARTESIAN_POINT('Ctrl Pts',(546.032444834889,-652.459002171007,661.188122062499));
#6069=CARTESIAN_POINT('Ctrl Pts',(545.981051444535,-652.418440985162,661.105882151895));
#6070=CARTESIAN_POINT('Ctrl Pts',(545.92891965577,-652.378691204092,661.023244987029));
#6071=CARTESIAN_POINT('Ctrl Pts',(545.876067409661,-652.339748555653,660.94021324142));
#6072=CARTESIAN_POINT('Ctrl Pts',(547.281882989132,-657.563216842077,666.22372051868));
#6073=CARTESIAN_POINT('Ctrl Pts',(547.348618403694,-657.415129855427,666.12117663886));
#6074=CARTESIAN_POINT('Ctrl Pts',(547.408853698334,-657.267699771556,666.013525324342));
#6075=CARTESIAN_POINT('Ctrl Pts',(547.461733517577,-657.120818982682,665.900756958037));
#6076=CARTESIAN_POINT('Ctrl Pts',(547.550517903789,-656.82801191419,665.66587573674));
#6077=CARTESIAN_POINT('Ctrl Pts',(547.602697355958,-656.536914651362,665.415423618051));
#6078=CARTESIAN_POINT('Ctrl Pts',(547.618734487791,-656.391735921634,665.287024974299));
#6079=CARTESIAN_POINT('Ctrl Pts',(547.634236675903,-656.102248446868,665.026556056359));
#6080=CARTESIAN_POINT('Ctrl Pts',(547.622724566162,-655.815817860879,664.761593086193));
#6081=CARTESIAN_POINT('Ctrl Pts',(547.611465414371,-655.673665671973,664.62869384754));
#6082=CARTESIAN_POINT('Ctrl Pts',(547.577177389011,-655.392630480268,664.361255266988));
#6083=CARTESIAN_POINT('Ctrl Pts',(547.520781611534,-655.119913319265,664.089407143862));
#6084=CARTESIAN_POINT('Ctrl Pts',(547.487311563287,-654.986076603735,663.952091462863));
#6085=CARTESIAN_POINT('Ctrl Pts',(547.429464177164,-654.789379243141,663.743950362846));
#6086=CARTESIAN_POINT('Ctrl Pts',(547.360584642066,-654.599036058241,663.532467099511));
#6087=CARTESIAN_POINT('Ctrl Pts',(547.336423295512,-654.536309420987,663.461596168923));
#6088=CARTESIAN_POINT('Ctrl Pts',(547.285748539109,-654.412321418973,663.319092836877));
#6089=CARTESIAN_POINT('Ctrl Pts',(547.230470952789,-654.291304097798,663.175051211259));
#6090=CARTESIAN_POINT('Ctrl Pts',(547.201706789861,-654.231548083181,663.102642018218));
#6091=CARTESIAN_POINT('Ctrl Pts',(547.112113390043,-654.054562785072,662.884239637343));
#6092=CARTESIAN_POINT('Ctrl Pts',(547.012835586393,-653.884488540204,662.662289676977));
#6093=CARTESIAN_POINT('Ctrl Pts',(546.942540469897,-653.774233014417,662.512725708895));
#6094=CARTESIAN_POINT('Ctrl Pts',(546.79409501909,-653.560046011693,662.210381885926));
#6095=CARTESIAN_POINT('Ctrl Pts',(546.630625571652,-653.358583738126,661.901595798919));
#6096=CARTESIAN_POINT('Ctrl Pts',(546.5453064788,-653.261052884524,661.745589557372));
#6097=CARTESIAN_POINT('Ctrl Pts',(546.412192775902,-653.119562170549,661.509168622534));
#6098=CARTESIAN_POINT('Ctrl Pts',(546.271718460335,-652.985260639533,661.269155087926));
#6099=CARTESIAN_POINT('Ctrl Pts',(546.22409484114,-652.941291193834,661.188752772894));
#6100=CARTESIAN_POINT('Ctrl Pts',(546.127286780081,-652.85494412922,661.027155965968));
#6101=CARTESIAN_POINT('Ctrl Pts',(546.027428718826,-652.771770845188,660.863982694326));
#6102=CARTESIAN_POINT('Ctrl Pts',(545.976755098973,-652.730975179815,660.782003914962));
#6103=CARTESIAN_POINT('Ctrl Pts',(545.925354275794,-652.690967372259,660.699635221449));
#6104=CARTESIAN_POINT('Ctrl Pts',(545.873243133953,-652.651743746539,660.61687902814));
#6105=CARTESIAN_POINT('',(536.258335113525,-646.,674.128781881835));
#6106=CARTESIAN_POINT('',(536.258335113525,-646.,674.128781881835));
#6107=CARTESIAN_POINT('',(546.2583351732,-656.,667.634702383882));
#6108=CARTESIAN_POINT('Ctrl Pts',(546.258335113525,-656.,667.634702291991));
#6109=CARTESIAN_POINT('Ctrl Pts',(546.258614949851,-655.343647845154,667.63452215725));
#6110=CARTESIAN_POINT('Ctrl Pts',(546.160141037966,-654.356402810957,667.698474510226));
#6111=CARTESIAN_POINT('Ctrl Pts',(545.841553897792,-653.087244889145,667.905359390163));
#6112=CARTESIAN_POINT('Ctrl Pts',(545.509410853234,-652.160729462162,668.121061318732));
#6113=CARTESIAN_POINT('Ctrl Pts',(545.088080453192,-651.271617199316,668.394669737791));
#6114=CARTESIAN_POINT('Ctrl Pts',(544.581778660754,-650.428436603336,668.72347260401));
#6115=CARTESIAN_POINT('Ctrl Pts',(543.995443874917,-649.639270976805,669.104236771885));
#6116=CARTESIAN_POINT('Ctrl Pts',(543.334819577688,-648.911626108795,669.533259492415));
#6117=CARTESIAN_POINT('Ctrl Pts',(542.606293164021,-648.252422185131,670.006367039711));
#6118=CARTESIAN_POINT('Ctrl Pts',(541.81690503776,-647.6679091397,670.519001227106));
#6119=CARTESIAN_POINT('Ctrl Pts',(540.974251527745,-647.163627550568,671.066229731327));
#6120=CARTESIAN_POINT('Ctrl Pts',(540.086422516042,-646.744353305756,671.642788636727));
#6121=CARTESIAN_POINT('Ctrl Pts',(539.161941270096,-646.414055265708,672.243160449216));
#6122=CARTESIAN_POINT('Ctrl Pts',(537.889235873776,-646.095728855558,673.069648040859));
#6123=CARTESIAN_POINT('Ctrl Pts',(536.911571001146,-646.000017870559,673.704564605029));
#6124=CARTESIAN_POINT('Ctrl Pts',(536.258335113525,-646.,674.128781881835));
#6125=CARTESIAN_POINT('Origin',(544.624420290552,-656.,665.118693999123));
#6126=CARTESIAN_POINT('',(534.625493936068,-642.999999993114,671.613584829881));
#6127=CARTESIAN_POINT('Ctrl Pts',(534.624651701165,-642.999999993446,671.612650217482));
#6128=CARTESIAN_POINT('Ctrl Pts',(535.474321692797,-642.999984033435,671.188211234346));
#6129=CARTESIAN_POINT('Ctrl Pts',(536.74693981332,-643.124905456339,670.552468513432));
#6130=CARTESIAN_POINT('Ctrl Pts',(538.400790386666,-643.538771907774,669.726301310194));
#6131=CARTESIAN_POINT('Ctrl Pts',(539.603074090824,-643.968531501519,669.125705804807));
#6132=CARTESIAN_POINT('Ctrl Pts',(540.75761047569,-644.514037959459,668.548966730659));
#6133=CARTESIAN_POINT('Ctrl Pts',(541.853301249525,-645.170102920493,668.001615534674));
#6134=CARTESIAN_POINT('Ctrl Pts',(542.879613583219,-645.930476780499,667.488928105041));
#6135=CARTESIAN_POINT('Ctrl Pts',(543.826657027221,-646.787912112971,667.015840828666));
#6136=CARTESIAN_POINT('Ctrl Pts',(544.685280062885,-647.734230970169,666.586921260576));
#6137=CARTESIAN_POINT('Ctrl Pts',(545.447170062092,-648.760383196627,666.206321476103));
#6138=CARTESIAN_POINT('Ctrl Pts',(546.10492589759,-649.856539150079,665.877744010616));
#6139=CARTESIAN_POINT('Ctrl Pts',(546.652136464975,-651.012167543789,665.604390587668));
#6140=CARTESIAN_POINT('Ctrl Pts',(547.083420518655,-652.216144266814,665.388942224333));
#6141=CARTESIAN_POINT('Ctrl Pts',(547.497513153634,-653.867212549492,665.182086186034));
#6142=CARTESIAN_POINT('Ctrl Pts',(547.624696314026,-655.147725212431,665.118548125668));
#6143=CARTESIAN_POINT('Ctrl Pts',(547.624416351318,-656.,665.118692007567));
#6144=CARTESIAN_POINT('Ctrl Pts',(521.249351501465,-643.,680.298616506492));
#6145=CARTESIAN_POINT('Ctrl Pts',(521.407979543265,-643.,680.276118762973));
#6146=CARTESIAN_POINT('Ctrl Pts',(521.562816087076,-643.,680.252172461526));
#6147=CARTESIAN_POINT('Ctrl Pts',(521.884197688965,-643.,680.196183037058));
#6148=CARTESIAN_POINT('Ctrl Pts',(522.044653830905,-643.,680.164998047755));
#6149=CARTESIAN_POINT('Ctrl Pts',(522.452895857149,-643.,680.076118920799));
#6150=CARTESIAN_POINT('Ctrl Pts',(522.695308927337,-643.,680.014513865237));
#6151=CARTESIAN_POINT('Ctrl Pts',(523.348705793444,-643.,679.82382807903));
#6152=CARTESIAN_POINT('Ctrl Pts',(523.752018302849,-643.,679.679568893544));
#6153=CARTESIAN_POINT('Ctrl Pts',(526.381977389627,-643.,678.579523714074));
#6154=CARTESIAN_POINT('Ctrl Pts',(527.788417363529,-643.000000000001,677.229872669378));
#6155=CARTESIAN_POINT('Ctrl Pts',(529.965492964208,-643.000000000001,675.092844935705));
#6156=CARTESIAN_POINT('Ctrl Pts',(530.769197280965,-643.,674.286551398317));
#6157=CARTESIAN_POINT('Ctrl Pts',(532.672111697176,-643.,672.776953690758));
#6158=CARTESIAN_POINT('Ctrl Pts',(533.396169675085,-643.,672.389010241433));
#6159=CARTESIAN_POINT('Ctrl Pts',(534.041368074366,-643.,672.040343537382));
#6160=CARTESIAN_POINT('Ctrl Pts',(534.245554165163,-643.,671.929012325477));
#6161=CARTESIAN_POINT('Ctrl Pts',(534.476600145616,-643.,671.759489612298));
#6162=CARTESIAN_POINT('Ctrl Pts',(534.5586102913,-643.,671.693992114317));
#6163=CARTESIAN_POINT('Ctrl Pts',(534.628112019661,-643.,671.616954187898));
#6164=CARTESIAN_POINT('Ctrl Pts',(520.268422699331,-731.255477893078,675.415569363816));
#6165=CARTESIAN_POINT('Ctrl Pts',(520.294132779327,-731.25110722256,675.509235569107));
#6166=CARTESIAN_POINT('Ctrl Pts',(520.319391042463,-731.246137860615,675.602497614569));
#6167=CARTESIAN_POINT('Ctrl Pts',(520.344193692801,-731.240560588316,675.69534713097));
#6168=CARTESIAN_POINT('Ctrl Pts',(520.39288024379,-731.228171972155,675.880204371095));
#6169=CARTESIAN_POINT('Ctrl Pts',(520.439714508608,-731.213279247237,676.063344839539));
#6170=CARTESIAN_POINT('Ctrl Pts',(520.462664872971,-731.2051978662,676.154477584586));
#6171=CARTESIAN_POINT('Ctrl Pts',(520.530104768432,-731.179022095238,676.426538675592));
#6172=CARTESIAN_POINT('Ctrl Pts',(520.593279313752,-731.146973299903,676.694515647261));
#6173=CARTESIAN_POINT('Ctrl Pts',(520.633471743776,-731.122927747719,676.871287196737));
#6174=CARTESIAN_POINT('Ctrl Pts',(520.690834579759,-731.082739883007,677.133531497527));
#6175=CARTESIAN_POINT('Ctrl Pts',(520.743755753334,-731.036232102225,677.391278081999));
#6176=CARTESIAN_POINT('Ctrl Pts',(520.760899685586,-731.020019484716,677.476686743775));
#6177=CARTESIAN_POINT('Ctrl Pts',(520.794189137873,-730.986159102272,677.646476759557));
#6178=CARTESIAN_POINT('Ctrl Pts',(520.825471758577,-730.949399489177,677.814186742037));
#6179=CARTESIAN_POINT('Ctrl Pts',(520.84060885925,-730.930287641967,677.8975153705));
#6180=CARTESIAN_POINT('Ctrl Pts',(520.884500764112,-730.870735220532,678.145904405063));
#6181=CARTESIAN_POINT('Ctrl Pts',(520.923816852866,-730.80447344665,678.389454405092));
#6182=CARTESIAN_POINT('Ctrl Pts',(520.947978193504,-730.757264977395,678.549627260054));
#6183=CARTESIAN_POINT('Ctrl Pts',(520.992180487672,-730.656687076011,678.865516524413));
#6184=CARTESIAN_POINT('Ctrl Pts',(521.028122716744,-730.543652838689,679.172399513914));
#6185=CARTESIAN_POINT('Ctrl Pts',(521.044023823454,-730.48398796894,679.323565827459));
#6186=CARTESIAN_POINT('Ctrl Pts',(521.0716891601,-730.358325729073,679.62132485597));
#6187=CARTESIAN_POINT('Ctrl Pts',(521.091099342549,-730.220043040428,679.909919179006));
#6188=CARTESIAN_POINT('Ctrl Pts',(521.098745117661,-730.147755605749,680.051920468136));
#6189=CARTESIAN_POINT('Ctrl Pts',(521.109931630987,-729.996978828814,680.331334316638));
#6190=CARTESIAN_POINT('Ctrl Pts',(521.112892493741,-729.833635421847,680.601513115255));
#6191=CARTESIAN_POINT('Ctrl Pts',(521.112313110841,-729.748781144319,680.734280096347));
#6192=CARTESIAN_POINT('Ctrl Pts',(521.107004704196,-729.572510045795,680.995108324256));
#6193=CARTESIAN_POINT('Ctrl Pts',(521.093341450743,-729.383179681658,681.24642577954));
#6194=CARTESIAN_POINT('Ctrl Pts',(521.084407164979,-729.285260093632,681.369681783618));
#6195=CARTESIAN_POINT('Ctrl Pts',(521.073359212498,-729.184174893866,681.490517783202));
#6196=CARTESIAN_POINT('Ctrl Pts',(521.060195949682,-729.080026301061,681.608932438543));
#6197=CARTESIAN_POINT('Ctrl Pts',(521.149802443512,-731.269645468868,675.218365384217));
#6198=CARTESIAN_POINT('Ctrl Pts',(521.176104466936,-731.266129071419,675.312891196957));
#6199=CARTESIAN_POINT('Ctrl Pts',(521.201944504683,-731.262003829814,675.407006236516));
#6200=CARTESIAN_POINT('Ctrl Pts',(521.227318244859,-731.257259904704,675.500701052361));
#6201=CARTESIAN_POINT('Ctrl Pts',(521.277124515725,-731.246515200831,675.687231231125));
#6202=CARTESIAN_POINT('Ctrl Pts',(521.325031289663,-731.233218356571,675.872004583091));
#6203=CARTESIAN_POINT('Ctrl Pts',(521.348505533165,-731.225922290882,675.963942572558));
#6204=CARTESIAN_POINT('Ctrl Pts',(521.417478138486,-731.202062743728,676.23838210946));
#6205=CARTESIAN_POINT('Ctrl Pts',(521.482062986954,-731.172205406349,676.508614223722));
#6206=CARTESIAN_POINT('Ctrl Pts',(521.523136220341,-731.149560374407,676.68682423498));
#6207=CARTESIAN_POINT('Ctrl Pts',(521.581723060047,-731.11137512464,676.951112552396));
#6208=CARTESIAN_POINT('Ctrl Pts',(521.635709867859,-731.066709373375,677.210707853977));
#6209=CARTESIAN_POINT('Ctrl Pts',(521.653190717233,-731.051092177501,677.29670967858));
#6210=CARTESIAN_POINT('Ctrl Pts',(521.687115998549,-731.018383844589,677.467637092628));
#6211=CARTESIAN_POINT('Ctrl Pts',(521.718955613876,-730.98269484959,677.636381112632));
#6212=CARTESIAN_POINT('Ctrl Pts',(521.734350797491,-730.964096989314,677.72019954346));
#6213=CARTESIAN_POINT('Ctrl Pts',(521.778953597066,-730.906019227766,677.969972239521));
#6214=CARTESIAN_POINT('Ctrl Pts',(521.818784380925,-730.841017215895,678.214636747022));
#6215=CARTESIAN_POINT('Ctrl Pts',(521.843196212405,-730.794541235577,678.375422408725));
#6216=CARTESIAN_POINT('Ctrl Pts',(521.887703881575,-730.695182016636,678.692256893736));
#6217=CARTESIAN_POINT('Ctrl Pts',(521.923545457757,-730.582731519997,678.999493200462));
#6218=CARTESIAN_POINT('Ctrl Pts',(521.939291005587,-730.523164923545,679.150680395651));
#6219=CARTESIAN_POINT('Ctrl Pts',(521.966430770972,-730.397189355843,679.448159063434));
#6220=CARTESIAN_POINT('Ctrl Pts',(521.984889861348,-730.257194822083,679.735824296716));
#6221=CARTESIAN_POINT('Ctrl Pts',(521.991954355118,-730.183610143828,679.87719748192));
#6222=CARTESIAN_POINT('Ctrl Pts',(522.001774739782,-730.029106951228,680.155035021193));
#6223=CARTESIAN_POINT('Ctrl Pts',(522.002961149497,-729.859672683094,680.422994221739));
#6224=CARTESIAN_POINT('Ctrl Pts',(522.001392369894,-729.77115014254,680.554490008843));
#6225=CARTESIAN_POINT('Ctrl Pts',(521.993889290614,-729.586512152812,680.812440421989));
#6226=CARTESIAN_POINT('Ctrl Pts',(521.977584076981,-729.387258459531,681.06019826956));
#6227=CARTESIAN_POINT('Ctrl Pts',(521.967213031548,-729.284113551999,681.181501157381));
#6228=CARTESIAN_POINT('Ctrl Pts',(521.954611555093,-729.177640988747,681.300212350255));
#6229=CARTESIAN_POINT('Ctrl Pts',(521.939780311135,-729.067998531711,681.416336572395));
#6230=CARTESIAN_POINT('Ctrl Pts',(522.026961748864,-731.264699794704,675.014389323786));
#6231=CARTESIAN_POINT('Ctrl Pts',(522.053913465994,-731.261945956541,675.109859057408));
#6232=CARTESIAN_POINT('Ctrl Pts',(522.080394421746,-731.258572324733,675.20491440723));
#6233=CARTESIAN_POINT('Ctrl Pts',(522.106399770592,-731.254568507355,675.299544764197));
#6234=CARTESIAN_POINT('Ctrl Pts',(522.157449493997,-731.245279979295,675.487934026198));
#6235=CARTESIAN_POINT('Ctrl Pts',(522.206557737399,-731.233389355361,675.674537269245));
#6236=CARTESIAN_POINT('Ctrl Pts',(522.230621606536,-731.226783441986,675.767381607748));
#6237=CARTESIAN_POINT('Ctrl Pts',(522.301327800535,-731.204954217238,676.044510302296));
#6238=CARTESIAN_POINT('Ctrl Pts',(522.367534130334,-731.1770035971,676.317329044508));
#6239=CARTESIAN_POINT('Ctrl Pts',(522.409632978571,-731.155571929068,676.497206476076));
#6240=CARTESIAN_POINT('Ctrl Pts',(522.469665889632,-731.119117336075,676.763891768327));
#6241=CARTESIAN_POINT('Ctrl Pts',(522.524945027771,-731.076047752375,677.025698212531));
#6242=CARTESIAN_POINT('Ctrl Pts',(522.542838726578,-731.060947645591,677.112414792621));
#6243=CARTESIAN_POINT('Ctrl Pts',(522.577552091983,-731.029243719212,677.284723757286));
#6244=CARTESIAN_POINT('Ctrl Pts',(522.610100922459,-730.994500311879,677.454746529008));
#6245=CARTESIAN_POINT('Ctrl Pts',(522.625830086684,-730.976360718045,677.539176916531));
#6246=CARTESIAN_POINT('Ctrl Pts',(522.671370128024,-730.919615038679,677.790697972294));
#6247=CARTESIAN_POINT('Ctrl Pts',(522.711935403296,-730.855819564324,678.036832407621));
#6248=CARTESIAN_POINT('Ctrl Pts',(522.736739117083,-730.810093431991,678.19846015427));
#6249=CARTESIAN_POINT('Ctrl Pts',(522.781818760429,-730.71213778755,678.516674189926));
#6250=CARTESIAN_POINT('Ctrl Pts',(522.817777890449,-730.600823504758,678.824625370355));
#6251=CARTESIAN_POINT('Ctrl Pts',(522.833460957727,-730.541737009603,678.97599001663));
#6252=CARTESIAN_POINT('Ctrl Pts',(522.860218680641,-730.416453018327,679.273437054889));
#6253=CARTESIAN_POINT('Ctrl Pts',(522.877766541117,-730.275777009905,679.560256415582));
#6254=CARTESIAN_POINT('Ctrl Pts',(522.884239105808,-730.201321417781,679.700992806728));
#6255=CARTESIAN_POINT('Ctrl Pts',(522.892605050066,-730.043070343552,679.977114554566));
#6256=CARTESIAN_POINT('Ctrl Pts',(522.891795785069,-729.865704779294,680.24247163541));
#6257=CARTESIAN_POINT('Ctrl Pts',(522.889094105908,-729.772124226067,680.372444636584));
#6258=CARTESIAN_POINT('Ctrl Pts',(522.879045413839,-729.576162840784,680.626910670616));
#6259=CARTESIAN_POINT('Ctrl Pts',(522.859629093032,-729.364223393044,680.870321890274));
#6260=CARTESIAN_POINT('Ctrl Pts',(522.847559673293,-729.25467260118,680.989240033264));
#6261=CARTESIAN_POINT('Ctrl Pts',(522.833120905287,-729.141816124912,681.105364357426));
#6262=CARTESIAN_POINT('Ctrl Pts',(522.816320148835,-729.025841685153,681.21871248074));
#6263=CARTESIAN_POINT('Ctrl Pts',(522.89800528514,-731.233156238287,674.800663677447));
#6264=CARTESIAN_POINT('Ctrl Pts',(522.925653192694,-731.230846687667,674.89713936472));
#6265=CARTESIAN_POINT('Ctrl Pts',(522.952823709718,-731.227894346942,674.993201198939));
#6266=CARTESIAN_POINT('Ctrl Pts',(522.979511500976,-731.224287332794,675.088837393601));
#6267=CARTESIAN_POINT('Ctrl Pts',(523.031910798761,-731.215740256845,675.279234504112));
#6268=CARTESIAN_POINT('Ctrl Pts',(523.082335652937,-731.204479793946,675.467832523336));
#6269=CARTESIAN_POINT('Ctrl Pts',(523.107049000912,-731.198159391452,675.561669627245));
#6270=CARTESIAN_POINT('Ctrl Pts',(523.179675246869,-731.177092283898,675.841758422574));
#6271=CARTESIAN_POINT('Ctrl Pts',(523.247710301985,-731.149601148174,676.117468930839));
#6272=CARTESIAN_POINT('Ctrl Pts',(523.290982224338,-731.128324010363,676.299231614413));
#6273=CARTESIAN_POINT('Ctrl Pts',(523.352696178486,-731.091841901364,676.568660526124));
#6274=CARTESIAN_POINT('Ctrl Pts',(523.409522460791,-731.048287650721,676.833050816278));
#6275=CARTESIAN_POINT('Ctrl Pts',(523.427916105142,-731.03297140127,676.920609070842));
#6276=CARTESIAN_POINT('Ctrl Pts',(523.463595937095,-731.000717235371,677.094558302259));
#6277=CARTESIAN_POINT('Ctrl Pts',(523.497040398934,-730.965167016062,677.266127130603));
#6278=CARTESIAN_POINT('Ctrl Pts',(523.513198673316,-730.946554715082,677.35130498233));
#6279=CARTESIAN_POINT('Ctrl Pts',(523.559966779548,-730.888165131389,677.604985470683));
#6280=CARTESIAN_POINT('Ctrl Pts',(523.601572329925,-730.82198795293,677.85301092795));
#6281=CARTESIAN_POINT('Ctrl Pts',(523.62697717761,-730.774294261616,678.015762679465));
#6282=CARTESIAN_POINT('Ctrl Pts',(523.673054913858,-730.671497265746,678.335914236425));
#6283=CARTESIAN_POINT('Ctrl Pts',(523.709556560383,-730.553364955235,678.645100158973));
#6284=CARTESIAN_POINT('Ctrl Pts',(523.725385153978,-730.490337002851,678.79688598372));
#6285=CARTESIAN_POINT('Ctrl Pts',(523.752154038055,-730.356108572594,679.094738196638));
#6286=CARTESIAN_POINT('Ctrl Pts',(523.769072033547,-730.205306048574,679.380979057387));
#6287=CARTESIAN_POINT('Ctrl Pts',(523.775050015311,-730.125701846437,679.521154030525));
#6288=CARTESIAN_POINT('Ctrl Pts',(523.782008137605,-729.958119354689,679.795535310039));
#6289=CARTESIAN_POINT('Ctrl Pts',(523.778899624114,-729.773888334237,680.057830512889));
#6290=CARTESIAN_POINT('Ctrl Pts',(523.774810691974,-729.677632779942,680.185918651084));
#6291=CARTESIAN_POINT('Ctrl Pts',(523.761544776161,-729.476956719849,680.435940891114));
#6292=CARTESIAN_POINT('Ctrl Pts',(523.73813915955,-729.260474435116,680.673739790085));
#6293=CARTESIAN_POINT('Ctrl Pts',(523.723910206814,-729.148408202893,680.789603726455));
#6294=CARTESIAN_POINT('Ctrl Pts',(523.707170791812,-729.032690407926,680.902466649555));
#6295=CARTESIAN_POINT('Ctrl Pts',(523.687938644083,-728.913519334526,681.012364499023));
#6296=CARTESIAN_POINT('Ctrl Pts',(524.620663738288,-731.11058647532,674.342774163339));
#6297=CARTESIAN_POINT('Ctrl Pts',(524.649655004739,-731.108350120754,674.441156595067));
#6298=CARTESIAN_POINT('Ctrl Pts',(524.678157468438,-731.105400936366,674.539130917147));
#6299=CARTESIAN_POINT('Ctrl Pts',(524.706164855744,-731.101723631422,674.636682871264));
#6300=CARTESIAN_POINT('Ctrl Pts',(524.761176534426,-731.092882310734,674.830912672629));
#6301=CARTESIAN_POINT('Ctrl Pts',(524.814155397684,-731.081007078089,675.023334108986));
#6302=CARTESIAN_POINT('Ctrl Pts',(524.840129969834,-731.07429586074,675.11907769855));
#6303=CARTESIAN_POINT('Ctrl Pts',(524.916488588025,-731.051796372399,675.40486091284));
#6304=CARTESIAN_POINT('Ctrl Pts',(524.988088887887,-731.022065664945,675.686160584209));
#6305=CARTESIAN_POINT('Ctrl Pts',(525.03365160064,-730.998912482198,675.871575796494));
#6306=CARTESIAN_POINT('Ctrl Pts',(525.098651466545,-730.959008926479,676.146327554827));
#6307=CARTESIAN_POINT('Ctrl Pts',(525.158499509308,-730.911091341095,676.415729267278));
#6308=CARTESIAN_POINT('Ctrl Pts',(525.177868904284,-730.894214294762,676.504919086451));
#6309=CARTESIAN_POINT('Ctrl Pts',(525.215432539918,-730.858623518425,676.682044502956));
#6310=CARTESIAN_POINT('Ctrl Pts',(525.250615148883,-730.819305580714,676.856596253626));
#6311=CARTESIAN_POINT('Ctrl Pts',(525.267603517359,-730.798701376671,676.943212407059));
#6312=CARTESIAN_POINT('Ctrl Pts',(525.316736611665,-730.734013844144,677.201032946328));
#6313=CARTESIAN_POINT('Ctrl Pts',(525.360303987029,-730.660589444968,677.452624959618));
#6314=CARTESIAN_POINT('Ctrl Pts',(525.386813345453,-730.607657050896,677.617456108057));
#6315=CARTESIAN_POINT('Ctrl Pts',(525.43463649438,-730.493648197793,677.941072252547));
#6316=CARTESIAN_POINT('Ctrl Pts',(525.471827821146,-730.363071927559,678.252119832362));
#6317=CARTESIAN_POINT('Ctrl Pts',(525.487705625901,-730.293571179912,678.404382863019));
#6318=CARTESIAN_POINT('Ctrl Pts',(525.513908018396,-730.146047443605,678.70216126297));
#6319=CARTESIAN_POINT('Ctrl Pts',(525.528814439251,-729.981270845675,678.986084296243));
#6320=CARTESIAN_POINT('Ctrl Pts',(525.533395904188,-729.894521345504,679.124491355781));
#6321=CARTESIAN_POINT('Ctrl Pts',(525.536751424206,-729.712141224829,679.394076491694));
#6322=CARTESIAN_POINT('Ctrl Pts',(525.528452057552,-729.511957055254,679.649137022581));
#6323=CARTESIAN_POINT('Ctrl Pts',(525.521378639,-729.40740074914,679.773019393425));
#6324=CARTESIAN_POINT('Ctrl Pts',(525.501389682605,-729.189592251587,680.013509849135));
#6325=CARTESIAN_POINT('Ctrl Pts',(525.469732889422,-728.95523774534,680.239504774078));
#6326=CARTESIAN_POINT('Ctrl Pts',(525.450991905963,-728.834132963653,680.348892109831));
#6327=CARTESIAN_POINT('Ctrl Pts',(525.429355997871,-728.709353978387,680.454706419029));
#6328=CARTESIAN_POINT('Ctrl Pts',(525.404875554347,-728.581134474349,680.557042905934));
#6329=CARTESIAN_POINT('Ctrl Pts',(526.296508404415,-730.895924429365,673.814268440053));
#6330=CARTESIAN_POINT('Ctrl Pts',(526.3264752767,-730.892735442543,673.913955994858));
#6331=CARTESIAN_POINT('Ctrl Pts',(526.35593944016,-730.888728482536,674.013242588111));
#6332=CARTESIAN_POINT('Ctrl Pts',(526.384893749792,-730.883883204467,674.112110777036));
#6333=CARTESIAN_POINT('Ctrl Pts',(526.441767668988,-730.872475923867,674.308973971086));
#6334=CARTESIAN_POINT('Ctrl Pts',(526.496540807838,-730.85755733273,674.504015532837));
#6335=CARTESIAN_POINT('Ctrl Pts',(526.523394337628,-730.849200744113,674.601062090433));
#6336=CARTESIAN_POINT('Ctrl Pts',(526.602331227854,-730.821382443333,674.890720763902));
#6337=CARTESIAN_POINT('Ctrl Pts',(526.67632029786,-730.785156292657,675.175757108117));
#6338=CARTESIAN_POINT('Ctrl Pts',(526.723379132965,-730.757124440783,675.363567578755));
#6339=CARTESIAN_POINT('Ctrl Pts',(526.790456240742,-730.709059571592,675.641711919021));
#6340=CARTESIAN_POINT('Ctrl Pts',(526.852091921096,-730.651724384638,675.914117950174));
#6341=CARTESIAN_POINT('Ctrl Pts',(526.872022840966,-730.631569018829,676.004261190773));
#6342=CARTESIAN_POINT('Ctrl Pts',(526.910636155441,-730.589146483644,676.183187491372));
#6343=CARTESIAN_POINT('Ctrl Pts',(526.946711841436,-730.54245716308,676.35930830455));
#6344=CARTESIAN_POINT('Ctrl Pts',(526.964105133476,-730.518035007641,676.446646057895));
#6345=CARTESIAN_POINT('Ctrl Pts',(527.01432035789,-730.441508082366,676.706427630126));
#6346=CARTESIAN_POINT('Ctrl Pts',(527.058547672125,-730.355129183739,676.959324963057));
#6347=CARTESIAN_POINT('Ctrl Pts',(527.085287759674,-730.293101719523,677.12469536627));
#6348=CARTESIAN_POINT('Ctrl Pts',(527.133107804413,-730.160086264304,677.448651379851));
#6349=CARTESIAN_POINT('Ctrl Pts',(527.169273881922,-730.009065004793,677.758418314992));
#6350=CARTESIAN_POINT('Ctrl Pts',(527.18435999691,-729.92903264907,677.909599606286));
#6351=CARTESIAN_POINT('Ctrl Pts',(527.208375565761,-729.759908295575,678.20426766459));
#6352=CARTESIAN_POINT('Ctrl Pts',(527.219772361339,-729.572754482011,678.483022391525));
#6353=CARTESIAN_POINT('Ctrl Pts',(527.222240339551,-729.474691363574,678.618291386545));
#6354=CARTESIAN_POINT('Ctrl Pts',(527.220567245887,-729.269733362664,678.880369706965));
#6355=CARTESIAN_POINT('Ctrl Pts',(527.205469602383,-729.047610087827,679.125214807707));
#6356=CARTESIAN_POINT('Ctrl Pts',(527.194513602502,-728.932382629043,679.243251827705));
#6357=CARTESIAN_POINT('Ctrl Pts',(527.165737709744,-728.693876733894,679.47049381249));
#6358=CARTESIAN_POINT('Ctrl Pts',(527.123369386923,-728.439984603975,679.68036110612));
#6359=CARTESIAN_POINT('Ctrl Pts',(527.098819837942,-728.309371019758,679.781021569449));
#6360=CARTESIAN_POINT('Ctrl Pts',(527.071000129656,-728.17534125278,679.877593277969));
#6361=CARTESIAN_POINT('Ctrl Pts',(527.040017706886,-728.03815800707,679.970279224802));
#6362=CARTESIAN_POINT('Ctrl Pts',(527.120677268695,-730.771619428459,673.529774707506));
#6363=CARTESIAN_POINT('Ctrl Pts',(527.150971342551,-730.767822821841,673.629862564848));
#6364=CARTESIAN_POINT('Ctrl Pts',(527.180753687566,-730.763148988108,673.729551789733));
#6365=CARTESIAN_POINT('Ctrl Pts',(527.210016798584,-730.75757428668,673.828823158654));
#6366=CARTESIAN_POINT('Ctrl Pts',(527.267488691954,-730.744576637045,674.026489866807));
#6367=CARTESIAN_POINT('Ctrl Pts',(527.322818506669,-730.72779271851,674.222320787325));
#6368=CARTESIAN_POINT('Ctrl Pts',(527.349939539845,-730.718431748646,674.319756370416));
#6369=CARTESIAN_POINT('Ctrl Pts',(527.42964467793,-730.687376922601,674.610558381323));
#6370=CARTESIAN_POINT('Ctrl Pts',(527.504293312687,-730.647223004381,674.89664586213));
#6371=CARTESIAN_POINT('Ctrl Pts',(527.551738315385,-730.616246631513,675.085097452451));
#6372=CARTESIAN_POINT('Ctrl Pts',(527.619304851984,-730.563257660259,675.364084401431));
#6373=CARTESIAN_POINT('Ctrl Pts',(527.681279642868,-730.500234305357,675.637113293277));
#6374=CARTESIAN_POINT('Ctrl Pts',(527.701306030899,-730.478097810409,675.727437448199));
#6375=CARTESIAN_POINT('Ctrl Pts',(527.740073339759,-730.431543844966,675.906667764707));
#6376=CARTESIAN_POINT('Ctrl Pts',(527.776225368109,-730.38038966801,676.082968586339));
#6377=CARTESIAN_POINT('Ctrl Pts',(527.793636474845,-730.353652957277,676.17036324328));
#6378=CARTESIAN_POINT('Ctrl Pts',(527.843841129832,-730.269941889506,676.430210252872));
#6379=CARTESIAN_POINT('Ctrl Pts',(527.887856234217,-730.175682475656,676.682839516982));
#6380=CARTESIAN_POINT('Ctrl Pts',(527.914356652032,-730.108114085943,676.847867158796));
#6381=CARTESIAN_POINT('Ctrl Pts',(527.961481413763,-729.963513130061,677.170779486333));
#6382=CARTESIAN_POINT('Ctrl Pts',(527.996460414315,-729.800106235001,677.478697391203));
#6383=CARTESIAN_POINT('Ctrl Pts',(528.010815534521,-729.713731771953,677.62873138801));
#6384=CARTESIAN_POINT('Ctrl Pts',(528.033049520917,-729.531768361296,677.920592451947));
#6385=CARTESIAN_POINT('Ctrl Pts',(528.04193516376,-729.331731047404,678.195380622595));
#6386=CARTESIAN_POINT('Ctrl Pts',(528.042943483429,-729.227283286259,678.328344563457));
#6387=CARTESIAN_POINT('Ctrl Pts',(528.037901935294,-729.009752597779,678.585108189603));
#6388=CARTESIAN_POINT('Ctrl Pts',(528.018652946158,-728.775523513125,678.823469848539));
#6389=CARTESIAN_POINT('Ctrl Pts',(528.00544523907,-728.654374827451,678.938015691364));
#6390=CARTESIAN_POINT('Ctrl Pts',(527.972048185501,-728.404392783973,679.158230461578));
#6391=CARTESIAN_POINT('Ctrl Pts',(527.924815670508,-728.139879576585,679.360995014321));
#6392=CARTESIAN_POINT('Ctrl Pts',(527.897777155711,-728.004200930022,679.458099568654));
#6393=CARTESIAN_POINT('Ctrl Pts',(527.867158854259,-727.865268478299,679.550638246089));
#6394=CARTESIAN_POINT('Ctrl Pts',(527.833034685822,-727.723343928191,679.638752397138));
#6395=CARTESIAN_POINT('Ctrl Pts',(528.742832699384,-730.516919683718,672.925107529981));
#6396=CARTESIAN_POINT('Ctrl Pts',(528.773390366929,-730.512215069746,673.025438427901));
#6397=CARTESIAN_POINT('Ctrl Pts',(528.803409868517,-730.506503691579,673.125366084079));
#6398=CARTESIAN_POINT('Ctrl Pts',(528.832882389526,-730.499752504242,673.224865581235));
#6399=CARTESIAN_POINT('Ctrl Pts',(528.890714423765,-730.484105605864,673.422955270914));
#6400=CARTESIAN_POINT('Ctrl Pts',(528.946279635125,-730.464045357399,673.619115467032));
#6401=CARTESIAN_POINT('Ctrl Pts',(528.973485335521,-730.452880819611,673.716685474914));
#6402=CARTESIAN_POINT('Ctrl Pts',(529.05333908653,-730.415894880227,674.007778399506));
#6403=CARTESIAN_POINT('Ctrl Pts',(529.127799663394,-730.368184091724,674.293752802238));
#6404=CARTESIAN_POINT('Ctrl Pts',(529.17495148973,-730.331389871509,674.481890068841));
#6405=CARTESIAN_POINT('Ctrl Pts',(529.241794657796,-730.268439757184,674.759952853226));
#6406=CARTESIAN_POINT('Ctrl Pts',(529.302575845256,-730.193561204025,675.031255873595));
#6407=CARTESIAN_POINT('Ctrl Pts',(529.322149633831,-730.167260162861,675.120908855122));
#6408=CARTESIAN_POINT('Ctrl Pts',(529.359897507424,-730.111949760502,675.298592534903));
#6409=CARTESIAN_POINT('Ctrl Pts',(529.394793332707,-730.051188154546,675.472917221071));
#6410=CARTESIAN_POINT('Ctrl Pts',(529.411515074291,-730.019435903965,675.559211208695));
#6411=CARTESIAN_POINT('Ctrl Pts',(529.459462564957,-729.920050864992,675.815405823311));
#6412=CARTESIAN_POINT('Ctrl Pts',(529.500642793334,-729.808277959011,676.06330826241));
#6413=CARTESIAN_POINT('Ctrl Pts',(529.524987183484,-729.728254038376,676.224686399742));
#6414=CARTESIAN_POINT('Ctrl Pts',(529.567268209694,-729.557323247591,676.539314131076));
#6415=CARTESIAN_POINT('Ctrl Pts',(529.596421242027,-729.365175907854,676.83717862305));
#6416=CARTESIAN_POINT('Ctrl Pts',(529.607636691037,-729.263934673733,676.981791569901));
#6417=CARTESIAN_POINT('Ctrl Pts',(529.623228961142,-729.051533478128,677.262232379501));
#6418=CARTESIAN_POINT('Ctrl Pts',(529.624942132593,-728.820332527185,677.52490496742));
#6419=CARTESIAN_POINT('Ctrl Pts',(529.622274170394,-728.700288876813,677.651741418782));
#6420=CARTESIAN_POINT('Ctrl Pts',(529.609817538662,-728.451946065835,677.896388897987));
#6421=CARTESIAN_POINT('Ctrl Pts',(529.582434118771,-728.188184454715,678.121905141805));
#6422=CARTESIAN_POINT('Ctrl Pts',(529.564870436422,-728.052735724583,678.229668986505));
#6423=CARTESIAN_POINT('Ctrl Pts',(529.521054523192,-727.775001388268,678.433527341314));
#6424=CARTESIAN_POINT('Ctrl Pts',(529.459061612445,-727.484422627907,678.612677689751));
#6425=CARTESIAN_POINT('Ctrl Pts',(529.42329634952,-727.336117426029,678.695687261994));
#6426=CARTESIAN_POINT('Ctrl Pts',(529.383386662529,-727.185338745971,678.77333053616));
#6427=CARTESIAN_POINT('Ctrl Pts',(529.339895338395,-727.032517092846,678.846671675432));
#6428=CARTESIAN_POINT('Ctrl Pts',(530.33410959115,-730.29169025042,672.287293922298));
#6429=CARTESIAN_POINT('Ctrl Pts',(530.36441884532,-730.28772500833,672.387344312046));
#6430=CARTESIAN_POINT('Ctrl Pts',(530.394161861446,-730.282641774883,672.487020816861));
#6431=CARTESIAN_POINT('Ctrl Pts',(530.423329742706,-730.276386672089,672.586290974974));
#6432=CARTESIAN_POINT('Ctrl Pts',(530.480494507082,-730.261423084191,672.78394568653));
#6433=CARTESIAN_POINT('Ctrl Pts',(530.535269016262,-730.241338230454,672.979668896013));
#6434=CARTESIAN_POINT('Ctrl Pts',(530.562046649768,-730.229961872277,673.077007571012));
#6435=CARTESIAN_POINT('Ctrl Pts',(530.640509394612,-730.191673843722,673.367323793251));
#6436=CARTESIAN_POINT('Ctrl Pts',(530.71322236178,-730.140470685048,673.652123580128));
#6437=CARTESIAN_POINT('Ctrl Pts',(530.7590187168,-730.100205030385,673.839168087253));
#6438=CARTESIAN_POINT('Ctrl Pts',(530.823466363171,-730.03011960268,674.114880424041));
#6439=CARTESIAN_POINT('Ctrl Pts',(530.881165979916,-729.945053092709,674.382396121465));
#6440=CARTESIAN_POINT('Ctrl Pts',(530.899628458538,-729.915007881731,674.470606481348));
#6441=CARTESIAN_POINT('Ctrl Pts',(530.934968302027,-729.851503318293,674.645003671988));
#6442=CARTESIAN_POINT('Ctrl Pts',(530.967049998787,-729.781135261786,674.81516221416));
#6443=CARTESIAN_POINT('Ctrl Pts',(530.982254332334,-729.744226526276,674.899133916495));
#6444=CARTESIAN_POINT('Ctrl Pts',(531.025291439519,-729.628325358211,675.147589642437));
#6445=CARTESIAN_POINT('Ctrl Pts',(531.060407637891,-729.496972205304,675.385291626142));
#6446=CARTESIAN_POINT('Ctrl Pts',(531.080126040728,-729.402600023185,675.53864557663));
#6447=CARTESIAN_POINT('Ctrl Pts',(531.111857217188,-729.200649441794,675.834585206727));
#6448=CARTESIAN_POINT('Ctrl Pts',(531.127655063158,-728.973478187504,676.108248766524));
#6449=CARTESIAN_POINT('Ctrl Pts',(531.131440017962,-728.853885224131,676.239326195979));
#6450=CARTESIAN_POINT('Ctrl Pts',(531.130576541139,-728.603467332271,676.489762549582));
#6451=CARTESIAN_POINT('Ctrl Pts',(531.112584823314,-728.332351754538,676.716652959538));
#6452=CARTESIAN_POINT('Ctrl Pts',(531.099246403353,-728.192064084269,676.824193762824));
#6453=CARTESIAN_POINT('Ctrl Pts',(531.063794192429,-727.902997556001,677.027501855955));
#6454=CARTESIAN_POINT('Ctrl Pts',(531.011240450563,-727.599217987378,677.208483436307));
#6455=CARTESIAN_POINT('Ctrl Pts',(530.98077700675,-727.444201365154,677.293653153929));
#6456=CARTESIAN_POINT('Ctrl Pts',(530.912326851453,-727.12940767805,677.455126256176));
#6457=CARTESIAN_POINT('Ctrl Pts',(530.830851937588,-726.807856153076,677.602920904838));
#6458=CARTESIAN_POINT('Ctrl Pts',(530.787379683501,-726.646098063461,677.674443297088));
#6459=CARTESIAN_POINT('Ctrl Pts',(530.741238272803,-726.483632885715,677.743737650355));
#6460=CARTESIAN_POINT('Ctrl Pts',(530.69234266182,-726.320451398865,677.810629077633));
#6461=CARTESIAN_POINT('Ctrl Pts',(531.127372411022,-730.197994024105,671.970171767458));
#6462=CARTESIAN_POINT('Ctrl Pts',(531.157546143453,-730.19494887086,672.070125192613));
#6463=CARTESIAN_POINT('Ctrl Pts',(531.187138075525,-730.190723028319,672.169723851259));
#6464=CARTESIAN_POINT('Ctrl Pts',(531.216138369218,-730.185258981076,672.268932885459));
#6465=CARTESIAN_POINT('Ctrl Pts',(531.272933666639,-730.171746822226,672.466497464638));
#6466=CARTESIAN_POINT('Ctrl Pts',(531.327270774975,-730.152805328321,672.662177791872));
#6467=CARTESIAN_POINT('Ctrl Pts',(531.353812814536,-730.141912799219,672.759502767553));
#6468=CARTESIAN_POINT('Ctrl Pts',(531.431521006475,-730.104729389082,673.049774081563));
#6469=CARTESIAN_POINT('Ctrl Pts',(531.50333505065,-730.053298776117,673.334400338605));
#6470=CARTESIAN_POINT('Ctrl Pts',(531.548471688191,-730.011988196498,673.521161203862));
#6471=CARTESIAN_POINT('Ctrl Pts',(531.611771241124,-729.938942691472,673.796030113059));
#6472=CARTESIAN_POINT('Ctrl Pts',(531.667952577488,-729.849250592138,674.061939853852));
#6473=CARTESIAN_POINT('Ctrl Pts',(531.685860939215,-729.817497091116,674.149521739356));
#6474=CARTESIAN_POINT('Ctrl Pts',(531.719984665619,-729.750272709344,674.322459038182));
#6475=CARTESIAN_POINT('Ctrl Pts',(531.750619678416,-729.675584102097,674.490715756996));
#6476=CARTESIAN_POINT('Ctrl Pts',(531.765039240754,-729.636367035607,674.57361713188));
#6477=CARTESIAN_POINT('Ctrl Pts',(531.805532036914,-729.513070779435,674.818475931215));
#6478=CARTESIAN_POINT('Ctrl Pts',(531.837518919311,-729.372856176524,675.051352977359));
#6479=CARTESIAN_POINT('Ctrl Pts',(531.854879962683,-729.271864682969,675.200883144676));
#6480=CARTESIAN_POINT('Ctrl Pts',(531.881312726394,-729.055339690257,675.487872729282));
#6481=CARTESIAN_POINT('Ctrl Pts',(531.890633467011,-728.811486709164,675.750061564922));
#6482=CARTESIAN_POINT('Ctrl Pts',(531.890882356249,-728.683161562259,675.874788507522));
#6483=CARTESIAN_POINT('Ctrl Pts',(531.882420052729,-728.414873579902,676.111521301754));
#6484=CARTESIAN_POINT('Ctrl Pts',(531.856140796112,-728.125745761626,676.323584925628));
#6485=CARTESIAN_POINT('Ctrl Pts',(531.838570753651,-727.97658250336,676.423639389182));
#6486=CARTESIAN_POINT('Ctrl Pts',(531.794791819384,-727.670350071551,676.612503525401));
#6487=CARTESIAN_POINT('Ctrl Pts',(531.734417759399,-727.350755930579,676.780615898755));
#6488=CARTESIAN_POINT('Ctrl Pts',(531.700251600153,-727.188231011566,676.85991771563));
#6489=CARTESIAN_POINT('Ctrl Pts',(531.624422947956,-726.85888396335,677.010054703219));
#6490=CARTESIAN_POINT('Ctrl Pts',(531.534519842721,-726.522814961015,677.145206795418));
#6491=CARTESIAN_POINT('Ctrl Pts',(531.486280129216,-726.353570264455,677.20952558689));
#6492=CARTESIAN_POINT('Ctrl Pts',(531.434971653453,-726.183465349499,677.271022907449));
#6493=CARTESIAN_POINT('Ctrl Pts',(531.380769180453,-726.012722752727,677.330018543342));
#6494=CARTESIAN_POINT('Ctrl Pts',(532.325897918301,-730.08757749725,671.513390761836));
#6495=CARTESIAN_POINT('Ctrl Pts',(532.355714501607,-730.087697463782,671.613388890946));
#6496=CARTESIAN_POINT('Ctrl Pts',(532.384965900102,-730.086663163478,671.713205279151));
#6497=CARTESIAN_POINT('Ctrl Pts',(532.413652101357,-730.084352837445,671.812799098149));
#6498=CARTESIAN_POINT('Ctrl Pts',(532.469884338598,-730.076913597048,672.011429678985));
#6499=CARTESIAN_POINT('Ctrl Pts',(532.523789614667,-730.063375789889,672.208690483307));
#6500=CARTESIAN_POINT('Ctrl Pts',(532.550148981911,-730.054965808321,672.306914369366));
#6501=CARTESIAN_POINT('Ctrl Pts',(532.627392292523,-730.024529856779,672.60015472911));
#6502=CARTESIAN_POINT('Ctrl Pts',(532.698926113017,-729.977748102227,672.888418606856));
#6503=CARTESIAN_POINT('Ctrl Pts',(532.7438910881,-729.938697511151,673.077785799251));
#6504=CARTESIAN_POINT('Ctrl Pts',(532.806913585112,-729.867167763373,673.3564801444));
#6505=CARTESIAN_POINT('Ctrl Pts',(532.862692406067,-729.774602656747,673.625261443456));
#6506=CARTESIAN_POINT('Ctrl Pts',(532.88044641767,-729.741327078762,673.713650784512));
#6507=CARTESIAN_POINT('Ctrl Pts',(532.914199279993,-729.669818988066,673.887814377321));
#6508=CARTESIAN_POINT('Ctrl Pts',(532.944273152812,-729.588348095739,674.056372783284));
#6509=CARTESIAN_POINT('Ctrl Pts',(532.958348315213,-729.545108613773,674.139156807149));
#6510=CARTESIAN_POINT('Ctrl Pts',(532.997553004966,-729.407968672221,674.382769391721));
#6511=CARTESIAN_POINT('Ctrl Pts',(533.027311885707,-729.249084062372,674.611531889726));
#6512=CARTESIAN_POINT('Ctrl Pts',(533.042608495343,-729.133967565367,674.756874169707));
#6513=CARTESIAN_POINT('Ctrl Pts',(533.063556748957,-728.887002533171,675.032597060817));
#6514=CARTESIAN_POINT('Ctrl Pts',(533.064662234062,-728.609886149472,675.278226872231));
#6515=CARTESIAN_POINT('Ctrl Pts',(533.060112658538,-728.464628562433,675.39347326512));
#6516=CARTESIAN_POINT('Ctrl Pts',(533.040766817427,-728.162487549237,675.609214113367));
#6517=CARTESIAN_POINT('Ctrl Pts',(533.001244298543,-727.840436623191,675.796848897516));
#6518=CARTESIAN_POINT('Ctrl Pts',(532.976517280323,-727.675270289824,675.883988678391));
#6519=CARTESIAN_POINT('Ctrl Pts',(532.917505067013,-727.338227500778,676.045975488643));
#6520=CARTESIAN_POINT('Ctrl Pts',(532.840390648408,-726.990439246352,676.185868960707));
#6521=CARTESIAN_POINT('Ctrl Pts',(532.797560543547,-726.814529138666,676.250913677926));
#6522=CARTESIAN_POINT('Ctrl Pts',(532.703978538664,-726.459778612473,676.372585203168));
#6523=CARTESIAN_POINT('Ctrl Pts',(532.595747723225,-726.100839119915,676.479859825659));
#6524=CARTESIAN_POINT('Ctrl Pts',(532.538270129567,-725.920741584627,676.530511151099));
#6525=CARTESIAN_POINT('Ctrl Pts',(532.477715035954,-725.740305774003,676.578703801264));
#6526=CARTESIAN_POINT('Ctrl Pts',(532.414324327032,-725.559725316066,676.624844336456));
#6527=CARTESIAN_POINT('Ctrl Pts',(533.558309218845,-730.02018159192,671.120335583775));
#6528=CARTESIAN_POINT('Ctrl Pts',(533.587880347362,-730.023261953526,671.21959583419));
#6529=CARTESIAN_POINT('Ctrl Pts',(533.616804949618,-730.025429834341,671.318831000937));
#6530=CARTESIAN_POINT('Ctrl Pts',(533.64510327683,-730.026568740126,671.418048057842));
#6531=CARTESIAN_POINT('Ctrl Pts',(533.700495182975,-730.026446793741,671.616423721397));
#6532=CARTESIAN_POINT('Ctrl Pts',(533.753553125292,-730.020561339107,671.814479354867));
#6533=CARTESIAN_POINT('Ctrl Pts',(533.779517382517,-730.01593950476,671.913377207467));
#6534=CARTESIAN_POINT('Ctrl Pts',(533.855755425488,-729.996102598913,672.209405589271));
#6535=CARTESIAN_POINT('Ctrl Pts',(533.926984146714,-729.955586470214,672.502286298895));
#6536=CARTESIAN_POINT('Ctrl Pts',(533.972221404714,-729.916824843116,672.695113217065));
#6537=CARTESIAN_POINT('Ctrl Pts',(534.036086067761,-729.838450032549,672.978434922584));
#6538=CARTESIAN_POINT('Ctrl Pts',(534.092542558686,-729.730243600968,673.250036356825));
#6539=CARTESIAN_POINT('Ctrl Pts',(534.110461158343,-729.690874185208,673.339108188469));
#6540=CARTESIAN_POINT('Ctrl Pts',(534.144328311555,-729.60571916818,673.51403066952));
#6541=CARTESIAN_POINT('Ctrl Pts',(534.17394035855,-729.508189045876,673.68198593057));
#6542=CARTESIAN_POINT('Ctrl Pts',(534.187603586962,-729.456445617339,673.764090450004));
#6543=CARTESIAN_POINT('Ctrl Pts',(534.224945893396,-729.292689855927,674.004442345302));
#6544=CARTESIAN_POINT('Ctrl Pts',(534.250787615351,-729.104612100435,674.226072403937));
#6545=CARTESIAN_POINT('Ctrl Pts',(534.262406957706,-728.969534212172,674.364761434938));
#6546=CARTESIAN_POINT('Ctrl Pts',(534.273764422515,-728.682426665565,674.623189694344));
#6547=CARTESIAN_POINT('Ctrl Pts',(534.260863085118,-728.366282201363,674.843828246357));
#6548=CARTESIAN_POINT('Ctrl Pts',(534.248220343984,-728.202165441571,674.94471845656));
#6549=CARTESIAN_POINT('Ctrl Pts',(534.21075850337,-727.864208351908,675.128663631845));
#6550=CARTESIAN_POINT('Ctrl Pts',(534.150075669565,-727.510704523968,675.280306813966));
#6551=CARTESIAN_POINT('Ctrl Pts',(534.114208783777,-727.33104648517,675.348888514409));
#6552=CARTESIAN_POINT('Ctrl Pts',(534.032292976697,-726.967457295541,675.473764745723));
#6553=CARTESIAN_POINT('Ctrl Pts',(533.931721723944,-726.597579418469,675.577906241289));
#6554=CARTESIAN_POINT('Ctrl Pts',(533.877202462308,-726.411635417931,675.625762748993));
#6555=CARTESIAN_POINT('Ctrl Pts',(533.760538115427,-726.038490549816,675.714716820228));
#6556=CARTESIAN_POINT('Ctrl Pts',(533.630063630482,-725.663922082866,675.792730746706));
#6557=CARTESIAN_POINT('Ctrl Pts',(533.561736201073,-725.476553513859,675.829651345333));
#6558=CARTESIAN_POINT('Ctrl Pts',(533.490626422997,-725.289270011578,675.864962163073));
#6559=CARTESIAN_POINT('Ctrl Pts',(533.416992459732,-725.102188538532,675.899024354717));
#6560=CARTESIAN_POINT('Ctrl Pts',(533.973806963062,-730.001394215869,670.997686142192));
#6561=CARTESIAN_POINT('Ctrl Pts',(534.003285865022,-730.005017825105,671.09640496505));
#6562=CARTESIAN_POINT('Ctrl Pts',(534.032064014813,-730.007836713592,671.195124952461));
#6563=CARTESIAN_POINT('Ctrl Pts',(534.060166896171,-730.009796325718,671.293889105359));
#6564=CARTESIAN_POINT('Ctrl Pts',(534.115087047793,-730.011903357247,671.491607466955));
#6565=CARTESIAN_POINT('Ctrl Pts',(534.167590136048,-730.0095048042,671.689676280499));
#6566=CARTESIAN_POINT('Ctrl Pts',(534.19327519181,-730.006971741355,671.788794091912));
#6567=CARTESIAN_POINT('Ctrl Pts',(534.268764421221,-729.993867153207,672.086089085199));
#6568=CARTESIAN_POINT('Ctrl Pts',(534.339707680571,-729.958706439019,672.381410648729));
#6569=CARTESIAN_POINT('Ctrl Pts',(534.385171465774,-729.91999222456,672.575712427643));
#6570=CARTESIAN_POINT('Ctrl Pts',(534.449721222654,-729.836292684732,672.860439214638));
#6571=CARTESIAN_POINT('Ctrl Pts',(534.506806630431,-729.718272406514,673.132396368338));
#6572=CARTESIAN_POINT('Ctrl Pts',(534.52489974709,-729.675287469398,673.221467730637));
#6573=CARTESIAN_POINT('Ctrl Pts',(534.558986743237,-729.582552761678,673.39615391694));
#6574=CARTESIAN_POINT('Ctrl Pts',(534.588485402763,-729.47719150815,673.563409372538));
#6575=CARTESIAN_POINT('Ctrl Pts',(534.601989682177,-729.421582869786,673.64505002154));
#6576=CARTESIAN_POINT('Ctrl Pts',(534.63853128408,-729.246490778255,673.883662676127));
#6577=CARTESIAN_POINT('Ctrl Pts',(534.662581697029,-729.047764003459,674.10233658375));
#6578=CARTESIAN_POINT('Ctrl Pts',(534.672549044121,-728.905737015827,674.238313982366));
#6579=CARTESIAN_POINT('Ctrl Pts',(534.679720301307,-728.604666259472,674.489572954981));
#6580=CARTESIAN_POINT('Ctrl Pts',(534.661051640759,-728.275282057873,674.700276809684));
#6581=CARTESIAN_POINT('Ctrl Pts',(534.645172353701,-728.104885044046,674.795647729351));
#6582=CARTESIAN_POINT('Ctrl Pts',(534.600616179688,-727.755281269711,674.967658194037));
#6583=CARTESIAN_POINT('Ctrl Pts',(534.531843458817,-727.392008263369,675.106068630895));
#6584=CARTESIAN_POINT('Ctrl Pts',(534.491740982388,-727.207953281497,675.167825395462));
#6585=CARTESIAN_POINT('Ctrl Pts',(534.401187208569,-726.836487214884,675.27911777272));
#6586=CARTESIAN_POINT('Ctrl Pts',(534.29197216319,-726.460385194508,675.370509101023));
#6587=CARTESIAN_POINT('Ctrl Pts',(534.233211537697,-726.271695088223,675.412373253013));
#6588=CARTESIAN_POINT('Ctrl Pts',(534.108299933283,-725.893625772295,675.490186517369));
#6589=CARTESIAN_POINT('Ctrl Pts',(533.970098524217,-725.515009403502,675.55867610418));
#6590=CARTESIAN_POINT('Ctrl Pts',(533.898050632625,-725.32577031083,675.591222074519));
#6591=CARTESIAN_POINT('Ctrl Pts',(533.823359317198,-725.136723428132,675.622495948769));
#6592=CARTESIAN_POINT('Ctrl Pts',(533.746279698075,-724.94795892578,675.65282392755));
#6593=CARTESIAN_POINT('Ctrl Pts',(534.818968899144,-729.989463907535,670.784318632095));
#6594=CARTESIAN_POINT('Ctrl Pts',(534.848977477926,-729.994633795273,670.882827746369));
#6595=CARTESIAN_POINT('Ctrl Pts',(534.878143499287,-729.998889430999,670.981230979988));
#6596=CARTESIAN_POINT('Ctrl Pts',(534.906496901331,-730.002117567171,671.079580347943));
#6597=CARTESIAN_POINT('Ctrl Pts',(534.961683597501,-730.006189676844,671.276300947663));
#6598=CARTESIAN_POINT('Ctrl Pts',(535.014047493007,-730.004031196874,671.47299605336));
#6599=CARTESIAN_POINT('Ctrl Pts',(535.039577515662,-730.001039410928,671.571322868331));
#6600=CARTESIAN_POINT('Ctrl Pts',(535.114392701396,-729.984476483801,671.86591181466));
#6601=CARTESIAN_POINT('Ctrl Pts',(535.184389390786,-729.938625889797,672.157810512605));
#6602=CARTESIAN_POINT('Ctrl Pts',(535.229590909285,-729.88789252949,672.349793510383));
#6603=CARTESIAN_POINT('Ctrl Pts',(535.294069212724,-729.781389932083,672.631350145638));
#6604=CARTESIAN_POINT('Ctrl Pts',(535.349902272334,-729.641354808774,672.900081731209));
#6605=CARTESIAN_POINT('Ctrl Pts',(535.367375821239,-729.591467508863,672.988048716765));
#6606=CARTESIAN_POINT('Ctrl Pts',(535.399779717828,-729.485829498552,673.160347099629));
#6607=CARTESIAN_POINT('Ctrl Pts',(535.426774157388,-729.368623323601,673.324580994087));
#6608=CARTESIAN_POINT('Ctrl Pts',(535.438835966046,-729.307179624,673.404483343852));
#6609=CARTESIAN_POINT('Ctrl Pts',(535.470566609663,-729.114202272134,673.637049006457));
#6610=CARTESIAN_POINT('Ctrl Pts',(535.488487381245,-728.896192927575,673.847304797002));
#6611=CARTESIAN_POINT('Ctrl Pts',(535.493940284791,-728.740503016968,673.976878799204));
#6612=CARTESIAN_POINT('Ctrl Pts',(535.490839983241,-728.413082001427,674.213803121299));
#6613=CARTESIAN_POINT('Ctrl Pts',(535.458661111271,-728.059878405751,674.404434467562));
#6614=CARTESIAN_POINT('Ctrl Pts',(535.435038953362,-727.878479928094,674.487771964319));
#6615=CARTESIAN_POINT('Ctrl Pts',(535.373176580077,-727.508865022111,674.63188995618));
#6616=CARTESIAN_POINT('Ctrl Pts',(535.284975517381,-727.129891946839,674.738831224213));
#6617=CARTESIAN_POINT('Ctrl Pts',(535.235010460715,-726.939146298769,674.784981064999));
#6618=CARTESIAN_POINT('Ctrl Pts',(535.125195809167,-726.556397843369,674.867292404076));
#6619=CARTESIAN_POINT('Ctrl Pts',(534.997964421491,-726.17221524428,674.934360080566));
#6620=CARTESIAN_POINT('Ctrl Pts',(534.930606549851,-725.980044730677,674.965340061253));
#6621=CARTESIAN_POINT('Ctrl Pts',(534.789253455966,-725.595691630941,675.023433533434));
#6622=CARTESIAN_POINT('Ctrl Pts',(534.636042105785,-725.211708350289,675.075750012583));
#6623=CARTESIAN_POINT('Ctrl Pts',(534.556823464498,-725.019898944995,675.100940178511));
#6624=CARTESIAN_POINT('Ctrl Pts',(534.475268369303,-724.828348851269,675.12546972612));
#6625=CARTESIAN_POINT('Ctrl Pts',(534.391613017101,-724.637122125923,675.149583715205));
#6626=CARTESIAN_POINT('Ctrl Pts',(535.668526816982,-729.95888932245,670.580702449912));
#6627=CARTESIAN_POINT('Ctrl Pts',(535.700034311054,-729.962555177828,670.678795509211));
#6628=CARTESIAN_POINT('Ctrl Pts',(535.730545613546,-729.964646130645,670.776436606999));
#6629=CARTESIAN_POINT('Ctrl Pts',(535.760051335965,-729.96488083361,670.873590122363));
#6630=CARTESIAN_POINT('Ctrl Pts',(535.817128387533,-729.960790209715,671.066920206445));
#6631=CARTESIAN_POINT('Ctrl Pts',(535.870725462911,-729.945675060436,671.258543084694));
#6632=CARTESIAN_POINT('Ctrl Pts',(535.896747864012,-729.934889045521,671.353985256033));
#6633=CARTESIAN_POINT('Ctrl Pts',(535.97288169737,-729.891436332051,671.639502349562));
#6634=CARTESIAN_POINT('Ctrl Pts',(536.043254178539,-729.813244785646,671.922102867511));
#6635=CARTESIAN_POINT('Ctrl Pts',(536.087590298644,-729.744626942191,672.10875197911));
#6636=CARTESIAN_POINT('Ctrl Pts',(536.147663895662,-729.62019344344,672.381952669824));
#6637=CARTESIAN_POINT('Ctrl Pts',(536.196592770549,-729.465395538415,672.641504785155));
#6638=CARTESIAN_POINT('Ctrl Pts',(536.211562588119,-729.410570872215,672.726293136555));
#6639=CARTESIAN_POINT('Ctrl Pts',(536.238644395691,-729.29475573111,672.891995899958));
#6640=CARTESIAN_POINT('Ctrl Pts',(536.259734151464,-729.166939333228,673.049190663325));
#6641=CARTESIAN_POINT('Ctrl Pts',(536.268711471333,-729.100116659609,673.125470911292));
#6642=CARTESIAN_POINT('Ctrl Pts',(536.290800624024,-728.891062721449,673.346897572185));
#6643=CARTESIAN_POINT('Ctrl Pts',(536.298047264826,-728.657779654384,673.545471057125));
#6644=CARTESIAN_POINT('Ctrl Pts',(536.296079322059,-728.492926767759,673.667425202625));
#6645=CARTESIAN_POINT('Ctrl Pts',(536.277691122825,-728.149539446985,673.889440727427));
#6646=CARTESIAN_POINT('Ctrl Pts',(536.22734943696,-727.783976528652,674.058281206466));
#6647=CARTESIAN_POINT('Ctrl Pts',(536.193358774034,-727.597009433621,674.126895504106));
#6648=CARTESIAN_POINT('Ctrl Pts',(536.109579452303,-727.218076974109,674.238168587014));
#6649=CARTESIAN_POINT('Ctrl Pts',(536.000023397074,-726.833738516238,674.314461252745));
#6650=CARTESIAN_POINT('Ctrl Pts',(535.940167632281,-726.641337324261,674.347816516518));
#6651=CARTESIAN_POINT('Ctrl Pts',(535.811921778368,-726.256108074475,674.408338880689));
#6652=CARTESIAN_POINT('Ctrl Pts',(535.668570900609,-725.870171738137,674.459454748046));
#6653=CARTESIAN_POINT('Ctrl Pts',(535.593629491524,-725.677053931489,674.483460896869));
#6654=CARTESIAN_POINT('Ctrl Pts',(535.437902434246,-725.290638178225,674.52907555557));
#6655=CARTESIAN_POINT('Ctrl Pts',(535.271724541142,-724.904230034261,674.571280432686));
#6656=CARTESIAN_POINT('Ctrl Pts',(535.186327398113,-724.711116310068,674.591858425888));
#6657=CARTESIAN_POINT('Ctrl Pts',(535.098871638761,-724.518187743099,674.612152015013));
#6658=CARTESIAN_POINT('Ctrl Pts',(535.009572826779,-724.325518455392,674.632355056564));
#6659=CARTESIAN_POINT('Ctrl Pts',(536.085517703757,-729.922496530726,670.464211053113));
#6660=CARTESIAN_POINT('Ctrl Pts',(536.11771722459,-729.923927536448,670.561466571852));
#6661=CARTESIAN_POINT('Ctrl Pts',(536.148927563951,-729.923380536917,670.658239666798));
#6662=CARTESIAN_POINT('Ctrl Pts',(536.179150150569,-729.9205196968,670.754538511902));
#6663=CARTESIAN_POINT('Ctrl Pts',(536.237697143429,-729.909460498441,670.946232527578));
#6664=CARTESIAN_POINT('Ctrl Pts',(536.292706810685,-729.886538276513,671.136209986344));
#6665=CARTESIAN_POINT('Ctrl Pts',(536.319388050245,-729.871819394395,671.230786052976));
#6666=CARTESIAN_POINT('Ctrl Pts',(536.397272038597,-729.816721334318,671.513606517425));
#6667=CARTESIAN_POINT('Ctrl Pts',(536.468251141681,-729.727615446224,671.792902530767));
#6668=CARTESIAN_POINT('Ctrl Pts',(536.511907750794,-729.652214469496,671.976607827157));
#6669=CARTESIAN_POINT('Ctrl Pts',(536.569409625372,-729.517718385667,672.24452832442));
#6670=CARTESIAN_POINT('Ctrl Pts',(536.614489982631,-729.353212741425,672.498036050315));
#6671=CARTESIAN_POINT('Ctrl Pts',(536.628074721434,-729.295194526653,672.580734887371));
#6672=CARTESIAN_POINT('Ctrl Pts',(536.652136289496,-729.173045817264,672.74198828632));
#6673=CARTESIAN_POINT('Ctrl Pts',(536.669640526911,-729.039167615161,672.894323979966));
#6674=CARTESIAN_POINT('Ctrl Pts',(536.676667017636,-728.969421053336,672.968091400925));
#6675=CARTESIAN_POINT('Ctrl Pts',(536.692522804305,-728.752348568797,673.182355811855));
#6676=CARTESIAN_POINT('Ctrl Pts',(536.692518272751,-728.513743322666,673.374458059214));
#6677=CARTESIAN_POINT('Ctrl Pts',(536.685268195885,-728.347206230026,673.490282089636));
#6678=CARTESIAN_POINT('Ctrl Pts',(536.655682523889,-728.00026402099,673.69708265168));
#6679=CARTESIAN_POINT('Ctrl Pts',(536.594364342084,-727.631731602821,673.853314736504));
#6680=CARTESIAN_POINT('Ctrl Pts',(536.555473593859,-727.44341466061,673.917591844182));
#6681=CARTESIAN_POINT('Ctrl Pts',(536.461755073532,-727.065682094304,674.017745804526));
#6682=CARTESIAN_POINT('Ctrl Pts',(536.343210547171,-726.683863842226,674.083985732417));
#6683=CARTESIAN_POINT('Ctrl Pts',(536.279345762623,-726.491826133978,674.113655326014));
#6684=CARTESIAN_POINT('Ctrl Pts',(536.143513635799,-726.10681378394,674.167660359395));
#6685=CARTESIAN_POINT('Ctrl Pts',(535.993387336448,-725.720145656594,674.213809047818));
#6686=CARTESIAN_POINT('Ctrl Pts',(535.915210059409,-725.526545923425,674.235551117737));
#6687=CARTESIAN_POINT('Ctrl Pts',(535.753289977444,-725.139032734095,674.277003630881));
#6688=CARTESIAN_POINT('Ctrl Pts',(535.581428394505,-724.751351859044,674.315653614406));
#6689=CARTESIAN_POINT('Ctrl Pts',(535.493305905325,-724.557581033736,674.334578318731));
#6690=CARTESIAN_POINT('Ctrl Pts',(535.403235370502,-724.363977872654,674.35333224083));
#6691=CARTESIAN_POINT('Ctrl Pts',(535.311427161926,-724.170619790671,674.372099602427));
#6692=CARTESIAN_POINT('Ctrl Pts',(537.313485544988,-729.757919346652,670.075795777056));
#6693=CARTESIAN_POINT('Ctrl Pts',(537.347616352857,-729.753492625206,670.170390515385));
#6694=CARTESIAN_POINT('Ctrl Pts',(537.38082690045,-729.746750919997,670.264498734481));
#6695=CARTESIAN_POINT('Ctrl Pts',(537.413139698676,-729.737434007863,670.35817800947));
#6696=CARTESIAN_POINT('Ctrl Pts',(537.47603936486,-729.71249350898,670.545094528348));
#6697=CARTESIAN_POINT('Ctrl Pts',(537.535234554981,-729.67298617295,670.731425049207));
#6698=CARTESIAN_POINT('Ctrl Pts',(537.56384809336,-729.649101582919,670.824523653455));
#6699=CARTESIAN_POINT('Ctrl Pts',(537.64602529717,-729.565262771158,671.102595979498));
#6700=CARTESIAN_POINT('Ctrl Pts',(537.716230236997,-729.44479367111,671.375221721752));
#6701=CARTESIAN_POINT('Ctrl Pts',(537.75687228506,-729.348744603309,671.552667270216));
#6702=CARTESIAN_POINT('Ctrl Pts',(537.807499504552,-729.18578180193,671.807917296259));
#6703=CARTESIAN_POINT('Ctrl Pts',(537.841107960403,-728.994738003889,672.044764704914));
#6704=CARTESIAN_POINT('Ctrl Pts',(537.850341529438,-728.928058801235,672.121507094073));
#6705=CARTESIAN_POINT('Ctrl Pts',(537.864820597758,-728.789174570845,672.270384359633));
#6706=CARTESIAN_POINT('Ctrl Pts',(537.871196846205,-728.640149278519,672.409482120398));
#6707=CARTESIAN_POINT('Ctrl Pts',(537.872327167649,-728.563329281874,672.476456189541));
#6708=CARTESIAN_POINT('Ctrl Pts',(537.869387825108,-728.326542669059,672.668811458218));
#6709=CARTESIAN_POINT('Ctrl Pts',(537.847427900177,-728.072780146115,672.83392012936));
#6710=CARTESIAN_POINT('Ctrl Pts',(537.824096876186,-727.898519350992,672.929607307106));
#6711=CARTESIAN_POINT('Ctrl Pts',(537.762293838351,-727.537197488781,673.105400039132));
#6712=CARTESIAN_POINT('Ctrl Pts',(537.668264612568,-727.168472862074,673.231556604411));
#6713=CARTESIAN_POINT('Ctrl Pts',(537.610756135537,-726.99215985775,673.269038815728));
#6714=CARTESIAN_POINT('Ctrl Pts',(537.486806142413,-726.627680240192,673.33594355224));
#6715=CARTESIAN_POINT('Ctrl Pts',(537.345714176786,-726.246450552905,673.387926883322));
#6716=CARTESIAN_POINT('Ctrl Pts',(537.271010469291,-726.053583317694,673.409999318999));
#6717=CARTESIAN_POINT('Ctrl Pts',(537.114478824869,-725.665498004085,673.449104708132));
#6718=CARTESIAN_POINT('Ctrl Pts',(536.945460357784,-725.274395844302,673.481525507727));
#6719=CARTESIAN_POINT('Ctrl Pts',(536.858261787524,-725.078573676236,673.496870972977));
#6720=CARTESIAN_POINT('Ctrl Pts',(536.679100587107,-724.686663561819,673.526503057027));
#6721=CARTESIAN_POINT('Ctrl Pts',(536.491482854924,-724.294757030363,673.555129638554));
#6722=CARTESIAN_POINT('Ctrl Pts',(536.395825941098,-724.098927519697,673.569459642887));
#6723=CARTESIAN_POINT('Ctrl Pts',(536.298542517895,-723.903299307244,673.583986726052));
#6724=CARTESIAN_POINT('Ctrl Pts',(536.199826378729,-723.707938558236,673.598861947776));
#6725=CARTESIAN_POINT('Ctrl Pts',(538.499277535042,-729.450866724521,669.611337723968));
#6726=CARTESIAN_POINT('Ctrl Pts',(538.535454065038,-729.440143562565,669.704043915896));
#6727=CARTESIAN_POINT('Ctrl Pts',(538.570443060989,-729.426801489022,669.796333064597));
#6728=CARTESIAN_POINT('Ctrl Pts',(538.604167511781,-729.410522683447,669.888249011268));
#6729=CARTESIAN_POINT('Ctrl Pts',(538.668860295863,-729.371612671341,670.071262811754));
#6730=CARTESIAN_POINT('Ctrl Pts',(538.728097032813,-729.317692605728,670.253445191402));
#6731=CARTESIAN_POINT('Ctrl Pts',(538.756384865236,-729.286309960085,670.344593916196));
#6732=CARTESIAN_POINT('Ctrl Pts',(538.837689998624,-729.176073666117,670.619547729025));
#6733=CARTESIAN_POINT('Ctrl Pts',(538.904178288261,-729.03030183426,670.888085687457));
#6734=CARTESIAN_POINT('Ctrl Pts',(538.938108567372,-728.927515300804,671.054816918438));
#6735=CARTESIAN_POINT('Ctrl Pts',(538.978269080575,-728.747077930358,671.299542369977));
#6736=CARTESIAN_POINT('Ctrl Pts',(538.99907110033,-728.541494987482,671.525120605856));
#6737=CARTESIAN_POINT('Ctrl Pts',(539.003752660485,-728.470439476437,671.597870195174));
#6738=CARTESIAN_POINT('Ctrl Pts',(539.008412076662,-728.323195940307,671.738008677347));
#6739=CARTESIAN_POINT('Ctrl Pts',(539.003788006977,-728.166619669312,671.867036020986));
#6740=CARTESIAN_POINT('Ctrl Pts',(538.999186164449,-728.086218840896,671.928669607859));
#6741=CARTESIAN_POINT('Ctrl Pts',(538.978643946589,-727.839752980394,672.104813064007));
#6742=CARTESIAN_POINT('Ctrl Pts',(538.937504112155,-727.579132845391,672.25469297664));
#6743=CARTESIAN_POINT('Ctrl Pts',(538.901384788493,-727.398044467607,672.347385824937));
#6744=CARTESIAN_POINT('Ctrl Pts',(538.807468273596,-727.041700843613,672.487418703163));
#6745=CARTESIAN_POINT('Ctrl Pts',(538.677964917904,-726.688519689665,672.560031933749));
#6746=CARTESIAN_POINT('Ctrl Pts',(538.610278450579,-726.499791541175,672.604017904675));
#6747=CARTESIAN_POINT('Ctrl Pts',(538.462679144366,-726.128368016015,672.668887748503));
#6748=CARTESIAN_POINT('Ctrl Pts',(538.297361307555,-725.757558124469,672.705997829034));
#6749=CARTESIAN_POINT('Ctrl Pts',(538.212123598188,-725.569261468013,672.722898207404));
#6750=CARTESIAN_POINT('Ctrl Pts',(538.036055284667,-725.188779568798,672.752270076632));
#6751=CARTESIAN_POINT('Ctrl Pts',(537.85017564393,-724.802059059044,672.775909470861));
#6752=CARTESIAN_POINT('Ctrl Pts',(537.7550404952,-724.607633239415,672.786889003422));
#6753=CARTESIAN_POINT('Ctrl Pts',(537.560914867363,-724.217552761887,672.808195080465));
#6754=CARTESIAN_POINT('Ctrl Pts',(537.35997354592,-723.826018749617,672.829455477045));
#6755=CARTESIAN_POINT('Ctrl Pts',(537.258024810805,-723.630152190812,672.840398011381));
#6756=CARTESIAN_POINT('Ctrl Pts',(537.154791675902,-723.43432787088,672.851840023492));
#6757=CARTESIAN_POINT('Ctrl Pts',(537.050443770616,-723.238648738175,672.863922936293));
#6758=CARTESIAN_POINT('Ctrl Pts',(539.267255973181,-729.181822946513,669.277992162679));
#6759=CARTESIAN_POINT('Ctrl Pts',(539.304434442045,-729.165719564449,669.370630181485));
#6760=CARTESIAN_POINT('Ctrl Pts',(539.340173993696,-729.146277720241,669.463260865051));
#6761=CARTESIAN_POINT('Ctrl Pts',(539.37435054302,-729.123027504576,669.556038757694));
#6762=CARTESIAN_POINT('Ctrl Pts',(539.439544731585,-729.069812131064,669.740549863357));
#6763=CARTESIAN_POINT('Ctrl Pts',(539.498465736922,-729.006812639356,669.918884936564));
#6764=CARTESIAN_POINT('Ctrl Pts',(539.526372988619,-728.974014324268,670.005227666495));
#6765=CARTESIAN_POINT('Ctrl Pts',(539.60462729425,-728.862044651995,670.265202510946));
#6766=CARTESIAN_POINT('Ctrl Pts',(539.665298886897,-728.709412015111,670.526364197189));
#6767=CARTESIAN_POINT('Ctrl Pts',(539.69664924711,-728.59588444011,670.69213425623));
#6768=CARTESIAN_POINT('Ctrl Pts',(539.728547678788,-728.405477472965,670.929279017378));
#6769=CARTESIAN_POINT('Ctrl Pts',(539.740132825635,-728.19238562311,671.147048214951));
#6770=CARTESIAN_POINT('Ctrl Pts',(539.741713540969,-728.119120349587,671.2172281507));
#6771=CARTESIAN_POINT('Ctrl Pts',(539.739568888555,-727.968067552953,671.351728920519));
#6772=CARTESIAN_POINT('Ctrl Pts',(539.72737899289,-727.808669121415,671.475055288861));
#6773=CARTESIAN_POINT('Ctrl Pts',(539.718927318458,-727.727007265998,671.534127880289));
#6774=CARTESIAN_POINT('Ctrl Pts',(539.686768560218,-727.477217120449,671.703212568429));
#6775=CARTESIAN_POINT('Ctrl Pts',(539.632296513157,-727.21729691625,671.841616607133));
#6776=CARTESIAN_POINT('Ctrl Pts',(539.585557534395,-727.041892908115,671.917840867161));
#6777=CARTESIAN_POINT('Ctrl Pts',(539.47735952846,-726.683759321627,672.05289000331));
#6778=CARTESIAN_POINT('Ctrl Pts',(539.337046373555,-726.323836600274,672.136842006405));
#6779=CARTESIAN_POINT('Ctrl Pts',(539.260684981614,-726.143314324067,672.169011285936));
#6780=CARTESIAN_POINT('Ctrl Pts',(539.099980426662,-725.777639213891,672.224586285711));
#6781=CARTESIAN_POINT('Ctrl Pts',(538.924166041101,-725.405473719892,672.262795581124));
#6782=CARTESIAN_POINT('Ctrl Pts',(538.833118463106,-725.217915526993,672.278757960179));
#6783=CARTESIAN_POINT('Ctrl Pts',(538.645657328939,-724.840228762075,672.306186772332));
#6784=CARTESIAN_POINT('Ctrl Pts',(538.448926454572,-724.458190394288,672.327370184084));
#6785=CARTESIAN_POINT('Ctrl Pts',(538.348607257809,-724.266281602816,672.337084558782));
#6786=CARTESIAN_POINT('Ctrl Pts',(538.144606185229,-723.881091435687,672.355706911204));
#6787=CARTESIAN_POINT('Ctrl Pts',(537.934800892977,-723.493855059364,672.374133299701));
#6788=CARTESIAN_POINT('Ctrl Pts',(537.828676423379,-723.299900972973,672.38365060892));
#6789=CARTESIAN_POINT('Ctrl Pts',(537.721515012055,-723.105758672364,672.39370481885));
#6790=CARTESIAN_POINT('Ctrl Pts',(537.613475735464,-722.911543307233,672.404465366633));
#6791=CARTESIAN_POINT('Ctrl Pts',(540.728257593337,-728.544906983602,668.545949190796));
#6792=CARTESIAN_POINT('Ctrl Pts',(540.767561685171,-728.524208725432,668.634412089986));
#6793=CARTESIAN_POINT('Ctrl Pts',(540.805355023884,-728.501342341743,668.722060690045));
#6794=CARTESIAN_POINT('Ctrl Pts',(540.841525121809,-728.476154503725,668.808875621108));
#6795=CARTESIAN_POINT('Ctrl Pts',(540.910034116347,-728.418646030633,668.982599078089));
#6796=CARTESIAN_POINT('Ctrl Pts',(540.969741610265,-728.342203445497,669.159653665683));
#6797=CARTESIAN_POINT('Ctrl Pts',(540.997104957137,-728.297852669136,669.250045490206));
#6798=CARTESIAN_POINT('Ctrl Pts',(541.071815121526,-728.156266741752,669.516092309275));
#6799=CARTESIAN_POINT('Ctrl Pts',(541.124053201261,-727.992038147394,669.763276138355));
#6800=CARTESIAN_POINT('Ctrl Pts',(541.148875776882,-727.869376089896,669.923542792168));
#6801=CARTESIAN_POINT('Ctrl Pts',(541.171052500863,-727.6704944527,670.15247629365));
#6802=CARTESIAN_POINT('Ctrl Pts',(541.167919739672,-727.449874045656,670.359437527185));
#6803=CARTESIAN_POINT('Ctrl Pts',(541.164046902202,-727.374024236727,670.425885564549));
#6804=CARTESIAN_POINT('Ctrl Pts',(541.151248061733,-727.218570453316,670.55393712368));
#6805=CARTESIAN_POINT('Ctrl Pts',(541.128040331157,-727.056680330744,670.67090698198));
#6806=CARTESIAN_POINT('Ctrl Pts',(541.113750900867,-726.974434360781,670.726224659009));
#6807=CARTESIAN_POINT('Ctrl Pts',(541.06284427189,-726.723964023845,670.882609971421));
#6808=CARTESIAN_POINT('Ctrl Pts',(540.989526820461,-726.463224044753,671.012404036541));
#6809=CARTESIAN_POINT('Ctrl Pts',(540.931266514034,-726.286853905556,671.086453421626));
#6810=CARTESIAN_POINT('Ctrl Pts',(540.794596188637,-725.937366639534,671.19949512188));
#6811=CARTESIAN_POINT('Ctrl Pts',(540.63089098031,-725.583441680476,671.274275937098));
#6812=CARTESIAN_POINT('Ctrl Pts',(540.544466454781,-725.404293248945,671.306723753635));
#6813=CARTESIAN_POINT('Ctrl Pts',(540.362586395565,-725.043849132215,671.359924117648));
#6814=CARTESIAN_POINT('Ctrl Pts',(540.16642184172,-724.6782471941,671.397023057918));
#6815=CARTESIAN_POINT('Ctrl Pts',(540.065462093308,-724.494241487297,671.412687608011));
#6816=CARTESIAN_POINT('Ctrl Pts',(539.858716152884,-724.124102367313,671.439716922678));
#6817=CARTESIAN_POINT('Ctrl Pts',(539.643891667582,-723.750196517373,671.460641966264));
#6818=CARTESIAN_POINT('Ctrl Pts',(539.534848297756,-723.562427127232,671.470192501797));
#6819=CARTESIAN_POINT('Ctrl Pts',(539.314092384257,-723.185499744314,671.488388705285));
#6820=CARTESIAN_POINT('Ctrl Pts',(539.088974688146,-722.806244533266,671.506219538702));
#6821=CARTESIAN_POINT('Ctrl Pts',(538.975568863168,-722.616147410068,671.515403866351));
#6822=CARTESIAN_POINT('Ctrl Pts',(538.861505948398,-722.42568328789,671.525116470346));
#6823=CARTESIAN_POINT('Ctrl Pts',(538.746942548152,-722.234940252966,671.535549977801));
#6824=CARTESIAN_POINT('Ctrl Pts',(542.031678900507,-727.725676356831,667.716486698879));
#6825=CARTESIAN_POINT('Ctrl Pts',(542.073386405614,-727.699226312408,667.804673453459));
#6826=CARTESIAN_POINT('Ctrl Pts',(542.113268978385,-727.670039822557,667.892679136159));
#6827=CARTESIAN_POINT('Ctrl Pts',(542.151153252144,-727.637784377516,667.980647720729));
#6828=CARTESIAN_POINT('Ctrl Pts',(542.222708811874,-727.567737222393,668.155661808236));
#6829=CARTESIAN_POINT('Ctrl Pts',(542.285493386894,-727.488894520516,668.326099573243));
#6830=CARTESIAN_POINT('Ctrl Pts',(542.314609689511,-727.447983472817,668.409342216495));
#6831=CARTESIAN_POINT('Ctrl Pts',(542.394337016865,-727.31430399991,668.659125208856));
#6832=CARTESIAN_POINT('Ctrl Pts',(542.450052110751,-727.147564043801,668.90759045761));
#6833=CARTESIAN_POINT('Ctrl Pts',(542.475379105259,-727.025054235998,669.0671183156));
#6834=CARTESIAN_POINT('Ctrl Pts',(542.495266751158,-726.825581637448,669.295186487871));
#6835=CARTESIAN_POINT('Ctrl Pts',(542.489073065425,-726.606723172354,669.504024289125));
#6836=CARTESIAN_POINT('Ctrl Pts',(542.484129194248,-726.531861831542,669.571275411081));
#6837=CARTESIAN_POINT('Ctrl Pts',(542.468420976131,-726.378602058459,669.700642183971));
#6838=CARTESIAN_POINT('Ctrl Pts',(542.441276882819,-726.21905874924,669.819215472551));
#6839=CARTESIAN_POINT('Ctrl Pts',(542.424889693715,-726.137908430116,669.875666373495));
#6840=CARTESIAN_POINT('Ctrl Pts',(542.367386878636,-725.891204564034,670.035754461124));
#6841=CARTESIAN_POINT('Ctrl Pts',(542.286258338364,-725.635862816178,670.168843550539));
#6842=CARTESIAN_POINT('Ctrl Pts',(542.222518342942,-725.463181917191,670.245267470172));
#6843=CARTESIAN_POINT('Ctrl Pts',(542.07401092073,-725.12143154215,670.363042402814));
#6844=CARTESIAN_POINT('Ctrl Pts',(541.899401171488,-724.774043037221,670.447240201542));
#6845=CARTESIAN_POINT('Ctrl Pts',(541.806876566982,-724.599083049865,670.482880402252));
#6846=CARTESIAN_POINT('Ctrl Pts',(541.612917265422,-724.247008668799,670.543605903852));
#6847=CARTESIAN_POINT('Ctrl Pts',(541.404388377596,-723.890627970744,670.588253051529));
#6848=CARTESIAN_POINT('Ctrl Pts',(541.29721886446,-723.711428934158,670.607659706483));
#6849=CARTESIAN_POINT('Ctrl Pts',(541.078137140557,-723.351188483518,670.642148520893));
#6850=CARTESIAN_POINT('Ctrl Pts',(540.85130344508,-722.987604087287,670.6703931966));
#6851=CARTESIAN_POINT('Ctrl Pts',(540.736380617343,-722.805060868351,670.683552646147));
#6852=CARTESIAN_POINT('Ctrl Pts',(540.504185727543,-722.438630481049,670.708828001213));
#6853=CARTESIAN_POINT('Ctrl Pts',(540.268379012966,-722.069789244378,670.733417827983));
#6854=CARTESIAN_POINT('Ctrl Pts',(540.149843595342,-721.884835406203,670.745890434261));
#6855=CARTESIAN_POINT('Ctrl Pts',(540.030885323565,-721.699409050648,670.758795227262));
#6856=CARTESIAN_POINT('Ctrl Pts',(539.911672071115,-721.513563638269,670.772323764067));
#6857=CARTESIAN_POINT('Ctrl Pts',(542.637123148273,-727.275981148796,667.277374536221));
#6858=CARTESIAN_POINT('Ctrl Pts',(542.680820833899,-727.248958362542,667.364177483152));
#6859=CARTESIAN_POINT('Ctrl Pts',(542.72278591136,-727.219836656037,667.45044837206));
#6860=CARTESIAN_POINT('Ctrl Pts',(542.762861374252,-727.188438622668,667.536230804237));
#6861=CARTESIAN_POINT('Ctrl Pts',(542.838866597078,-727.120664604969,667.706922662351));
#6862=CARTESIAN_POINT('Ctrl Pts',(542.906079466776,-727.042524989083,667.875632630739));
#6863=CARTESIAN_POINT('Ctrl Pts',(542.937373935378,-727.000778580828,667.959418097798));
#6864=CARTESIAN_POINT('Ctrl Pts',(543.023788805661,-726.867106093733,668.208891079413));
#6865=CARTESIAN_POINT('Ctrl Pts',(543.081896902552,-726.700945820427,668.457844743745));
#6866=CARTESIAN_POINT('Ctrl Pts',(543.107045493613,-726.576614201855,668.620820376016));
#6867=CARTESIAN_POINT('Ctrl Pts',(543.128830043306,-726.379336330716,668.850776537421));
#6868=CARTESIAN_POINT('Ctrl Pts',(543.124273506767,-726.163313188983,669.063031428477));
#6869=CARTESIAN_POINT('Ctrl Pts',(543.119999249246,-726.089654244893,669.13141436832));
#6870=CARTESIAN_POINT('Ctrl Pts',(543.105065933134,-725.938643194181,669.262981298571));
#6871=CARTESIAN_POINT('Ctrl Pts',(543.078010049366,-725.781125330043,669.384146525214));
#6872=CARTESIAN_POINT('Ctrl Pts',(543.061616822683,-725.700940248315,669.442170292361));
#6873=CARTESIAN_POINT('Ctrl Pts',(543.004369647698,-725.457197865659,669.607914277469));
#6874=CARTESIAN_POINT('Ctrl Pts',(542.922696059772,-725.205532485723,669.746244537258));
#6875=CARTESIAN_POINT('Ctrl Pts',(542.857783852292,-725.03473161737,669.826197953903));
#6876=CARTESIAN_POINT('Ctrl Pts',(542.709624701684,-724.693685092111,669.95847271913));
#6877=CARTESIAN_POINT('Ctrl Pts',(542.530492007096,-724.353102794987,670.043775940899));
#6878=CARTESIAN_POINT('Ctrl Pts',(542.436604858964,-724.180065274607,670.084074150219));
#6879=CARTESIAN_POINT('Ctrl Pts',(542.238447884958,-723.833305905882,670.14969277304));
#6880=CARTESIAN_POINT('Ctrl Pts',(542.025516609252,-723.482469934742,670.199337445124));
#6881=CARTESIAN_POINT('Ctrl Pts',(541.916218950896,-723.306003779691,670.221582539865));
#6882=CARTESIAN_POINT('Ctrl Pts',(541.692794410313,-722.951357966815,670.261565051202));
#6883=CARTESIAN_POINT('Ctrl Pts',(541.461622089554,-722.593486265935,670.295180499002));
#6884=CARTESIAN_POINT('Ctrl Pts',(541.34454707903,-722.413817232039,670.310971200528));
#6885=CARTESIAN_POINT('Ctrl Pts',(541.108127666575,-722.053126430804,670.341415872844));
#6886=CARTESIAN_POINT('Ctrl Pts',(540.868314686555,-721.689936722151,670.370970568278));
#6887=CARTESIAN_POINT('Ctrl Pts',(540.747846132677,-721.50776831284,670.385872248207));
#6888=CARTESIAN_POINT('Ctrl Pts',(540.627035802732,-721.325070054504,670.401149493482));
#6889=CARTESIAN_POINT('Ctrl Pts',(540.50605851683,-721.141881046848,670.416989838036));
#6890=CARTESIAN_POINT('Ctrl Pts',(543.735956368977,-726.300342381839,666.35581657704));
#6891=CARTESIAN_POINT('Ctrl Pts',(543.783934792801,-726.270833233499,666.4416340989));
#6892=CARTESIAN_POINT('Ctrl Pts',(543.830407726869,-726.239755640991,666.526807928005));
#6893=CARTESIAN_POINT('Ctrl Pts',(543.87527743393,-726.20706285883,666.611321359847));
#6894=CARTESIAN_POINT('Ctrl Pts',(543.961669380247,-726.138483171449,666.778901099648));
#6895=CARTESIAN_POINT('Ctrl Pts',(544.040160917791,-726.062376592952,666.944246224845));
#6896=CARTESIAN_POINT('Ctrl Pts',(544.077158455991,-726.022198726199,667.02648913484));
#6897=CARTESIAN_POINT('Ctrl Pts',(544.17927269604,-725.892705725427,667.273787885592));
#6898=CARTESIAN_POINT('Ctrl Pts',(544.254737419606,-725.738130925434,667.51922024909));
#6899=CARTESIAN_POINT('Ctrl Pts',(544.291590919582,-725.622582552245,667.681623447967));
#6900=CARTESIAN_POINT('Ctrl Pts',(544.328599035207,-725.436027152279,667.917612279382));
#6901=CARTESIAN_POINT('Ctrl Pts',(544.336138274949,-725.230363040226,668.139145283968));
#6902=CARTESIAN_POINT('Ctrl Pts',(544.335237369689,-725.159635851709,668.211326164224));
#6903=CARTESIAN_POINT('Ctrl Pts',(544.32730315501,-725.014723131232,668.351986108992));
#6904=CARTESIAN_POINT('Ctrl Pts',(544.30707929512,-724.863549347096,668.4841971696));
#6905=CARTESIAN_POINT('Ctrl Pts',(544.293900546895,-724.786588570262,668.547891832747));
#6906=CARTESIAN_POINT('Ctrl Pts',(544.245068270426,-724.551891976683,668.731131731365));
#6907=CARTESIAN_POINT('Ctrl Pts',(544.169718317791,-724.307189856263,668.890933571387));
#6908=CARTESIAN_POINT('Ctrl Pts',(544.109174759795,-724.141075907073,668.987446495807));
#6909=CARTESIAN_POINT('Ctrl Pts',(543.964350515479,-723.811034326479,669.140774539714));
#6910=CARTESIAN_POINT('Ctrl Pts',(543.787962636983,-723.475701020939,669.256754003999));
#6911=CARTESIAN_POINT('Ctrl Pts',(543.692099077329,-723.309358627286,669.301838682109));
#6912=CARTESIAN_POINT('Ctrl Pts',(543.491895910594,-722.973628185218,669.385294783853));
#6913=CARTESIAN_POINT('Ctrl Pts',(543.275547906662,-722.634329734476,669.451898615429));
#6914=CARTESIAN_POINT('Ctrl Pts',(543.164047582761,-722.463938128218,669.48169032304));
#6915=CARTESIAN_POINT('Ctrl Pts',(542.935891142467,-722.121584608429,669.536501299742));
#6916=CARTESIAN_POINT('Ctrl Pts',(542.699452954297,-721.776241275721,669.584107285638));
#6917=CARTESIAN_POINT('Ctrl Pts',(542.579689164647,-721.602846620088,669.606749361027));
#6918=CARTESIAN_POINT('Ctrl Pts',(542.3378700671,-721.254655462375,669.65059769065));
#6919=CARTESIAN_POINT('Ctrl Pts',(542.09277242875,-720.903717068132,669.692982001154));
#6920=CARTESIAN_POINT('Ctrl Pts',(541.969728811362,-720.727575723366,669.714157025381));
#6921=CARTESIAN_POINT('Ctrl Pts',(541.846437729557,-720.550771943325,669.735560356091));
#6922=CARTESIAN_POINT('Ctrl Pts',(541.723091526806,-720.373316165095,669.757369881906));
#6923=CARTESIAN_POINT('Ctrl Pts',(544.589802718306,-725.208015718937,665.340742972994));
#6924=CARTESIAN_POINT('Ctrl Pts',(544.641888065513,-725.176114789082,665.42621716118));
#6925=CARTESIAN_POINT('Ctrl Pts',(544.692674786224,-725.142866188414,665.511120281267));
#6926=CARTESIAN_POINT('Ctrl Pts',(544.742066368681,-725.108200786305,665.595471441562));
#6927=CARTESIAN_POINT('Ctrl Pts',(544.837669776067,-725.035630944598,665.76330213746));
#6928=CARTESIAN_POINT('Ctrl Pts',(544.926573879144,-724.956569607003,665.929192459419));
#6929=CARTESIAN_POINT('Ctrl Pts',(544.969230539603,-724.915356924431,666.011652359869));
#6930=CARTESIAN_POINT('Ctrl Pts',(545.092732300648,-724.788566102976,666.255844946706));
#6931=CARTESIAN_POINT('Ctrl Pts',(545.199298545208,-724.649366552734,666.493221482614));
#6932=CARTESIAN_POINT('Ctrl Pts',(545.259198133485,-724.54824862234,666.651222206337));
#6933=CARTESIAN_POINT('Ctrl Pts',(545.326277630574,-724.377874361579,666.890017904083));
#6934=CARTESIAN_POINT('Ctrl Pts',(545.364056267501,-724.188376902002,667.122284970539));
#6935=CARTESIAN_POINT('Ctrl Pts',(545.373516042453,-724.123401712274,667.198636291533));
#6936=CARTESIAN_POINT('Ctrl Pts',(545.385737829578,-723.989739613745,667.348753217139));
#6937=CARTESIAN_POINT('Ctrl Pts',(545.384684928604,-723.84921312773,667.493018957314));
#6938=CARTESIAN_POINT('Ctrl Pts',(545.380844712438,-723.777339180096,667.563551293688));
#6939=CARTESIAN_POINT('Ctrl Pts',(545.359925116328,-723.557446873941,667.770264759762));
#6940=CARTESIAN_POINT('Ctrl Pts',(545.311134490928,-723.326749396325,667.959154991974));
#6941=CARTESIAN_POINT('Ctrl Pts',(545.265802368908,-723.16967720662,668.073609819261));
#6942=CARTESIAN_POINT('Ctrl Pts',(545.158223442545,-722.842284220472,668.304124591115));
#6943=CARTESIAN_POINT('Ctrl Pts',(545.001998379124,-722.520850885861,668.458338268112));
#6944=CARTESIAN_POINT('Ctrl Pts',(544.915678324326,-722.359575290977,668.525149799863));
#6945=CARTESIAN_POINT('Ctrl Pts',(544.729952684005,-722.035403896187,668.644465351521));
#6946=CARTESIAN_POINT('Ctrl Pts',(544.522198947431,-721.709596646195,668.737955790333));
#6947=CARTESIAN_POINT('Ctrl Pts',(544.414280342348,-721.546025204974,668.780731306985));
#6948=CARTESIAN_POINT('Ctrl Pts',(544.191791701737,-721.217639579963,668.859805893675));
#6949=CARTESIAN_POINT('Ctrl Pts',(543.958772641515,-720.886610436986,668.929311696169));
#6950=CARTESIAN_POINT('Ctrl Pts',(543.840298280952,-720.720407807012,668.962454785837));
#6951=CARTESIAN_POINT('Ctrl Pts',(543.60044405102,-720.386549455836,669.026605522463));
#6952=CARTESIAN_POINT('Ctrl Pts',(543.356419386106,-720.049632231996,669.088077963454));
#6953=CARTESIAN_POINT('Ctrl Pts',(543.23377361775,-719.8803707577,669.118541359204));
#6954=CARTESIAN_POINT('Ctrl Pts',(543.110798426982,-719.710269533915,669.148980842824));
#6955=CARTESIAN_POINT('Ctrl Pts',(542.987719941646,-719.539304560745,669.179556660763));
#6956=CARTESIAN_POINT('Ctrl Pts',(544.949326365964,-724.638068985076,664.810836788291));
#6957=CARTESIAN_POINT('Ctrl Pts',(545.003054047175,-724.60472450805,664.896367471504));
#6958=CARTESIAN_POINT('Ctrl Pts',(545.055592949815,-724.570151517149,664.981322972857));
#6959=CARTESIAN_POINT('Ctrl Pts',(545.106873212132,-724.534320359917,665.06569655403));
#6960=CARTESIAN_POINT('Ctrl Pts',(545.206757784413,-724.460078104426,665.233269244168));
#6961=CARTESIAN_POINT('Ctrl Pts',(545.300912959754,-724.380532262094,665.398486094271));
#6962=CARTESIAN_POINT('Ctrl Pts',(545.346464084753,-724.339397716346,665.480503626087));
#6963=CARTESIAN_POINT('Ctrl Pts',(545.478206179339,-724.211786630519,665.724791551867));
#6964=CARTESIAN_POINT('Ctrl Pts',(545.594082746984,-724.071169967479,665.963816163297));
#6965=CARTESIAN_POINT('Ctrl Pts',(545.663032965082,-723.97117002816,666.121043494381));
#6966=CARTESIAN_POINT('Ctrl Pts',(545.753838683198,-723.812193044726,666.352375882447));
#6967=CARTESIAN_POINT('Ctrl Pts',(545.817485008915,-723.636475366426,666.581541541239));
#6968=CARTESIAN_POINT('Ctrl Pts',(545.835233234735,-723.575862611518,666.657933459891));
#6969=CARTESIAN_POINT('Ctrl Pts',(545.862153048585,-723.449870626911,666.811708758505));
#6970=CARTESIAN_POINT('Ctrl Pts',(545.871572727833,-723.314653182512,666.966258462942));
#6971=CARTESIAN_POINT('Ctrl Pts',(545.871585905103,-723.244702579078,667.043706173912));
#6972=CARTESIAN_POINT('Ctrl Pts',(545.862272793851,-723.030526745542,667.270278103858));
#6973=CARTESIAN_POINT('Ctrl Pts',(545.839465412906,-722.811229205831,667.463833502084));
#6974=CARTESIAN_POINT('Ctrl Pts',(545.808895825352,-722.659284767063,667.592785715385));
#6975=CARTESIAN_POINT('Ctrl Pts',(545.721965524261,-722.347843569934,667.83461588606));
#6976=CARTESIAN_POINT('Ctrl Pts',(545.589123785609,-722.027237198569,668.035996965209));
#6977=CARTESIAN_POINT('Ctrl Pts',(545.513204821331,-721.865743587343,668.127195565543));
#6978=CARTESIAN_POINT('Ctrl Pts',(545.34242485051,-721.542430382414,668.285497188364));
#6979=CARTESIAN_POINT('Ctrl Pts',(545.143066788772,-721.219716598149,668.404726970108));
#6980=CARTESIAN_POINT('Ctrl Pts',(545.031943417089,-721.065528573132,668.429921620946));
#6981=CARTESIAN_POINT('Ctrl Pts',(544.809527281296,-720.749271747773,668.50191955486));
#6982=CARTESIAN_POINT('Ctrl Pts',(544.58650408872,-720.421281725066,668.603758408337));
#6983=CARTESIAN_POINT('Ctrl Pts',(544.470486661634,-720.258758484192,668.643785230649));
#6984=CARTESIAN_POINT('Ctrl Pts',(544.235830163053,-719.931549235342,668.724510841298));
#6985=CARTESIAN_POINT('Ctrl Pts',(543.994821225473,-719.60214608959,668.797746765113));
#6986=CARTESIAN_POINT('Ctrl Pts',(543.873428661161,-719.436590901333,668.833824446074));
#6987=CARTESIAN_POINT('Ctrl Pts',(543.751555903733,-719.270020643886,668.869767559993));
#6988=CARTESIAN_POINT('Ctrl Pts',(543.629413438868,-719.102462575066,668.905507508784));
#6989=CARTESIAN_POINT('Ctrl Pts',(545.375191728142,-723.758343450722,663.977515281426));
#6990=CARTESIAN_POINT('Ctrl Pts',(545.430708400849,-723.723082210176,664.063081865394));
#6991=CARTESIAN_POINT('Ctrl Pts',(545.485208666539,-723.686719855366,664.148118720744));
#6992=CARTESIAN_POINT('Ctrl Pts',(545.538641875295,-723.649238325029,664.232618408903));
#6993=CARTESIAN_POINT('Ctrl Pts',(545.643262808047,-723.572001014145,664.400528674031));
#6994=CARTESIAN_POINT('Ctrl Pts',(545.743148280613,-723.490147762158,664.566229533967));
#6995=CARTESIAN_POINT('Ctrl Pts',(545.791845877536,-723.44805022102,664.648519943563));
#6996=CARTESIAN_POINT('Ctrl Pts',(545.93400569349,-723.318198834665,664.893684816798));
#6997=CARTESIAN_POINT('Ctrl Pts',(546.06369840231,-723.177543618194,665.133664630333));
#6998=CARTESIAN_POINT('Ctrl Pts',(546.14409252834,-723.078900536474,665.291221324015));
#6999=CARTESIAN_POINT('Ctrl Pts',(546.254058821015,-722.923214682034,665.52429928023));
#7000=CARTESIAN_POINT('Ctrl Pts',(546.34581314504,-722.755814514534,665.752227687862));
#7001=CARTESIAN_POINT('Ctrl Pts',(546.374249455113,-722.698707625952,665.827616146195));
#7002=CARTESIAN_POINT('Ctrl Pts',(546.426700158163,-722.581959586134,665.977043039358));
#7003=CARTESIAN_POINT('Ctrl Pts',(546.468902700466,-722.459791033478,666.124483668507));
#7004=CARTESIAN_POINT('Ctrl Pts',(546.487203001168,-722.397316207569,666.197749270025));
#7005=CARTESIAN_POINT('Ctrl Pts',(546.530651968603,-722.204554635967,666.418917892303));
#7006=CARTESIAN_POINT('Ctrl Pts',(546.534384559248,-721.994198611419,666.646740624591));
#7007=CARTESIAN_POINT('Ctrl Pts',(546.525536975702,-721.849980986015,666.78904722544));
#7008=CARTESIAN_POINT('Ctrl Pts',(546.484047646121,-721.554114489298,667.064015717908));
#7009=CARTESIAN_POINT('Ctrl Pts',(546.396352579635,-721.246451393849,667.312704544551));
#7010=CARTESIAN_POINT('Ctrl Pts',(546.34093370176,-721.090289595151,667.429493314624));
#7011=CARTESIAN_POINT('Ctrl Pts',(546.210433994264,-720.775801297289,667.645658834396));
#7012=CARTESIAN_POINT('Ctrl Pts',(546.042202726413,-720.459543995143,667.822665013709));
#7013=CARTESIAN_POINT('Ctrl Pts',(545.953385083766,-720.297820831676,667.916087407968));
#7014=CARTESIAN_POINT('Ctrl Pts',(545.7530259887,-719.986213708239,668.042431619726));
#7015=CARTESIAN_POINT('Ctrl Pts',(545.530909338983,-719.678640118391,668.131752525462));
#7016=CARTESIAN_POINT('Ctrl Pts',(545.419402353822,-719.521939075247,668.184134052126));
#7017=CARTESIAN_POINT('Ctrl Pts',(545.189927319671,-719.208413967518,668.27898585114));
#7018=CARTESIAN_POINT('Ctrl Pts',(544.954335262423,-718.890728456033,668.370823647082));
#7019=CARTESIAN_POINT('Ctrl Pts',(544.835551122094,-718.730808448309,668.416114814799));
#7020=CARTESIAN_POINT('Ctrl Pts',(544.716140912429,-718.56984252818,668.460823247315));
#7021=CARTESIAN_POINT('Ctrl Pts',(544.596461806449,-718.407681738631,668.505324793203));
#7022=CARTESIAN_POINT('Ctrl Pts',(545.639847615922,-722.852271995771,663.089621484722));
#7023=CARTESIAN_POINT('Ctrl Pts',(545.695545415491,-722.815375331257,663.175018335261));
#7024=CARTESIAN_POINT('Ctrl Pts',(545.750358637514,-722.777478015797,663.259933861608));
#7025=CARTESIAN_POINT('Ctrl Pts',(545.804251055869,-722.738568136572,663.344362165096));
#7026=CARTESIAN_POINT('Ctrl Pts',(545.910116310509,-722.658700701616,663.512232527207));
#7027=CARTESIAN_POINT('Ctrl Pts',(546.011970827629,-722.574695519709,663.67810876486));
#7028=CARTESIAN_POINT('Ctrl Pts',(546.061852502699,-722.531647899944,663.760542933004));
#7029=CARTESIAN_POINT('Ctrl Pts',(546.208219860269,-722.399339871605,664.006319331772));
#7030=CARTESIAN_POINT('Ctrl Pts',(546.34427881284,-722.257450705814,664.247485608298));
#7031=CARTESIAN_POINT('Ctrl Pts',(546.429967327138,-722.15851569297,664.406201210297));
#7032=CARTESIAN_POINT('Ctrl Pts',(546.550267531249,-722.003538688044,664.641081721833));
#7033=CARTESIAN_POINT('Ctrl Pts',(546.656974709064,-721.838742139208,664.87108738552));
#7034=CARTESIAN_POINT('Ctrl Pts',(546.690957608866,-721.782718082461,664.947214793425));
#7035=CARTESIAN_POINT('Ctrl Pts',(546.755613231311,-721.668498975086,665.098378308035));
#7036=CARTESIAN_POINT('Ctrl Pts',(546.813299242591,-721.54999305564,665.247306501163));
#7037=CARTESIAN_POINT('Ctrl Pts',(546.840302786219,-721.489676775034,665.321219193114));
#7038=CARTESIAN_POINT('Ctrl Pts',(546.915137098975,-721.30546681299,665.541360524082));
#7039=CARTESIAN_POINT('Ctrl Pts',(546.969476606262,-721.11138437507,665.757108923299));
#7040=CARTESIAN_POINT('Ctrl Pts',(546.991942754784,-720.976159899039,665.903424408446));
#7041=CARTESIAN_POINT('Ctrl Pts',(547.012866331214,-720.697645585763,666.189772725442));
#7042=CARTESIAN_POINT('Ctrl Pts',(546.985476199708,-720.404885562583,666.463695215963));
#7043=CARTESIAN_POINT('Ctrl Pts',(546.960370592527,-720.255897373584,666.595944539112));
#7044=CARTESIAN_POINT('Ctrl Pts',(546.888045026251,-719.953464535681,666.850826197498));
#7045=CARTESIAN_POINT('Ctrl Pts',(546.775637596686,-719.645443036239,667.08220052881));
#7046=CARTESIAN_POINT('Ctrl Pts',(546.708433913086,-719.492131608356,667.18512657475));
#7047=CARTESIAN_POINT('Ctrl Pts',(546.560888589554,-719.18054813918,667.393789050344));
#7048=CARTESIAN_POINT('Ctrl Pts',(546.380982769077,-718.871257279452,667.564152570517));
#7049=CARTESIAN_POINT('Ctrl Pts',(546.282632344436,-718.719120945844,667.633436543906));
#7050=CARTESIAN_POINT('Ctrl Pts',(546.078576831553,-718.413853789255,667.768442626958));
#7051=CARTESIAN_POINT('Ctrl Pts',(545.860986660083,-718.10757878065,667.890507509935));
#7052=CARTESIAN_POINT('Ctrl Pts',(545.750001346257,-717.9537183228,667.94997144261));
#7053=CARTESIAN_POINT('Ctrl Pts',(545.637651047623,-717.798572021399,668.00836274305));
#7054=CARTESIAN_POINT('Ctrl Pts',(545.524269685979,-717.642000365256,668.065334989725));
#7055=CARTESIAN_POINT('Ctrl Pts',(545.710730269052,-722.54798836214,662.787723408832));
#7056=CARTESIAN_POINT('Ctrl Pts',(545.766295377294,-722.510587901601,662.873029439754));
#7057=CARTESIAN_POINT('Ctrl Pts',(545.821013119299,-722.47221802362,662.957870065438));
#7058=CARTESIAN_POINT('Ctrl Pts',(545.87485136619,-722.432868381043,663.042240036303));
#7059=CARTESIAN_POINT('Ctrl Pts',(545.980700172531,-722.352190167166,663.210028250582));
#7060=CARTESIAN_POINT('Ctrl Pts',(546.082745702282,-722.267519071462,663.375892536899));
#7061=CARTESIAN_POINT('Ctrl Pts',(546.132780661935,-722.224176548513,663.458338583488));
#7062=CARTESIAN_POINT('Ctrl Pts',(546.279803380058,-722.09110464126,663.704203319518));
#7063=CARTESIAN_POINT('Ctrl Pts',(546.417193770452,-721.948841192009,663.945604470845));
#7064=CARTESIAN_POINT('Ctrl Pts',(546.504161758914,-721.849861429296,664.104516797215));
#7065=CARTESIAN_POINT('Ctrl Pts',(546.627092245818,-721.695141242941,664.339795859324));
#7066=CARTESIAN_POINT('Ctrl Pts',(546.737580917396,-721.531029354905,664.5704250259));
#7067=CARTESIAN_POINT('Ctrl Pts',(546.772963704564,-721.47528107136,664.646783774876));
#7068=CARTESIAN_POINT('Ctrl Pts',(546.840689352762,-721.361696358166,664.798468676373));
#7069=CARTESIAN_POINT('Ctrl Pts',(546.902021684882,-721.24395293027,664.948088415193));
#7070=CARTESIAN_POINT('Ctrl Pts',(546.931008749539,-721.184045404983,665.022383380713));
#7071=CARTESIAN_POINT('Ctrl Pts',(547.012716345509,-721.001250073983,665.243699751246));
#7072=CARTESIAN_POINT('Ctrl Pts',(547.077630754369,-720.809335939828,665.460413301672));
#7073=CARTESIAN_POINT('Ctrl Pts',(547.112835595212,-720.677491516433,665.602782037491));
#7074=CARTESIAN_POINT('Ctrl Pts',(547.159367164349,-720.405095142833,665.886644601574));
#7075=CARTESIAN_POINT('Ctrl Pts',(547.152598527133,-720.117534344256,666.166933859835));
#7076=CARTESIAN_POINT('Ctrl Pts',(547.135096481862,-719.970597288133,666.30559670612));
#7077=CARTESIAN_POINT('Ctrl Pts',(547.087408411138,-719.672806500557,666.567620362824));
#7078=CARTESIAN_POINT('Ctrl Pts',(546.993619449089,-719.368139559802,666.81166948549));
#7079=CARTESIAN_POINT('Ctrl Pts',(546.937007009896,-719.215007762394,666.92793322716));
#7080=CARTESIAN_POINT('Ctrl Pts',(546.805205674609,-718.906335254883,667.14624594092));
#7081=CARTESIAN_POINT('Ctrl Pts',(546.642153882632,-718.598669271825,667.338382988139));
#7082=CARTESIAN_POINT('Ctrl Pts',(546.55312440894,-718.44571032289,667.426334805463));
#7083=CARTESIAN_POINT('Ctrl Pts',(546.364681418386,-718.138633611412,667.592774249408));
#7084=CARTESIAN_POINT('Ctrl Pts',(546.156103680632,-717.835868114053,667.730740256571));
#7085=CARTESIAN_POINT('Ctrl Pts',(546.047271171405,-717.685278941287,667.792791278817));
#7086=CARTESIAN_POINT('Ctrl Pts',(545.937487318872,-717.532588235319,667.855165621418));
#7087=CARTESIAN_POINT('Ctrl Pts',(545.826525443237,-717.378175847071,667.915676097879));
#7088=CARTESIAN_POINT('Ctrl Pts',(545.820907543832,-721.935930088763,662.172768267196));
#7089=CARTESIAN_POINT('Ctrl Pts',(545.87585761159,-721.897617759967,662.25780344327));
#7090=CARTESIAN_POINT('Ctrl Pts',(545.930021727788,-721.858396476793,662.342401738925));
#7091=CARTESIAN_POINT('Ctrl Pts',(545.983374689984,-721.818258674097,662.426559086237));
#7092=CARTESIAN_POINT('Ctrl Pts',(546.088405366076,-721.736136315256,662.593983887456));
#7093=CARTESIAN_POINT('Ctrl Pts',(546.189973956189,-721.650296658399,662.75961329528));
#7094=CARTESIAN_POINT('Ctrl Pts',(546.239864828445,-721.606441557522,662.841975249798));
#7095=CARTESIAN_POINT('Ctrl Pts',(546.386769201145,-721.472055327192,663.087691455782));
#7096=CARTESIAN_POINT('Ctrl Pts',(546.525089495588,-721.329170919038,663.329265821812));
#7097=CARTESIAN_POINT('Ctrl Pts',(546.613240506617,-721.230106711548,663.488444575546));
#7098=CARTESIAN_POINT('Ctrl Pts',(546.738952997169,-721.075774521288,663.724371620473));
#7099=CARTESIAN_POINT('Ctrl Pts',(546.854212639296,-720.912873663041,663.955961903887));
#7100=CARTESIAN_POINT('Ctrl Pts',(546.891433064389,-720.857623261664,664.032672674031));
#7101=CARTESIAN_POINT('Ctrl Pts',(546.963399382402,-720.745231182195,664.185110711543));
#7102=CARTESIAN_POINT('Ctrl Pts',(547.030243114879,-720.62908223998,664.335562531646));
#7103=CARTESIAN_POINT('Ctrl Pts',(547.06234143046,-720.570075100885,664.410286725983));
#7104=CARTESIAN_POINT('Ctrl Pts',(547.154503241954,-720.390276762336,664.632952318419));
#7105=CARTESIAN_POINT('Ctrl Pts',(547.233614496688,-720.202207896315,664.851138180558));
#7106=CARTESIAN_POINT('Ctrl Pts',(547.27964158923,-720.073163764743,664.994817434364));
#7107=CARTESIAN_POINT('Ctrl Pts',(547.359817595511,-719.80837091409,665.276993706169));
#7108=CARTESIAN_POINT('Ctrl Pts',(547.409571518461,-719.530897297813,665.551061718594));
#7109=CARTESIAN_POINT('Ctrl Pts',(547.420027685814,-719.388764998591,665.689862580423));
#7110=CARTESIAN_POINT('Ctrl Pts',(547.409023851664,-719.098682764924,665.968885158543));
#7111=CARTESIAN_POINT('Ctrl Pts',(547.359185712469,-718.800776491544,666.233093770895));
#7112=CARTESIAN_POINT('Ctrl Pts',(547.323856802546,-718.650277972724,666.361430180347));
#7113=CARTESIAN_POINT('Ctrl Pts',(547.235024504582,-718.348832465547,666.61056742014));
#7114=CARTESIAN_POINT('Ctrl Pts',(547.112701943541,-718.043774696582,666.840463523572));
#7115=CARTESIAN_POINT('Ctrl Pts',(547.045799609981,-717.891594333716,666.952107288236));
#7116=CARTESIAN_POINT('Ctrl Pts',(546.897137012505,-717.58830004069,667.161659600452));
#7117=CARTESIAN_POINT('Ctrl Pts',(546.720068677473,-717.285611415908,667.345460921687));
#7118=CARTESIAN_POINT('Ctrl Pts',(546.623982582156,-717.13512842753,667.429190331691));
#7119=CARTESIAN_POINT('Ctrl Pts',(546.521941100808,-716.98466460791,667.504756507493));
#7120=CARTESIAN_POINT('Ctrl Pts',(546.416433439893,-716.83312398403,667.575104492658));
#7121=CARTESIAN_POINT('Ctrl Pts',(545.876139989326,-721.318024013308,661.538214310275));
#7122=CARTESIAN_POINT('Ctrl Pts',(545.929918637933,-721.278969720762,661.622819742703));
#7123=CARTESIAN_POINT('Ctrl Pts',(545.982949571948,-721.239062204918,661.707009989036));
#7124=CARTESIAN_POINT('Ctrl Pts',(546.035212062572,-721.198295982541,661.790781897725));
#7125=CARTESIAN_POINT('Ctrl Pts',(546.138157197666,-721.11503654252,661.95748299595));
#7126=CARTESIAN_POINT('Ctrl Pts',(546.237853710831,-721.028307331101,662.122487202246));
#7127=CARTESIAN_POINT('Ctrl Pts',(546.286867580175,-720.984071338178,662.204562218094));
#7128=CARTESIAN_POINT('Ctrl Pts',(546.431337068972,-720.848739897111,662.449497895633));
#7129=CARTESIAN_POINT('Ctrl Pts',(546.567876727119,-720.705519373859,662.690542602256));
#7130=CARTESIAN_POINT('Ctrl Pts',(546.655187787311,-720.606515854994,662.849490015698));
#7131=CARTESIAN_POINT('Ctrl Pts',(546.780286958278,-720.452727321977,663.085257241564));
#7132=CARTESIAN_POINT('Ctrl Pts',(546.896080844304,-720.291059831378,663.317018835177));
#7133=CARTESIAN_POINT('Ctrl Pts',(546.933616723661,-720.236297742281,663.393826307296));
#7134=CARTESIAN_POINT('Ctrl Pts',(547.006502260748,-720.125034568164,663.5465482196));
#7135=CARTESIAN_POINT('Ctrl Pts',(547.07487270087,-720.010309960062,663.697489787998));
#7136=CARTESIAN_POINT('Ctrl Pts',(547.107893571488,-719.952086464697,663.772516903477));
#7137=CARTESIAN_POINT('Ctrl Pts',(547.203344781199,-719.774847624197,663.996273974769));
#7138=CARTESIAN_POINT('Ctrl Pts',(547.287649916088,-719.58998122006,664.216042783039));
#7139=CARTESIAN_POINT('Ctrl Pts',(547.338695152301,-719.463431263202,664.360721710048));
#7140=CARTESIAN_POINT('Ctrl Pts',(547.429222797014,-719.203774978141,664.646827581444));
#7141=CARTESIAN_POINT('Ctrl Pts',(547.495760033491,-718.931737187878,664.925829291387));
#7142=CARTESIAN_POINT('Ctrl Pts',(547.525873027489,-718.792993478455,665.0613768443));
#7143=CARTESIAN_POINT('Ctrl Pts',(547.567776265343,-718.509751598915,665.330807992657));
#7144=CARTESIAN_POINT('Ctrl Pts',(547.565826117815,-718.218190592065,665.600327604672));
#7145=CARTESIAN_POINT('Ctrl Pts',(547.554461935167,-718.0709312513,665.733987314156));
#7146=CARTESIAN_POINT('Ctrl Pts',(547.514938970044,-717.774648120089,665.996415875336));
#7147=CARTESIAN_POINT('Ctrl Pts',(547.440502538303,-717.477639266331,666.248898558944));
#7148=CARTESIAN_POINT('Ctrl Pts',(547.392316987829,-717.327556800884,666.370231018729));
#7149=CARTESIAN_POINT('Ctrl Pts',(547.280820624572,-717.027278592611,666.606790210163));
#7150=CARTESIAN_POINT('Ctrl Pts',(547.138039375412,-716.726379424815,666.820050187193));
#7151=CARTESIAN_POINT('Ctrl Pts',(547.058854027091,-716.575756935009,666.919594523585));
#7152=CARTESIAN_POINT('Ctrl Pts',(546.97182356278,-716.42529870668,667.011491644354));
#7153=CARTESIAN_POINT('Ctrl Pts',(546.878929816799,-716.27444302561,667.096834275257));
#7154=CARTESIAN_POINT('Ctrl Pts',(545.892064116821,-721.007899844485,661.216702729329));
#7155=CARTESIAN_POINT('Ctrl Pts',(545.945153154329,-720.968512266517,661.301057181248));
#7156=CARTESIAN_POINT('Ctrl Pts',(545.997508577133,-720.92829811329,661.385005268445));
#7157=CARTESIAN_POINT('Ctrl Pts',(546.0491113204,-720.887252815314,661.468544155683));
#7158=CARTESIAN_POINT('Ctrl Pts',(546.150772153708,-720.803492163772,661.634798143243));
#7159=CARTESIAN_POINT('Ctrl Pts',(546.249262847567,-720.716379169206,661.799394511528));
#7160=CARTESIAN_POINT('Ctrl Pts',(546.297695450826,-720.671981528326,661.88127578002));
#7161=CARTESIAN_POINT('Ctrl Pts',(546.440492725849,-720.536258478335,662.125661850784));
#7162=CARTESIAN_POINT('Ctrl Pts',(546.575596498727,-720.392933668447,662.366255893807));
#7163=CARTESIAN_POINT('Ctrl Pts',(546.662075677312,-720.293995113079,662.52494985322));
#7164=CARTESIAN_POINT('Ctrl Pts',(546.786140814976,-720.140512377298,662.760418274409));
#7165=CARTESIAN_POINT('Ctrl Pts',(546.901297451783,-719.979474060123,662.992013079316));
#7166=CARTESIAN_POINT('Ctrl Pts',(546.938669361517,-719.924958264927,663.068780118631));
#7167=CARTESIAN_POINT('Ctrl Pts',(547.011336917815,-719.814262742842,663.221450884671));
#7168=CARTESIAN_POINT('Ctrl Pts',(547.079749549313,-719.700262372203,663.372394933968));
#7169=CARTESIAN_POINT('Ctrl Pts',(547.112866485462,-719.642441723535,663.447435256277));
#7170=CARTESIAN_POINT('Ctrl Pts',(547.208869331361,-719.466539788508,663.671262215623));
#7171=CARTESIAN_POINT('Ctrl Pts',(547.29456391432,-719.283394553136,663.891213853204));
#7172=CARTESIAN_POINT('Ctrl Pts',(547.346881724109,-719.158146322787,664.036128513884));
#7173=CARTESIAN_POINT('Ctrl Pts',(547.441292778875,-718.901530486721,664.322571066833));
#7174=CARTESIAN_POINT('Ctrl Pts',(547.513521298527,-718.633047162626,664.602190354041));
#7175=CARTESIAN_POINT('Ctrl Pts',(547.543640336843,-718.495954653737,664.740319632925));
#7176=CARTESIAN_POINT('Ctrl Pts',(547.59114530756,-718.216030001772,665.012617179418));
#7177=CARTESIAN_POINT('Ctrl Pts',(547.611055530059,-717.926896770654,665.278706589306));
#7178=CARTESIAN_POINT('Ctrl Pts',(547.613405691949,-717.780658913844,665.410787864026));
#7179=CARTESIAN_POINT('Ctrl Pts',(547.603411078333,-717.486534156073,665.673712414344));
#7180=CARTESIAN_POINT('Ctrl Pts',(547.556557504762,-717.190321305718,665.929338913383));
#7181=CARTESIAN_POINT('Ctrl Pts',(547.521315926855,-717.042111783605,666.054206718572));
#7182=CARTESIAN_POINT('Ctrl Pts',(547.426405664863,-716.745296365781,666.295660920104));
#7183=CARTESIAN_POINT('Ctrl Pts',(547.294272070779,-716.447053002466,666.51762874932));
#7184=CARTESIAN_POINT('Ctrl Pts',(547.221161014526,-716.297461953059,666.622907470995));
#7185=CARTESIAN_POINT('Ctrl Pts',(547.141569571767,-716.147466788079,666.721879837108));
#7186=CARTESIAN_POINT('Ctrl Pts',(547.05641016582,-715.9968749452,666.814915636249));
#7187=CARTESIAN_POINT('Ctrl Pts',(545.898813950679,-720.696731303386,660.891955548934));
#7188=CARTESIAN_POINT('Ctrl Pts',(545.951164280737,-720.657037354229,660.976042302453));
#7189=CARTESIAN_POINT('Ctrl Pts',(546.002792262207,-720.616541694139,661.059730240715));
#7190=CARTESIAN_POINT('Ctrl Pts',(546.053680087851,-720.575240479777,661.143016735659));
#7191=CARTESIAN_POINT('Ctrl Pts',(546.153938828314,-720.491020576396,661.308781858218));
#7192=CARTESIAN_POINT('Ctrl Pts',(546.251088638485,-720.403556100333,661.472921967858));
#7193=CARTESIAN_POINT('Ctrl Pts',(546.298867533034,-720.359010313224,661.554583450117));
#7194=CARTESIAN_POINT('Ctrl Pts',(546.439758424722,-720.222927420351,661.798335733565));
#7195=CARTESIAN_POINT('Ctrl Pts',(546.573134303433,-720.079501316171,662.038374089554));
#7196=CARTESIAN_POINT('Ctrl Pts',(546.658553524938,-719.980614362109,662.196733512298));
#7197=CARTESIAN_POINT('Ctrl Pts',(546.781187566225,-719.827392331764,662.431755339522));
#7198=CARTESIAN_POINT('Ctrl Pts',(546.89518281827,-719.666891242776,662.662984515324));
#7199=CARTESIAN_POINT('Ctrl Pts',(546.932199310563,-719.612585333034,662.739638570088));
#7200=CARTESIAN_POINT('Ctrl Pts',(547.004222901582,-719.502371067385,662.892100713596));
#7201=CARTESIAN_POINT('Ctrl Pts',(547.072131782625,-719.388973751301,663.042869365514));
#7202=CARTESIAN_POINT('Ctrl Pts',(547.105033541709,-719.331484788165,663.117829926837));
#7203=CARTESIAN_POINT('Ctrl Pts',(547.200505236383,-719.156666784336,663.341439904451));
#7204=CARTESIAN_POINT('Ctrl Pts',(547.286028048691,-718.974864786255,663.561235068871));
#7205=CARTESIAN_POINT('Ctrl Pts',(547.338404651226,-718.850622091476,663.706069775854));
#7206=CARTESIAN_POINT('Ctrl Pts',(547.433328965615,-718.596204446388,663.992356954887));
#7207=CARTESIAN_POINT('Ctrl Pts',(547.507308970026,-718.330320783756,664.271861171024));
#7208=CARTESIAN_POINT('Ctrl Pts',(547.538742528227,-718.194618477133,664.409921412543));
#7209=CARTESIAN_POINT('Ctrl Pts',(547.589886648368,-717.917907395737,664.682529987465));
#7210=CARTESIAN_POINT('Ctrl Pts',(547.616757089359,-717.632429114621,664.949513987386));
#7211=CARTESIAN_POINT('Ctrl Pts',(547.623772695582,-717.487969932206,665.081963203595));
#7212=CARTESIAN_POINT('Ctrl Pts',(547.626320194992,-717.196972604896,665.345832357288));
#7213=CARTESIAN_POINT('Ctrl Pts',(547.598960507527,-716.903201613881,665.604365523393));
#7214=CARTESIAN_POINT('Ctrl Pts',(547.575551137295,-716.756020140255,665.731465314703));
#7215=CARTESIAN_POINT('Ctrl Pts',(547.505573423173,-716.461085858556,665.978461534732));
#7216=CARTESIAN_POINT('Ctrl Pts',(547.396718301967,-716.164566547976,666.208146480699));
#7217=CARTESIAN_POINT('Ctrl Pts',(547.334002270564,-716.015818972159,666.317848860324));
#7218=CARTESIAN_POINT('Ctrl Pts',(547.264235140467,-715.866549614307,666.421921709818));
#7219=CARTESIAN_POINT('Ctrl Pts',(547.188329686314,-715.716628138778,666.520501152055));
#7220=CARTESIAN_POINT('Ctrl Pts',(545.898553707165,-720.38469590117,660.564927809215));
#7221=CARTESIAN_POINT('Ctrl Pts',(545.95016055498,-720.344719721344,660.648749825905));
#7222=CARTESIAN_POINT('Ctrl Pts',(546.001055581445,-720.303965151826,660.732180291007));
#7223=CARTESIAN_POINT('Ctrl Pts',(546.051222074083,-720.262428949701,660.815216772284));
#7224=CARTESIAN_POINT('Ctrl Pts',(546.150063717575,-720.177788053311,660.980497172868));
#7225=CARTESIAN_POINT('Ctrl Pts',(546.245852469094,-720.090002633434,661.144183915385));
#7226=CARTESIAN_POINT('Ctrl Pts',(546.292966068933,-720.045321907691,661.225626738725));
#7227=CARTESIAN_POINT('Ctrl Pts',(546.431910642108,-719.908912215639,661.468747655977));
#7228=CARTESIAN_POINT('Ctrl Pts',(546.563500988882,-719.765396996967,661.708229954382));
#7229=CARTESIAN_POINT('Ctrl Pts',(546.647812083418,-719.666559505588,661.866253460535));
#7230=CARTESIAN_POINT('Ctrl Pts',(546.768924614204,-719.51357815175,662.100825171774));
#7231=CARTESIAN_POINT('Ctrl Pts',(546.881637793004,-719.353568440479,662.331686042178));
#7232=CARTESIAN_POINT('Ctrl Pts',(546.918255117809,-719.299454234693,662.408226486115));
#7233=CARTESIAN_POINT('Ctrl Pts',(546.989540047155,-719.189679099299,662.5604797926));
#7234=CARTESIAN_POINT('Ctrl Pts',(547.056837000464,-719.076831757113,662.711076531765));
#7235=CARTESIAN_POINT('Ctrl Pts',(547.089466343069,-719.019645345237,662.78596040929));
#7236=CARTESIAN_POINT('Ctrl Pts',(547.184227492995,-718.845816914952,663.009368278461));
#7237=CARTESIAN_POINT('Ctrl Pts',(547.269385246018,-718.665247901638,663.229046571935));
#7238=CARTESIAN_POINT('Ctrl Pts',(547.321693618022,-718.541933535774,663.373843604518));
#7239=CARTESIAN_POINT('Ctrl Pts',(547.4169123012,-718.28957900374,663.660132624694));
#7240=CARTESIAN_POINT('Ctrl Pts',(547.492397196777,-718.026220422212,663.939895942254));
#7241=CARTESIAN_POINT('Ctrl Pts',(547.524973431258,-717.891903172127,664.078167055981));
#7242=CARTESIAN_POINT('Ctrl Pts',(547.579390099929,-717.618316591324,664.351586387835));
#7243=CARTESIAN_POINT('Ctrl Pts',(547.612110554582,-717.33636441699,664.619893877362));
#7244=CARTESIAN_POINT('Ctrl Pts',(547.622901948443,-717.193679443452,664.753040138661));
#7245=CARTESIAN_POINT('Ctrl Pts',(547.634435339282,-716.905974292103,665.018185189559));
#7246=CARTESIAN_POINT('Ctrl Pts',(547.620069258554,-716.614889668084,665.278579908443));
#7247=CARTESIAN_POINT('Ctrl Pts',(547.604686603898,-716.468850212627,665.40696481214));
#7248=CARTESIAN_POINT('Ctrl Pts',(547.553474454547,-716.175921788172,665.657516648219));
#7249=CARTESIAN_POINT('Ctrl Pts',(547.465188026028,-715.881065655206,665.892782733486));
#7250=CARTESIAN_POINT('Ctrl Pts',(547.412469096167,-715.733107423521,666.005824901798));
#7251=CARTESIAN_POINT('Ctrl Pts',(547.352377078739,-715.584557710239,666.113822952095));
#7252=CARTESIAN_POINT('Ctrl Pts',(547.285773715769,-715.435318027772,666.216779305213));
#7253=CARTESIAN_POINT('',(534.62479001803,-730.000000008136,671.612768165798));
#7254=CARTESIAN_POINT('Ctrl Pts',(534.627120793398,-730.,671.615798659476));
#7255=CARTESIAN_POINT('Ctrl Pts',(534.549291357932,-730.,671.702656541029));
#7256=CARTESIAN_POINT('Ctrl Pts',(534.452426432646,-730.,671.778140186986));
#7257=CARTESIAN_POINT('Ctrl Pts',(534.1996360107,-730.,671.95609930212));
#7258=CARTESIAN_POINT('Ctrl Pts',(533.992755107001,-730.,672.067707358795));
#7259=CARTESIAN_POINT('Ctrl Pts',(533.497296753185,-730.,672.336914843245));
#7260=CARTESIAN_POINT('Ctrl Pts',(533.087490708393,-730.,672.560583345301));
#7261=CARTESIAN_POINT('Ctrl Pts',(531.799948201728,-730.,673.431608221874));
#7262=CARTESIAN_POINT('Ctrl Pts',(531.126851115964,-730.,674.00165361682));
#7263=CARTESIAN_POINT('Ctrl Pts',(529.557591271915,-730.,675.468449293233));
#7264=CARTESIAN_POINT('Ctrl Pts',(528.74335613585,-730.,676.327805146741));
#7265=CARTESIAN_POINT('Ctrl Pts',(526.975244747169,-730.,677.904136359669));
#7266=CARTESIAN_POINT('Ctrl Pts',(525.78139934948,-730.000000000078,678.847666697944));
#7267=CARTESIAN_POINT('Ctrl Pts',(523.671540038189,-730.000000000078,679.70887171986));
#7268=CARTESIAN_POINT('Ctrl Pts',(523.285274726852,-730.,679.844074003888));
#7269=CARTESIAN_POINT('Ctrl Pts',(522.651749290877,-730.,680.025951253205));
#7270=CARTESIAN_POINT('Ctrl Pts',(522.412009743056,-730.,680.085841232761));
#7271=CARTESIAN_POINT('Ctrl Pts',(522.012459993309,-730.,680.171370793223));
#7272=CARTESIAN_POINT('Ctrl Pts',(521.857982350931,-730.,680.200992323789));
#7273=CARTESIAN_POINT('Ctrl Pts',(521.54955208233,-730.,680.254224496953));
#7274=CARTESIAN_POINT('Ctrl Pts',(521.401110749952,-730.,680.27709496489));
#7275=CARTESIAN_POINT('Ctrl Pts',(521.249351501465,-730.,680.298616574875));
#7276=CARTESIAN_POINT('Ctrl Pts',(547.624416351318,-717.,665.118692007567));
#7277=CARTESIAN_POINT('Ctrl Pts',(547.624697929769,-717.852274283539,665.11854731853));
#7278=CARTESIAN_POINT('Ctrl Pts',(547.497510574068,-719.132786933017,665.18208747465));
#7279=CARTESIAN_POINT('Ctrl Pts',(547.083422689222,-720.783856720247,665.388941140034));
#7280=CARTESIAN_POINT('Ctrl Pts',(546.652134842356,-721.987833083396,665.604391398238));
#7281=CARTESIAN_POINT('Ctrl Pts',(546.10492715473,-723.143461542581,665.87774338262));
#7282=CARTESIAN_POINT('Ctrl Pts',(545.447168154028,-724.239616312359,666.206322429266));
#7283=CARTESIAN_POINT('Ctrl Pts',(544.685281576886,-725.265771928352,666.586920504264));
#7284=CARTESIAN_POINT('Ctrl Pts',(543.826658135372,-726.21209070128,667.015840275098));
#7285=CARTESIAN_POINT('Ctrl Pts',(542.879611205064,-727.069519442711,667.488929293031));
#7286=CARTESIAN_POINT('Ctrl Pts',(541.853303183444,-727.829898944891,668.001614568594));
#7287=CARTESIAN_POINT('Ctrl Pts',(540.757608101788,-728.485956358,668.548967916529));
#7288=CARTESIAN_POINT('Ctrl Pts',(539.603076263297,-729.031474415402,669.125704719561));
#7289=CARTESIAN_POINT('Ctrl Pts',(538.400789741051,-729.461226467024,669.726301632707));
#7290=CARTESIAN_POINT('Ctrl Pts',(536.746922351654,-729.875094900741,670.552477236262));
#7291=CARTESIAN_POINT('Ctrl Pts',(535.474286743885,-730.000020802798,671.188228693252));
#7292=CARTESIAN_POINT('Ctrl Pts',(534.624598890713,-730.000000005752,671.612676598095));
#7293=CARTESIAN_POINT('',(546.2583351732,-717.,667.634702383882));
#7294=CARTESIAN_POINT('Origin',(544.624420290552,-717.,665.118693999123));
#7295=CARTESIAN_POINT('',(536.258335113525,-727.,674.128781881835));
#7296=CARTESIAN_POINT('Ctrl Pts',(536.258335113525,-727.,674.128781881835));
#7297=CARTESIAN_POINT('Ctrl Pts',(536.911571643044,-726.999989900674,673.704564188172));
#7298=CARTESIAN_POINT('Ctrl Pts',(537.889235344017,-726.90426939037,673.06964838489));
#7299=CARTESIAN_POINT('Ctrl Pts',(539.161942090888,-726.585947871708,672.24315991619));
#7300=CARTESIAN_POINT('Ctrl Pts',(540.086421060277,-726.255641438395,671.642789582113));
#7301=CARTESIAN_POINT('Ctrl Pts',(540.974252348334,-725.836374891354,671.066229198429));
#7302=CARTESIAN_POINT('Ctrl Pts',(541.816905691743,-725.332091972591,670.519000802404));
#7303=CARTESIAN_POINT('Ctrl Pts',(542.606291941554,-724.74757538058,670.006367833589));
#7304=CARTESIAN_POINT('Ctrl Pts',(543.334820039963,-724.088374198096,669.533259192209));
#7305=CARTESIAN_POINT('Ctrl Pts',(543.995444000131,-723.360729306227,669.104236690569));
#7306=CARTESIAN_POINT('Ctrl Pts',(544.581778882869,-722.571563398881,668.723472459769));
#7307=CARTESIAN_POINT('Ctrl Pts',(545.088079703044,-721.728382255299,668.394670224943));
#7308=CARTESIAN_POINT('Ctrl Pts',(545.50941135349,-720.839271190926,668.121060993862));
#7309=CARTESIAN_POINT('Ctrl Pts',(545.841553631576,-719.912756263803,667.905359563045));
#7310=CARTESIAN_POINT('Ctrl Pts',(546.160141582534,-718.643598321505,667.698474156585));
#7311=CARTESIAN_POINT('Ctrl Pts',(546.258614527244,-717.656352670101,667.634522431692));
#7312=CARTESIAN_POINT('Ctrl Pts',(546.258335113525,-717.,667.634702291991));
#7313=CARTESIAN_POINT('',(530.250520235403,-726.999123360612,678.034123015486));
#7314=CARTESIAN_POINT('Ctrl Pts',(499.723931150726,-645.999999391111,684.221151939872));
#7315=CARTESIAN_POINT('Ctrl Pts',(498.223930552967,-645.999999316089,684.221151939872));
#7316=CARTESIAN_POINT('Ctrl Pts',(498.223930552967,-645.999999924978,682.721151342112));
#7317=CARTESIAN_POINT('Ctrl Pts',(498.223930552967,-646.000000533867,681.221150744353));
#7318=CARTESIAN_POINT('Ctrl Pts',(499.723931150726,-646.000000608889,681.221150744353));
#7319=CARTESIAN_POINT('Ctrl Pts',(501.223931748486,-646.00000068391,681.221150744353));
#7320=CARTESIAN_POINT('Ctrl Pts',(501.223931748486,-646.000000075022,682.721151342112));
#7321=CARTESIAN_POINT('Ctrl Pts',(501.223931748486,-645.999999466133,684.221151939872));
#7322=CARTESIAN_POINT('Ctrl Pts',(499.723931150726,-645.999999391111,684.221151939872));
#7323=CARTESIAN_POINT('Ctrl Pts',(499.723931126207,-646.490238031686,684.221152390509));
#7324=CARTESIAN_POINT('Ctrl Pts',(498.223930276811,-646.490237956664,684.221152390509));
#7325=CARTESIAN_POINT('Ctrl Pts',(498.223930276811,-646.490238565552,682.721151541113));
#7326=CARTESIAN_POINT('Ctrl Pts',(498.223930276811,-646.490239174441,681.221150691716));
#7327=CARTESIAN_POINT('Ctrl Pts',(499.723931126207,-646.490239249463,681.221150691716));
#7328=CARTESIAN_POINT('Ctrl Pts',(501.223931975604,-646.490239324485,681.221150691716));
#7329=CARTESIAN_POINT('Ctrl Pts',(501.223931975604,-646.490238715596,682.721151541113));
#7330=CARTESIAN_POINT('Ctrl Pts',(501.223931975604,-646.490238106708,684.221152390509));
#7331=CARTESIAN_POINT('Ctrl Pts',(499.723931126207,-646.490238031686,684.221152390509));
#7332=CARTESIAN_POINT('Ctrl Pts',(499.72393111119,-646.79049417789,683.833621525443));
#7333=CARTESIAN_POINT('Ctrl Pts',(498.611461248741,-646.790494122251,683.833621525443));
#7334=CARTESIAN_POINT('Ctrl Pts',(498.611461248741,-646.790494573831,682.721151662994));
#7335=CARTESIAN_POINT('Ctrl Pts',(498.611461248741,-646.790495025411,681.608681800545));
#7336=CARTESIAN_POINT('Ctrl Pts',(499.72393111119,-646.79049508105,681.608681800545));
#7337=CARTESIAN_POINT('Ctrl Pts',(500.836400973639,-646.79049513669,681.608681800545));
#7338=CARTESIAN_POINT('Ctrl Pts',(500.836400973639,-646.79049468511,682.721151662994));
#7339=CARTESIAN_POINT('Ctrl Pts',(500.836400973639,-646.79049423353,683.833621525443));
#7340=CARTESIAN_POINT('Ctrl Pts',(499.72393111119,-646.79049417789,683.833621525443));
#7341=CARTESIAN_POINT('Ctrl Pts',(499.723931096173,-647.090750324095,683.446090660377));
#7342=CARTESIAN_POINT('Ctrl Pts',(498.998992220672,-647.090750287838,683.446090660377));
#7343=CARTESIAN_POINT('Ctrl Pts',(498.998992220672,-647.090750582109,682.721151784876));
#7344=CARTESIAN_POINT('Ctrl Pts',(498.998992220672,-647.09075087638,681.996212909375));
#7345=CARTESIAN_POINT('Ctrl Pts',(499.723931096173,-647.090750912638,681.996212909375));
#7346=CARTESIAN_POINT('Ctrl Pts',(500.448869971674,-647.090750948895,681.996212909375));
#7347=CARTESIAN_POINT('Ctrl Pts',(500.448869971674,-647.090750654624,682.721151784876));
#7348=CARTESIAN_POINT('Ctrl Pts',(500.448869971674,-647.090750360353,683.446090660377));
#7349=CARTESIAN_POINT('Ctrl Pts',(499.723931096173,-647.090750324095,683.446090660377));
#7350=CARTESIAN_POINT('Ctrl Pts',(499.723931102297,-646.96830662628,682.971389211487));
#7351=CARTESIAN_POINT('Ctrl Pts',(499.473693625982,-646.968306613765,682.971389211487));
#7352=CARTESIAN_POINT('Ctrl Pts',(499.473693625982,-646.968306715343,682.721151735173));
#7353=CARTESIAN_POINT('Ctrl Pts',(499.473693625982,-646.968306816921,682.470914258858));
#7354=CARTESIAN_POINT('Ctrl Pts',(499.723931102297,-646.968306829436,682.470914258858));
#7355=CARTESIAN_POINT('Ctrl Pts',(499.974168578611,-646.968306841952,682.470914258858));
#7356=CARTESIAN_POINT('Ctrl Pts',(499.974168578611,-646.968306740374,682.721151735173));
#7357=CARTESIAN_POINT('Ctrl Pts',(499.974168578611,-646.968306638796,682.971389211487));
#7358=CARTESIAN_POINT('Ctrl Pts',(499.723931102297,-646.96830662628,682.971389211487));
#7359=CARTESIAN_POINT('',(499.290918174665,-646.999999903422,682.971151062781));
#7360=CARTESIAN_POINT('',(499.29091855375,-647.000000004904,682.471150962315));
#7361=CARTESIAN_POINT('Origin',(499.723931100712,-646.999999929982,682.721151748038));
#7362=CARTESIAN_POINT('',(499.7239311022,-647.,682.971150961425));
#7363=CARTESIAN_POINT('',(499.723931121826,-647.,682.971150961425));
#7364=CARTESIAN_POINT('Ctrl Pts',(499.723931102205,-646.97014187037,682.978615542781));
#7365=CARTESIAN_POINT('Ctrl Pts',(499.723931096314,-647.087923533746,683.449739106956));
#7366=CARTESIAN_POINT('Ctrl Pts',(499.72393111119,-646.79049417789,683.833621525443));
#7367=CARTESIAN_POINT('Ctrl Pts',(499.723931126207,-646.490238031686,684.221152390509));
#7368=CARTESIAN_POINT('Ctrl Pts',(499.723931150726,-645.999999391111,684.221151939872));
#7369=CARTESIAN_POINT('',(500.156944281197,-646.999999925079,682.971150965059));
#7370=CARTESIAN_POINT('',(499.723931121826,-647.,682.971150961425));
#7371=CARTESIAN_POINT('',(500.156943383384,-647.00000002656,682.471150961425));
#7372=CARTESIAN_POINT('Origin',(499.723931100712,-646.999999929982,682.721151748038));
#7373=CARTESIAN_POINT('',(499.723931121826,-647.,682.471150961425));
#7374=CARTESIAN_POINT('Ctrl Pts',(490.960823397993,-645.999999614101,647.281927388256));
#7375=CARTESIAN_POINT('Ctrl Pts',(489.460823205613,-645.999999535036,647.281927388256));
#7376=CARTESIAN_POINT('Ctrl Pts',(489.460823205613,-645.999999920934,645.781927195877));
#7377=CARTESIAN_POINT('Ctrl Pts',(489.460823205613,-646.000000306833,644.281927003497));
#7378=CARTESIAN_POINT('Ctrl Pts',(490.960823397993,-646.000000385899,644.281927003497));
#7379=CARTESIAN_POINT('Ctrl Pts',(492.460823590372,-646.000000464964,644.281927003497));
#7380=CARTESIAN_POINT('Ctrl Pts',(492.460823590372,-646.000000079065,645.781927195877));
#7381=CARTESIAN_POINT('Ctrl Pts',(492.460823590372,-645.999999693166,647.281927388256));
#7382=CARTESIAN_POINT('Ctrl Pts',(490.960823397993,-645.999999614101,647.281927388256));
#7383=CARTESIAN_POINT('Ctrl Pts',(490.960823372152,-646.490238091313,647.281927548062));
#7384=CARTESIAN_POINT('Ctrl Pts',(489.460823146089,-646.490238012248,647.281927548062));
#7385=CARTESIAN_POINT('Ctrl Pts',(489.460823146089,-646.490238398146,645.781927321998));
#7386=CARTESIAN_POINT('Ctrl Pts',(489.460823146089,-646.490238784045,644.281927095935));
#7387=CARTESIAN_POINT('Ctrl Pts',(490.960823372152,-646.490238863111,644.281927095935));
#7388=CARTESIAN_POINT('Ctrl Pts',(492.460823598216,-646.490238942176,644.281927095935));
#7389=CARTESIAN_POINT('Ctrl Pts',(492.460823598216,-646.490238556277,645.781927321998));
#7390=CARTESIAN_POINT('Ctrl Pts',(492.460823598215,-646.490238170378,647.281927548062));
#7391=CARTESIAN_POINT('Ctrl Pts',(490.960823372152,-646.490238091313,647.281927548062));
#7392=CARTESIAN_POINT('Ctrl Pts',(490.960823356326,-646.790494187503,646.894396850903));
#7393=CARTESIAN_POINT('Ctrl Pts',(489.848353904666,-646.790494128864,646.894396850903));
#7394=CARTESIAN_POINT('Ctrl Pts',(489.848353904666,-646.790494415065,645.781927399244));
#7395=CARTESIAN_POINT('Ctrl Pts',(489.848353904666,-646.790494701265,644.669457947584));
#7396=CARTESIAN_POINT('Ctrl Pts',(490.960823356326,-646.790494759904,644.669457947584));
#7397=CARTESIAN_POINT('Ctrl Pts',(492.073292807985,-646.790494818542,644.669457947584));
#7398=CARTESIAN_POINT('Ctrl Pts',(492.073292807985,-646.790494532342,645.781927399244));
#7399=CARTESIAN_POINT('Ctrl Pts',(492.073292807985,-646.790494246141,646.894396850903));
#7400=CARTESIAN_POINT('Ctrl Pts',(490.960823356326,-646.790494187503,646.894396850903));
#7401=CARTESIAN_POINT('Ctrl Pts',(490.960823340499,-647.090750283693,646.506866153745));
#7402=CARTESIAN_POINT('Ctrl Pts',(490.235884663243,-647.090750245482,646.506866153745));
#7403=CARTESIAN_POINT('Ctrl Pts',(490.235884663243,-647.090750431984,645.781927476489));
#7404=CARTESIAN_POINT('Ctrl Pts',(490.235884663243,-647.090750618486,645.056988799234));
#7405=CARTESIAN_POINT('Ctrl Pts',(490.960823340499,-647.090750656697,645.056988799234));
#7406=CARTESIAN_POINT('Ctrl Pts',(491.685762017755,-647.090750694909,645.056988799234));
#7407=CARTESIAN_POINT('Ctrl Pts',(491.685762017755,-647.090750508407,645.781927476489));
#7408=CARTESIAN_POINT('Ctrl Pts',(491.685762017755,-647.090750321905,646.506866153745));
#7409=CARTESIAN_POINT('Ctrl Pts',(490.960823340499,-647.090750283693,646.506866153745));
#7410=CARTESIAN_POINT('Ctrl Pts',(490.960823346953,-646.968307030887,646.032164758781));
#7411=CARTESIAN_POINT('Ctrl Pts',(490.710586033161,-646.968307017697,646.032164758781));
#7412=CARTESIAN_POINT('Ctrl Pts',(490.710586033161,-646.968307082074,645.781927444989));
#7413=CARTESIAN_POINT('Ctrl Pts',(490.710586033161,-646.968307146452,645.531690131197));
#7414=CARTESIAN_POINT('Ctrl Pts',(490.960823346953,-646.968307159642,645.531690131197));
#7415=CARTESIAN_POINT('Ctrl Pts',(491.211060660745,-646.968307172832,645.531690131197));
#7416=CARTESIAN_POINT('Ctrl Pts',(491.211060660745,-646.968307108455,645.781927444989));
#7417=CARTESIAN_POINT('Ctrl Pts',(491.211060660745,-646.968307044077,646.032164758781));
#7418=CARTESIAN_POINT('Ctrl Pts',(490.960823346953,-646.968307030887,646.032164758781));
#7419=CARTESIAN_POINT('',(490.527810478866,-646.999999989423,646.031926719591));
#7420=CARTESIAN_POINT('',(490.52781083932,-647.00000005374,645.531926795578));
#7421=CARTESIAN_POINT('Origin',(490.960823345283,-647.000000065987,645.781927453143));
#7422=CARTESIAN_POINT('',(490.960823346851,-647.,646.03192671826));
#7423=CARTESIAN_POINT('',(490.960823392868,-647.,646.03192671826));
#7424=CARTESIAN_POINT('Ctrl Pts',(490.960823346856,-646.97014228744,646.03939116604));
#7425=CARTESIAN_POINT('Ctrl Pts',(490.960823340648,-647.08792346484,646.51051463614));
#7426=CARTESIAN_POINT('Ctrl Pts',(490.960823356326,-646.790494187503,646.894396850903));
#7427=CARTESIAN_POINT('Ctrl Pts',(490.960823372152,-646.490238091313,647.281927548062));
#7428=CARTESIAN_POINT('Ctrl Pts',(490.960823397993,-645.999999614101,647.281927388256));
#7429=CARTESIAN_POINT('',(491.393836598475,-647.000000012248,646.03192671826));
#7430=CARTESIAN_POINT('',(490.960823392868,-647.,646.03192671826));
#7431=CARTESIAN_POINT('',(491.393835819377,-647.000000076564,645.531926777046));
#7432=CARTESIAN_POINT('Origin',(490.960823345283,-647.000000065988,645.781927453143));
#7433=CARTESIAN_POINT('',(490.960823392868,-647.,645.531926718261));
#7434=CARTESIAN_POINT('Origin',(500.045872114892,-646.000000611296,632.904505565645));
#7435=CARTESIAN_POINT('',(500.045872097747,-646.999999973817,631.404505615278));
#7436=CARTESIAN_POINT('Origin',(500.045872114892,-646.000000606106,631.404505091022));
#7437=CARTESIAN_POINT('Origin',(500.045872097747,-646.999999979007,632.904505562185));
#7438=CARTESIAN_POINT('Origin',(534.624416351318,-717.,616.963788633805));
#7439=CARTESIAN_POINT('',(534.624416351319,-729.121323035842,614.842471281905));
#7440=CARTESIAN_POINT('',(534.624416351318,-730.,616.963790904343));
#7441=CARTESIAN_POINT('Origin',(534.624416351318,-727.000009488607,616.963785810886));
#7442=CARTESIAN_POINT('',(546.745738719115,-717.,614.842470439298));
#7443=CARTESIAN_POINT('Ctrl Pts',(546.745740573365,-717.000000000002,614.842470095698));
#7444=CARTESIAN_POINT('Ctrl Pts',(546.745740554093,-717.287984611786,614.842470498388));
#7445=CARTESIAN_POINT('Ctrl Pts',(546.735472956525,-717.575969069013,614.842470778794));
#7446=CARTESIAN_POINT('Ctrl Pts',(546.714963880483,-717.863222403033,614.842470967805));
#7447=CARTESIAN_POINT('Ctrl Pts',(546.694455122206,-718.150471286394,614.842471156812));
#7448=CARTESIAN_POINT('Ctrl Pts',(546.663705220703,-718.436988822162,614.842471254424));
#7449=CARTESIAN_POINT('Ctrl Pts',(546.622792261678,-718.722047797572,614.842471291781));
#7450=CARTESIAN_POINT('Ctrl Pts',(546.58187668326,-719.007125023466,614.842471329141));
#7451=CARTESIAN_POINT('Ctrl Pts',(546.530796780689,-719.290743256953,614.842471306238));
#7452=CARTESIAN_POINT('Ctrl Pts',(546.469682254818,-719.572182561859,614.842471254486));
#7453=CARTESIAN_POINT('Ctrl Pts',(546.40857041888,-719.853609479322,614.842471202737));
#7454=CARTESIAN_POINT('Ctrl Pts',(546.337424896016,-720.13285741805,614.842471122142));
#7455=CARTESIAN_POINT('Ctrl Pts',(546.256426303683,-720.409217607591,614.842471044395));
#7456=CARTESIAN_POINT('Ctrl Pts',(546.175425441275,-720.685585542435,614.842470966646));
#7457=CARTESIAN_POINT('Ctrl Pts',(546.084571026653,-720.959065328481,614.842470891744));
#7458=CARTESIAN_POINT('Ctrl Pts',(545.984093711252,-721.228962806372,614.84247085168));
#7459=CARTESIAN_POINT('Ctrl Pts',(545.932899611377,-721.36647800952,614.842470831266));
#7460=CARTESIAN_POINT('Ctrl Pts',(545.879208206575,-721.503063504664,614.842470819902));
#7461=CARTESIAN_POINT('Ctrl Pts',(545.823054900563,-721.638629242009,614.842470821848));
#7462=CARTESIAN_POINT('Ctrl Pts',(545.712845243934,-721.904698231074,614.842470825666));
#7463=CARTESIAN_POINT('Ctrl Pts',(545.593149375484,-722.166837732396,614.842470880737));
#7464=CARTESIAN_POINT('Ctrl Pts',(545.464271098198,-722.424382371469,614.842470969238));
#7465=CARTESIAN_POINT('Ctrl Pts',(545.335395648192,-722.681921360629,614.842471057737));
#7466=CARTESIAN_POINT('Ctrl Pts',(545.197338303187,-722.934865467708,614.842471179665));
#7467=CARTESIAN_POINT('Ctrl Pts',(545.050449457525,-723.182572681933,614.842471317519));
#7468=CARTESIAN_POINT('Ctrl Pts',(544.903552633972,-723.430293349739,614.842471455379));
#7469=CARTESIAN_POINT('Ctrl Pts',(544.747823476316,-723.672776342477,614.842471609167));
#7470=CARTESIAN_POINT('Ctrl Pts',(544.583657276734,-723.90940612991,614.842471761697));
#7471=CARTESIAN_POINT('Ctrl Pts',(544.419499213553,-724.146024189503,614.84247191422));
#7472=CARTESIAN_POINT('Ctrl Pts',(544.246905086242,-724.376789420666,614.842472065485));
#7473=CARTESIAN_POINT('Ctrl Pts',(544.066312955973,-724.601116091597,614.842472198638));
#7474=CARTESIAN_POINT('Ctrl Pts',(543.885717272752,-724.82544717591,614.842472331793));
#7475=CARTESIAN_POINT('Ctrl Pts',(543.69712342702,-725.043339253554,614.842472446836));
#7476=CARTESIAN_POINT('Ctrl Pts',(543.501010111409,-725.254239241406,614.84247252724));
#7477=CARTESIAN_POINT('Ctrl Pts',(543.401096741472,-725.361685940985,614.842472568203));
#7478=CARTESIAN_POINT('Ctrl Pts',(543.299232275126,-725.467318335045,614.842472600181));
#7479=CARTESIAN_POINT('Ctrl Pts',(543.195483860274,-725.571066788713,614.842472621021));
#7480=CARTESIAN_POINT('Ctrl Pts',(542.991845722459,-725.774705002715,614.842472661926));
#7481=CARTESIAN_POINT('Ctrl Pts',(542.780947287612,-725.971082752082,614.842472659902));
#7482=CARTESIAN_POINT('Ctrl Pts',(542.563323871766,-726.15970159393,614.842472627501));
#7483=CARTESIAN_POINT('Ctrl Pts',(542.345704443817,-726.348316979381,614.842472595101));
#7484=CARTESIAN_POINT('Ctrl Pts',(542.121360468629,-726.529173579602,614.842472532326));
#7485=CARTESIAN_POINT('Ctrl Pts',(541.890861366359,-726.70181236666,614.842472452059));
#7486=CARTESIAN_POINT('Ctrl Pts',(541.660348490993,-726.874461469464,614.842472371787));
#7487=CARTESIAN_POINT('Ctrl Pts',(541.423679950935,-727.038891628103,614.84247227402));
#7488=CARTESIAN_POINT('Ctrl Pts',(541.181456516317,-727.194685458786,614.842472171971));
#7489=CARTESIAN_POINT('Ctrl Pts',(540.93924433397,-727.350472052209,614.842472069926));
#7490=CARTESIAN_POINT('Ctrl Pts',(540.691477981719,-727.49762298642,614.842471963599));
#7491=CARTESIAN_POINT('Ctrl Pts',(540.438786339021,-727.63576477549,614.84247186652));
#7492=CARTESIAN_POINT('Ctrl Pts',(540.18608854345,-727.773909928221,614.842471769438));
#7493=CARTESIAN_POINT('Ctrl Pts',(539.928465434837,-727.903045378101,614.842471681606));
#7494=CARTESIAN_POINT('Ctrl Pts',(539.666570939334,-728.022843350603,614.842471616871));
#7495=CARTESIAN_POINT('Ctrl Pts',(539.533141572568,-728.083877728512,614.84247158389));
#7496=CARTESIAN_POINT('Ctrl Pts',(539.398603873338,-728.142489145753,614.842471556909));
#7497=CARTESIAN_POINT('Ctrl Pts',(539.263046532986,-728.198638965192,614.84247153779));
#7498=CARTESIAN_POINT('Ctrl Pts',(538.996978706439,-728.30884812377,614.842471500264));
#7499=CARTESIAN_POINT('Ctrl Pts',(538.726981647222,-728.409571040379,614.842471493008));
#7500=CARTESIAN_POINT('Ctrl Pts',(538.453740658147,-728.500552031886,614.842471494207));
#7501=CARTESIAN_POINT('Ctrl Pts',(538.180505947419,-728.591530932893,614.842471495405));
#7502=CARTESIAN_POINT('Ctrl Pts',(537.904027690936,-728.672768278344,614.842471505059));
#7503=CARTESIAN_POINT('Ctrl Pts',(537.625007616576,-728.744057850571,614.842471501647));
#7504=CARTESIAN_POINT('Ctrl Pts',(537.345972819735,-728.81535118439,614.842471498235));
#7505=CARTESIAN_POINT('Ctrl Pts',(537.06439617665,-728.876695633323,614.842471481756));
#7506=CARTESIAN_POINT('Ctrl Pts',(536.780992437739,-728.927935451893,614.842471430966));
#7507=CARTESIAN_POINT('Ctrl Pts',(536.497602994642,-728.979172685758,614.842471380179));
#7508=CARTESIAN_POINT('Ctrl Pts',(536.212386883858,-729.020306264933,614.842471295085));
#7509=CARTESIAN_POINT('Ctrl Pts',(535.926068028316,-729.051231756631,614.842471154711));
#7510=CARTESIAN_POINT('Ctrl Pts',(535.639743914697,-729.082157816258,614.842471014335));
#7511=CARTESIAN_POINT('Ctrl Pts',(535.352317262065,-729.102875386631,614.842470818677));
#7512=CARTESIAN_POINT('Ctrl Pts',(535.064517637993,-729.1133318518,614.842470547017));
#7513=CARTESIAN_POINT('Ctrl Pts',(534.917881717467,-729.118659493906,614.842470408605));
#7514=CARTESIAN_POINT('Ctrl Pts',(534.771149041339,-729.12132421282,614.842470250466));
#7515=CARTESIAN_POINT('Ctrl Pts',(534.624416351321,-729.12132424786,614.842470069884));
#7516=CARTESIAN_POINT('',(547.624416351318,-717.,616.963791456725));
#7517=CARTESIAN_POINT('Origin',(544.624412209668,-717.,616.963791456725));
#7518=CARTESIAN_POINT('Origin',(534.624416351318,-717.,616.963791456724));
#7519=CARTESIAN_POINT('Origin',(534.624416351318,-656.,616.963791456725));
#7520=CARTESIAN_POINT('',(534.624416351318,-643.,616.963791311904));
#7521=CARTESIAN_POINT('',(534.624416351318,-643.878679299775,614.84247204908));
#7522=CARTESIAN_POINT('Origin',(534.624416351318,-645.999998601569,616.963791456725));
#7523=CARTESIAN_POINT('',(547.624416894609,-656.,616.96379167972));
#7524=CARTESIAN_POINT('Origin',(534.624418386391,-656.000000731866,616.963792066221));
#7525=CARTESIAN_POINT('',(546.745737317808,-656.,614.842470307416));
#7526=CARTESIAN_POINT('Origin',(544.624412209668,-656.,616.963791456725));
#7527=CARTESIAN_POINT('Origin',(534.624416351318,-656.,614.842471685986));
#7528=CARTESIAN_POINT('Origin',(515.502844269623,-704.499999411212,651.37615142904));
#7529=CARTESIAN_POINT('',(515.991916799414,-704.499999997449,651.480106356305));
#7530=CARTESIAN_POINT('',(515.398887473242,-704.500000005122,651.865225205368));
#7531=CARTESIAN_POINT('Origin',(515.502842981562,-704.500000003792,651.376151533153));
#7532=CARTESIAN_POINT('',(515.502843163056,-704.,651.376150530979));
#7533=CARTESIAN_POINT('Origin',(515.502842993333,-704.500000008915,651.376150494904));
#7534=CARTESIAN_POINT('Origin',(515.502843161642,-704.49999999867,651.376151372988));
#7535=CARTESIAN_POINT('Origin',(506.606485384316,-704.499999450662,649.485172500247));
#7536=CARTESIAN_POINT('',(506.499864068024,-704.500000000134,649.973677563492));
#7537=CARTESIAN_POINT('',(506.384607109571,-704.500000000553,649.933244057589));
#7538=CARTESIAN_POINT('Origin',(506.606485175492,-704.499999999335,649.485170478215));
#7539=CARTESIAN_POINT('',(506.603812904801,-704.,649.484411686875));
#7540=CARTESIAN_POINT('Origin',(506.602021254224,-704.49999999867,649.484221447299));
#7541=CARTESIAN_POINT('',(506.106485366821,-704.499999999668,649.485170225984));
#7542=CARTESIAN_POINT('Origin',(506.606485366821,-704.5,649.485169973876));
#7543=CARTESIAN_POINT('Origin',(506.606485175492,-704.499999999335,649.485170478215));
#7544=CARTESIAN_POINT('',(506.331721516863,-704.22523704476,649.799831231798));
#7545=CARTESIAN_POINT('Origin',(506.606485384316,-704.499999450662,649.485172500247));
#7546=CARTESIAN_POINT('Origin',(438.363846458574,-710.500003895571,634.979753834587));
#7547=CARTESIAN_POINT('',(438.852916862606,-710.500007633425,635.083706498858));
#7548=CARTESIAN_POINT('',(438.259888566296,-710.500007623349,635.468824112477));
#7549=CARTESIAN_POINT('Origin',(438.363844158193,-710.500007614753,634.979751543328));
#7550=CARTESIAN_POINT('',(438.363843826189,-710.000007629395,634.979750118086));
#7551=CARTESIAN_POINT('Origin',(438.363843244974,-710.500007602661,634.97974992233));
#7552=CARTESIAN_POINT('Origin',(438.363844407282,-710.500007626845,634.979750313777));
#7553=CARTESIAN_POINT('Origin',(429.467482788057,-710.500002379992,633.088773735794));
#7554=CARTESIAN_POINT('',(429.36086423873,-710.500007629652,633.577278062671));
#7555=CARTESIAN_POINT('',(429.245601116645,-710.500007630455,633.536841518732));
#7556=CARTESIAN_POINT('Origin',(429.467484379167,-710.50000762812,633.088773597783));
#7557=CARTESIAN_POINT('',(429.46481403429,-710.000007629395,633.08801267831));
#7558=CARTESIAN_POINT('Origin',(429.463021694064,-710.500007626845,633.087822005292));
#7559=CARTESIAN_POINT('',(428.967487335205,-710.500007628757,633.088772513608));
#7560=CARTESIAN_POINT('Origin',(429.467487335205,-710.500007629395,633.088771429564));
#7561=CARTESIAN_POINT('Origin',(429.467484379167,-710.50000762812,633.088773597783));
#7562=CARTESIAN_POINT('',(429.192716835702,-710.225247803583,633.403430766183));
#7563=CARTESIAN_POINT('Origin',(429.467482788057,-710.500002379992,633.088773735794));
#7564=CARTESIAN_POINT('Origin',(438.363844400234,-662.500001364481,634.979750674135));
#7565=CARTESIAN_POINT('',(438.363844289075,-663.,634.979750869898));
#7566=CARTESIAN_POINT('',(438.259888560483,-662.500000290035,635.468824111242));
#7567=CARTESIAN_POINT('Origin',(438.363844289075,-662.500000571094,634.979750869898));
#7568=CARTESIAN_POINT('',(438.852917007679,-662.500000000002,635.083705816309));
#7569=CARTESIAN_POINT('Origin',(438.363840585751,-662.499997308101,634.979749357094));
#7570=CARTESIAN_POINT('Origin',(438.363842964853,-662.500000014641,634.979749705747));
#7571=CARTESIAN_POINT('Origin',(429.467485392919,-662.50000171756,633.088771874951));
#7572=CARTESIAN_POINT('',(429.464903655908,-663.,633.088222505204));
#7573=CARTESIAN_POINT('',(429.269012946183,-662.958920381877,633.088771429564));
#7574=CARTESIAN_POINT('Origin',(429.467487335205,-662.5,633.088771429564));
#7575=CARTESIAN_POINT('',(429.360947736355,-662.500000283633,633.57729581064));
#7576=CARTESIAN_POINT('Origin',(429.463021575857,-662.500000571094,633.087822561413));
#7577=CARTESIAN_POINT('',(428.967487335205,-662.500000000558,633.088771429564));
#7578=CARTESIAN_POINT('Origin',(429.467487056694,-662.500000001274,633.088771429564));
#7579=CARTESIAN_POINT('Origin',(429.467487335205,-662.5,633.088771429564));
#7580=CARTESIAN_POINT('',(429.192721669536,-662.774761968673,633.403430685253));
#7581=CARTESIAN_POINT('Origin',(429.467485392919,-662.50000171756,633.088771874951));
#7582=CARTESIAN_POINT('Origin',(536.624432678099,-719.000015224371,617.785956134086));
#7583=CARTESIAN_POINT('',(541.624415820575,-719.000000000001,614.721150961425));
#7584=CARTESIAN_POINT('',(543.124416351318,-719.,616.221150961425));
#7585=CARTESIAN_POINT('Origin',(536.624428739037,-719.000011167308,614.721150961425));
#7586=CARTESIAN_POINT('Origin',(536.62443164393,-653.999987682791,617.821378075791));
#7587=CARTESIAN_POINT('',(541.624416258895,-654.,614.721150961425));
#7588=CARTESIAN_POINT('',(536.62441635132,-649.000000810216,614.721150961425));
#7589=CARTESIAN_POINT('Origin',(536.624424753187,-653.999993751506,614.721150961425));
#7590=CARTESIAN_POINT('',(543.124416351318,-654.,616.221150961425));
#7591=CARTESIAN_POINT('',(536.624416351318,-647.5,616.221150961425));
#7592=CARTESIAN_POINT('Origin',(534.624455729538,-717.000036843924,614.508313026692));
#7593=CARTESIAN_POINT('',(534.62441635132,-724.999999521081,610.721150961425));
#7594=CARTESIAN_POINT('',(534.624416351318,-727.060661315918,612.781811323668));
#7595=CARTESIAN_POINT('',(542.624416557242,-716.999999999997,610.721150961425));
#7596=CARTESIAN_POINT('Origin',(534.624436385709,-717.000018374747,610.721150961425));
#7597=CARTESIAN_POINT('',(544.685077667236,-717.,612.781811323668));
#7598=CARTESIAN_POINT('Origin',(534.624445139206,-655.999970628161,614.513621870563));
#7599=CARTESIAN_POINT('',(534.624416351321,-648.000001152818,610.721150961425));
#7600=CARTESIAN_POINT('',(534.624416351318,-645.939339831471,612.781811323668));
#7601=CARTESIAN_POINT('',(542.624415262696,-655.999999999997,610.721150961425));
#7602=CARTESIAN_POINT('',(544.685077667236,-656.,612.781811323668));
#7603=CARTESIAN_POINT('Origin',(534.624431485591,-655.999985058314,610.721150961425));
#7604=CARTESIAN_POINT('Origin',(425.624416351318,-730.070163101284,712.160489645507));
#7605=CARTESIAN_POINT('',(425.624416351318,-730.,715.160489645507));
#7606=CARTESIAN_POINT('',(422.624416351318,-730.,712.160489645507));
#7607=CARTESIAN_POINT('Origin',(425.624416351318,-730.,712.160489645507));
#7608=CARTESIAN_POINT('',(425.624416351318,-727.,715.160489645507));
#7609=CARTESIAN_POINT('',(425.624416351318,-730.070163101284,715.160489645507));
#7610=CARTESIAN_POINT('',(423.388349016366,-727.000000001056,714.160490347264));
#7611=CARTESIAN_POINT('Origin',(425.624416351318,-727.,712.160489645507));
#7612=CARTESIAN_POINT('',(422.633418842613,-728.76776885971,712.392726363028));
#7613=CARTESIAN_POINT('Origin',(425.624416351318,-729.000006303785,712.160489645507));
#7614=CARTESIAN_POINT('',(422.624416351318,-728.767768859863,712.160489645507));
#7615=CARTESIAN_POINT('Origin',(425.624416351318,-728.767768859863,712.160489645507));
#7616=CARTESIAN_POINT('',(422.624416351318,-730.070163101284,712.160489645507));
#7617=CARTESIAN_POINT('Origin',(425.624416351318,-646.163547712427,712.160489645507));
#7618=CARTESIAN_POINT('',(422.633418928011,-644.232233047616,712.392727476027));
#7619=CARTESIAN_POINT('',(422.624416351318,-644.232233047485,712.160489645507));
#7620=CARTESIAN_POINT('Origin',(425.624416351318,-644.232233047485,712.160489645507));
#7621=CARTESIAN_POINT('',(423.38834933634,-645.999999999604,714.160490715408));
#7622=CARTESIAN_POINT('Origin',(425.624416351318,-643.999994697193,712.160489645507));
#7623=CARTESIAN_POINT('',(425.624416351318,-646.,715.160489645507));
#7624=CARTESIAN_POINT('Origin',(425.624416351318,-646.,712.160489645507));
#7625=CARTESIAN_POINT('',(425.624416351318,-643.,715.160489645507));
#7626=CARTESIAN_POINT('',(425.624416351318,-646.163547712427,715.160489645507));
#7627=CARTESIAN_POINT('',(422.624416351318,-643.,712.160489645507));
#7628=CARTESIAN_POINT('Origin',(425.624416351318,-643.,712.160489645507));
#7629=CARTESIAN_POINT('',(422.624416351318,-646.163547712427,712.160489645507));
#7630=CARTESIAN_POINT('Origin',(521.249350595764,-715.,677.147634386991));
#7631=CARTESIAN_POINT('',(536.249351501465,-715.,674.134612179361));
#7632=CARTESIAN_POINT('Origin',(521.249350595764,-715.,683.875726266347));
#7633=CARTESIAN_POINT('',(536.249351501465,-715.,715.160489645507));
#7634=CARTESIAN_POINT('',(536.249351501465,-715.,677.147634386991));
#7635=CARTESIAN_POINT('Origin',(521.249350595764,-715.,715.160489645507));
#7636=CARTESIAN_POINT('Origin',(521.249348778689,-658.,674.095451020091));
#7637=CARTESIAN_POINT('',(536.249351501465,-658.,715.160489645507));
#7638=CARTESIAN_POINT('Origin',(521.249348778689,-658.,715.160489645507));
#7639=CARTESIAN_POINT('',(536.249351501465,-658.,674.134612179361));
#7640=CARTESIAN_POINT('',(536.249351501465,-658.,674.095451020091));
#7641=CARTESIAN_POINT('Origin',(521.249348778689,-658.,683.87572744637));
#7642=CARTESIAN_POINT('Origin',(516.624416351318,-699.5,610.721150961425));
#7643=CARTESIAN_POINT('',(516.624416351318,-702.5,614.721150961425));
#7644=CARTESIAN_POINT('',(516.624416351318,-702.5,610.721150961425));
#7645=CARTESIAN_POINT('',(516.624416351318,-702.5,610.721150961425));
#7646=CARTESIAN_POINT('',(519.624416351318,-699.5,614.721150961425));
#7647=CARTESIAN_POINT('Origin',(516.624416351318,-699.5,614.721150961425));
#7648=CARTESIAN_POINT('',(519.624416351318,-699.5,610.721150961425));
#7649=CARTESIAN_POINT('',(519.624416351318,-699.5,610.721150961425));
#7650=CARTESIAN_POINT('Origin',(516.624416351318,-699.5,610.721150961425));
#7651=CARTESIAN_POINT('Origin',(448.624416351318,-699.5,610.721150961425));
#7652=CARTESIAN_POINT('',(445.624416351318,-699.5,614.721150961425));
#7653=CARTESIAN_POINT('',(445.624416351318,-699.5,610.721150961425));
#7654=CARTESIAN_POINT('',(445.624416351318,-699.5,610.721150961425));
#7655=CARTESIAN_POINT('',(448.624416351318,-702.5,614.721150961425));
#7656=CARTESIAN_POINT('Origin',(448.624416351318,-699.5,614.721150961425));
#7657=CARTESIAN_POINT('',(448.624416351318,-702.5,610.721150961425));
#7658=CARTESIAN_POINT('',(448.624416351318,-702.5,610.721150961425));
#7659=CARTESIAN_POINT('Origin',(448.624416351318,-699.5,610.721150961425));
#7660=CARTESIAN_POINT('Origin',(448.624416351318,-673.5,610.721150961425));
#7661=CARTESIAN_POINT('',(448.624416351318,-670.5,610.721150961425));
#7662=CARTESIAN_POINT('',(445.624416351318,-673.5,610.721150961425));
#7663=CARTESIAN_POINT('Origin',(448.624416351318,-673.5,610.721150961425));
#7664=CARTESIAN_POINT('',(448.624416351318,-670.5,614.721150961425));
#7665=CARTESIAN_POINT('',(448.624416351318,-670.5,610.721150961425));
#7666=CARTESIAN_POINT('',(445.624416351318,-673.5,614.721150961425));
#7667=CARTESIAN_POINT('Origin',(448.624416351318,-673.5,614.721150961425));
#7668=CARTESIAN_POINT('',(445.624416351318,-673.5,610.721150961425));
#7669=CARTESIAN_POINT('Origin',(516.624416351318,-673.5,610.721150961425));
#7670=CARTESIAN_POINT('',(519.624416351318,-673.5,610.721150961425));
#7671=CARTESIAN_POINT('',(516.624416351318,-670.5,610.721150961425));
#7672=CARTESIAN_POINT('Origin',(516.624416351318,-673.5,610.721150961425));
#7673=CARTESIAN_POINT('',(519.624416351318,-673.5,614.721150961425));
#7674=CARTESIAN_POINT('',(519.624416351318,-673.5,610.721150961425));
#7675=CARTESIAN_POINT('',(516.624416351318,-670.5,614.721150961425));
#7676=CARTESIAN_POINT('Origin',(516.624416351318,-673.5,614.721150961425));
#7677=CARTESIAN_POINT('',(516.624416351318,-670.5,610.721150961425));
#7678=CARTESIAN_POINT('Origin',(522.249358425966,-715.000008630346,719.688553861671));
#7679=CARTESIAN_POINT('',(522.249351501465,-727.,711.192723837401));
#7680=CARTESIAN_POINT('',(522.249351501465,-727.,648.005183306243));
#7681=CARTESIAN_POINT('Origin',(522.249356587388,-715.000006275885,711.192723837401));
#7682=CARTESIAN_POINT('',(522.249351501466,-726.999999461354,714.160493907693));
#7683=CARTESIAN_POINT('Origin',(522.249359826544,-715.000010423912,726.160449425013));
#7684=CARTESIAN_POINT('',(522.249351501465,-726.999999553731,715.160489645507));
#7685=CARTESIAN_POINT('',(522.249351501465,-727.,714.745520337471));
#7686=CARTESIAN_POINT('',(534.249351501465,-715.,715.160489645507));
#7687=CARTESIAN_POINT('Origin',(522.24935744605,-715.000007375477,715.160489645507));
#7688=CARTESIAN_POINT('',(534.249351501465,-715.,694.86580046704));
#7689=CARTESIAN_POINT('Origin',(522.249353283086,-657.999999206656,682.452093174076));
#7690=CARTESIAN_POINT('',(534.249351829204,-658.,715.160489645507));
#7691=CARTESIAN_POINT('',(534.249351501465,-658.,694.86580046704));
#7692=CARTESIAN_POINT('',(522.249351501465,-645.999999791218,715.160489645507));
#7693=CARTESIAN_POINT('Origin',(522.249353372882,-657.999998485455,715.160489645507));
#7694=CARTESIAN_POINT('',(522.249351501465,-645.999999798568,714.160491377553));
#7695=CARTESIAN_POINT('',(522.249351501465,-646.,714.745520337471));
#7696=CARTESIAN_POINT('Origin',(522.24935340308,-657.999998242912,726.160464727132));
#7697=CARTESIAN_POINT('Origin',(522.249353361989,-657.999998572942,711.192723837401));
#7698=CARTESIAN_POINT('Origin',(536.249344117806,-715.,674.571111288573));
#7699=CARTESIAN_POINT('',(534.249351501465,-715.,674.571111288573));
#7700=CARTESIAN_POINT('Origin',(538.273903757319,-719.,664.742062871422));
#7701=CARTESIAN_POINT('Origin',(538.273903757319,-721.,664.742062871422));
#7702=CARTESIAN_POINT('Origin',(538.273903757319,-719.,664.742062871422));
#7703=CARTESIAN_POINT('Origin',(538.273903757319,-654.,664.742062871421));
#7704=CARTESIAN_POINT('Origin',(538.273903757319,-654.,664.742062871421));
#7705=CARTESIAN_POINT('Origin',(538.273903757319,-652.,664.742062871421));
#7706=CARTESIAN_POINT('Origin',(510.997223703736,-707.999999088916,650.929621736536));
#7707=CARTESIAN_POINT('',(515.534213146084,-707.999999088916,636.558880216012));
#7708=CARTESIAN_POINT('Origin',(514.115899058463,-707.999999088916,636.257408273248));
#7709=CARTESIAN_POINT('',(512.415537718901,-707.999999088916,651.231094020172));
#7710=CARTESIAN_POINT('',(512.415537784524,-707.999999088916,651.231093711442));
#7711=CARTESIAN_POINT('Origin',(510.997223695534,-707.999999088916,650.929621775123));
#7712=CARTESIAN_POINT('Origin',(539.455610843406,-652.,659.290096460593));
#7713=CARTESIAN_POINT('',(537.334293365479,-652.,657.168778982665));
#7714=CARTESIAN_POINT('Origin',(539.455610843406,-652.,659.290096460593));
#7715=CARTESIAN_POINT('',(537.334293365479,-654.,657.168778982665));
#7716=CARTESIAN_POINT('',(537.334293365479,-652.,657.168778982665));
#7717=CARTESIAN_POINT('Origin',(539.455610843406,-654.,659.290096460593));
#7718=CARTESIAN_POINT('Origin',(539.455610843406,-721.,659.290096460593));
#7719=CARTESIAN_POINT('',(537.334293365479,-719.,657.168778982665));
#7720=CARTESIAN_POINT('Origin',(539.455610843406,-719.,659.290096460593));
#7721=CARTESIAN_POINT('',(537.334293365479,-721.,657.168778982665));
#7722=CARTESIAN_POINT('',(537.334293365479,-721.,657.168778982665));
#7723=CARTESIAN_POINT('Origin',(539.455610843406,-721.,659.290096460593));
#7724=CARTESIAN_POINT('Origin',(544.624420290552,-656.,665.118693999123));
#7725=CARTESIAN_POINT('',(546.258335203037,-656.,667.634702429827));
#7726=CARTESIAN_POINT('Origin',(534.624418386391,-656.000000731866,616.963791456725));
#7727=CARTESIAN_POINT('',(534.624416351318,-643.,670.764322659013));
#7728=CARTESIAN_POINT('',(547.469652173618,-653.999999999971,664.247556295897));
#7729=CARTESIAN_POINT('Origin',(534.62441897792,-655.999996934386,664.247556295897));
#7730=CARTESIAN_POINT('',(547.469652024191,-653.999999999972,658.273965445067));
#7731=CARTESIAN_POINT('',(547.469652098939,-654.,661.260760870482));
#7732=CARTESIAN_POINT('',(547.624417247972,-656.,658.273965445067));
#7733=CARTESIAN_POINT('Origin',(534.624418903189,-655.99999741414,658.273965445067));
#7734=CARTESIAN_POINT('',(547.624416351318,-656.,637.618878450896));
#7735=CARTESIAN_POINT('Origin',(534.624417618976,-717.000001123951,616.963791456725));
#7736=CARTESIAN_POINT('',(547.624416351318,-717.,658.273965445067));
#7737=CARTESIAN_POINT('',(547.624416351318,-717.,637.618878450896));
#7738=CARTESIAN_POINT('',(547.469653046598,-719.000000000033,658.273965445067));
#7739=CARTESIAN_POINT('Origin',(534.624419547413,-717.000003416791,658.273965445067));
#7740=CARTESIAN_POINT('',(547.469653377076,-719.000000000035,664.247556295897));
#7741=CARTESIAN_POINT('',(547.469653211879,-719.,661.260760870482));
#7742=CARTESIAN_POINT('Origin',(534.624419826271,-717.000003748344,664.247556295897));
#7743=CARTESIAN_POINT('',(534.624416351318,-730.,684.261346290273));
#7744=CARTESIAN_POINT('Origin',(419.624416351318,-727.000009488607,616.963785810886));
#7745=CARTESIAN_POINT('',(419.624416351318,-729.121322631836,614.842471685912));
#7746=CARTESIAN_POINT('',(419.624416351318,-730.,616.963785810886));
#7747=CARTESIAN_POINT('Origin',(419.624416351318,-727.000009488607,616.963785810886));
#7748=CARTESIAN_POINT('',(419.624416351318,-729.121322631836,614.842471685912));
#7749=CARTESIAN_POINT('',(419.624416351318,-730.,616.963785810886));
#7750=CARTESIAN_POINT('Origin',(544.624412209668,-656.,616.963791456725));
#7751=CARTESIAN_POINT('',(546.745734990942,-656.,614.842467693702));
#7752=CARTESIAN_POINT('',(547.624416351318,-656.,616.963791456725));
#7753=CARTESIAN_POINT('Origin',(419.624416351318,-645.999998601569,616.963791456725));
#7754=CARTESIAN_POINT('',(419.624416351318,-643.,616.963791456725));
#7755=CARTESIAN_POINT('',(419.624416351318,-643.87867914714,614.842472201714));
#7756=CARTESIAN_POINT('Origin',(419.624416351318,-645.999998601569,616.963791456725));
#7757=CARTESIAN_POINT('',(419.624416351318,-643.,616.963791456725));
#7758=CARTESIAN_POINT('',(419.624416351318,-643.87867914714,614.842472201714));
#7759=CARTESIAN_POINT('Origin',(433.858224604674,-713.000004768372,634.533221269655));
#7760=CARTESIAN_POINT('',(438.39521385185,-713.000004768372,620.162479330504));
#7761=CARTESIAN_POINT('Origin',(436.976899790815,-713.000004768372,619.861007414883));
#7762=CARTESIAN_POINT('',(435.276538602918,-713.000004768372,634.834693480687));
#7763=CARTESIAN_POINT('',(435.276538659457,-713.000004768372,634.834693214693));
#7764=CARTESIAN_POINT('Origin',(433.858224552934,-713.000004768372,634.533221513076));
#7765=CARTESIAN_POINT('Origin',(433.858224604674,-660.00000046619,634.533221269657));
#7766=CARTESIAN_POINT('',(438.395213721614,-660.00000046619,620.162479302822));
#7767=CARTESIAN_POINT('Origin',(436.976899790815,-660.00000046619,619.861007414884));
#7768=CARTESIAN_POINT('',(435.276538472682,-660.00000046619,634.834693453004));
#7769=CARTESIAN_POINT('',(435.27653852922,-660.00000046619,634.834693187012));
#7770=CARTESIAN_POINT('Origin',(433.858224552934,-660.00000046619,634.533221513076));
#7771=CARTESIAN_POINT('Origin',(506.606485366821,-704.5,614.721150961425));
#7772=CARTESIAN_POINT('',(506.106485366821,-704.5,614.721150961425));
#7773=CARTESIAN_POINT('',(506.106485366821,-704.5,614.721150961425));
#7774=CARTESIAN_POINT('',(506.606485366821,-704.,614.721150961425));
#7775=CARTESIAN_POINT('',(506.606485366821,-704.,614.721150961425));
#7776=CARTESIAN_POINT('Origin',(506.606485366821,-704.5,614.721150961425));
#7777=CARTESIAN_POINT('Origin',(515.469067076464,-704.49999999867,651.36897203753));
#7778=CARTESIAN_POINT('',(515.365111135388,-704.5,651.858045816203));
#7779=CARTESIAN_POINT('',(515.469067076464,-704.,651.36897203753));
#7780=CARTESIAN_POINT('Origin',(523.315445108935,-704.500000008915,614.620752573539));
#7781=CARTESIAN_POINT('',(523.805275079442,-704.5,614.721150961522));
#7782=CARTESIAN_POINT('',(523.804518915017,-704.5,614.724708434941));
#7783=CARTESIAN_POINT('',(523.294104769775,-704.,614.721150961425));
#7784=CARTESIAN_POINT('Origin',(523.294104769775,-704.500000008915,614.721150961425));
#7785=CARTESIAN_POINT('',(523.315445108935,-704.,614.620752573539));
#7786=CARTESIAN_POINT('Origin',(515.502843386403,-727.,651.376151558022));
#7787=CARTESIAN_POINT('',(515.991916992599,-727.,651.480107376937));
#7788=CARTESIAN_POINT('',(515.398887485684,-727.,651.86522514683));
#7789=CARTESIAN_POINT('Origin',(515.502843386403,-727.,651.376151558022));
#7790=CARTESIAN_POINT('',(515.991916992599,-726.999999991085,651.480107376937));
#7791=CARTESIAN_POINT('',(515.398887485684,-727.00000000133,651.86522514683));
#7792=CARTESIAN_POINT('Origin',(506.606485175492,-727.,649.485170417032));
#7793=CARTESIAN_POINT('',(506.502529274062,-727.,649.974244009887));
#7794=CARTESIAN_POINT('',(506.106485366821,-727.,649.485170417032));
#7795=CARTESIAN_POINT('Origin',(506.606485175492,-727.,649.485170417032));
#7796=CARTESIAN_POINT('',(506.502529273919,-727.00000000133,649.974244009857));
#7797=CARTESIAN_POINT('',(506.106485366821,-727.,649.485170417032));
#7798=CARTESIAN_POINT('Origin',(429.467487335205,-710.500007629395,614.721150961425));
#7799=CARTESIAN_POINT('',(428.967487335205,-710.500007629395,614.721150961425));
#7800=CARTESIAN_POINT('',(428.967487335205,-710.500007629395,614.721150961425));
#7801=CARTESIAN_POINT('',(429.467487335205,-710.000007629395,614.721150961425));
#7802=CARTESIAN_POINT('',(429.467487335205,-710.000007629395,614.721150961425));
#7803=CARTESIAN_POINT('Origin',(429.467487335205,-710.500007629395,614.721150961425));
#7804=CARTESIAN_POINT('Origin',(438.363843312763,-727.,634.979751277628));
#7805=CARTESIAN_POINT('',(438.852915872073,-727.,635.083706915818));
#7806=CARTESIAN_POINT('',(438.259887726783,-727.,635.468823848035));
#7807=CARTESIAN_POINT('Origin',(438.363843312763,-727.,634.979751277628));
#7808=CARTESIAN_POINT('',(438.852915872073,-727.000000026733,635.083706915818));
#7809=CARTESIAN_POINT('',(438.259887726783,-727.000000002549,635.468823848035));
#7810=CARTESIAN_POINT('Origin',(438.331074353651,-710.500007626845,634.972784823716));
#7811=CARTESIAN_POINT('',(438.227118506852,-710.500007629395,635.461858621182));
#7812=CARTESIAN_POINT('',(438.331074353651,-710.000007629395,634.972784823716));
#7813=CARTESIAN_POINT('Origin',(442.691287971865,-710.500007602661,614.620734243038));
#7814=CARTESIAN_POINT('',(443.181114009993,-710.500007629395,614.721150961372));
#7815=CARTESIAN_POINT('',(443.180361734577,-710.500007629395,614.724690137019));
#7816=CARTESIAN_POINT('',(442.669943727854,-710.000007629395,614.721150961425));
#7817=CARTESIAN_POINT('Origin',(442.669943727854,-710.500007602661,614.721150961425));
#7818=CARTESIAN_POINT('',(442.691287971865,-710.000007629395,614.620734243038));
#7819=CARTESIAN_POINT('Origin',(429.467484379167,-727.,633.088773511785));
#7820=CARTESIAN_POINT('',(429.363529146568,-727.,633.577844420331));
#7821=CARTESIAN_POINT('',(428.967487335205,-727.,633.088773511785));
#7822=CARTESIAN_POINT('Origin',(429.467484379167,-727.,633.088773511785));
#7823=CARTESIAN_POINT('',(429.363529146433,-727.000000002549,633.577844420302));
#7824=CARTESIAN_POINT('',(428.967487335205,-727.,633.088773511785));
#7825=CARTESIAN_POINT('Origin',(429.467487056694,-646.,633.088771343566));
#7826=CARTESIAN_POINT('',(429.363531267271,-645.999999997451,633.5778448711));
#7827=CARTESIAN_POINT('',(428.967487335205,-646.,633.088771343566));
#7828=CARTESIAN_POINT('Origin',(438.332377862379,-662.500000571094,634.973062474302));
#7829=CARTESIAN_POINT('',(438.332377862379,-663.,634.973062474302));
#7830=CARTESIAN_POINT('',(438.228422133787,-662.500000568545,635.462135715646));
#7831=CARTESIAN_POINT('Origin',(438.363842119424,-646.,634.979749440046));
#7832=CARTESIAN_POINT('',(438.852916194194,-645.999999973267,635.083705400357));
#7833=CARTESIAN_POINT('',(438.259886211323,-645.999999997451,635.468823525914));
#7834=CARTESIAN_POINT('Origin',(442.675660211068,-662.499997308101,614.694243961121));
#7835=CARTESIAN_POINT('',(442.669940948486,-663.,614.721150961425));
#7836=CARTESIAN_POINT('',(442.675660211068,-663.,614.694243961121));
#7837=CARTESIAN_POINT('',(443.181114009982,-662.499997281368,614.721150961425));
#7838=CARTESIAN_POINT('Origin',(442.669940948486,-662.499997308101,614.721150961425));
#7839=CARTESIAN_POINT('',(443.164736633004,-662.499997281368,614.798200420337));
#7840=CARTESIAN_POINT('Origin',(429.467487335205,-662.5,614.721150961425));
#7841=CARTESIAN_POINT('',(429.467487335205,-663.,614.721150961425));
#7842=CARTESIAN_POINT('',(428.967487335205,-662.5,614.721150961425));
#7843=CARTESIAN_POINT('Origin',(429.467487335205,-662.5,614.721150961425));
#7844=CARTESIAN_POINT('',(429.467487335205,-663.,614.721150961425));
#7845=CARTESIAN_POINT('',(428.967487335205,-662.5,614.721150961425));
#7846=CARTESIAN_POINT('Origin',(481.951239407063,-689.861481601993,614.721150961425));
#7847=CARTESIAN_POINT('',(428.967487335205,-704.830742326875,614.721150961425));
#7848=CARTESIAN_POINT('',(458.471714884043,-710.000007629395,614.721150961425));
#7849=CARTESIAN_POINT('',(443.181113272083,-723.999999999888,614.721150961378));
#7850=CARTESIAN_POINT('',(443.18111431987,-704.830741318071,614.721150961425));
#7851=CARTESIAN_POINT('',(506.106485366821,-724.,614.721150961425));
#7852=CARTESIAN_POINT('',(478.217810541391,-724.,614.721150961425));
#7853=CARTESIAN_POINT('',(506.106485366821,-703.630740800997,614.721150961425));
#7854=CARTESIAN_POINT('',(497.476859480143,-704.,614.721150961425));
#7855=CARTESIAN_POINT('',(523.805275063618,-703.630740389895,614.721150961425));
#7856=CARTESIAN_POINT('',(541.624416351318,-688.180740800997,614.721150961425));
#7857=CARTESIAN_POINT('',(443.181113272083,-649.000000000112,614.721150961378));
#7858=CARTESIAN_POINT('',(485.847293287516,-649.,614.721150961425));
#7859=CARTESIAN_POINT('',(443.181114503611,-671.5307418098,614.721150961425));
#7860=CARTESIAN_POINT('',(458.471714884043,-663.,614.721150961425));
#7861=CARTESIAN_POINT('',(428.967487335205,-671.530740800997,614.721150961425));
#7862=CARTESIAN_POINT('',(422.624416351318,-688.180740800997,614.721150961425));
#7863=CARTESIAN_POINT('',(445.624416351318,-688.180740800997,614.721150961425));
#7864=CARTESIAN_POINT('',(482.28782787919,-670.5,614.721150961425));
#7865=CARTESIAN_POINT('',(519.624416351318,-688.180740800997,614.721150961425));
#7866=CARTESIAN_POINT('',(482.28782787919,-702.5,614.721150961425));
#7867=CARTESIAN_POINT('Origin',(543.124416351318,-686.5,616.221150961425));
#7868=CARTESIAN_POINT('Origin',(489.743347167969,-647.5,616.221150961425));
#7869=CARTESIAN_POINT('',(443.282808870413,-649.478439790602,614.242711170823));
#7870=CARTESIAN_POINT('Origin',(422.624416351318,-686.5,624.254483786132));
#7871=CARTESIAN_POINT('',(422.624416351318,-727.,640.321149435546));
#7872=CARTESIAN_POINT('',(422.624416351318,-686.5,640.321149435546));
#7873=CARTESIAN_POINT('',(422.624416351318,-727.,636.129833546187));
#7874=CARTESIAN_POINT('Origin',(474.48438167572,-725.5,616.221150961425));
#7875=CARTESIAN_POINT('',(506.106485366821,-727.,617.721150961425));
#7876=CARTESIAN_POINT('',(442.543443075971,-727.00000000005,617.721150961545));
#7877=CARTESIAN_POINT('',(477.534177043221,-727.,617.721150961425));
#7878=CARTESIAN_POINT('',(506.106485366821,-726.726401901245,617.44755286267));
#7879=CARTESIAN_POINT('',(443.114264745692,-724.314497337884,615.035648299309));
#7880=CARTESIAN_POINT('Origin',(519.624416351318,-686.5,612.721150961425));
#7881=CARTESIAN_POINT('',(519.624416351318,-686.500000105454,610.721150961425));
#7882=CARTESIAN_POINT('Origin',(482.624416351318,-702.5,612.721150961425));
#7883=CARTESIAN_POINT('',(493.467201526348,-702.5,610.721150961425));
#7884=CARTESIAN_POINT('Origin',(445.624416351318,-686.5,612.721150961425));
#7885=CARTESIAN_POINT('',(445.624416351318,-686.500000105454,610.721150961425));
#7886=CARTESIAN_POINT('Origin',(482.624416351318,-670.5,612.721150961425));
#7887=CARTESIAN_POINT('',(493.467201526348,-670.5,610.721150961425));
#7888=CARTESIAN_POINT('Origin',(421.624416351318,-686.5,640.321149435546));
#7889=CARTESIAN_POINT('',(422.624416351318,-730.,640.321149435546));
#7890=CARTESIAN_POINT('',(419.624416351318,-730.,640.321149435546));
#7891=CARTESIAN_POINT('',(437.244282177516,-730.,640.321149435546));
#7892=CARTESIAN_POINT('',(422.624416351318,-707.544628143311,640.321149435546));
#7893=CARTESIAN_POINT('',(422.624416351318,-643.,640.321149435546));
#7894=CARTESIAN_POINT('',(422.624416351318,-665.455372174581,640.321149435546));
#7895=CARTESIAN_POINT('',(419.624416351318,-643.,640.321149435546));
#7896=CARTESIAN_POINT('',(454.392465548729,-643.,640.321149435546));
#7897=CARTESIAN_POINT('',(419.624416351318,-686.499999926115,640.321149435546));
#7898=CARTESIAN_POINT('Origin',(422.624416351318,-728.589256286621,687.891454306151));
#7899=CARTESIAN_POINT('',(422.624416351318,-730.,686.076400298212));
#7900=CARTESIAN_POINT('',(422.624416351318,-728.767768859863,711.192723837401));
#7901=CARTESIAN_POINT('',(422.624416351318,-728.767768859863,699.937496612234));
#7902=CARTESIAN_POINT('',(422.624416351318,-727.,711.192723837401));
#7903=CARTESIAN_POINT('',(422.624416351318,-728.046515328543,711.192723837401));
#7904=CARTESIAN_POINT('',(422.624416351318,-727.,667.948318806197));
#7905=CARTESIAN_POINT('Origin',(493.945832933698,-727.503774370466,711.192723837401));
#7906=CARTESIAN_POINT('',(472.571839741298,-728.767768859863,711.192723837401));
#7907=CARTESIAN_POINT('',(487.26490267221,-727.,711.192723837401));
#7908=CARTESIAN_POINT('Origin',(538.059114183698,-721.,662.969673311191));
#7909=CARTESIAN_POINT('',(537.926536037808,-721.,656.576536310335));
#7910=CARTESIAN_POINT('Origin',(538.059114183698,-652.,662.969673311191));
#7911=CARTESIAN_POINT('',(537.926536037808,-652.,656.576536310335));
#7912=CARTESIAN_POINT('Origin',(493.945832933698,-645.496226583208,711.192723837401));
#7913=CARTESIAN_POINT('',(422.624416351318,-644.232233047485,711.192723837401));
#7914=CARTESIAN_POINT('',(472.571839741298,-644.232233047485,711.192723837401));
#7915=CARTESIAN_POINT('',(422.624416351318,-644.953485466185,711.192723837401));
#7916=CARTESIAN_POINT('Origin',(422.624416351318,-644.410744349162,687.891454306151));
#7917=CARTESIAN_POINT('',(422.624416351318,-644.232233047485,699.937496612234));
#7918=CARTESIAN_POINT('',(422.624416351318,-643.,679.327888482582));
#7919=CARTESIAN_POINT('Origin',(451.197846548898,-728.767768859863,711.983538918316));
#7920=CARTESIAN_POINT('',(455.735770302077,-728.767768859863,712.392727284938));
#7921=CARTESIAN_POINT('Origin',(460.273694038391,-727.75328540802,713.407208052184));
#7922=CARTESIAN_POINT('',(456.334306918934,-727.,714.160491263153));
#7923=CARTESIAN_POINT('Origin',(452.394919804164,-727.,714.745520337471));
#7924=CARTESIAN_POINT('',(487.697691743597,-727.,715.160489645507));
#7925=CARTESIAN_POINT('Origin',(523.00046368303,-686.500000085425,715.160489645507));
#7926=CARTESIAN_POINT('',(487.932305843372,-730.,715.160489645507));
#7927=CARTESIAN_POINT('',(536.249351501465,-686.500000042712,715.160489645507));
#7928=CARTESIAN_POINT('',(505.080489214585,-643.,715.160489645507));
#7929=CARTESIAN_POINT('',(487.697691743597,-646.,715.160489645507));
#7930=CARTESIAN_POINT('',(534.249351501465,-686.500000042712,715.160489645507));
#7931=CARTESIAN_POINT('Origin',(534.249351501465,-686.5,694.86580046704));
#7932=CARTESIAN_POINT('Origin',(452.394919804164,-646.,714.745520337471));
#7933=CARTESIAN_POINT('',(456.3343069204,-646.,714.160491058437));
#7934=CARTESIAN_POINT('Origin',(460.273694038391,-645.24671536684,713.407208052184));
#7935=CARTESIAN_POINT('',(455.735770296803,-644.232233047485,712.392727821135));
#7936=CARTESIAN_POINT('Origin',(451.197846548898,-644.232233047485,711.983538918316));
#7937=CARTESIAN_POINT('Origin',(499.723931121826,-647.,682.721150961425));
#7938=CARTESIAN_POINT('Origin',(490.960823392868,-647.,645.781926718261));
#7939=CARTESIAN_POINT('Origin',(500.045872052511,-647.,632.904505974954));
#7940=CARTESIAN_POINT('Origin',(536.249351501465,-686.5,694.647550192382));
#7941=CARTESIAN_POINT('',(536.249351501465,-686.500000024664,674.134612179434));
#7942=CARTESIAN_POINT('Origin',(433.85157925742,-659.178571735109,634.531809007602));
#7943=CARTESIAN_POINT('Origin',(514.11589884758,-707.999999523163,636.257408228423));
#7944=CARTESIAN_POINT('Origin',(541.056815465291,-686.499999920527,653.446256882852));
#7945=CARTESIAN_POINT('',(538.116851806641,-719.,656.386220541503));
#7946=CARTESIAN_POINT('',(538.354022079044,-719.,656.149050269099));
#7947=CARTESIAN_POINT('',(538.116851806641,-654.,656.386220541503));
#7948=CARTESIAN_POINT('',(538.116851806641,-686.499999960263,656.386220541503));
#7949=CARTESIAN_POINT('',(538.354022079044,-654.,656.149050269099));
#7950=CARTESIAN_POINT('Origin',(546.976244354248,-686.500000286102,658.273965445067));
#7951=CARTESIAN_POINT('',(544.624416351318,-719.,658.273965445067));
#7952=CARTESIAN_POINT('',(543.324121030172,-719.,658.273965445067));
#7953=CARTESIAN_POINT('',(547.624416351318,-686.500000143051,658.273965445067));
#7954=CARTESIAN_POINT('',(544.624416351318,-654.,658.273965445067));
#7955=CARTESIAN_POINT('',(543.324121030172,-654.,658.273965445067));
#7956=CARTESIAN_POINT('',(544.624416351318,-686.500000143051,658.273965445067));
#7957=CARTESIAN_POINT('Origin',(547.284217834473,-686.500000286102,664.247556295897));
#7958=CARTESIAN_POINT('',(546.164283752441,-654.,664.247556295897));
#7959=CARTESIAN_POINT('',(546.164283752441,-719.,664.247556295897));
#7960=CARTESIAN_POINT('',(546.164283752441,-686.500000143051,664.247556295897));
#7961=CARTESIAN_POINT('',(543.478107770284,-654.,664.247556295897));
#7962=CARTESIAN_POINT('',(543.478107770284,-719.,664.247556295897));
#7963=CARTESIAN_POINT('Origin',(546.164283752441,-686.5,664.997556295897));
#7964=CARTESIAN_POINT('',(546.164283752441,-719.,663.935084482272));
#7965=CARTESIAN_POINT('',(546.164283752441,-654.,663.935084482272));
#7966=CARTESIAN_POINT('Origin',(539.230878632644,-686.500000049328,672.198385900474));
#7967=CARTESIAN_POINT('Origin',(539.671997706095,-719.,662.872612668646));
#7968=CARTESIAN_POINT('',(541.328741217,-719.,657.317940515018));
#7969=CARTESIAN_POINT('Origin',(539.671997706095,-654.,662.872612668646));
#7970=CARTESIAN_POINT('',(541.328741217,-654.,657.317940515018));
#7971=CARTESIAN_POINT('Origin',(541.370634078979,-686.5,657.330092993285));
#7972=CARTESIAN_POINT('Origin',(504.309986701378,-686.500000210909,610.721150961425));
#7973=CARTESIAN_POINT('',(419.624416351318,-648.,610.721150961425));
#7974=CARTESIAN_POINT('',(419.624416351318,-725.,610.721150961425));
#7975=CARTESIAN_POINT('',(419.624416351318,-686.500000031569,610.721150961425));
#7976=CARTESIAN_POINT('',(490.717201526348,-648.,610.721150961425));
#7977=CARTESIAN_POINT('',(542.624416351318,-686.500000105454,610.721150961425));
#7978=CARTESIAN_POINT('',(490.717201526348,-725.,610.721150961425));
#7979=CARTESIAN_POINT('Origin',(419.624416351318,-686.49999985223,619.083281603362));
#7980=CARTESIAN_POINT('',(419.624416351318,-730.,651.672313946818));
#7981=CARTESIAN_POINT('',(419.624416351318,-643.,644.923802131187));
#7982=CARTESIAN_POINT('',(419.624416351318,-654.504136313498,604.217014036497));
#7983=CARTESIAN_POINT('',(419.624416351318,-718.495858827048,604.21701279859));
#7984=CARTESIAN_POINT('Origin',(452.864148003714,-730.,684.261346290273));
#7985=CARTESIAN_POINT('Origin',(477.124416351318,-727.060661315918,612.781811323668));
#7986=CARTESIAN_POINT('Origin',(544.685077667236,-686.5,612.781811323668));
#7987=CARTESIAN_POINT('Origin',(477.124416351318,-645.939339831471,612.781811323668));
#7988=CARTESIAN_POINT('Origin',(487.160514746139,-643.,670.764322659013));
#7989=CARTESIAN_POINT('Origin',(547.624416351318,-686.5,637.618878450896));
#7990=CARTESIAN_POINT('Origin',(441.322300720215,-653.2,623.466172781493));
#7991=CARTESIAN_POINT('Origin',(434.992190361023,-710.000007629395,624.377706137206));
#7992=CARTESIAN_POINT('Origin',(480.583972410722,-727.,648.005183306243));
#7993=CARTESIAN_POINT('',(517.860207703774,-727.,642.6904918934));
#7994=CARTESIAN_POINT('',(496.147248351515,-727.,647.773158978633));
#7995=CARTESIAN_POINT('',(506.106485366821,-727.,638.615970936324));
#7996=CARTESIAN_POINT('',(439.675658760059,-727.,631.213008059178));
#7997=CARTESIAN_POINT('',(457.577747677337,-727.,639.574961817228));
#7998=CARTESIAN_POINT('',(428.967487335205,-727.,635.336691227462));
#7999=CARTESIAN_POINT('Origin',(513.002479553223,-704.,632.575905409362));
#8000=CARTESIAN_POINT('Origin',(520.552397918701,-717.4,630.024733725096));
#8001=CARTESIAN_POINT('Origin',(441.322300720215,-719.800003051758,623.466172781493));
#8002=CARTESIAN_POINT('Origin',(436.976899623871,-713.000004768372,619.861007379399));
#8003=CARTESIAN_POINT('Origin',(436.976899623871,-660.000000357628,619.861007379399));
#8004=CARTESIAN_POINT('Origin',(506.106485366821,-717.4,629.226758566405));
#8005=CARTESIAN_POINT('Origin',(510.990578651428,-709.107142448425,650.928209323023));
#8006=CARTESIAN_POINT('Origin',(428.967487335205,-719.800003051758,622.668199148681));
#8007=CARTESIAN_POINT('Origin',(433.85157925742,-713.821433203561,634.531809007602));
#8008=CARTESIAN_POINT('Origin',(428.967487335205,-653.2,622.668199148681));
#8009=CARTESIAN_POINT('Origin',(434.992190361023,-663.,624.377706137206));
#8010=CARTESIAN_POINT('Origin',(547.824416304367,-702.150000000009,663.847556295897));
#8011=CARTESIAN_POINT('',(548.024416304367,-655.799999999983,663.647556295897));
#8012=CARTESIAN_POINT('',(547.624416304367,-655.799999999983,664.047556295897));
#8013=CARTESIAN_POINT('',(548.024416304367,-655.799999999983,663.647556295897));
#8014=CARTESIAN_POINT('',(547.624416304367,-717.200000000017,664.047556295897));
#8015=CARTESIAN_POINT('',(547.624416304367,-702.150000000009,664.047556295897));
#8016=CARTESIAN_POINT('',(548.024416304367,-717.200000000017,663.647556295897));
#8017=CARTESIAN_POINT('',(547.624416304367,-717.200000000017,664.047556295897));
#8018=CARTESIAN_POINT('',(548.024416304367,-702.150000000009,663.647556295897));
#8019=CARTESIAN_POINT('Origin',(547.424416304367,-655.799999999983,663.847556295897));
#8020=CARTESIAN_POINT('',(547.424416304367,-655.199999999983,663.647556295897));
#8021=CARTESIAN_POINT('Origin',(547.424416304367,-655.799999999983,663.647556295897));
#8022=CARTESIAN_POINT('',(547.424416304367,-655.599999999983,664.047556295897));
#8023=CARTESIAN_POINT('',(547.424416304367,-655.199999999983,663.647556295897));
#8024=CARTESIAN_POINT('Origin',(547.424416304367,-655.799999999983,664.047556295897));
#8025=CARTESIAN_POINT('Origin',(546.874416316105,-655.399999999983,663.847556295897));
#8026=CARTESIAN_POINT('',(545.224416351318,-655.199999999983,663.647556295897));
#8027=CARTESIAN_POINT('',(545.224416351318,-655.599999999983,664.047556295897));
#8028=CARTESIAN_POINT('',(545.224416351318,-655.199999999983,663.647556295897));
#8029=CARTESIAN_POINT('',(546.874416316105,-655.599999999983,664.047556295897));
#8030=CARTESIAN_POINT('',(546.874416316105,-655.199999999983,663.647556295897));
#8031=CARTESIAN_POINT('Origin',(545.224416351318,-655.799999999983,663.847556295897));
#8032=CARTESIAN_POINT('',(544.624416351318,-655.799999999983,663.647556295897));
#8033=CARTESIAN_POINT('Origin',(545.224416351318,-655.799999999983,663.647556295897));
#8034=CARTESIAN_POINT('',(545.024416351318,-655.799999999983,664.047556295897));
#8035=CARTESIAN_POINT('',(544.624416351318,-655.799999999983,663.647556295897));
#8036=CARTESIAN_POINT('Origin',(545.224416351318,-655.799999999983,664.047556295897));
#8037=CARTESIAN_POINT('Origin',(544.824416351318,-670.849999999991,663.847556295897));
#8038=CARTESIAN_POINT('',(544.624416351318,-717.200000000017,663.647556295897));
#8039=CARTESIAN_POINT('',(545.024416351318,-717.200000000017,664.047556295897));
#8040=CARTESIAN_POINT('',(544.624416351318,-717.200000000017,663.647556295897));
#8041=CARTESIAN_POINT('',(545.024416351318,-670.849999999991,664.047556295897));
#8042=CARTESIAN_POINT('',(544.624416351318,-670.849999999991,663.647556295897));
#8043=CARTESIAN_POINT('Origin',(545.224416351318,-717.200000000017,663.847556295897));
#8044=CARTESIAN_POINT('',(545.224416351318,-717.800000000017,663.647556295897));
#8045=CARTESIAN_POINT('Origin',(545.224416351318,-717.200000000017,663.647556295897));
#8046=CARTESIAN_POINT('',(545.224416351318,-717.400000000018,664.047556295897));
#8047=CARTESIAN_POINT('',(545.224416351318,-717.800000000017,663.647556295897));
#8048=CARTESIAN_POINT('Origin',(545.224416351318,-717.200000000017,664.047556295897));
#8049=CARTESIAN_POINT('Origin',(545.374416339581,-717.600000000018,663.847556295897));
#8050=CARTESIAN_POINT('',(547.424416304367,-717.800000000017,663.647556295897));
#8051=CARTESIAN_POINT('',(547.424416304367,-717.400000000018,664.047556295897));
#8052=CARTESIAN_POINT('',(547.424416304367,-717.800000000017,663.647556295897));
#8053=CARTESIAN_POINT('',(545.374416339581,-717.400000000018,664.047556295897));
#8054=CARTESIAN_POINT('',(545.374416339581,-717.800000000017,663.647556295897));
#8055=CARTESIAN_POINT('Origin',(547.424416304367,-717.200000000017,663.847556295897));
#8056=CARTESIAN_POINT('Origin',(547.424416304367,-717.200000000017,663.647556295897));
#8057=CARTESIAN_POINT('Origin',(547.424416304367,-717.200000000017,664.047556295897));
#8058=CARTESIAN_POINT('Origin',(545.224416351318,-655.799999999983,658.473965445067));
#8059=CARTESIAN_POINT('',(545.224416351318,-655.199999999983,658.873965445067));
#8060=CARTESIAN_POINT('',(545.224416351318,-655.199999999983,658.473965445067));
#8061=CARTESIAN_POINT('',(544.624416351318,-655.799999999983,658.873965445067));
#8062=CARTESIAN_POINT('Origin',(545.224416351318,-655.799999999983,658.873965445067));
#8063=CARTESIAN_POINT('',(544.624416351318,-655.799999999983,658.473965445067));
#8064=CARTESIAN_POINT('Origin',(547.624416304367,-655.199999999983,658.473965445067));
#8065=CARTESIAN_POINT('',(547.424416304367,-655.199999999983,658.873965445067));
#8066=CARTESIAN_POINT('',(547.424416304367,-655.199999999983,658.473965445067));
#8067=CARTESIAN_POINT('',(546.874416316105,-655.199999999983,658.873965445067));
#8068=CARTESIAN_POINT('Origin',(547.424416304367,-655.799999999983,658.473965445067));
#8069=CARTESIAN_POINT('',(548.024416304367,-655.799999999983,658.873965445067));
#8070=CARTESIAN_POINT('',(548.024416304367,-655.799999999983,658.473965445067));
#8071=CARTESIAN_POINT('Origin',(547.424416304367,-655.799999999983,658.873965445067));
#8072=CARTESIAN_POINT('Origin',(548.024416304367,-717.800000000017,658.473965445067));
#8073=CARTESIAN_POINT('',(548.024416304367,-717.200000000017,658.873965445067));
#8074=CARTESIAN_POINT('',(548.024416304367,-717.200000000017,658.473965445067));
#8075=CARTESIAN_POINT('',(548.024416304367,-702.150000000009,658.873965445067));
#8076=CARTESIAN_POINT('Origin',(546.124416327843,-686.5,664.047556295897));
#8077=CARTESIAN_POINT('Origin',(547.824416304367,-702.150000000009,658.673965445067));
#8078=CARTESIAN_POINT('',(547.624416304367,-717.200000000017,658.473965445067));
#8079=CARTESIAN_POINT('',(548.024416304367,-717.200000000017,658.873965445067));
#8080=CARTESIAN_POINT('',(547.624416304367,-655.799999999983,658.473965445067));
#8081=CARTESIAN_POINT('',(547.624416304367,-702.150000000009,658.473965445067));
#8082=CARTESIAN_POINT('',(547.624416304367,-655.799999999983,658.473965445067));
#8083=CARTESIAN_POINT('Origin',(547.424416304367,-717.200000000017,658.673965445067));
#8084=CARTESIAN_POINT('',(547.424416304367,-717.800000000017,658.873965445067));
#8085=CARTESIAN_POINT('Origin',(547.424416304367,-717.200000000017,658.873965445067));
#8086=CARTESIAN_POINT('',(547.424416304367,-717.400000000018,658.473965445067));
#8087=CARTESIAN_POINT('',(547.424416304367,-717.800000000017,658.873965445067));
#8088=CARTESIAN_POINT('Origin',(547.424416304367,-717.200000000017,658.473965445067));
#8089=CARTESIAN_POINT('Origin',(545.374416339581,-717.600000000018,658.673965445067));
#8090=CARTESIAN_POINT('',(545.224416351318,-717.800000000017,658.873965445067));
#8091=CARTESIAN_POINT('',(545.224416351318,-717.400000000017,658.473965445067));
#8092=CARTESIAN_POINT('',(545.224416351318,-717.800000000017,658.873965445067));
#8093=CARTESIAN_POINT('',(545.374416339581,-717.400000000017,658.473965445067));
#8094=CARTESIAN_POINT('',(545.374416339581,-717.800000000017,658.873965445067));
#8095=CARTESIAN_POINT('Origin',(545.224416351318,-717.200000000017,658.673965445067));
#8096=CARTESIAN_POINT('',(544.624416351318,-717.200000000017,658.873965445067));
#8097=CARTESIAN_POINT('Origin',(545.224416351318,-717.200000000017,658.873965445067));
#8098=CARTESIAN_POINT('',(545.024416351318,-717.200000000017,658.473965445067));
#8099=CARTESIAN_POINT('',(544.624416351318,-717.200000000017,658.873965445067));
#8100=CARTESIAN_POINT('Origin',(545.224416351318,-717.200000000017,658.473965445067));
#8101=CARTESIAN_POINT('Origin',(544.824416351318,-670.849999999991,658.673965445067));
#8102=CARTESIAN_POINT('',(545.024416351318,-655.799999999983,658.473965445067));
#8103=CARTESIAN_POINT('',(544.624416351318,-655.799999999983,658.873965445067));
#8104=CARTESIAN_POINT('',(545.024416351318,-670.849999999991,658.473965445067));
#8105=CARTESIAN_POINT('',(544.624416351318,-670.849999999991,658.873965445067));
#8106=CARTESIAN_POINT('Origin',(545.224416351318,-655.799999999983,658.673965445067));
#8107=CARTESIAN_POINT('',(545.224416351318,-655.599999999983,658.473965445067));
#8108=CARTESIAN_POINT('',(545.224416351318,-655.199999999983,658.873965445067));
#8109=CARTESIAN_POINT('Origin',(545.224416351318,-655.799999999983,658.473965445067));
#8110=CARTESIAN_POINT('Origin',(546.874416316105,-655.399999999983,658.673965445067));
#8111=CARTESIAN_POINT('',(547.424416304367,-655.599999999983,658.473965445067));
#8112=CARTESIAN_POINT('',(547.424416304367,-655.199999999983,658.873965445067));
#8113=CARTESIAN_POINT('',(546.874416316105,-655.599999999983,658.473965445067));
#8114=CARTESIAN_POINT('Origin',(547.424416304367,-655.799999999983,658.673965445067));
#8115=CARTESIAN_POINT('Origin',(547.424416304367,-655.799999999983,658.473965445067));
#8116=CARTESIAN_POINT('Origin',(545.224416351318,-717.200000000017,658.473965445067));
#8117=CARTESIAN_POINT('',(544.624416351318,-717.200000000017,658.473965445067));
#8118=CARTESIAN_POINT('',(545.224416351318,-717.800000000017,658.473965445067));
#8119=CARTESIAN_POINT('Origin',(544.624416351318,-717.800000000017,658.473965445067));
#8120=CARTESIAN_POINT('',(547.424416304367,-717.800000000017,658.473965445067));
#8121=CARTESIAN_POINT('Origin',(547.424416304367,-717.200000000017,658.473965445067));
#8122=CARTESIAN_POINT('Origin',(546.124416327843,-686.5,658.473965445067));
#8123=CARTESIAN_POINT('Origin',(544.624416351318,-655.199999999983,658.473965445067));
#8124=UNCERTAINTY_MEASURE_WITH_UNIT(LENGTH_MEASURE(0.01),#8128,
'DISTANCE_ACCURACY_VALUE',
'Maximum model space distance between geometric entities at asserted c
onnectivities');
#8125=UNCERTAINTY_MEASURE_WITH_UNIT(LENGTH_MEASURE(0.01),#8128,
'DISTANCE_ACCURACY_VALUE',
'Maximum model space distance between geometric entities at asserted c
onnectivities');
#8126=(
GEOMETRIC_REPRESENTATION_CONTEXT(3)
GLOBAL_UNCERTAINTY_ASSIGNED_CONTEXT((#8124))
GLOBAL_UNIT_ASSIGNED_CONTEXT((#8128,#8130,#8131))
REPRESENTATION_CONTEXT('','3D')
);
#8127=(
GEOMETRIC_REPRESENTATION_CONTEXT(3)
GLOBAL_UNCERTAINTY_ASSIGNED_CONTEXT((#8125))
GLOBAL_UNIT_ASSIGNED_CONTEXT((#8128,#8130,#8131))
REPRESENTATION_CONTEXT('','3D')
);
#8128=(
LENGTH_UNIT()
NAMED_UNIT(*)
SI_UNIT(.MILLI.,.METRE.)
);
#8129=(
LENGTH_UNIT()
NAMED_UNIT(*)
SI_UNIT($,.METRE.)
);
#8130=(
NAMED_UNIT(*)
PLANE_ANGLE_UNIT()
SI_UNIT($,.RADIAN.)
);
#8131=(
NAMED_UNIT(*)
SI_UNIT($,.STERADIAN.)
SOLID_ANGLE_UNIT()
);
#8132=SHAPE_DEFINITION_REPRESENTATION(#8133,#8134);
#8133=PRODUCT_DEFINITION_SHAPE('',$,#8136);
#8134=SHAPE_REPRESENTATION('',(#3174),#8126);
#8135=PRODUCT_DEFINITION_CONTEXT('part definition',#8140,'design');
#8136=PRODUCT_DEFINITION('2_Case','2_Case v4',#8137,#8135);
#8137=PRODUCT_DEFINITION_FORMATION('',$,#8142);
#8138=PRODUCT_RELATED_PRODUCT_CATEGORY('2_Case v4','2_Case v4',(#8142));
#8139=APPLICATION_PROTOCOL_DEFINITION('international standard',
'automotive_design',2009,#8140);
#8140=APPLICATION_CONTEXT(
'Core Data for Automotive Mechanical Design Process');
#8141=PRODUCT_CONTEXT('part definition',#8140,'mechanical');
#8142=PRODUCT('2_Case','2_Case v4',$,(#8141));
#8143=PRESENTATION_STYLE_ASSIGNMENT((#8144));
#8144=SURFACE_STYLE_USAGE(.BOTH.,#8145);
#8145=SURFACE_SIDE_STYLE('',(#8146));
#8146=SURFACE_STYLE_FILL_AREA(#8147);
#8147=FILL_AREA_STYLE('Steel - Satin',(#8148));
#8148=FILL_AREA_STYLE_COLOUR('Steel - Satin',#8149);
#8149=COLOUR_RGB('Steel - Satin',0.627450980392157,0.627450980392157,0.627450980392157);
ENDSEC;
END-ISO-10303-21;
