solid OpenSCAD_Model
  facet normal 0 0 -1
    outer loop
      vertex 38.215 58.4 43.6721
      vertex 43.215 57.7 43.6721
      vertex 38.215 57.7 43.6721
    endloop
  endfacet
  facet normal 0 0 -1
    outer loop
      vertex 56.345 60.6 43.6721
      vertex 62.5 58.55 43.6721
      vertex 59.465 58.55 43.6721
    endloop
  endfacet
  facet normal 0 0 -1
    outer loop
      vertex 79.065 81.05 43.6721
      vertex 76.065 81.3 43.6721
      vertex 79.065 84.3 43.6721
    endloop
  endfacet
  facet normal 0 0 -1
    outer loop
      vertex 62.5 81.05 43.6721
      vertex 76.065 81.3 43.6721
      vertex 79.065 81.05 43.6721
    endloop
  endfacet
  facet normal 0 0 -1
    outer loop
      vertex 63.165 81.3 43.6721
      vertex 62.665 81.3603 43.6721
      vertex 63.165 83.5 43.6721
    endloop
  endfacet
  facet normal -0 0 -1
    outer loop
      vertex 76.065 81.3 43.6721
      vertex 62.5 81.05 43.6721
      vertex 63.165 81.3 43.6721
    endloop
  endfacet
  facet normal 0 0 -1
    outer loop
      vertex 62.5 81.05 43.6721
      vertex 62.665 81.3603 43.6721
      vertex 63.165 81.3 43.6721
    endloop
  endfacet
  facet normal 0 0 -1
    outer loop
      vertex 62.5 81.05 43.6721
      vertex 59.215 81.3603 43.6721
      vertex 62.665 81.3603 43.6721
    endloop
  endfacet
  facet normal 0 0 -1
    outer loop
      vertex 56.345 78.6 43.6721
      vertex 62.5 58.55 43.6721
      vertex 56.345 60.6 43.6721
    endloop
  endfacet
  facet normal -0 0 -1
    outer loop
      vertex 79.065 84.3 43.6721
      vertex 76.065 81.3 43.6721
      vertex 76.065 84.3 43.6721
    endloop
  endfacet
  facet normal -0 0 -1
    outer loop
      vertex 63.165 83.5 43.6721
      vertex 62.665 81.3603 43.6721
      vertex 62.665 83.5 43.6721
    endloop
  endfacet
  facet normal 0 0 -1
    outer loop
      vertex 57.015 59.35 43.6721
      vertex 56.3388 60.5218 43.6721
      vertex 56.345 60.6 43.6721
    endloop
  endfacet
  facet normal 0 0 -1
    outer loop
      vertex 57.015 59.35 43.6721
      vertex 56.3205 60.4455 43.6721
      vertex 56.3388 60.5218 43.6721
    endloop
  endfacet
  facet normal 0 0 -1
    outer loop
      vertex 57.015 59.35 43.6721
      vertex 56.2905 60.373 43.6721
      vertex 56.3205 60.4455 43.6721
    endloop
  endfacet
  facet normal 0 0 -1
    outer loop
      vertex 57.015 59.35 43.6721
      vertex 56.2495 60.3061 43.6721
      vertex 56.2905 60.373 43.6721
    endloop
  endfacet
  facet normal 0 0 -1
    outer loop
      vertex 57.015 59.35 43.6721
      vertex 56.1986 60.2464 43.6721
      vertex 56.2495 60.3061 43.6721
    endloop
  endfacet
  facet normal 0 0 -1
    outer loop
      vertex 57.015 59.35 43.6721
      vertex 56.1389 60.1955 43.6721
      vertex 56.1986 60.2464 43.6721
    endloop
  endfacet
  facet normal 0 0 -1
    outer loop
      vertex 57.015 59.35 43.6721
      vertex 56.072 60.1545 43.6721
      vertex 56.1389 60.1955 43.6721
    endloop
  endfacet
  facet normal 0 0 -1
    outer loop
      vertex 57.015 59.35 43.6721
      vertex 55.9995 60.1245 43.6721
      vertex 56.072 60.1545 43.6721
    endloop
  endfacet
  facet normal 0 0 -1
    outer loop
      vertex 57.015 59.35 43.6721
      vertex 55.9232 60.1062 43.6721
      vertex 55.9995 60.1245 43.6721
    endloop
  endfacet
  facet normal 0 0 -1
    outer loop
      vertex 57.015 59.35 43.6721
      vertex 55.845 60.1 43.6721
      vertex 55.9232 60.1062 43.6721
    endloop
  endfacet
  facet normal 0 0 -1
    outer loop
      vertex 43.215 59.35 43.6721
      vertex 55.845 60.1 43.6721
      vertex 57.015 59.35 43.6721
    endloop
  endfacet
  facet normal 0 0 -1
    outer loop
      vertex 43.215 57.7 43.6721
      vertex 38.215 58.4 43.6721
      vertex 43.215 59.35 43.6721
    endloop
  endfacet
  facet normal 0 0 -1
    outer loop
      vertex 43.215 59.35 43.6721
      vertex 35.645 60.1 43.6721
      vertex 55.845 60.1 43.6721
    endloop
  endfacet
  facet normal 0 0 -1
    outer loop
      vertex 38.215 58.4 43.6721
      vertex 35.645 60.1 43.6721
      vertex 43.215 59.35 43.6721
    endloop
  endfacet
  facet normal 0 0 -1
    outer loop
      vertex 38.215 58.4 43.6721
      vertex 35.5668 60.1062 43.6721
      vertex 35.645 60.1 43.6721
    endloop
  endfacet
  facet normal 0 0 -1
    outer loop
      vertex 31.765 58.4 43.6721
      vertex 35.5668 60.1062 43.6721
      vertex 38.215 58.4 43.6721
    endloop
  endfacet
  facet normal -0 0 -1
    outer loop
      vertex 35.5668 60.1062 43.6721
      vertex 31.765 58.4 43.6721
      vertex 35.4905 60.1245 43.6721
    endloop
  endfacet
  facet normal -0 0 -1
    outer loop
      vertex 35.4905 60.1245 43.6721
      vertex 31.765 58.4 43.6721
      vertex 35.418 60.1545 43.6721
    endloop
  endfacet
  facet normal 0 0 -1
    outer loop
      vertex 35.1512 60.5218 43.6721
      vertex 31.765 60.7 43.6721
      vertex 35.145 60.6 43.6721
    endloop
  endfacet
  facet normal 0 0 -1
    outer loop
      vertex 35.1695 60.4455 43.6721
      vertex 31.765 60.7 43.6721
      vertex 35.1512 60.5218 43.6721
    endloop
  endfacet
  facet normal 0 0 -1
    outer loop
      vertex 35.1995 60.373 43.6721
      vertex 31.765 60.7 43.6721
      vertex 35.1695 60.4455 43.6721
    endloop
  endfacet
  facet normal 0 0 -1
    outer loop
      vertex 31.765 60.7 43.6721
      vertex 35.1995 60.373 43.6721
      vertex 31.765 58.4 43.6721
    endloop
  endfacet
  facet normal -0 0 -1
    outer loop
      vertex 35.2405 60.3061 43.6721
      vertex 31.765 58.4 43.6721
      vertex 35.1995 60.373 43.6721
    endloop
  endfacet
  facet normal -0 0 -1
    outer loop
      vertex 35.2914 60.2464 43.6721
      vertex 31.765 58.4 43.6721
      vertex 35.2405 60.3061 43.6721
    endloop
  endfacet
  facet normal -0 0 -1
    outer loop
      vertex 35.3511 60.1955 43.6721
      vertex 31.765 58.4 43.6721
      vertex 35.2914 60.2464 43.6721
    endloop
  endfacet
  facet normal -0 0 -1
    outer loop
      vertex 35.418 60.1545 43.6721
      vertex 31.765 58.4 43.6721
      vertex 35.3511 60.1955 43.6721
    endloop
  endfacet
  facet normal 0 0 -1
    outer loop
      vertex 57.015 58.4 43.6721
      vertex 59.465 58.55 43.6721
      vertex 59.465 58.4 43.6721
    endloop
  endfacet
  facet normal 0 0 -1
    outer loop
      vertex 59.215 81.3603 43.6721
      vertex 57.715 83.5 43.6721
      vertex 59.215 83.5 43.6721
    endloop
  endfacet
  facet normal -0 0 -1
    outer loop
      vertex 62.5 81.05 43.6721
      vertex 56.345 78.6 43.6721
      vertex 59.215 81.3603 43.6721
    endloop
  endfacet
  facet normal -0 0 -1
    outer loop
      vertex 59.465 58.55 43.6721
      vertex 57.015 58.4 43.6721
      vertex 57.015 59.35 43.6721
    endloop
  endfacet
  facet normal 0 0 -1
    outer loop
      vertex 59.465 58.55 43.6721
      vertex 57.015 59.35 43.6721
      vertex 56.345 60.6 43.6721
    endloop
  endfacet
  facet normal 0 0 -1
    outer loop
      vertex 56.3374 78.6868 43.6721
      vertex 59.215 81.3603 43.6721
      vertex 56.345 78.6 43.6721
    endloop
  endfacet
  facet normal 0 0 -1
    outer loop
      vertex 62.5 58.55 43.6721
      vertex 56.345 78.6 43.6721
      vertex 62.5 81.05 43.6721
    endloop
  endfacet
  facet normal 0 0 -1
    outer loop
      vertex 56.3148 78.771 43.6721
      vertex 59.215 81.3603 43.6721
      vertex 56.3374 78.6868 43.6721
    endloop
  endfacet
  facet normal 0 0 -1
    outer loop
      vertex 56.278 78.85 43.6721
      vertex 59.215 81.3603 43.6721
      vertex 56.3148 78.771 43.6721
    endloop
  endfacet
  facet normal 0 0 -1
    outer loop
      vertex 56.228 78.9214 43.6721
      vertex 59.215 81.3603 43.6721
      vertex 56.278 78.85 43.6721
    endloop
  endfacet
  facet normal 0 0 -1
    outer loop
      vertex 56.1664 78.983 43.6721
      vertex 59.215 81.3603 43.6721
      vertex 56.228 78.9214 43.6721
    endloop
  endfacet
  facet normal 0 0 -1
    outer loop
      vertex 56.095 79.033 43.6721
      vertex 59.215 81.3603 43.6721
      vertex 56.1664 78.983 43.6721
    endloop
  endfacet
  facet normal 0 0 -1
    outer loop
      vertex 56.016 79.0698 43.6721
      vertex 59.215 81.3603 43.6721
      vertex 56.095 79.033 43.6721
    endloop
  endfacet
  facet normal -0 0 -1
    outer loop
      vertex 59.215 81.3603 43.6721
      vertex 56.016 79.0698 43.6721
      vertex 57.715 83.5 43.6721
    endloop
  endfacet
  facet normal 0 0 -1
    outer loop
      vertex 55.9318 79.0924 43.6721
      vertex 57.715 83.5 43.6721
      vertex 56.016 79.0698 43.6721
    endloop
  endfacet
  facet normal 0 0 -1
    outer loop
      vertex 55.845 79.1 43.6721
      vertex 57.715 83.5 43.6721
      vertex 55.9318 79.0924 43.6721
    endloop
  endfacet
  facet normal -0 0 -1
    outer loop
      vertex 57.715 83.5 43.6721
      vertex 55.845 79.1 43.6721
      vertex 57.715 84.3 43.6721
    endloop
  endfacet
  facet normal 0 0 -1
    outer loop
      vertex 40.915 84.3 43.6721
      vertex 55.845 79.1 43.6721
      vertex 40.915 83.5 43.6721
    endloop
  endfacet
  facet normal 0 0 -1
    outer loop
      vertex 55.845 79.1 43.6721
      vertex 40.915 84.3 43.6721
      vertex 57.715 84.3 43.6721
    endloop
  endfacet
  facet normal 0 0 -1
    outer loop
      vertex 24.065 60.7 43.6721
      vertex 26.365 61.95 43.6721
      vertex 31.765 60.7 43.6721
    endloop
  endfacet
  facet normal -0 0 -1
    outer loop
      vertex 26.365 61.95 43.6721
      vertex 24.065 60.7 43.6721
      vertex 24.065 61.95 43.6721
    endloop
  endfacet
  facet normal 0 0 -1
    outer loop
      vertex 35.395 79.033 43.6721
      vertex 35.465 81.3 43.6721
      vertex 35.474 79.0698 43.6721
    endloop
  endfacet
  facet normal 0 0 -1
    outer loop
      vertex 35.3236 78.983 43.6721
      vertex 35.465 81.3 43.6721
      vertex 35.395 79.033 43.6721
    endloop
  endfacet
  facet normal 0 0 -1
    outer loop
      vertex 35.262 78.9214 43.6721
      vertex 35.465 81.3 43.6721
      vertex 35.3236 78.983 43.6721
    endloop
  endfacet
  facet normal 0 0 -1
    outer loop
      vertex 35.212 78.85 43.6721
      vertex 35.465 81.3 43.6721
      vertex 35.262 78.9214 43.6721
    endloop
  endfacet
  facet normal 0 0 -1
    outer loop
      vertex 35.1752 78.771 43.6721
      vertex 35.465 81.3 43.6721
      vertex 35.212 78.85 43.6721
    endloop
  endfacet
  facet normal 0 0 -1
    outer loop
      vertex 25.865 80.07 43.6721
      vertex 35.1752 78.771 43.6721
      vertex 35.1526 78.6868 43.6721
    endloop
  endfacet
  facet normal 0 0 -1
    outer loop
      vertex 26.365 64.7 43.6721
      vertex 35.145 60.6 43.6721
      vertex 31.765 60.7 43.6721
    endloop
  endfacet
  facet normal 0 0 -1
    outer loop
      vertex 35.145 60.6 43.6721
      vertex 26.365 64.7 43.6721
      vertex 35.145 78.6 43.6721
    endloop
  endfacet
  facet normal 0 0 -1
    outer loop
      vertex 25.865 80.07 43.6721
      vertex 35.145 78.6 43.6721
      vertex 26.365 64.7 43.6721
    endloop
  endfacet
  facet normal 0 0 -1
    outer loop
      vertex 26.365 64.7 43.6721
      vertex 31.765 60.7 43.6721
      vertex 26.365 61.95 43.6721
    endloop
  endfacet
  facet normal 0 0 -1
    outer loop
      vertex 35.145 78.6 43.6721
      vertex 25.865 80.07 43.6721
      vertex 35.1526 78.6868 43.6721
    endloop
  endfacet
  facet normal 0 0 -1
    outer loop
      vertex 25.865 80.07 43.6721
      vertex 26.365 64.7 43.6721
      vertex 25.865 64.7 43.6721
    endloop
  endfacet
  facet normal 0 0 -1
    outer loop
      vertex 35.1752 78.771 43.6721
      vertex 25.865 80.07 43.6721
      vertex 35.465 81.3 43.6721
    endloop
  endfacet
  facet normal 0 0 -1
    outer loop
      vertex 25.865 80.07 43.6721
      vertex 24.065 81.3 43.6721
      vertex 35.465 81.3 43.6721
    endloop
  endfacet
  facet normal 0 0 -1
    outer loop
      vertex 19.265 80.07 43.6721
      vertex 24.065 81.3 43.6721
      vertex 25.865 80.07 43.6721
    endloop
  endfacet
  facet normal 0 0 -1
    outer loop
      vertex 19.265 84.3 43.6721
      vertex 24.065 81.3 43.6721
      vertex 19.265 80.07 43.6721
    endloop
  endfacet
  facet normal 0 0 -1
    outer loop
      vertex 24.065 81.3 43.6721
      vertex 19.265 84.3 43.6721
      vertex 24.065 84.3 43.6721
    endloop
  endfacet
  facet normal 0 0 -1
    outer loop
      vertex 55.845 79.1 43.6721
      vertex 39.165 81.3603 43.6721
      vertex 40.915 83.5 43.6721
    endloop
  endfacet
  facet normal 0 0 -1
    outer loop
      vertex 35.645 79.1 43.6721
      vertex 39.165 81.3603 43.6721
      vertex 55.845 79.1 43.6721
    endloop
  endfacet
  facet normal -0 0 -1
    outer loop
      vertex 39.165 81.3603 43.6721
      vertex 35.645 79.1 43.6721
      vertex 36.365 81.3603 43.6721
    endloop
  endfacet
  facet normal 0 0 -1
    outer loop
      vertex 35.465 81.3 43.6721
      vertex 36.365 81.3603 43.6721
      vertex 35.645 79.1 43.6721
    endloop
  endfacet
  facet normal 0 0 -1
    outer loop
      vertex 35.465 81.3 43.6721
      vertex 35.645 79.1 43.6721
      vertex 35.5582 79.0924 43.6721
    endloop
  endfacet
  facet normal 0 0 -1
    outer loop
      vertex 35.465 81.3 43.6721
      vertex 35.5582 79.0924 43.6721
      vertex 35.474 79.0698 43.6721
    endloop
  endfacet
  facet normal 0 0 -1
    outer loop
      vertex 35.465 83.5 43.6721
      vertex 36.365 81.3603 43.6721
      vertex 35.465 81.3 43.6721
    endloop
  endfacet
  facet normal 0 0 -1
    outer loop
      vertex 36.365 81.3603 43.6721
      vertex 35.465 83.5 43.6721
      vertex 36.365 83.5 43.6721
    endloop
  endfacet
  facet normal -0 0 -1
    outer loop
      vertex 40.915 83.5 43.6721
      vertex 39.165 81.3603 43.6721
      vertex 39.165 83.5 43.6721
    endloop
  endfacet
  facet normal 0 0 -1
    outer loop
      vertex 87.5 57.7 43.6721
      vertex 87.6585 60.6804 43.6721
      vertex 89.35 57.7 43.6721
    endloop
  endfacet
  facet normal 0 0 -1
    outer loop
      vertex 87.6585 60.6804 43.6721
      vertex 87.5 57.7 43.6721
      vertex 87.5 60.5905 43.6721
    endloop
  endfacet
  facet normal 0 0 -1
    outer loop
      vertex 88.2874 73.9159 43.6721
      vertex 92.6528 76.4022 43.6721
      vertex 88.3165 73.6981 43.6721
    endloop
  endfacet
  facet normal 0 0 -1
    outer loop
      vertex 91.1 66.5 43.6721
      vertex 88.2635 73.2635 43.6721
      vertex 88.3084 73.4786 43.6721
    endloop
  endfacet
  facet normal 0 0 -1
    outer loop
      vertex 87.892 64.8702 43.6721
      vertex 91.1 66.5 43.6721
      vertex 88.215 64.8198 43.6721
    endloop
  endfacet
  facet normal 0 0 -1
    outer loop
      vertex 91.1 66.5 43.6721
      vertex 88.183 73.0591 43.6721
      vertex 88.2635 73.2635 43.6721
    endloop
  endfacet
  facet normal 0 0 -1
    outer loop
      vertex 91.1 66.5 43.6721
      vertex 88.0693 72.8711 43.6721
      vertex 88.183 73.0591 43.6721
    endloop
  endfacet
  facet normal 0 0 -1
    outer loop
      vertex 91.1 66.5 43.6721
      vertex 87.9255 72.705 43.6721
      vertex 88.0693 72.8711 43.6721
    endloop
  endfacet
  facet normal -0 0 -1
    outer loop
      vertex 91.1 66.5 43.6721
      vertex 87.892 64.8702 43.6721
      vertex 87.565 72.4565 43.6721
    endloop
  endfacet
  facet normal 0 0 -1
    outer loop
      vertex 91.1 66.5 43.6721
      vertex 87.7558 72.5655 43.6721
      vertex 87.9255 72.705 43.6721
    endloop
  endfacet
  facet normal 0 0 -1
    outer loop
      vertex 87.565 72.4565 43.6721
      vertex 87.892 64.8702 43.6721
      vertex 87.565 64.8653 43.6721
    endloop
  endfacet
  facet normal 0 0 -1
    outer loop
      vertex 91.1 66.5 43.6721
      vertex 87.565 72.4565 43.6721
      vertex 87.7558 72.5655 43.6721
    endloop
  endfacet
  facet normal 0 0 -1
    outer loop
      vertex 93.2082 57.7 43.6721
      vertex 96.45 58.2741 43.6721
      vertex 95.4082 57.4 43.6721
    endloop
  endfacet
  facet normal 0 0 -1
    outer loop
      vertex 93.2082 57.7 43.6721
      vertex 95.4082 57.4 43.6721
      vertex 93.2082 57.4 43.6721
    endloop
  endfacet
  facet normal -0 0 -1
    outer loop
      vertex 96.45 58.2741 43.6721
      vertex 93.2082 57.7 43.6721
      vertex 96.45 61.5 43.6721
    endloop
  endfacet
  facet normal 0 0 -1
    outer loop
      vertex 91.3 59.65 43.6721
      vertex 93.2082 57.7 43.6721
      vertex 91.3 57.7 43.6721
    endloop
  endfacet
  facet normal 0 0 -1
    outer loop
      vertex 93.2082 57.7 43.6721
      vertex 91.3 59.65 43.6721
      vertex 96.45 61.5 43.6721
    endloop
  endfacet
  facet normal 0 0 -1
    outer loop
      vertex 91.3 59.65 43.6721
      vertex 91.1 61.5 43.6721
      vertex 96.45 61.5 43.6721
    endloop
  endfacet
  facet normal 0 0 -1
    outer loop
      vertex 89.5904 63.5378 43.6721
      vertex 91.1 66.5 43.6721
      vertex 91.1 61.5 43.6721
    endloop
  endfacet
  facet normal 0 0 -1
    outer loop
      vertex 89.6635 63.2191 43.6721
      vertex 91.1 61.5 43.6721
      vertex 89.6815 62.8926 43.6721
    endloop
  endfacet
  facet normal 0 0 -1
    outer loop
      vertex 89.6441 62.5678 43.6721
      vertex 91.1 61.5 43.6721
      vertex 91.3 59.65 43.6721
    endloop
  endfacet
  facet normal 0 0 -1
    outer loop
      vertex 91.1 61.5 43.6721
      vertex 89.6441 62.5678 43.6721
      vertex 89.6815 62.8926 43.6721
    endloop
  endfacet
  facet normal 0 0 -1
    outer loop
      vertex 91.1 66.5 43.6721
      vertex 96.2922 68.0901 43.6721
      vertex 96.4353 66.5 43.6721
    endloop
  endfacet
  facet normal -0 0 -1
    outer loop
      vertex 96.2922 68.0901 43.6721
      vertex 91.1 66.5 43.6721
      vertex 95.8219 70.337 43.6721
    endloop
  endfacet
  facet normal -0 0 -1
    outer loop
      vertex 95.8219 70.337 43.6721
      vertex 91.1 66.5 43.6721
      vertex 95.0479 72.4981 43.6721
    endloop
  endfacet
  facet normal 0 0 -1
    outer loop
      vertex 88.3084 73.4786 43.6721
      vertex 95.0479 72.4981 43.6721
      vertex 91.1 66.5 43.6721
    endloop
  endfacet
  facet normal 0 0 -1
    outer loop
      vertex 95.0479 72.4981 43.6721
      vertex 88.3084 73.4786 43.6721
      vertex 93.9848 74.5326 43.6721
    endloop
  endfacet
  facet normal 0 -0 -1
    outer loop
      vertex 88.3165 73.6981 43.6721
      vertex 93.9848 74.5326 43.6721
      vertex 88.3084 73.4786 43.6721
    endloop
  endfacet
  facet normal 0 0 -1
    outer loop
      vertex 89.5904 63.5378 43.6721
      vertex 91.1 61.5 43.6721
      vertex 89.6635 63.2191 43.6721
    endloop
  endfacet
  facet normal 0 0 -1
    outer loop
      vertex 91.1 66.5 43.6721
      vertex 89.5904 63.5378 43.6721
      vertex 89.4645 63.8396 43.6721
    endloop
  endfacet
  facet normal 0 0 -1
    outer loop
      vertex 89.2893 64.1157 43.6721
      vertex 91.1 66.5 43.6721
      vertex 89.4645 63.8396 43.6721
    endloop
  endfacet
  facet normal 0 0 -1
    outer loop
      vertex 89.0699 64.3581 43.6721
      vertex 91.1 66.5 43.6721
      vertex 89.2893 64.1157 43.6721
    endloop
  endfacet
  facet normal -0 0 -1
    outer loop
      vertex 93.9848 74.5326 43.6721
      vertex 88.3165 73.6981 43.6721
      vertex 92.6528 76.4022 43.6721
    endloop
  endfacet
  facet normal 0 0 -1
    outer loop
      vertex 88.8126 64.56 43.6721
      vertex 91.1 66.5 43.6721
      vertex 89.0699 64.3581 43.6721
    endloop
  endfacet
  facet normal 0 0 -1
    outer loop
      vertex 88.5249 64.7153 43.6721
      vertex 91.1 66.5 43.6721
      vertex 88.8126 64.56 43.6721
    endloop
  endfacet
  facet normal 0 0 -1
    outer loop
      vertex 88.215 64.8198 43.6721
      vertex 91.1 66.5 43.6721
      vertex 88.5249 64.7153 43.6721
    endloop
  endfacet
  facet normal 0 0 -1
    outer loop
      vertex 88.2221 74.1257 43.6721
      vertex 92.6528 76.4022 43.6721
      vertex 88.2874 73.9159 43.6721
    endloop
  endfacet
  facet normal 0 0 -1
    outer loop
      vertex 88.1224 74.3215 43.6721
      vertex 92.6528 76.4022 43.6721
      vertex 88.2221 74.1257 43.6721
    endloop
  endfacet
  facet normal -0 0 -1
    outer loop
      vertex 92.6528 76.4022 43.6721
      vertex 88.1224 74.3215 43.6721
      vertex 91.077 78.0714 43.6721
    endloop
  endfacet
  facet normal 0 0 -1
    outer loop
      vertex 87.9912 74.4977 43.6721
      vertex 91.077 78.0714 43.6721
      vertex 88.1224 74.3215 43.6721
    endloop
  endfacet
  facet normal 0 0 -1
    outer loop
      vertex 87.8322 74.6492 43.6721
      vertex 91.077 78.0714 43.6721
      vertex 87.9912 74.4977 43.6721
    endloop
  endfacet
  facet normal 0 0 -1
    outer loop
      vertex 87.6499 74.7719 43.6721
      vertex 91.077 78.0714 43.6721
      vertex 87.8322 74.6492 43.6721
    endloop
  endfacet
  facet normal -0 0 -1
    outer loop
      vertex 91.077 78.0714 43.6721
      vertex 87.6499 74.7719 43.6721
      vertex 89.2872 79.5088 43.6721
    endloop
  endfacet
  facet normal 0 0 -1
    outer loop
      vertex 87.5 74.8394 43.6721
      vertex 89.2872 79.5088 43.6721
      vertex 87.6499 74.7719 43.6721
    endloop
  endfacet
  facet normal -0 0 -1
    outer loop
      vertex 89.2872 79.5088 43.6721
      vertex 87.5 74.8394 43.6721
      vertex 87.5 80.5778 43.6721
    endloop
  endfacet
  facet normal 0 1 0
    outer loop
      vertex 63.165 84.3 46.6721
      vertex 57.715 84.3 43.6721
      vertex 35.465 84.3 46.6721
    endloop
  endfacet
  facet normal 0 1 0
    outer loop
      vertex 63.165 84.3 46.6721
      vertex 57.8018 84.3 43.6645
      vertex 57.715 84.3 43.6721
    endloop
  endfacet
  facet normal 0 1 0
    outer loop
      vertex 63.165 84.3 46.6721
      vertex 57.886 84.3 43.642
      vertex 57.8018 84.3 43.6645
    endloop
  endfacet
  facet normal 0 1 0
    outer loop
      vertex 63.165 84.3 46.6721
      vertex 57.965 84.3 43.6052
      vertex 57.886 84.3 43.642
    endloop
  endfacet
  facet normal 0 1 0
    outer loop
      vertex 63.165 84.3 46.6721
      vertex 58.0364 84.3 43.5552
      vertex 57.965 84.3 43.6052
    endloop
  endfacet
  facet normal 0 1 0
    outer loop
      vertex 63.165 84.3 46.6721
      vertex 58.098 84.3 43.4935
      vertex 58.0364 84.3 43.5552
    endloop
  endfacet
  facet normal 0 1 0
    outer loop
      vertex 63.165 84.3 46.6721
      vertex 58.148 84.3 43.4221
      vertex 58.098 84.3 43.4935
    endloop
  endfacet
  facet normal 0 1 0
    outer loop
      vertex 63.165 84.3 46.6721
      vertex 58.1848 84.3 43.3431
      vertex 58.148 84.3 43.4221
    endloop
  endfacet
  facet normal 0 1 0
    outer loop
      vertex 63.165 84.3 46.6721
      vertex 58.2074 84.3 43.259
      vertex 58.1848 84.3 43.3431
    endloop
  endfacet
  facet normal 0 1 -0
    outer loop
      vertex 63.165 84.3 41.1221
      vertex 58.2074 84.3 43.259
      vertex 63.165 84.3 46.6721
    endloop
  endfacet
  facet normal 0 1 0
    outer loop
      vertex 58.2074 84.3 43.259
      vertex 63.165 84.3 41.1221
      vertex 58.215 84.3 43.1721
    endloop
  endfacet
  facet normal 0 1 0
    outer loop
      vertex 58.215 84.3 43.1721
      vertex 63.165 84.3 41.1221
      vertex 58.215 84.3 41.1221
    endloop
  endfacet
  facet normal 0 1 -0
    outer loop
      vertex 63.165 84.3 46.6721
      vertex 25.865 84.3 47.2497
      vertex 79.065 84.3 47.2497
    endloop
  endfacet
  facet normal 0 1 0
    outer loop
      vertex 63.165 84.3 46.6721
      vertex 79.065 84.3 47.2497
      vertex 76.065 84.3 46.6721
    endloop
  endfacet
  facet normal 0 1 -0
    outer loop
      vertex 79.065 84.3 43.6721
      vertex 76.065 84.3 46.6721
      vertex 79.065 84.3 47.2497
    endloop
  endfacet
  facet normal 0 1 0
    outer loop
      vertex 76.065 84.3 46.6721
      vertex 79.065 84.3 43.6721
      vertex 76.065 84.3 43.6721
    endloop
  endfacet
  facet normal 0 1 -0
    outer loop
      vertex 35.465 84.3 46.6721
      vertex 25.865 84.3 47.2497
      vertex 63.165 84.3 46.6721
    endloop
  endfacet
  facet normal 0 1 0
    outer loop
      vertex 24.065 84.3 46.6721
      vertex 25.865 84.3 47.2497
      vertex 35.465 84.3 46.6721
    endloop
  endfacet
  facet normal 0 1 0
    outer loop
      vertex 25.865 84.3 47.2497
      vertex 24.065 84.3 46.6721
      vertex 17.9026 84.3 47.2497
    endloop
  endfacet
  facet normal 0 1 -0
    outer loop
      vertex 19.265 84.3 43.6721
      vertex 17.9026 84.3 47.2497
      vertex 24.065 84.3 46.6721
    endloop
  endfacet
  facet normal 0 1 0
    outer loop
      vertex 19.265 84.3 43.6721
      vertex 24.065 84.3 46.6721
      vertex 24.065 84.3 43.6721
    endloop
  endfacet
  facet normal 0 1 0
    outer loop
      vertex 17.9026 84.3 47.2497
      vertex 19.265 84.3 43.6721
      vertex 15.6503 84.3 44.9974
    endloop
  endfacet
  facet normal 0 1 -0
    outer loop
      vertex 17.765 84.3 42.1721
      vertex 15.6503 84.3 44.9974
      vertex 19.265 84.3 43.6721
    endloop
  endfacet
  facet normal 0 1 0
    outer loop
      vertex 15.6503 84.3 42.0621
      vertex 17.765 84.3 42.1721
      vertex 17.765 84.3 42.0621
    endloop
  endfacet
  facet normal 0 1 0
    outer loop
      vertex 17.765 84.3 42.1721
      vertex 15.6503 84.3 42.0621
      vertex 15.6503 84.3 44.9974
    endloop
  endfacet
  facet normal 0 1 -0
    outer loop
      vertex 40.915 84.3 43.6721
      vertex 35.465 84.3 46.6721
      vertex 57.715 84.3 43.6721
    endloop
  endfacet
  facet normal 0 1 -0
    outer loop
      vertex 40.8282 84.3 43.6645
      vertex 35.465 84.3 46.6721
      vertex 40.915 84.3 43.6721
    endloop
  endfacet
  facet normal 0 1 -0
    outer loop
      vertex 40.744 84.3 43.642
      vertex 35.465 84.3 46.6721
      vertex 40.8282 84.3 43.6645
    endloop
  endfacet
  facet normal 0 1 -0
    outer loop
      vertex 40.665 84.3 43.6052
      vertex 35.465 84.3 46.6721
      vertex 40.744 84.3 43.642
    endloop
  endfacet
  facet normal 0 1 -0
    outer loop
      vertex 40.5936 84.3 43.5552
      vertex 35.465 84.3 46.6721
      vertex 40.665 84.3 43.6052
    endloop
  endfacet
  facet normal 0 1 -0
    outer loop
      vertex 40.532 84.3 43.4935
      vertex 35.465 84.3 46.6721
      vertex 40.5936 84.3 43.5552
    endloop
  endfacet
  facet normal 0 1 -0
    outer loop
      vertex 40.482 84.3 43.4221
      vertex 35.465 84.3 46.6721
      vertex 40.532 84.3 43.4935
    endloop
  endfacet
  facet normal 0 1 -0
    outer loop
      vertex 40.4452 84.3 43.3431
      vertex 35.465 84.3 46.6721
      vertex 40.482 84.3 43.4221
    endloop
  endfacet
  facet normal 0 1 -0
    outer loop
      vertex 40.4226 84.3 43.259
      vertex 35.465 84.3 46.6721
      vertex 40.4452 84.3 43.3431
    endloop
  endfacet
  facet normal 0 1 0
    outer loop
      vertex 35.465 84.3 41.1221
      vertex 40.4226 84.3 43.259
      vertex 40.415 84.3 43.1721
    endloop
  endfacet
  facet normal 0 1 0
    outer loop
      vertex 35.465 84.3 41.1221
      vertex 40.415 84.3 43.1721
      vertex 40.415 84.3 41.1221
    endloop
  endfacet
  facet normal 0 1 0
    outer loop
      vertex 40.4226 84.3 43.259
      vertex 35.465 84.3 41.1221
      vertex 35.465 84.3 46.6721
    endloop
  endfacet
  facet normal 0 0.0872073 -0.99619
    outer loop
      vertex 63.165 81.3 43.6721
      vertex 76.065 81.8209 43.7177
      vertex 76.065 81.3 43.6721
    endloop
  endfacet
  facet normal 0 0.0872073 -0.99619
    outer loop
      vertex 76.065 81.8209 43.7177
      vertex 63.165 81.3 43.6721
      vertex 63.165 81.8209 43.7177
    endloop
  endfacet
  facet normal 0 0.258876 -0.96591
    outer loop
      vertex 63.165 81.8209 43.7177
      vertex 76.065 82.3261 43.8531
      vertex 76.065 81.8209 43.7177
    endloop
  endfacet
  facet normal 0 0.258876 -0.96591
    outer loop
      vertex 76.065 82.3261 43.8531
      vertex 63.165 81.8209 43.7177
      vertex 63.165 82.3261 43.8531
    endloop
  endfacet
  facet normal 0 0.422645 -0.906295
    outer loop
      vertex 63.165 82.3261 43.8531
      vertex 76.065 82.8 44.0741
      vertex 76.065 82.3261 43.8531
    endloop
  endfacet
  facet normal 0 0.422645 -0.906295
    outer loop
      vertex 76.065 82.8 44.0741
      vertex 63.165 82.3261 43.8531
      vertex 63.165 82.8 44.0741
    endloop
  endfacet
  facet normal 0 0.573488 -0.819214
    outer loop
      vertex 63.165 82.8 44.0741
      vertex 76.065 83.2284 44.374
      vertex 76.065 82.8 44.0741
    endloop
  endfacet
  facet normal 0 0.573488 -0.819214
    outer loop
      vertex 76.065 83.2284 44.374
      vertex 63.165 82.8 44.0741
      vertex 63.165 83.2284 44.374
    endloop
  endfacet
  facet normal 0 0.707202 -0.707011
    outer loop
      vertex 76.065 83.2284 44.374
      vertex 63.165 83.5981 44.7438
      vertex 76.065 83.5981 44.7438
    endloop
  endfacet
  facet normal 0 0.707202 -0.707011
    outer loop
      vertex 63.165 83.5981 44.7438
      vertex 76.065 83.2284 44.374
      vertex 63.165 83.2284 44.374
    endloop
  endfacet
  facet normal 0 0.819061 -0.573706
    outer loop
      vertex 76.065 83.5981 44.7438
      vertex 63.165 83.8981 45.1721
      vertex 76.065 83.8981 45.1721
    endloop
  endfacet
  facet normal 0 0.819061 -0.573706
    outer loop
      vertex 63.165 83.8981 45.1721
      vertex 76.065 83.5981 44.7438
      vertex 63.165 83.5981 44.7438
    endloop
  endfacet
  facet normal 0 0.90633 -0.422571
    outer loop
      vertex 76.065 83.8981 45.1721
      vertex 63.165 84.1191 45.6461
      vertex 76.065 84.1191 45.6461
    endloop
  endfacet
  facet normal 0 0.90633 -0.422571
    outer loop
      vertex 63.165 84.1191 45.6461
      vertex 76.065 83.8981 45.1721
      vertex 63.165 83.8981 45.1721
    endloop
  endfacet
  facet normal 0 0.965945 -0.258746
    outer loop
      vertex 76.065 84.1191 45.6461
      vertex 63.165 84.2544 46.1512
      vertex 76.065 84.2544 46.1512
    endloop
  endfacet
  facet normal 0 0.965945 -0.258746
    outer loop
      vertex 63.165 84.2544 46.1512
      vertex 76.065 84.1191 45.6461
      vertex 63.165 84.1191 45.6461
    endloop
  endfacet
  facet normal 0 0.99619 -0.0872073
    outer loop
      vertex 76.065 84.2544 46.1512
      vertex 63.165 84.3 46.6721
      vertex 76.065 84.3 46.6721
    endloop
  endfacet
  facet normal 0 0.99619 -0.0872073
    outer loop
      vertex 63.165 84.3 46.6721
      vertex 76.065 84.2544 46.1512
      vertex 63.165 84.2544 46.1512
    endloop
  endfacet
  facet normal 0 -1 0
    outer loop
      vertex 44.015 58.55 39.6221
      vertex 56.215 58.55 44.9939
      vertex 44.015 58.55 44.9939
    endloop
  endfacet
  facet normal 0 -1 -0
    outer loop
      vertex 56.215 58.55 44.9939
      vertex 44.015 58.55 39.6221
      vertex 56.215 58.55 39.6221
    endloop
  endfacet
  facet normal -1 0 0
    outer loop
      vertex 56.215 57.7 41.6221
      vertex 56.215 58.55 44.9939
      vertex 56.215 58.55 39.6221
    endloop
  endfacet
  facet normal -1 0 0
    outer loop
      vertex 56.215 57.7 47.712
      vertex 56.215 58.55 44.9939
      vertex 56.215 57.7 41.6221
    endloop
  endfacet
  facet normal -1 0 0
    outer loop
      vertex 56.215 57.7 41.6221
      vertex 56.215 58.55 39.6221
      vertex 56.215 57.7 39.6221
    endloop
  endfacet
  facet normal -1 0 0
    outer loop
      vertex 56.215 58.55 44.9939
      vertex 56.215 57.7 47.712
      vertex 56.215 58.55 45.6721
    endloop
  endfacet
  facet normal -1 0 0
    outer loop
      vertex 56.215 58.55 45.6721
      vertex 56.215 57.7 47.712
      vertex 56.215 58.55 47.712
    endloop
  endfacet
  facet normal -1 0 0
    outer loop
      vertex 56.215 58.7235 45.0617
      vertex 56.215 58.6753 45.15
      vertex 56.215 58.734 45.0482
    endloop
  endfacet
  facet normal -1 0 0
    outer loop
      vertex 56.215 58.7109 45.0732
      vertex 56.215 58.6753 45.15
      vertex 56.215 58.7235 45.0617
    endloop
  endfacet
  facet normal -1 0 0
    outer loop
      vertex 56.215 58.6965 45.0824
      vertex 56.215 58.6753 45.15
      vertex 56.215 58.7109 45.0732
    endloop
  endfacet
  facet normal -1 0 0
    outer loop
      vertex 56.215 58.6807 45.0891
      vertex 56.215 58.6753 45.15
      vertex 56.215 58.6965 45.0824
    endloop
  endfacet
  facet normal -1 0 0
    outer loop
      vertex 56.215 58.6641 45.0929
      vertex 56.215 58.6753 45.15
      vertex 56.215 58.6807 45.0891
    endloop
  endfacet
  facet normal -1 0 0
    outer loop
      vertex 56.215 58.647 45.0939
      vertex 56.215 58.6753 45.15
      vertex 56.215 58.6641 45.0929
    endloop
  endfacet
  facet normal -1 0 0
    outer loop
      vertex 56.215 58.63 45.0919
      vertex 56.215 58.6753 45.15
      vertex 56.215 58.647 45.0939
    endloop
  endfacet
  facet normal -1 0 0
    outer loop
      vertex 56.215 58.6136 45.0871
      vertex 56.215 58.6753 45.15
      vertex 56.215 58.63 45.0919
    endloop
  endfacet
  facet normal -1 0 0
    outer loop
      vertex 56.215 58.6136 45.0871
      vertex 56.215 58.6063 45.3168
      vertex 56.215 58.6753 45.15
    endloop
  endfacet
  facet normal -1 0 0
    outer loop
      vertex 56.215 58.5983 45.0795
      vertex 56.215 58.6063 45.3168
      vertex 56.215 58.6136 45.0871
    endloop
  endfacet
  facet normal -1 0 0
    outer loop
      vertex 56.215 58.5845 45.0694
      vertex 56.215 58.6063 45.3168
      vertex 56.215 58.5983 45.0795
    endloop
  endfacet
  facet normal -1 0 0
    outer loop
      vertex 56.215 58.5725 45.0572
      vertex 56.215 58.6063 45.3168
      vertex 56.215 58.5845 45.0694
    endloop
  endfacet
  facet normal -1 0 0
    outer loop
      vertex 56.215 58.5629 45.043
      vertex 56.215 58.6063 45.3168
      vertex 56.215 58.5725 45.0572
    endloop
  endfacet
  facet normal -1 0 0
    outer loop
      vertex 56.215 58.5558 45.0275
      vertex 56.215 58.6063 45.3168
      vertex 56.215 58.5629 45.043
    endloop
  endfacet
  facet normal -1 -0 0
    outer loop
      vertex 56.215 58.6063 45.3168
      vertex 56.215 58.5558 45.0275
      vertex 56.215 58.5642 45.4922
    endloop
  endfacet
  facet normal -1 0 0
    outer loop
      vertex 56.215 58.5515 45.0109
      vertex 56.215 58.5642 45.4922
      vertex 56.215 58.5558 45.0275
    endloop
  endfacet
  facet normal -1 0 0
    outer loop
      vertex 56.215 58.55 45.6721
      vertex 56.215 58.5515 45.0109
      vertex 56.215 58.55 44.9939
    endloop
  endfacet
  facet normal -1 0 0
    outer loop
      vertex 56.215 58.5515 45.0109
      vertex 56.215 58.55 45.6721
      vertex 56.215 58.5642 45.4922
    endloop
  endfacet
  facet normal 1 -0 0
    outer loop
      vertex 44.015 57.7 47.712
      vertex 44.015 58.55 45.6721
      vertex 44.015 58.55 47.712
    endloop
  endfacet
  facet normal 1 0 0
    outer loop
      vertex 44.015 58.55 45.6721
      vertex 44.015 57.7 47.712
      vertex 44.015 58.55 44.9939
    endloop
  endfacet
  facet normal 1 0 0
    outer loop
      vertex 44.015 58.55 44.9939
      vertex 44.015 57.7 47.712
      vertex 44.015 57.7 41.6221
    endloop
  endfacet
  facet normal 1 0 0
    outer loop
      vertex 44.015 58.55 44.9939
      vertex 44.015 57.7 41.6221
      vertex 44.015 58.55 39.6221
    endloop
  endfacet
  facet normal 1 0 0
    outer loop
      vertex 44.015 58.55 39.6221
      vertex 44.015 57.7 41.6221
      vertex 44.015 57.7 39.6221
    endloop
  endfacet
  facet normal 1 0 0
    outer loop
      vertex 44.015 58.6753 45.15
      vertex 44.015 58.7235 45.0617
      vertex 44.015 58.734 45.0482
    endloop
  endfacet
  facet normal 1 0 0
    outer loop
      vertex 44.015 58.6753 45.15
      vertex 44.015 58.7109 45.0732
      vertex 44.015 58.7235 45.0617
    endloop
  endfacet
  facet normal 1 0 0
    outer loop
      vertex 44.015 58.6753 45.15
      vertex 44.015 58.6965 45.0824
      vertex 44.015 58.7109 45.0732
    endloop
  endfacet
  facet normal 1 0 0
    outer loop
      vertex 44.015 58.6753 45.15
      vertex 44.015 58.6807 45.0891
      vertex 44.015 58.6965 45.0824
    endloop
  endfacet
  facet normal 1 0 0
    outer loop
      vertex 44.015 58.6753 45.15
      vertex 44.015 58.6641 45.0929
      vertex 44.015 58.6807 45.0891
    endloop
  endfacet
  facet normal 1 0 0
    outer loop
      vertex 44.015 58.6753 45.15
      vertex 44.015 58.647 45.0939
      vertex 44.015 58.6641 45.0929
    endloop
  endfacet
  facet normal 1 0 0
    outer loop
      vertex 44.015 58.6753 45.15
      vertex 44.015 58.63 45.0919
      vertex 44.015 58.647 45.0939
    endloop
  endfacet
  facet normal 1 0 0
    outer loop
      vertex 44.015 58.6753 45.15
      vertex 44.015 58.6136 45.0871
      vertex 44.015 58.63 45.0919
    endloop
  endfacet
  facet normal 1 0 0
    outer loop
      vertex 44.015 58.6063 45.3168
      vertex 44.015 58.6136 45.0871
      vertex 44.015 58.6753 45.15
    endloop
  endfacet
  facet normal 1 0 0
    outer loop
      vertex 44.015 58.6063 45.3168
      vertex 44.015 58.5983 45.0795
      vertex 44.015 58.6136 45.0871
    endloop
  endfacet
  facet normal 1 0 0
    outer loop
      vertex 44.015 58.6063 45.3168
      vertex 44.015 58.5845 45.0694
      vertex 44.015 58.5983 45.0795
    endloop
  endfacet
  facet normal 1 0 0
    outer loop
      vertex 44.015 58.6063 45.3168
      vertex 44.015 58.5725 45.0572
      vertex 44.015 58.5845 45.0694
    endloop
  endfacet
  facet normal 1 0 0
    outer loop
      vertex 44.015 58.5558 45.0275
      vertex 44.015 58.6063 45.3168
      vertex 44.015 58.5642 45.4922
    endloop
  endfacet
  facet normal 1 0 0
    outer loop
      vertex 44.015 58.6063 45.3168
      vertex 44.015 58.5629 45.043
      vertex 44.015 58.5725 45.0572
    endloop
  endfacet
  facet normal 1 0 0
    outer loop
      vertex 44.015 58.6063 45.3168
      vertex 44.015 58.5558 45.0275
      vertex 44.015 58.5629 45.043
    endloop
  endfacet
  facet normal 1 0 0
    outer loop
      vertex 44.015 58.5642 45.4922
      vertex 44.015 58.5515 45.0109
      vertex 44.015 58.5558 45.0275
    endloop
  endfacet
  facet normal 1 0 0
    outer loop
      vertex 44.015 58.55 45.6721
      vertex 44.015 58.5515 45.0109
      vertex 44.015 58.5642 45.4922
    endloop
  endfacet
  facet normal 1 0 0
    outer loop
      vertex 44.015 58.5515 45.0109
      vertex 44.015 58.55 45.6721
      vertex 44.015 58.55 44.9939
    endloop
  endfacet
  facet normal 0 -1 0
    outer loop
      vertex 57.015 57.7 41.6221
      vertex 56.215 57.7 47.712
      vertex 56.215 57.7 41.6221
    endloop
  endfacet
  facet normal 0 -1 0
    outer loop
      vertex 56.215 57.7 47.712
      vertex 57.015 57.7 41.6221
      vertex 59.465 57.7 47.712
    endloop
  endfacet
  facet normal 0 -1 0
    outer loop
      vertex 59.465 57.7 41.3221
      vertex 57.015 57.7 41.6221
      vertex 57.015 57.7 41.3221
    endloop
  endfacet
  facet normal 0 -1 0
    outer loop
      vertex 57.015 57.7 41.6221
      vertex 59.465 57.7 41.3221
      vertex 59.465 57.7 47.712
    endloop
  endfacet
  facet normal 0 -1 0
    outer loop
      vertex 31.765 57.7 42.2721
      vertex 38.215 57.7 43.6721
      vertex 31.765 57.7 46.6721
    endloop
  endfacet
  facet normal 0 -1 -0
    outer loop
      vertex 38.215 57.7 43.6721
      vertex 31.765 57.7 42.2721
      vertex 38.215 57.7 42.2721
    endloop
  endfacet
  facet normal 0 -1 0
    outer loop
      vertex 31.765 57.7 46.6721
      vertex 24.065 57.7 47.712
      vertex 24.065 57.7 46.6721
    endloop
  endfacet
  facet normal 0 -1 0
    outer loop
      vertex 24.065 57.7 47.712
      vertex 31.765 57.7 46.6721
      vertex 44.015 57.7 47.712
    endloop
  endfacet
  facet normal 0 -1 0
    outer loop
      vertex 38.215 57.7 43.6721
      vertex 44.015 57.7 47.712
      vertex 31.765 57.7 46.6721
    endloop
  endfacet
  facet normal 0 -1 0
    outer loop
      vertex 43.215 57.7 43.6721
      vertex 44.015 57.7 47.712
      vertex 38.215 57.7 43.6721
    endloop
  endfacet
  facet normal 0 -1 0
    outer loop
      vertex 44.015 57.7 41.6221
      vertex 43.215 57.7 43.6721
      vertex 43.215 57.7 41.6221
    endloop
  endfacet
  facet normal 0 -1 0
    outer loop
      vertex 43.215 57.7 43.6721
      vertex 44.015 57.7 41.6221
      vertex 44.015 57.7 47.712
    endloop
  endfacet
  facet normal 0 1 -0
    outer loop
      vertex 59.465 58.55 45.6721
      vertex 56.215 58.55 47.712
      vertex 59.465 58.55 47.712
    endloop
  endfacet
  facet normal 0 1 0
    outer loop
      vertex 56.215 58.55 47.712
      vertex 59.465 58.55 45.6721
      vertex 56.215 58.55 45.6721
    endloop
  endfacet
  facet normal 0 -1 0
    outer loop
      vertex 46.615 57.7 38.6221
      vertex 53.615 57.7 39.6221
      vertex 46.615 57.7 39.6221
    endloop
  endfacet
  facet normal 0 -1 -0
    outer loop
      vertex 53.615 57.7 39.6221
      vertex 46.615 57.7 38.6221
      vertex 53.615 57.7 38.6221
    endloop
  endfacet
  facet normal 0 0 1
    outer loop
      vertex 56.215 58.55 39.6221
      vertex 54.265 57.7 39.6221
      vertex 56.215 57.7 39.6221
    endloop
  endfacet
  facet normal 0 0 1
    outer loop
      vertex 54.265 57.7 39.6221
      vertex 53.615 57.7 39.6221
      vertex 54.265 56.9 39.6221
    endloop
  endfacet
  facet normal 0 0 1
    outer loop
      vertex 56.215 58.55 39.6221
      vertex 53.615 57.7 39.6221
      vertex 54.265 57.7 39.6221
    endloop
  endfacet
  facet normal 0 0 1
    outer loop
      vertex 56.215 58.55 39.6221
      vertex 46.615 57.7 39.6221
      vertex 53.615 57.7 39.6221
    endloop
  endfacet
  facet normal 0 0 1
    outer loop
      vertex 45.965 56.9 39.6221
      vertex 46.615 57.7 39.6221
      vertex 45.965 57.7 39.6221
    endloop
  endfacet
  facet normal -0 0 1
    outer loop
      vertex 44.015 58.55 39.6221
      vertex 46.615 57.7 39.6221
      vertex 56.215 58.55 39.6221
    endloop
  endfacet
  facet normal 0 0 1
    outer loop
      vertex 46.615 57.7 39.6221
      vertex 44.015 58.55 39.6221
      vertex 45.965 57.7 39.6221
    endloop
  endfacet
  facet normal 0 0 1
    outer loop
      vertex 45.965 57.7 39.6221
      vertex 44.015 58.55 39.6221
      vertex 44.015 57.7 39.6221
    endloop
  endfacet
  facet normal 0 0 1
    outer loop
      vertex 56.215 56.9 39.6221
      vertex 54.265 56.9 39.6221
      vertex 56.215 55.5 39.6221
    endloop
  endfacet
  facet normal -0 0 1
    outer loop
      vertex 56.215 55.5 39.6221
      vertex 57.015 54.2 39.6221
      vertex 57.015 55.5 39.6221
    endloop
  endfacet
  facet normal 0 0 1
    outer loop
      vertex 53.615 55.2 39.6221
      vertex 56.215 55.5 39.6221
      vertex 54.265 56.9 39.6221
    endloop
  endfacet
  facet normal 0 0 1
    outer loop
      vertex 53.615 55.2 39.6221
      vertex 54.265 56.9 39.6221
      vertex 53.615 57.7 39.6221
    endloop
  endfacet
  facet normal 0 0 1
    outer loop
      vertex 56.215 55.5 39.6221
      vertex 53.615 55.2 39.6221
      vertex 57.015 54.2 39.6221
    endloop
  endfacet
  facet normal -0 0 1
    outer loop
      vertex 46.615 55.2 39.6221
      vertex 57.015 54.2 39.6221
      vertex 53.615 55.2 39.6221
    endloop
  endfacet
  facet normal 0 0 1
    outer loop
      vertex 46.615 57.7 39.6221
      vertex 45.965 56.9 39.6221
      vertex 46.615 55.2 39.6221
    endloop
  endfacet
  facet normal 0 0 1
    outer loop
      vertex 44.015 55.5 39.6221
      vertex 45.965 56.9 39.6221
      vertex 44.015 56.9 39.6221
    endloop
  endfacet
  facet normal 0 0 1
    outer loop
      vertex 45.965 56.9 39.6221
      vertex 44.015 55.5 39.6221
      vertex 46.615 55.2 39.6221
    endloop
  endfacet
  facet normal 0 0 1
    outer loop
      vertex 43.215 54.2 39.6221
      vertex 44.015 55.5 39.6221
      vertex 43.215 55.5 39.6221
    endloop
  endfacet
  facet normal 0 0 1
    outer loop
      vertex 44.015 55.5 39.6221
      vertex 43.215 54.2 39.6221
      vertex 46.615 55.2 39.6221
    endloop
  endfacet
  facet normal 0 0 1
    outer loop
      vertex 46.615 55.2 39.6221
      vertex 43.215 54.2 39.6221
      vertex 57.015 54.2 39.6221
    endloop
  endfacet
  facet normal -1 0 0
    outer loop
      vertex 56.215 55.5 39.6221
      vertex 56.215 56.9 41.6221
      vertex 56.215 56.9 39.6221
    endloop
  endfacet
  facet normal -1 -0 0
    outer loop
      vertex 56.215 56.9 41.6221
      vertex 56.215 55.5 39.6221
      vertex 56.215 55.5 41.6221
    endloop
  endfacet
  facet normal -1 0 0
    outer loop
      vertex 31.765 57.7 42.2721
      vertex 31.765 58.4 43.6721
      vertex 31.765 58.4 42.2721
    endloop
  endfacet
  facet normal -1 -0 0
    outer loop
      vertex 31.765 58.4 43.6721
      vertex 31.765 57.7 42.2721
      vertex 31.765 58.1019 45.1721
    endloop
  endfacet
  facet normal -1 -0 0
    outer loop
      vertex 31.765 58.1019 45.1721
      vertex 31.765 57.7 42.2721
      vertex 31.765 57.8809 45.6461
    endloop
  endfacet
  facet normal -1 -0 0
    outer loop
      vertex 31.765 57.8809 45.6461
      vertex 31.765 57.7 42.2721
      vertex 31.765 57.7456 46.1512
    endloop
  endfacet
  facet normal -1 -0 0
    outer loop
      vertex 31.765 57.7456 46.1512
      vertex 31.765 57.7 42.2721
      vertex 31.765 57.7 46.6721
    endloop
  endfacet
  facet normal -1 0 0
    outer loop
      vertex 31.765 58.4 43.6721
      vertex 31.765 60.1791 43.7177
      vertex 31.765 60.7 43.6721
    endloop
  endfacet
  facet normal -1 0 0
    outer loop
      vertex 31.765 58.4 43.6721
      vertex 31.765 59.6739 43.8531
      vertex 31.765 60.1791 43.7177
    endloop
  endfacet
  facet normal -1 0 0
    outer loop
      vertex 31.765 58.4 43.6721
      vertex 31.765 59.2 44.0741
      vertex 31.765 59.6739 43.8531
    endloop
  endfacet
  facet normal -1 0 0
    outer loop
      vertex 31.765 58.4 43.6721
      vertex 31.765 58.7716 44.374
      vertex 31.765 59.2 44.0741
    endloop
  endfacet
  facet normal -1 0 0
    outer loop
      vertex 31.765 58.4 43.6721
      vertex 31.765 58.4019 44.7438
      vertex 31.765 58.7716 44.374
    endloop
  endfacet
  facet normal -1 -0 0
    outer loop
      vertex 31.765 58.4019 44.7438
      vertex 31.765 58.4 43.6721
      vertex 31.765 58.1019 45.1721
    endloop
  endfacet
  facet normal 0 1 0
    outer loop
      vertex 44.015 58.55 47.712
      vertex 26.565 58.55 46.0121
      vertex 24.465 58.55 47.712
    endloop
  endfacet
  facet normal 0 1 -0
    outer loop
      vertex 44.015 58.55 45.6721
      vertex 26.565 58.55 46.0121
      vertex 44.015 58.55 47.712
    endloop
  endfacet
  facet normal 0 1 0
    outer loop
      vertex 26.565 58.55 46.0121
      vertex 44.015 58.55 45.6721
      vertex 26.565 58.55 45.6721
    endloop
  endfacet
  facet normal 0 1 0
    outer loop
      vertex 24.465 58.55 47.712
      vertex 26.565 58.55 46.0121
      vertex 24.465 58.55 46.0121
    endloop
  endfacet
  facet normal 0 0 1
    outer loop
      vertex 78.365 58.55 49.7121
      vertex 79.065 80.3 49.7121
      vertex 78.365 80.3 49.7121
    endloop
  endfacet
  facet normal 0 0 1
    outer loop
      vertex 79.065 80.3 49.7121
      vertex 78.365 58.55 49.7121
      vertex 79.065 57.7 49.7121
    endloop
  endfacet
  facet normal 0 0 1
    outer loop
      vertex 72.6 57.7 49.7121
      vertex 78.365 58.55 49.7121
      vertex 72.6 58.55 49.7121
    endloop
  endfacet
  facet normal 0 0 1
    outer loop
      vertex 78.365 58.55 49.7121
      vertex 72.6 57.7 49.7121
      vertex 79.065 57.7 49.7121
    endloop
  endfacet
  facet normal 0 1 -0
    outer loop
      vertex 59.465 58.4 41.3221
      vertex 57.015 58.4 43.6721
      vertex 59.465 58.4 43.6721
    endloop
  endfacet
  facet normal 0 1 0
    outer loop
      vertex 57.015 58.4 43.6721
      vertex 59.465 58.4 41.3221
      vertex 57.015 58.4 41.3221
    endloop
  endfacet
  facet normal -0.014983 0.999888 0
    outer loop
      vertex 87.892 64.8702 41.4621
      vertex 87.565 64.8653 43.6721
      vertex 87.892 64.8702 43.6721
    endloop
  endfacet
  facet normal -0.014983 0.999888 0
    outer loop
      vertex 87.565 64.8653 43.6721
      vertex 87.892 64.8702 41.4621
      vertex 87.565 64.8653 41.4621
    endloop
  endfacet
  facet normal 0.154172 0.988044 -0
    outer loop
      vertex 88.215 64.8198 41.4621
      vertex 87.892 64.8702 43.6721
      vertex 88.215 64.8198 43.6721
    endloop
  endfacet
  facet normal 0.154172 0.988044 0
    outer loop
      vertex 87.892 64.8702 43.6721
      vertex 88.215 64.8198 41.4621
      vertex 87.892 64.8702 41.4621
    endloop
  endfacet
  facet normal 0.319528 0.947577 -0
    outer loop
      vertex 88.5249 64.7153 41.4621
      vertex 88.215 64.8198 43.6721
      vertex 88.5249 64.7153 43.6721
    endloop
  endfacet
  facet normal 0.319528 0.947577 0
    outer loop
      vertex 88.215 64.8198 43.6721
      vertex 88.5249 64.7153 41.4621
      vertex 88.215 64.8198 41.4621
    endloop
  endfacet
  facet normal 0.475012 0.87998 -0
    outer loop
      vertex 88.8126 64.56 41.4621
      vertex 88.5249 64.7153 43.6721
      vertex 88.8126 64.56 43.6721
    endloop
  endfacet
  facet normal 0.475012 0.87998 0
    outer loop
      vertex 88.5249 64.7153 43.6721
      vertex 88.8126 64.56 41.4621
      vertex 88.5249 64.7153 41.4621
    endloop
  endfacet
  facet normal 0.617322 0.786711 -0
    outer loop
      vertex 89.0699 64.3581 41.4621
      vertex 88.8126 64.56 43.6721
      vertex 89.0699 64.3581 43.6721
    endloop
  endfacet
  facet normal 0.617322 0.786711 0
    outer loop
      vertex 88.8126 64.56 43.6721
      vertex 89.0699 64.3581 41.4621
      vertex 88.8126 64.56 41.4621
    endloop
  endfacet
  facet normal 0.741405 0.671057 0
    outer loop
      vertex 89.2893 64.1157 43.6721
      vertex 89.0699 64.3581 41.4621
      vertex 89.0699 64.3581 43.6721
    endloop
  endfacet
  facet normal 0.741405 0.671057 0
    outer loop
      vertex 89.0699 64.3581 41.4621
      vertex 89.2893 64.1157 43.6721
      vertex 89.2893 64.1157 41.4621
    endloop
  endfacet
  facet normal 0.844353 0.535787 0
    outer loop
      vertex 89.4645 63.8396 43.6721
      vertex 89.2893 64.1157 41.4621
      vertex 89.2893 64.1157 43.6721
    endloop
  endfacet
  facet normal 0.844353 0.535787 0
    outer loop
      vertex 89.2893 64.1157 41.4621
      vertex 89.4645 63.8396 43.6721
      vertex 89.4645 63.8396 41.4621
    endloop
  endfacet
  facet normal 0.922914 0.385006 0
    outer loop
      vertex 89.5904 63.5378 43.6721
      vertex 89.4645 63.8396 41.4621
      vertex 89.4645 63.8396 43.6721
    endloop
  endfacet
  facet normal 0.922914 0.385006 0
    outer loop
      vertex 89.4645 63.8396 41.4621
      vertex 89.5904 63.5378 43.6721
      vertex 89.5904 63.5378 41.4621
    endloop
  endfacet
  facet normal 0.974689 0.223564 0
    outer loop
      vertex 89.6635 63.2191 43.6721
      vertex 89.5904 63.5378 41.4621
      vertex 89.5904 63.5378 43.6721
    endloop
  endfacet
  facet normal 0.974689 0.223564 0
    outer loop
      vertex 89.5904 63.5378 41.4621
      vertex 89.6635 63.2191 43.6721
      vertex 89.6635 63.2191 41.4621
    endloop
  endfacet
  facet normal 0.998484 0.0550466 0
    outer loop
      vertex 89.6815 62.8926 43.6721
      vertex 89.6635 63.2191 41.4621
      vertex 89.6635 63.2191 43.6721
    endloop
  endfacet
  facet normal 0.998484 0.0550466 0
    outer loop
      vertex 89.6635 63.2191 41.4621
      vertex 89.6815 62.8926 43.6721
      vertex 89.6815 62.8926 41.4621
    endloop
  endfacet
  facet normal 0.993436 -0.114392 0
    outer loop
      vertex 89.6441 62.5678 43.6721
      vertex 89.6815 62.8926 41.4621
      vertex 89.6815 62.8926 43.6721
    endloop
  endfacet
  facet normal 0.993436 -0.114392 0
    outer loop
      vertex 89.6815 62.8926 41.4621
      vertex 89.6441 62.5678 43.6721
      vertex 89.6441 62.5678 41.4621
    endloop
  endfacet
  facet normal 0.422634 -0.906301 0
    outer loop
      vertex 84.1367 74.7717 45.622
      vertex 86.8556 76.0396 46.712
      vertex 84.1367 74.7717 46.712
    endloop
  endfacet
  facet normal 0.422634 -0.906301 0
    outer loop
      vertex 86.8556 76.0396 46.712
      vertex 84.1367 74.7717 45.622
      vertex 86.8556 76.0396 45.622
    endloop
  endfacet
  facet normal -0.906313 -0.422606 0
    outer loop
      vertex 84.1367 74.7717 45.622
      vertex 83.7141 75.678 46.712
      vertex 83.7141 75.678 45.622
    endloop
  endfacet
  facet normal -0.906313 -0.422606 0
    outer loop
      vertex 83.7141 75.678 46.712
      vertex 84.1367 74.7717 45.622
      vertex 84.1367 74.7717 46.712
    endloop
  endfacet
  facet normal -0.422647 0.906294 0
    outer loop
      vertex 85.5267 76.5233 45.622
      vertex 83.7141 75.678 46.712
      vertex 85.5267 76.5233 46.712
    endloop
  endfacet
  facet normal -0.422647 0.906294 0
    outer loop
      vertex 83.7141 75.678 46.712
      vertex 85.5267 76.5233 45.622
      vertex 83.7141 75.678 45.622
    endloop
  endfacet
  facet normal -0.906183 -0.422885 -0
    outer loop
      vertex 85.5267 76.5233 46.712
      vertex 85.4308 76.7288 45.622
      vertex 85.5267 76.5233 45.622
    endloop
  endfacet
  facet normal -0.906316 -0.4226 6.54346e-05
    outer loop
      vertex 85.4308 76.7288 45.622
      vertex 85.5267 76.5233 46.712
      vertex 85.34 76.9237 46.712
    endloop
  endfacet
  facet normal -0.906282 -0.422673 6.39408e-05
    outer loop
      vertex 85.2688 77.0762 45.622
      vertex 85.34 76.9237 46.712
      vertex 85.0244 77.6004 46.712
    endloop
  endfacet
  facet normal -0.906303 -0.422628 7.15151e-05
    outer loop
      vertex 85.34 76.9237 46.712
      vertex 85.2688 77.0762 45.622
      vertex 85.4308 76.7288 45.622
    endloop
  endfacet
  facet normal -0.906458 -0.422296 0
    outer loop
      vertex 84.9773 77.7015 45.622
      vertex 85.0244 77.6004 46.712
      vertex 84.9773 77.7015 46.712
    endloop
  endfacet
  facet normal -0.906353 -0.42252 -2.52926e-05
    outer loop
      vertex 85.0244 77.6004 46.712
      vertex 84.9773 77.7015 45.622
      vertex 85.2688 77.0762 45.622
    endloop
  endfacet
  facet normal -0.422606 0.906313 0
    outer loop
      vertex 85.8836 78.1241 45.622
      vertex 84.9773 77.7015 46.712
      vertex 85.8836 78.1241 46.712
    endloop
  endfacet
  facet normal -0.422606 0.906313 0
    outer loop
      vertex 84.9773 77.7015 46.712
      vertex 85.8836 78.1241 45.622
      vertex 84.9773 77.7015 45.622
    endloop
  endfacet
  facet normal 0.906311 0.422612 0
    outer loop
      vertex 86.8556 76.0396 46.712
      vertex 85.8836 78.1241 45.622
      vertex 85.8836 78.1241 46.712
    endloop
  endfacet
  facet normal 0.906311 0.422612 0
    outer loop
      vertex 85.8836 78.1241 45.622
      vertex 86.8556 76.0396 46.712
      vertex 86.8556 76.0396 45.622
    endloop
  endfacet
  facet normal 0 -0.755803 0.654799
    outer loop
      vertex 25.865 82.207 45.5264
      vertex 19.5026 83.7 47.2497
      vertex 17.7792 82.207 45.5264
    endloop
  endfacet
  facet normal 0 -0.755803 0.654799
    outer loop
      vertex 19.5026 83.7 47.2497
      vertex 25.865 82.207 45.5264
      vertex 25.865 83.7 47.2497
    endloop
  endfacet
  facet normal 0 -0.0392895 0.999228
    outer loop
      vertex 26.565 81.3 45.1121
      vertex 17.3687 81.3941 45.1158
      vertex 17.365 81.3 45.1121
    endloop
  endfacet
  facet normal -0.000403228 -0.0786052 0.996906
    outer loop
      vertex 26.565 81.3 45.1121
      vertex 26.565 81.4877 45.1269
      vertex 17.3687 81.3941 45.1158
    endloop
  endfacet
  facet normal 0 -0.117765 0.993042
    outer loop
      vertex 26.565 81.4877 45.1269
      vertex 17.3798 81.4877 45.1269
      vertex 17.3687 81.3941 45.1158
    endloop
  endfacet
  facet normal 0 -0.1953 0.980744
    outer loop
      vertex 26.565 81.4877 45.1269
      vertex 17.3982 81.5801 45.1453
      vertex 17.3798 81.4877 45.1269
    endloop
  endfacet
  facet normal -0.000403517 -0.233654 0.97232
    outer loop
      vertex 26.565 81.4877 45.1269
      vertex 26.565 81.6708 45.1709
      vertex 17.3982 81.5801 45.1453
    endloop
  endfacet
  facet normal 0 -0.271637 0.9624
    outer loop
      vertex 26.565 81.6708 45.1709
      vertex 17.4237 81.6708 45.1709
      vertex 17.3982 81.5801 45.1453
    endloop
  endfacet
  facet normal 0 -0.346 0.938234
    outer loop
      vertex 26.565 81.6708 45.1709
      vertex 17.4563 81.7592 45.2035
      vertex 17.4237 81.6708 45.1709
    endloop
  endfacet
  facet normal -0.000403674 -0.382352 0.924017
    outer loop
      vertex 26.565 81.6708 45.1709
      vertex 26.565 81.8448 45.2429
      vertex 17.4563 81.7592 45.2035
    endloop
  endfacet
  facet normal 0 -0.418116 0.908394
    outer loop
      vertex 26.565 81.8448 45.2429
      vertex 17.4958 81.8448 45.2429
      vertex 17.4563 81.7592 45.2035
    endloop
  endfacet
  facet normal 0 -0.489153 0.872198
    outer loop
      vertex 26.565 81.8448 45.2429
      vertex 17.5418 81.927 45.289
      vertex 17.4958 81.8448 45.2429
    endloop
  endfacet
  facet normal -0.00040585 -0.522674 0.852532
    outer loop
      vertex 26.565 81.8448 45.2429
      vertex 26.565 82.0053 45.3413
      vertex 17.5418 81.927 45.289
    endloop
  endfacet
  facet normal 0 -0.555435 0.83156
    outer loop
      vertex 26.565 82.0053 45.3413
      vertex 17.5942 82.0053 45.3413
      vertex 17.5418 81.927 45.289
    endloop
  endfacet
  facet normal 0 -0.649435 0.760417
    outer loop
      vertex 17.7165 82.1485 45.4636
      vertex 26.565 82.0053 45.3413
      vertex 26.565 82.1485 45.4636
    endloop
  endfacet
  facet normal 0 -0.649435 0.760417
    outer loop
      vertex 26.565 82.0053 45.3413
      vertex 17.7165 82.1485 45.4636
      vertex 17.5942 82.0053 45.3413
    endloop
  endfacet
  facet normal 0 -0.996906 0.0786053
    outer loop
      vertex 25.865 82.4852 46.1244
      vertex 26.565 82.5 46.3121
      vertex 25.865 82.5 46.3121
    endloop
  endfacet
  facet normal 0 -0.996906 0.0786053
    outer loop
      vertex 26.565 82.5 46.3121
      vertex 25.865 82.4852 46.1244
      vertex 26.565 82.4852 46.1244
    endloop
  endfacet
  facet normal 0 -0.97244 0.233152
    outer loop
      vertex 25.865 82.4413 45.9413
      vertex 26.565 82.4852 46.1244
      vertex 25.865 82.4852 46.1244
    endloop
  endfacet
  facet normal 0 -0.97244 0.233152
    outer loop
      vertex 26.565 82.4852 46.1244
      vertex 25.865 82.4413 45.9413
      vertex 26.565 82.4413 45.9413
    endloop
  endfacet
  facet normal 0 -0.923829 0.382805
    outer loop
      vertex 25.865 82.3692 45.7673
      vertex 26.565 82.4413 45.9413
      vertex 25.865 82.4413 45.9413
    endloop
  endfacet
  facet normal 0 -0.923829 0.382805
    outer loop
      vertex 26.565 82.4413 45.9413
      vertex 25.865 82.3692 45.7673
      vertex 26.565 82.3692 45.7673
    endloop
  endfacet
  facet normal 0 -0.852533 0.522674
    outer loop
      vertex 25.865 82.2708 45.6068
      vertex 26.565 82.3692 45.7673
      vertex 25.865 82.3692 45.7673
    endloop
  endfacet
  facet normal 0 -0.852533 0.522674
    outer loop
      vertex 26.565 82.3692 45.7673
      vertex 25.865 82.2708 45.6068
      vertex 26.565 82.2708 45.6068
    endloop
  endfacet
  facet normal 0 -0.760417 0.649435
    outer loop
      vertex 26.565 82.1485 45.4636
      vertex 26.565 82.2708 45.6068
      vertex 25.865 82.2708 45.6068
    endloop
  endfacet
  facet normal -0.00969741 -0.783297 0.621572
    outer loop
      vertex 26.565 82.1485 45.4636
      vertex 25.865 82.2708 45.6068
      vertex 25.865 82.207 45.5264
    endloop
  endfacet
  facet normal 0 -0.731714 0.681612
    outer loop
      vertex 17.7165 82.1485 45.4636
      vertex 25.865 82.207 45.5264
      vertex 17.7792 82.207 45.5264
    endloop
  endfacet
  facet normal 0 -0.731714 0.681612
    outer loop
      vertex 25.865 82.207 45.5264
      vertex 17.7165 82.1485 45.4636
      vertex 26.565 82.1485 45.4636
    endloop
  endfacet
  facet normal 0 1 0
    outer loop
      vertex 78.365 58.55 46.712
      vertex 78.365 58.55 45.6721
      vertex 76 58.55 46.712
    endloop
  endfacet
  facet normal 0 1 0
    outer loop
      vertex 76 58.55 49.712
      vertex 78.365 58.55 49.7121
      vertex 78.365 58.55 49.712
    endloop
  endfacet
  facet normal 0 1 0
    outer loop
      vertex 78.365 58.55 49.7121
      vertex 76 58.55 49.712
      vertex 72.6 58.55 49.7121
    endloop
  endfacet
  facet normal 0 1 0
    outer loop
      vertex 76 58.55 49.712
      vertex 72.6 58.55 47.712
      vertex 72.6 58.55 49.7121
    endloop
  endfacet
  facet normal 0 1 -0
    outer loop
      vertex 76 58.55 46.712
      vertex 72.6 58.55 47.712
      vertex 76 58.55 49.712
    endloop
  endfacet
  facet normal 0 1 0
    outer loop
      vertex 68.265 58.55 45.6721
      vertex 72.6 58.55 47.712
      vertex 76 58.55 46.712
    endloop
  endfacet
  facet normal 0 1 0
    outer loop
      vertex 68.265 58.55 45.6721
      vertex 76 58.55 46.712
      vertex 78.365 58.55 45.6721
    endloop
  endfacet
  facet normal 0 1 0
    outer loop
      vertex 72.6 58.55 47.712
      vertex 68.265 58.55 45.6721
      vertex 68.265 58.55 47.712
    endloop
  endfacet
  facet normal 0 -1 0
    outer loop
      vertex 26.565 83.45 47.712
      vertex 26.565 83.45 46.6721
      vertex 72.6 83.45 47.712
    endloop
  endfacet
  facet normal 0 -1 0
    outer loop
      vertex 72.6 83.45 47.712
      vertex 78.365 83.45 48.5366
      vertex 72.6 83.45 48.5366
    endloop
  endfacet
  facet normal 0 -1 0
    outer loop
      vertex 72.6 83.45 47.712
      vertex 78.365 83.45 46.6721
      vertex 78.365 83.45 48.5366
    endloop
  endfacet
  facet normal 0 -1 0
    outer loop
      vertex 78.365 83.45 46.6721
      vertex 72.6 83.45 47.712
      vertex 26.565 83.45 46.6721
    endloop
  endfacet
  facet normal 0 -1 0
    outer loop
      vertex 25.865 82.5 46.3121
      vertex 26.565 82.5 47.712
      vertex 25.865 82.5 47.712
    endloop
  endfacet
  facet normal 0 -1 -0
    outer loop
      vertex 26.565 82.5 47.712
      vertex 25.865 82.5 46.3121
      vertex 26.565 82.5 46.3121
    endloop
  endfacet
  facet normal 0 -0.996185 0.087263
    outer loop
      vertex 26.565 83.4173 46.2988
      vertex 78.365 83.45 46.6721
      vertex 26.565 83.45 46.6721
    endloop
  endfacet
  facet normal 0 -0.996185 0.087263
    outer loop
      vertex 78.365 83.45 46.6721
      vertex 26.565 83.4173 46.2988
      vertex 78.365 83.4173 46.2988
    endloop
  endfacet
  facet normal 0 -0.965924 0.258825
    outer loop
      vertex 26.565 83.3203 45.9368
      vertex 78.365 83.4173 46.2988
      vertex 26.565 83.4173 46.2988
    endloop
  endfacet
  facet normal 0 -0.965924 0.258825
    outer loop
      vertex 78.365 83.4173 46.2988
      vertex 26.565 83.3203 45.9368
      vertex 78.365 83.3203 45.9368
    endloop
  endfacet
  facet normal 0 -0.906313 0.422608
    outer loop
      vertex 26.565 83.1619 45.5971
      vertex 78.365 83.3203 45.9368
      vertex 26.565 83.3203 45.9368
    endloop
  endfacet
  facet normal 0 -0.906313 0.422608
    outer loop
      vertex 78.365 83.3203 45.9368
      vertex 26.565 83.1619 45.5971
      vertex 78.365 83.1619 45.5971
    endloop
  endfacet
  facet normal 0 -0.819232 0.573462
    outer loop
      vertex 26.565 82.947 45.2901
      vertex 78.365 83.1619 45.5971
      vertex 26.565 83.1619 45.5971
    endloop
  endfacet
  facet normal 0 -0.819232 0.573462
    outer loop
      vertex 78.365 83.1619 45.5971
      vertex 26.565 82.947 45.2901
      vertex 78.365 82.947 45.2901
    endloop
  endfacet
  facet normal 0 -0.707107 0.707107
    outer loop
      vertex 26.565 82.682 45.0251
      vertex 78.365 82.947 45.2901
      vertex 26.565 82.947 45.2901
    endloop
  endfacet
  facet normal 0 -0.707107 0.707107
    outer loop
      vertex 78.365 82.947 45.2901
      vertex 26.565 82.682 45.0251
      vertex 78.365 82.682 45.0251
    endloop
  endfacet
  facet normal 0 -0.573462 0.819232
    outer loop
      vertex 26.565 82.682 45.0251
      vertex 78.365 82.375 44.8102
      vertex 78.365 82.682 45.0251
    endloop
  endfacet
  facet normal 0 -0.573462 0.819232
    outer loop
      vertex 78.365 82.375 44.8102
      vertex 26.565 82.682 45.0251
      vertex 26.565 82.375 44.8102
    endloop
  endfacet
  facet normal 0 -0.422608 0.906313
    outer loop
      vertex 26.565 82.375 44.8102
      vertex 78.365 82.0353 44.6518
      vertex 78.365 82.375 44.8102
    endloop
  endfacet
  facet normal 0 -0.422608 0.906313
    outer loop
      vertex 78.365 82.0353 44.6518
      vertex 26.565 82.375 44.8102
      vertex 26.565 82.0353 44.6518
    endloop
  endfacet
  facet normal 0 -0.258825 0.965924
    outer loop
      vertex 26.565 82.0353 44.6518
      vertex 78.365 81.6733 44.5548
      vertex 78.365 82.0353 44.6518
    endloop
  endfacet
  facet normal 0 -0.258825 0.965924
    outer loop
      vertex 78.365 81.6733 44.5548
      vertex 26.565 82.0353 44.6518
      vertex 26.565 81.6733 44.5548
    endloop
  endfacet
  facet normal 0 -0.087263 0.996185
    outer loop
      vertex 26.565 81.6733 44.5548
      vertex 78.365 81.3 44.5221
      vertex 78.365 81.6733 44.5548
    endloop
  endfacet
  facet normal 0 -0.087263 0.996185
    outer loop
      vertex 78.365 81.3 44.5221
      vertex 26.565 81.6733 44.5548
      vertex 26.565 81.3 44.5221
    endloop
  endfacet
  facet normal -1 0 0
    outer loop
      vertex 78.365 58.55 49.712
      vertex 78.365 80.3 49.7121
      vertex 78.365 80.3018 49.712
    endloop
  endfacet
  facet normal -1 -0 0
    outer loop
      vertex 78.365 80.3 49.7121
      vertex 78.365 58.55 49.712
      vertex 78.365 58.55 49.7121
    endloop
  endfacet
  facet normal -1 0 0
    outer loop
      vertex 78.365 81.05 45.622
      vertex 78.365 82.0353 44.6518
      vertex 78.365 81.6733 44.5548
    endloop
  endfacet
  facet normal -1 0 0
    outer loop
      vertex 78.365 81.05 45.622
      vertex 78.365 81.6733 44.5548
      vertex 78.365 81.3 44.5221
    endloop
  endfacet
  facet normal -1 0 0
    outer loop
      vertex 78.365 81.05 45.622
      vertex 78.365 81.3 44.5221
      vertex 78.365 81.05 44.5221
    endloop
  endfacet
  facet normal -1 0 0
    outer loop
      vertex 78.365 82.0353 44.6518
      vertex 78.365 81.05 45.622
      vertex 78.365 82 46.712
    endloop
  endfacet
  facet normal -1 0 0
    outer loop
      vertex 78.365 58.55 46.712
      vertex 78.365 81.05 45.622
      vertex 78.365 58.5539 45.622
    endloop
  endfacet
  facet normal -1 0 0
    outer loop
      vertex 78.365 58.55 46.712
      vertex 78.365 58.5539 45.622
      vertex 78.365 58.55 45.6721
    endloop
  endfacet
  facet normal -1 0 0
    outer loop
      vertex 78.365 81.05 45.622
      vertex 78.365 58.55 46.712
      vertex 78.365 82 46.712
    endloop
  endfacet
  facet normal -1 0 0
    outer loop
      vertex 78.365 82 46.712
      vertex 78.365 83.45 46.6721
      vertex 78.365 83.4173 46.2988
    endloop
  endfacet
  facet normal -1 0 0
    outer loop
      vertex 78.365 82 46.712
      vertex 78.365 83.4173 46.2988
      vertex 78.365 83.3203 45.9368
    endloop
  endfacet
  facet normal -1 0 0
    outer loop
      vertex 78.365 82 46.712
      vertex 78.365 83.3203 45.9368
      vertex 78.365 83.1619 45.5971
    endloop
  endfacet
  facet normal -1 0 0
    outer loop
      vertex 78.365 83.45 46.6721
      vertex 78.365 82 46.712
      vertex 78.365 83.45 48.5366
    endloop
  endfacet
  facet normal -1 0 0
    outer loop
      vertex 78.365 82 46.712
      vertex 78.365 83.1619 45.5971
      vertex 78.365 82.947 45.2901
    endloop
  endfacet
  facet normal -1 0 0
    outer loop
      vertex 78.365 82 46.712
      vertex 78.365 82.947 45.2901
      vertex 78.365 82.682 45.0251
    endloop
  endfacet
  facet normal -1 -0 0
    outer loop
      vertex 78.365 83.45 48.5366
      vertex 78.365 82 46.712
      vertex 78.365 83.0339 48.8593
    endloop
  endfacet
  facet normal -1 0 0
    outer loop
      vertex 78.365 82 46.712
      vertex 78.365 82.682 45.0251
      vertex 78.365 82.375 44.8102
    endloop
  endfacet
  facet normal -1 0 0
    outer loop
      vertex 78.365 82 46.712
      vertex 78.365 82.375 44.8102
      vertex 78.365 82.0353 44.6518
    endloop
  endfacet
  facet normal -1 -0 0
    outer loop
      vertex 78.365 83.0339 48.8593
      vertex 78.365 82 46.712
      vertex 78.365 82.4069 49.226
    endloop
  endfacet
  facet normal -1 -0 0
    outer loop
      vertex 78.365 82.4069 49.226
      vertex 78.365 82 46.712
      vertex 78.365 82 49.3875
    endloop
  endfacet
  facet normal 0.00027879 0.866299 0.499526
    outer loop
      vertex 44.015 58.6753 45.15
      vertex 44.015 58.734 45.0482
      vertex 26.565 58.7696 44.9962
    endloop
  endfacet
  facet normal 0 0.852514 0.522705
    outer loop
      vertex 44.015 58.6753 45.15
      vertex 26.565 58.7696 44.9962
      vertex 26.565 58.6753 45.15
    endloop
  endfacet
  facet normal 0 0.924057 0.382254
    outer loop
      vertex 44.015 58.6753 45.15
      vertex 26.565 58.6063 45.3168
      vertex 44.015 58.6063 45.3168
    endloop
  endfacet
  facet normal 0 0.924057 0.382254
    outer loop
      vertex 26.565 58.6063 45.3168
      vertex 44.015 58.6753 45.15
      vertex 26.565 58.6753 45.15
    endloop
  endfacet
  facet normal 0 0.972382 0.233394
    outer loop
      vertex 44.015 58.6063 45.3168
      vertex 26.565 58.5642 45.4922
      vertex 44.015 58.5642 45.4922
    endloop
  endfacet
  facet normal 0 0.972382 0.233394
    outer loop
      vertex 26.565 58.5642 45.4922
      vertex 44.015 58.6063 45.3168
      vertex 26.565 58.6063 45.3168
    endloop
  endfacet
  facet normal 0 0.996899 0.078688
    outer loop
      vertex 44.015 58.5642 45.4922
      vertex 26.565 58.55 45.6721
      vertex 44.015 58.55 45.6721
    endloop
  endfacet
  facet normal 0 0.996899 0.078688
    outer loop
      vertex 26.565 58.55 45.6721
      vertex 44.015 58.5642 45.4922
      vertex 26.565 58.5642 45.4922
    endloop
  endfacet
  facet normal 0 0.996899 0.078688
    outer loop
      vertex 59.465 58.5642 45.4922
      vertex 56.215 58.55 45.6721
      vertex 59.465 58.55 45.6721
    endloop
  endfacet
  facet normal 0 0.996899 0.078688
    outer loop
      vertex 56.215 58.55 45.6721
      vertex 59.465 58.5642 45.4922
      vertex 56.215 58.5642 45.4922
    endloop
  endfacet
  facet normal 0 0.972382 0.233394
    outer loop
      vertex 59.465 58.6063 45.3168
      vertex 56.215 58.5642 45.4922
      vertex 59.465 58.5642 45.4922
    endloop
  endfacet
  facet normal 0 0.972382 0.233394
    outer loop
      vertex 56.215 58.5642 45.4922
      vertex 59.465 58.6063 45.3168
      vertex 56.215 58.6063 45.3168
    endloop
  endfacet
  facet normal 0 0.924057 0.382254
    outer loop
      vertex 59.465 58.6753 45.15
      vertex 56.215 58.6063 45.3168
      vertex 59.465 58.6063 45.3168
    endloop
  endfacet
  facet normal 0 0.924057 0.382254
    outer loop
      vertex 56.215 58.6063 45.3168
      vertex 59.465 58.6753 45.15
      vertex 56.215 58.6753 45.15
    endloop
  endfacet
  facet normal 0 0.866299 0.499526
    outer loop
      vertex 59.465 58.734 45.0482
      vertex 56.215 58.6753 45.15
      vertex 59.465 58.6753 45.15
    endloop
  endfacet
  facet normal 0 0.866299 0.499526
    outer loop
      vertex 56.215 58.6753 45.15
      vertex 59.465 58.734 45.0482
      vertex 56.215 58.734 45.0482
    endloop
  endfacet
  facet normal 0 0.996984 0.0776095
    outer loop
      vertex 78.365 58.5539 45.622
      vertex 68.265 58.55 45.6721
      vertex 78.365 58.55 45.6721
    endloop
  endfacet
  facet normal 0 0.996984 0.0776095
    outer loop
      vertex 68.265 58.55 45.6721
      vertex 78.365 58.5539 45.622
      vertex 68.265 58.5539 45.622
    endloop
  endfacet
  facet normal -0 0.078688 0.996899
    outer loop
      vertex 26.565 59.7 44.5221
      vertex 62.5 59.5201 44.5363
      vertex 62.5 59.7 44.5221
    endloop
  endfacet
  facet normal 0 0.078688 0.996899
    outer loop
      vertex 62.5 59.5201 44.5363
      vertex 26.565 59.7 44.5221
      vertex 26.565 59.5201 44.5363
    endloop
  endfacet
  facet normal -0 0.233268 0.972412
    outer loop
      vertex 26.565 59.5201 44.5363
      vertex 62.5 59.3446 44.5784
      vertex 62.5 59.5201 44.5363
    endloop
  endfacet
  facet normal 0 0.233268 0.972412
    outer loop
      vertex 62.5 59.3446 44.5784
      vertex 26.565 59.5201 44.5363
      vertex 26.565 59.3446 44.5784
    endloop
  endfacet
  facet normal -0 0.382923 0.92378
    outer loop
      vertex 26.565 59.3446 44.5784
      vertex 62.5 59.1779 44.6475
      vertex 62.5 59.3446 44.5784
    endloop
  endfacet
  facet normal 0 0.382923 0.92378
    outer loop
      vertex 62.5 59.1779 44.6475
      vertex 26.565 59.3446 44.5784
      vertex 26.565 59.1779 44.6475
    endloop
  endfacet
  facet normal -0 0.522458 0.852665
    outer loop
      vertex 26.565 59.1779 44.6475
      vertex 62.5 59.024 44.7418
      vertex 62.5 59.1779 44.6475
    endloop
  endfacet
  facet normal 0 0.522458 0.852665
    outer loop
      vertex 62.5 59.024 44.7418
      vertex 26.565 59.1779 44.6475
      vertex 26.565 59.024 44.7418
    endloop
  endfacet
  facet normal -0 0.649513 0.760351
    outer loop
      vertex 26.565 59.024 44.7418
      vertex 62.5 58.8868 44.859
      vertex 62.5 59.024 44.7418
    endloop
  endfacet
  facet normal 0 0.649513 0.760351
    outer loop
      vertex 62.5 58.8868 44.859
      vertex 26.565 59.024 44.7418
      vertex 26.565 58.8868 44.859
    endloop
  endfacet
  facet normal 0 0.760351 0.649513
    outer loop
      vertex 62.5 58.8868 44.859
      vertex 26.565 58.7696 44.9962
      vertex 62.5 58.7696 44.9962
    endloop
  endfacet
  facet normal 0 0.760351 0.649513
    outer loop
      vertex 26.565 58.7696 44.9962
      vertex 62.5 58.8868 44.859
      vertex 26.565 58.8868 44.859
    endloop
  endfacet
  facet normal 0 0.825152 0.564911
    outer loop
      vertex 62.5 58.7696 44.9962
      vertex 59.465 58.734 45.0482
      vertex 62.5 58.734 45.0482
    endloop
  endfacet
  facet normal 0 0.825152 0.564911
    outer loop
      vertex 59.465 58.734 45.0482
      vertex 62.5 58.7696 44.9962
      vertex 56.215 58.734 45.0482
    endloop
  endfacet
  facet normal 0 0.825152 0.564911
    outer loop
      vertex 56.215 58.734 45.0482
      vertex 62.5 58.7696 44.9962
      vertex 44.015 58.734 45.0482
    endloop
  endfacet
  facet normal 0 0.825152 0.564911
    outer loop
      vertex 44.015 58.734 45.0482
      vertex 62.5 58.7696 44.9962
      vertex 26.565 58.7696 44.9962
    endloop
  endfacet
  facet normal 1 0 0
    outer loop
      vertex 26.565 76.35 47.712
      vertex 26.565 59.95 47.712
      vertex 26.565 76.35 46.3121
    endloop
  endfacet
  facet normal 1 -0 0
    outer loop
      vertex 26.565 82.5 47.712
      vertex 26.565 83.45 46.6721
      vertex 26.565 83.45 47.712
    endloop
  endfacet
  facet normal 1 0 0
    outer loop
      vertex 26.565 83.45 46.6721
      vertex 26.565 82.5 46.3121
      vertex 26.565 83.4173 46.2988
    endloop
  endfacet
  facet normal 1 0 0
    outer loop
      vertex 26.565 83.4173 46.2988
      vertex 26.565 82.5 46.3121
      vertex 26.565 83.3203 45.9368
    endloop
  endfacet
  facet normal 1 -0 0
    outer loop
      vertex 26.565 82.4852 46.1244
      vertex 26.565 83.3203 45.9368
      vertex 26.565 82.5 46.3121
    endloop
  endfacet
  facet normal 1 0 0
    outer loop
      vertex 26.565 83.3203 45.9368
      vertex 26.565 82.4852 46.1244
      vertex 26.565 83.1619 45.5971
    endloop
  endfacet
  facet normal 1 0 0
    outer loop
      vertex 26.565 83.45 46.6721
      vertex 26.565 82.5 47.712
      vertex 26.565 82.5 46.3121
    endloop
  endfacet
  facet normal 1 -0 0
    outer loop
      vertex 26.565 82.4413 45.9413
      vertex 26.565 83.1619 45.5971
      vertex 26.565 82.4852 46.1244
    endloop
  endfacet
  facet normal 1 -0 0
    outer loop
      vertex 26.565 82.3692 45.7673
      vertex 26.565 83.1619 45.5971
      vertex 26.565 82.4413 45.9413
    endloop
  endfacet
  facet normal 1 0 0
    outer loop
      vertex 26.565 83.1619 45.5971
      vertex 26.565 82.3692 45.7673
      vertex 26.565 82.947 45.2901
    endloop
  endfacet
  facet normal 1 -0 0
    outer loop
      vertex 26.565 82.2708 45.6068
      vertex 26.565 82.947 45.2901
      vertex 26.565 82.3692 45.7673
    endloop
  endfacet
  facet normal 1 0 0
    outer loop
      vertex 26.565 82.947 45.2901
      vertex 26.565 82.2708 45.6068
      vertex 26.565 82.682 45.0251
    endloop
  endfacet
  facet normal 1 -0 0
    outer loop
      vertex 26.565 82.1485 45.4636
      vertex 26.565 82.682 45.0251
      vertex 26.565 82.2708 45.6068
    endloop
  endfacet
  facet normal 1 0 0
    outer loop
      vertex 26.565 82.682 45.0251
      vertex 26.565 82.1485 45.4636
      vertex 26.565 82.375 44.8102
    endloop
  endfacet
  facet normal 1 -0 0
    outer loop
      vertex 26.565 82.0053 45.3413
      vertex 26.565 82.375 44.8102
      vertex 26.565 82.1485 45.4636
    endloop
  endfacet
  facet normal 1 -0 0
    outer loop
      vertex 26.565 81.8448 45.2429
      vertex 26.565 82.375 44.8102
      vertex 26.565 82.0053 45.3413
    endloop
  endfacet
  facet normal 1 0 0
    outer loop
      vertex 26.565 82.375 44.8102
      vertex 26.565 81.8448 45.2429
      vertex 26.565 82.0353 44.6518
    endloop
  endfacet
  facet normal 1 -0 0
    outer loop
      vertex 26.565 81.6708 45.1709
      vertex 26.565 82.0353 44.6518
      vertex 26.565 81.8448 45.2429
    endloop
  endfacet
  facet normal 1 0 0
    outer loop
      vertex 26.565 82.0353 44.6518
      vertex 26.565 81.6708 45.1709
      vertex 26.565 81.6733 44.5548
    endloop
  endfacet
  facet normal 1 -0 0
    outer loop
      vertex 26.565 81.4877 45.1269
      vertex 26.565 81.6733 44.5548
      vertex 26.565 81.6708 45.1709
    endloop
  endfacet
  facet normal 1 0 0
    outer loop
      vertex 26.565 81.3 44.5221
      vertex 26.565 81.4877 45.1269
      vertex 26.565 81.3 45.1121
    endloop
  endfacet
  facet normal 1 0 0
    outer loop
      vertex 26.565 81.4877 45.1269
      vertex 26.565 81.3 44.5221
      vertex 26.565 81.6733 44.5548
    endloop
  endfacet
  facet normal 1 -0 0
    outer loop
      vertex 26.565 77.55 45.1121
      vertex 26.565 81.3 44.5221
      vertex 26.565 81.3 45.1121
    endloop
  endfacet
  facet normal 1 0 0
    outer loop
      vertex 26.565 77.3416 45.1304
      vertex 26.565 81.3 44.5221
      vertex 26.565 77.55 45.1121
    endloop
  endfacet
  facet normal 1 0 0
    outer loop
      vertex 26.565 59.95 46.0121
      vertex 26.565 76.35 46.3121
      vertex 26.565 59.95 47.712
    endloop
  endfacet
  facet normal 1 0 0
    outer loop
      vertex 26.565 76.35 46.3121
      vertex 26.565 59.95 46.0121
      vertex 26.565 76.3682 46.1038
    endloop
  endfacet
  facet normal 1 0 0
    outer loop
      vertex 26.565 76.3682 46.1038
      vertex 26.565 59.95 46.0121
      vertex 26.565 76.4224 45.9017
    endloop
  endfacet
  facet normal 1 0 0
    outer loop
      vertex 26.565 59.7 44.5221
      vertex 26.565 76.4224 45.9017
      vertex 26.565 59.95 46.0121
    endloop
  endfacet
  facet normal 1 0 0
    outer loop
      vertex 26.565 76.4224 45.9017
      vertex 26.565 59.7 44.5221
      vertex 26.565 76.5108 45.7121
    endloop
  endfacet
  facet normal 1 0 0
    outer loop
      vertex 26.565 76.5108 45.7121
      vertex 26.565 59.7 44.5221
      vertex 26.565 76.6307 45.5408
    endloop
  endfacet
  facet normal 1 0 0
    outer loop
      vertex 26.565 76.6307 45.5408
      vertex 26.565 59.7 44.5221
      vertex 26.565 76.7787 45.3929
    endloop
  endfacet
  facet normal 1 0 0
    outer loop
      vertex 26.565 76.7787 45.3929
      vertex 26.565 59.7 44.5221
      vertex 26.565 76.95 45.2729
    endloop
  endfacet
  facet normal 1 0 0
    outer loop
      vertex 26.565 76.95 45.2729
      vertex 26.565 59.7 44.5221
      vertex 26.565 77.1396 45.1845
    endloop
  endfacet
  facet normal 1 0 0
    outer loop
      vertex 26.565 77.1396 45.1845
      vertex 26.565 59.7 44.5221
      vertex 26.565 77.3416 45.1304
    endloop
  endfacet
  facet normal 1 0 0
    outer loop
      vertex 26.565 77.3416 45.1304
      vertex 26.565 59.7 44.5221
      vertex 26.565 81.3 44.5221
    endloop
  endfacet
  facet normal 1 0 0
    outer loop
      vertex 26.565 59.95 46.0121
      vertex 26.565 59.5201 44.5363
      vertex 26.565 59.7 44.5221
    endloop
  endfacet
  facet normal 1 0 0
    outer loop
      vertex 26.565 59.95 46.0121
      vertex 26.565 59.3446 44.5784
      vertex 26.565 59.5201 44.5363
    endloop
  endfacet
  facet normal 1 0 0
    outer loop
      vertex 26.565 59.95 46.0121
      vertex 26.565 59.1779 44.6475
      vertex 26.565 59.3446 44.5784
    endloop
  endfacet
  facet normal 1 0 0
    outer loop
      vertex 26.565 59.95 46.0121
      vertex 26.565 59.024 44.7418
      vertex 26.565 59.1779 44.6475
    endloop
  endfacet
  facet normal 1 0 0
    outer loop
      vertex 26.565 59.95 46.0121
      vertex 26.565 58.8868 44.859
      vertex 26.565 59.024 44.7418
    endloop
  endfacet
  facet normal 1 0 0
    outer loop
      vertex 26.565 59.95 46.0121
      vertex 26.565 58.7696 44.9962
      vertex 26.565 58.8868 44.859
    endloop
  endfacet
  facet normal 1 0 0
    outer loop
      vertex 26.565 59.95 46.0121
      vertex 26.565 58.6753 45.15
      vertex 26.565 58.7696 44.9962
    endloop
  endfacet
  facet normal 1 0 0
    outer loop
      vertex 26.565 59.95 46.0121
      vertex 26.565 58.6063 45.3168
      vertex 26.565 58.6753 45.15
    endloop
  endfacet
  facet normal 1 0 0
    outer loop
      vertex 26.565 59.95 46.0121
      vertex 26.565 58.5642 45.4922
      vertex 26.565 58.6063 45.3168
    endloop
  endfacet
  facet normal 1 0 0
    outer loop
      vertex 26.565 58.55 45.6721
      vertex 26.565 59.95 46.0121
      vertex 26.565 58.55 46.0121
    endloop
  endfacet
  facet normal 1 0 0
    outer loop
      vertex 26.565 59.95 46.0121
      vertex 26.565 58.55 45.6721
      vertex 26.565 58.5642 45.4922
    endloop
  endfacet
  facet normal 0 -1 0
    outer loop
      vertex 41.995 72.85 43.9721
      vertex 48.145 72.85 44.5221
      vertex 41.995 72.85 44.5221
    endloop
  endfacet
  facet normal 0 -1 -0
    outer loop
      vertex 48.145 72.85 44.5221
      vertex 41.995 72.85 43.9721
      vertex 48.145 72.85 43.9721
    endloop
  endfacet
  facet normal -0.996189 -0.0872239 0
    outer loop
      vertex 49.145 71.85 43.9721
      vertex 49.1298 72.0236 44.5221
      vertex 49.1298 72.0236 43.9721
    endloop
  endfacet
  facet normal -0.996189 -0.0872239 0
    outer loop
      vertex 49.1298 72.0236 44.5221
      vertex 49.145 71.85 43.9721
      vertex 49.145 71.85 44.5221
    endloop
  endfacet
  facet normal -0.965958 -0.258698 0
    outer loop
      vertex 49.1298 72.0236 43.9721
      vertex 49.0847 72.192 44.5221
      vertex 49.0847 72.192 43.9721
    endloop
  endfacet
  facet normal -0.965958 -0.258698 0
    outer loop
      vertex 49.0847 72.192 44.5221
      vertex 49.1298 72.0236 43.9721
      vertex 49.1298 72.0236 44.5221
    endloop
  endfacet
  facet normal -0.906256 -0.422728 0
    outer loop
      vertex 49.0847 72.192 43.9721
      vertex 49.011 72.35 44.5221
      vertex 49.011 72.35 43.9721
    endloop
  endfacet
  facet normal -0.906256 -0.422728 0
    outer loop
      vertex 49.011 72.35 44.5221
      vertex 49.0847 72.192 43.9721
      vertex 49.0847 72.192 44.5221
    endloop
  endfacet
  facet normal -0.819124 -0.573616 0
    outer loop
      vertex 49.011 72.35 43.9721
      vertex 48.911 72.4928 44.5221
      vertex 48.911 72.4928 43.9721
    endloop
  endfacet
  facet normal -0.819124 -0.573616 0
    outer loop
      vertex 48.911 72.4928 44.5221
      vertex 49.011 72.35 43.9721
      vertex 49.011 72.35 44.5221
    endloop
  endfacet
  facet normal -0.707107 -0.707107 0
    outer loop
      vertex 48.911 72.4928 43.9721
      vertex 48.7878 72.616 44.5221
      vertex 48.7878 72.616 43.9721
    endloop
  endfacet
  facet normal -0.707107 -0.707107 0
    outer loop
      vertex 48.7878 72.616 44.5221
      vertex 48.911 72.4928 43.9721
      vertex 48.911 72.4928 44.5221
    endloop
  endfacet
  facet normal -0.573616 -0.819124 0
    outer loop
      vertex 48.645 72.716 43.9721
      vertex 48.7878 72.616 44.5221
      vertex 48.645 72.716 44.5221
    endloop
  endfacet
  facet normal -0.573616 -0.819124 -0
    outer loop
      vertex 48.7878 72.616 44.5221
      vertex 48.645 72.716 43.9721
      vertex 48.7878 72.616 43.9721
    endloop
  endfacet
  facet normal -0.422728 -0.906256 0
    outer loop
      vertex 48.487 72.7897 43.9721
      vertex 48.645 72.716 44.5221
      vertex 48.487 72.7897 44.5221
    endloop
  endfacet
  facet normal -0.422728 -0.906256 -0
    outer loop
      vertex 48.645 72.716 44.5221
      vertex 48.487 72.7897 43.9721
      vertex 48.645 72.716 43.9721
    endloop
  endfacet
  facet normal -0.258698 -0.965958 0
    outer loop
      vertex 48.3186 72.8348 43.9721
      vertex 48.487 72.7897 44.5221
      vertex 48.3186 72.8348 44.5221
    endloop
  endfacet
  facet normal -0.258698 -0.965958 -0
    outer loop
      vertex 48.487 72.7897 44.5221
      vertex 48.3186 72.8348 43.9721
      vertex 48.487 72.7897 43.9721
    endloop
  endfacet
  facet normal -0.0872239 -0.996189 0
    outer loop
      vertex 48.145 72.85 43.9721
      vertex 48.3186 72.8348 44.5221
      vertex 48.145 72.85 44.5221
    endloop
  endfacet
  facet normal -0.0872239 -0.996189 -0
    outer loop
      vertex 48.3186 72.8348 44.5221
      vertex 48.145 72.85 43.9721
      vertex 48.3186 72.8348 43.9721
    endloop
  endfacet
  facet normal -1 0 0
    outer loop
      vertex 49.145 65.7 43.9721
      vertex 49.145 71.85 44.5221
      vertex 49.145 71.85 43.9721
    endloop
  endfacet
  facet normal -1 -0 0
    outer loop
      vertex 49.145 71.85 44.5221
      vertex 49.145 65.7 43.9721
      vertex 49.145 65.7 44.5221
    endloop
  endfacet
  facet normal -0.0872239 0.996189 0
    outer loop
      vertex 48.3186 64.7152 43.9721
      vertex 48.145 64.7 44.5221
      vertex 48.3186 64.7152 44.5221
    endloop
  endfacet
  facet normal -0.0872239 0.996189 0
    outer loop
      vertex 48.145 64.7 44.5221
      vertex 48.3186 64.7152 43.9721
      vertex 48.145 64.7 43.9721
    endloop
  endfacet
  facet normal -0.258698 0.965958 0
    outer loop
      vertex 48.487 64.7603 43.9721
      vertex 48.3186 64.7152 44.5221
      vertex 48.487 64.7603 44.5221
    endloop
  endfacet
  facet normal -0.258698 0.965958 0
    outer loop
      vertex 48.3186 64.7152 44.5221
      vertex 48.487 64.7603 43.9721
      vertex 48.3186 64.7152 43.9721
    endloop
  endfacet
  facet normal -0.422728 0.906256 0
    outer loop
      vertex 48.645 64.834 43.9721
      vertex 48.487 64.7603 44.5221
      vertex 48.645 64.834 44.5221
    endloop
  endfacet
  facet normal -0.422728 0.906256 0
    outer loop
      vertex 48.487 64.7603 44.5221
      vertex 48.645 64.834 43.9721
      vertex 48.487 64.7603 43.9721
    endloop
  endfacet
  facet normal -0.573616 0.819124 0
    outer loop
      vertex 48.7878 64.934 43.9721
      vertex 48.645 64.834 44.5221
      vertex 48.7878 64.934 44.5221
    endloop
  endfacet
  facet normal -0.573616 0.819124 0
    outer loop
      vertex 48.645 64.834 44.5221
      vertex 48.7878 64.934 43.9721
      vertex 48.645 64.834 43.9721
    endloop
  endfacet
  facet normal -0.707107 0.707107 0
    outer loop
      vertex 48.7878 64.934 43.9721
      vertex 48.911 65.0572 44.5221
      vertex 48.911 65.0572 43.9721
    endloop
  endfacet
  facet normal -0.707107 0.707107 0
    outer loop
      vertex 48.911 65.0572 44.5221
      vertex 48.7878 64.934 43.9721
      vertex 48.7878 64.934 44.5221
    endloop
  endfacet
  facet normal -0.819124 0.573616 0
    outer loop
      vertex 48.911 65.0572 43.9721
      vertex 49.011 65.2 44.5221
      vertex 49.011 65.2 43.9721
    endloop
  endfacet
  facet normal -0.819124 0.573616 0
    outer loop
      vertex 49.011 65.2 44.5221
      vertex 48.911 65.0572 43.9721
      vertex 48.911 65.0572 44.5221
    endloop
  endfacet
  facet normal -0.906256 0.422728 0
    outer loop
      vertex 49.011 65.2 43.9721
      vertex 49.0847 65.358 44.5221
      vertex 49.0847 65.358 43.9721
    endloop
  endfacet
  facet normal -0.906256 0.422728 0
    outer loop
      vertex 49.0847 65.358 44.5221
      vertex 49.011 65.2 43.9721
      vertex 49.011 65.2 44.5221
    endloop
  endfacet
  facet normal -0.965958 0.258698 0
    outer loop
      vertex 49.0847 65.358 43.9721
      vertex 49.1298 65.5264 44.5221
      vertex 49.1298 65.5264 43.9721
    endloop
  endfacet
  facet normal -0.965958 0.258698 0
    outer loop
      vertex 49.1298 65.5264 44.5221
      vertex 49.0847 65.358 43.9721
      vertex 49.0847 65.358 44.5221
    endloop
  endfacet
  facet normal -0.996189 0.0872239 0
    outer loop
      vertex 49.1298 65.5264 43.9721
      vertex 49.145 65.7 44.5221
      vertex 49.145 65.7 43.9721
    endloop
  endfacet
  facet normal -0.996189 0.0872239 0
    outer loop
      vertex 49.145 65.7 44.5221
      vertex 49.1298 65.5264 43.9721
      vertex 49.1298 65.5264 44.5221
    endloop
  endfacet
  facet normal 0 1 -0
    outer loop
      vertex 48.145 64.7 43.9721
      vertex 41.995 64.7 44.5221
      vertex 48.145 64.7 44.5221
    endloop
  endfacet
  facet normal 0 1 0
    outer loop
      vertex 41.995 64.7 44.5221
      vertex 48.145 64.7 43.9721
      vertex 41.995 64.7 43.9721
    endloop
  endfacet
  facet normal 0 0 1
    outer loop
      vertex 78.365 81.3 44.5221
      vertex 62.5 81.05 44.5221
      vertex 78.365 81.05 44.5221
    endloop
  endfacet
  facet normal 0 0 1
    outer loop
      vertex 62.5 81.05 44.5221
      vertex 49.145 71.85 44.5221
      vertex 62.5 59.7 44.5221
    endloop
  endfacet
  facet normal 0 0 1
    outer loop
      vertex 62.5 81.05 44.5221
      vertex 49.1298 72.0236 44.5221
      vertex 49.145 71.85 44.5221
    endloop
  endfacet
  facet normal 0 0 1
    outer loop
      vertex 62.5 81.05 44.5221
      vertex 49.0847 72.192 44.5221
      vertex 49.1298 72.0236 44.5221
    endloop
  endfacet
  facet normal 0 0 1
    outer loop
      vertex 62.5 81.05 44.5221
      vertex 49.011 72.35 44.5221
      vertex 49.0847 72.192 44.5221
    endloop
  endfacet
  facet normal 0 0 1
    outer loop
      vertex 62.5 81.05 44.5221
      vertex 48.911 72.4928 44.5221
      vertex 49.011 72.35 44.5221
    endloop
  endfacet
  facet normal 0 0 1
    outer loop
      vertex 62.5 81.05 44.5221
      vertex 48.7878 72.616 44.5221
      vertex 48.911 72.4928 44.5221
    endloop
  endfacet
  facet normal 0 0 1
    outer loop
      vertex 62.5 81.05 44.5221
      vertex 48.645 72.716 44.5221
      vertex 48.7878 72.616 44.5221
    endloop
  endfacet
  facet normal 0 0 1
    outer loop
      vertex 62.5 81.05 44.5221
      vertex 48.487 72.7897 44.5221
      vertex 48.645 72.716 44.5221
    endloop
  endfacet
  facet normal 0 0 1
    outer loop
      vertex 62.5 81.05 44.5221
      vertex 48.3186 72.8348 44.5221
      vertex 48.487 72.7897 44.5221
    endloop
  endfacet
  facet normal 0 0 1
    outer loop
      vertex 62.5 81.05 44.5221
      vertex 48.145 72.85 44.5221
      vertex 48.3186 72.8348 44.5221
    endloop
  endfacet
  facet normal 0 0 1
    outer loop
      vertex 62.5 81.05 44.5221
      vertex 41.995 72.85 44.5221
      vertex 48.145 72.85 44.5221
    endloop
  endfacet
  facet normal 0 0 1
    outer loop
      vertex 26.565 81.3 44.5221
      vertex 41.995 72.85 44.5221
      vertex 62.5 81.05 44.5221
    endloop
  endfacet
  facet normal 0 0 1
    outer loop
      vertex 41.995 72.85 44.5221
      vertex 26.565 81.3 44.5221
      vertex 41.8214 72.8348 44.5221
    endloop
  endfacet
  facet normal 0 0 1
    outer loop
      vertex 26.565 59.7 44.5221
      vertex 40.995 71.85 44.5221
      vertex 26.565 81.3 44.5221
    endloop
  endfacet
  facet normal 0 0 1
    outer loop
      vertex 41.0102 72.0236 44.5221
      vertex 26.565 81.3 44.5221
      vertex 40.995 71.85 44.5221
    endloop
  endfacet
  facet normal 0 0 1
    outer loop
      vertex 41.0553 72.192 44.5221
      vertex 26.565 81.3 44.5221
      vertex 41.0102 72.0236 44.5221
    endloop
  endfacet
  facet normal 0 0 1
    outer loop
      vertex 41.129 72.35 44.5221
      vertex 26.565 81.3 44.5221
      vertex 41.0553 72.192 44.5221
    endloop
  endfacet
  facet normal 0 0 1
    outer loop
      vertex 41.229 72.4928 44.5221
      vertex 26.565 81.3 44.5221
      vertex 41.129 72.35 44.5221
    endloop
  endfacet
  facet normal 0 0 1
    outer loop
      vertex 41.3522 72.616 44.5221
      vertex 26.565 81.3 44.5221
      vertex 41.229 72.4928 44.5221
    endloop
  endfacet
  facet normal 0 0 1
    outer loop
      vertex 41.495 72.716 44.5221
      vertex 26.565 81.3 44.5221
      vertex 41.3522 72.616 44.5221
    endloop
  endfacet
  facet normal 0 0 1
    outer loop
      vertex 41.653 72.7897 44.5221
      vertex 26.565 81.3 44.5221
      vertex 41.495 72.716 44.5221
    endloop
  endfacet
  facet normal 0 0 1
    outer loop
      vertex 41.8214 72.8348 44.5221
      vertex 26.565 81.3 44.5221
      vertex 41.653 72.7897 44.5221
    endloop
  endfacet
  facet normal -0 0 1
    outer loop
      vertex 26.565 81.3 44.5221
      vertex 62.5 81.05 44.5221
      vertex 78.365 81.3 44.5221
    endloop
  endfacet
  facet normal -0 0 1
    outer loop
      vertex 49.145 65.7 44.5221
      vertex 62.5 59.7 44.5221
      vertex 49.145 71.85 44.5221
    endloop
  endfacet
  facet normal -0 0 1
    outer loop
      vertex 49.1298 65.5264 44.5221
      vertex 62.5 59.7 44.5221
      vertex 49.145 65.7 44.5221
    endloop
  endfacet
  facet normal -0 0 1
    outer loop
      vertex 49.0847 65.358 44.5221
      vertex 62.5 59.7 44.5221
      vertex 49.1298 65.5264 44.5221
    endloop
  endfacet
  facet normal -0 0 1
    outer loop
      vertex 49.011 65.2 44.5221
      vertex 62.5 59.7 44.5221
      vertex 49.0847 65.358 44.5221
    endloop
  endfacet
  facet normal -0 0 1
    outer loop
      vertex 48.911 65.0572 44.5221
      vertex 62.5 59.7 44.5221
      vertex 49.011 65.2 44.5221
    endloop
  endfacet
  facet normal -0 0 1
    outer loop
      vertex 48.7878 64.934 44.5221
      vertex 62.5 59.7 44.5221
      vertex 48.911 65.0572 44.5221
    endloop
  endfacet
  facet normal -0 0 1
    outer loop
      vertex 48.645 64.834 44.5221
      vertex 62.5 59.7 44.5221
      vertex 48.7878 64.934 44.5221
    endloop
  endfacet
  facet normal -0 0 1
    outer loop
      vertex 48.487 64.7603 44.5221
      vertex 62.5 59.7 44.5221
      vertex 48.645 64.834 44.5221
    endloop
  endfacet
  facet normal -0 0 1
    outer loop
      vertex 48.3186 64.7152 44.5221
      vertex 62.5 59.7 44.5221
      vertex 48.487 64.7603 44.5221
    endloop
  endfacet
  facet normal -0 0 1
    outer loop
      vertex 48.145 64.7 44.5221
      vertex 62.5 59.7 44.5221
      vertex 48.3186 64.7152 44.5221
    endloop
  endfacet
  facet normal -0 0 1
    outer loop
      vertex 41.995 64.7 44.5221
      vertex 62.5 59.7 44.5221
      vertex 48.145 64.7 44.5221
    endloop
  endfacet
  facet normal 0 0 1
    outer loop
      vertex 26.565 59.7 44.5221
      vertex 41.995 64.7 44.5221
      vertex 41.8214 64.7152 44.5221
    endloop
  endfacet
  facet normal 0 0 1
    outer loop
      vertex 40.995 71.85 44.5221
      vertex 26.565 59.7 44.5221
      vertex 40.995 65.7 44.5221
    endloop
  endfacet
  facet normal 0 0 1
    outer loop
      vertex 40.995 65.7 44.5221
      vertex 26.565 59.7 44.5221
      vertex 41.0102 65.5264 44.5221
    endloop
  endfacet
  facet normal 0 0 1
    outer loop
      vertex 41.0102 65.5264 44.5221
      vertex 26.565 59.7 44.5221
      vertex 41.0553 65.358 44.5221
    endloop
  endfacet
  facet normal 0 0 1
    outer loop
      vertex 41.0553 65.358 44.5221
      vertex 26.565 59.7 44.5221
      vertex 41.129 65.2 44.5221
    endloop
  endfacet
  facet normal 0 0 1
    outer loop
      vertex 41.995 64.7 44.5221
      vertex 26.565 59.7 44.5221
      vertex 62.5 59.7 44.5221
    endloop
  endfacet
  facet normal 0 0 1
    outer loop
      vertex 41.653 64.7603 44.5221
      vertex 26.565 59.7 44.5221
      vertex 41.8214 64.7152 44.5221
    endloop
  endfacet
  facet normal 0 0 1
    outer loop
      vertex 41.495 64.834 44.5221
      vertex 26.565 59.7 44.5221
      vertex 41.653 64.7603 44.5221
    endloop
  endfacet
  facet normal 0 0 1
    outer loop
      vertex 41.3522 64.934 44.5221
      vertex 26.565 59.7 44.5221
      vertex 41.495 64.834 44.5221
    endloop
  endfacet
  facet normal 0 0 1
    outer loop
      vertex 41.229 65.0572 44.5221
      vertex 26.565 59.7 44.5221
      vertex 41.3522 64.934 44.5221
    endloop
  endfacet
  facet normal 0 0 1
    outer loop
      vertex 41.129 65.2 44.5221
      vertex 26.565 59.7 44.5221
      vertex 41.229 65.0572 44.5221
    endloop
  endfacet
  facet normal 0.0872239 -0.996189 0
    outer loop
      vertex 41.8214 72.8348 43.9721
      vertex 41.995 72.85 44.5221
      vertex 41.8214 72.8348 44.5221
    endloop
  endfacet
  facet normal 0.0872239 -0.996189 0
    outer loop
      vertex 41.995 72.85 44.5221
      vertex 41.8214 72.8348 43.9721
      vertex 41.995 72.85 43.9721
    endloop
  endfacet
  facet normal 0.258698 -0.965958 0
    outer loop
      vertex 41.653 72.7897 43.9721
      vertex 41.8214 72.8348 44.5221
      vertex 41.653 72.7897 44.5221
    endloop
  endfacet
  facet normal 0.258698 -0.965958 0
    outer loop
      vertex 41.8214 72.8348 44.5221
      vertex 41.653 72.7897 43.9721
      vertex 41.8214 72.8348 43.9721
    endloop
  endfacet
  facet normal 0.422728 -0.906256 0
    outer loop
      vertex 41.495 72.716 43.9721
      vertex 41.653 72.7897 44.5221
      vertex 41.495 72.716 44.5221
    endloop
  endfacet
  facet normal 0.422728 -0.906256 0
    outer loop
      vertex 41.653 72.7897 44.5221
      vertex 41.495 72.716 43.9721
      vertex 41.653 72.7897 43.9721
    endloop
  endfacet
  facet normal 0.573616 -0.819124 0
    outer loop
      vertex 41.3522 72.616 43.9721
      vertex 41.495 72.716 44.5221
      vertex 41.3522 72.616 44.5221
    endloop
  endfacet
  facet normal 0.573616 -0.819124 0
    outer loop
      vertex 41.495 72.716 44.5221
      vertex 41.3522 72.616 43.9721
      vertex 41.495 72.716 43.9721
    endloop
  endfacet
  facet normal 0.707107 -0.707107 0
    outer loop
      vertex 41.229 72.4928 44.5221
      vertex 41.3522 72.616 43.9721
      vertex 41.3522 72.616 44.5221
    endloop
  endfacet
  facet normal 0.707107 -0.707107 0
    outer loop
      vertex 41.3522 72.616 43.9721
      vertex 41.229 72.4928 44.5221
      vertex 41.229 72.4928 43.9721
    endloop
  endfacet
  facet normal 0.819124 -0.573616 0
    outer loop
      vertex 41.129 72.35 44.5221
      vertex 41.229 72.4928 43.9721
      vertex 41.229 72.4928 44.5221
    endloop
  endfacet
  facet normal 0.819124 -0.573616 0
    outer loop
      vertex 41.229 72.4928 43.9721
      vertex 41.129 72.35 44.5221
      vertex 41.129 72.35 43.9721
    endloop
  endfacet
  facet normal 0.906256 -0.422728 0
    outer loop
      vertex 41.0553 72.192 44.5221
      vertex 41.129 72.35 43.9721
      vertex 41.129 72.35 44.5221
    endloop
  endfacet
  facet normal 0.906256 -0.422728 0
    outer loop
      vertex 41.129 72.35 43.9721
      vertex 41.0553 72.192 44.5221
      vertex 41.0553 72.192 43.9721
    endloop
  endfacet
  facet normal 0.965958 -0.258698 0
    outer loop
      vertex 41.0102 72.0236 44.5221
      vertex 41.0553 72.192 43.9721
      vertex 41.0553 72.192 44.5221
    endloop
  endfacet
  facet normal 0.965958 -0.258698 0
    outer loop
      vertex 41.0553 72.192 43.9721
      vertex 41.0102 72.0236 44.5221
      vertex 41.0102 72.0236 43.9721
    endloop
  endfacet
  facet normal 0.996189 -0.0872239 0
    outer loop
      vertex 40.995 71.85 44.5221
      vertex 41.0102 72.0236 43.9721
      vertex 41.0102 72.0236 44.5221
    endloop
  endfacet
  facet normal 0.996189 -0.0872239 0
    outer loop
      vertex 41.0102 72.0236 43.9721
      vertex 40.995 71.85 44.5221
      vertex 40.995 71.85 43.9721
    endloop
  endfacet
  facet normal 0.996189 0.0872239 0
    outer loop
      vertex 41.0102 65.5264 44.5221
      vertex 40.995 65.7 43.9721
      vertex 40.995 65.7 44.5221
    endloop
  endfacet
  facet normal 0.996189 0.0872239 0
    outer loop
      vertex 40.995 65.7 43.9721
      vertex 41.0102 65.5264 44.5221
      vertex 41.0102 65.5264 43.9721
    endloop
  endfacet
  facet normal 0.965958 0.258698 0
    outer loop
      vertex 41.0553 65.358 44.5221
      vertex 41.0102 65.5264 43.9721
      vertex 41.0102 65.5264 44.5221
    endloop
  endfacet
  facet normal 0.965958 0.258698 0
    outer loop
      vertex 41.0102 65.5264 43.9721
      vertex 41.0553 65.358 44.5221
      vertex 41.0553 65.358 43.9721
    endloop
  endfacet
  facet normal 0.906256 0.422728 0
    outer loop
      vertex 41.129 65.2 44.5221
      vertex 41.0553 65.358 43.9721
      vertex 41.0553 65.358 44.5221
    endloop
  endfacet
  facet normal 0.906256 0.422728 0
    outer loop
      vertex 41.0553 65.358 43.9721
      vertex 41.129 65.2 44.5221
      vertex 41.129 65.2 43.9721
    endloop
  endfacet
  facet normal 0.819124 0.573616 0
    outer loop
      vertex 41.229 65.0572 44.5221
      vertex 41.129 65.2 43.9721
      vertex 41.129 65.2 44.5221
    endloop
  endfacet
  facet normal 0.819124 0.573616 0
    outer loop
      vertex 41.129 65.2 43.9721
      vertex 41.229 65.0572 44.5221
      vertex 41.229 65.0572 43.9721
    endloop
  endfacet
  facet normal 0.707107 0.707107 0
    outer loop
      vertex 41.3522 64.934 44.5221
      vertex 41.229 65.0572 43.9721
      vertex 41.229 65.0572 44.5221
    endloop
  endfacet
  facet normal 0.707107 0.707107 0
    outer loop
      vertex 41.229 65.0572 43.9721
      vertex 41.3522 64.934 44.5221
      vertex 41.3522 64.934 43.9721
    endloop
  endfacet
  facet normal 0.573616 0.819124 -0
    outer loop
      vertex 41.495 64.834 43.9721
      vertex 41.3522 64.934 44.5221
      vertex 41.495 64.834 44.5221
    endloop
  endfacet
  facet normal 0.573616 0.819124 0
    outer loop
      vertex 41.3522 64.934 44.5221
      vertex 41.495 64.834 43.9721
      vertex 41.3522 64.934 43.9721
    endloop
  endfacet
  facet normal 0.422728 0.906256 -0
    outer loop
      vertex 41.653 64.7603 43.9721
      vertex 41.495 64.834 44.5221
      vertex 41.653 64.7603 44.5221
    endloop
  endfacet
  facet normal 0.422728 0.906256 0
    outer loop
      vertex 41.495 64.834 44.5221
      vertex 41.653 64.7603 43.9721
      vertex 41.495 64.834 43.9721
    endloop
  endfacet
  facet normal 0.258698 0.965958 -0
    outer loop
      vertex 41.8214 64.7152 43.9721
      vertex 41.653 64.7603 44.5221
      vertex 41.8214 64.7152 44.5221
    endloop
  endfacet
  facet normal 0.258698 0.965958 0
    outer loop
      vertex 41.653 64.7603 44.5221
      vertex 41.8214 64.7152 43.9721
      vertex 41.653 64.7603 43.9721
    endloop
  endfacet
  facet normal 0.0872239 0.996189 -0
    outer loop
      vertex 41.995 64.7 43.9721
      vertex 41.8214 64.7152 44.5221
      vertex 41.995 64.7 44.5221
    endloop
  endfacet
  facet normal 0.0872239 0.996189 0
    outer loop
      vertex 41.8214 64.7152 44.5221
      vertex 41.995 64.7 43.9721
      vertex 41.8214 64.7152 43.9721
    endloop
  endfacet
  facet normal 1 -0 0
    outer loop
      vertex 40.995 65.7 44.5221
      vertex 40.995 71.85 43.9721
      vertex 40.995 71.85 44.5221
    endloop
  endfacet
  facet normal 1 0 0
    outer loop
      vertex 40.995 71.85 43.9721
      vertex 40.995 65.7 44.5221
      vertex 40.995 65.7 43.9721
    endloop
  endfacet
  facet normal -1 0 0
    outer loop
      vertex 25.865 83.7 47.2497
      vertex 25.865 82.4852 46.1244
      vertex 25.865 82.5 46.3121
    endloop
  endfacet
  facet normal -1 0 0
    outer loop
      vertex 25.865 83.7 47.2497
      vertex 25.865 82.4413 45.9413
      vertex 25.865 82.4852 46.1244
    endloop
  endfacet
  facet normal -1 0 0
    outer loop
      vertex 25.865 83.7 47.2497
      vertex 25.865 82.3692 45.7673
      vertex 25.865 82.4413 45.9413
    endloop
  endfacet
  facet normal -1 0 0
    outer loop
      vertex 25.865 83.7 47.2497
      vertex 25.865 82.2708 45.6068
      vertex 25.865 82.3692 45.7673
    endloop
  endfacet
  facet normal -1 0 -0
    outer loop
      vertex 25.865 82.2708 45.6068
      vertex 25.865 83.7 47.2497
      vertex 25.865 82.207 45.5264
    endloop
  endfacet
  facet normal -1 0 0
    outer loop
      vertex 25.865 83.7 47.2497
      vertex 25.865 84.2863 47.4149
      vertex 25.865 84.3 47.2497
    endloop
  endfacet
  facet normal -1 -0 0
    outer loop
      vertex 25.865 84.2863 47.4149
      vertex 25.865 83.7 47.2497
      vertex 25.865 84.2454 47.5755
    endloop
  endfacet
  facet normal -1 -0 0
    outer loop
      vertex 25.865 84.2454 47.5755
      vertex 25.865 83.7 47.2497
      vertex 25.865 84.1853 47.712
    endloop
  endfacet
  facet normal -1 0 0
    outer loop
      vertex 25.865 82.5 47.712
      vertex 25.865 83.7 47.2497
      vertex 25.865 82.5 46.3121
    endloop
  endfacet
  facet normal -1 0 0
    outer loop
      vertex 25.865 83.7 47.2497
      vertex 25.865 82.5 47.712
      vertex 25.865 84.1853 47.712
    endloop
  endfacet
  facet normal 0 1 -0
    outer loop
      vertex 17.365 80.67 42.9721
      vertex 15.765 80.67 45.1121
      vertex 17.365 80.67 45.1121
    endloop
  endfacet
  facet normal 0 1 0
    outer loop
      vertex 15.765 80.67 45.1121
      vertex 17.365 80.67 42.9721
      vertex 14.265 80.67 43.6121
    endloop
  endfacet
  facet normal 0 1 0
    outer loop
      vertex 14.265 80.67 43.6121
      vertex 17.365 80.67 42.9721
      vertex 14.265 80.67 42.9721
    endloop
  endfacet
  facet normal 0 0 1
    outer loop
      vertex 25.865 84.3 47.2497
      vertex 19.5026 83.7 47.2497
      vertex 25.865 83.7 47.2497
    endloop
  endfacet
  facet normal -0 0 1
    outer loop
      vertex 17.9026 84.3 47.2497
      vertex 19.5026 83.7 47.2497
      vertex 25.865 84.3 47.2497
    endloop
  endfacet
  facet normal 0 0 1
    outer loop
      vertex 19.5026 83.7 47.2497
      vertex 17.9026 84.3 47.2497
      vertex 17.9026 83.7 47.2497
    endloop
  endfacet
  facet normal -0.707107 0 0.707107
    outer loop
      vertex 17.3687 81.3941 45.1158
      vertex 17.365 83.7 45.1121
      vertex 17.365 81.3 45.1121
    endloop
  endfacet
  facet normal -0.707107 0 0.707107
    outer loop
      vertex 17.3687 81.3941 45.1158
      vertex 17.3798 81.4877 45.1269
      vertex 17.365 83.7 45.1121
    endloop
  endfacet
  facet normal -0.707107 0 0.707107
    outer loop
      vertex 17.3798 81.4877 45.1269
      vertex 17.3982 81.5801 45.1453
      vertex 17.365 83.7 45.1121
    endloop
  endfacet
  facet normal -0.707107 4.73615e-05 0.707107
    outer loop
      vertex 17.7792 82.207 45.5264
      vertex 19.5026 83.7 47.2497
      vertex 17.365 83.7 45.1121
    endloop
  endfacet
  facet normal -0.707572 -0.000210778 0.706641
    outer loop
      vertex 17.7165 82.1485 45.4636
      vertex 17.7792 82.207 45.5264
      vertex 17.365 83.7 45.1121
    endloop
  endfacet
  facet normal -0.708416 -4.106e-05 0.705795
    outer loop
      vertex 17.3982 81.5801 45.1453
      vertex 17.4237 81.6708 45.1709
      vertex 17.365 83.7 45.1121
    endloop
  endfacet
  facet normal -0.707151 3.231e-05 0.707063
    outer loop
      vertex 17.4237 81.6708 45.1709
      vertex 17.4563 81.7592 45.2035
      vertex 17.365 83.7 45.1121
    endloop
  endfacet
  facet normal -0.706329 0.000109605 0.707884
    outer loop
      vertex 17.4563 81.7592 45.2035
      vertex 17.4958 81.8448 45.2429
      vertex 17.365 83.7 45.1121
    endloop
  endfacet
  facet normal -0.707788 -9.61592e-05 0.706425
    outer loop
      vertex 17.4958 81.8448 45.2429
      vertex 17.5418 81.927 45.289
      vertex 17.365 83.7 45.1121
    endloop
  endfacet
  facet normal -0.706545 0.000151943 0.707668
    outer loop
      vertex 17.5418 81.927 45.289
      vertex 17.5942 82.0053 45.3413
      vertex 17.365 83.7 45.1121
    endloop
  endfacet
  facet normal -0.707107 -3.67863e-15 0.707107
    outer loop
      vertex 17.5942 82.0053 45.3413
      vertex 17.7165 82.1485 45.4636
      vertex 17.365 83.7 45.1121
    endloop
  endfacet
  facet normal -1 0 0
    outer loop
      vertex 17.365 83.7 42.9721
      vertex 17.365 81.3 45.1121
      vertex 17.365 83.7 45.1121
    endloop
  endfacet
  facet normal -1 0 0
    outer loop
      vertex 17.365 80.67 42.9721
      vertex 17.365 81.3 45.1121
      vertex 17.365 83.7 42.9721
    endloop
  endfacet
  facet normal -1 -0 0
    outer loop
      vertex 17.365 81.3 45.1121
      vertex 17.365 80.67 42.9721
      vertex 17.365 80.67 45.1121
    endloop
  endfacet
  facet normal -0.707107 0 0.707107
    outer loop
      vertex 15.6503 84.3 44.9974
      vertex 14.265 83.8879 43.6121
      vertex 14.265 83.7 43.6121
    endloop
  endfacet
  facet normal -0.707107 -1.72651e-15 0.707107
    outer loop
      vertex 17.9026 83.7 47.2497
      vertex 15.6503 84.3 44.9974
      vertex 14.265 83.7 43.6121
    endloop
  endfacet
  facet normal -0.707107 0 0.707107
    outer loop
      vertex 17.9026 83.7 47.2497
      vertex 17.9026 84.3 47.2497
      vertex 15.6503 84.3 44.9974
    endloop
  endfacet
  facet normal -0.707107 0 0.707107
    outer loop
      vertex 14.265 80.07 43.6121
      vertex 15.765 80.67 45.1121
      vertex 14.265 80.67 43.6121
    endloop
  endfacet
  facet normal -0.707107 0 0.707107
    outer loop
      vertex 15.765 80.67 45.1121
      vertex 14.265 80.07 43.6121
      vertex 15.765 80.07 45.1121
    endloop
  endfacet
  facet normal 1 -0 0
    outer loop
      vertex 63.165 83.2284 44.374
      vertex 63.165 83.5 43.6721
      vertex 63.165 83.5981 44.7438
    endloop
  endfacet
  facet normal 1 -0 0
    outer loop
      vertex 63.165 82.8 44.0741
      vertex 63.165 83.5 43.6721
      vertex 63.165 83.2284 44.374
    endloop
  endfacet
  facet normal 1 -0 0
    outer loop
      vertex 63.165 82.3261 43.8531
      vertex 63.165 83.5 43.6721
      vertex 63.165 82.8 44.0741
    endloop
  endfacet
  facet normal 1 -0 0
    outer loop
      vertex 63.165 81.8209 43.7177
      vertex 63.165 83.5 43.6721
      vertex 63.165 82.3261 43.8531
    endloop
  endfacet
  facet normal 1 0 0
    outer loop
      vertex 63.165 83.5 43.6721
      vertex 63.165 81.8209 43.7177
      vertex 63.165 81.3 43.6721
    endloop
  endfacet
  facet normal 1 -0 0
    outer loop
      vertex 63.165 84.2544 46.1512
      vertex 63.165 84.3 41.1221
      vertex 63.165 84.3 46.6721
    endloop
  endfacet
  facet normal 1 -0 0
    outer loop
      vertex 63.165 84.1191 45.6461
      vertex 63.165 84.3 41.1221
      vertex 63.165 84.2544 46.1512
    endloop
  endfacet
  facet normal 1 -0 0
    outer loop
      vertex 63.165 83.8981 45.1721
      vertex 63.165 84.3 41.1221
      vertex 63.165 84.1191 45.6461
    endloop
  endfacet
  facet normal 1 0 0
    outer loop
      vertex 63.165 83.5 43.6721
      vertex 63.165 83.8981 45.1721
      vertex 63.165 83.5981 44.7438
    endloop
  endfacet
  facet normal 1 0 0
    outer loop
      vertex 63.165 83.8981 45.1721
      vertex 63.165 83.5 43.6721
      vertex 63.165 84.3 41.1221
    endloop
  endfacet
  facet normal 1 0 0
    outer loop
      vertex 63.165 84.3 41.1221
      vertex 63.165 83.5 43.6721
      vertex 63.165 83.5 41.1221
    endloop
  endfacet
  facet normal 0 0 1
    outer loop
      vertex 26.565 81.3 45.1121
      vertex 25.865 80.07 45.1121
      vertex 26.565 77.55 45.1121
    endloop
  endfacet
  facet normal -0 0 1
    outer loop
      vertex 17.365 81.3 45.1121
      vertex 25.865 80.07 45.1121
      vertex 26.565 81.3 45.1121
    endloop
  endfacet
  facet normal -0 0 1
    outer loop
      vertex 17.365 80.67 45.1121
      vertex 25.865 80.07 45.1121
      vertex 17.365 81.3 45.1121
    endloop
  endfacet
  facet normal 0 0 1
    outer loop
      vertex 15.765 80.07 45.1121
      vertex 17.365 80.67 45.1121
      vertex 15.765 80.67 45.1121
    endloop
  endfacet
  facet normal 0 0 1
    outer loop
      vertex 17.365 80.67 45.1121
      vertex 15.765 80.07 45.1121
      vertex 25.865 80.07 45.1121
    endloop
  endfacet
  facet normal 0 0 1
    outer loop
      vertex 26.565 77.55 45.1121
      vertex 25.865 80.07 45.1121
      vertex 25.865 77.55 45.1121
    endloop
  endfacet
  facet normal -0 0.0874753 0.996167
    outer loop
      vertex 25.865 77.55 45.1121
      vertex 26.565 77.3416 45.1304
      vertex 26.565 77.55 45.1121
    endloop
  endfacet
  facet normal 0 0.0874753 0.996167
    outer loop
      vertex 26.565 77.3416 45.1304
      vertex 25.865 77.55 45.1121
      vertex 25.865 77.3416 45.1304
    endloop
  endfacet
  facet normal -0 0.258704 0.965957
    outer loop
      vertex 25.865 77.3416 45.1304
      vertex 26.565 77.1396 45.1845
      vertex 26.565 77.3416 45.1304
    endloop
  endfacet
  facet normal 0 0.258704 0.965957
    outer loop
      vertex 26.565 77.1396 45.1845
      vertex 25.865 77.3416 45.1304
      vertex 25.865 77.1396 45.1845
    endloop
  endfacet
  facet normal -0 0.422571 0.90633
    outer loop
      vertex 25.865 77.1396 45.1845
      vertex 26.565 76.95 45.2729
      vertex 26.565 77.1396 45.1845
    endloop
  endfacet
  facet normal 0 0.422571 0.90633
    outer loop
      vertex 26.565 76.95 45.2729
      vertex 25.865 77.1396 45.1845
      vertex 25.865 76.95 45.2729
    endloop
  endfacet
  facet normal -0 0.573751 0.81903
    outer loop
      vertex 25.865 76.95 45.2729
      vertex 26.565 76.7787 45.3929
      vertex 26.565 76.95 45.2729
    endloop
  endfacet
  facet normal 0 0.573751 0.81903
    outer loop
      vertex 26.565 76.7787 45.3929
      vertex 25.865 76.95 45.2729
      vertex 25.865 76.7787 45.3929
    endloop
  endfacet
  facet normal -0 0.706868 0.707346
    outer loop
      vertex 25.865 76.7787 45.3929
      vertex 26.565 76.6307 45.5408
      vertex 26.565 76.7787 45.3929
    endloop
  endfacet
  facet normal 0 0.706868 0.707346
    outer loop
      vertex 26.565 76.6307 45.5408
      vertex 25.865 76.7787 45.3929
      vertex 25.865 76.6307 45.5408
    endloop
  endfacet
  facet normal 0 0.819254 0.57343
    outer loop
      vertex 26.565 76.6307 45.5408
      vertex 25.865 76.5108 45.7121
      vertex 26.565 76.5108 45.7121
    endloop
  endfacet
  facet normal 0 0.819254 0.57343
    outer loop
      vertex 25.865 76.5108 45.7121
      vertex 26.565 76.6307 45.5408
      vertex 25.865 76.6307 45.5408
    endloop
  endfacet
  facet normal 0 0.90633 0.422571
    outer loop
      vertex 26.565 76.5108 45.7121
      vertex 25.865 76.4224 45.9017
      vertex 26.565 76.4224 45.9017
    endloop
  endfacet
  facet normal 0 0.90633 0.422571
    outer loop
      vertex 25.865 76.4224 45.9017
      vertex 26.565 76.5108 45.7121
      vertex 25.865 76.5108 45.7121
    endloop
  endfacet
  facet normal 0 0.965869 0.259031
    outer loop
      vertex 26.565 76.4224 45.9017
      vertex 25.865 76.3682 46.1038
      vertex 26.565 76.3682 46.1038
    endloop
  endfacet
  facet normal 0 0.965869 0.259031
    outer loop
      vertex 25.865 76.3682 46.1038
      vertex 26.565 76.4224 45.9017
      vertex 25.865 76.4224 45.9017
    endloop
  endfacet
  facet normal 0 0.996205 0.0870424
    outer loop
      vertex 26.565 76.3682 46.1038
      vertex 25.865 76.35 46.3121
      vertex 26.565 76.35 46.3121
    endloop
  endfacet
  facet normal 0 0.996205 0.0870424
    outer loop
      vertex 25.865 76.35 46.3121
      vertex 26.565 76.3682 46.1038
      vertex 25.865 76.3682 46.1038
    endloop
  endfacet
  facet normal 0 1 -0
    outer loop
      vertex 26.565 76.35 46.3121
      vertex 25.865 76.35 47.712
      vertex 26.565 76.35 47.712
    endloop
  endfacet
  facet normal 0 1 0
    outer loop
      vertex 25.865 76.35 47.712
      vertex 26.565 76.35 46.3121
      vertex 25.865 76.35 46.3121
    endloop
  endfacet
  facet normal 0 -1 0
    outer loop
      vertex 89.35 57.7 41.4621
      vertex 91.3 57.7 43.6721
      vertex 89.35 57.7 43.6721
    endloop
  endfacet
  facet normal 0 -1 0
    outer loop
      vertex 91.3 57.7 40.9221
      vertex 89.35 57.7 41.4621
      vertex 89.35 57.7 40.9221
    endloop
  endfacet
  facet normal 0 -1 0
    outer loop
      vertex 89.35 57.7 41.4621
      vertex 91.3 57.7 40.9221
      vertex 91.3 57.7 43.6721
    endloop
  endfacet
  facet normal 0 -1 0
    outer loop
      vertex 89.35 57.7 43.6721
      vertex 87.5 57.7 44.4721
      vertex 87.5 57.7 43.6721
    endloop
  endfacet
  facet normal 0 -1 0
    outer loop
      vertex 91.3 57.7 43.6721
      vertex 87.5 57.7 44.4721
      vertex 89.35 57.7 43.6721
    endloop
  endfacet
  facet normal 0 -1 0
    outer loop
      vertex 87.5 57.7 44.4721
      vertex 91.3 57.7 43.6721
      vertex 93.2082 57.7 44.4721
    endloop
  endfacet
  facet normal 0 -1 -0
    outer loop
      vertex 93.2082 57.7 44.4721
      vertex 91.3 57.7 43.6721
      vertex 93.2082 57.7 43.6721
    endloop
  endfacet
  facet normal 0 -1 0
    outer loop
      vertex 68.265 57.7 45.622
      vertex 72.6 57.7 47.712
      vertex 68.265 57.7 47.712
    endloop
  endfacet
  facet normal 0 -1 -0
    outer loop
      vertex 72.6 57.7 47.712
      vertex 68.265 57.7 45.622
      vertex 76 57.7 46.712
    endloop
  endfacet
  facet normal 0 -1 0
    outer loop
      vertex 79.065 57.7 45.622
      vertex 76 57.7 46.712
      vertex 68.265 57.7 45.622
    endloop
  endfacet
  facet normal 0 -1 0
    outer loop
      vertex 76 57.7 46.712
      vertex 79.065 57.7 45.622
      vertex 79.065 57.7 46.712
    endloop
  endfacet
  facet normal 0 -1 0
    outer loop
      vertex 72.6 57.7 49.7121
      vertex 76 57.7 49.712
      vertex 79.065 57.7 49.7121
    endloop
  endfacet
  facet normal 0 -1 0
    outer loop
      vertex 72.6 57.7 47.712
      vertex 76 57.7 49.712
      vertex 72.6 57.7 49.7121
    endloop
  endfacet
  facet normal 0 -1 -0
    outer loop
      vertex 76 57.7 49.712
      vertex 72.6 57.7 47.712
      vertex 76 57.7 46.712
    endloop
  endfacet
  facet normal 0 -1 -0
    outer loop
      vertex 79.065 57.7 49.7121
      vertex 76 57.7 49.712
      vertex 79.065 57.7 49.712
    endloop
  endfacet
  facet normal 0.0156403 0.629058 0.777201
    outer loop
      vertex 79.065 83.0339 48.8593
      vertex 79.065 83.5984 48.4024
      vertex 78.365 83.45 48.5366
    endloop
  endfacet
  facet normal 0 0.612836 0.79021
    outer loop
      vertex 79.065 83.0339 48.8593
      vertex 78.365 83.45 48.5366
      vertex 78.365 83.0339 48.8593
    endloop
  endfacet
  facet normal -0 0.504847 0.863209
    outer loop
      vertex 78.365 83.0339 48.8593
      vertex 79.065 82.4069 49.226
      vertex 79.065 83.0339 48.8593
    endloop
  endfacet
  facet normal 0 0.504847 0.863209
    outer loop
      vertex 79.065 82.4069 49.226
      vertex 78.365 83.0339 48.8593
      vertex 78.365 82.4069 49.226
    endloop
  endfacet
  facet normal -0 0.368908 0.929466
    outer loop
      vertex 78.365 82.4069 49.226
      vertex 79.065 82 49.3875
      vertex 79.065 82.4069 49.226
    endloop
  endfacet
  facet normal 0 0.368908 0.929466
    outer loop
      vertex 79.065 82 49.3875
      vertex 78.365 82.4069 49.226
      vertex 78.365 82 49.3875
    endloop
  endfacet
  facet normal -0 0.05547 0.99846
    outer loop
      vertex 78.365 80.3018 49.712
      vertex 79.065 80.3 49.7121
      vertex 79.065 80.3018 49.712
    endloop
  endfacet
  facet normal 0 0.05547 0.99846
    outer loop
      vertex 79.065 80.3 49.7121
      vertex 78.365 80.3018 49.712
      vertex 78.365 80.3 49.7121
    endloop
  endfacet
  facet normal -0 0.67073 0.741702
    outer loop
      vertex 72.6 83.5984 48.4024
      vertex 78.365 83.45 48.5366
      vertex 79.065 83.5984 48.4024
    endloop
  endfacet
  facet normal 0 0.67073 0.741702
    outer loop
      vertex 78.365 83.45 48.5366
      vertex 72.6 83.5984 48.4024
      vertex 72.6 83.45 48.5366
    endloop
  endfacet
  facet normal 0 0.738986 0.673721
    outer loop
      vertex 79.065 84.0877 47.8657
      vertex 72.6 83.5984 48.4024
      vertex 79.065 83.5984 48.4024
    endloop
  endfacet
  facet normal 0 0.738986 0.673721
    outer loop
      vertex 72.6 83.5984 48.4024
      vertex 79.065 84.0877 47.8657
      vertex 72.6 84.0877 47.8657
    endloop
  endfacet
  facet normal 0 0.835745 0.549118
    outer loop
      vertex 79.065 84.1787 47.7272
      vertex 72.6 84.0877 47.8657
      vertex 79.065 84.0877 47.8657
    endloop
  endfacet
  facet normal 0 0.835745 0.549118
    outer loop
      vertex 72.6 84.0877 47.8657
      vertex 79.065 84.1787 47.7272
      vertex 72.6 84.1787 47.7272
    endloop
  endfacet
  facet normal 0 0.917262 0.398285
    outer loop
      vertex 79.065 84.1787 47.7272
      vertex 72.6 84.1853 47.712
      vertex 72.6 84.1787 47.7272
    endloop
  endfacet
  facet normal -1.17795e-05 0.915422 0.402496
    outer loop
      vertex 79.065 84.2454 47.5755
      vertex 72.6 84.1853 47.712
      vertex 79.065 84.1787 47.7272
    endloop
  endfacet
  facet normal -0 0.915216 0.402963
    outer loop
      vertex 25.865 84.2454 47.5755
      vertex 72.6 84.1853 47.712
      vertex 79.065 84.2454 47.5755
    endloop
  endfacet
  facet normal 0 0.915216 0.402963
    outer loop
      vertex 72.6 84.1853 47.712
      vertex 25.865 84.2454 47.5755
      vertex 25.865 84.1853 47.712
    endloop
  endfacet
  facet normal 0 0.969068 0.246793
    outer loop
      vertex 79.065 84.2863 47.4149
      vertex 25.865 84.2454 47.5755
      vertex 79.065 84.2454 47.5755
    endloop
  endfacet
  facet normal 0 0.969068 0.246793
    outer loop
      vertex 25.865 84.2454 47.5755
      vertex 79.065 84.2863 47.4149
      vertex 25.865 84.2863 47.4149
    endloop
  endfacet
  facet normal 0 0.996579 0.0826461
    outer loop
      vertex 79.065 84.3 47.2497
      vertex 25.865 84.2863 47.4149
      vertex 79.065 84.2863 47.4149
    endloop
  endfacet
  facet normal 0 0.996579 0.0826461
    outer loop
      vertex 25.865 84.2863 47.4149
      vertex 79.065 84.3 47.2497
      vertex 25.865 84.3 47.2497
    endloop
  endfacet
  facet normal 1 -0 0
    outer loop
      vertex 79.065 57.7 46.712
      vertex 79.065 81.05 45.622
      vertex 79.065 82 46.712
    endloop
  endfacet
  facet normal 1 0 0
    outer loop
      vertex 79.065 81.05 45.622
      vertex 79.065 57.7 46.712
      vertex 79.065 57.7 45.622
    endloop
  endfacet
  facet normal 1 0 0
    outer loop
      vertex 79.065 84.0877 47.8657
      vertex 79.065 84.3 47.2497
      vertex 79.065 84.2863 47.4149
    endloop
  endfacet
  facet normal 1 0 0
    outer loop
      vertex 79.065 84.0877 47.8657
      vertex 79.065 84.2863 47.4149
      vertex 79.065 84.2454 47.5755
    endloop
  endfacet
  facet normal 1 0 0
    outer loop
      vertex 79.065 84.0877 47.8657
      vertex 79.065 84.2454 47.5755
      vertex 79.065 84.1787 47.7272
    endloop
  endfacet
  facet normal 1 0 0
    outer loop
      vertex 79.065 84.3 47.2497
      vertex 79.065 84.0877 47.8657
      vertex 79.065 82 46.712
    endloop
  endfacet
  facet normal 1 0 0
    outer loop
      vertex 79.065 82 46.712
      vertex 79.065 84.0877 47.8657
      vertex 79.065 83.5984 48.4024
    endloop
  endfacet
  facet normal 1 0 0
    outer loop
      vertex 79.065 82 46.712
      vertex 79.065 83.5984 48.4024
      vertex 79.065 83.0339 48.8593
    endloop
  endfacet
  facet normal 1 0 0
    outer loop
      vertex 79.065 82 46.712
      vertex 79.065 83.0339 48.8593
      vertex 79.065 82.4069 49.226
    endloop
  endfacet
  facet normal 1 0 0
    outer loop
      vertex 79.065 82 46.712
      vertex 79.065 82.4069 49.226
      vertex 79.065 82 49.3875
    endloop
  endfacet
  facet normal 1 0 0
    outer loop
      vertex 79.065 84.3 47.2497
      vertex 79.065 82 46.712
      vertex 79.065 84.3 43.6721
    endloop
  endfacet
  facet normal 1 -0 0
    outer loop
      vertex 79.065 81.05 45.622
      vertex 79.065 84.3 43.6721
      vertex 79.065 82 46.712
    endloop
  endfacet
  facet normal 1 0 0
    outer loop
      vertex 79.065 84.3 43.6721
      vertex 79.065 81.05 45.622
      vertex 79.065 81.05 43.6721
    endloop
  endfacet
  facet normal 1 0 0
    outer loop
      vertex 79.065 57.7 49.712
      vertex 79.065 80.3 49.7121
      vertex 79.065 57.7 49.7121
    endloop
  endfacet
  facet normal 1 0 0
    outer loop
      vertex 79.065 80.3 49.7121
      vertex 79.065 57.7 49.712
      vertex 79.065 80.3018 49.712
    endloop
  endfacet
  facet normal 0 -1 0
    outer loop
      vertex 15.765 80.07 45.1121
      vertex 19.265 80.07 43.6721
      vertex 25.865 80.07 45.1121
    endloop
  endfacet
  facet normal 0 -1 0
    outer loop
      vertex 17.765 80.07 42.1721
      vertex 15.765 80.07 45.1121
      vertex 14.265 80.07 43.6121
    endloop
  endfacet
  facet normal 0 -1 0
    outer loop
      vertex 15.765 80.07 45.1121
      vertex 17.765 80.07 42.1721
      vertex 19.265 80.07 43.6721
    endloop
  endfacet
  facet normal 0 -1 0
    outer loop
      vertex 14.265 80.07 42.0621
      vertex 17.765 80.07 42.1721
      vertex 14.265 80.07 43.6121
    endloop
  endfacet
  facet normal 0 -1 -0
    outer loop
      vertex 17.765 80.07 42.1721
      vertex 14.265 80.07 42.0621
      vertex 17.765 80.07 42.0621
    endloop
  endfacet
  facet normal 0 -1 -0
    outer loop
      vertex 25.865 80.07 45.1121
      vertex 19.265 80.07 43.6721
      vertex 25.865 80.07 43.6721
    endloop
  endfacet
  facet normal -1 0 0
    outer loop
      vertex 25.865 80.07 43.6721
      vertex 25.865 77.55 45.1121
      vertex 25.865 80.07 45.1121
    endloop
  endfacet
  facet normal -1 0 0
    outer loop
      vertex 25.865 80.07 43.6721
      vertex 25.865 77.3416 45.1304
      vertex 25.865 77.55 45.1121
    endloop
  endfacet
  facet normal -1 0 0
    outer loop
      vertex 25.865 80.07 43.6721
      vertex 25.865 77.1396 45.1845
      vertex 25.865 77.3416 45.1304
    endloop
  endfacet
  facet normal -1 0 0
    outer loop
      vertex 25.865 64.7 43.6721
      vertex 25.865 77.1396 45.1845
      vertex 25.865 80.07 43.6721
    endloop
  endfacet
  facet normal -1 -0 0
    outer loop
      vertex 25.865 77.1396 45.1845
      vertex 25.865 64.7 43.6721
      vertex 25.865 76.95 45.2729
    endloop
  endfacet
  facet normal -1 0 0
    outer loop
      vertex 25.865 64.7 43.6721
      vertex 25.865 76.7787 45.3929
      vertex 25.865 76.95 45.2729
    endloop
  endfacet
  facet normal -1 0 0
    outer loop
      vertex 25.865 64.7 43.6721
      vertex 25.865 76.6307 45.5408
      vertex 25.865 76.7787 45.3929
    endloop
  endfacet
  facet normal -1 0 0
    outer loop
      vertex 25.865 64.7 43.6721
      vertex 25.865 76.5108 45.7121
      vertex 25.865 76.6307 45.5408
    endloop
  endfacet
  facet normal -1 0 0
    outer loop
      vertex 25.865 64.7 43.6721
      vertex 25.865 76.4224 45.9017
      vertex 25.865 76.5108 45.7121
    endloop
  endfacet
  facet normal -1 0 0
    outer loop
      vertex 25.865 64.7 43.6721
      vertex 25.865 76.3682 46.1038
      vertex 25.865 76.4224 45.9017
    endloop
  endfacet
  facet normal -1 0 0
    outer loop
      vertex 25.865 64.7 46.0121
      vertex 25.865 76.3682 46.1038
      vertex 25.865 64.7 43.6721
    endloop
  endfacet
  facet normal -1 -0 0
    outer loop
      vertex 25.865 76.3682 46.1038
      vertex 25.865 64.7 46.0121
      vertex 25.865 76.35 46.3121
    endloop
  endfacet
  facet normal -1 -0 0
    outer loop
      vertex 25.865 76.35 46.3121
      vertex 25.865 64.7 46.0121
      vertex 25.865 76.35 47.712
    endloop
  endfacet
  facet normal -1 0 0
    outer loop
      vertex 25.865 59.95 47.712
      vertex 25.865 64.7 46.0121
      vertex 25.865 59.95 46.0121
    endloop
  endfacet
  facet normal -1 0 0
    outer loop
      vertex 25.865 64.7 46.0121
      vertex 25.865 59.95 47.712
      vertex 25.865 76.35 47.712
    endloop
  endfacet
  facet normal -1 0 0
    outer loop
      vertex 76.065 84.3 43.6721
      vertex 76.065 84.2544 46.1512
      vertex 76.065 84.3 46.6721
    endloop
  endfacet
  facet normal -1 0 0
    outer loop
      vertex 76.065 84.3 43.6721
      vertex 76.065 84.1191 45.6461
      vertex 76.065 84.2544 46.1512
    endloop
  endfacet
  facet normal -1 0 0
    outer loop
      vertex 76.065 84.3 43.6721
      vertex 76.065 83.8981 45.1721
      vertex 76.065 84.1191 45.6461
    endloop
  endfacet
  facet normal -1 0 0
    outer loop
      vertex 76.065 84.3 43.6721
      vertex 76.065 83.5981 44.7438
      vertex 76.065 83.8981 45.1721
    endloop
  endfacet
  facet normal -1 0 0
    outer loop
      vertex 76.065 84.3 43.6721
      vertex 76.065 83.2284 44.374
      vertex 76.065 83.5981 44.7438
    endloop
  endfacet
  facet normal -1 0 0
    outer loop
      vertex 76.065 84.3 43.6721
      vertex 76.065 82.8 44.0741
      vertex 76.065 83.2284 44.374
    endloop
  endfacet
  facet normal -1 0 0
    outer loop
      vertex 76.065 84.3 43.6721
      vertex 76.065 82.3261 43.8531
      vertex 76.065 82.8 44.0741
    endloop
  endfacet
  facet normal -1 0 0
    outer loop
      vertex 76.065 84.3 43.6721
      vertex 76.065 81.8209 43.7177
      vertex 76.065 82.3261 43.8531
    endloop
  endfacet
  facet normal -1 0 -0
    outer loop
      vertex 76.065 81.8209 43.7177
      vertex 76.065 84.3 43.6721
      vertex 76.065 81.3 43.6721
    endloop
  endfacet
  facet normal -0.285132 0.958488 0
    outer loop
      vertex 15.6503 84.3 42.0621
      vertex 14.265 83.8879 43.6121
      vertex 15.6503 84.3 44.9974
    endloop
  endfacet
  facet normal -0.285132 0.958488 0
    outer loop
      vertex 14.265 83.8879 43.6121
      vertex 15.6503 84.3 42.0621
      vertex 14.265 83.8879 42.0621
    endloop
  endfacet
  facet normal 0 -1 -0
    outer loop
      vertex 17.9026 83.7 47.2497
      vertex 17.365 83.7 45.1121
      vertex 19.5026 83.7 47.2497
    endloop
  endfacet
  facet normal 0 -1 0
    outer loop
      vertex 14.265 83.7 43.6121
      vertex 17.365 83.7 45.1121
      vertex 17.9026 83.7 47.2497
    endloop
  endfacet
  facet normal 0 -1 0
    outer loop
      vertex 17.365 83.7 42.9721
      vertex 14.265 83.7 43.6121
      vertex 14.265 83.7 42.9721
    endloop
  endfacet
  facet normal 0 -1 0
    outer loop
      vertex 14.265 83.7 43.6121
      vertex 17.365 83.7 42.9721
      vertex 17.365 83.7 45.1121
    endloop
  endfacet
  facet normal 0 0 -1
    outer loop
      vertex 99.1 65.8 45.3421
      vertex 100.3 65.8 45.3421
      vertex 100.3 58.7 45.3421
    endloop
  endfacet
  facet normal 0 0 -1
    outer loop
      vertex 98.9521 68.1785 45.3421
      vertex 100.3 65.8 45.3421
      vertex 99.1 65.8 45.3421
    endloop
  endfacet
  facet normal 0 0 -1
    outer loop
      vertex 99.1 65.8 45.3421
      vertex 100.3 58.7 45.3421
      vertex 99.1 58.7 45.3421
    endloop
  endfacet
  facet normal 0 0 -1
    outer loop
      vertex 100.3 65.8 45.3421
      vertex 98.9521 68.1785 45.3421
      vertex 100.138 68.3676 45.3421
    endloop
  endfacet
  facet normal 0 0 -1
    outer loop
      vertex 98.5107 70.5203 45.3421
      vertex 100.138 68.3676 45.3421
      vertex 98.9521 68.1785 45.3421
    endloop
  endfacet
  facet normal 0 0 -1
    outer loop
      vertex 100.138 68.3676 45.3421
      vertex 98.5107 70.5203 45.3421
      vertex 99.6537 70.8944 45.3421
    endloop
  endfacet
  facet normal 0 0 -1
    outer loop
      vertex 97.7826 72.7895 45.3421
      vertex 99.6537 70.8944 45.3421
      vertex 98.5107 70.5203 45.3421
    endloop
  endfacet
  facet normal 0 0 -1
    outer loop
      vertex 99.6537 70.8944 45.3421
      vertex 97.7826 72.7895 45.3421
      vertex 98.8554 73.3402 45.3421
    endloop
  endfacet
  facet normal 0 0 -1
    outer loop
      vertex 96.779 74.9509 45.3421
      vertex 98.8554 73.3402 45.3421
      vertex 97.7826 72.7895 45.3421
    endloop
  endfacet
  facet normal 0 0 -1
    outer loop
      vertex 98.8554 73.3402 45.3421
      vertex 96.779 74.9509 45.3421
      vertex 97.7556 75.666 45.3421
    endloop
  endfacet
  facet normal 0 0 -1
    outer loop
      vertex 95.5154 76.9714 45.3421
      vertex 97.7556 75.666 45.3421
      vertex 96.779 74.9509 45.3421
    endloop
  endfacet
  facet normal 0 0 -1
    outer loop
      vertex 97.7556 75.666 45.3421
      vertex 95.5154 76.9714 45.3421
      vertex 96.3718 77.8349 45.3421
    endloop
  endfacet
  facet normal 0 0 -1
    outer loop
      vertex 94.0112 78.8198 45.3421
      vertex 96.3718 77.8349 45.3421
      vertex 95.5154 76.9714 45.3421
    endloop
  endfacet
  facet normal 0 0 -1
    outer loop
      vertex 96.3718 77.8349 45.3421
      vertex 94.0112 78.8198 45.3421
      vertex 94.726 79.8124 45.3421
    endloop
  endfacet
  facet normal 0 0 -1
    outer loop
      vertex 92.2896 80.4676 45.3421
      vertex 94.726 79.8124 45.3421
      vertex 94.0112 78.8198 45.3421
    endloop
  endfacet
  facet normal 0 0 -1
    outer loop
      vertex 94.726 79.8124 45.3421
      vertex 92.2896 80.4676 45.3421
      vertex 92.8445 81.5671 45.3421
    endloop
  endfacet
  facet normal 0 0 -1
    outer loop
      vertex 90.3772 81.8894 45.3421
      vertex 92.8445 81.5671 45.3421
      vertex 92.2896 80.4676 45.3421
    endloop
  endfacet
  facet normal 0 0 -1
    outer loop
      vertex 92.8445 81.5671 45.3421
      vertex 90.3772 81.8894 45.3421
      vertex 90.757 83.0709 45.3421
    endloop
  endfacet
  facet normal 0 0 -1
    outer loop
      vertex 88.3033 83.0634 45.3421
      vertex 90.757 83.0709 45.3421
      vertex 90.3772 81.8894 45.3421
    endloop
  endfacet
  facet normal -0 0 -1
    outer loop
      vertex 90.757 83.0709 45.3421
      vertex 88.3033 83.0634 45.3421
      vertex 88.4969 84.3001 45.3421
    endloop
  endfacet
  facet normal 0 0 -1
    outer loop
      vertex 86.1 83.9714 45.3421
      vertex 88.4969 84.3001 45.3421
      vertex 88.3033 83.0634 45.3421
    endloop
  endfacet
  facet normal -0 0 -1
    outer loop
      vertex 88.4969 84.3001 45.3421
      vertex 86.1 83.9714 45.3421
      vertex 86.1 85.235 45.3421
    endloop
  endfacet
  facet normal 0.999492 0.0318557 0
    outer loop
      vertex 100.3 65.8 45.3721
      vertex 100.3 65.8 45.3421
      vertex 100.259 67.0864 45.3721
    endloop
  endfacet
  facet normal 0.598002 0.0377303 -0.800606
    outer loop
      vertex 100.259 67.0864 45.3721
      vertex 100.3 65.8 45.3421
      vertex 100.138 68.3676 45.3421
    endloop
  endfacet
  facet normal 0.99557 0.0940243 0
    outer loop
      vertex 100.138 68.3676 45.3721
      vertex 100.259 67.0864 45.3721
      vertex 100.138 68.3676 45.3421
    endloop
  endfacet
  facet normal 0.987559 0.157251 0
    outer loop
      vertex 100.138 68.3676 45.3721
      vertex 100.138 68.3676 45.3421
      vertex 99.9356 69.6387 45.3721
    endloop
  endfacet
  facet normal 0.584691 0.112065 -0.803479
    outer loop
      vertex 99.9356 69.6387 45.3721
      vertex 100.138 68.3676 45.3421
      vertex 99.6537 70.8944 45.3421
    endloop
  endfacet
  facet normal 0.975715 0.219044 0
    outer loop
      vertex 99.6537 70.8944 45.3721
      vertex 99.9356 69.6387 45.3721
      vertex 99.6537 70.8944 45.3421
    endloop
  endfacet
  facet normal 0.959949 0.280176 0
    outer loop
      vertex 99.6537 70.8944 45.3721
      vertex 99.6537 70.8944 45.3421
      vertex 99.2931 72.1299 45.3721
    endloop
  endfacet
  facet normal 0.565336 0.184524 -0.803957
    outer loop
      vertex 99.2931 72.1299 45.3721
      vertex 99.6537 70.8944 45.3421
      vertex 98.8554 73.3402 45.3421
    endloop
  endfacet
  facet normal 0.940393 0.340089 0
    outer loop
      vertex 98.8554 73.3402 45.3721
      vertex 99.2931 72.1299 45.3721
      vertex 98.8554 73.3402 45.3421
    endloop
  endfacet
  facet normal 0.917063 0.398743 0
    outer loop
      vertex 98.8554 73.3402 45.3721
      vertex 98.8554 73.3402 45.3421
      vertex 98.3422 74.5205 45.3721
    endloop
  endfacet
  facet normal 0.537106 0.253981 -0.804369
    outer loop
      vertex 98.3422 74.5205 45.3721
      vertex 98.8554 73.3402 45.3421
      vertex 97.7556 75.666 45.3421
    endloop
  endfacet
  facet normal 0.890081 0.455802 0
    outer loop
      vertex 97.7556 75.666 45.3721
      vertex 98.3422 74.5205 45.3721
      vertex 97.7556 75.666 45.3421
    endloop
  endfacet
  facet normal 0.85957 0.511018 0
    outer loop
      vertex 97.7556 75.666 45.3721
      vertex 97.7556 75.666 45.3421
      vertex 97.0979 76.7723 45.3721
    endloop
  endfacet
  facet normal 0.501122 0.319726 -0.804147
    outer loop
      vertex 97.0979 76.7723 45.3721
      vertex 97.7556 75.666 45.3421
      vertex 96.3718 77.8349 45.3421
    endloop
  endfacet
  facet normal 0.825648 0.564185 0
    outer loop
      vertex 96.3718 77.8349 45.3721
      vertex 97.0979 76.7723 45.3721
      vertex 96.3718 77.8349 45.3421
    endloop
  endfacet
  facet normal 0.788444 0.615107 0
    outer loop
      vertex 96.3718 77.8349 45.3721
      vertex 96.3718 77.8349 45.3421
      vertex 95.5801 78.8497 45.3721
    endloop
  endfacet
  facet normal 0.456449 0.379886 -0.804575
    outer loop
      vertex 95.5801 78.8497 45.3721
      vertex 96.3718 77.8349 45.3421
      vertex 94.726 79.8124 45.3421
    endloop
  endfacet
  facet normal 0.748039 0.663655 0
    outer loop
      vertex 94.726 79.8124 45.3721
      vertex 95.5801 78.8497 45.3721
      vertex 94.726 79.8124 45.3421
    endloop
  endfacet
  facet normal 0.704772 0.709434 0
    outer loop
      vertex 94.726 79.8124 45.3721
      vertex 94.726 79.8124 45.3421
      vertex 93.8129 80.7195 45.3721
    endloop
  endfacet
  facet normal 0.405222 0.434505 -0.804364
    outer loop
      vertex 93.8129 80.7195 45.3721
      vertex 94.726 79.8124 45.3421
      vertex 92.8445 81.5671 45.3421
    endloop
  endfacet
  facet normal 0.658615 0.75248 0
    outer loop
      vertex 92.8445 81.5671 45.3721
      vertex 93.8129 80.7195 45.3721
      vertex 92.8445 81.5671 45.3421
    endloop
  endfacet
  facet normal 0.60985 0.792517 0
    outer loop
      vertex 92.8445 81.5671 45.3721
      vertex 92.8445 81.5671 45.3421
      vertex 91.8245 82.352 45.3721
    endloop
  endfacet
  facet normal 0.347042 0.481746 -0.804663
    outer loop
      vertex 91.8245 82.352 45.3721
      vertex 92.8445 81.5671 45.3421
      vertex 90.757 83.0709 45.3421
    endloop
  endfacet
  facet normal 0.558585 0.829447 0
    outer loop
      vertex 90.757 83.0709 45.3721
      vertex 91.8245 82.352 45.3721
      vertex 90.757 83.0709 45.3421
    endloop
  endfacet
  facet normal 0.505257 0.862969 0
    outer loop
      vertex 90.757 83.0709 45.3721
      vertex 90.757 83.0709 45.3421
      vertex 89.6463 83.7212 45.3721
    endloop
  endfacet
  facet normal 0.283904 0.522007 -0.804306
    outer loop
      vertex 89.6463 83.7212 45.3721
      vertex 90.757 83.0709 45.3421
      vertex 88.4969 84.3001 45.3421
    endloop
  endfacet
  facet normal 0.449823 0.893118 0
    outer loop
      vertex 88.4969 84.3001 45.3721
      vertex 89.6463 83.7212 45.3721
      vertex 88.4969 84.3001 45.3421
    endloop
  endfacet
  facet normal 0.392606 0.919707 0
    outer loop
      vertex 88.4969 84.3001 45.3721
      vertex 88.4969 84.3001 45.3421
      vertex 87.3132 84.8054 45.3721
    endloop
  endfacet
  facet normal 0.215873 0.553457 -0.804416
    outer loop
      vertex 87.3132 84.8054 45.3721
      vertex 88.4969 84.3001 45.3421
      vertex 86.1 85.235 45.3421
    endloop
  endfacet
  facet normal 0.333795 0.942646 0
    outer loop
      vertex 86.1 85.235 45.3721
      vertex 87.3132 84.8054 45.3721
      vertex 86.1 85.235 45.3421
    endloop
  endfacet
  facet normal 0.305495 0.847996 0.433101
    outer loop
      vertex 87.0707 84.1837 48.1221
      vertex 86.1 84.669 47.8566
      vertex 86.1 84.5334 48.1221
    endloop
  endfacet
  facet normal 0.323221 0.909823 0.260288
    outer loop
      vertex 87.2043 84.5262 47.2448
      vertex 86.1 85.0974 46.6195
      vertex 86.1 84.9107 47.2721
    endloop
  endfacet
  facet normal 0.31441 0.877243 0.362754
    outer loop
      vertex 87.2043 84.5262 47.2448
      vertex 86.1 84.9107 47.2721
      vertex 86.1 84.669 47.8566
    endloop
  endfacet
  facet normal 0.331526 0.934421 0.13018
    outer loop
      vertex 87.2858 84.7351 46.3204
      vertex 86.1 85.2002 46.0018
      vertex 86.1 85.1558 46.3205
    endloop
  endfacet
  facet normal 0.328851 0.926868 0.181034
    outer loop
      vertex 87.2858 84.7351 46.3204
      vertex 86.1 85.1558 46.3205
      vertex 86.1 85.0974 46.6195
    endloop
  endfacet
  facet normal 0.333343 0.941369 0.0520242
    outer loop
      vertex 87.3132 84.8054 45.3721
      vertex 86.1 85.235 45.3721
      vertex 86.1 85.2002 46.0018
    endloop
  endfacet
  facet normal 0.345454 0.935079 0.0793014
    outer loop
      vertex 87.2858 84.7351 46.3204
      vertex 87.3132 84.8054 45.3721
      vertex 86.1 85.2002 46.0018
    endloop
  endfacet
  facet normal 0.391356 0.916818 0.079274
    outer loop
      vertex 88.4651 84.2317 46.3204
      vertex 87.3132 84.8054 45.3721
      vertex 87.2858 84.7351 46.3204
    endloop
  endfacet
  facet normal 0.391371 0.916814 0.0792531
    outer loop
      vertex 88.4651 84.2317 46.3204
      vertex 88.4969 84.3001 45.3721
      vertex 87.3132 84.8054 45.3721
    endloop
  endfacet
  facet normal 0.448417 0.890304 0.0792539
    outer loop
      vertex 89.6103 83.6549 46.3204
      vertex 88.4969 84.3001 45.3721
      vertex 88.4651 84.2317 46.3204
    endloop
  endfacet
  facet normal 0.448407 0.890308 0.0792682
    outer loop
      vertex 89.6103 83.6549 46.3204
      vertex 89.6463 83.7212 45.3721
      vertex 88.4969 84.3001 45.3721
    endloop
  endfacet
  facet normal 0.503609 0.860287 0.079265
    outer loop
      vertex 90.7169 83.0071 46.3204
      vertex 89.6463 83.7212 45.3721
      vertex 89.6103 83.6549 46.3204
    endloop
  endfacet
  facet normal 0.503671 0.86026 0.0791751
    outer loop
      vertex 90.7169 83.0071 46.3204
      vertex 90.757 83.0709 45.3721
      vertex 89.6463 83.7212 45.3721
    endloop
  endfacet
  facet normal 0.556882 0.82681 0.0791747
    outer loop
      vertex 91.7804 82.2908 46.3204
      vertex 90.757 83.0709 45.3721
      vertex 90.7169 83.0071 46.3204
    endloop
  endfacet
  facet normal 0.556828 0.826838 0.0792561
    outer loop
      vertex 91.7804 82.2908 46.3204
      vertex 91.8245 82.352 45.3721
      vertex 90.757 83.0709 45.3721
    endloop
  endfacet
  facet normal 0.607943 0.790015 0.0792568
    outer loop
      vertex 92.7966 81.5088 46.3204
      vertex 91.8245 82.352 45.3721
      vertex 91.7804 82.2908 46.3204
    endloop
  endfacet
  facet normal 0.60793 0.790023 0.0792768
    outer loop
      vertex 92.7966 81.5088 46.3204
      vertex 92.8445 81.5671 45.3721
      vertex 91.8245 82.352 45.3721
    endloop
  endfacet
  facet normal 0.656526 0.750126 0.0792786
    outer loop
      vertex 93.7615 80.6643 46.3204
      vertex 92.8445 81.5671 45.3721
      vertex 92.7966 81.5088 46.3204
    endloop
  endfacet
  facet normal 0.656543 0.750114 0.0792498
    outer loop
      vertex 93.7615 80.6643 46.3204
      vertex 93.8129 80.7195 45.3721
      vertex 92.8445 81.5671 45.3721
    endloop
  endfacet
  facet normal 0.702508 0.70725 0.0792461
    outer loop
      vertex 94.6712 79.7607 46.3204
      vertex 93.8129 80.7195 45.3721
      vertex 93.7615 80.6643 46.3204
    endloop
  endfacet
  facet normal 0.702561 0.707208 0.0791553
    outer loop
      vertex 94.6712 79.7607 46.3204
      vertex 94.726 79.8124 45.3721
      vertex 93.8129 80.7195 45.3721
    endloop
  endfacet
  facet normal 0.745724 0.661536 0.0791596
    outer loop
      vertex 95.5222 78.8014 46.3204
      vertex 94.726 79.8124 45.3721
      vertex 94.6712 79.7607 46.3204
    endloop
  endfacet
  facet normal 0.745688 0.661569 0.079225
    outer loop
      vertex 95.5222 78.8014 46.3204
      vertex 95.5801 78.8497 45.3721
      vertex 94.726 79.8124 45.3721
    endloop
  endfacet
  facet normal 0.78595 0.613195 0.0792194
    outer loop
      vertex 96.3109 77.7905 46.3204
      vertex 95.5801 78.8497 45.3721
      vertex 95.5222 78.8014 46.3204
    endloop
  endfacet
  facet normal 0.785968 0.613176 0.0791843
    outer loop
      vertex 96.3109 77.7905 46.3204
      vertex 96.3718 77.8349 45.3721
      vertex 95.5801 78.8497 45.3721
    endloop
  endfacet
  facet normal 0.823068 0.562395 0.0791893
    outer loop
      vertex 97.0343 76.7318 46.3204
      vertex 96.3718 77.8349 45.3721
      vertex 96.3109 77.7905 46.3204
    endloop
  endfacet
  facet normal 0.823053 0.562412 0.0792195
    outer loop
      vertex 97.0343 76.7318 46.3204
      vertex 97.0979 76.7723 45.3721
      vertex 96.3718 77.8349 45.3721
    endloop
  endfacet
  facet normal 0.856855 0.509433 0.0792239
    outer loop
      vertex 97.6896 75.6296 46.3204
      vertex 97.0979 76.7723 45.3721
      vertex 97.0343 76.7318 46.3204
    endloop
  endfacet
  facet normal 0.856871 0.509413 0.0791902
    outer loop
      vertex 97.6896 75.6296 46.3204
      vertex 97.7556 75.666 45.3721
      vertex 97.0979 76.7723 45.3721
    endloop
  endfacet
  facet normal 0.887317 0.454309 0.0791941
    outer loop
      vertex 98.274 74.4882 46.3204
      vertex 97.7556 75.666 45.3721
      vertex 97.6896 75.6296 46.3204
    endloop
  endfacet
  facet normal 0.887279 0.454367 0.0792877
    outer loop
      vertex 98.274 74.4882 46.3204
      vertex 98.3422 74.5205 45.3721
      vertex 97.7556 75.666 45.3721
    endloop
  endfacet
  facet normal 0.914172 0.397497 0.0792847
    outer loop
      vertex 98.7853 73.3123 46.3204
      vertex 98.3422 74.5205 45.3721
      vertex 98.274 74.4882 46.3204
    endloop
  endfacet
  facet normal 0.914177 0.397488 0.0792721
    outer loop
      vertex 98.7853 73.3123 46.3204
      vertex 98.8554 73.3402 45.3721
      vertex 98.3422 74.5205 45.3721
    endloop
  endfacet
  facet normal 0.937427 0.339038 0.0792711
    outer loop
      vertex 99.2214 72.1065 46.3204
      vertex 98.8554 73.3402 45.3721
      vertex 98.7853 73.3123 46.3204
    endloop
  endfacet
  facet normal 0.937436 0.33902 0.0792441
    outer loop
      vertex 99.2214 72.1065 46.3204
      vertex 99.2931 72.1299 45.3721
      vertex 98.8554 73.3402 45.3721
    endloop
  endfacet
  facet normal 0.956942 0.279254 0.0792442
    outer loop
      vertex 99.5806 70.8756 46.3204
      vertex 99.2931 72.1299 45.3721
      vertex 99.2214 72.1065 46.3204
    endloop
  endfacet
  facet normal 0.956925 0.279294 0.0793019
    outer loop
      vertex 99.5806 70.8756 46.3204
      vertex 99.6537 70.8944 45.3721
      vertex 99.2931 72.1299 45.3721
    endloop
  endfacet
  facet normal 0.972636 0.218379 0.0793053
    outer loop
      vertex 99.8615 69.6245 46.3204
      vertex 99.6537 70.8944 45.3721
      vertex 99.5806 70.8756 46.3204
    endloop
  endfacet
  facet normal 0.972644 0.218355 0.0792719
    outer loop
      vertex 99.8615 69.6245 46.3204
      vertex 99.9356 69.6387 45.3721
      vertex 99.6537 70.8944 45.3721
    endloop
  endfacet
  facet normal 0.984469 0.156641 0.0792718
    outer loop
      vertex 100.063 68.3581 46.3204
      vertex 99.9356 69.6387 45.3721
      vertex 99.8615 69.6245 46.3204
    endloop
  endfacet
  facet normal 0.984439 0.156754 0.0794285
    outer loop
      vertex 100.063 68.3581 46.3204
      vertex 100.138 68.3676 45.3721
      vertex 99.9356 69.6387 45.3721
    endloop
  endfacet
  facet normal 0.992392 0.0940693 0.0794296
    outer loop
      vertex 100.184 67.0816 46.3204
      vertex 100.138 68.3676 45.3721
      vertex 100.063 68.3581 46.3204
    endloop
  endfacet
  facet normal 0.992461 0.0937307 0.0789671
    outer loop
      vertex 100.184 67.0816 46.3204
      vertex 100.259 67.0864 45.3721
      vertex 100.138 68.3676 45.3721
    endloop
  endfacet
  facet normal 0.996368 0.0318751 0.078963
    outer loop
      vertex 100.225 65.8 46.3204
      vertex 100.259 67.0864 45.3721
      vertex 100.184 67.0816 46.3204
    endloop
  endfacet
  facet normal 0.996384 0.0317567 0.0788029
    outer loop
      vertex 100.3 65.8 45.3721
      vertex 100.259 67.0864 45.3721
      vertex 100.225 65.8 46.3204
    endloop
  endfacet
  facet normal 0.337856 0.911206 0.235706
    outer loop
      vertex 87.2043 84.5262 47.2448
      vertex 87.2858 84.7351 46.3204
      vertex 86.1 85.0974 46.6195
    endloop
  endfacet
  facet normal 0.38157 0.893803 0.235627
    outer loop
      vertex 88.3706 84.0283 47.2448
      vertex 87.2858 84.7351 46.3204
      vertex 87.2043 84.5262 47.2448
    endloop
  endfacet
  facet normal 0.381533 0.893807 0.235672
    outer loop
      vertex 88.3706 84.0283 47.2448
      vertex 88.4651 84.2317 46.3204
      vertex 87.2858 84.7351 46.3204
    endloop
  endfacet
  facet normal 0.43716 0.867958 0.235671
    outer loop
      vertex 89.5031 83.4579 47.2448
      vertex 88.4651 84.2317 46.3204
      vertex 88.3706 84.0283 47.2448
    endloop
  endfacet
  facet normal 0.437162 0.867957 0.235668
    outer loop
      vertex 89.5031 83.4579 47.2448
      vertex 89.6103 83.6549 46.3204
      vertex 88.4651 84.2317 46.3204
    endloop
  endfacet
  facet normal 0.490993 0.838681 0.235671
    outer loop
      vertex 90.5975 82.8172 47.2448
      vertex 89.6103 83.6549 46.3204
      vertex 89.5031 83.4579 47.2448
    endloop
  endfacet
  facet normal 0.490965 0.838687 0.235707
    outer loop
      vertex 90.5975 82.8172 47.2448
      vertex 90.7169 83.0071 46.3204
      vertex 89.6103 83.6549 46.3204
    endloop
  endfacet
  facet normal 0.542885 0.80605 0.235709
    outer loop
      vertex 91.6493 82.1088 47.2448
      vertex 90.7169 83.0071 46.3204
      vertex 90.5975 82.8172 47.2448
    endloop
  endfacet
  facet normal 0.542897 0.806047 0.235693
    outer loop
      vertex 91.6493 82.1088 47.2448
      vertex 91.7804 82.2908 46.3204
      vertex 90.7169 83.0071 46.3204
    endloop
  endfacet
  facet normal 0.592689 0.770174 0.235692
    outer loop
      vertex 92.6543 81.3354 47.2448
      vertex 91.7804 82.2908 46.3204
      vertex 91.6493 82.1088 47.2448
    endloop
  endfacet
  facet normal 0.592678 0.770179 0.235706
    outer loop
      vertex 92.6543 81.3354 47.2448
      vertex 92.7966 81.5088 46.3204
      vertex 91.7804 82.2908 46.3204
    endloop
  endfacet
  facet normal 0.640027 0.731306 0.235704
    outer loop
      vertex 93.6085 80.5003 47.2448
      vertex 92.7966 81.5088 46.3204
      vertex 92.6543 81.3354 47.2448
    endloop
  endfacet
  facet normal 0.640047 0.731298 0.235677
    outer loop
      vertex 93.6085 80.5003 47.2448
      vertex 93.7615 80.6643 46.3204
      vertex 92.7966 81.5088 46.3204
    endloop
  endfacet
  facet normal 0.684885 0.689483 0.23568
    outer loop
      vertex 94.5082 79.6066 47.2448
      vertex 93.7615 80.6643 46.3204
      vertex 93.6085 80.5003 47.2448
    endloop
  endfacet
  facet normal 0.684868 0.689492 0.235703
    outer loop
      vertex 94.5082 79.6066 47.2448
      vertex 94.6712 79.7607 46.3204
      vertex 93.7615 80.6643 46.3204
    endloop
  endfacet
  facet normal 0.727032 0.64488 0.235701
    outer loop
      vertex 95.3497 78.6579 47.2448
      vertex 94.6712 79.7607 46.3204
      vertex 94.5082 79.6066 47.2448
    endloop
  endfacet
  facet normal 0.726982 0.644909 0.235773
    outer loop
      vertex 95.3497 78.6579 47.2448
      vertex 95.5222 78.8014 46.3204
      vertex 94.6712 79.7607 46.3204
    endloop
  endfacet
  facet normal 0.766177 0.597814 0.235777
    outer loop
      vertex 96.1298 77.6581 47.2448
      vertex 95.5222 78.8014 46.3204
      vertex 95.3497 78.6579 47.2448
    endloop
  endfacet
  facet normal 0.766209 0.597793 0.235729
    outer loop
      vertex 96.1298 77.6581 47.2448
      vertex 96.3109 77.7905 46.3204
      vertex 95.5222 78.8014 46.3204
    endloop
  endfacet
  facet normal 0.802396 0.548265 0.235725
    outer loop
      vertex 96.8452 76.6111 47.2448
      vertex 96.3109 77.7905 46.3204
      vertex 96.1298 77.6581 47.2448
    endloop
  endfacet
  facet normal 0.802393 0.548268 0.23573
    outer loop
      vertex 96.8452 76.6111 47.2448
      vertex 97.0343 76.7318 46.3204
      vertex 96.3109 77.7905 46.3204
    endloop
  endfacet
  facet normal 0.83535 0.496612 0.235727
    outer loop
      vertex 97.4932 75.5211 47.2448
      vertex 97.0343 76.7318 46.3204
      vertex 96.8452 76.6111 47.2448
    endloop
  endfacet
  facet normal 0.835326 0.496633 0.235767
    outer loop
      vertex 97.4932 75.5211 47.2448
      vertex 97.6896 75.6296 46.3204
      vertex 97.0343 76.7318 46.3204
    endloop
  endfacet
  facet normal 0.865004 0.442924 0.235768
    outer loop
      vertex 98.0712 74.3923 47.2448
      vertex 97.6896 75.6296 46.3204
      vertex 97.4932 75.5211 47.2448
    endloop
  endfacet
  facet normal 0.86503 0.442898 0.235723
    outer loop
      vertex 98.0712 74.3923 47.2448
      vertex 98.274 74.4882 46.3204
      vertex 97.6896 75.6296 46.3204
    endloop
  endfacet
  facet normal 0.891202 0.387549 0.235722
    outer loop
      vertex 98.5769 73.2294 47.2448
      vertex 98.274 74.4882 46.3204
      vertex 98.0712 74.3923 47.2448
    endloop
  endfacet
  facet normal 0.891227 0.38752 0.235674
    outer loop
      vertex 98.5769 73.2294 47.2448
      vertex 98.7853 73.3123 46.3204
      vertex 98.274 74.4882 46.3204
    endloop
  endfacet
  facet normal 0.913895 0.330535 0.235674
    outer loop
      vertex 99.0082 72.0369 47.2448
      vertex 98.7853 73.3123 46.3204
      vertex 98.5769 73.2294 47.2448
    endloop
  endfacet
  facet normal 0.9139 0.330529 0.235664
    outer loop
      vertex 99.0082 72.0369 47.2448
      vertex 99.2214 72.1065 46.3204
      vertex 98.7853 73.3123 46.3204
    endloop
  endfacet
  facet normal 0.93293 0.272223 0.235663
    outer loop
      vertex 99.3634 70.8196 47.2448
      vertex 99.2214 72.1065 46.3204
      vertex 99.0082 72.0369 47.2448
    endloop
  endfacet
  facet normal 0.932916 0.272243 0.235693
    outer loop
      vertex 99.3634 70.8196 47.2448
      vertex 99.5806 70.8756 46.3204
      vertex 99.2214 72.1065 46.3204
    endloop
  endfacet
  facet normal 0.948221 0.212896 0.235694
    outer loop
      vertex 99.6412 69.5823 47.2448
      vertex 99.5806 70.8756 46.3204
      vertex 99.3634 70.8196 47.2448
    endloop
  endfacet
  facet normal 0.948221 0.212897 0.235696
    outer loop
      vertex 99.6412 69.5823 47.2448
      vertex 99.8615 69.6245 46.3204
      vertex 99.5806 70.8756 46.3204
    endloop
  endfacet
  facet normal 0.959762 0.152655 0.235696
    outer loop
      vertex 99.8404 68.3299 47.2448
      vertex 99.8615 69.6245 46.3204
      vertex 99.6412 69.5823 47.2448
    endloop
  endfacet
  facet normal 0.959737 0.152706 0.235768
    outer loop
      vertex 100.063 68.3581 46.3204
      vertex 99.8615 69.6245 46.3204
      vertex 99.8404 68.3299 47.2448
    endloop
  endfacet
  facet normal 0.967455 0.0918868 0.235771
    outer loop
      vertex 99.9603 67.0675 47.2448
      vertex 100.063 68.3581 46.3204
      vertex 99.8404 68.3299 47.2448
    endloop
  endfacet
  facet normal 0.967529 0.0917125 0.235536
    outer loop
      vertex 100.184 67.0816 46.3204
      vertex 100.063 68.3581 46.3204
      vertex 99.9603 67.0675 47.2448
    endloop
  endfacet
  facet normal 0.971389 0.0304254 0.235535
    outer loop
      vertex 100 65.8 47.2448
      vertex 100.184 67.0816 46.3204
      vertex 99.9603 67.0675 47.2448
    endloop
  endfacet
  facet normal 0.971163 0.0310687 0.236382
    outer loop
      vertex 100.225 65.8 46.3204
      vertex 100.184 67.0816 46.3204
      vertex 100 65.8 47.2448
    endloop
  endfacet
  facet normal 0.325692 0.862882 0.386469
    outer loop
      vertex 87.0707 84.1837 48.1221
      vertex 87.2043 84.5262 47.2448
      vertex 86.1 84.669 47.8566
    endloop
  endfacet
  facet normal 0.362138 0.848298 0.386326
    outer loop
      vertex 88.2157 83.6949 48.1221
      vertex 87.2043 84.5262 47.2448
      vertex 87.0707 84.1837 48.1221
    endloop
  endfacet
  facet normal 0.362143 0.848298 0.38632
    outer loop
      vertex 88.2157 83.6949 48.1221
      vertex 88.3706 84.0283 47.2448
      vertex 87.2043 84.5262 47.2448
    endloop
  endfacet
  facet normal 0.414864 0.8238 0.386319
    outer loop
      vertex 89.3275 83.135 48.1221
      vertex 88.3706 84.0283 47.2448
      vertex 88.2157 83.6949 48.1221
    endloop
  endfacet
  facet normal 0.414919 0.8238 0.386259
    outer loop
      vertex 89.3275 83.135 48.1221
      vertex 89.5031 83.4579 47.2448
      vertex 88.3706 84.0283 47.2448
    endloop
  endfacet
  facet normal 0.466018 0.79601 0.386258
    outer loop
      vertex 90.4019 82.506 48.1221
      vertex 89.5031 83.4579 47.2448
      vertex 89.3275 83.135 48.1221
    endloop
  endfacet
  facet normal 0.466012 0.79601 0.386265
    outer loop
      vertex 90.4019 82.506 48.1221
      vertex 90.5975 82.8172 47.2448
      vertex 89.5031 83.4579 47.2448
    endloop
  endfacet
  facet normal 0.515319 0.765014 0.386263
    outer loop
      vertex 91.4344 81.8105 48.1221
      vertex 90.5975 82.8172 47.2448
      vertex 90.4019 82.506 48.1221
    endloop
  endfacet
  facet normal 0.515252 0.765022 0.386337
    outer loop
      vertex 91.4344 81.8105 48.1221
      vertex 91.6493 82.1088 47.2448
      vertex 90.5975 82.8172 47.2448
    endloop
  endfacet
  facet normal 0.5625 0.730984 0.386337
    outer loop
      vertex 92.421 81.0513 48.1221
      vertex 91.6493 82.1088 47.2448
      vertex 91.4344 81.8105 48.1221
    endloop
  endfacet
  facet normal 0.562526 0.730979 0.386308
    outer loop
      vertex 92.421 81.0513 48.1221
      vertex 92.6543 81.3354 47.2448
      vertex 91.6493 82.1088 47.2448
    endloop
  endfacet
  facet normal 0.607468 0.69408 0.386311
    outer loop
      vertex 93.3578 80.2314 48.1221
      vertex 92.6543 81.3354 47.2448
      vertex 92.421 81.0513 48.1221
    endloop
  endfacet
  facet normal 0.607451 0.694084 0.38633
    outer loop
      vertex 93.3578 80.2314 48.1221
      vertex 93.6085 80.5003 47.2448
      vertex 92.6543 81.3354 47.2448
    endloop
  endfacet
  facet normal 0.650019 0.65439 0.386328
    outer loop
      vertex 94.241 79.3541 48.1221
      vertex 93.6085 80.5003 47.2448
      vertex 93.3578 80.2314 48.1221
    endloop
  endfacet
  facet normal 0.650024 0.654388 0.386321
    outer loop
      vertex 94.241 79.3541 48.1221
      vertex 94.5082 79.6066 47.2448
      vertex 93.6085 80.5003 47.2448
    endloop
  endfacet
  facet normal 0.68998 0.612113 0.386323
    outer loop
      vertex 95.0672 78.4228 48.1221
      vertex 94.5082 79.6066 47.2448
      vertex 94.241 79.3541 48.1221
    endloop
  endfacet
  facet normal 0.690057 0.612083 0.386233
    outer loop
      vertex 95.0672 78.4228 48.1221
      vertex 95.3497 78.6579 47.2448
      vertex 94.5082 79.6066 47.2448
    endloop
  endfacet
  facet normal 0.727233 0.567412 0.386233
    outer loop
      vertex 95.833 77.4413 48.1221
      vertex 95.3497 78.6579 47.2448
      vertex 95.0672 78.4228 48.1221
    endloop
  endfacet
  facet normal 0.72722 0.567418 0.386248
    outer loop
      vertex 95.833 77.4413 48.1221
      vertex 96.1298 77.6581 47.2448
      vertex 95.3497 78.6579 47.2448
    endloop
  endfacet
  facet normal 0.761604 0.520356 0.38625
    outer loop
      vertex 96.5353 76.4134 48.1221
      vertex 96.1298 77.6581 47.2448
      vertex 95.833 77.4413 48.1221
    endloop
  endfacet
  facet normal 0.761574 0.520373 0.386287
    outer loop
      vertex 96.5353 76.4134 48.1221
      vertex 96.8452 76.6111 47.2448
      vertex 96.1298 77.6581 47.2448
    endloop
  endfacet
  facet normal 0.792842 0.471363 0.386288
    outer loop
      vertex 97.1715 75.3433 48.1221
      vertex 96.8452 76.6111 47.2448
      vertex 96.5353 76.4134 48.1221
    endloop
  endfacet
  facet normal 0.79286 0.471352 0.386264
    outer loop
      vertex 97.1715 75.3433 48.1221
      vertex 97.4932 75.5211 47.2448
      vertex 96.8452 76.6111 47.2448
    endloop
  endfacet
  facet normal 0.821015 0.420399 0.386262
    outer loop
      vertex 97.7389 74.2352 48.1221
      vertex 97.4932 75.5211 47.2448
      vertex 97.1715 75.3433 48.1221
    endloop
  endfacet
  facet normal 0.821015 0.420399 0.386262
    outer loop
      vertex 97.7389 74.2352 48.1221
      vertex 98.0712 74.3923 47.2448
      vertex 97.4932 75.5211 47.2448
    endloop
  endfacet
  facet normal 0.845892 0.367786 0.386264
    outer loop
      vertex 98.2353 73.0935 48.1221
      vertex 98.0712 74.3923 47.2448
      vertex 97.7389 74.2352 48.1221
    endloop
  endfacet
  facet normal 0.845845 0.367825 0.386331
    outer loop
      vertex 98.2353 73.0935 48.1221
      vertex 98.5769 73.2294 47.2448
      vertex 98.0712 74.3923 47.2448
    endloop
  endfacet
  facet normal 0.867377 0.313699 0.38633
    outer loop
      vertex 98.6587 71.9228 48.1221
      vertex 98.5769 73.2294 47.2448
      vertex 98.2353 73.0935 48.1221
    endloop
  endfacet
  facet normal 0.867368 0.313707 0.386343
    outer loop
      vertex 98.6587 71.9228 48.1221
      vertex 99.0082 72.0369 47.2448
      vertex 98.5769 73.2294 47.2448
    endloop
  endfacet
  facet normal 0.88541 0.258436 0.386342
    outer loop
      vertex 99.0075 70.7278 48.1221
      vertex 99.0082 72.0369 47.2448
      vertex 98.6587 71.9228 48.1221
    endloop
  endfacet
  facet normal 0.885468 0.258374 0.38625
    outer loop
      vertex 99.3634 70.8196 47.2448
      vertex 99.0082 72.0369 47.2448
      vertex 99.0075 70.7278 48.1221
    endloop
  endfacet
  facet normal 0.899994 0.202048 0.386248
    outer loop
      vertex 99.2802 69.5131 48.1221
      vertex 99.3634 70.8196 47.2448
      vertex 99.0075 70.7278 48.1221
    endloop
  endfacet
  facet normal 0.89998 0.202065 0.386271
    outer loop
      vertex 99.6412 69.5823 47.2448
      vertex 99.3634 70.8196 47.2448
      vertex 99.2802 69.5131 48.1221
    endloop
  endfacet
  facet normal 0.91093 0.144919 0.38627
    outer loop
      vertex 99.4758 68.2836 48.1221
      vertex 99.6412 69.5823 47.2448
      vertex 99.2802 69.5131 48.1221
    endloop
  endfacet
  facet normal 0.910951 0.144891 0.386232
    outer loop
      vertex 99.8404 68.3299 47.2448
      vertex 99.6412 69.5823 47.2448
      vertex 99.4758 68.2836 48.1221
    endloop
  endfacet
  facet normal 0.918278 0.0871375 0.386229
    outer loop
      vertex 99.5934 67.0443 48.1221
      vertex 99.8404 68.3299 47.2448
      vertex 99.4758 68.2836 48.1221
    endloop
  endfacet
  facet normal 0.918231 0.0872116 0.386324
    outer loop
      vertex 99.9603 67.0675 47.2448
      vertex 99.8404 68.3299 47.2448
      vertex 99.5934 67.0443 48.1221
    endloop
  endfacet
  facet normal 0.921903 0.0291174 0.386324
    outer loop
      vertex 99.6327 65.8 48.1221
      vertex 99.9603 67.0675 47.2448
      vertex 99.5934 67.0443 48.1221
    endloop
  endfacet
  facet normal 0.922034 0.0288795 0.386029
    outer loop
      vertex 100 65.8 47.2448
      vertex 99.9603 67.0675 47.2448
      vertex 99.6327 65.8 48.1221
    endloop
  endfacet
  facet normal 0 0 1
    outer loop
      vertex 99.5934 67.0443 48.1221
      vertex 98.7545 68.1469 48.1221
      vertex 98.9 65.8 48.1221
    endloop
  endfacet
  facet normal 0 0 1
    outer loop
      vertex 98.3202 70.4579 48.1221
      vertex 99.0075 70.7278 48.1221
      vertex 98.6587 71.9228 48.1221
    endloop
  endfacet
  facet normal 0 0 1
    outer loop
      vertex 99.2802 69.5131 48.1221
      vertex 98.3202 70.4579 48.1221
      vertex 98.7545 68.1469 48.1221
    endloop
  endfacet
  facet normal -0 0 1
    outer loop
      vertex 97.6038 72.6976 48.1221
      vertex 98.6587 71.9228 48.1221
      vertex 98.2353 73.0935 48.1221
    endloop
  endfacet
  facet normal 0 0 1
    outer loop
      vertex 97.6038 72.6976 48.1221
      vertex 98.2353 73.0935 48.1221
      vertex 97.7389 74.2352 48.1221
    endloop
  endfacet
  facet normal 0 0 1
    outer loop
      vertex 98.6587 71.9228 48.1221
      vertex 97.6038 72.6976 48.1221
      vertex 98.3202 70.4579 48.1221
    endloop
  endfacet
  facet normal -0 0 1
    outer loop
      vertex 96.6162 74.8316 48.1221
      vertex 97.7389 74.2352 48.1221
      vertex 97.1715 75.3433 48.1221
    endloop
  endfacet
  facet normal 0 0 1
    outer loop
      vertex 97.7389 74.2352 48.1221
      vertex 96.6162 74.8316 48.1221
      vertex 97.6038 72.6976 48.1221
    endloop
  endfacet
  facet normal 0 0 1
    outer loop
      vertex 96.5353 76.4134 48.1221
      vertex 96.6162 74.8316 48.1221
      vertex 97.1715 75.3433 48.1221
    endloop
  endfacet
  facet normal -0 0 1
    outer loop
      vertex 95.3726 76.8272 48.1221
      vertex 96.5353 76.4134 48.1221
      vertex 95.833 77.4413 48.1221
    endloop
  endfacet
  facet normal 0 0 1
    outer loop
      vertex 96.5353 76.4134 48.1221
      vertex 95.3726 76.8272 48.1221
      vertex 96.6162 74.8316 48.1221
    endloop
  endfacet
  facet normal 0 0 1
    outer loop
      vertex 95.0672 78.4228 48.1221
      vertex 95.3726 76.8272 48.1221
      vertex 95.833 77.4413 48.1221
    endloop
  endfacet
  facet normal -0 0 1
    outer loop
      vertex 93.8919 78.654 48.1221
      vertex 95.0672 78.4228 48.1221
      vertex 94.241 79.3541 48.1221
    endloop
  endfacet
  facet normal 0 0 1
    outer loop
      vertex 95.0672 78.4228 48.1221
      vertex 93.8919 78.654 48.1221
      vertex 95.3726 76.8272 48.1221
    endloop
  endfacet
  facet normal 0 0 1
    outer loop
      vertex 93.3578 80.2314 48.1221
      vertex 93.8919 78.654 48.1221
      vertex 94.241 79.3541 48.1221
    endloop
  endfacet
  facet normal -0 0 1
    outer loop
      vertex 92.197 80.2839 48.1221
      vertex 93.3578 80.2314 48.1221
      vertex 92.421 81.0513 48.1221
    endloop
  endfacet
  facet normal 0 0 1
    outer loop
      vertex 93.3578 80.2314 48.1221
      vertex 92.197 80.2839 48.1221
      vertex 93.8919 78.654 48.1221
    endloop
  endfacet
  facet normal 0 0 1
    outer loop
      vertex 91.4344 81.8105 48.1221
      vertex 92.197 80.2839 48.1221
      vertex 92.421 81.0513 48.1221
    endloop
  endfacet
  facet normal 0 0 1
    outer loop
      vertex 90.3138 81.6919 48.1221
      vertex 91.4344 81.8105 48.1221
      vertex 90.4019 82.506 48.1221
    endloop
  endfacet
  facet normal 0 0 1
    outer loop
      vertex 91.4344 81.8105 48.1221
      vertex 90.3138 81.6919 48.1221
      vertex 92.197 80.2839 48.1221
    endloop
  endfacet
  facet normal 0 0 1
    outer loop
      vertex 90.4019 82.506 48.1221
      vertex 90 82 48.1221
      vertex 90.3138 81.6919 48.1221
    endloop
  endfacet
  facet normal 0 0 1
    outer loop
      vertex 90.4019 82.506 48.1221
      vertex 89.7734 82 48.1221
      vertex 90 82 48.1221
    endloop
  endfacet
  facet normal 0 0 1
    outer loop
      vertex 89.3275 83.135 48.1221
      vertex 89.7734 82 48.1221
      vertex 90.4019 82.506 48.1221
    endloop
  endfacet
  facet normal 0 0 1
    outer loop
      vertex 89.3275 83.135 48.1221
      vertex 88.271 82.8566 48.1221
      vertex 89.7734 82 48.1221
    endloop
  endfacet
  facet normal 0 0 1
    outer loop
      vertex 88.2157 83.6949 48.1221
      vertex 88.271 82.8566 48.1221
      vertex 89.3275 83.135 48.1221
    endloop
  endfacet
  facet normal 0 0 1
    outer loop
      vertex 87.0707 84.1837 48.1221
      vertex 88.271 82.8566 48.1221
      vertex 88.2157 83.6949 48.1221
    endloop
  endfacet
  facet normal 0 0 1
    outer loop
      vertex 86.1 83.76 48.1221
      vertex 87.0707 84.1837 48.1221
      vertex 86.1 84.5334 48.1221
    endloop
  endfacet
  facet normal 0 0 1
    outer loop
      vertex 87.0707 84.1837 48.1221
      vertex 86.1 83.76 48.1221
      vertex 88.271 82.8566 48.1221
    endloop
  endfacet
  facet normal 0 0 1
    outer loop
      vertex 98.9 65.8 48.1221
      vertex 99.6327 65.8 48.1221
      vertex 99.5934 67.0443 48.1221
    endloop
  endfacet
  facet normal -0 0 1
    outer loop
      vertex 98.7545 68.1469 48.1221
      vertex 99.5934 67.0443 48.1221
      vertex 99.4758 68.2836 48.1221
    endloop
  endfacet
  facet normal 0 0 1
    outer loop
      vertex 98.7545 68.1469 48.1221
      vertex 99.4758 68.2836 48.1221
      vertex 99.2802 69.5131 48.1221
    endloop
  endfacet
  facet normal -0 0 1
    outer loop
      vertex 98.3202 70.4579 48.1221
      vertex 99.2802 69.5131 48.1221
      vertex 99.0075 70.7278 48.1221
    endloop
  endfacet
  facet normal 0 0 1
    outer loop
      vertex 99.6327 65.8 48.1221
      vertex 98.9 65.8 48.1221
      vertex 99.6327 58.7 48.1221
    endloop
  endfacet
  facet normal 0 0 1
    outer loop
      vertex 99.6327 58.7 48.1221
      vertex 98.9 65.8 48.1221
      vertex 98.9 58.7 48.1221
    endloop
  endfacet
  facet normal 0 0 1
    outer loop
      vertex 90.3138 81.6919 48.1221
      vertex 90 82 48.1221
      vertex 90 81.8708 48.1221
    endloop
  endfacet
  facet normal 0.298842 -0.640847 0.707112
    outer loop
      vertex 92.1618 62.2942 46.9221
      vertex 92.7503 63.3985 47.6742
      vertex 91.8735 62.9125 47.6043
    endloop
  endfacet
  facet normal 0.298896 -0.640856 0.707082
    outer loop
      vertex 93.0681 62.7169 46.9221
      vertex 92.7503 63.3985 47.6742
      vertex 92.1618 62.2942 46.9221
    endloop
  endfacet
  facet normal 0.422632 -0.906301 -4.43316e-05
    outer loop
      vertex 95.4107 68.1576 46.8137
      vertex 95.4476 68.1748 46.9655
      vertex 94.6426 67.7994 47.1221
    endloop
  endfacet
  facet normal 0.422655 -0.906291 9.9405e-05
    outer loop
      vertex 95.4476 68.1748 46.9655
      vertex 95.46 68.1806 47.1221
      vertex 94.6426 67.7994 47.1221
    endloop
  endfacet
  facet normal 0.422655 -0.906291 -9.9405e-05
    outer loop
      vertex 95.46 68.1806 47.1221
      vertex 95.4476 68.1748 47.2787
      vertex 94.6426 67.7994 47.1221
    endloop
  endfacet
  facet normal 0.422604 -0.906314 -1.55767e-05
    outer loop
      vertex 95.168 68.0444 46.4313
      vertex 95.2688 68.0914 46.5424
      vertex 94.6426 67.7994 47.1221
    endloop
  endfacet
  facet normal 0.422626 -0.906304 1.28849e-05
    outer loop
      vertex 95.2688 68.0914 46.5424
      vertex 95.3505 68.1295 46.6712
      vertex 94.6426 67.7994 47.1221
    endloop
  endfacet
  facet normal 0.422693 -0.906273 0.000141371
    outer loop
      vertex 95.3505 68.1295 46.6712
      vertex 95.4107 68.1576 46.8137
      vertex 94.6426 67.7994 47.1221
    endloop
  endfacet
  facet normal 0.422801 -0.906223 5.15544e-05
    outer loop
      vertex 94.7846 67.8656 46.234
      vertex 94.9222 67.9298 46.2746
      vertex 94.6426 67.7994 47.1221
    endloop
  endfacet
  facet normal 0.422625 -0.906305 -1.92581e-05
    outer loop
      vertex 94.9222 67.9298 46.2746
      vertex 95.0513 67.99 46.3411
      vertex 94.6426 67.7994 47.1221
    endloop
  endfacet
  facet normal 0.422547 -0.906341 -6.89629e-05
    outer loop
      vertex 95.0513 67.99 46.3411
      vertex 95.168 68.0444 46.4313
      vertex 94.6426 67.7994 47.1221
    endloop
  endfacet
  facet normal 0.422788 -0.906228 -0.000103538
    outer loop
      vertex 94.5007 67.7333 46.234
      vertex 94.6426 67.7994 47.1221
      vertex 94.3631 67.6691 46.2746
    endloop
  endfacet
  facet normal 0.422256 -0.906477 0
    outer loop
      vertex 94.6426 67.7994 46.2203
      vertex 94.6426 67.7994 47.1221
      vertex 94.5007 67.7333 46.234
    endloop
  endfacet
  facet normal 0.422536 -0.906346 0
    outer loop
      vertex 94.6426 67.7994 47.1221
      vertex 94.6426 67.7994 46.2203
      vertex 94.7846 67.8656 46.234
    endloop
  endfacet
  facet normal 0.422727 -0.906257 -0.000229299
    outer loop
      vertex 94.1172 67.5545 46.4313
      vertex 94.6426 67.7994 47.1221
      vertex 94.0165 67.5075 46.5424
    endloop
  endfacet
  facet normal 0.422494 -0.906366 -1.36655e-05
    outer loop
      vertex 94.2339 67.6089 46.3411
      vertex 94.6426 67.7994 47.1221
      vertex 94.1172 67.5545 46.4313
    endloop
  endfacet
  facet normal 0.422374 -0.906422 6.27003e-05
    outer loop
      vertex 94.3631 67.6691 46.2746
      vertex 94.6426 67.7994 47.1221
      vertex 94.2339 67.6089 46.3411
    endloop
  endfacet
  facet normal 0.422627 -0.906304 -0.000235454
    outer loop
      vertex 93.8745 67.4413 46.8137
      vertex 94.6426 67.7994 47.1221
      vertex 93.8377 67.4241 46.9655
    endloop
  endfacet
  facet normal 0.42261 -0.906312 -0.000183995
    outer loop
      vertex 93.9347 67.4694 46.6712
      vertex 94.6426 67.7994 47.1221
      vertex 93.8745 67.4413 46.8137
    endloop
  endfacet
  facet normal 0.422429 -0.906396 0.000162861
    outer loop
      vertex 94.0165 67.5075 46.5424
      vertex 94.6426 67.7994 47.1221
      vertex 93.9347 67.4694 46.6712
    endloop
  endfacet
  facet normal 0.422627 -0.906304 0.000235306
    outer loop
      vertex 94.6426 67.7994 47.1221
      vertex 93.8745 67.4413 47.4306
      vertex 93.8377 67.4241 47.2787
    endloop
  endfacet
  facet normal 0.422564 -0.906333 -0.000161647
    outer loop
      vertex 94.6426 67.7994 47.1221
      vertex 93.8377 67.4241 47.2787
      vertex 93.8252 67.4183 47.1221
    endloop
  endfacet
  facet normal 0.422564 -0.906333 0.000161647
    outer loop
      vertex 93.8377 67.4241 46.9655
      vertex 94.6426 67.7994 47.1221
      vertex 93.8252 67.4183 47.1221
    endloop
  endfacet
  facet normal 0.422727 -0.906257 0.000229281
    outer loop
      vertex 94.6426 67.7994 47.1221
      vertex 94.1172 67.5545 47.813
      vertex 94.0165 67.5075 47.7019
    endloop
  endfacet
  facet normal 0.422429 -0.906396 -0.000162851
    outer loop
      vertex 94.6426 67.7994 47.1221
      vertex 94.0165 67.5075 47.7019
      vertex 93.9347 67.4694 47.5731
    endloop
  endfacet
  facet normal 0.42261 -0.906312 0.000183986
    outer loop
      vertex 94.6426 67.7994 47.1221
      vertex 93.9347 67.4694 47.5731
      vertex 93.8745 67.4413 47.4306
    endloop
  endfacet
  facet normal 0.422788 -0.906229 0.000103515
    outer loop
      vertex 94.6426 67.7994 47.1221
      vertex 94.5007 67.7333 48.0103
      vertex 94.3631 67.6691 47.9696
    endloop
  endfacet
  facet normal 0.422374 -0.906422 -6.2714e-05
    outer loop
      vertex 94.6426 67.7994 47.1221
      vertex 94.3631 67.6691 47.9696
      vertex 94.2339 67.6089 47.9032
    endloop
  endfacet
  facet normal 0.422494 -0.906366 1.36643e-05
    outer loop
      vertex 94.6426 67.7994 47.1221
      vertex 94.2339 67.6089 47.9032
      vertex 94.1172 67.5545 47.813
    endloop
  endfacet
  facet normal 0.422801 -0.906223 -5.15431e-05
    outer loop
      vertex 94.9222 67.9298 47.9696
      vertex 94.7846 67.8656 48.0103
      vertex 94.6426 67.7994 47.1221
    endloop
  endfacet
  facet normal 0.422256 -0.906477 0
    outer loop
      vertex 94.6426 67.7994 47.1221
      vertex 94.6426 67.7994 48.024
      vertex 94.5007 67.7333 48.0103
    endloop
  endfacet
  facet normal 0.422536 -0.906346 0
    outer loop
      vertex 94.6426 67.7994 48.024
      vertex 94.6426 67.7994 47.1221
      vertex 94.7846 67.8656 48.0103
    endloop
  endfacet
  facet normal 0.422604 -0.906314 1.55755e-05
    outer loop
      vertex 95.2688 68.0914 47.7019
      vertex 95.168 68.0444 47.813
      vertex 94.6426 67.7994 47.1221
    endloop
  endfacet
  facet normal 0.422547 -0.906341 6.89566e-05
    outer loop
      vertex 95.168 68.0444 47.813
      vertex 95.0513 67.99 47.9032
      vertex 94.6426 67.7994 47.1221
    endloop
  endfacet
  facet normal 0.422625 -0.906305 1.92623e-05
    outer loop
      vertex 95.0513 67.99 47.9032
      vertex 94.9222 67.9298 47.9696
      vertex 94.6426 67.7994 47.1221
    endloop
  endfacet
  facet normal 0.422632 -0.906301 4.43037e-05
    outer loop
      vertex 95.4476 68.1748 47.2787
      vertex 95.4107 68.1576 47.4306
      vertex 94.6426 67.7994 47.1221
    endloop
  endfacet
  facet normal 0.422693 -0.906273 -0.000141364
    outer loop
      vertex 95.4107 68.1576 47.4306
      vertex 95.3505 68.1295 47.5731
      vertex 94.6426 67.7994 47.1221
    endloop
  endfacet
  facet normal 0.422626 -0.906304 -1.28841e-05
    outer loop
      vertex 95.3505 68.1295 47.5731
      vertex 95.2688 68.0914 47.7019
      vertex 94.6426 67.7994 47.1221
    endloop
  endfacet
  facet normal -0.422632 0.906301 -4.43316e-05
    outer loop
      vertex 91.2828 75.0046 47.1221
      vertex 90.5147 74.6464 46.8137
      vertex 90.4778 74.6292 46.9655
    endloop
  endfacet
  facet normal -0.422655 0.906291 9.9405e-05
    outer loop
      vertex 91.2828 75.0046 47.1221
      vertex 90.4778 74.6292 46.9655
      vertex 90.4654 74.6234 47.1221
    endloop
  endfacet
  facet normal -0.422655 0.906291 -9.9405e-05
    outer loop
      vertex 90.4778 74.6292 47.2787
      vertex 91.2828 75.0046 47.1221
      vertex 90.4654 74.6234 47.1221
    endloop
  endfacet
  facet normal -0.422792 0.906227 0.000157961
    outer loop
      vertex 91.2828 75.0046 47.1221
      vertex 90.7574 74.7596 46.4313
      vertex 90.6567 74.7126 46.5424
    endloop
  endfacet
  facet normal -0.422504 0.906361 -0.000220749
    outer loop
      vertex 91.2828 75.0046 47.1221
      vertex 90.6567 74.7126 46.5424
      vertex 90.5749 74.6745 46.6712
    endloop
  endfacet
  facet normal -0.422693 0.906273 0.000141371
    outer loop
      vertex 91.2828 75.0046 47.1221
      vertex 90.5749 74.6745 46.6712
      vertex 90.5147 74.6464 46.8137
    endloop
  endfacet
  facet normal -0.422812 0.906217 6.09038e-06
    outer loop
      vertex 91.2828 75.0046 47.1221
      vertex 91.1409 74.9384 46.234
      vertex 91.0033 74.8742 46.2746
    endloop
  endfacet
  facet normal -0.422413 0.906404 -0.000154129
    outer loop
      vertex 91.2828 75.0046 47.1221
      vertex 91.0033 74.8742 46.2746
      vertex 90.8741 74.814 46.3411
    endloop
  endfacet
  facet normal -0.422547 0.906341 -6.89629e-05
    outer loop
      vertex 91.2828 75.0046 47.1221
      vertex 90.8741 74.814 46.3411
      vertex 90.7574 74.7596 46.4313
    endloop
  endfacet
  facet normal -0.422571 0.90633 4.07681e-05
    outer loop
      vertex 91.5624 75.135 46.2746
      vertex 91.4247 75.0708 46.234
      vertex 91.2828 75.0046 47.1221
    endloop
  endfacet
  facet normal -0.422781 0.906232 0
    outer loop
      vertex 91.2828 75.0046 46.2203
      vertex 91.2828 75.0046 47.1221
      vertex 91.4247 75.0708 46.234
    endloop
  endfacet
  facet normal -0.422781 0.906232 0
    outer loop
      vertex 91.2828 75.0046 47.1221
      vertex 91.2828 75.0046 46.2203
      vertex 91.1409 74.9384 46.234
    endloop
  endfacet
  facet normal -0.422604 0.906314 1.55767e-05
    outer loop
      vertex 91.909 75.2966 46.5424
      vertex 91.8082 75.2496 46.4313
      vertex 91.2828 75.0046 47.1221
    endloop
  endfacet
  facet normal -0.422547 0.906341 6.89629e-05
    outer loop
      vertex 91.8082 75.2496 46.4313
      vertex 91.6915 75.1952 46.3411
      vertex 91.2828 75.0046 47.1221
    endloop
  endfacet
  facet normal -0.422625 0.906305 1.92581e-05
    outer loop
      vertex 91.6915 75.1952 46.3411
      vertex 91.5624 75.135 46.2746
      vertex 91.2828 75.0046 47.1221
    endloop
  endfacet
  facet normal -0.422632 0.906301 4.43316e-05
    outer loop
      vertex 92.0878 75.38 46.9655
      vertex 92.0509 75.3628 46.8137
      vertex 91.2828 75.0046 47.1221
    endloop
  endfacet
  facet normal -0.422693 0.906273 -0.000141371
    outer loop
      vertex 92.0509 75.3628 46.8137
      vertex 91.9907 75.3347 46.6712
      vertex 91.2828 75.0046 47.1221
    endloop
  endfacet
  facet normal -0.422626 0.906304 -1.28849e-05
    outer loop
      vertex 91.9907 75.3347 46.6712
      vertex 91.909 75.2966 46.5424
      vertex 91.2828 75.0046 47.1221
    endloop
  endfacet
  facet normal -0.422632 0.906301 -4.43037e-05
    outer loop
      vertex 92.0509 75.3628 47.4306
      vertex 92.0878 75.38 47.2787
      vertex 91.2828 75.0046 47.1221
    endloop
  endfacet
  facet normal -0.422564 0.906333 -0.000470567
    outer loop
      vertex 92.0878 75.38 47.2787
      vertex 92.1002 75.3857 47.1221
      vertex 91.2828 75.0046 47.1221
    endloop
  endfacet
  facet normal -0.422564 0.906333 0.000470567
    outer loop
      vertex 92.1002 75.3857 47.1221
      vertex 92.0878 75.38 46.9655
      vertex 91.2828 75.0046 47.1221
    endloop
  endfacet
  facet normal -0.422604 0.906314 -1.55755e-05
    outer loop
      vertex 91.8082 75.2496 47.813
      vertex 91.909 75.2966 47.7019
      vertex 91.2828 75.0046 47.1221
    endloop
  endfacet
  facet normal -0.422626 0.906304 1.28841e-05
    outer loop
      vertex 91.909 75.2966 47.7019
      vertex 91.9907 75.3347 47.5731
      vertex 91.2828 75.0046 47.1221
    endloop
  endfacet
  facet normal -0.422693 0.906273 0.000141364
    outer loop
      vertex 91.9907 75.3347 47.5731
      vertex 92.0509 75.3628 47.4306
      vertex 91.2828 75.0046 47.1221
    endloop
  endfacet
  facet normal -0.422571 0.90633 -4.07592e-05
    outer loop
      vertex 91.4247 75.0708 48.0103
      vertex 91.5624 75.135 47.9696
      vertex 91.2828 75.0046 47.1221
    endloop
  endfacet
  facet normal -0.422625 0.906305 -1.92623e-05
    outer loop
      vertex 91.5624 75.135 47.9696
      vertex 91.6915 75.1952 47.9032
      vertex 91.2828 75.0046 47.1221
    endloop
  endfacet
  facet normal -0.422547 0.906341 -6.89566e-05
    outer loop
      vertex 91.6915 75.1952 47.9032
      vertex 91.8082 75.2496 47.813
      vertex 91.2828 75.0046 47.1221
    endloop
  endfacet
  facet normal -0.422812 0.906217 -6.08905e-06
    outer loop
      vertex 91.1409 74.9384 48.0103
      vertex 91.2828 75.0046 47.1221
      vertex 91.0033 74.8742 47.9696
    endloop
  endfacet
  facet normal -0.422781 0.906232 0
    outer loop
      vertex 91.2828 75.0046 47.1221
      vertex 91.2828 75.0046 48.024
      vertex 91.4247 75.0708 48.0103
    endloop
  endfacet
  facet normal -0.422781 0.906232 0
    outer loop
      vertex 91.2828 75.0046 48.024
      vertex 91.2828 75.0046 47.1221
      vertex 91.1409 74.9384 48.0103
    endloop
  endfacet
  facet normal -0.422792 0.906227 -0.000157949
    outer loop
      vertex 90.7574 74.7596 47.813
      vertex 91.2828 75.0046 47.1221
      vertex 90.6567 74.7126 47.7019
    endloop
  endfacet
  facet normal -0.422547 0.906341 6.89566e-05
    outer loop
      vertex 90.8741 74.814 47.9032
      vertex 91.2828 75.0046 47.1221
      vertex 90.7574 74.7596 47.813
    endloop
  endfacet
  facet normal -0.422413 0.906404 0.000154163
    outer loop
      vertex 91.0033 74.8742 47.9696
      vertex 91.2828 75.0046 47.1221
      vertex 90.8741 74.814 47.9032
    endloop
  endfacet
  facet normal -0.422632 0.906301 4.43037e-05
    outer loop
      vertex 90.5147 74.6464 47.4306
      vertex 91.2828 75.0046 47.1221
      vertex 90.4778 74.6292 47.2787
    endloop
  endfacet
  facet normal -0.422693 0.906273 -0.000141364
    outer loop
      vertex 90.5749 74.6745 47.5731
      vertex 91.2828 75.0046 47.1221
      vertex 90.5147 74.6464 47.4306
    endloop
  endfacet
  facet normal -0.422504 0.906361 0.000220735
    outer loop
      vertex 90.6567 74.7126 47.7019
      vertex 91.2828 75.0046 47.1221
      vertex 90.5749 74.6745 47.5731
    endloop
  endfacet
  facet normal -0 0 1
    outer loop
      vertex 93.7082 59.9 44.5221
      vertex 95.95 58.8073 44.5221
      vertex 95.95 59.9 44.5221
    endloop
  endfacet
  facet normal 0 0 1
    outer loop
      vertex 95.95 58.8073 44.5221
      vertex 93.7082 59.9 44.5221
      vertex 94.8687 57.9 44.5221
    endloop
  endfacet
  facet normal 0 0 1
    outer loop
      vertex 94.8687 57.9 44.5221
      vertex 93.7082 59.9 44.5221
      vertex 93.7082 57.9 44.5221
    endloop
  endfacet
  facet normal 0.996887 -0 0.0788427
    outer loop
      vertex 100.225 58.7 46.3204
      vertex 100.3 65.8 45.3721
      vertex 100.225 65.8 46.3204
    endloop
  endfacet
  facet normal 0.996887 0 0.0788427
    outer loop
      vertex 100.3 65.8 45.3721
      vertex 100.225 58.7 46.3204
      vertex 100.3 58.7 45.3721
    endloop
  endfacet
  facet normal 0.971632 -0 0.236496
    outer loop
      vertex 100 58.7 47.2448
      vertex 100.225 65.8 46.3204
      vertex 100 65.8 47.2448
    endloop
  endfacet
  facet normal 0.971632 0 0.236496
    outer loop
      vertex 100.225 65.8 46.3204
      vertex 100 58.7 47.2448
      vertex 100.225 58.7 46.3204
    endloop
  endfacet
  facet normal 0.922419 -0 0.38619
    outer loop
      vertex 99.6327 58.7 48.1221
      vertex 100 65.8 47.2448
      vertex 99.6327 65.8 48.1221
    endloop
  endfacet
  facet normal 0.922419 0 0.38619
    outer loop
      vertex 100 65.8 47.2448
      vertex 99.6327 58.7 48.1221
      vertex 100 58.7 47.2448
    endloop
  endfacet
  facet normal 1 -0 0
    outer loop
      vertex 100.3 58.7 45.3721
      vertex 100.3 65.8 45.3421
      vertex 100.3 65.8 45.3721
    endloop
  endfacet
  facet normal 1 0 0
    outer loop
      vertex 100.3 65.8 45.3421
      vertex 100.3 58.7 45.3721
      vertex 100.3 58.7 45.3421
    endloop
  endfacet
  facet normal -1 0 0
    outer loop
      vertex 99.1 58.7 45.3421
      vertex 99.1 65.8 46.6521
      vertex 99.1 65.8 45.3421
    endloop
  endfacet
  facet normal -1 -0 0
    outer loop
      vertex 99.1 65.8 46.6521
      vertex 99.1 58.7 45.3421
      vertex 99.1 58.7 46.6521
    endloop
  endfacet
  facet normal -0.381022 -0.924566 0
    outer loop
      vertex 86.1 83.9714 45.3421
      vertex 88.3033 83.0634 46.6521
      vertex 86.1 83.9714 46.6521
    endloop
  endfacet
  facet normal -0.381022 -0.924566 -0
    outer loop
      vertex 88.3033 83.0634 46.6521
      vertex 86.1 83.9714 45.3421
      vertex 88.3033 83.0634 45.3421
    endloop
  endfacet
  facet normal -0.492628 -0.87024 0
    outer loop
      vertex 88.3033 83.0634 45.3421
      vertex 90.3772 81.8894 46.6521
      vertex 88.3033 83.0634 46.6521
    endloop
  endfacet
  facet normal -0.492628 -0.87024 -0
    outer loop
      vertex 90.3772 81.8894 46.6521
      vertex 88.3033 83.0634 45.3421
      vertex 90.3772 81.8894 45.3421
    endloop
  endfacet
  facet normal -0.596638 -0.802511 0
    outer loop
      vertex 90.3772 81.8894 45.3421
      vertex 92.2896 80.4676 46.6521
      vertex 90.3772 81.8894 46.6521
    endloop
  endfacet
  facet normal -0.596638 -0.802511 -0
    outer loop
      vertex 92.2896 80.4676 46.6521
      vertex 90.3772 81.8894 45.3421
      vertex 92.2896 80.4676 45.3421
    endloop
  endfacet
  facet normal -0.691453 -0.722421 0
    outer loop
      vertex 92.2896 80.4676 45.3421
      vertex 94.0112 78.8198 46.6521
      vertex 92.2896 80.4676 46.6521
    endloop
  endfacet
  facet normal -0.691453 -0.722421 -0
    outer loop
      vertex 94.0112 78.8198 46.6521
      vertex 92.2896 80.4676 45.3421
      vertex 94.0112 78.8198 45.3421
    endloop
  endfacet
  facet normal -0.775626 -0.631193 0
    outer loop
      vertex 95.5154 76.9714 45.3421
      vertex 94.0112 78.8198 46.6521
      vertex 94.0112 78.8198 45.3421
    endloop
  endfacet
  facet normal -0.775626 -0.631193 0
    outer loop
      vertex 94.0112 78.8198 46.6521
      vertex 95.5154 76.9714 45.3421
      vertex 95.5154 76.9714 46.6521
    endloop
  endfacet
  facet normal -0.84785 -0.530237 0
    outer loop
      vertex 96.779 74.9509 45.3421
      vertex 95.5154 76.9714 46.6521
      vertex 95.5154 76.9714 45.3421
    endloop
  endfacet
  facet normal -0.84785 -0.530237 0
    outer loop
      vertex 95.5154 76.9714 46.6521
      vertex 96.779 74.9509 45.3421
      vertex 96.779 74.9509 46.6521
    endloop
  endfacet
  facet normal -0.906994 -0.421143 0
    outer loop
      vertex 97.7826 72.7895 45.3421
      vertex 96.779 74.9509 46.6521
      vertex 96.779 74.9509 45.3421
    endloop
  endfacet
  facet normal -0.906994 -0.421143 0
    outer loop
      vertex 96.779 74.9509 46.6521
      vertex 97.7826 72.7895 45.3421
      vertex 97.7826 72.7895 46.6521
    endloop
  endfacet
  facet normal -0.952186 -0.30552 0
    outer loop
      vertex 98.5107 70.5203 45.3421
      vertex 97.7826 72.7895 46.6521
      vertex 97.7826 72.7895 45.3421
    endloop
  endfacet
  facet normal -0.952186 -0.30552 0
    outer loop
      vertex 97.7826 72.7895 46.6521
      vertex 98.5107 70.5203 45.3421
      vertex 98.5107 70.5203 46.6521
    endloop
  endfacet
  facet normal -0.982696 -0.185226 0
    outer loop
      vertex 98.9521 68.1785 45.3421
      vertex 98.5107 70.5203 46.6521
      vertex 98.5107 70.5203 45.3421
    endloop
  endfacet
  facet normal -0.982696 -0.185226 0
    outer loop
      vertex 98.5107 70.5203 46.6521
      vertex 98.9521 68.1785 45.3421
      vertex 98.9521 68.1785 46.6521
    endloop
  endfacet
  facet normal -0.998072 -0.0620622 0
    outer loop
      vertex 99.1 65.8 45.3421
      vertex 98.9521 68.1785 46.6521
      vertex 98.9521 68.1785 45.3421
    endloop
  endfacet
  facet normal -0.998072 -0.0620622 0
    outer loop
      vertex 98.9521 68.1785 46.6521
      vertex 99.1 65.8 45.3421
      vertex 99.1 65.8 46.6521
    endloop
  endfacet
  facet normal -1 0 0
    outer loop
      vertex 86.1 83.9714 45.3421
      vertex 86.1 85.235 45.3721
      vertex 86.1 85.235 45.3421
    endloop
  endfacet
  facet normal -1 -0 0
    outer loop
      vertex 86.1 85.235 45.3721
      vertex 86.1 83.9714 45.3421
      vertex 86.1 85.2002 46.0018
    endloop
  endfacet
  facet normal -1 0 0
    outer loop
      vertex 86.1 83.9714 46.6521
      vertex 86.1 85.2002 46.0018
      vertex 86.1 83.9714 45.3421
    endloop
  endfacet
  facet normal -1 0 0
    outer loop
      vertex 86.1 85.2002 46.0018
      vertex 86.1 83.9714 46.6521
      vertex 86.1 85.1558 46.3205
    endloop
  endfacet
  facet normal -1 0 0
    outer loop
      vertex 86.1 85.0974 46.6195
      vertex 86.1 83.9714 46.6521
      vertex 86.1 84.9107 47.2721
    endloop
  endfacet
  facet normal -1 0 0
    outer loop
      vertex 86.1 83.9714 47.1221
      vertex 86.1 84.9107 47.2721
      vertex 86.1 83.9714 46.6521
    endloop
  endfacet
  facet normal -1 0 0
    outer loop
      vertex 86.1 85.1558 46.3205
      vertex 86.1 83.9714 46.6521
      vertex 86.1 85.0974 46.6195
    endloop
  endfacet
  facet normal -1 -0 0
    outer loop
      vertex 86.1 84.9107 47.2721
      vertex 86.1 83.9714 47.1221
      vertex 86.1 84.669 47.8566
    endloop
  endfacet
  facet normal -1 0 0
    outer loop
      vertex 86.1 83.76 48.1221
      vertex 86.1 84.669 47.8566
      vertex 86.1 83.9714 47.1221
    endloop
  endfacet
  facet normal -1 0 0
    outer loop
      vertex 86.1 83.76 48.1221
      vertex 86.1 83.9714 47.1221
      vertex 86.1 83.76 47.1221
    endloop
  endfacet
  facet normal -1 0 0
    outer loop
      vertex 86.1 84.669 47.8566
      vertex 86.1 83.76 48.1221
      vertex 86.1 84.5334 48.1221
    endloop
  endfacet
  facet normal -0.384187 -0.923255 0
    outer loop
      vertex 86.1 83.76 47.1221
      vertex 88.271 82.8566 48.1221
      vertex 86.1 83.76 48.1221
    endloop
  endfacet
  facet normal -0.384187 -0.923255 -0
    outer loop
      vertex 88.271 82.8566 48.1221
      vertex 86.1 83.76 47.1221
      vertex 88.271 82.8566 47.1221
    endloop
  endfacet
  facet normal -0.495274 -0.868737 0
    outer loop
      vertex 90 81.8708 47.1221
      vertex 90.3138 81.6919 48.1221
      vertex 90 81.8708 48.1221
    endloop
  endfacet
  facet normal -0.495274 -0.868737 -0
    outer loop
      vertex 90.3138 81.6919 48.1221
      vertex 90 81.8708 47.1221
      vertex 90.3138 81.6919 47.1221
    endloop
  endfacet
  facet normal -0.495304 -0.86872 0
    outer loop
      vertex 88.271 82.8566 47.1221
      vertex 89.7734 82 48.1221
      vertex 88.271 82.8566 48.1221
    endloop
  endfacet
  facet normal -0.495304 -0.86872 -0
    outer loop
      vertex 89.7734 82 48.1221
      vertex 88.271 82.8566 47.1221
      vertex 89.7734 82 47.1221
    endloop
  endfacet
  facet normal -0.598802 -0.800897 0
    outer loop
      vertex 90.3138 81.6919 47.1221
      vertex 92.197 80.2839 48.1221
      vertex 90.3138 81.6919 48.1221
    endloop
  endfacet
  facet normal -0.598802 -0.800897 -0
    outer loop
      vertex 92.197 80.2839 48.1221
      vertex 90.3138 81.6919 47.1221
      vertex 92.197 80.2839 47.1221
    endloop
  endfacet
  facet normal -0.69315 -0.720793 0
    outer loop
      vertex 92.197 80.2839 47.1221
      vertex 93.8919 78.654 48.1221
      vertex 92.197 80.2839 48.1221
    endloop
  endfacet
  facet normal -0.69315 -0.720793 -0
    outer loop
      vertex 93.8919 78.654 48.1221
      vertex 92.197 80.2839 47.1221
      vertex 93.8919 78.654 47.1221
    endloop
  endfacet
  facet normal -0.776858 -0.629676 0
    outer loop
      vertex 95.3726 76.8272 47.1221
      vertex 93.8919 78.654 48.1221
      vertex 93.8919 78.654 47.1221
    endloop
  endfacet
  facet normal -0.776858 -0.629676 0
    outer loop
      vertex 93.8919 78.654 48.1221
      vertex 95.3726 76.8272 47.1221
      vertex 95.3726 76.8272 48.1221
    endloop
  endfacet
  facet normal -0.848695 -0.528882 0
    outer loop
      vertex 96.6162 74.8316 47.1221
      vertex 95.3726 76.8272 48.1221
      vertex 95.3726 76.8272 47.1221
    endloop
  endfacet
  facet normal -0.848695 -0.528882 0
    outer loop
      vertex 95.3726 76.8272 48.1221
      vertex 96.6162 74.8316 47.1221
      vertex 96.6162 74.8316 48.1221
    endloop
  endfacet
  facet normal -0.907526 -0.419996 0
    outer loop
      vertex 97.6038 72.6976 47.1221
      vertex 96.6162 74.8316 48.1221
      vertex 96.6162 74.8316 47.1221
    endloop
  endfacet
  facet normal -0.907526 -0.419996 0
    outer loop
      vertex 96.6162 74.8316 48.1221
      vertex 97.6038 72.6976 47.1221
      vertex 97.6038 72.6976 48.1221
    endloop
  endfacet
  facet normal -0.952462 -0.304658 0
    outer loop
      vertex 98.3202 70.4579 47.1221
      vertex 97.6038 72.6976 48.1221
      vertex 97.6038 72.6976 47.1221
    endloop
  endfacet
  facet normal -0.952462 -0.304658 0
    outer loop
      vertex 97.6038 72.6976 48.1221
      vertex 98.3202 70.4579 47.1221
      vertex 98.3202 70.4579 48.1221
    endloop
  endfacet
  facet normal -0.982796 -0.184694 0
    outer loop
      vertex 98.7545 68.1469 47.1221
      vertex 98.3202 70.4579 48.1221
      vertex 98.3202 70.4579 47.1221
    endloop
  endfacet
  facet normal -0.982796 -0.184694 0
    outer loop
      vertex 98.3202 70.4579 48.1221
      vertex 98.7545 68.1469 47.1221
      vertex 98.7545 68.1469 48.1221
    endloop
  endfacet
  facet normal -0.998084 -0.0618779 0
    outer loop
      vertex 98.9 65.8 47.1221
      vertex 98.7545 68.1469 48.1221
      vertex 98.7545 68.1469 47.1221
    endloop
  endfacet
  facet normal -0.998084 -0.0618779 0
    outer loop
      vertex 98.7545 68.1469 48.1221
      vertex 98.9 65.8 47.1221
      vertex 98.9 65.8 48.1221
    endloop
  endfacet
  facet normal -1 0 0
    outer loop
      vertex 98.9 58.7 47.1221
      vertex 98.9 65.8 48.1221
      vertex 98.9 65.8 47.1221
    endloop
  endfacet
  facet normal -1 -0 0
    outer loop
      vertex 98.9 65.8 48.1221
      vertex 98.9 58.7 47.1221
      vertex 98.9 58.7 48.1221
    endloop
  endfacet
  facet normal -0.64278 0.766051 0
    outer loop
      vertex 95.95 58.8073 44.5221
      vertex 94.8687 57.9 47.1221
      vertex 95.95 58.8073 47.1221
    endloop
  endfacet
  facet normal -0.64278 0.766051 0
    outer loop
      vertex 94.8687 57.9 47.1221
      vertex 95.95 58.8073 44.5221
      vertex 94.8687 57.9 44.5221
    endloop
  endfacet
  facet normal 0 -1 0
    outer loop
      vertex 93.7 65.4502 45.3721
      vertex 95.95 65.4502 46.0221
      vertex 93.7 65.4502 46.0221
    endloop
  endfacet
  facet normal 0 -1 -0
    outer loop
      vertex 95.95 65.4502 46.0221
      vertex 93.7 65.4502 45.3721
      vertex 95.95 65.4502 45.3721
    endloop
  endfacet
  facet normal 0.0872239 -0.996189 0
    outer loop
      vertex 93.5264 65.435 45.3721
      vertex 93.7 65.4502 46.0221
      vertex 93.5264 65.435 46.0221
    endloop
  endfacet
  facet normal 0.0872239 -0.996189 0
    outer loop
      vertex 93.7 65.4502 46.0221
      vertex 93.5264 65.435 45.3721
      vertex 93.7 65.4502 45.3721
    endloop
  endfacet
  facet normal 0.258698 -0.965958 0
    outer loop
      vertex 93.358 65.3899 45.3721
      vertex 93.5264 65.435 46.0221
      vertex 93.358 65.3899 46.0221
    endloop
  endfacet
  facet normal 0.258698 -0.965958 0
    outer loop
      vertex 93.5264 65.435 46.0221
      vertex 93.358 65.3899 45.3721
      vertex 93.5264 65.435 45.3721
    endloop
  endfacet
  facet normal 0.422728 -0.906256 0
    outer loop
      vertex 93.2 65.3162 45.3721
      vertex 93.358 65.3899 46.0221
      vertex 93.2 65.3162 46.0221
    endloop
  endfacet
  facet normal 0.422728 -0.906256 0
    outer loop
      vertex 93.358 65.3899 46.0221
      vertex 93.2 65.3162 45.3721
      vertex 93.358 65.3899 45.3721
    endloop
  endfacet
  facet normal 0.573616 -0.819124 0
    outer loop
      vertex 93.0572 65.2162 45.3721
      vertex 93.2 65.3162 46.0221
      vertex 93.0572 65.2162 46.0221
    endloop
  endfacet
  facet normal 0.573616 -0.819124 0
    outer loop
      vertex 93.2 65.3162 46.0221
      vertex 93.0572 65.2162 45.3721
      vertex 93.2 65.3162 45.3721
    endloop
  endfacet
  facet normal 0.707107 -0.707107 0
    outer loop
      vertex 92.934 65.093 46.0221
      vertex 93.0572 65.2162 45.3721
      vertex 93.0572 65.2162 46.0221
    endloop
  endfacet
  facet normal 0.707107 -0.707107 0
    outer loop
      vertex 93.0572 65.2162 45.3721
      vertex 92.934 65.093 46.0221
      vertex 92.934 65.093 45.3721
    endloop
  endfacet
  facet normal 0.819124 -0.573616 0
    outer loop
      vertex 92.834 64.9502 46.0221
      vertex 92.934 65.093 45.3721
      vertex 92.934 65.093 46.0221
    endloop
  endfacet
  facet normal 0.819124 -0.573616 0
    outer loop
      vertex 92.934 65.093 45.3721
      vertex 92.834 64.9502 46.0221
      vertex 92.834 64.9502 45.3721
    endloop
  endfacet
  facet normal 0.906256 -0.422728 0
    outer loop
      vertex 92.7603 64.7922 46.0221
      vertex 92.834 64.9502 45.3721
      vertex 92.834 64.9502 46.0221
    endloop
  endfacet
  facet normal 0.906256 -0.422728 0
    outer loop
      vertex 92.834 64.9502 45.3721
      vertex 92.7603 64.7922 46.0221
      vertex 92.7603 64.7922 45.3721
    endloop
  endfacet
  facet normal 0.965958 -0.258698 0
    outer loop
      vertex 92.7152 64.6238 46.0221
      vertex 92.7603 64.7922 45.3721
      vertex 92.7603 64.7922 46.0221
    endloop
  endfacet
  facet normal 0.965958 -0.258698 0
    outer loop
      vertex 92.7603 64.7922 45.3721
      vertex 92.7152 64.6238 46.0221
      vertex 92.7152 64.6238 45.3721
    endloop
  endfacet
  facet normal 0.996189 -0.0872239 0
    outer loop
      vertex 92.7 64.4502 46.0221
      vertex 92.7152 64.6238 45.3721
      vertex 92.7152 64.6238 46.0221
    endloop
  endfacet
  facet normal 0.996189 -0.0872239 0
    outer loop
      vertex 92.7152 64.6238 45.3721
      vertex 92.7 64.4502 46.0221
      vertex 92.7 64.4502 45.3721
    endloop
  endfacet
  facet normal 1 -0 0
    outer loop
      vertex 92.7 64.0002 46.0221
      vertex 92.7 64.4502 45.3721
      vertex 92.7 64.4502 46.0221
    endloop
  endfacet
  facet normal 1 0 0
    outer loop
      vertex 92.7 64.4502 45.3721
      vertex 92.7 64.0002 46.0221
      vertex 92.7 64.0002 45.3721
    endloop
  endfacet
  facet normal 0.996193 0.0871741 0
    outer loop
      vertex 92.7152 63.8265 46.0221
      vertex 92.7 64.0002 45.3721
      vertex 92.7 64.0002 46.0221
    endloop
  endfacet
  facet normal 0.996193 0.0871741 0
    outer loop
      vertex 92.7 64.0002 45.3721
      vertex 92.7152 63.8265 46.0221
      vertex 92.7152 63.8265 45.3721
    endloop
  endfacet
  facet normal 0.96592 0.258841 0
    outer loop
      vertex 92.7603 63.6582 46.0221
      vertex 92.7152 63.8265 45.3721
      vertex 92.7152 63.8265 46.0221
    endloop
  endfacet
  facet normal 0.96592 0.258841 0
    outer loop
      vertex 92.7152 63.8265 45.3721
      vertex 92.7603 63.6582 46.0221
      vertex 92.7603 63.6582 45.3721
    endloop
  endfacet
  facet normal 0.906256 0.422728 0
    outer loop
      vertex 92.834 63.5002 46.0221
      vertex 92.7603 63.6582 45.3721
      vertex 92.7603 63.6582 46.0221
    endloop
  endfacet
  facet normal 0.906256 0.422728 0
    outer loop
      vertex 92.7603 63.6582 45.3721
      vertex 92.834 63.5002 46.0221
      vertex 92.834 63.5002 45.3721
    endloop
  endfacet
  facet normal 0.819124 0.573616 0
    outer loop
      vertex 92.934 63.3574 46.0221
      vertex 92.834 63.5002 45.3721
      vertex 92.834 63.5002 46.0221
    endloop
  endfacet
  facet normal 0.819124 0.573616 0
    outer loop
      vertex 92.834 63.5002 45.3721
      vertex 92.934 63.3574 46.0221
      vertex 92.934 63.3574 45.3721
    endloop
  endfacet
  facet normal 0.707107 0.707107 0
    outer loop
      vertex 93.0572 63.2342 46.0221
      vertex 92.934 63.3574 45.3721
      vertex 92.934 63.3574 46.0221
    endloop
  endfacet
  facet normal 0.707107 0.707107 0
    outer loop
      vertex 92.934 63.3574 45.3721
      vertex 93.0572 63.2342 46.0221
      vertex 93.0572 63.2342 45.3721
    endloop
  endfacet
  facet normal 0.573616 0.819124 -0
    outer loop
      vertex 93.2 63.1342 45.3721
      vertex 93.0572 63.2342 46.0221
      vertex 93.2 63.1342 46.0221
    endloop
  endfacet
  facet normal 0.573616 0.819124 0
    outer loop
      vertex 93.0572 63.2342 46.0221
      vertex 93.2 63.1342 45.3721
      vertex 93.0572 63.2342 45.3721
    endloop
  endfacet
  facet normal 0.422728 0.906256 -0
    outer loop
      vertex 93.358 63.0605 45.3721
      vertex 93.2 63.1342 46.0221
      vertex 93.358 63.0605 46.0221
    endloop
  endfacet
  facet normal 0.422728 0.906256 0
    outer loop
      vertex 93.2 63.1342 46.0221
      vertex 93.358 63.0605 45.3721
      vertex 93.2 63.1342 45.3721
    endloop
  endfacet
  facet normal 0.258698 0.965958 -0
    outer loop
      vertex 93.5264 63.0154 45.3721
      vertex 93.358 63.0605 46.0221
      vertex 93.5264 63.0154 46.0221
    endloop
  endfacet
  facet normal 0.258698 0.965958 0
    outer loop
      vertex 93.358 63.0605 46.0221
      vertex 93.5264 63.0154 45.3721
      vertex 93.358 63.0605 45.3721
    endloop
  endfacet
  facet normal 0.0872239 0.996189 -0
    outer loop
      vertex 93.7 63.0002 45.3721
      vertex 93.5264 63.0154 46.0221
      vertex 93.7 63.0002 46.0221
    endloop
  endfacet
  facet normal 0.0872239 0.996189 0
    outer loop
      vertex 93.5264 63.0154 46.0221
      vertex 93.7 63.0002 45.3721
      vertex 93.5264 63.0154 45.3721
    endloop
  endfacet
  facet normal 0 1 -0
    outer loop
      vertex 95.95 63.0002 45.3721
      vertex 93.7 63.0002 46.0221
      vertex 95.95 63.0002 46.0221
    endloop
  endfacet
  facet normal 0 1 0
    outer loop
      vertex 93.7 63.0002 46.0221
      vertex 95.95 63.0002 45.3721
      vertex 93.7 63.0002 45.3721
    endloop
  endfacet
  facet normal 0 -1 0
    outer loop
      vertex 93.7082 59.9 44.5221
      vertex 95.95 59.9 46.0221
      vertex 93.7082 59.9 46.0221
    endloop
  endfacet
  facet normal 0 -1 -0
    outer loop
      vertex 95.95 59.9 46.0221
      vertex 93.7082 59.9 44.5221
      vertex 95.95 59.9 44.5221
    endloop
  endfacet
  facet normal 0.422688 -0.906275 0
    outer loop
      vertex 92.1618 62.2942 46.0221
      vertex 93.0681 62.7169 46.9221
      vertex 92.1618 62.2942 46.9221
    endloop
  endfacet
  facet normal 0.422688 -0.906275 0
    outer loop
      vertex 93.0681 62.7169 46.9221
      vertex 92.1618 62.2942 46.0221
      vertex 93.0681 62.7169 46.0221
    endloop
  endfacet
  facet normal 0.906326 0.42258 0
    outer loop
      vertex 93.0681 62.7169 46.9221
      vertex 93.0681 62.7169 46.0221
      vertex 92.7503 63.3985 47.6742
    endloop
  endfacet
  facet normal 0.906311 0.422612 -1.60798e-05
    outer loop
      vertex 92.7503 63.3985 47.6742
      vertex 93.0681 62.7169 46.0221
      vertex 92.0961 64.8014 46.0221
    endloop
  endfacet
  facet normal 0.906304 0.422627 0
    outer loop
      vertex 92.0961 64.8014 47.6742
      vertex 92.7503 63.3985 47.6742
      vertex 92.0961 64.8014 46.0221
    endloop
  endfacet
  facet normal -0.422631 0.906302 0
    outer loop
      vertex 92.0961 64.8014 46.0221
      vertex 90.9632 64.2731 47.5868
      vertex 92.0961 64.8014 47.6742
    endloop
  endfacet
  facet normal -0.422631 0.906302 0
    outer loop
      vertex 90.9632 64.2731 47.5868
      vertex 92.0961 64.8014 46.0221
      vertex 90.9632 64.2731 46.0221
    endloop
  endfacet
  facet normal 1 0 0
    outer loop
      vertex 93.7082 58.9 48.3221
      vertex 93.7082 57.9 48.3221
      vertex 93.7082 58.9 46.0221
    endloop
  endfacet
  facet normal 1 -0 0
    outer loop
      vertex 93.7082 58.9 46.0221
      vertex 93.7082 59.9 44.5221
      vertex 93.7082 59.9 46.0221
    endloop
  endfacet
  facet normal 1 0 0
    outer loop
      vertex 93.7082 58.9 46.0221
      vertex 93.7082 57.9 44.5221
      vertex 93.7082 59.9 44.5221
    endloop
  endfacet
  facet normal 1 0 0
    outer loop
      vertex 93.7082 57.9 44.5221
      vertex 93.7082 58.9 46.0221
      vertex 93.7082 57.9 48.3221
    endloop
  endfacet
  facet normal 0 1 0
    outer loop
      vertex 94.8687 57.9 47.1221
      vertex 94.9263 57.9 48.3221
      vertex 94.9263 57.9 47.1221
    endloop
  endfacet
  facet normal 0 1 0
    outer loop
      vertex 94.9263 57.9 48.3221
      vertex 94.8687 57.9 47.1221
      vertex 93.7082 57.9 48.3221
    endloop
  endfacet
  facet normal 0 1 0
    outer loop
      vertex 93.7082 57.9 44.5221
      vertex 94.8687 57.9 47.1221
      vertex 94.8687 57.9 44.5221
    endloop
  endfacet
  facet normal 0 1 0
    outer loop
      vertex 94.8687 57.9 47.1221
      vertex 93.7082 57.9 44.5221
      vertex 93.7082 57.9 48.3221
    endloop
  endfacet
  facet normal 0.906308 0.422618 5.1622e-06
    outer loop
      vertex 90.6947 64.8489 47.5868
      vertex 90.9632 64.2731 47.5868
      vertex 90.4138 65.4513 46.9221
    endloop
  endfacet
  facet normal 0.906309 0.422616 -0
    outer loop
      vertex 90.9632 64.2731 46.0221
      vertex 90.4138 65.4513 46.9221
      vertex 90.9632 64.2731 47.5868
    endloop
  endfacet
  facet normal 0.906309 0.422616 0
    outer loop
      vertex 90.4138 65.4513 46.9221
      vertex 90.9632 64.2731 46.0221
      vertex 90.4138 65.4513 46.0221
    endloop
  endfacet
  facet normal -1 0 0
    outer loop
      vertex 90.4138 65.4513 44.4721
      vertex 90.4138 66.0193 46.0221
      vertex 90.4138 66.0193 44.4721
    endloop
  endfacet
  facet normal -1 -0 0
    outer loop
      vertex 90.4138 66.0193 46.0221
      vertex 90.4138 65.4513 44.4721
      vertex 90.4138 65.4513 46.0221
    endloop
  endfacet
  facet normal -0.298851 0.640865 0.707093
    outer loop
      vertex 90 64.8437 47.2979
      vertex 90.6947 64.8489 47.5868
      vertex 90.4138 65.4513 46.9221
    endloop
  endfacet
  facet normal -0.298854 0.640853 0.707102
    outer loop
      vertex 90.6947 64.8489 47.5868
      vertex 90 64.8437 47.2979
      vertex 90 64.5822 47.5349
    endloop
  endfacet
  facet normal -0.298913 0.640882 0.707051
    outer loop
      vertex 90.4138 65.4513 46.9221
      vertex 90 65.2583 46.9221
      vertex 90 64.8437 47.2979
    endloop
  endfacet
  facet normal -0.422694 0.906273 0
    outer loop
      vertex 90.4138 65.4513 46.9221
      vertex 90 65.2583 46.712
      vertex 90 65.2583 46.9221
    endloop
  endfacet
  facet normal -0.422694 0.906273 0
    outer loop
      vertex 90.4138 65.4513 46.0221
      vertex 90 65.2583 46.712
      vertex 90.4138 65.4513 46.9221
    endloop
  endfacet
  facet normal -0.422533 0.906348 0.000117423
    outer loop
      vertex 90.4138 65.4513 46.0221
      vertex 89.5075 65.0287 46.712
      vertex 90 65.2583 46.712
    endloop
  endfacet
  facet normal -0.422606 0.906313 0
    outer loop
      vertex 89.5075 65.0287 44.4721
      vertex 90.4138 65.4513 46.0221
      vertex 90.4138 65.4513 44.4721
    endloop
  endfacet
  facet normal -0.422606 0.906313 0
    outer loop
      vertex 90.4138 65.4513 46.0221
      vertex 89.5075 65.0287 44.4721
      vertex 89.5075 65.0287 46.712
    endloop
  endfacet
  facet normal -0.906276 -0.422686 2.55638e-07
    outer loop
      vertex 90.0569 63.8505 44.4721
      vertex 90 63.9725 46.712
      vertex 89.8376 64.3207 46.712
    endloop
  endfacet
  facet normal -0.906278 -0.422682 -0
    outer loop
      vertex 90.0569 63.8505 47.5169
      vertex 90 63.9725 46.712
      vertex 90.0569 63.8505 44.4721
    endloop
  endfacet
  facet normal -0.906278 -0.422682 0
    outer loop
      vertex 90 63.9725 46.712
      vertex 90.0569 63.8505 47.5169
      vertex 90 63.9725 47.5169
    endloop
  endfacet
  facet normal -0.906309 -0.422616 -1.77142e-05
    outer loop
      vertex 90.0569 63.8505 44.4721
      vertex 89.8376 64.3207 46.712
      vertex 89.5546 64.9276 46.712
    endloop
  endfacet
  facet normal -0.906458 -0.422296 0
    outer loop
      vertex 89.5075 65.0287 44.4721
      vertex 89.5546 64.9276 46.712
      vertex 89.5075 65.0287 46.712
    endloop
  endfacet
  facet normal -0.906309 -0.422616 -1.75558e-05
    outer loop
      vertex 89.5546 64.9276 46.712
      vertex 89.5075 65.0287 44.4721
      vertex 90.0569 63.8505 44.4721
    endloop
  endfacet
  facet normal -0.423495 0.905898 0
    outer loop
      vertex 90.0569 63.8505 47.5169
      vertex 90 63.8239 46.712
      vertex 90 63.8239 47.5125
    endloop
  endfacet
  facet normal -0.423495 0.905898 0
    outer loop
      vertex 90.0569 63.8505 44.4721
      vertex 90 63.8239 46.712
      vertex 90.0569 63.8505 47.5169
    endloop
  endfacet
  facet normal -0.422674 0.906282 2.54301e-05
    outer loop
      vertex 89.3772 63.5335 44.4721
      vertex 90 63.8239 46.712
      vertex 90.0569 63.8505 44.4721
    endloop
  endfacet
  facet normal -0.422599 0.906317 0
    outer loop
      vertex 90 63.8239 46.712
      vertex 89.3772 63.5335 44.4721
      vertex 89.3772 63.5335 46.712
    endloop
  endfacet
  facet normal -0.906313 -0.422606 0
    outer loop
      vertex 89.7998 62.6272 44.4721
      vertex 89.3772 63.5335 46.712
      vertex 89.3772 63.5335 44.4721
    endloop
  endfacet
  facet normal -0.906313 -0.422606 0
    outer loop
      vertex 89.3772 63.5335 46.712
      vertex 89.7998 62.6272 44.4721
      vertex 89.7998 62.6272 46.712
    endloop
  endfacet
  facet normal -0.0633843 -0.029424 0.997555
    outer loop
      vertex 90.0569 63.8505 47.5169
      vertex 90 63.8239 47.5125
      vertex 90 63.5798 47.5053
    endloop
  endfacet
  facet normal -0.0632545 -0.0293617 0.997565
    outer loop
      vertex 90 64.4463 47.5309
      vertex 90.6947 64.8489 47.5868
      vertex 90 64.5822 47.5349
    endloop
  endfacet
  facet normal -0.0631932 -0.0294675 0.997566
    outer loop
      vertex 90.6947 64.8489 47.5868
      vertex 90 64.4463 47.5309
      vertex 90.9632 64.2731 47.5868
    endloop
  endfacet
  facet normal -0.0631948 -0.0294764 0.997566
    outer loop
      vertex 90 63.9725 47.5169
      vertex 90.9632 64.2731 47.5868
      vertex 90 64.4463 47.5309
    endloop
  endfacet
  facet normal -0.0631956 -0.029474 0.997566
    outer loop
      vertex 90.9632 64.2731 47.5868
      vertex 90 63.9725 47.5169
      vertex 90.0569 63.8505 47.5169
    endloop
  endfacet
  facet normal -0.0632007 -0.029463 0.997566
    outer loop
      vertex 90 63.5798 47.5053
      vertex 90.9632 64.2731 47.5868
      vertex 90.0569 63.8505 47.5169
    endloop
  endfacet
  facet normal -0.0631661 -0.0295112 0.997567
    outer loop
      vertex 90.9632 64.2731 47.5868
      vertex 90 63.5798 47.5053
      vertex 90 62.9105 47.4855
    endloop
  endfacet
  facet normal -0.0627446 -0.0298104 0.997584
    outer loop
      vertex 90 62.8168 47.4827
      vertex 90.9632 64.2731 47.5868
      vertex 90 62.9105 47.4855
    endloop
  endfacet
  facet normal -0.0631986 -0.0295088 0.997565
    outer loop
      vertex 90.9632 64.2731 47.5868
      vertex 90 62.8168 47.4827
      vertex 92.0961 64.8014 47.6742
    endloop
  endfacet
  facet normal -0.0632599 -0.0294438 0.997563
    outer loop
      vertex 90 62.8168 47.4827
      vertex 91.6124 63.4724 47.6043
      vertex 92.0961 64.8014 47.6742
    endloop
  endfacet
  facet normal -0.0634262 -0.0290351 0.997564
    outer loop
      vertex 91.6124 63.4724 47.6043
      vertex 90 62.8168 47.4827
      vertex 90 62.7206 47.4799
    endloop
  endfacet
  facet normal -0.0631932 -0.0294683 0.997566
    outer loop
      vertex 92.7503 63.3985 47.6742
      vertex 92.0961 64.8014 47.6742
      vertex 91.6124 63.4724 47.6043
    endloop
  endfacet
  facet normal -0.0631933 -0.0294691 0.997566
    outer loop
      vertex 91.8735 62.9125 47.6043
      vertex 92.7503 63.3985 47.6742
      vertex 91.6124 63.4724 47.6043
    endloop
  endfacet
  facet normal -0.906299 -0.422637 4.49871e-05
    outer loop
      vertex 92.1618 62.2942 46.9221
      vertex 91.8735 62.9125 47.6043
      vertex 91.6124 63.4724 47.6043
    endloop
  endfacet
  facet normal -0.906309 -0.422616 -0
    outer loop
      vertex 92.1618 62.2942 46.9221
      vertex 91.6124 63.4724 46.0221
      vertex 92.1618 62.2942 46.0221
    endloop
  endfacet
  facet normal -0.906309 -0.422616 0
    outer loop
      vertex 91.6124 63.4724 46.0221
      vertex 92.1618 62.2942 46.9221
      vertex 91.6124 63.4724 47.6043
    endloop
  endfacet
  facet normal 0.422584 -0.906324 0
    outer loop
      vertex 91.6124 63.4724 46.0221
      vertex 91.6124 63.4724 47.6043
      vertex 90.5424 62.9735 46.0221
    endloop
  endfacet
  facet normal 0.422584 -0.906324 0
    outer loop
      vertex 90 62.7206 47.0755
      vertex 91.6124 63.4724 47.6043
      vertex 90 62.7206 47.4799
    endloop
  endfacet
  facet normal 0.422584 -0.906324 1.64344e-07
    outer loop
      vertex 91.6124 63.4724 47.6043
      vertex 90 62.7206 47.0755
      vertex 90.5424 62.9735 46.0221
    endloop
  endfacet
  facet normal 0.422786 -0.906229 0.000194082
    outer loop
      vertex 89.7998 62.6272 46.712
      vertex 90.5424 62.9735 46.0221
      vertex 90 62.7206 46.712
    endloop
  endfacet
  facet normal 0.422638 -0.906298 0
    outer loop
      vertex 89.7998 62.6272 44.4721
      vertex 90.5424 62.9735 46.0221
      vertex 89.7998 62.6272 46.712
    endloop
  endfacet
  facet normal 0.422638 -0.906298 0
    outer loop
      vertex 90.5424 62.9735 46.0221
      vertex 89.7998 62.6272 44.4721
      vertex 90.5424 62.9735 44.4721
    endloop
  endfacet
  facet normal 0.422584 -0.906324 0
    outer loop
      vertex 90 62.7206 47.0755
      vertex 90 62.7206 46.712
      vertex 90.5424 62.9735 46.0221
    endloop
  endfacet
  facet normal 0.422606 -0.906313 0
    outer loop
      vertex 91.9073 72.4822 44.4721
      vertex 92.8136 72.9048 46.5221
      vertex 91.9073 72.4822 46.5221
    endloop
  endfacet
  facet normal 0.422606 -0.906313 0
    outer loop
      vertex 92.8136 72.9048 46.5221
      vertex 91.9073 72.4822 44.4721
      vertex 92.8136 72.9048 44.4721
    endloop
  endfacet
  facet normal 0.29883 -0.640865 0.707102
    outer loop
      vertex 92.8136 72.9048 46.5221
      vertex 92.391 73.8111 47.5221
      vertex 91.9073 72.4822 46.5221
    endloop
  endfacet
  facet normal 0.29883 -0.640865 0.707102
    outer loop
      vertex 91.9073 72.4822 46.5221
      vertex 92.391 73.8111 47.5221
      vertex 91.4847 73.3885 47.5221
    endloop
  endfacet
  facet normal -0.906313 -0.422606 -0
    outer loop
      vertex 91.9073 72.4822 46.5221
      vertex 91.4847 73.3885 44.4721
      vertex 91.9073 72.4822 44.4721
    endloop
  endfacet
  facet normal -0.906313 -0.422606 0
    outer loop
      vertex 91.4847 73.3885 44.4721
      vertex 91.9073 72.4822 46.5221
      vertex 91.4847 73.3885 47.5221
    endloop
  endfacet
  facet normal 0.906313 0.422606 0
    outer loop
      vertex 92.8136 72.9048 46.5221
      vertex 92.391 73.8111 44.4721
      vertex 92.391 73.8111 47.5221
    endloop
  endfacet
  facet normal 0.906313 0.422606 0
    outer loop
      vertex 92.391 73.8111 44.4721
      vertex 92.8136 72.9048 46.5221
      vertex 92.8136 72.9048 44.4721
    endloop
  endfacet
  facet normal 0.422657 -0.90629 0
    outer loop
      vertex 92.391 73.8111 47.5221
      vertex 93.4106 74.2866 47.1221
      vertex 93.4106 74.2866 48.2221
    endloop
  endfacet
  facet normal 0.422657 -0.90629 0
    outer loop
      vertex 92.391 73.8111 44.4721
      vertex 93.4106 74.2866 47.1221
      vertex 92.391 73.8111 47.5221
    endloop
  endfacet
  facet normal 0.422657 -0.90629 0
    outer loop
      vertex 93.4106 74.2866 47.1221
      vertex 92.391 73.8111 44.4721
      vertex 93.4106 74.2866 44.4721
    endloop
  endfacet
  facet normal 0.422584 -0.906324 0
    outer loop
      vertex 90.4651 72.9131 44.4721
      vertex 91.4847 73.3885 47.5221
      vertex 90.4651 72.9131 48.2221
    endloop
  endfacet
  facet normal 0.422584 -0.906324 0
    outer loop
      vertex 91.4847 73.3885 47.5221
      vertex 90.4651 72.9131 44.4721
      vertex 91.4847 73.3885 44.4721
    endloop
  endfacet
  facet normal 0.422164 -0.906519 -0.000477766
    outer loop
      vertex 91.4847 73.3885 47.5221
      vertex 90.627 72.9885 48.6052
      vertex 90.5711 72.9625 48.5435
    endloop
  endfacet
  facet normal 0.422447 -0.906387 -0.000169408
    outer loop
      vertex 91.4847 73.3885 47.5221
      vertex 90.5711 72.9625 48.5435
      vertex 90.5258 72.9414 48.4721
    endloop
  endfacet
  facet normal 0.422584 -0.906324 0.000128123
    outer loop
      vertex 93.4106 74.2866 48.2221
      vertex 93.405 74.284 48.3004
      vertex 92.391 73.8111 47.5221
    endloop
  endfacet
  facet normal 0.423039 -0.906111 -0.00059338
    outer loop
      vertex 93.405 74.284 48.3004
      vertex 93.3884 74.2762 48.3766
      vertex 92.391 73.8111 47.5221
    endloop
  endfacet
  facet normal 0.422762 -0.906241 0.000216882
    outer loop
      vertex 91.4847 73.3885 47.5221
      vertex 90.5258 72.9414 48.4721
      vertex 90.4924 72.9258 48.3932
    endloop
  endfacet
  facet normal 0.422527 -0.906351 -0.0001094
    outer loop
      vertex 91.4847 73.3885 47.5221
      vertex 90.4924 72.9258 48.3932
      vertex 90.472 72.9163 48.309
    endloop
  endfacet
  facet normal 0.422488 -0.906369 -0.00017015
    outer loop
      vertex 91.4847 73.3885 47.5221
      vertex 90.472 72.9163 48.309
      vertex 90.4651 72.9131 48.2221
    endloop
  endfacet
  facet normal 0.423352 -0.905965 -0.000495495
    outer loop
      vertex 93.0975 74.1406 48.6977
      vertex 93.0284 74.1083 48.716
      vertex 92.391 73.8111 47.5221
    endloop
  endfacet
  facet normal 0.422002 -0.906595 0.000381743
    outer loop
      vertex 93.0284 74.1083 48.716
      vertex 92.9575 74.0753 48.7221
      vertex 92.391 73.8111 47.5221
    endloop
  endfacet
  facet normal 0.422606 -0.906313 3.46338e-05
    outer loop
      vertex 92.391 73.8111 47.5221
      vertex 92.9575 74.0753 48.7221
      vertex 91.4847 73.3885 47.5221
    endloop
  endfacet
  facet normal 0.42262 -0.906307 1.37185e-05
    outer loop
      vertex 91.4847 73.3885 47.5221
      vertex 92.9575 74.0753 48.7221
      vertex 90.9183 73.1244 48.7221
    endloop
  endfacet
  facet normal 0.422632 -0.906302 2.02839e-05
    outer loop
      vertex 91.4847 73.3885 47.5221
      vertex 90.9183 73.1244 48.7221
      vertex 90.8396 73.0877 48.7145
    endloop
  endfacet
  facet normal 0.42273 -0.906256 -0.000154214
    outer loop
      vertex 93.3884 74.2762 48.3766
      vertex 93.3612 74.2635 48.4491
      vertex 92.391 73.8111 47.5221
    endloop
  endfacet
  facet normal 0.422612 -0.906311 -3.83341e-06
    outer loop
      vertex 93.3612 74.2635 48.4491
      vertex 93.3241 74.2462 48.516
      vertex 92.391 73.8111 47.5221
    endloop
  endfacet
  facet normal 0.422297 -0.906457 0.00035652
    outer loop
      vertex 93.3241 74.2462 48.516
      vertex 93.2779 74.2247 48.5757
      vertex 92.391 73.8111 47.5221
    endloop
  endfacet
  facet normal 0.422421 -0.9064 0.000229655
    outer loop
      vertex 93.2779 74.2247 48.5757
      vertex 93.2238 74.1995 48.6266
      vertex 92.391 73.8111 47.5221
    endloop
  endfacet
  facet normal 0.422976 -0.906141 -0.000279702
    outer loop
      vertex 93.2238 74.1995 48.6266
      vertex 93.1632 74.1712 48.6676
      vertex 92.391 73.8111 47.5221
    endloop
  endfacet
  facet normal 0.422307 -0.906453 0.000269168
    outer loop
      vertex 93.1632 74.1712 48.6676
      vertex 93.0975 74.1406 48.6977
      vertex 92.391 73.8111 47.5221
    endloop
  endfacet
  facet normal 0.42279 -0.906228 0.00012473
    outer loop
      vertex 91.4847 73.3885 47.5221
      vertex 90.8396 73.0877 48.7145
      vertex 90.7633 73.0521 48.692
    endloop
  endfacet
  facet normal 0.422717 -0.906262 6.99953e-05
    outer loop
      vertex 91.4847 73.3885 47.5221
      vertex 90.7633 73.0521 48.692
      vertex 90.6917 73.0187 48.6552
    endloop
  endfacet
  facet normal 0.422847 -0.906201 0.000180821
    outer loop
      vertex 91.4847 73.3885 47.5221
      vertex 90.6917 73.0187 48.6552
      vertex 90.627 72.9885 48.6052
    endloop
  endfacet
  facet normal -0.422606 0.906313 0
    outer loop
      vertex 94.0181 70.3218 44.4721
      vertex 93.1118 69.8992 46.5221
      vertex 94.0181 70.3218 46.5221
    endloop
  endfacet
  facet normal -0.422606 0.906313 0
    outer loop
      vertex 93.1118 69.8992 46.5221
      vertex 94.0181 70.3218 44.4721
      vertex 93.1118 69.8992 44.4721
    endloop
  endfacet
  facet normal -0.906306 -0.422622 0
    outer loop
      vertex 95.4603 69.891 44.4721
      vertex 95.4603 69.891 47.1221
      vertex 95.0028 70.8721 44.4721
    endloop
  endfacet
  facet normal -0.906308 -0.422618 0
    outer loop
      vertex 95.4603 69.891 47.1221
      vertex 93.4106 74.2866 47.1221
      vertex 93.4106 74.2866 44.4721
    endloop
  endfacet
  facet normal -0.906304 -0.422627 -1.86296e-05
    outer loop
      vertex 94.593 71.751 44.4721
      vertex 95.4603 69.891 47.1221
      vertex 93.4106 74.2866 44.4721
    endloop
  endfacet
  facet normal -0.906323 -0.422586 1.63319e-05
    outer loop
      vertex 95.0028 70.8721 44.4721
      vertex 95.4603 69.891 47.1221
      vertex 94.593 71.751 44.4721
    endloop
  endfacet
  facet normal -0.906313 -0.422606 0
    outer loop
      vertex 93.5344 68.9929 44.4721
      vertex 93.1118 69.8992 46.5221
      vertex 93.1118 69.8992 44.4721
    endloop
  endfacet
  facet normal -0.906313 -0.422606 0
    outer loop
      vertex 93.1118 69.8992 46.5221
      vertex 93.5344 68.9929 44.4721
      vertex 93.5344 68.9929 47.5221
    endloop
  endfacet
  facet normal -0.29883 0.640865 0.707102
    outer loop
      vertex 94.4407 69.4155 47.5221
      vertex 94.0181 70.3218 46.5221
      vertex 93.5344 68.9929 47.5221
    endloop
  endfacet
  facet normal -0.29883 0.640865 0.707102
    outer loop
      vertex 93.5344 68.9929 47.5221
      vertex 94.0181 70.3218 46.5221
      vertex 93.1118 69.8992 46.5221
    endloop
  endfacet
  facet normal 0.906313 0.422606 -0
    outer loop
      vertex 94.4407 69.4155 44.4721
      vertex 94.0181 70.3218 46.5221
      vertex 94.4407 69.4155 47.5221
    endloop
  endfacet
  facet normal 0.906313 0.422606 0
    outer loop
      vertex 94.0181 70.3218 46.5221
      vertex 94.4407 69.4155 44.4721
      vertex 94.0181 70.3218 44.4721
    endloop
  endfacet
  facet normal -0.422584 0.906324 0
    outer loop
      vertex 92.5148 68.5175 44.4721
      vertex 93.5344 68.9929 47.5221
      vertex 93.5344 68.9929 44.4721
    endloop
  endfacet
  facet normal -0.422584 0.906324 0
    outer loop
      vertex 93.5344 68.9929 47.5221
      vertex 92.5148 68.5175 44.4721
      vertex 92.5148 68.5175 48.2221
    endloop
  endfacet
  facet normal -0.422657 0.90629 0
    outer loop
      vertex 95.4603 69.891 47.1221
      vertex 94.4407 69.4155 47.5221
      vertex 95.4603 69.891 48.2221
    endloop
  endfacet
  facet normal -0.422657 0.90629 0
    outer loop
      vertex 94.4407 69.4155 44.4721
      vertex 95.4603 69.891 47.1221
      vertex 95.4603 69.891 44.4721
    endloop
  endfacet
  facet normal -0.422657 0.90629 0
    outer loop
      vertex 95.4603 69.891 47.1221
      vertex 94.4407 69.4155 44.4721
      vertex 94.4407 69.4155 47.5221
    endloop
  endfacet
  facet normal -0.422584 0.906324 -0.000128123
    outer loop
      vertex 95.4547 69.8884 48.3004
      vertex 95.4603 69.891 48.2221
      vertex 94.4407 69.4155 47.5221
    endloop
  endfacet
  facet normal -0.42262 0.906307 -2.65888e-05
    outer loop
      vertex 95.0072 69.6797 48.7221
      vertex 94.4407 69.4155 47.5221
      vertex 92.968 68.7288 48.7221
    endloop
  endfacet
  facet normal -0.422606 0.906313 -5.67508e-06
    outer loop
      vertex 94.4407 69.4155 47.5221
      vertex 93.5344 68.9929 47.5221
      vertex 92.968 68.7288 48.7221
    endloop
  endfacet
  facet normal -0.422488 0.906369 0.00017015
    outer loop
      vertex 92.5217 68.5207 48.309
      vertex 93.5344 68.9929 47.5221
      vertex 92.5148 68.5175 48.2221
    endloop
  endfacet
  facet normal -0.422527 0.906351 0.0001094
    outer loop
      vertex 92.5421 68.5302 48.3932
      vertex 93.5344 68.9929 47.5221
      vertex 92.5217 68.5207 48.309
    endloop
  endfacet
  facet normal -0.422762 0.906241 -0.000216882
    outer loop
      vertex 92.5755 68.5458 48.4721
      vertex 93.5344 68.9929 47.5221
      vertex 92.5421 68.5302 48.3932
    endloop
  endfacet
  facet normal -0.422447 0.906387 0.000169408
    outer loop
      vertex 92.6208 68.5669 48.5435
      vertex 93.5344 68.9929 47.5221
      vertex 92.5755 68.5458 48.4721
    endloop
  endfacet
  facet normal -0.422834 0.906207 -0.000252058
    outer loop
      vertex 92.6767 68.593 48.6052
      vertex 93.5344 68.9929 47.5221
      vertex 92.6208 68.5669 48.5435
    endloop
  endfacet
  facet normal -0.4221 0.906549 0.000455515
    outer loop
      vertex 92.7414 68.6231 48.6552
      vertex 93.5344 68.9929 47.5221
      vertex 92.6767 68.593 48.6052
    endloop
  endfacet
  facet normal -0.422473 0.906376 -0.000111329
    outer loop
      vertex 95.0072 69.6797 48.7221
      vertex 95.078 69.7127 48.716
      vertex 94.4407 69.4155 47.5221
    endloop
  endfacet
  facet normal -0.422918 0.906168 0.000178292
    outer loop
      vertex 95.078 69.7127 48.716
      vertex 95.1472 69.745 48.6977
      vertex 94.4407 69.4155 47.5221
    endloop
  endfacet
  facet normal -0.422307 0.906453 -0.000269168
    outer loop
      vertex 95.1472 69.745 48.6977
      vertex 95.2129 69.7756 48.6676
      vertex 94.4407 69.4155 47.5221
    endloop
  endfacet
  facet normal -0.423357 0.905963 0.000855161
    outer loop
      vertex 95.3738 69.8506 48.516
      vertex 95.4109 69.868 48.4491
      vertex 94.4407 69.4155 47.5221
    endloop
  endfacet
  facet normal -0.422064 0.906566 -0.000792015
    outer loop
      vertex 95.4109 69.868 48.4491
      vertex 95.4381 69.8806 48.3766
      vertex 94.4407 69.4155 47.5221
    endloop
  endfacet
  facet normal -0.423039 0.906111 0.00059338
    outer loop
      vertex 95.4381 69.8806 48.3766
      vertex 95.4547 69.8884 48.3004
      vertex 94.4407 69.4155 47.5221
    endloop
  endfacet
  facet normal -0.422717 0.906262 -6.99953e-05
    outer loop
      vertex 92.813 68.6565 48.692
      vertex 93.5344 68.9929 47.5221
      vertex 92.7414 68.6231 48.6552
    endloop
  endfacet
  facet normal -0.42279 0.906228 -0.00012473
    outer loop
      vertex 92.8893 68.6921 48.7145
      vertex 93.5344 68.9929 47.5221
      vertex 92.813 68.6565 48.692
    endloop
  endfacet
  facet normal -0.422632 0.906302 -2.02839e-05
    outer loop
      vertex 92.968 68.7288 48.7221
      vertex 93.5344 68.9929 47.5221
      vertex 92.8893 68.6921 48.7145
    endloop
  endfacet
  facet normal -0.422976 0.906141 0.000279702
    outer loop
      vertex 95.2129 69.7756 48.6676
      vertex 95.2735 69.8039 48.6266
      vertex 94.4407 69.4155 47.5221
    endloop
  endfacet
  facet normal -0.422421 0.9064 -0.000229655
    outer loop
      vertex 95.2735 69.8039 48.6266
      vertex 95.3276 69.8291 48.5757
      vertex 94.4407 69.4155 47.5221
    endloop
  endfacet
  facet normal -0.422297 0.906457 -0.00035652
    outer loop
      vertex 95.3276 69.8291 48.5757
      vertex 95.3738 69.8506 48.516
      vertex 94.4407 69.4155 47.5221
    endloop
  endfacet
  facet normal 0 -1 0
    outer loop
      vertex 82.4286 79.8 45.622
      vertex 87.4372 79.8 46.712
      vertex 82.4286 79.8 46.712
    endloop
  endfacet
  facet normal 0 -1 -0
    outer loop
      vertex 87.4372 79.8 46.712
      vertex 82.4286 79.8 45.622
      vertex 87.4372 79.8 45.622
    endloop
  endfacet
  facet normal -0.707107 0.707107 0
    outer loop
      vertex 86.1 83.9714 46.6521
      vertex 84.1286 82 46.712
      vertex 86.1 83.9714 47.1221
    endloop
  endfacet
  facet normal -0.707107 0.707107 7.71064e-14
    outer loop
      vertex 82.4286 80.3 46.6521
      vertex 84.1286 82 46.712
      vertex 86.1 83.9714 46.6521
    endloop
  endfacet
  facet normal -0.707107 0.707107 0
    outer loop
      vertex 84.1286 82 46.712
      vertex 82.4286 80.3 46.6521
      vertex 82.4286 80.3 46.712
    endloop
  endfacet
  facet normal -0.707107 0.707107 0
    outer loop
      vertex 86.1 83.9714 47.1221
      vertex 84.1286 82 46.712
      vertex 84.1286 82 47.1221
    endloop
  endfacet
  facet normal -1 0 0
    outer loop
      vertex 82.4286 79.8 45.622
      vertex 82.4286 80.3 46.6521
      vertex 82.4286 80.3 45.622
    endloop
  endfacet
  facet normal -1 0 0
    outer loop
      vertex 82.4286 79.8 46.712
      vertex 82.4286 80.3 46.6521
      vertex 82.4286 79.8 45.622
    endloop
  endfacet
  facet normal -1 0 0
    outer loop
      vertex 82.4286 80.3 46.6521
      vertex 82.4286 79.8 46.712
      vertex 82.4286 80.3 46.712
    endloop
  endfacet
  facet normal 0.936126 0.340741 -0.0869725
    outer loop
      vertex 95.2712 68.6994 47.1221
      vertex 95.4476 68.1748 46.9655
      vertex 95.2581 68.6933 46.9572
    endloop
  endfacet
  facet normal 0.908747 0.327995 -0.258065
    outer loop
      vertex 95.4476 68.1748 46.9655
      vertex 95.4107 68.1576 46.8137
      vertex 95.2581 68.6933 46.9572
    endloop
  endfacet
  facet normal 0.908938 0.327902 -0.257511
    outer loop
      vertex 95.2581 68.6933 46.9572
      vertex 95.4107 68.1576 46.8137
      vertex 95.2193 68.6752 46.7972
    endloop
  endfacet
  facet normal 0.855069 0.302772 -0.420934
    outer loop
      vertex 95.4107 68.1576 46.8137
      vertex 95.3505 68.1295 46.6712
      vertex 95.2193 68.6752 46.7972
    endloop
  endfacet
  facet normal 0.854844 0.302816 -0.421359
    outer loop
      vertex 95.2193 68.6752 46.7972
      vertex 95.3505 68.1295 46.6712
      vertex 95.1558 68.6456 46.6471
    endloop
  endfacet
  facet normal 0.776407 0.266227 -0.57124
    outer loop
      vertex 95.3505 68.1295 46.6712
      vertex 95.2688 68.0914 46.5424
      vertex 95.1558 68.6456 46.6471
    endloop
  endfacet
  facet normal 0.776165 0.266238 -0.571563
    outer loop
      vertex 95.1558 68.6456 46.6471
      vertex 95.2688 68.0914 46.5424
      vertex 95.0697 68.6055 46.5115
    endloop
  endfacet
  facet normal 0.67475 0.218953 -0.704821
    outer loop
      vertex 95.2688 68.0914 46.5424
      vertex 95.168 68.0444 46.4313
      vertex 95.0697 68.6055 46.5115
    endloop
  endfacet
  facet normal 0.675226 0.21897 -0.704359
    outer loop
      vertex 95.0697 68.6055 46.5115
      vertex 95.168 68.0444 46.4313
      vertex 94.9636 68.556 46.3944
    endloop
  endfacet
  facet normal 0.554761 0.162794 -0.815928
    outer loop
      vertex 95.168 68.0444 46.4313
      vertex 95.0513 67.99 46.3411
      vertex 94.9636 68.556 46.3944
    endloop
  endfacet
  facet normal 0.554786 0.162796 -0.81591
    outer loop
      vertex 94.9636 68.556 46.3944
      vertex 95.0513 67.99 46.3411
      vertex 94.8407 68.4987 46.2994
    endloop
  endfacet
  facet normal 0.418664 0.0993283 -0.902693
    outer loop
      vertex 95.0513 67.99 46.3411
      vertex 94.9222 67.9298 46.2746
      vertex 94.8407 68.4987 46.2994
    endloop
  endfacet
  facet normal 0.418341 0.0992888 -0.902847
    outer loop
      vertex 94.8407 68.4987 46.2994
      vertex 94.9222 67.9298 46.2746
      vertex 94.7047 68.4352 46.2294
    endloop
  endfacet
  facet normal 0.269927 0.0300915 -0.96241
    outer loop
      vertex 94.9222 67.9298 46.2746
      vertex 94.7846 67.8656 46.234
      vertex 94.7047 68.4352 46.2294
    endloop
  endfacet
  facet normal 0.270032 0.0301064 -0.96238
    outer loop
      vertex 94.7047 68.4352 46.2294
      vertex 94.7846 67.8656 46.234
      vertex 94.5597 68.3676 46.1866
    endloop
  endfacet
  facet normal 0.115345 -0.0420328 -0.992436
    outer loop
      vertex 94.7846 67.8656 46.234
      vertex 94.6426 67.7994 46.2203
      vertex 94.5597 68.3676 46.1866
    endloop
  endfacet
  facet normal 0.115814 -0.0419612 -0.992384
    outer loop
      vertex 94.5597 68.3676 46.1866
      vertex 94.6426 67.7994 46.2203
      vertex 94.4102 68.2979 46.1721
    endloop
  endfacet
  facet normal -0.0419959 -0.115535 -0.992415
    outer loop
      vertex 94.6426 67.7994 46.2203
      vertex 94.5007 67.7333 46.234
      vertex 94.4102 68.2979 46.1721
    endloop
  endfacet
  facet normal -0.0423611 -0.115591 -0.992393
    outer loop
      vertex 94.4102 68.2979 46.1721
      vertex 94.5007 67.7333 46.234
      vertex 94.2607 68.2282 46.1866
    endloop
  endfacet
  facet normal -0.196501 -0.18747 -0.962415
    outer loop
      vertex 94.5007 67.7333 46.234
      vertex 94.3631 67.6691 46.2746
      vertex 94.2607 68.2282 46.1866
    endloop
  endfacet
  facet normal -0.196657 -0.187492 -0.962379
    outer loop
      vertex 94.2607 68.2282 46.1866
      vertex 94.3631 67.6691 46.2746
      vertex 94.1157 68.1606 46.2294
    endloop
  endfacet
  facet normal -0.345059 -0.256712 -0.902792
    outer loop
      vertex 94.3631 67.6691 46.2746
      vertex 94.2339 67.6089 46.3411
      vertex 94.1157 68.1606 46.2294
    endloop
  endfacet
  facet normal -0.345012 -0.256706 -0.902812
    outer loop
      vertex 94.1157 68.1606 46.2294
      vertex 94.2339 67.6089 46.3411
      vertex 93.9797 68.0972 46.2994
    endloop
  endfacet
  facet normal -0.481354 -0.320262 -0.815923
    outer loop
      vertex 94.2339 67.6089 46.3411
      vertex 94.1172 67.5545 46.4313
      vertex 93.9797 68.0972 46.2994
    endloop
  endfacet
  facet normal -0.481201 -0.320247 -0.816019
    outer loop
      vertex 93.9797 68.0972 46.2994
      vertex 94.1172 67.5545 46.4313
      vertex 93.8568 68.0398 46.3944
    endloop
  endfacet
  facet normal -0.601628 -0.376389 -0.704539
    outer loop
      vertex 94.1172 67.5545 46.4313
      vertex 94.0165 67.5075 46.5424
      vertex 93.8568 68.0398 46.3944
    endloop
  endfacet
  facet normal -0.601699 -0.376393 -0.704477
    outer loop
      vertex 93.8568 68.0398 46.3944
      vertex 94.0165 67.5075 46.5424
      vertex 93.7506 67.9904 46.5115
    endloop
  endfacet
  facet normal -0.702765 -0.423541 -0.571608
    outer loop
      vertex 94.0165 67.5075 46.5424
      vertex 93.9347 67.4694 46.6712
      vertex 93.7506 67.9904 46.5115
    endloop
  endfacet
  facet normal -0.702667 -0.423543 -0.571726
    outer loop
      vertex 93.7506 67.9904 46.5115
      vertex 93.9347 67.4694 46.6712
      vertex 93.6645 67.9502 46.6471
    endloop
  endfacet
  facet normal -0.781588 -0.460338 -0.420962
    outer loop
      vertex 93.9347 67.4694 46.6712
      vertex 93.8745 67.4413 46.8137
      vertex 93.6645 67.9502 46.6471
    endloop
  endfacet
  facet normal -0.781613 -0.460334 -0.42092
    outer loop
      vertex 93.6645 67.9502 46.6471
      vertex 93.8745 67.4413 46.8137
      vertex 93.6011 67.9206 46.7972
    endloop
  endfacet
  facet normal -0.835478 -0.485435 -0.257543
    outer loop
      vertex 93.8745 67.4413 46.8137
      vertex 93.8377 67.4241 46.9655
      vertex 93.6011 67.9206 46.7972
    endloop
  endfacet
  facet normal -0.835487 -0.485432 -0.25752
    outer loop
      vertex 93.6011 67.9206 46.7972
      vertex 93.8377 67.4241 46.9655
      vertex 93.5623 67.9025 46.9572
    endloop
  endfacet
  facet normal -0.86269 -0.498139 -0.0873106
    outer loop
      vertex 93.8377 67.4241 46.9655
      vertex 93.8252 67.4183 47.1221
      vertex 93.5623 67.9025 46.9572
    endloop
  endfacet
  facet normal -0.862769 -0.498064 -0.0869646
    outer loop
      vertex 93.5623 67.9025 46.9572
      vertex 93.8252 67.4183 47.1221
      vertex 93.5492 67.8964 47.1221
    endloop
  endfacet
  facet normal -0.862742 -0.498048 0.0873114
    outer loop
      vertex 93.8252 67.4183 47.1221
      vertex 93.8377 67.4241 47.2787
      vertex 93.5492 67.8964 47.1221
    endloop
  endfacet
  facet normal -0.862716 -0.498165 0.0869114
    outer loop
      vertex 93.8377 67.4241 47.2787
      vertex 93.5623 67.9025 47.2871
      vertex 93.5492 67.8964 47.1221
    endloop
  endfacet
  facet normal -0.835496 -0.485489 0.257384
    outer loop
      vertex 93.8377 67.4241 47.2787
      vertex 93.8745 67.4413 47.4306
      vertex 93.5623 67.9025 47.2871
    endloop
  endfacet
  facet normal -0.835484 -0.485438 0.25752
    outer loop
      vertex 93.8745 67.4413 47.4306
      vertex 93.6011 67.9206 47.4471
      vertex 93.5623 67.9025 47.2871
    endloop
  endfacet
  facet normal -0.781595 -0.460325 0.420963
    outer loop
      vertex 93.8745 67.4413 47.4306
      vertex 93.9347 67.4694 47.5731
      vertex 93.6011 67.9206 47.4471
    endloop
  endfacet
  facet normal -0.781545 -0.460236 0.421153
    outer loop
      vertex 93.9347 67.4694 47.5731
      vertex 93.6645 67.9502 47.5971
      vertex 93.6011 67.9206 47.4471
    endloop
  endfacet
  facet normal -0.702793 -0.423489 0.57161
    outer loop
      vertex 93.9347 67.4694 47.5731
      vertex 94.0165 67.5075 47.7019
      vertex 93.6645 67.9502 47.5971
    endloop
  endfacet
  facet normal -0.702868 -0.423587 0.571446
    outer loop
      vertex 94.0165 67.5075 47.7019
      vertex 93.7506 67.9904 47.7328
      vertex 93.6645 67.9502 47.5971
    endloop
  endfacet
  facet normal -0.601641 -0.376365 0.70454
    outer loop
      vertex 94.0165 67.5075 47.7019
      vertex 94.1172 67.5545 47.813
      vertex 93.7506 67.9904 47.7328
    endloop
  endfacet
  facet normal -0.601687 -0.376415 0.704475
    outer loop
      vertex 94.1172 67.5545 47.813
      vertex 93.8568 68.0398 47.8499
      vertex 93.7506 67.9904 47.7328
    endloop
  endfacet
  facet normal -0.48133 -0.320308 0.815919
    outer loop
      vertex 94.1172 67.5545 47.813
      vertex 94.2339 67.6089 47.9032
      vertex 93.8568 68.0398 47.8499
    endloop
  endfacet
  facet normal -0.481224 -0.320203 0.816023
    outer loop
      vertex 94.2339 67.6089 47.9032
      vertex 93.9797 68.0972 47.9449
      vertex 93.8568 68.0398 47.8499
    endloop
  endfacet
  facet normal -0.344583 -0.256501 0.903034
    outer loop
      vertex 94.2339 67.6089 47.9032
      vertex 94.3631 67.6691 47.9696
      vertex 93.9797 68.0972 47.9449
    endloop
  endfacet
  facet normal -0.344569 -0.256488 0.903043
    outer loop
      vertex 94.3631 67.6691 47.9696
      vertex 94.1157 68.1606 48.0148
      vertex 93.9797 68.0972 47.9449
    endloop
  endfacet
  facet normal -0.197055 -0.187682 0.96226
    outer loop
      vertex 94.3631 67.6691 47.9696
      vertex 94.5007 67.7333 48.0103
      vertex 94.1157 68.1606 48.0148
    endloop
  endfacet
  facet normal -0.197148 -0.187765 0.962225
    outer loop
      vertex 94.5007 67.7333 48.0103
      vertex 94.2607 68.2282 48.0577
      vertex 94.1157 68.1606 48.0148
    endloop
  endfacet
  facet normal -0.0420415 -0.115439 0.992424
    outer loop
      vertex 94.5007 67.7333 48.0103
      vertex 94.6426 67.7994 48.024
      vertex 94.2607 68.2282 48.0577
    endloop
  endfacet
  facet normal -0.0418517 -0.115272 0.992452
    outer loop
      vertex 94.6426 67.7994 48.024
      vertex 94.4102 68.2979 48.0721
      vertex 94.2607 68.2282 48.0577
    endloop
  endfacet
  facet normal 0.115327 -0.0419946 0.992439
    outer loop
      vertex 94.6426 67.7994 48.024
      vertex 94.7846 67.8656 48.0103
      vertex 94.4102 68.2979 48.0721
    endloop
  endfacet
  facet normal 0.115217 -0.042091 0.992448
    outer loop
      vertex 94.7846 67.8656 48.0103
      vertex 94.5597 68.3676 48.0577
      vertex 94.4102 68.2979 48.0721
    endloop
  endfacet
  facet normal 0.270474 0.0303167 0.96225
    outer loop
      vertex 94.7846 67.8656 48.0103
      vertex 94.9222 67.9298 47.9696
      vertex 94.5597 68.3676 48.0577
    endloop
  endfacet
  facet normal 0.270531 0.0303671 0.962232
    outer loop
      vertex 94.9222 67.9298 47.9696
      vertex 94.7047 68.4352 48.0148
      vertex 94.5597 68.3676 48.0577
    endloop
  endfacet
  facet normal 0.418154 0.0991994 0.902943
    outer loop
      vertex 94.9222 67.9298 47.9696
      vertex 95.0513 67.99 47.9032
      vertex 94.7047 68.4352 48.0148
    endloop
  endfacet
  facet normal 0.41793 0.0989936 0.90307
    outer loop
      vertex 95.0513 67.99 47.9032
      vertex 94.8407 68.4987 47.9449
      vertex 94.7047 68.4352 48.0148
    endloop
  endfacet
  facet normal 0.554765 0.162786 0.815927
    outer loop
      vertex 95.0513 67.99 47.9032
      vertex 95.168 68.0444 47.813
      vertex 94.8407 68.4987 47.9449
    endloop
  endfacet
  facet normal 0.554783 0.162804 0.815911
    outer loop
      vertex 95.168 68.0444 47.813
      vertex 94.9636 68.556 47.8499
      vertex 94.8407 68.4987 47.9449
    endloop
  endfacet
  facet normal 0.67482 0.218776 0.704809
    outer loop
      vertex 95.168 68.0444 47.813
      vertex 95.2688 68.0914 47.7019
      vertex 94.9636 68.556 47.8499
    endloop
  endfacet
  facet normal 0.67516 0.219139 0.704371
    outer loop
      vertex 95.2688 68.0914 47.7019
      vertex 95.0697 68.6055 47.7328
      vertex 94.9636 68.556 47.8499
    endloop
  endfacet
  facet normal 0.776366 0.266335 0.571246
    outer loop
      vertex 95.2688 68.0914 47.7019
      vertex 95.3505 68.1295 47.5731
      vertex 95.0697 68.6055 47.7328
    endloop
  endfacet
  facet normal 0.776348 0.266313 0.57128
    outer loop
      vertex 95.3505 68.1295 47.5731
      vertex 95.1558 68.6456 47.5971
      vertex 95.0697 68.6055 47.7328
    endloop
  endfacet
  facet normal 0.854994 0.302974 0.420942
    outer loop
      vertex 95.3505 68.1295 47.5731
      vertex 95.4107 68.1576 47.4306
      vertex 95.1558 68.6456 47.5971
    endloop
  endfacet
  facet normal 0.854792 0.302649 0.421585
    outer loop
      vertex 95.4107 68.1576 47.4306
      vertex 95.2193 68.6752 47.4471
      vertex 95.1558 68.6456 47.5971
    endloop
  endfacet
  facet normal 0.908844 0.327854 0.257903
    outer loop
      vertex 95.4107 68.1576 47.4306
      vertex 95.4476 68.1748 47.2787
      vertex 95.2193 68.6752 47.4471
    endloop
  endfacet
  facet normal 0.908898 0.32801 0.257514
    outer loop
      vertex 95.4476 68.1748 47.2787
      vertex 95.2581 68.6933 47.2871
      vertex 95.2193 68.6752 47.4471
    endloop
  endfacet
  facet normal 0.936149 0.340736 0.0867466
    outer loop
      vertex 95.4476 68.1748 47.2787
      vertex 95.46 68.1806 47.1221
      vertex 95.2581 68.6933 47.2871
    endloop
  endfacet
  facet normal 0.936152 0.340681 0.0869197
    outer loop
      vertex 95.46 68.1806 47.1221
      vertex 95.2712 68.6994 47.1221
      vertex 95.2581 68.6933 47.2871
    endloop
  endfacet
  facet normal 0.936166 0.340687 -0.0867462
    outer loop
      vertex 95.46 68.1806 47.1221
      vertex 95.4476 68.1748 46.9655
      vertex 95.2712 68.6994 47.1221
    endloop
  endfacet
  facet normal -0.906319 -0.422593 0
    outer loop
      vertex 97.0081 68.4336 46.6521
      vertex 96.5961 69.3172 47.1221
      vertex 96.5961 69.3172 46.6521
    endloop
  endfacet
  facet normal -0.906319 -0.422593 0
    outer loop
      vertex 96.5961 69.3172 47.1221
      vertex 97.0081 68.4336 46.6521
      vertex 97.0081 68.4336 47.1221
    endloop
  endfacet
  facet normal -0.906313 -0.422606 0
    outer loop
      vertex 92.9374 67.6112 44.4721
      vertex 92.5148 68.5175 48.2221
      vertex 92.5148 68.5175 44.4721
    endloop
  endfacet
  facet normal -0.906313 -0.422606 0
    outer loop
      vertex 92.5148 68.5175 48.2221
      vertex 92.9374 67.6112 44.4721
      vertex 92.9374 67.6112 48.2221
    endloop
  endfacet
  facet normal -0.902862 -0.420997 0.0871914
    outer loop
      vertex 92.5148 68.5175 48.2221
      vertex 92.9443 67.6144 48.309
      vertex 92.5217 68.5207 48.309
    endloop
  endfacet
  facet normal -0.902862 -0.420997 0.0871914
    outer loop
      vertex 92.9443 67.6144 48.309
      vertex 92.5148 68.5175 48.2221
      vertex 92.9374 67.6112 48.2221
    endloop
  endfacet
  facet normal -0.875346 -0.408166 0.259171
    outer loop
      vertex 92.9443 67.6144 48.309
      vertex 92.9648 67.6239 48.3932
      vertex 92.5217 68.5207 48.309
    endloop
  endfacet
  facet normal -0.875545 -0.408356 0.258201
    outer loop
      vertex 92.9648 67.6239 48.3932
      vertex 92.5421 68.5302 48.3932
      vertex 92.5217 68.5207 48.309
    endloop
  endfacet
  facet normal -0.821439 -0.383121 0.422441
    outer loop
      vertex 92.9648 67.6239 48.3932
      vertex 92.9981 67.6395 48.4721
      vertex 92.5421 68.5302 48.3932
    endloop
  endfacet
  facet normal -0.821112 -0.382878 0.423296
    outer loop
      vertex 92.9981 67.6395 48.4721
      vertex 92.5755 68.5458 48.4721
      vertex 92.5421 68.5302 48.3932
    endloop
  endfacet
  facet normal -0.742515 -0.346228 0.573408
    outer loop
      vertex 92.9981 67.6395 48.4721
      vertex 93.0434 67.6606 48.5435
      vertex 92.5755 68.5458 48.4721
    endloop
  endfacet
  facet normal -0.742515 -0.346228 0.573408
    outer loop
      vertex 93.0434 67.6606 48.5435
      vertex 92.6208 68.5669 48.5435
      vertex 92.5755 68.5458 48.4721
    endloop
  endfacet
  facet normal -0.641117 -0.298947 0.706824
    outer loop
      vertex 93.0434 67.6606 48.5435
      vertex 93.0993 67.6866 48.6052
      vertex 92.6208 68.5669 48.5435
    endloop
  endfacet
  facet normal -0.64091 -0.298818 0.707066
    outer loop
      vertex 93.0993 67.6866 48.6052
      vertex 92.6767 68.593 48.6052
      vertex 92.6208 68.5669 48.5435
    endloop
  endfacet
  facet normal -0.519881 -0.242389 0.819129
    outer loop
      vertex 93.0993 67.6866 48.6052
      vertex 93.164 67.7168 48.6552
      vertex 92.6767 68.593 48.6052
    endloop
  endfacet
  facet normal -0.520077 -0.242507 0.818969
    outer loop
      vertex 93.164 67.7168 48.6552
      vertex 92.7414 68.6231 48.6552
      vertex 92.6767 68.593 48.6052
    endloop
  endfacet
  facet normal -0.382669 -0.178435 0.906491
    outer loop
      vertex 93.164 67.7168 48.6552
      vertex 93.2356 67.7502 48.692
      vertex 92.7414 68.6231 48.6552
    endloop
  endfacet
  facet normal -0.382669 -0.178435 0.906491
    outer loop
      vertex 93.2356 67.7502 48.692
      vertex 92.813 68.6565 48.692
      vertex 92.7414 68.6231 48.6552
    endloop
  endfacet
  facet normal -0.233985 -0.109105 0.966099
    outer loop
      vertex 93.2356 67.7502 48.692
      vertex 93.3119 67.7858 48.7145
      vertex 92.813 68.6565 48.692
    endloop
  endfacet
  facet normal -0.233985 -0.109105 0.966099
    outer loop
      vertex 93.3119 67.7858 48.7145
      vertex 92.8893 68.6921 48.7145
      vertex 92.813 68.6565 48.692
    endloop
  endfacet
  facet normal -0.0790192 -0.036846 0.996192
    outer loop
      vertex 93.3119 67.7858 48.7145
      vertex 93.3906 67.8225 48.7221
      vertex 92.8893 68.6921 48.7145
    endloop
  endfacet
  facet normal -0.0790192 -0.036846 0.996192
    outer loop
      vertex 93.3906 67.8225 48.7221
      vertex 92.968 68.7288 48.7221
      vertex 92.8893 68.6921 48.7145
    endloop
  endfacet
  facet normal 0 0 1
    outer loop
      vertex 95.0072 69.6797 48.7221
      vertex 93.3906 67.8225 48.7221
      vertex 95.4298 68.7734 48.7221
    endloop
  endfacet
  facet normal 0 -0 1
    outer loop
      vertex 93.3906 67.8225 48.7221
      vertex 95.0072 69.6797 48.7221
      vertex 92.968 68.7288 48.7221
    endloop
  endfacet
  facet normal 0.0704797 0.0328641 0.996972
    outer loop
      vertex 95.4298 68.7734 48.7221
      vertex 95.5007 68.8064 48.716
      vertex 95.0072 69.6797 48.7221
    endloop
  endfacet
  facet normal 0.070558 0.0329084 0.996965
    outer loop
      vertex 95.5007 68.8064 48.716
      vertex 95.078 69.7127 48.716
      vertex 95.0072 69.6797 48.7221
    endloop
  endfacet
  facet normal 0.21144 0.0985925 0.972406
    outer loop
      vertex 95.1472 69.745 48.6977
      vertex 95.5007 68.8064 48.716
      vertex 95.5698 68.8387 48.6977
    endloop
  endfacet
  facet normal 0.211193 0.098501 0.972468
    outer loop
      vertex 95.5007 68.8064 48.716
      vertex 95.1472 69.745 48.6977
      vertex 95.078 69.7127 48.716
    endloop
  endfacet
  facet normal 0.347612 0.162089 0.923522
    outer loop
      vertex 95.2129 69.7756 48.6676
      vertex 95.5698 68.8387 48.6977
      vertex 95.6355 68.8693 48.6676
    endloop
  endfacet
  facet normal 0.347612 0.162089 0.923522
    outer loop
      vertex 95.5698 68.8387 48.6977
      vertex 95.2129 69.7756 48.6676
      vertex 95.1472 69.745 48.6977
    endloop
  endfacet
  facet normal 0.473669 0.220868 0.852558
    outer loop
      vertex 95.6355 68.8693 48.6676
      vertex 95.6961 68.8976 48.6266
      vertex 95.2129 69.7756 48.6676
    endloop
  endfacet
  facet normal 0.473669 0.220868 0.852558
    outer loop
      vertex 95.6961 68.8976 48.6266
      vertex 95.2735 69.8039 48.6266
      vertex 95.2129 69.7756 48.6676
    endloop
  endfacet
  facet normal 0.588118 0.274235 0.760863
    outer loop
      vertex 95.6961 68.8976 48.6266
      vertex 95.7502 68.9228 48.5757
      vertex 95.2735 69.8039 48.6266
    endloop
  endfacet
  facet normal 0.588118 0.274235 0.760863
    outer loop
      vertex 95.7502 68.9228 48.5757
      vertex 95.3276 69.8291 48.5757
      vertex 95.2735 69.8039 48.6266
    endloop
  endfacet
  facet normal 0.689342 0.321434 0.64922
    outer loop
      vertex 95.7502 68.9228 48.5757
      vertex 95.7964 68.9443 48.516
      vertex 95.3276 69.8291 48.5757
    endloop
  endfacet
  facet normal 0.689342 0.321434 0.64922
    outer loop
      vertex 95.7964 68.9443 48.516
      vertex 95.3738 69.8506 48.516
      vertex 95.3276 69.8291 48.5757
    endloop
  endfacet
  facet normal 0.772871 0.360344 0.522324
    outer loop
      vertex 95.3738 69.8506 48.516
      vertex 95.8335 68.9616 48.4491
      vertex 95.4109 69.868 48.4491
    endloop
  endfacet
  facet normal 0.773073 0.360478 0.521932
    outer loop
      vertex 95.8335 68.9616 48.4491
      vertex 95.3738 69.8506 48.516
      vertex 95.7964 68.9443 48.516
    endloop
  endfacet
  facet normal 0.837018 0.390251 0.383542
    outer loop
      vertex 95.8335 68.9616 48.4491
      vertex 95.8608 68.9743 48.3766
      vertex 95.4109 69.868 48.4491
    endloop
  endfacet
  facet normal 0.837509 0.390616 0.382097
    outer loop
      vertex 95.8608 68.9743 48.3766
      vertex 95.4381 69.8806 48.3766
      vertex 95.4109 69.868 48.4491
    endloop
  endfacet
  facet normal 0.881349 0.411063 0.232921
    outer loop
      vertex 95.8608 68.9743 48.3766
      vertex 95.8773 68.9821 48.3004
      vertex 95.4381 69.8806 48.3766
    endloop
  endfacet
  facet normal 0.881148 0.410872 0.234014
    outer loop
      vertex 95.8773 68.9821 48.3004
      vertex 95.4547 69.8884 48.3004
      vertex 95.4381 69.8806 48.3766
    endloop
  endfacet
  facet normal 0.903509 0.421299 0.0786082
    outer loop
      vertex 95.8773 68.9821 48.3004
      vertex 95.8829 68.9847 48.2221
      vertex 95.4547 69.8884 48.3004
    endloop
  endfacet
  facet normal 0.903509 0.421299 0.0786082
    outer loop
      vertex 95.8829 68.9847 48.2221
      vertex 95.4603 69.891 48.2221
      vertex 95.4547 69.8884 48.3004
    endloop
  endfacet
  facet normal 0.906313 0.422606 0
    outer loop
      vertex 95.8829 68.9847 48.2221
      vertex 95.4603 69.891 47.1221
      vertex 95.4603 69.891 48.2221
    endloop
  endfacet
  facet normal 0.906313 0.422606 0
    outer loop
      vertex 95.4603 69.891 47.1221
      vertex 95.8829 68.9847 48.2221
      vertex 95.8829 68.9847 47.1221
    endloop
  endfacet
  facet normal 0.862804 0.498102 0.0863932
    outer loop
      vertex 92.3632 74.9015 47.2871
      vertex 92.3762 74.9076 47.1221
      vertex 92.0878 75.38 47.2787
    endloop
  endfacet
  facet normal 0.835418 0.485351 0.2579
    outer loop
      vertex 92.3632 74.9015 47.2871
      vertex 92.0878 75.38 47.2787
      vertex 92.0509 75.3628 47.4306
    endloop
  endfacet
  facet normal 0.835407 0.48531 0.258009
    outer loop
      vertex 92.3243 74.8834 47.4471
      vertex 92.3632 74.9015 47.2871
      vertex 92.0509 75.3628 47.4306
    endloop
  endfacet
  facet normal 0.781636 0.460253 0.420966
    outer loop
      vertex 92.3243 74.8834 47.4471
      vertex 92.0509 75.3628 47.4306
      vertex 91.9907 75.3347 47.5731
    endloop
  endfacet
  facet normal 0.781587 0.460163 0.421156
    outer loop
      vertex 92.2609 74.8538 47.5971
      vertex 92.3243 74.8834 47.4471
      vertex 91.9907 75.3347 47.5731
    endloop
  endfacet
  facet normal 0.703061 0.423533 0.571248
    outer loop
      vertex 92.2609 74.8538 47.5971
      vertex 91.9907 75.3347 47.5731
      vertex 91.909 75.2966 47.7019
    endloop
  endfacet
  facet normal 0.703064 0.423536 0.571243
    outer loop
      vertex 92.1748 74.8137 47.7328
      vertex 92.2609 74.8538 47.5971
      vertex 91.909 75.2966 47.7019
    endloop
  endfacet
  facet normal 0.601449 0.376153 0.704818
    outer loop
      vertex 92.1748 74.8137 47.7328
      vertex 91.909 75.2966 47.7019
      vertex 91.8082 75.2496 47.813
    endloop
  endfacet
  facet normal 0.601755 0.376491 0.704376
    outer loop
      vertex 92.0687 74.7642 47.8499
      vertex 92.1748 74.8137 47.7328
      vertex 91.8082 75.2496 47.813
    endloop
  endfacet
  facet normal 0.481316 0.320334 0.815917
    outer loop
      vertex 92.0687 74.7642 47.8499
      vertex 91.8082 75.2496 47.813
      vertex 91.6915 75.1952 47.9032
    endloop
  endfacet
  facet normal 0.481152 0.32017 0.816078
    outer loop
      vertex 91.9457 74.7069 47.9449
      vertex 92.0687 74.7642 47.8499
      vertex 91.6915 75.1952 47.9032
    endloop
  endfacet
  facet normal 0.344762 0.256586 0.902941
    outer loop
      vertex 91.9457 74.7069 47.9449
      vertex 91.6915 75.1952 47.9032
      vertex 91.5624 75.135 47.9696
    endloop
  endfacet
  facet normal 0.34449 0.256333 0.903117
    outer loop
      vertex 91.8097 74.6434 48.0148
      vertex 91.9457 74.7069 47.9449
      vertex 91.5624 75.135 47.9696
    endloop
  endfacet
  facet normal 0.196977 0.187568 0.962299
    outer loop
      vertex 91.8097 74.6434 48.0148
      vertex 91.5624 75.135 47.9696
      vertex 91.4247 75.0708 48.0103
    endloop
  endfacet
  facet normal 0.197252 0.187815 0.962194
    outer loop
      vertex 91.6648 74.5758 48.0577
      vertex 91.8097 74.6434 48.0148
      vertex 91.4247 75.0708 48.0103
    endloop
  endfacet
  facet normal 0.0419811 0.115396 0.992432
    outer loop
      vertex 91.6648 74.5758 48.0577
      vertex 91.4247 75.0708 48.0103
      vertex 91.2828 75.0046 48.024
    endloop
  endfacet
  facet normal 0.0418288 0.115262 0.992454
    outer loop
      vertex 91.5152 74.5061 48.0721
      vertex 91.6648 74.5758 48.0577
      vertex 91.2828 75.0046 48.024
    endloop
  endfacet
  facet normal -0.115393 0.0419632 0.992433
    outer loop
      vertex 91.5152 74.5061 48.0721
      vertex 91.2828 75.0046 48.024
      vertex 91.1409 74.9384 48.0103
    endloop
  endfacet
  facet normal -0.115226 0.0421099 0.992446
    outer loop
      vertex 91.3657 74.4364 48.0577
      vertex 91.5152 74.5061 48.0721
      vertex 91.1409 74.9384 48.0103
    endloop
  endfacet
  facet normal -0.270494 -0.030272 0.962246
    outer loop
      vertex 91.3657 74.4364 48.0577
      vertex 91.1409 74.9384 48.0103
      vertex 91.0033 74.8742 47.9696
    endloop
  endfacet
  facet normal -0.270674 -0.0304327 0.96219
    outer loop
      vertex 91.2208 74.3688 48.0148
      vertex 91.3657 74.4364 48.0577
      vertex 91.0033 74.8742 47.9696
    endloop
  endfacet
  facet normal -0.417936 -0.0990957 0.903056
    outer loop
      vertex 91.2208 74.3688 48.0148
      vertex 91.0033 74.8742 47.9696
      vertex 90.8741 74.814 47.9032
    endloop
  endfacet
  facet normal -0.417943 -0.0991021 0.903052
    outer loop
      vertex 91.0848 74.3054 47.9449
      vertex 91.2208 74.3688 48.0148
      vertex 90.8741 74.814 47.9032
    endloop
  endfacet
  facet normal -0.554716 -0.162906 0.815936
    outer loop
      vertex 91.0848 74.3054 47.9449
      vertex 90.8741 74.814 47.9032
      vertex 90.7574 74.7596 47.813
    endloop
  endfacet
  facet normal -0.554523 -0.162718 0.816105
    outer loop
      vertex 90.9618 74.2481 47.8499
      vertex 91.0848 74.3054 47.9449
      vertex 90.7574 74.7596 47.813
    endloop
  endfacet
  facet normal -0.675079 -0.218944 0.704508
    outer loop
      vertex 90.9618 74.2481 47.8499
      vertex 90.7574 74.7596 47.813
      vertex 90.6567 74.7126 47.7019
    endloop
  endfacet
  facet normal -0.67519 -0.219062 0.704365
    outer loop
      vertex 90.8557 74.1986 47.7328
      vertex 90.9618 74.2481 47.8499
      vertex 90.6567 74.7126 47.7019
    endloop
  endfacet
  facet normal -0.776143 -0.266126 0.571645
    outer loop
      vertex 90.8557 74.1986 47.7328
      vertex 90.6567 74.7126 47.7019
      vertex 90.5749 74.6745 47.5731
    endloop
  endfacet
  facet normal -0.776264 -0.266275 0.571412
    outer loop
      vertex 90.7696 74.1584 47.5971
      vertex 90.8557 74.1986 47.7328
      vertex 90.5749 74.6745 47.5731
    endloop
  endfacet
  facet normal -0.854994 -0.302974 0.420942
    outer loop
      vertex 90.7696 74.1584 47.5971
      vertex 90.5749 74.6745 47.5731
      vertex 90.5147 74.6464 47.4306
    endloop
  endfacet
  facet normal -0.854989 -0.302965 0.420958
    outer loop
      vertex 90.7062 74.1289 47.4471
      vertex 90.7696 74.1584 47.5971
      vertex 90.5147 74.6464 47.4306
    endloop
  endfacet
  facet normal -0.908767 -0.328064 0.257908
    outer loop
      vertex 90.7062 74.1289 47.4471
      vertex 90.5147 74.6464 47.4306
      vertex 90.4778 74.6292 47.2787
    endloop
  endfacet
  facet normal -0.908721 -0.327933 0.258235
    outer loop
      vertex 90.6673 74.1107 47.2871
      vertex 90.7062 74.1289 47.4471
      vertex 90.4778 74.6292 47.2787
    endloop
  endfacet
  facet normal -0.936149 -0.340736 0.0867466
    outer loop
      vertex 90.6673 74.1107 47.2871
      vertex 90.4778 74.6292 47.2787
      vertex 90.4654 74.6234 47.1221
    endloop
  endfacet
  facet normal -0.93614 -0.340858 0.0863579
    outer loop
      vertex 90.6543 74.1046 47.1221
      vertex 90.6673 74.1107 47.2871
      vertex 90.4654 74.6234 47.1221
    endloop
  endfacet
  facet normal -0.936108 -0.340846 -0.0867474
    outer loop
      vertex 90.4778 74.6292 46.9655
      vertex 90.6543 74.1046 47.1221
      vertex 90.4654 74.6234 47.1221
    endloop
  endfacet
  facet normal -0.936169 -0.340765 -0.0864091
    outer loop
      vertex 90.6673 74.1107 46.9572
      vertex 90.6543 74.1046 47.1221
      vertex 90.4778 74.6292 46.9655
    endloop
  endfacet
  facet normal -0.908747 -0.327995 -0.258065
    outer loop
      vertex 90.5147 74.6464 46.8137
      vertex 90.6673 74.1107 46.9572
      vertex 90.4778 74.6292 46.9655
    endloop
  endfacet
  facet normal -0.908688 -0.328025 -0.258237
    outer loop
      vertex 90.7062 74.1289 46.7972
      vertex 90.6673 74.1107 46.9572
      vertex 90.5147 74.6464 46.8137
    endloop
  endfacet
  facet normal -0.854996 -0.302969 -0.420942
    outer loop
      vertex 90.5749 74.6745 46.6712
      vertex 90.7062 74.1289 46.7972
      vertex 90.5147 74.6464 46.8137
    endloop
  endfacet
  facet normal -0.85511 -0.302946 -0.420726
    outer loop
      vertex 90.7696 74.1584 46.6471
      vertex 90.7062 74.1289 46.7972
      vertex 90.5749 74.6745 46.6712
    endloop
  endfacet
  facet normal -0.776149 -0.26611 -0.571645
    outer loop
      vertex 90.6567 74.7126 46.5424
      vertex 90.7696 74.1584 46.6471
      vertex 90.5749 74.6745 46.6712
    endloop
  endfacet
  facet normal -0.776115 -0.266112 -0.57169
    outer loop
      vertex 90.8557 74.1986 46.5115
      vertex 90.7696 74.1584 46.6471
      vertex 90.6567 74.7126 46.5424
    endloop
  endfacet
  facet normal -0.675057 -0.219002 -0.704512
    outer loop
      vertex 90.7574 74.7596 46.4313
      vertex 90.8557 74.1986 46.5115
      vertex 90.6567 74.7126 46.5424
    endloop
  endfacet
  facet normal -0.675211 -0.219007 -0.704362
    outer loop
      vertex 90.9618 74.2481 46.3944
      vertex 90.8557 74.1986 46.5115
      vertex 90.7574 74.7596 46.4313
    endloop
  endfacet
  facet normal -0.55475 -0.162821 -0.81593
    outer loop
      vertex 90.8741 74.814 46.3411
      vertex 90.9618 74.2481 46.3944
      vertex 90.7574 74.7596 46.4313
    endloop
  endfacet
  facet normal -0.55449 -0.162798 -0.816111
    outer loop
      vertex 91.0848 74.3054 46.2994
      vertex 90.9618 74.2481 46.3944
      vertex 90.8741 74.814 46.3411
    endloop
  endfacet
  facet normal -0.418408 -0.0993144 -0.902813
    outer loop
      vertex 91.0033 74.8742 46.2746
      vertex 91.0848 74.3054 46.2994
      vertex 90.8741 74.814 46.3411
    endloop
  endfacet
  facet normal -0.41839 -0.0993122 -0.902821
    outer loop
      vertex 91.2208 74.3688 46.2294
      vertex 91.0848 74.3054 46.2994
      vertex 91.0033 74.8742 46.2746
    endloop
  endfacet
  facet normal -0.269927 -0.0300915 -0.96241
    outer loop
      vertex 91.1409 74.9384 46.234
      vertex 91.2208 74.3688 46.2294
      vertex 91.0033 74.8742 46.2746
    endloop
  endfacet
  facet normal -0.270194 -0.0301295 -0.962334
    outer loop
      vertex 91.3657 74.4364 46.1866
      vertex 91.2208 74.3688 46.2294
      vertex 91.1409 74.9384 46.234
    endloop
  endfacet
  facet normal -0.11542 0.0420213 -0.992428
    outer loop
      vertex 91.2828 75.0046 46.2203
      vertex 91.3657 74.4364 46.1866
      vertex 91.1409 74.9384 46.234
    endloop
  endfacet
  facet normal -0.115814 0.0419612 -0.992384
    outer loop
      vertex 91.5152 74.5061 46.1721
      vertex 91.3657 74.4364 46.1866
      vertex 91.2828 75.0046 46.2203
    endloop
  endfacet
  facet normal 0.0419293 0.115505 -0.992422
    outer loop
      vertex 91.4247 75.0708 46.234
      vertex 91.5152 74.5061 46.1721
      vertex 91.2828 75.0046 46.2203
    endloop
  endfacet
  facet normal 0.0423438 0.115568 -0.992397
    outer loop
      vertex 91.6648 74.5758 46.1866
      vertex 91.5152 74.5061 46.1721
      vertex 91.4247 75.0708 46.234
    endloop
  endfacet
  facet normal 0.19639 0.187421 -0.962447
    outer loop
      vertex 91.5624 75.135 46.2746
      vertex 91.6648 74.5758 46.1866
      vertex 91.4247 75.0708 46.234
    endloop
  endfacet
  facet normal 0.196792 0.18748 -0.962354
    outer loop
      vertex 91.8097 74.6434 46.2294
      vertex 91.6648 74.5758 46.1866
      vertex 91.5624 75.135 46.2746
    endloop
  endfacet
  facet normal 0.34529 0.256698 -0.902708
    outer loop
      vertex 91.6915 75.1952 46.3411
      vertex 91.8097 74.6434 46.2294
      vertex 91.5624 75.135 46.2746
    endloop
  endfacet
  facet normal 0.344886 0.256645 -0.902877
    outer loop
      vertex 91.9457 74.7069 46.2994
      vertex 91.8097 74.6434 46.2294
      vertex 91.6915 75.1952 46.3411
    endloop
  endfacet
  facet normal 0.481354 0.320262 -0.815923
    outer loop
      vertex 91.8082 75.2496 46.4313
      vertex 91.9457 74.7069 46.2994
      vertex 91.6915 75.1952 46.3411
    endloop
  endfacet
  facet normal 0.481116 0.320239 -0.816073
    outer loop
      vertex 92.0687 74.7642 46.3944
      vertex 91.9457 74.7069 46.2994
      vertex 91.8082 75.2496 46.4313
    endloop
  endfacet
  facet normal 0.601362 0.376313 -0.704807
    outer loop
      vertex 91.909 75.2966 46.5424
      vertex 92.0687 74.7642 46.3944
      vertex 91.8082 75.2496 46.4313
    endloop
  endfacet
  facet normal 0.601837 0.376339 -0.704387
    outer loop
      vertex 92.1748 74.8137 46.5115
      vertex 92.0687 74.7642 46.3944
      vertex 91.909 75.2966 46.5424
    endloop
  endfacet
  facet normal 0.70306 0.423535 -0.571248
    outer loop
      vertex 91.9907 75.3347 46.6712
      vertex 92.1748 74.8137 46.5115
      vertex 91.909 75.2966 46.5424
    endloop
  endfacet
  facet normal 0.702836 0.423539 -0.57152
    outer loop
      vertex 92.2609 74.8538 46.6471
      vertex 92.1748 74.8137 46.5115
      vertex 91.9907 75.3347 46.6712
    endloop
  endfacet
  facet normal 0.781629 0.460265 -0.420965
    outer loop
      vertex 92.0509 75.3628 46.8137
      vertex 92.2609 74.8538 46.6471
      vertex 91.9907 75.3347 46.6712
    endloop
  endfacet
  facet normal 0.781654 0.460262 -0.420923
    outer loop
      vertex 92.3243 74.8834 46.7972
      vertex 92.2609 74.8538 46.6471
      vertex 92.0509 75.3628 46.8137
    endloop
  endfacet
  facet normal 0.835395 0.485305 -0.258059
    outer loop
      vertex 92.0878 75.38 46.9655
      vertex 92.3243 74.8834 46.7972
      vertex 92.0509 75.3628 46.8137
    endloop
  endfacet
  facet normal 0.835415 0.485297 -0.258009
    outer loop
      vertex 92.3632 74.9015 46.9572
      vertex 92.3243 74.8834 46.7972
      vertex 92.0878 75.38 46.9655
    endloop
  endfacet
  facet normal 0.862807 0.498087 -0.0864489
    outer loop
      vertex 92.1002 75.3857 47.1221
      vertex 92.3632 74.9015 46.9572
      vertex 92.0878 75.38 46.9655
    endloop
  endfacet
  facet normal 0.862808 0.498086 -0.0864453
    outer loop
      vertex 92.3762 74.9076 47.1221
      vertex 92.3632 74.9015 46.9572
      vertex 92.1002 75.3857 47.1221
    endloop
  endfacet
  facet normal 0.862808 0.498086 0.0864489
    outer loop
      vertex 92.3762 74.9076 47.1221
      vertex 92.1002 75.3857 47.1221
      vertex 92.0878 75.38 47.2787
    endloop
  endfacet
  facet normal 0.906313 0.422606 0
    outer loop
      vertex 93.4106 74.2866 48.2221
      vertex 92.988 75.1929 47.1221
      vertex 92.988 75.1929 48.2221
    endloop
  endfacet
  facet normal 0.906313 0.422606 0
    outer loop
      vertex 92.988 75.1929 47.1221
      vertex 93.4106 74.2866 48.2221
      vertex 93.4106 74.2866 47.1221
    endloop
  endfacet
  facet normal 0.903509 0.421299 0.0786082
    outer loop
      vertex 92.9824 75.1903 48.3004
      vertex 93.4106 74.2866 48.2221
      vertex 92.988 75.1929 48.2221
    endloop
  endfacet
  facet normal 0.903509 0.421299 0.0786082
    outer loop
      vertex 93.4106 74.2866 48.2221
      vertex 92.9824 75.1903 48.3004
      vertex 93.405 74.284 48.3004
    endloop
  endfacet
  facet normal 0.881148 0.410872 0.234014
    outer loop
      vertex 93.405 74.284 48.3004
      vertex 92.9824 75.1903 48.3004
      vertex 92.9658 75.1825 48.3766
    endloop
  endfacet
  facet normal 0.881148 0.410872 0.234014
    outer loop
      vertex 93.3884 74.2762 48.3766
      vertex 93.405 74.284 48.3004
      vertex 92.9658 75.1825 48.3766
    endloop
  endfacet
  facet normal 0.837372 0.390459 0.382557
    outer loop
      vertex 93.3884 74.2762 48.3766
      vertex 92.9658 75.1825 48.3766
      vertex 92.9386 75.1698 48.4491
    endloop
  endfacet
  facet normal 0.837372 0.390459 0.382557
    outer loop
      vertex 93.3612 74.2635 48.4491
      vertex 93.3884 74.2762 48.3766
      vertex 92.9386 75.1698 48.4491
    endloop
  endfacet
  facet normal 0.773073 0.360478 0.521932
    outer loop
      vertex 93.3612 74.2635 48.4491
      vertex 92.9386 75.1698 48.4491
      vertex 92.9015 75.1525 48.516
    endloop
  endfacet
  facet normal 0.773073 0.360478 0.521932
    outer loop
      vertex 93.3241 74.2462 48.516
      vertex 93.3612 74.2635 48.4491
      vertex 92.9015 75.1525 48.516
    endloop
  endfacet
  facet normal 0.689342 0.321434 0.64922
    outer loop
      vertex 93.3241 74.2462 48.516
      vertex 92.9015 75.1525 48.516
      vertex 92.8553 75.131 48.5757
    endloop
  endfacet
  facet normal 0.689342 0.321434 0.64922
    outer loop
      vertex 93.2779 74.2247 48.5757
      vertex 93.3241 74.2462 48.516
      vertex 92.8553 75.131 48.5757
    endloop
  endfacet
  facet normal 0.588118 0.274235 0.760863
    outer loop
      vertex 93.2779 74.2247 48.5757
      vertex 92.8553 75.131 48.5757
      vertex 92.8012 75.1058 48.6266
    endloop
  endfacet
  facet normal 0.588118 0.274235 0.760863
    outer loop
      vertex 93.2238 74.1995 48.6266
      vertex 93.2779 74.2247 48.5757
      vertex 92.8012 75.1058 48.6266
    endloop
  endfacet
  facet normal 0.473669 0.220868 0.852558
    outer loop
      vertex 93.2238 74.1995 48.6266
      vertex 92.8012 75.1058 48.6266
      vertex 92.7406 75.0775 48.6676
    endloop
  endfacet
  facet normal 0.473669 0.220868 0.852558
    outer loop
      vertex 93.1632 74.1712 48.6676
      vertex 93.2238 74.1995 48.6266
      vertex 92.7406 75.0775 48.6676
    endloop
  endfacet
  facet normal 0.347612 0.162089 0.923522
    outer loop
      vertex 93.1632 74.1712 48.6676
      vertex 92.7406 75.0775 48.6676
      vertex 92.6749 75.0469 48.6977
    endloop
  endfacet
  facet normal 0.347612 0.162089 0.923522
    outer loop
      vertex 93.0975 74.1406 48.6977
      vertex 93.1632 74.1712 48.6676
      vertex 92.6749 75.0469 48.6977
    endloop
  endfacet
  facet normal 0.211202 0.0984819 0.972468
    outer loop
      vertex 93.0975 74.1406 48.6977
      vertex 92.6749 75.0469 48.6977
      vertex 92.6057 75.0146 48.716
    endloop
  endfacet
  facet normal 0.211431 0.0986117 0.972406
    outer loop
      vertex 93.0284 74.1083 48.716
      vertex 93.0975 74.1406 48.6977
      vertex 92.6057 75.0146 48.716
    endloop
  endfacet
  facet normal 0.0704767 0.0328705 0.996972
    outer loop
      vertex 93.0284 74.1083 48.716
      vertex 92.6057 75.0146 48.716
      vertex 92.5348 74.9816 48.7221
    endloop
  endfacet
  facet normal 0.0704767 0.0328705 0.996972
    outer loop
      vertex 92.9575 74.0753 48.7221
      vertex 93.0284 74.1083 48.716
      vertex 92.5348 74.9816 48.7221
    endloop
  endfacet
  facet normal 0 0 1
    outer loop
      vertex 92.5348 74.9816 48.7221
      vertex 90.9183 73.1244 48.7221
      vertex 92.9575 74.0753 48.7221
    endloop
  endfacet
  facet normal 0 -0 1
    outer loop
      vertex 90.9183 73.1244 48.7221
      vertex 92.5348 74.9816 48.7221
      vertex 90.4957 74.0307 48.7221
    endloop
  endfacet
  facet normal -0.0790192 -0.036846 0.996192
    outer loop
      vertex 90.9183 73.1244 48.7221
      vertex 90.4957 74.0307 48.7221
      vertex 90.417 73.994 48.7145
    endloop
  endfacet
  facet normal -0.0790192 -0.036846 0.996192
    outer loop
      vertex 90.8396 73.0877 48.7145
      vertex 90.9183 73.1244 48.7221
      vertex 90.417 73.994 48.7145
    endloop
  endfacet
  facet normal -0.233985 -0.109105 0.966099
    outer loop
      vertex 90.8396 73.0877 48.7145
      vertex 90.417 73.994 48.7145
      vertex 90.3407 73.9584 48.692
    endloop
  endfacet
  facet normal -0.233985 -0.109105 0.966099
    outer loop
      vertex 90.7633 73.0521 48.692
      vertex 90.8396 73.0877 48.7145
      vertex 90.3407 73.9584 48.692
    endloop
  endfacet
  facet normal -0.382669 -0.178435 0.906491
    outer loop
      vertex 90.3407 73.9584 48.692
      vertex 90.6917 73.0187 48.6552
      vertex 90.7633 73.0521 48.692
    endloop
  endfacet
  facet normal -0.382669 -0.178435 0.906491
    outer loop
      vertex 90.6917 73.0187 48.6552
      vertex 90.3407 73.9584 48.692
      vertex 90.2691 73.925 48.6552
    endloop
  endfacet
  facet normal -0.520077 -0.242507 0.818969
    outer loop
      vertex 90.6917 73.0187 48.6552
      vertex 90.2691 73.925 48.6552
      vertex 90.2044 73.8949 48.6052
    endloop
  endfacet
  facet normal -0.519881 -0.242389 0.819129
    outer loop
      vertex 90.627 72.9885 48.6052
      vertex 90.6917 73.0187 48.6552
      vertex 90.2044 73.8949 48.6052
    endloop
  endfacet
  facet normal -0.64091 -0.298818 0.707066
    outer loop
      vertex 90.627 72.9885 48.6052
      vertex 90.2044 73.8949 48.6052
      vertex 90.1485 73.8688 48.5435
    endloop
  endfacet
  facet normal -0.641117 -0.298947 0.706824
    outer loop
      vertex 90.5711 72.9625 48.5435
      vertex 90.627 72.9885 48.6052
      vertex 90.1485 73.8688 48.5435
    endloop
  endfacet
  facet normal -0.742515 -0.346228 0.573408
    outer loop
      vertex 90.1032 73.8477 48.4721
      vertex 90.5711 72.9625 48.5435
      vertex 90.1485 73.8688 48.5435
    endloop
  endfacet
  facet normal -0.742515 -0.346228 0.573408
    outer loop
      vertex 90.5711 72.9625 48.5435
      vertex 90.1032 73.8477 48.4721
      vertex 90.5258 72.9414 48.4721
    endloop
  endfacet
  facet normal -0.821112 -0.382878 0.423296
    outer loop
      vertex 90.5258 72.9414 48.4721
      vertex 90.1032 73.8477 48.4721
      vertex 90.0698 73.8321 48.3932
    endloop
  endfacet
  facet normal -0.821112 -0.382878 0.423296
    outer loop
      vertex 90.4924 72.9258 48.3932
      vertex 90.5258 72.9414 48.4721
      vertex 90.0698 73.8321 48.3932
    endloop
  endfacet
  facet normal -0.875582 -0.408276 0.258201
    outer loop
      vertex 90.4924 72.9258 48.3932
      vertex 90.0698 73.8321 48.3932
      vertex 90.0494 73.8226 48.309
    endloop
  endfacet
  facet normal -0.875582 -0.408276 0.258201
    outer loop
      vertex 90.472 72.9163 48.309
      vertex 90.4924 72.9258 48.3932
      vertex 90.0494 73.8226 48.309
    endloop
  endfacet
  facet normal -0.902862 -0.420997 0.0871914
    outer loop
      vertex 90.472 72.9163 48.309
      vertex 90.0494 73.8226 48.309
      vertex 90.0425 73.8194 48.2221
    endloop
  endfacet
  facet normal -0.902862 -0.420997 0.0871914
    outer loop
      vertex 90.4651 72.9131 48.2221
      vertex 90.472 72.9163 48.309
      vertex 90.0425 73.8194 48.2221
    endloop
  endfacet
  facet normal -0.906313 -0.422606 0
    outer loop
      vertex 90.4651 72.9131 44.4721
      vertex 90.0425 73.8194 48.2221
      vertex 90.0425 73.8194 44.4721
    endloop
  endfacet
  facet normal -0.906313 -0.422606 0
    outer loop
      vertex 90.0425 73.8194 48.2221
      vertex 90.4651 72.9131 44.4721
      vertex 90.4651 72.9131 48.2221
    endloop
  endfacet
  facet normal -0.906327 -0.422576 0
    outer loop
      vertex 93.7011 75.5254 46.6521
      vertex 93.1623 76.681 47.1221
      vertex 93.1623 76.681 46.6521
    endloop
  endfacet
  facet normal -0.906327 -0.422576 0
    outer loop
      vertex 93.1623 76.681 47.1221
      vertex 93.7011 75.5254 46.6521
      vertex 93.7011 75.5254 47.1221
    endloop
  endfacet
  facet normal -0.687485 -0.726198 0
    outer loop
      vertex 90.2058 77.9079 44.4721
      vertex 91.4251 76.7536 47.1221
      vertex 90.2058 77.9079 47.1221
    endloop
  endfacet
  facet normal -0.687485 -0.726198 -0
    outer loop
      vertex 91.4251 76.7536 47.1221
      vertex 90.2058 77.9079 44.4721
      vertex 91.4251 76.7536 44.4721
    endloop
  endfacet
  facet normal -0.607019 -0.794688 -0
    outer loop
      vertex 88.8715 78.9271 46.712
      vertex 88.8715 78.9271 44.4721
      vertex 90 78.0651 46.712
    endloop
  endfacet
  facet normal -0.60702 -0.794687 0
    outer loop
      vertex 90 78.0651 46.712
      vertex 90.2058 77.9079 47.1221
      vertex 90 78.0651 47.1221
    endloop
  endfacet
  facet normal -0.60702 -0.794687 0
    outer loop
      vertex 90 78.0651 46.712
      vertex 90.2058 77.9079 44.4721
      vertex 90.2058 77.9079 47.1221
    endloop
  endfacet
  facet normal -0.607019 -0.794687 1.59538e-07
    outer loop
      vertex 90.2058 77.9079 44.4721
      vertex 90 78.0651 46.712
      vertex 88.8715 78.9271 44.4721
    endloop
  endfacet
  facet normal -0.519688 -0.854356 0
    outer loop
      vertex 87.5 79.7618 45.622
      vertex 87.4372 79.8 46.712
      vertex 87.4372 79.8 45.622
    endloop
  endfacet
  facet normal -0.519881 -0.854239 -1.52228e-05
    outer loop
      vertex 87.4372 79.8 46.712
      vertex 87.5 79.7618 45.622
      vertex 88.8715 78.9271 46.712
    endloop
  endfacet
  facet normal -0.51989 -0.854233 0
    outer loop
      vertex 88.8715 78.9271 44.4721
      vertex 87.5 79.7618 45.622
      vertex 87.5 79.7618 44.4721
    endloop
  endfacet
  facet normal -0.51989 -0.854233 0
    outer loop
      vertex 87.5 79.7618 45.622
      vertex 88.8715 78.9271 44.4721
      vertex 88.8715 78.9271 46.712
    endloop
  endfacet
  facet normal 0.350425 -0.936591 0
    outer loop
      vertex 92.0991 77.0679 46.6521
      vertex 92.2167 77.1119 47.1221
      vertex 92.0991 77.0679 47.1221
    endloop
  endfacet
  facet normal 0.350425 -0.936591 0
    outer loop
      vertex 92.2167 77.1119 47.1221
      vertex 92.0991 77.0679 46.6521
      vertex 92.2167 77.1119 46.6521
    endloop
  endfacet
  facet normal 0.199179 -0.979963 0
    outer loop
      vertex 92.2167 77.1119 46.6521
      vertex 92.3397 77.1369 47.1221
      vertex 92.2167 77.1119 47.1221
    endloop
  endfacet
  facet normal 0.199179 -0.979963 0
    outer loop
      vertex 92.3397 77.1369 47.1221
      vertex 92.2167 77.1119 46.6521
      vertex 92.3397 77.1369 46.6521
    endloop
  endfacet
  facet normal 0.0437827 -0.999041 0
    outer loop
      vertex 92.3397 77.1369 46.6521
      vertex 92.4652 77.1424 47.1221
      vertex 92.3397 77.1369 47.1221
    endloop
  endfacet
  facet normal 0.0437827 -0.999041 0
    outer loop
      vertex 92.4652 77.1424 47.1221
      vertex 92.3397 77.1369 46.6521
      vertex 92.4652 77.1424 46.6521
    endloop
  endfacet
  facet normal -0.113142 -0.993579 0
    outer loop
      vertex 92.4652 77.1424 46.6521
      vertex 92.5899 77.1282 47.1221
      vertex 92.4652 77.1424 47.1221
    endloop
  endfacet
  facet normal -0.113142 -0.993579 -0
    outer loop
      vertex 92.5899 77.1282 47.1221
      vertex 92.4652 77.1424 46.6521
      vertex 92.5899 77.1282 46.6521
    endloop
  endfacet
  facet normal -0.267562 -0.963541 0
    outer loop
      vertex 92.5899 77.1282 46.6521
      vertex 92.7109 77.0946 47.1221
      vertex 92.5899 77.1282 47.1221
    endloop
  endfacet
  facet normal -0.267562 -0.963541 -0
    outer loop
      vertex 92.7109 77.0946 47.1221
      vertex 92.5899 77.1282 46.6521
      vertex 92.7109 77.0946 46.6521
    endloop
  endfacet
  facet normal -0.414403 -0.910093 0
    outer loop
      vertex 92.7109 77.0946 46.6521
      vertex 92.8251 77.0426 47.1221
      vertex 92.7109 77.0946 47.1221
    endloop
  endfacet
  facet normal -0.414403 -0.910093 -0
    outer loop
      vertex 92.8251 77.0426 47.1221
      vertex 92.7109 77.0946 46.6521
      vertex 92.8251 77.0426 46.6521
    endloop
  endfacet
  facet normal -0.55194 -0.833884 0
    outer loop
      vertex 92.8251 77.0426 46.6521
      vertex 92.9298 76.9733 47.1221
      vertex 92.8251 77.0426 47.1221
    endloop
  endfacet
  facet normal -0.55194 -0.833884 -0
    outer loop
      vertex 92.9298 76.9733 47.1221
      vertex 92.8251 77.0426 46.6521
      vertex 92.9298 76.9733 46.6521
    endloop
  endfacet
  facet normal -0.675761 -0.737121 0
    outer loop
      vertex 92.9298 76.9733 46.6521
      vertex 93.0223 76.8885 47.1221
      vertex 92.9298 76.9733 47.1221
    endloop
  endfacet
  facet normal -0.675761 -0.737121 -0
    outer loop
      vertex 93.0223 76.8885 47.1221
      vertex 92.9298 76.9733 46.6521
      vertex 93.0223 76.8885 46.6521
    endloop
  endfacet
  facet normal -0.782575 -0.622557 0
    outer loop
      vertex 93.1005 76.7902 46.6521
      vertex 93.0223 76.8885 47.1221
      vertex 93.0223 76.8885 46.6521
    endloop
  endfacet
  facet normal -0.782575 -0.622557 0
    outer loop
      vertex 93.0223 76.8885 47.1221
      vertex 93.1005 76.7902 46.6521
      vertex 93.1005 76.7902 47.1221
    endloop
  endfacet
  facet normal -0.870296 -0.49253 0
    outer loop
      vertex 93.1623 76.681 46.6521
      vertex 93.1005 76.7902 47.1221
      vertex 93.1005 76.7902 46.6521
    endloop
  endfacet
  facet normal -0.870296 -0.49253 0
    outer loop
      vertex 93.1005 76.7902 47.1221
      vertex 93.1623 76.681 46.6521
      vertex 93.1623 76.681 47.1221
    endloop
  endfacet
  facet normal 0 1 -0
    outer loop
      vertex 87.1243 80.3 45.622
      vertex 82.4286 80.3 46.6521
      vertex 87.1243 80.3 46.6521
    endloop
  endfacet
  facet normal 0 1 0
    outer loop
      vertex 82.4286 80.3 46.6521
      vertex 87.1243 80.3 45.622
      vertex 82.4286 80.3 45.622
    endloop
  endfacet
  facet normal -0.64277 0.766059 0
    outer loop
      vertex 91.9181 67.2815 44.4721
      vertex 90.4138 66.0193 46.0221
      vertex 91.9181 67.2815 46.0221
    endloop
  endfacet
  facet normal -0.64277 0.766059 0
    outer loop
      vertex 90.4138 66.0193 46.0221
      vertex 91.9181 67.2815 44.4721
      vertex 90.4138 66.0193 44.4721
    endloop
  endfacet
  facet normal -0.939731 -0.341916 0
    outer loop
      vertex 97.0558 68.3025 46.6521
      vertex 97.0081 68.4336 47.1221
      vertex 97.0081 68.4336 46.6521
    endloop
  endfacet
  facet normal -0.939731 -0.341916 0
    outer loop
      vertex 97.0081 68.4336 47.1221
      vertex 97.0558 68.3025 46.6521
      vertex 97.0558 68.3025 47.1221
    endloop
  endfacet
  facet normal -0.98482 -0.173581 0
    outer loop
      vertex 97.08 68.1652 46.6521
      vertex 97.0558 68.3025 47.1221
      vertex 97.0558 68.3025 46.6521
    endloop
  endfacet
  facet normal -0.98482 -0.173581 0
    outer loop
      vertex 97.0558 68.3025 47.1221
      vertex 97.08 68.1652 46.6521
      vertex 97.08 68.1652 47.1221
    endloop
  endfacet
  facet normal -1 0 0
    outer loop
      vertex 97.08 68.0257 46.6521
      vertex 97.08 68.1652 47.1221
      vertex 97.08 68.1652 46.6521
    endloop
  endfacet
  facet normal -1 -0 0
    outer loop
      vertex 97.08 68.1652 47.1221
      vertex 97.08 68.0257 46.6521
      vertex 97.08 68.0257 47.1221
    endloop
  endfacet
  facet normal -0.98482 0.173581 0
    outer loop
      vertex 97.0558 67.8884 46.6521
      vertex 97.08 68.0257 47.1221
      vertex 97.08 68.0257 46.6521
    endloop
  endfacet
  facet normal -0.98482 0.173581 0
    outer loop
      vertex 97.08 68.0257 47.1221
      vertex 97.0558 67.8884 46.6521
      vertex 97.0558 67.8884 47.1221
    endloop
  endfacet
  facet normal -0.939647 0.342146 0
    outer loop
      vertex 97.0081 67.7574 46.6521
      vertex 97.0558 67.8884 47.1221
      vertex 97.0558 67.8884 46.6521
    endloop
  endfacet
  facet normal -0.939647 0.342146 0
    outer loop
      vertex 97.0558 67.8884 47.1221
      vertex 97.0081 67.7574 46.6521
      vertex 97.0081 67.7574 47.1221
    endloop
  endfacet
  facet normal -0.866162 0.499764 0
    outer loop
      vertex 96.9384 67.6366 46.6521
      vertex 97.0081 67.7574 47.1221
      vertex 97.0081 67.7574 46.6521
    endloop
  endfacet
  facet normal -0.866162 0.499764 0
    outer loop
      vertex 97.0081 67.7574 47.1221
      vertex 96.9384 67.6366 46.6521
      vertex 96.9384 67.6366 47.1221
    endloop
  endfacet
  facet normal -0.7661 0.642721 0
    outer loop
      vertex 96.8488 67.5298 46.6521
      vertex 96.9384 67.6366 47.1221
      vertex 96.9384 67.6366 46.6521
    endloop
  endfacet
  facet normal -0.7661 0.642721 0
    outer loop
      vertex 96.9384 67.6366 47.1221
      vertex 96.8488 67.5298 46.6521
      vertex 96.8488 67.5298 47.1221
    endloop
  endfacet
  facet normal -0.642789 0.766044 0
    outer loop
      vertex 96.8488 67.5298 46.6521
      vertex 96.7419 67.4401 47.1221
      vertex 96.8488 67.5298 47.1221
    endloop
  endfacet
  facet normal -0.642789 0.766044 0
    outer loop
      vertex 96.7419 67.4401 47.1221
      vertex 96.8488 67.5298 46.6521
      vertex 96.7419 67.4401 46.6521
    endloop
  endfacet
  facet normal -0.500074 0.865982 0
    outer loop
      vertex 96.7419 67.4401 46.6521
      vertex 96.6212 67.3704 47.1221
      vertex 96.7419 67.4401 47.1221
    endloop
  endfacet
  facet normal -0.500074 0.865982 0
    outer loop
      vertex 96.6212 67.3704 47.1221
      vertex 96.7419 67.4401 46.6521
      vertex 96.6212 67.3704 46.6521
    endloop
  endfacet
  facet normal -1 0 0
    outer loop
      vertex 95.95 59.9 44.5221
      vertex 95.95 58.8073 44.5221
      vertex 95.95 59.9 46.0221
    endloop
  endfacet
  facet normal -1 0 0
    outer loop
      vertex 95.95 65.4502 45.3721
      vertex 95.95 63.0002 45.3721
      vertex 95.95 65.4502 46.0221
    endloop
  endfacet
  facet normal -1 0 0
    outer loop
      vertex 95.95 65.4502 46.0221
      vertex 95.95 67.0574 47.1221
      vertex 95.95 67.0574 46.0221
    endloop
  endfacet
  facet normal -1 0 0
    outer loop
      vertex 95.95 63.0002 46.0221
      vertex 95.95 65.4502 46.0221
      vertex 95.95 63.0002 45.3721
    endloop
  endfacet
  facet normal -1 0 0
    outer loop
      vertex 95.95 65.4502 46.0221
      vertex 95.95 63.0002 46.0221
      vertex 95.95 67.0574 47.1221
    endloop
  endfacet
  facet normal -1 0 0
    outer loop
      vertex 95.95 58.8073 47.1221
      vertex 95.95 63.0002 46.0221
      vertex 95.95 59.9 46.0221
    endloop
  endfacet
  facet normal -1 0 0
    outer loop
      vertex 95.95 63.0002 46.0221
      vertex 95.95 58.8073 47.1221
      vertex 95.95 67.0574 47.1221
    endloop
  endfacet
  facet normal -1 0 0
    outer loop
      vertex 95.95 58.8073 47.1221
      vertex 95.95 59.9 46.0221
      vertex 95.95 58.8073 44.5221
    endloop
  endfacet
  facet normal 0.865851 0.500301 0
    outer loop
      vertex 92.4557 66.1574 46.0221
      vertex 92.3859 66.2782 45.3721
      vertex 92.3859 66.2782 46.0221
    endloop
  endfacet
  facet normal 0.865851 0.500301 0
    outer loop
      vertex 92.3859 66.2782 45.3721
      vertex 92.4557 66.1574 46.0221
      vertex 92.4557 66.1574 45.3721
    endloop
  endfacet
  facet normal 0.7661 0.642721 0
    outer loop
      vertex 92.5453 66.0506 46.0221
      vertex 92.4557 66.1574 45.3721
      vertex 92.4557 66.1574 46.0221
    endloop
  endfacet
  facet normal 0.7661 0.642721 0
    outer loop
      vertex 92.4557 66.1574 45.3721
      vertex 92.5453 66.0506 46.0221
      vertex 92.5453 66.0506 45.3721
    endloop
  endfacet
  facet normal 0.642721 0.7661 -0
    outer loop
      vertex 92.6521 65.961 45.3721
      vertex 92.5453 66.0506 46.0221
      vertex 92.6521 65.961 46.0221
    endloop
  endfacet
  facet normal 0.642721 0.7661 0
    outer loop
      vertex 92.5453 66.0506 46.0221
      vertex 92.6521 65.961 45.3721
      vertex 92.5453 66.0506 45.3721
    endloop
  endfacet
  facet normal 0.499764 0.866162 -0
    outer loop
      vertex 92.7729 65.8913 45.3721
      vertex 92.6521 65.961 46.0221
      vertex 92.7729 65.8913 46.0221
    endloop
  endfacet
  facet normal 0.499764 0.866162 0
    outer loop
      vertex 92.6521 65.961 46.0221
      vertex 92.7729 65.8913 45.3721
      vertex 92.6521 65.961 45.3721
    endloop
  endfacet
  facet normal 0.342146 0.939647 -0
    outer loop
      vertex 92.9039 65.8436 45.3721
      vertex 92.7729 65.8913 46.0221
      vertex 92.9039 65.8436 46.0221
    endloop
  endfacet
  facet normal 0.342146 0.939647 0
    outer loop
      vertex 92.7729 65.8913 46.0221
      vertex 92.9039 65.8436 45.3721
      vertex 92.7729 65.8913 45.3721
    endloop
  endfacet
  facet normal 0.174153 0.984719 -0
    outer loop
      vertex 93.0413 65.8193 45.3721
      vertex 92.9039 65.8436 46.0221
      vertex 93.0413 65.8193 46.0221
    endloop
  endfacet
  facet normal 0.174153 0.984719 0
    outer loop
      vertex 92.9039 65.8436 46.0221
      vertex 93.0413 65.8193 45.3721
      vertex 92.9039 65.8436 45.3721
    endloop
  endfacet
  facet normal 0 1 -0
    outer loop
      vertex 93.1807 65.8193 45.3721
      vertex 93.0413 65.8193 46.0221
      vertex 93.1807 65.8193 46.0221
    endloop
  endfacet
  facet normal 0 1 0
    outer loop
      vertex 93.0413 65.8193 46.0221
      vertex 93.1807 65.8193 45.3721
      vertex 93.0413 65.8193 45.3721
    endloop
  endfacet
  facet normal -0.174276 0.984697 0
    outer loop
      vertex 93.318 65.8436 45.3721
      vertex 93.1807 65.8193 46.0221
      vertex 93.318 65.8436 46.0221
    endloop
  endfacet
  facet normal -0.174276 0.984697 0
    outer loop
      vertex 93.1807 65.8193 46.0221
      vertex 93.318 65.8436 45.3721
      vertex 93.1807 65.8193 45.3721
    endloop
  endfacet
  facet normal -0.341916 0.939731 0
    outer loop
      vertex 93.4491 65.8913 45.3721
      vertex 93.318 65.8436 46.0221
      vertex 93.4491 65.8913 46.0221
    endloop
  endfacet
  facet normal -0.341916 0.939731 0
    outer loop
      vertex 93.318 65.8436 46.0221
      vertex 93.4491 65.8913 45.3721
      vertex 93.318 65.8436 45.3721
    endloop
  endfacet
  facet normal 0.906316 0.4226 0
    outer loop
      vertex 92.2825 66.5 45.3721
      vertex 91.9181 67.2815 44.4721
      vertex 91.9181 67.2815 46.0221
    endloop
  endfacet
  facet normal 0.906316 0.4226 0
    outer loop
      vertex 91.9181 67.2815 44.4721
      vertex 92.2825 66.5 45.3721
      vertex 92.2825 66.5 44.4721
    endloop
  endfacet
  facet normal 0.90635 0.422528 0.000105742
    outer loop
      vertex 92.3859 66.2782 45.3721
      vertex 92.2825 66.5 45.3721
      vertex 91.9181 67.2815 46.0221
    endloop
  endfacet
  facet normal 0.906324 0.422584 0
    outer loop
      vertex 92.3859 66.2782 46.0221
      vertex 92.3859 66.2782 45.3721
      vertex 91.9181 67.2815 46.0221
    endloop
  endfacet
  facet normal 0 -1 0
    outer loop
      vertex 91.1 66.5 45.3721
      vertex 92.2825 66.5 44.4721
      vertex 92.2825 66.5 45.3721
    endloop
  endfacet
  facet normal 0 -1 -0
    outer loop
      vertex 92.2825 66.5 44.4721
      vertex 91.1 66.5 43.6721
      vertex 94.7545 66.5 44.4721
    endloop
  endfacet
  facet normal 0 -1 0
    outer loop
      vertex 91.1 66.5 43.6721
      vertex 92.2825 66.5 44.4721
      vertex 91.1 66.5 45.3721
    endloop
  endfacet
  facet normal 0 -1 0
    outer loop
      vertex 94.7545 66.5 44.4721
      vertex 96.4353 66.5 45.3721
      vertex 94.7545 66.5 45.3721
    endloop
  endfacet
  facet normal 0 -1 0
    outer loop
      vertex 94.7545 66.5 44.4721
      vertex 96.4353 66.5 43.6721
      vertex 96.4353 66.5 45.3721
    endloop
  endfacet
  facet normal 0 -1 0
    outer loop
      vertex 96.4353 66.5 43.6721
      vertex 94.7545 66.5 44.4721
      vertex 91.1 66.5 43.6721
    endloop
  endfacet
  facet normal -0.422608 0.906313 0
    outer loop
      vertex 93.4491 65.8913 46.0221
      vertex 94.7545 66.5 45.3721
      vertex 93.4491 65.8913 45.3721
    endloop
  endfacet
  facet normal -0.422592 0.90632 3.95236e-05
    outer loop
      vertex 95.95 67.0574 46.0221
      vertex 94.7545 66.5 45.3721
      vertex 93.4491 65.8913 46.0221
    endloop
  endfacet
  facet normal -0.422634 0.9063 0
    outer loop
      vertex 96.6212 67.3704 47.1221
      vertex 96.6212 67.3704 46.6521
      vertex 95.95 67.0574 47.1221
    endloop
  endfacet
  facet normal -0.422379 0.906419 0.000443436
    outer loop
      vertex 96.6212 67.3704 46.6521
      vertex 96.386 67.2608 46.6521
      vertex 95.95 67.0574 47.1221
    endloop
  endfacet
  facet normal -0.422772 0.906236 0
    outer loop
      vertex 96.386 67.2608 46.6521
      vertex 95.95 67.0574 46.0221
      vertex 95.95 67.0574 47.1221
    endloop
  endfacet
  facet normal -0.422772 0.906236 0
    outer loop
      vertex 95.95 67.0574 46.0221
      vertex 96.386 67.2608 46.6521
      vertex 96.386 67.2608 44.4721
    endloop
  endfacet
  facet normal -0.4226 0.906316 5.86697e-05
    outer loop
      vertex 95.95 67.0574 46.0221
      vertex 96.386 67.2608 44.4721
      vertex 94.7545 66.5 45.3721
    endloop
  endfacet
  facet normal -0.422627 0.906304 0
    outer loop
      vertex 94.7545 66.5 45.3721
      vertex 96.386 67.2608 44.4721
      vertex 94.7545 66.5 44.4721
    endloop
  endfacet
  facet normal 1 -0 0
    outer loop
      vertex 91.1 61.5 45.3721
      vertex 91.1 66.5 43.6721
      vertex 91.1 66.5 45.3721
    endloop
  endfacet
  facet normal 1 0 0
    outer loop
      vertex 91.1 66.5 43.6721
      vertex 91.1 61.5 45.3721
      vertex 91.1 61.5 43.6721
    endloop
  endfacet
  facet normal 0.999042 0.0437696 0
    outer loop
      vertex 96.45 65.8 46.6521
      vertex 96.45 65.8 45.3721
      vertex 96.386 67.2608 46.6521
    endloop
  endfacet
  facet normal 0.999441 0.0209883 0.0260192
    outer loop
      vertex 96.45 65.8 45.3721
      vertex 96.4353 66.5 45.3721
      vertex 96.386 67.2608 46.6521
    endloop
  endfacet
  facet normal 0.997907 0.0646646 0
    outer loop
      vertex 96.4353 66.5 45.3721
      vertex 96.386 67.2608 44.4721
      vertex 96.386 67.2608 46.6521
    endloop
  endfacet
  facet normal 0.997907 0.0646646 0
    outer loop
      vertex 96.386 67.2608 44.4721
      vertex 96.4353 66.5 45.3721
      vertex 96.4353 66.5 43.6721
    endloop
  endfacet
  facet normal 0.99263 0.112274 -0.0456016
    outer loop
      vertex 96.386 67.2608 44.4721
      vertex 96.4353 66.5 43.6721
      vertex 96.2922 68.0901 44.4721
    endloop
  endfacet
  facet normal 0.995975 0.0896321 0
    outer loop
      vertex 96.2922 68.0901 44.4721
      vertex 96.4353 66.5 43.6721
      vertex 96.2922 68.0901 43.6721
    endloop
  endfacet
  facet normal 0.985902 0.167323 0
    outer loop
      vertex 96.2922 68.0901 44.4721
      vertex 96.2922 68.0901 43.6721
      vertex 96.1215 69.0959 44.4721
    endloop
  endfacet
  facet normal 0.977629 0.204628 -0.0486671
    outer loop
      vertex 96.1215 69.0959 44.4721
      vertex 96.2922 68.0901 43.6721
      vertex 95.8219 70.337 43.6721
    endloop
  endfacet
  facet normal 0.793018 0.602766 -0.0882893
    outer loop
      vertex 93.4192 75.3939 44.4721
      vertex 93.9848 74.5326 43.6721
      vertex 92.6528 76.4022 44.4721
    endloop
  endfacet
  facet normal 0.814439 0.580249 0
    outer loop
      vertex 92.6528 76.4022 44.4721
      vertex 93.9848 74.5326 43.6721
      vertex 92.6528 76.4022 43.6721
    endloop
  endfacet
  facet normal 0.755833 0.654764 0
    outer loop
      vertex 92.6528 76.4022 44.4721
      vertex 92.6528 76.4022 43.6721
      vertex 92.0827 77.0603 44.4721
    endloop
  endfacet
  facet normal 0.726373 0.685729 -0.0464661
    outer loop
      vertex 92.0827 77.0603 44.4721
      vertex 92.6528 76.4022 43.6721
      vertex 91.077 78.0714 43.6721
    endloop
  endfacet
  facet normal 0.708998 0.705211 -0
    outer loop
      vertex 92.0827 77.0603 44.4721
      vertex 91.077 78.0714 46.6521
      vertex 92.0827 77.0603 46.6521
    endloop
  endfacet
  facet normal 0.708998 0.705211 0
    outer loop
      vertex 91.077 78.0714 46.6521
      vertex 92.0827 77.0603 44.4721
      vertex 91.077 78.0714 43.6721
    endloop
  endfacet
  facet normal 0.626171 0.779686 -0
    outer loop
      vertex 91.077 78.0714 43.6721
      vertex 89.2872 79.5088 46.6521
      vertex 91.077 78.0714 46.6521
    endloop
  endfacet
  facet normal 0.626171 0.779686 0
    outer loop
      vertex 89.2872 79.5088 46.6521
      vertex 91.077 78.0714 43.6721
      vertex 89.2872 79.5088 43.6721
    endloop
  endfacet
  facet normal 0.513342 0.858184 -4.50301e-05
    outer loop
      vertex 89.2872 79.5088 46.6521
      vertex 87.5 80.5778 45.622
      vertex 87.3172 80.6872 46.6521
    endloop
  endfacet
  facet normal 0.513323 0.858195 -0
    outer loop
      vertex 89.2872 79.5088 43.6721
      vertex 87.5 80.5778 45.622
      vertex 89.2872 79.5088 46.6521
    endloop
  endfacet
  facet normal 0.513323 0.858195 0
    outer loop
      vertex 87.5 80.5778 45.622
      vertex 89.2872 79.5088 43.6721
      vertex 87.5 80.5778 43.6721
    endloop
  endfacet
  facet normal 0.513529 0.858072 0
    outer loop
      vertex 87.3172 80.6872 46.6521
      vertex 87.5 80.5778 45.622
      vertex 87.3172 80.6872 45.622
    endloop
  endfacet
  facet normal 0.972078 0.234658 -0
    outer loop
      vertex 96.1215 69.0959 44.4721
      vertex 95.8219 70.337 46.6521
      vertex 96.1215 69.0959 46.6521
    endloop
  endfacet
  facet normal 0.972078 0.234658 0
    outer loop
      vertex 95.8219 70.337 46.6521
      vertex 96.1215 69.0959 44.4721
      vertex 95.8219 70.337 43.6721
    endloop
  endfacet
  facet normal 0.941441 0.337178 0
    outer loop
      vertex 95.8219 70.337 46.6521
      vertex 95.0479 72.4981 43.6721
      vertex 95.0479 72.4981 46.6521
    endloop
  endfacet
  facet normal 0.941441 0.337178 0
    outer loop
      vertex 95.0479 72.4981 43.6721
      vertex 95.8219 70.337 46.6521
      vertex 95.8219 70.337 43.6721
    endloop
  endfacet
  facet normal 0.886295 0.463121 0
    outer loop
      vertex 95.0479 72.4981 46.6521
      vertex 93.9848 74.5326 43.6721
      vertex 93.9848 74.5326 46.6521
    endloop
  endfacet
  facet normal 0.886295 0.463121 0
    outer loop
      vertex 93.9848 74.5326 43.6721
      vertex 95.0479 72.4981 46.6521
      vertex 95.0479 72.4981 43.6721
    endloop
  endfacet
  facet normal 0.835882 0.548909 0
    outer loop
      vertex 93.9848 74.5326 46.6521
      vertex 93.4192 75.3939 44.4721
      vertex 93.4192 75.3939 46.6521
    endloop
  endfacet
  facet normal 0.835882 0.548909 0
    outer loop
      vertex 93.4192 75.3939 44.4721
      vertex 93.9848 74.5326 46.6521
      vertex 93.9848 74.5326 43.6721
    endloop
  endfacet
  facet normal 0 0 -1
    outer loop
      vertex 95.95 63.0002 45.3721
      vertex 96.45 65.8 45.3721
      vertex 96.45 61.5 45.3721
    endloop
  endfacet
  facet normal 0 0 -1
    outer loop
      vertex 95.95 65.4502 45.3721
      vertex 96.45 65.8 45.3721
      vertex 95.95 63.0002 45.3721
    endloop
  endfacet
  facet normal 0 0 -1
    outer loop
      vertex 96.45 61.5 45.3721
      vertex 93.7 63.0002 45.3721
      vertex 95.95 63.0002 45.3721
    endloop
  endfacet
  facet normal 0 0 -1
    outer loop
      vertex 91.1 61.5 45.3721
      vertex 93.7 63.0002 45.3721
      vertex 96.45 61.5 45.3721
    endloop
  endfacet
  facet normal -0 0 -1
    outer loop
      vertex 93.7 63.0002 45.3721
      vertex 91.1 61.5 45.3721
      vertex 93.5264 63.0154 45.3721
    endloop
  endfacet
  facet normal -0 0 -1
    outer loop
      vertex 93.5264 63.0154 45.3721
      vertex 91.1 61.5 45.3721
      vertex 93.358 63.0605 45.3721
    endloop
  endfacet
  facet normal 0 0 -1
    outer loop
      vertex 91.1 66.5 45.3721
      vertex 92.7 64.4502 45.3721
      vertex 92.7 64.0002 45.3721
    endloop
  endfacet
  facet normal 0 0 -1
    outer loop
      vertex 92.7 64.4502 45.3721
      vertex 92.5453 66.0506 45.3721
      vertex 92.6521 65.961 45.3721
    endloop
  endfacet
  facet normal 0 0 -1
    outer loop
      vertex 92.7 64.4502 45.3721
      vertex 91.1 66.5 45.3721
      vertex 92.5453 66.0506 45.3721
    endloop
  endfacet
  facet normal 0 0 -1
    outer loop
      vertex 91.1 61.5 45.3721
      vertex 92.7 64.0002 45.3721
      vertex 92.7152 63.8265 45.3721
    endloop
  endfacet
  facet normal 0 0 -1
    outer loop
      vertex 92.5453 66.0506 45.3721
      vertex 91.1 66.5 45.3721
      vertex 92.4557 66.1574 45.3721
    endloop
  endfacet
  facet normal 0 0 -1
    outer loop
      vertex 92.4557 66.1574 45.3721
      vertex 91.1 66.5 45.3721
      vertex 92.3859 66.2782 45.3721
    endloop
  endfacet
  facet normal -0 0 -1
    outer loop
      vertex 93.358 63.0605 45.3721
      vertex 91.1 61.5 45.3721
      vertex 93.2 63.1342 45.3721
    endloop
  endfacet
  facet normal 0 0 -1
    outer loop
      vertex 91.1 61.5 45.3721
      vertex 93.0572 63.2342 45.3721
      vertex 93.2 63.1342 45.3721
    endloop
  endfacet
  facet normal 0 0 -1
    outer loop
      vertex 91.1 61.5 45.3721
      vertex 92.934 63.3574 45.3721
      vertex 93.0572 63.2342 45.3721
    endloop
  endfacet
  facet normal 0 0 -1
    outer loop
      vertex 91.1 61.5 45.3721
      vertex 92.834 63.5002 45.3721
      vertex 92.934 63.3574 45.3721
    endloop
  endfacet
  facet normal 0 0 -1
    outer loop
      vertex 91.1 61.5 45.3721
      vertex 92.7603 63.6582 45.3721
      vertex 92.834 63.5002 45.3721
    endloop
  endfacet
  facet normal 0 0 -1
    outer loop
      vertex 91.1 61.5 45.3721
      vertex 92.7152 63.8265 45.3721
      vertex 92.7603 63.6582 45.3721
    endloop
  endfacet
  facet normal -0 0 -1
    outer loop
      vertex 92.7 64.0002 45.3721
      vertex 91.1 61.5 45.3721
      vertex 91.1 66.5 45.3721
    endloop
  endfacet
  facet normal 0 0 -1
    outer loop
      vertex 92.3859 66.2782 45.3721
      vertex 91.1 66.5 45.3721
      vertex 92.2825 66.5 45.3721
    endloop
  endfacet
  facet normal -0 0 -1
    outer loop
      vertex 96.45 65.8 45.3721
      vertex 95.95 65.4502 45.3721
      vertex 96.4353 66.5 45.3721
    endloop
  endfacet
  facet normal 0 0 -1
    outer loop
      vertex 95.95 65.4502 45.3721
      vertex 94.7545 66.5 45.3721
      vertex 96.4353 66.5 45.3721
    endloop
  endfacet
  facet normal 0 0 -1
    outer loop
      vertex 93.7 65.4502 45.3721
      vertex 94.7545 66.5 45.3721
      vertex 95.95 65.4502 45.3721
    endloop
  endfacet
  facet normal 0 0 -1
    outer loop
      vertex 93.4491 65.8913 45.3721
      vertex 93.7 65.4502 45.3721
      vertex 93.5264 65.435 45.3721
    endloop
  endfacet
  facet normal 0 0 -1
    outer loop
      vertex 93.7 65.4502 45.3721
      vertex 93.4491 65.8913 45.3721
      vertex 94.7545 66.5 45.3721
    endloop
  endfacet
  facet normal 0 0 -1
    outer loop
      vertex 93.318 65.8436 45.3721
      vertex 93.5264 65.435 45.3721
      vertex 93.358 65.3899 45.3721
    endloop
  endfacet
  facet normal 0 0 -1
    outer loop
      vertex 93.5264 65.435 45.3721
      vertex 93.318 65.8436 45.3721
      vertex 93.4491 65.8913 45.3721
    endloop
  endfacet
  facet normal 0 0 -1
    outer loop
      vertex 93.1807 65.8193 45.3721
      vertex 93.358 65.3899 45.3721
      vertex 93.2 65.3162 45.3721
    endloop
  endfacet
  facet normal 0 0 -1
    outer loop
      vertex 93.358 65.3899 45.3721
      vertex 93.1807 65.8193 45.3721
      vertex 93.318 65.8436 45.3721
    endloop
  endfacet
  facet normal 0 0 -1
    outer loop
      vertex 93.0413 65.8193 45.3721
      vertex 93.2 65.3162 45.3721
      vertex 93.0572 65.2162 45.3721
    endloop
  endfacet
  facet normal 0 0 -1
    outer loop
      vertex 93.2 65.3162 45.3721
      vertex 93.0413 65.8193 45.3721
      vertex 93.1807 65.8193 45.3721
    endloop
  endfacet
  facet normal 0 0 -1
    outer loop
      vertex 92.9039 65.8436 45.3721
      vertex 93.0572 65.2162 45.3721
      vertex 92.934 65.093 45.3721
    endloop
  endfacet
  facet normal 0 0 -1
    outer loop
      vertex 93.0572 65.2162 45.3721
      vertex 92.9039 65.8436 45.3721
      vertex 93.0413 65.8193 45.3721
    endloop
  endfacet
  facet normal 0 0 -1
    outer loop
      vertex 92.6521 65.961 45.3721
      vertex 92.934 65.093 45.3721
      vertex 92.834 64.9502 45.3721
    endloop
  endfacet
  facet normal 0 0 -1
    outer loop
      vertex 92.934 65.093 45.3721
      vertex 92.7729 65.8913 45.3721
      vertex 92.9039 65.8436 45.3721
    endloop
  endfacet
  facet normal 0 0 -1
    outer loop
      vertex 92.6521 65.961 45.3721
      vertex 92.834 64.9502 45.3721
      vertex 92.7603 64.7922 45.3721
    endloop
  endfacet
  facet normal 0 0 -1
    outer loop
      vertex 92.6521 65.961 45.3721
      vertex 92.7603 64.7922 45.3721
      vertex 92.7152 64.6238 45.3721
    endloop
  endfacet
  facet normal 0 0 -1
    outer loop
      vertex 92.6521 65.961 45.3721
      vertex 92.7152 64.6238 45.3721
      vertex 92.7 64.4502 45.3721
    endloop
  endfacet
  facet normal 0 0 -1
    outer loop
      vertex 92.934 65.093 45.3721
      vertex 92.6521 65.961 45.3721
      vertex 92.7729 65.8913 45.3721
    endloop
  endfacet
  facet normal 0 1 -0
    outer loop
      vertex 96.45 61.5 43.6721
      vertex 91.1 61.5 45.3721
      vertex 96.45 61.5 45.3721
    endloop
  endfacet
  facet normal 0 1 0
    outer loop
      vertex 91.1 61.5 45.3721
      vertex 96.45 61.5 43.6721
      vertex 91.1 61.5 43.6721
    endloop
  endfacet
  facet normal 0 -1 0
    outer loop
      vertex 96.9575 58.7 47.1221
      vertex 96.9575 58.7 46.6521
      vertex 98.9 58.7 47.1221
    endloop
  endfacet
  facet normal 0 -1 0
    outer loop
      vertex 98.9 58.7 47.1221
      vertex 99.6327 58.7 48.1221
      vertex 98.9 58.7 48.1221
    endloop
  endfacet
  facet normal 0 -1 -0
    outer loop
      vertex 99.6327 58.7 48.1221
      vertex 98.9 58.7 47.1221
      vertex 100 58.7 47.2448
    endloop
  endfacet
  facet normal 0 -1 0
    outer loop
      vertex 99.1 58.7 46.6521
      vertex 98.9 58.7 47.1221
      vertex 96.9575 58.7 46.6521
    endloop
  endfacet
  facet normal 0 -1 0
    outer loop
      vertex 98.9 58.7 47.1221
      vertex 99.1 58.7 46.6521
      vertex 100 58.7 47.2448
    endloop
  endfacet
  facet normal 0 -1 0
    outer loop
      vertex 99.1 58.7 46.6521
      vertex 100.225 58.7 46.3204
      vertex 100 58.7 47.2448
    endloop
  endfacet
  facet normal 0 -1 0
    outer loop
      vertex 99.1 58.7 45.3421
      vertex 100.225 58.7 46.3204
      vertex 99.1 58.7 46.6521
    endloop
  endfacet
  facet normal 0 -1 -0
    outer loop
      vertex 100.225 58.7 46.3204
      vertex 99.1 58.7 45.3421
      vertex 100.3 58.7 45.3721
    endloop
  endfacet
  facet normal 0 -1 -0
    outer loop
      vertex 100.3 58.7 45.3721
      vertex 99.1 58.7 45.3421
      vertex 100.3 58.7 45.3421
    endloop
  endfacet
  facet normal 0 0 -1
    outer loop
      vertex 93.9848 74.5326 46.6521
      vertex 93.4192 75.3939 46.6521
      vertex 93.7011 75.5254 46.6521
    endloop
  endfacet
  facet normal 0 0 -1
    outer loop
      vertex 96.9575 58.7 46.6521
      vertex 99.1 65.8 46.6521
      vertex 99.1 58.7 46.6521
    endloop
  endfacet
  facet normal 0 -0 -1
    outer loop
      vertex 96.8488 67.5298 46.6521
      vertex 99.1 65.8 46.6521
      vertex 96.45 65.8 46.6521
    endloop
  endfacet
  facet normal 0 -0 -1
    outer loop
      vertex 97.08 68.0257 46.6521
      vertex 98.9521 68.1785 46.6521
      vertex 97.0558 67.8884 46.6521
    endloop
  endfacet
  facet normal 0 0 -1
    outer loop
      vertex 97.0558 68.3025 46.6521
      vertex 98.9521 68.1785 46.6521
      vertex 97.08 68.1652 46.6521
    endloop
  endfacet
  facet normal 0 0 -1
    outer loop
      vertex 97.08 68.1652 46.6521
      vertex 98.9521 68.1785 46.6521
      vertex 97.08 68.0257 46.6521
    endloop
  endfacet
  facet normal 0 0 -1
    outer loop
      vertex 98.9521 68.1785 46.6521
      vertex 97.0081 67.7574 46.6521
      vertex 97.0558 67.8884 46.6521
    endloop
  endfacet
  facet normal -0 0 -1
    outer loop
      vertex 99.1 65.8 46.6521
      vertex 96.9575 58.7 46.6521
      vertex 96.45 65.8 46.6521
    endloop
  endfacet
  facet normal 0 -0 -1
    outer loop
      vertex 96.9384 67.6366 46.6521
      vertex 99.1 65.8 46.6521
      vertex 96.8488 67.5298 46.6521
    endloop
  endfacet
  facet normal 0 0 -1
    outer loop
      vertex 98.9521 68.1785 46.6521
      vertex 96.9384 67.6366 46.6521
      vertex 97.0081 67.7574 46.6521
    endloop
  endfacet
  facet normal 0 0 -1
    outer loop
      vertex 99.1 65.8 46.6521
      vertex 96.9384 67.6366 46.6521
      vertex 98.9521 68.1785 46.6521
    endloop
  endfacet
  facet normal 0 0 -1
    outer loop
      vertex 96.8488 67.5298 46.6521
      vertex 96.45 65.8 46.6521
      vertex 96.7419 67.4401 46.6521
    endloop
  endfacet
  facet normal 0 0 -1
    outer loop
      vertex 96.45 65.8 46.6521
      vertex 96.9575 58.7 46.6521
      vertex 96.45 58.2741 46.6521
    endloop
  endfacet
  facet normal 0 0 -1
    outer loop
      vertex 96.7419 67.4401 46.6521
      vertex 96.45 65.8 46.6521
      vertex 96.6212 67.3704 46.6521
    endloop
  endfacet
  facet normal 0 0 -1
    outer loop
      vertex 96.6212 67.3704 46.6521
      vertex 96.45 65.8 46.6521
      vertex 96.386 67.2608 46.6521
    endloop
  endfacet
  facet normal 0 0 -1
    outer loop
      vertex 97.0081 68.4336 46.6521
      vertex 98.9521 68.1785 46.6521
      vertex 97.0558 68.3025 46.6521
    endloop
  endfacet
  facet normal 0 0 -1
    outer loop
      vertex 98.9521 68.1785 46.6521
      vertex 97.0081 68.4336 46.6521
      vertex 98.5107 70.5203 46.6521
    endloop
  endfacet
  facet normal 0 0 -1
    outer loop
      vertex 96.5961 69.3172 46.6521
      vertex 98.5107 70.5203 46.6521
      vertex 97.0081 68.4336 46.6521
    endloop
  endfacet
  facet normal 0 0 -1
    outer loop
      vertex 95.8219 70.337 46.6521
      vertex 98.5107 70.5203 46.6521
      vertex 96.5961 69.3172 46.6521
    endloop
  endfacet
  facet normal -0 0 -1
    outer loop
      vertex 98.5107 70.5203 46.6521
      vertex 95.8219 70.337 46.6521
      vertex 97.7826 72.7895 46.6521
    endloop
  endfacet
  facet normal 0 0 -1
    outer loop
      vertex 95.8219 70.337 46.6521
      vertex 96.5961 69.3172 46.6521
      vertex 96.1215 69.0959 46.6521
    endloop
  endfacet
  facet normal 0 0 -1
    outer loop
      vertex 95.0479 72.4981 46.6521
      vertex 97.7826 72.7895 46.6521
      vertex 95.8219 70.337 46.6521
    endloop
  endfacet
  facet normal -0 0 -1
    outer loop
      vertex 97.7826 72.7895 46.6521
      vertex 95.0479 72.4981 46.6521
      vertex 96.779 74.9509 46.6521
    endloop
  endfacet
  facet normal 0 0 -1
    outer loop
      vertex 93.9848 74.5326 46.6521
      vertex 96.779 74.9509 46.6521
      vertex 95.0479 72.4981 46.6521
    endloop
  endfacet
  facet normal -0 0 -1
    outer loop
      vertex 96.779 74.9509 46.6521
      vertex 93.9848 74.5326 46.6521
      vertex 95.5154 76.9714 46.6521
    endloop
  endfacet
  facet normal 0 0 -1
    outer loop
      vertex 93.7011 75.5254 46.6521
      vertex 95.5154 76.9714 46.6521
      vertex 93.9848 74.5326 46.6521
    endloop
  endfacet
  facet normal 0 0 -1
    outer loop
      vertex 93.1623 76.681 46.6521
      vertex 95.5154 76.9714 46.6521
      vertex 93.7011 75.5254 46.6521
    endloop
  endfacet
  facet normal 0 0 -1
    outer loop
      vertex 93.1005 76.7902 46.6521
      vertex 95.5154 76.9714 46.6521
      vertex 93.1623 76.681 46.6521
    endloop
  endfacet
  facet normal -0 0 -1
    outer loop
      vertex 95.5154 76.9714 46.6521
      vertex 93.1005 76.7902 46.6521
      vertex 94.0112 78.8198 46.6521
    endloop
  endfacet
  facet normal 0 0 -1
    outer loop
      vertex 93.0223 76.8885 46.6521
      vertex 94.0112 78.8198 46.6521
      vertex 93.1005 76.7902 46.6521
    endloop
  endfacet
  facet normal 0 0 -1
    outer loop
      vertex 92.9298 76.9733 46.6521
      vertex 94.0112 78.8198 46.6521
      vertex 93.0223 76.8885 46.6521
    endloop
  endfacet
  facet normal 0 0 -1
    outer loop
      vertex 92.8251 77.0426 46.6521
      vertex 94.0112 78.8198 46.6521
      vertex 92.9298 76.9733 46.6521
    endloop
  endfacet
  facet normal 0 0 -1
    outer loop
      vertex 92.7109 77.0946 46.6521
      vertex 94.0112 78.8198 46.6521
      vertex 92.8251 77.0426 46.6521
    endloop
  endfacet
  facet normal 0 0 -1
    outer loop
      vertex 92.5899 77.1282 46.6521
      vertex 94.0112 78.8198 46.6521
      vertex 92.7109 77.0946 46.6521
    endloop
  endfacet
  facet normal 0 0 -1
    outer loop
      vertex 92.4652 77.1424 46.6521
      vertex 94.0112 78.8198 46.6521
      vertex 92.5899 77.1282 46.6521
    endloop
  endfacet
  facet normal 0 0 -1
    outer loop
      vertex 91.077 78.0714 46.6521
      vertex 92.4652 77.1424 46.6521
      vertex 92.3397 77.1369 46.6521
    endloop
  endfacet
  facet normal 0 0 -1
    outer loop
      vertex 92.4652 77.1424 46.6521
      vertex 91.077 78.0714 46.6521
      vertex 94.0112 78.8198 46.6521
    endloop
  endfacet
  facet normal 0 0 -1
    outer loop
      vertex 91.077 78.0714 46.6521
      vertex 92.3397 77.1369 46.6521
      vertex 92.2167 77.1119 46.6521
    endloop
  endfacet
  facet normal 0 0 -1
    outer loop
      vertex 91.077 78.0714 46.6521
      vertex 92.2167 77.1119 46.6521
      vertex 92.0991 77.0679 46.6521
    endloop
  endfacet
  facet normal 0 0 -1
    outer loop
      vertex 91.077 78.0714 46.6521
      vertex 92.0991 77.0679 46.6521
      vertex 92.0827 77.0603 46.6521
    endloop
  endfacet
  facet normal -0 0 -1
    outer loop
      vertex 94.0112 78.8198 46.6521
      vertex 91.077 78.0714 46.6521
      vertex 92.2896 80.4676 46.6521
    endloop
  endfacet
  facet normal 0 0 -1
    outer loop
      vertex 89.2872 79.5088 46.6521
      vertex 92.2896 80.4676 46.6521
      vertex 91.077 78.0714 46.6521
    endloop
  endfacet
  facet normal -0 0 -1
    outer loop
      vertex 92.2896 80.4676 46.6521
      vertex 89.2872 79.5088 46.6521
      vertex 90.3772 81.8894 46.6521
    endloop
  endfacet
  facet normal 0 0 -1
    outer loop
      vertex 87.3172 80.6872 46.6521
      vertex 90.3772 81.8894 46.6521
      vertex 89.2872 79.5088 46.6521
    endloop
  endfacet
  facet normal -0 0 -1
    outer loop
      vertex 90.3772 81.8894 46.6521
      vertex 87.3172 80.6872 46.6521
      vertex 88.3033 83.0634 46.6521
    endloop
  endfacet
  facet normal 0 0 -1
    outer loop
      vertex 86.1 83.9714 46.6521
      vertex 87.3172 80.6872 46.6521
      vertex 87.1243 80.3 46.6521
    endloop
  endfacet
  facet normal 0 0 -1
    outer loop
      vertex 87.3172 80.6872 46.6521
      vertex 86.1 83.9714 46.6521
      vertex 88.3033 83.0634 46.6521
    endloop
  endfacet
  facet normal 0 -0 -1
    outer loop
      vertex 86.1 83.9714 46.6521
      vertex 87.1243 80.3 46.6521
      vertex 82.4286 80.3 46.6521
    endloop
  endfacet
  facet normal 1 0 0
    outer loop
      vertex 96.45 65.8 46.6521
      vertex 96.45 61.5 45.3721
      vertex 96.45 65.8 45.3721
    endloop
  endfacet
  facet normal 1 -0 0
    outer loop
      vertex 96.45 58.2741 46.6521
      vertex 96.45 61.5 45.3721
      vertex 96.45 65.8 46.6521
    endloop
  endfacet
  facet normal 1 0 0
    outer loop
      vertex 96.45 58.2741 43.6721
      vertex 96.45 61.5 45.3721
      vertex 96.45 58.2741 46.6521
    endloop
  endfacet
  facet normal 1 0 0
    outer loop
      vertex 96.45 61.5 45.3721
      vertex 96.45 58.2741 43.6721
      vertex 96.45 61.5 43.6721
    endloop
  endfacet
  facet normal -1 0 0
    outer loop
      vertex 90.5424 59.9 44.4721
      vertex 90.5424 62.9735 46.0221
      vertex 90.5424 62.9735 44.4721
    endloop
  endfacet
  facet normal -1 -0 0
    outer loop
      vertex 90.5424 62.9735 46.0221
      vertex 90.5424 59.9 44.4721
      vertex 90.5424 59.9 46.0221
    endloop
  endfacet
  facet normal 1 -0 0
    outer loop
      vertex 94.9263 57.4 48.3221
      vertex 94.9263 57.9 47.1221
      vertex 94.9263 57.9 48.3221
    endloop
  endfacet
  facet normal 1 0 0
    outer loop
      vertex 94.9263 57.9 47.1221
      vertex 94.9263 57.4 48.3221
      vertex 94.9263 57.4 47.1221
    endloop
  endfacet
  facet normal 0 0 1
    outer loop
      vertex 86.1 83.9714 47.1221
      vertex 84.1286 82 47.1221
      vertex 86.1 83.76 47.1221
    endloop
  endfacet
  facet normal 0 0 1
    outer loop
      vertex 84.1286 82 47.1221
      vertex 88.271 82.8566 47.1221
      vertex 86.1 83.76 47.1221
    endloop
  endfacet
  facet normal 0 0 1
    outer loop
      vertex 88.271 82.8566 47.1221
      vertex 84.1286 82 47.1221
      vertex 89.7734 82 47.1221
    endloop
  endfacet
  facet normal 0 0 1
    outer loop
      vertex 95.3726 76.8272 47.1221
      vertex 93.1623 76.681 47.1221
      vertex 93.7011 75.5254 47.1221
    endloop
  endfacet
  facet normal 0 0 1
    outer loop
      vertex 95.3726 76.8272 47.1221
      vertex 93.1005 76.7902 47.1221
      vertex 93.1623 76.681 47.1221
    endloop
  endfacet
  facet normal 0 0 1
    outer loop
      vertex 93.8919 78.654 47.1221
      vertex 93.0223 76.8885 47.1221
      vertex 93.1005 76.7902 47.1221
    endloop
  endfacet
  facet normal 0 0 1
    outer loop
      vertex 93.8919 78.654 47.1221
      vertex 92.9298 76.9733 47.1221
      vertex 93.0223 76.8885 47.1221
    endloop
  endfacet
  facet normal 0 0 1
    outer loop
      vertex 93.8919 78.654 47.1221
      vertex 92.8251 77.0426 47.1221
      vertex 92.9298 76.9733 47.1221
    endloop
  endfacet
  facet normal 0 0 1
    outer loop
      vertex 93.8919 78.654 47.1221
      vertex 92.7109 77.0946 47.1221
      vertex 92.8251 77.0426 47.1221
    endloop
  endfacet
  facet normal 0 0 1
    outer loop
      vertex 93.8919 78.654 47.1221
      vertex 92.5899 77.1282 47.1221
      vertex 92.7109 77.0946 47.1221
    endloop
  endfacet
  facet normal 0 0 1
    outer loop
      vertex 93.8919 78.654 47.1221
      vertex 92.4652 77.1424 47.1221
      vertex 92.5899 77.1282 47.1221
    endloop
  endfacet
  facet normal 0 0 1
    outer loop
      vertex 93.8919 78.654 47.1221
      vertex 92.3397 77.1369 47.1221
      vertex 92.4652 77.1424 47.1221
    endloop
  endfacet
  facet normal 0 0 1
    outer loop
      vertex 92.197 80.2839 47.1221
      vertex 92.3397 77.1369 47.1221
      vertex 93.8919 78.654 47.1221
    endloop
  endfacet
  facet normal 0 0 1
    outer loop
      vertex 92.3397 77.1369 47.1221
      vertex 92.197 80.2839 47.1221
      vertex 92.2167 77.1119 47.1221
    endloop
  endfacet
  facet normal -0 0 1
    outer loop
      vertex 90.2058 77.9079 47.1221
      vertex 92.2167 77.1119 47.1221
      vertex 92.197 80.2839 47.1221
    endloop
  endfacet
  facet normal 0 0 1
    outer loop
      vertex 92.2167 77.1119 47.1221
      vertex 90.2058 77.9079 47.1221
      vertex 92.0991 77.0679 47.1221
    endloop
  endfacet
  facet normal 0 0 1
    outer loop
      vertex 90 78.0651 47.1221
      vertex 92.197 80.2839 47.1221
      vertex 90.3138 81.6919 47.1221
    endloop
  endfacet
  facet normal 0 0 1
    outer loop
      vertex 92.0991 77.0679 47.1221
      vertex 90.2058 77.9079 47.1221
      vertex 91.4251 76.7536 47.1221
    endloop
  endfacet
  facet normal 0 0 1
    outer loop
      vertex 90 78.0651 47.1221
      vertex 90.3138 81.6919 47.1221
      vertex 90 81.8708 47.1221
    endloop
  endfacet
  facet normal 0 0 1
    outer loop
      vertex 92.197 80.2839 47.1221
      vertex 90 78.0651 47.1221
      vertex 90.2058 77.9079 47.1221
    endloop
  endfacet
  facet normal 0 0 1
    outer loop
      vertex 98.7545 68.1469 47.1221
      vertex 97.0558 68.3025 47.1221
      vertex 97.08 68.1652 47.1221
    endloop
  endfacet
  facet normal 0 0 1
    outer loop
      vertex 98.3202 70.4579 47.1221
      vertex 97.0081 68.4336 47.1221
      vertex 97.0558 68.3025 47.1221
    endloop
  endfacet
  facet normal -0 0 1
    outer loop
      vertex 93.4106 74.2866 47.1221
      vertex 97.6038 72.6976 47.1221
      vertex 96.6162 74.8316 47.1221
    endloop
  endfacet
  facet normal 0 0 1
    outer loop
      vertex 98.3202 70.4579 47.1221
      vertex 96.5961 69.3172 47.1221
      vertex 97.0081 68.4336 47.1221
    endloop
  endfacet
  facet normal 0 0 1
    outer loop
      vertex 98.3202 70.4579 47.1221
      vertex 95.4603 69.891 47.1221
      vertex 96.5961 69.3172 47.1221
    endloop
  endfacet
  facet normal 0 0 1
    outer loop
      vertex 96.5961 69.3172 47.1221
      vertex 95.4603 69.891 47.1221
      vertex 95.8829 68.9847 47.1221
    endloop
  endfacet
  facet normal -0 0 1
    outer loop
      vertex 93.7011 75.5254 47.1221
      vertex 96.6162 74.8316 47.1221
      vertex 95.3726 76.8272 47.1221
    endloop
  endfacet
  facet normal 0 0 1
    outer loop
      vertex 93.1005 76.7902 47.1221
      vertex 95.3726 76.8272 47.1221
      vertex 93.8919 78.654 47.1221
    endloop
  endfacet
  facet normal 0 0 1
    outer loop
      vertex 96.6162 74.8316 47.1221
      vertex 93.7011 75.5254 47.1221
      vertex 93.4106 74.2866 47.1221
    endloop
  endfacet
  facet normal 0 0 1
    outer loop
      vertex 97.6038 72.6976 47.1221
      vertex 93.4106 74.2866 47.1221
      vertex 95.4603 69.891 47.1221
    endloop
  endfacet
  facet normal 0 -0 1
    outer loop
      vertex 93.4106 74.2866 47.1221
      vertex 93.7011 75.5254 47.1221
      vertex 92.988 75.1929 47.1221
    endloop
  endfacet
  facet normal -0 0 1
    outer loop
      vertex 96.9384 67.6366 47.1221
      vertex 98.9 65.8 47.1221
      vertex 98.7545 68.1469 47.1221
    endloop
  endfacet
  facet normal -0 0 1
    outer loop
      vertex 97.0558 68.3025 47.1221
      vertex 98.7545 68.1469 47.1221
      vertex 98.3202 70.4579 47.1221
    endloop
  endfacet
  facet normal 0 0 1
    outer loop
      vertex 95.4603 69.891 47.1221
      vertex 98.3202 70.4579 47.1221
      vertex 97.6038 72.6976 47.1221
    endloop
  endfacet
  facet normal 0 0 1
    outer loop
      vertex 98.7545 68.1469 47.1221
      vertex 97.08 68.1652 47.1221
      vertex 97.08 68.0257 47.1221
    endloop
  endfacet
  facet normal 0 0 1
    outer loop
      vertex 98.7545 68.1469 47.1221
      vertex 97.08 68.0257 47.1221
      vertex 97.0558 67.8884 47.1221
    endloop
  endfacet
  facet normal 0 0 1
    outer loop
      vertex 97.0081 67.7574 47.1221
      vertex 98.7545 68.1469 47.1221
      vertex 97.0558 67.8884 47.1221
    endloop
  endfacet
  facet normal 0 0 1
    outer loop
      vertex 96.9384 67.6366 47.1221
      vertex 98.7545 68.1469 47.1221
      vertex 97.0081 67.7574 47.1221
    endloop
  endfacet
  facet normal 0 0 1
    outer loop
      vertex 98.9 65.8 47.1221
      vertex 96.9384 67.6366 47.1221
      vertex 96.8488 67.5298 47.1221
    endloop
  endfacet
  facet normal 0 0 1
    outer loop
      vertex 98.9 65.8 47.1221
      vertex 96.8488 67.5298 47.1221
      vertex 96.7419 67.4401 47.1221
    endloop
  endfacet
  facet normal -0 0 1
    outer loop
      vertex 96.6212 67.3704 47.1221
      vertex 98.9 65.8 47.1221
      vertex 96.7419 67.4401 47.1221
    endloop
  endfacet
  facet normal -0 0 1
    outer loop
      vertex 95.95 67.0574 47.1221
      vertex 98.9 65.8 47.1221
      vertex 96.6212 67.3704 47.1221
    endloop
  endfacet
  facet normal 0 0 1
    outer loop
      vertex 95.95 58.8073 47.1221
      vertex 98.9 65.8 47.1221
      vertex 95.95 67.0574 47.1221
    endloop
  endfacet
  facet normal 0 0 1
    outer loop
      vertex 98.9 65.8 47.1221
      vertex 96.9575 58.7 47.1221
      vertex 98.9 58.7 47.1221
    endloop
  endfacet
  facet normal 0 0 1
    outer loop
      vertex 98.9 65.8 47.1221
      vertex 95.95 58.8073 47.1221
      vertex 96.9575 58.7 47.1221
    endloop
  endfacet
  facet normal 0 0 1
    outer loop
      vertex 95.95 58.8073 47.1221
      vertex 95.4082 57.4 47.1221
      vertex 96.9575 58.7 47.1221
    endloop
  endfacet
  facet normal 0 0 1
    outer loop
      vertex 95.95 58.8073 47.1221
      vertex 94.9263 57.9 47.1221
      vertex 95.4082 57.4 47.1221
    endloop
  endfacet
  facet normal 0 -0 1
    outer loop
      vertex 94.9263 57.9 47.1221
      vertex 95.95 58.8073 47.1221
      vertex 94.8687 57.9 47.1221
    endloop
  endfacet
  facet normal 0 0 1
    outer loop
      vertex 95.4082 57.4 47.1221
      vertex 94.9263 57.9 47.1221
      vertex 94.9263 57.4 47.1221
    endloop
  endfacet
  facet normal 0.642838 -0.766002 0
    outer loop
      vertex 96.9575 58.7 46.6521
      vertex 96.9575 58.7 47.1221
      vertex 96.45 58.2741 46.6521
    endloop
  endfacet
  facet normal 0.642783 -0.766049 0.000101909
    outer loop
      vertex 96.45 58.2741 46.6521
      vertex 96.9575 58.7 47.1221
      vertex 95.4082 57.4 47.1221
    endloop
  endfacet
  facet normal 0.642756 -0.766071 0
    outer loop
      vertex 95.4082 57.4 43.6721
      vertex 96.45 58.2741 46.6521
      vertex 95.4082 57.4 47.1221
    endloop
  endfacet
  facet normal 0.642756 -0.766071 0
    outer loop
      vertex 96.45 58.2741 46.6521
      vertex 95.4082 57.4 43.6721
      vertex 96.45 58.2741 43.6721
    endloop
  endfacet
  facet normal 0 -1 0
    outer loop
      vertex 90.5424 59.9 44.4721
      vertex 93.2082 59.9 46.0221
      vertex 90.5424 59.9 46.0221
    endloop
  endfacet
  facet normal 0 -1 -0
    outer loop
      vertex 93.2082 59.9 46.0221
      vertex 90.5424 59.9 44.4721
      vertex 93.2082 59.9 44.4721
    endloop
  endfacet
  facet normal 0 0 1
    outer loop
      vertex 95.95 67.0574 46.0221
      vertex 93.7 65.4502 46.0221
      vertex 95.95 65.4502 46.0221
    endloop
  endfacet
  facet normal -0 0 1
    outer loop
      vertex 93.4491 65.8913 46.0221
      vertex 93.7 65.4502 46.0221
      vertex 95.95 67.0574 46.0221
    endloop
  endfacet
  facet normal 0 0 1
    outer loop
      vertex 93.7 65.4502 46.0221
      vertex 93.4491 65.8913 46.0221
      vertex 93.5264 65.435 46.0221
    endloop
  endfacet
  facet normal -0 0 1
    outer loop
      vertex 93.318 65.8436 46.0221
      vertex 93.5264 65.435 46.0221
      vertex 93.4491 65.8913 46.0221
    endloop
  endfacet
  facet normal 0 0 1
    outer loop
      vertex 93.5264 65.435 46.0221
      vertex 93.318 65.8436 46.0221
      vertex 93.358 65.3899 46.0221
    endloop
  endfacet
  facet normal -0 0 1
    outer loop
      vertex 93.1807 65.8193 46.0221
      vertex 93.358 65.3899 46.0221
      vertex 93.318 65.8436 46.0221
    endloop
  endfacet
  facet normal 0 0 1
    outer loop
      vertex 93.358 65.3899 46.0221
      vertex 93.1807 65.8193 46.0221
      vertex 93.2 65.3162 46.0221
    endloop
  endfacet
  facet normal -0 0 1
    outer loop
      vertex 93.0413 65.8193 46.0221
      vertex 93.2 65.3162 46.0221
      vertex 93.1807 65.8193 46.0221
    endloop
  endfacet
  facet normal 0 0 1
    outer loop
      vertex 93.2 65.3162 46.0221
      vertex 93.0413 65.8193 46.0221
      vertex 93.0572 65.2162 46.0221
    endloop
  endfacet
  facet normal 0 0 1
    outer loop
      vertex 92.9039 65.8436 46.0221
      vertex 93.0572 65.2162 46.0221
      vertex 93.0413 65.8193 46.0221
    endloop
  endfacet
  facet normal 0 0 1
    outer loop
      vertex 93.0572 65.2162 46.0221
      vertex 92.9039 65.8436 46.0221
      vertex 92.934 65.093 46.0221
    endloop
  endfacet
  facet normal 0 0 1
    outer loop
      vertex 92.7729 65.8913 46.0221
      vertex 92.934 65.093 46.0221
      vertex 92.9039 65.8436 46.0221
    endloop
  endfacet
  facet normal 0 0 1
    outer loop
      vertex 92.6521 65.961 46.0221
      vertex 92.934 65.093 46.0221
      vertex 92.7729 65.8913 46.0221
    endloop
  endfacet
  facet normal 0 0 1
    outer loop
      vertex 92.934 65.093 46.0221
      vertex 92.6521 65.961 46.0221
      vertex 92.834 64.9502 46.0221
    endloop
  endfacet
  facet normal 0 0 1
    outer loop
      vertex 92.834 64.9502 46.0221
      vertex 92.0961 64.8014 46.0221
      vertex 92.7603 64.7922 46.0221
    endloop
  endfacet
  facet normal 0 0 1
    outer loop
      vertex 92.7603 64.7922 46.0221
      vertex 92.0961 64.8014 46.0221
      vertex 92.7152 64.6238 46.0221
    endloop
  endfacet
  facet normal 0 0 1
    outer loop
      vertex 92.7152 64.6238 46.0221
      vertex 92.0961 64.8014 46.0221
      vertex 92.7 64.4502 46.0221
    endloop
  endfacet
  facet normal 0 0 1
    outer loop
      vertex 92.834 64.9502 46.0221
      vertex 92.6521 65.961 46.0221
      vertex 92.0961 64.8014 46.0221
    endloop
  endfacet
  facet normal 0 0 1
    outer loop
      vertex 93.0572 63.2342 46.0221
      vertex 93.0681 62.7169 46.0221
      vertex 93.2 63.1342 46.0221
    endloop
  endfacet
  facet normal 0 0 1
    outer loop
      vertex 92.934 63.3574 46.0221
      vertex 93.0681 62.7169 46.0221
      vertex 93.0572 63.2342 46.0221
    endloop
  endfacet
  facet normal 0 0 1
    outer loop
      vertex 92.834 63.5002 46.0221
      vertex 93.0681 62.7169 46.0221
      vertex 92.934 63.3574 46.0221
    endloop
  endfacet
  facet normal 0 0 1
    outer loop
      vertex 92.7603 63.6582 46.0221
      vertex 93.0681 62.7169 46.0221
      vertex 92.834 63.5002 46.0221
    endloop
  endfacet
  facet normal 0 0 1
    outer loop
      vertex 92.0961 64.8014 46.0221
      vertex 92.6521 65.961 46.0221
      vertex 92.5453 66.0506 46.0221
    endloop
  endfacet
  facet normal 0 0 1
    outer loop
      vertex 92.0961 64.8014 46.0221
      vertex 92.5453 66.0506 46.0221
      vertex 92.4557 66.1574 46.0221
    endloop
  endfacet
  facet normal 0 0 1
    outer loop
      vertex 92.7 64.4502 46.0221
      vertex 92.0961 64.8014 46.0221
      vertex 92.7 64.0002 46.0221
    endloop
  endfacet
  facet normal 0 0 1
    outer loop
      vertex 92.0961 64.8014 46.0221
      vertex 92.4557 66.1574 46.0221
      vertex 92.3859 66.2782 46.0221
    endloop
  endfacet
  facet normal 0 0 1
    outer loop
      vertex 92.7603 63.6582 46.0221
      vertex 92.0961 64.8014 46.0221
      vertex 93.0681 62.7169 46.0221
    endloop
  endfacet
  facet normal 0 0 1
    outer loop
      vertex 92.7152 63.8265 46.0221
      vertex 92.0961 64.8014 46.0221
      vertex 92.7603 63.6582 46.0221
    endloop
  endfacet
  facet normal 0 0 1
    outer loop
      vertex 92.7 64.0002 46.0221
      vertex 92.0961 64.8014 46.0221
      vertex 92.7152 63.8265 46.0221
    endloop
  endfacet
  facet normal 0 0 1
    outer loop
      vertex 90.4138 66.0193 46.0221
      vertex 92.3859 66.2782 46.0221
      vertex 91.9181 67.2815 46.0221
    endloop
  endfacet
  facet normal 0 0 1
    outer loop
      vertex 90.4138 65.4513 46.0221
      vertex 92.3859 66.2782 46.0221
      vertex 90.4138 66.0193 46.0221
    endloop
  endfacet
  facet normal 0 0 1
    outer loop
      vertex 92.3859 66.2782 46.0221
      vertex 90.4138 65.4513 46.0221
      vertex 92.0961 64.8014 46.0221
    endloop
  endfacet
  facet normal 0 0 1
    outer loop
      vertex 92.0961 64.8014 46.0221
      vertex 90.4138 65.4513 46.0221
      vertex 90.9632 64.2731 46.0221
    endloop
  endfacet
  facet normal 0 0 1
    outer loop
      vertex 93.0681 62.7169 46.0221
      vertex 93.358 63.0605 46.0221
      vertex 93.2 63.1342 46.0221
    endloop
  endfacet
  facet normal 0 0 1
    outer loop
      vertex 93.358 63.0605 46.0221
      vertex 93.0681 62.7169 46.0221
      vertex 93.2082 59.9 46.0221
    endloop
  endfacet
  facet normal -0 0 1
    outer loop
      vertex 92.1618 62.2942 46.0221
      vertex 93.2082 59.9 46.0221
      vertex 93.0681 62.7169 46.0221
    endloop
  endfacet
  facet normal -0 0 1
    outer loop
      vertex 90.5424 62.9735 46.0221
      vertex 92.1618 62.2942 46.0221
      vertex 91.6124 63.4724 46.0221
    endloop
  endfacet
  facet normal 0 0 1
    outer loop
      vertex 90.5424 59.9 46.0221
      vertex 92.1618 62.2942 46.0221
      vertex 90.5424 62.9735 46.0221
    endloop
  endfacet
  facet normal 0 0 1
    outer loop
      vertex 92.1618 62.2942 46.0221
      vertex 90.5424 59.9 46.0221
      vertex 93.2082 59.9 46.0221
    endloop
  endfacet
  facet normal 0 0 1
    outer loop
      vertex 95.95 63.0002 46.0221
      vertex 93.7082 59.9 46.0221
      vertex 95.95 59.9 46.0221
    endloop
  endfacet
  facet normal -0 0 1
    outer loop
      vertex 93.7 63.0002 46.0221
      vertex 93.7082 59.9 46.0221
      vertex 95.95 63.0002 46.0221
    endloop
  endfacet
  facet normal 0 0 1
    outer loop
      vertex 93.5264 63.0154 46.0221
      vertex 93.7082 59.9 46.0221
      vertex 93.7 63.0002 46.0221
    endloop
  endfacet
  facet normal 0 0 1
    outer loop
      vertex 93.7082 59.9 46.0221
      vertex 93.5264 63.0154 46.0221
      vertex 93.2082 59.9 46.0221
    endloop
  endfacet
  facet normal 0 0 1
    outer loop
      vertex 93.2082 59.9 46.0221
      vertex 93.5264 63.0154 46.0221
      vertex 93.358 63.0605 46.0221
    endloop
  endfacet
  facet normal 0 0 1
    outer loop
      vertex 93.7082 59.9 46.0221
      vertex 93.2082 59.9 46.0221
      vertex 93.7082 58.9 46.0221
    endloop
  endfacet
  facet normal 0 0 1
    outer loop
      vertex 93.7082 58.9 46.0221
      vertex 93.2082 59.9 46.0221
      vertex 93.2082 58.9 46.0221
    endloop
  endfacet
  facet normal 0 1 -0
    outer loop
      vertex 93.7082 58.9 46.0221
      vertex 93.2082 58.9 48.3221
      vertex 93.7082 58.9 48.3221
    endloop
  endfacet
  facet normal 0 1 0
    outer loop
      vertex 93.2082 58.9 48.3221
      vertex 93.7082 58.9 46.0221
      vertex 93.2082 58.9 46.0221
    endloop
  endfacet
  facet normal 0 0 1
    outer loop
      vertex 93.7082 58.9 48.3221
      vertex 93.2082 58.9 48.3221
      vertex 93.7082 57.9 48.3221
    endloop
  endfacet
  facet normal -0 0 1
    outer loop
      vertex 93.7082 57.9 48.3221
      vertex 94.9263 57.4 48.3221
      vertex 94.9263 57.9 48.3221
    endloop
  endfacet
  facet normal 0 0 1
    outer loop
      vertex 93.7082 57.9 48.3221
      vertex 93.2082 57.4 48.3221
      vertex 94.9263 57.4 48.3221
    endloop
  endfacet
  facet normal 0 0 1
    outer loop
      vertex 93.2082 57.4 48.3221
      vertex 93.7082 57.9 48.3221
      vertex 93.2082 58.9 48.3221
    endloop
  endfacet
  facet normal 0 -1 0
    outer loop
      vertex 93.2082 57.4 48.3221
      vertex 94.9263 57.4 47.1221
      vertex 94.9263 57.4 48.3221
    endloop
  endfacet
  facet normal 0 -1 0
    outer loop
      vertex 93.2082 57.4 43.6721
      vertex 94.9263 57.4 47.1221
      vertex 93.2082 57.4 48.3221
    endloop
  endfacet
  facet normal 0 -1 0
    outer loop
      vertex 95.4082 57.4 43.6721
      vertex 94.9263 57.4 47.1221
      vertex 93.2082 57.4 43.6721
    endloop
  endfacet
  facet normal 0 -1 0
    outer loop
      vertex 94.9263 57.4 47.1221
      vertex 95.4082 57.4 43.6721
      vertex 95.4082 57.4 47.1221
    endloop
  endfacet
  facet normal -1 0 0
    outer loop
      vertex 93.2082 57.7 43.6721
      vertex 93.2082 57.4 43.6721
      vertex 93.2082 57.7 44.4721
    endloop
  endfacet
  facet normal -1 0 0
    outer loop
      vertex 93.2082 59.9 44.4721
      vertex 93.2082 58.9 46.0221
      vertex 93.2082 59.9 46.0221
    endloop
  endfacet
  facet normal -1 0 0
    outer loop
      vertex 93.2082 57.7 44.4721
      vertex 93.2082 58.9 46.0221
      vertex 93.2082 59.9 44.4721
    endloop
  endfacet
  facet normal -1 0 0
    outer loop
      vertex 93.2082 57.4 48.3221
      vertex 93.2082 58.9 46.0221
      vertex 93.2082 57.7 44.4721
    endloop
  endfacet
  facet normal -1 0 0
    outer loop
      vertex 93.2082 57.4 48.3221
      vertex 93.2082 57.7 44.4721
      vertex 93.2082 57.4 43.6721
    endloop
  endfacet
  facet normal -1 0 0
    outer loop
      vertex 93.2082 58.9 46.0221
      vertex 93.2082 57.4 48.3221
      vertex 93.2082 58.9 48.3221
    endloop
  endfacet
  facet normal -0.895074 0.445919 0
    outer loop
      vertex 87.1243 80.3 45.622
      vertex 87.3172 80.6872 46.6521
      vertex 87.3172 80.6872 45.622
    endloop
  endfacet
  facet normal -0.895074 0.445919 0
    outer loop
      vertex 87.3172 80.6872 46.6521
      vertex 87.1243 80.3 45.622
      vertex 87.1243 80.3 46.6521
    endloop
  endfacet
  facet normal 0.420461 -0.907311 0
    outer loop
      vertex 92.0991 77.0679 46.6521
      vertex 92.0991 77.0679 47.1221
      vertex 92.0827 77.0603 46.6521
    endloop
  endfacet
  facet normal 0.422628 -0.906303 -9.18949e-05
    outer loop
      vertex 92.0827 77.0603 46.6521
      vertex 92.0991 77.0679 47.1221
      vertex 91.4251 76.7536 47.1221
    endloop
  endfacet
  facet normal 0.422682 -0.906278 0
    outer loop
      vertex 91.4251 76.7536 44.4721
      vertex 92.0827 77.0603 46.6521
      vertex 91.4251 76.7536 47.1221
    endloop
  endfacet
  facet normal 0.422682 -0.906278 0
    outer loop
      vertex 92.0827 77.0603 46.6521
      vertex 91.4251 76.7536 44.4721
      vertex 92.0827 77.0603 44.4721
    endloop
  endfacet
  facet normal -0.422735 0.906253 0.000257481
    outer loop
      vertex 92.3632 74.9015 46.9572
      vertex 92.988 75.1929 47.1221
      vertex 92.3243 74.8834 46.7972
    endloop
  endfacet
  facet normal -0.422941 0.906157 0.000300145
    outer loop
      vertex 92.5348 74.9816 48.7221
      vertex 91.9457 74.7069 47.9449
      vertex 91.8097 74.6434 48.0148
    endloop
  endfacet
  facet normal -0.422512 0.906357 0
    outer loop
      vertex 90.0425 73.8194 48.2221
      vertex 90.6543 74.1046 47.1221
      vertex 90.0425 73.8194 44.4721
    endloop
  endfacet
  facet normal -0.423093 0.906086 0.000163226
    outer loop
      vertex 90.6543 74.1046 47.1221
      vertex 90.6673 74.1107 46.9572
      vertex 90.0425 73.8194 44.4721
    endloop
  endfacet
  facet normal -0.422921 0.906167 -0.000348518
    outer loop
      vertex 91.9457 74.7069 46.2994
      vertex 93.4192 75.3939 44.4721
      vertex 91.8097 74.6434 46.2294
    endloop
  endfacet
  facet normal -0.42239 0.906414 0.00017259
    outer loop
      vertex 92.0687 74.7642 46.3944
      vertex 93.4192 75.3939 44.4721
      vertex 91.9457 74.7069 46.2994
    endloop
  endfacet
  facet normal -0.422704 0.906268 -9.65585e-05
    outer loop
      vertex 92.1748 74.8137 46.5115
      vertex 93.4192 75.3939 44.4721
      vertex 92.0687 74.7642 46.3944
    endloop
  endfacet
  facet normal -0.423159 0.906056 0.000183341
    outer loop
      vertex 90.6673 74.1107 46.9572
      vertex 90.7062 74.1289 46.7972
      vertex 90.0425 73.8194 44.4721
    endloop
  endfacet
  facet normal -0.422176 0.906514 -0.000158344
    outer loop
      vertex 90.7062 74.1289 46.7972
      vertex 90.7696 74.1584 46.6471
      vertex 90.0425 73.8194 44.4721
    endloop
  endfacet
  facet normal -0.422888 0.906182 0.000131618
    outer loop
      vertex 90.7696 74.1584 46.6471
      vertex 90.8557 74.1986 46.5115
      vertex 90.0425 73.8194 44.4721
    endloop
  endfacet
  facet normal -0.422738 0.906252 5.89808e-05
    outer loop
      vertex 90.8557 74.1986 46.5115
      vertex 90.9618 74.2481 46.3944
      vertex 90.0425 73.8194 44.4721
    endloop
  endfacet
  facet normal -0.422377 0.90642 -0.000151762
    outer loop
      vertex 90.9618 74.2481 46.3944
      vertex 91.0848 74.3054 46.2994
      vertex 90.0425 73.8194 44.4721
    endloop
  endfacet
  facet normal -0.422537 0.906345 -3.99783e-05
    outer loop
      vertex 91.0848 74.3054 46.2994
      vertex 91.2208 74.3688 46.2294
      vertex 90.0425 73.8194 44.4721
    endloop
  endfacet
  facet normal -0.42275 0.906246 0.00013374
    outer loop
      vertex 91.2208 74.3688 46.2294
      vertex 91.3657 74.4364 46.1866
      vertex 90.0425 73.8194 44.4721
    endloop
  endfacet
  facet normal -0.422557 0.906336 -4.75696e-05
    outer loop
      vertex 91.3657 74.4364 46.1866
      vertex 91.5152 74.5061 46.1721
      vertex 90.0425 73.8194 44.4721
    endloop
  endfacet
  facet normal -0.4226 0.906316 -2.16933e-06
    outer loop
      vertex 91.5152 74.5061 46.1721
      vertex 93.4192 75.3939 44.4721
      vertex 90.0425 73.8194 44.4721
    endloop
  endfacet
  facet normal -0.422349 0.906433 0.00034106
    outer loop
      vertex 91.6648 74.5758 46.1866
      vertex 93.4192 75.3939 44.4721
      vertex 91.5152 74.5061 46.1721
    endloop
  endfacet
  facet normal -0.422746 0.906248 -0.000153367
    outer loop
      vertex 91.8097 74.6434 46.2294
      vertex 93.4192 75.3939 44.4721
      vertex 91.6648 74.5758 46.1866
    endloop
  endfacet
  facet normal -0.422404 0.906408 -0.000195383
    outer loop
      vertex 92.5348 74.9816 48.7221
      vertex 92.0687 74.7642 47.8499
      vertex 91.9457 74.7069 47.9449
    endloop
  endfacet
  facet normal -0.422562 0.906334 0.000106551
    outer loop
      vertex 91.5152 74.5061 48.0721
      vertex 91.3657 74.4364 48.0577
      vertex 90.4957 74.0307 48.7221
    endloop
  endfacet
  facet normal -0.422637 0.906299 -3.72047e-05
    outer loop
      vertex 92.5348 74.9816 48.7221
      vertex 91.5152 74.5061 48.0721
      vertex 90.4957 74.0307 48.7221
    endloop
  endfacet
  facet normal -0.422365 0.906425 -0.000556219
    outer loop
      vertex 92.5348 74.9816 48.7221
      vertex 91.6648 74.5758 48.0577
      vertex 91.5152 74.5061 48.0721
    endloop
  endfacet
  facet normal -0.422764 0.90624 7.8553e-05
    outer loop
      vertex 92.5348 74.9816 48.7221
      vertex 91.8097 74.6434 48.0148
      vertex 91.6648 74.5758 48.0577
    endloop
  endfacet
  facet normal -0.422634 0.9063 -0.000207337
    outer loop
      vertex 92.3762 74.9076 47.1221
      vertex 92.988 75.1929 47.1221
      vertex 92.3632 74.9015 46.9572
    endloop
  endfacet
  facet normal -0.422634 0.9063 0.000207212
    outer loop
      vertex 92.988 75.1929 47.1221
      vertex 92.3762 74.9076 47.1221
      vertex 92.3632 74.9015 47.2871
    endloop
  endfacet
  facet normal -0.422679 0.906279 0
    outer loop
      vertex 92.988 75.1929 48.2221
      vertex 92.988 75.1929 47.1221
      vertex 92.3632 74.9015 47.2871
    endloop
  endfacet
  facet normal -0.422395 0.906412 -0.000195768
    outer loop
      vertex 92.8012 75.1058 48.6266
      vertex 92.8553 75.131 48.5757
      vertex 92.1748 74.8137 47.7328
    endloop
  endfacet
  facet normal -0.422263 0.906473 -0.000324799
    outer loop
      vertex 92.8553 75.131 48.5757
      vertex 92.9015 75.1525 48.516
      vertex 92.1748 74.8137 47.7328
    endloop
  endfacet
  facet normal -0.422576 0.906328 2.83545e-05
    outer loop
      vertex 92.9015 75.1525 48.516
      vertex 92.9386 75.1698 48.4491
      vertex 92.1748 74.8137 47.7328
    endloop
  endfacet
  facet normal -0.422593 0.906319 0
    outer loop
      vertex 93.7011 75.5254 47.1221
      vertex 93.7011 75.5254 46.6521
      vertex 92.988 75.1929 47.1221
    endloop
  endfacet
  facet normal -0.422745 0.906249 -0.000279755
    outer loop
      vertex 93.7011 75.5254 46.6521
      vertex 93.4192 75.3939 46.6521
      vertex 92.988 75.1929 47.1221
    endloop
  endfacet
  facet normal -0.422589 0.906322 -0.000105662
    outer loop
      vertex 92.988 75.1929 47.1221
      vertex 93.4192 75.3939 46.6521
      vertex 92.3243 74.8834 46.7972
    endloop
  endfacet
  facet normal -0.422577 0.906327 0
    outer loop
      vertex 93.4192 75.3939 46.6521
      vertex 93.4192 75.3939 44.4721
      vertex 92.3243 74.8834 46.7972
    endloop
  endfacet
  facet normal -0.422797 0.906224 -0.000125982
    outer loop
      vertex 92.3243 74.8834 46.7972
      vertex 93.4192 75.3939 44.4721
      vertex 92.2609 74.8538 46.6471
    endloop
  endfacet
  facet normal -0.42238 0.906419 0.000144202
    outer loop
      vertex 92.2609 74.8538 46.6471
      vertex 93.4192 75.3939 44.4721
      vertex 92.1748 74.8137 46.5115
    endloop
  endfacet
  facet normal -0.422007 0.906592 -0.000453561
    outer loop
      vertex 92.5348 74.9816 48.7221
      vertex 92.6057 75.0146 48.716
      vertex 92.0687 74.7642 47.8499
    endloop
  endfacet
  facet normal -0.422908 0.906173 0.000226279
    outer loop
      vertex 92.6057 75.0146 48.716
      vertex 92.6749 75.0469 48.6977
      vertex 92.0687 74.7642 47.8499
    endloop
  endfacet
  facet normal -0.422729 0.906256 6.99946e-05
    outer loop
      vertex 92.6749 75.0469 48.6977
      vertex 92.1748 74.8137 47.7328
      vertex 92.0687 74.7642 47.8499
    endloop
  endfacet
  facet normal -0.422285 0.906463 -0.000210072
    outer loop
      vertex 92.6749 75.0469 48.6977
      vertex 92.7406 75.0775 48.6676
      vertex 92.1748 74.8137 47.7328
    endloop
  endfacet
  facet normal -0.422968 0.906145 0.000293474
    outer loop
      vertex 92.7406 75.0775 48.6676
      vertex 92.8012 75.1058 48.6266
      vertex 92.1748 74.8137 47.7328
    endloop
  endfacet
  facet normal -0.422786 0.906229 -0.000204175
    outer loop
      vertex 90.1032 73.8477 48.4721
      vertex 90.8557 74.1986 47.7328
      vertex 90.0698 73.8321 48.3932
    endloop
  endfacet
  facet normal -0.422471 0.906377 0.000187264
    outer loop
      vertex 90.1485 73.8688 48.5435
      vertex 90.8557 74.1986 47.7328
      vertex 90.1032 73.8477 48.4721
    endloop
  endfacet
  facet normal -0.422379 0.906419 0.000263044
    outer loop
      vertex 90.7696 74.1584 47.5971
      vertex 90.7062 74.1289 47.4471
      vertex 90.0425 73.8194 48.2221
    endloop
  endfacet
  facet normal -0.422885 0.906183 -0.000264465
    outer loop
      vertex 90.7062 74.1289 47.4471
      vertex 90.6673 74.1107 47.2871
      vertex 90.0425 73.8194 48.2221
    endloop
  endfacet
  facet normal -0.422795 0.906225 -0.000191708
    outer loop
      vertex 90.6673 74.1107 47.2871
      vertex 90.6543 74.1046 47.1221
      vertex 90.0425 73.8194 48.2221
    endloop
  endfacet
  facet normal -0.422462 0.906381 -0.000176703
    outer loop
      vertex 92.988 75.1929 48.2221
      vertex 92.3632 74.9015 47.2871
      vertex 92.3243 74.8834 47.4471
    endloop
  endfacet
  facet normal -0.422767 0.906238 0.000141522
    outer loop
      vertex 92.988 75.1929 48.2221
      vertex 92.3243 74.8834 47.4471
      vertex 92.2609 74.8538 47.5971
    endloop
  endfacet
  facet normal -0.422577 0.906327 -0.000127479
    outer loop
      vertex 92.9824 75.1903 48.3004
      vertex 92.988 75.1929 48.2221
      vertex 92.2609 74.8538 47.5971
    endloop
  endfacet
  facet normal -0.422494 0.906366 -0.000231651
    outer loop
      vertex 92.9824 75.1903 48.3004
      vertex 92.2609 74.8538 47.5971
      vertex 92.1748 74.8137 47.7328
    endloop
  endfacet
  facet normal -0.422979 0.906139 0.00060936
    outer loop
      vertex 92.9658 75.1825 48.3766
      vertex 92.9824 75.1903 48.3004
      vertex 92.1748 74.8137 47.7328
    endloop
  endfacet
  facet normal -0.422688 0.906275 0.000173607
    outer loop
      vertex 92.9386 75.1698 48.4491
      vertex 92.9658 75.1825 48.3766
      vertex 92.1748 74.8137 47.7328
    endloop
  endfacet
  facet normal -0.42274 0.906251 -0.000176848
    outer loop
      vertex 91.3657 74.4364 48.0577
      vertex 91.2208 74.3688 48.0148
      vertex 90.4957 74.0307 48.7221
    endloop
  endfacet
  facet normal -0.422547 0.906341 6.33117e-05
    outer loop
      vertex 91.2208 74.3688 48.0148
      vertex 91.0848 74.3054 47.9449
      vertex 90.4957 74.0307 48.7221
    endloop
  endfacet
  facet normal -0.422632 0.906301 -1.49111e-05
    outer loop
      vertex 90.4957 74.0307 48.7221
      vertex 91.0848 74.3054 47.9449
      vertex 90.417 73.994 48.7145
    endloop
  endfacet
  facet normal -0.422416 0.906402 0.000213613
    outer loop
      vertex 91.0848 74.3054 47.9449
      vertex 90.9618 74.2481 47.8499
      vertex 90.417 73.994 48.7145
    endloop
  endfacet
  facet normal -0.422859 0.906196 -0.000225142
    outer loop
      vertex 90.2044 73.8949 48.6052
      vertex 90.8557 74.1986 47.7328
      vertex 90.1485 73.8688 48.5435
    endloop
  endfacet
  facet normal -0.422104 0.906547 0.000460967
    outer loop
      vertex 90.2691 73.925 48.6552
      vertex 90.8557 74.1986 47.7328
      vertex 90.2044 73.8949 48.6052
    endloop
  endfacet
  facet normal -0.422754 0.906245 -4.21136e-05
    outer loop
      vertex 90.9618 74.2481 47.8499
      vertex 90.8557 74.1986 47.7328
      vertex 90.2691 73.925 48.6552
    endloop
  endfacet
  facet normal -0.422737 0.906253 -2.41956e-05
    outer loop
      vertex 90.3407 73.9584 48.692
      vertex 90.9618 74.2481 47.8499
      vertex 90.2691 73.925 48.6552
    endloop
  endfacet
  facet normal -0.422801 0.906223 -8.16709e-05
    outer loop
      vertex 90.417 73.994 48.7145
      vertex 90.9618 74.2481 47.8499
      vertex 90.3407 73.9584 48.692
    endloop
  endfacet
  facet normal -0.422739 0.906251 -0.000246771
    outer loop
      vertex 90.8557 74.1986 47.7328
      vertex 90.7696 74.1584 47.5971
      vertex 90.0425 73.8194 48.2221
    endloop
  endfacet
  facet normal -0.422531 0.906349 0.000174309
    outer loop
      vertex 90.0494 73.8226 48.309
      vertex 90.8557 74.1986 47.7328
      vertex 90.0425 73.8194 48.2221
    endloop
  endfacet
  facet normal -0.422563 0.906334 0.000120056
    outer loop
      vertex 90.0698 73.8321 48.3932
      vertex 90.8557 74.1986 47.7328
      vertex 90.0494 73.8226 48.309
    endloop
  endfacet
  facet normal 0.422691 -0.906274 5.44139e-05
    outer loop
      vertex 95.2712 68.6994 47.1221
      vertex 95.8829 68.9847 47.1221
      vertex 95.2581 68.6933 47.2871
    endloop
  endfacet
  facet normal 0.422545 -0.906342 0
    outer loop
      vertex 96.5961 69.3172 46.6521
      vertex 96.5961 69.3172 47.1221
      vertex 95.8829 68.9847 47.1221
    endloop
  endfacet
  facet normal 0.422471 -0.906377 -0.000187264
    outer loop
      vertex 93.7506 67.9904 47.7328
      vertex 93.0434 67.6606 48.5435
      vertex 92.9981 67.6395 48.4721
    endloop
  endfacet
  facet normal 0.422603 -0.906315 0.000108321
    outer loop
      vertex 96.1215 69.0959 46.6521
      vertex 96.5961 69.3172 46.6521
      vertex 95.8829 68.9847 47.1221
    endloop
  endfacet
  facet normal 0.422691 -0.906274 0.000162468
    outer loop
      vertex 96.1215 69.0959 46.6521
      vertex 95.8829 68.9847 47.1221
      vertex 95.2712 68.6994 47.1221
    endloop
  endfacet
  facet normal 0.422596 -0.906318 -4.53247e-05
    outer loop
      vertex 96.1215 69.0959 46.6521
      vertex 95.2712 68.6994 47.1221
      vertex 95.2581 68.6933 46.9572
    endloop
  endfacet
  facet normal 0.42255 -0.906339 2.94552e-05
    outer loop
      vertex 94.2607 68.2282 46.1866
      vertex 94.1157 68.1606 46.2294
      vertex 92.9374 67.6112 44.4721
    endloop
  endfacet
  facet normal 0.422537 -0.906345 3.99783e-05
    outer loop
      vertex 94.1157 68.1606 46.2294
      vertex 93.9797 68.0972 46.2994
      vertex 92.9374 67.6112 44.4721
    endloop
  endfacet
  facet normal 0.422573 -0.906329 -1.581e-05
    outer loop
      vertex 96.1215 69.0959 44.4721
      vertex 94.9636 68.556 46.3944
      vertex 94.8407 68.4987 46.2994
    endloop
  endfacet
  facet normal 0.422572 -0.906329 5.48738e-05
    outer loop
      vertex 93.5623 67.9025 47.2871
      vertex 93.6011 67.9206 47.4471
      vertex 92.9374 67.6112 48.2221
    endloop
  endfacet
  facet normal 0.422692 -0.906273 0.00018017
    outer loop
      vertex 93.6011 67.9206 47.4471
      vertex 93.6645 67.9502 47.5971
      vertex 92.9374 67.6112 48.2221
    endloop
  endfacet
  facet normal 0.422447 -0.906387 -0.000166244
    outer loop
      vertex 93.6645 67.9502 47.5971
      vertex 92.9443 67.6144 48.309
      vertex 92.9374 67.6112 48.2221
    endloop
  endfacet
  facet normal 0.422766 -0.906239 0.00022601
    outer loop
      vertex 93.6645 67.9502 47.5971
      vertex 93.7506 67.9904 47.7328
      vertex 92.9443 67.6144 48.309
    endloop
  endfacet
  facet normal 0.422312 -0.906451 -0.000547606
    outer loop
      vertex 93.7506 67.9904 47.7328
      vertex 92.9648 67.6239 48.3932
      vertex 92.9443 67.6144 48.309
    endloop
  endfacet
  facet normal 0.423092 -0.906087 0.000582871
    outer loop
      vertex 93.7506 67.9904 47.7328
      vertex 92.9981 67.6395 48.4721
      vertex 92.9648 67.6239 48.3932
    endloop
  endfacet
  facet normal 0.422688 -0.906275 0.000138631
    outer loop
      vertex 93.8568 68.0398 47.8499
      vertex 93.2356 67.7502 48.692
      vertex 93.164 67.7168 48.6552
    endloop
  endfacet
  facet normal 0.422149 -0.906526 -0.00042582
    outer loop
      vertex 93.7506 67.9904 47.7328
      vertex 93.8568 68.0398 47.8499
      vertex 93.164 67.7168 48.6552
    endloop
  endfacet
  facet normal 0.422876 -0.906188 0.000136423
    outer loop
      vertex 93.7506 67.9904 47.7328
      vertex 93.164 67.7168 48.6552
      vertex 93.0993 67.6866 48.6052
    endloop
  endfacet
  facet normal 0.42218 -0.906512 -0.000495485
    outer loop
      vertex 93.7506 67.9904 47.7328
      vertex 93.0993 67.6866 48.6052
      vertex 93.0434 67.6606 48.5435
    endloop
  endfacet
  facet normal 0.422964 -0.906146 0.000321286
    outer loop
      vertex 93.8568 68.0398 47.8499
      vertex 93.9797 68.0972 47.9449
      vertex 93.3906 67.8225 48.7221
    endloop
  endfacet
  facet normal 0.422625 -0.906305 0.000100819
    outer loop
      vertex 93.8568 68.0398 47.8499
      vertex 93.3906 67.8225 48.7221
      vertex 93.3119 67.7858 48.7145
    endloop
  endfacet
  facet normal 0.422769 -0.906237 0.000211299
    outer loop
      vertex 93.8568 68.0398 47.8499
      vertex 93.3119 67.7858 48.7145
      vertex 93.2356 67.7502 48.692
    endloop
  endfacet
  facet normal 0.422674 -0.906282 -2.47962e-05
    outer loop
      vertex 95.2581 68.6933 47.2871
      vertex 95.8829 68.9847 47.1221
      vertex 95.2193 68.6752 47.4471
    endloop
  endfacet
  facet normal 0.422684 -0.906277 0
    outer loop
      vertex 95.8829 68.9847 47.1221
      vertex 95.8829 68.9847 48.2221
      vertex 95.2193 68.6752 47.4471
    endloop
  endfacet
  facet normal 0.422621 -0.906306 6.51311e-05
    outer loop
      vertex 95.2193 68.6752 47.4471
      vertex 95.8829 68.9847 48.2221
      vertex 95.1558 68.6456 47.5971
    endloop
  endfacet
  facet normal 0.422621 -0.906306 4.02449e-05
    outer loop
      vertex 96.1215 69.0959 46.6521
      vertex 95.2581 68.6933 46.9572
      vertex 95.2193 68.6752 46.7972
    endloop
  endfacet
  facet normal 0.422608 -0.906312 -5.84641e-05
    outer loop
      vertex 96.1215 69.0959 46.6521
      vertex 95.2193 68.6752 46.7972
      vertex 95.1558 68.6456 46.6471
    endloop
  endfacet
  facet normal 0.422608 -0.906313 0
    outer loop
      vertex 96.1215 69.0959 44.4721
      vertex 96.1215 69.0959 46.6521
      vertex 95.1558 68.6456 46.6471
    endloop
  endfacet
  facet normal 0.422364 -0.906426 -0.00013177
    outer loop
      vertex 96.1215 69.0959 44.4721
      vertex 95.1558 68.6456 46.6471
      vertex 95.0697 68.6055 46.5115
    endloop
  endfacet
  facet normal 0.422713 -0.906264 8.7171e-05
    outer loop
      vertex 96.1215 69.0959 44.4721
      vertex 95.0697 68.6055 46.5115
      vertex 94.9636 68.556 46.3944
    endloop
  endfacet
  facet normal 0.422941 -0.906157 0.000299043
    outer loop
      vertex 96.1215 69.0959 44.4721
      vertex 94.8407 68.4987 46.2994
      vertex 94.7047 68.4352 46.2294
    endloop
  endfacet
  facet normal 0.422561 -0.906334 -7.41852e-05
    outer loop
      vertex 96.1215 69.0959 44.4721
      vertex 94.7047 68.4352 46.2294
      vertex 94.5597 68.3676 46.1866
    endloop
  endfacet
  facet normal 0.422602 -0.906315 -2.91478e-05
    outer loop
      vertex 96.1215 69.0959 44.4721
      vertex 94.5597 68.3676 46.1866
      vertex 92.9374 67.6112 44.4721
    endloop
  endfacet
  facet normal 0.422551 -0.906339 2.91608e-05
    outer loop
      vertex 94.5597 68.3676 46.1866
      vertex 94.4102 68.2979 46.1721
      vertex 92.9374 67.6112 44.4721
    endloop
  endfacet
  facet normal 0.422556 -0.906337 2.464e-05
    outer loop
      vertex 94.4102 68.2979 46.1721
      vertex 94.2607 68.2282 46.1866
      vertex 92.9374 67.6112 44.4721
    endloop
  endfacet
  facet normal 0.422993 -0.906133 -0.000276158
    outer loop
      vertex 93.9797 68.0972 46.2994
      vertex 93.8568 68.0398 46.3944
      vertex 92.9374 67.6112 44.4721
    endloop
  endfacet
  facet normal 0.422024 -0.906585 0.000287725
    outer loop
      vertex 93.8568 68.0398 46.3944
      vertex 93.7506 67.9904 46.5115
      vertex 92.9374 67.6112 44.4721
    endloop
  endfacet
  facet normal 0.422888 -0.906182 -0.000131618
    outer loop
      vertex 93.7506 67.9904 46.5115
      vertex 93.6645 67.9502 46.6471
      vertex 92.9374 67.6112 44.4721
    endloop
  endfacet
  facet normal 0.422831 -0.906208 -0.000108437
    outer loop
      vertex 93.6645 67.9502 46.6471
      vertex 93.6011 67.9206 46.7972
      vertex 92.9374 67.6112 44.4721
    endloop
  endfacet
  facet normal 0.422629 -0.906303 -3.80691e-05
    outer loop
      vertex 93.6011 67.9206 46.7972
      vertex 93.5623 67.9025 46.9572
      vertex 92.9374 67.6112 44.4721
    endloop
  endfacet
  facet normal 0.422504 -0.906361 0
    outer loop
      vertex 93.5623 67.9025 46.9572
      vertex 92.9374 67.6112 48.2221
      vertex 92.9374 67.6112 44.4721
    endloop
  endfacet
  facet normal 0.422576 -0.906327 4.33901e-05
    outer loop
      vertex 93.5623 67.9025 46.9572
      vertex 93.5492 67.8964 47.1221
      vertex 92.9374 67.6112 48.2221
    endloop
  endfacet
  facet normal 0.422464 -0.90638 -3.25287e-05
    outer loop
      vertex 93.5492 67.8964 47.1221
      vertex 93.5623 67.9025 47.2871
      vertex 92.9374 67.6112 48.2221
    endloop
  endfacet
  facet normal 0.422356 -0.90643 0.000257302
    outer loop
      vertex 95.8608 68.9743 48.3766
      vertex 95.8335 68.9616 48.4491
      vertex 95.0697 68.6055 47.7328
    endloop
  endfacet
  facet normal 0.422576 -0.906328 -2.83545e-05
    outer loop
      vertex 95.8335 68.9616 48.4491
      vertex 95.7964 68.9443 48.516
      vertex 95.0697 68.6055 47.7328
    endloop
  endfacet
  facet normal 0.422263 -0.906473 0.000324799
    outer loop
      vertex 95.7964 68.9443 48.516
      vertex 95.7502 68.9228 48.5757
      vertex 95.0697 68.6055 47.7328
    endloop
  endfacet
  facet normal 0.422547 -0.906341 -6.33117e-05
    outer loop
      vertex 93.9797 68.0972 47.9449
      vertex 94.1157 68.1606 48.0148
      vertex 93.3906 67.8225 48.7221
    endloop
  endfacet
  facet normal 0.422556 -0.906337 -5.24822e-05
    outer loop
      vertex 94.1157 68.1606 48.0148
      vertex 94.2607 68.2282 48.0577
      vertex 93.3906 67.8225 48.7221
    endloop
  endfacet
  facet normal 0.42262 -0.906307 4.99362e-05
    outer loop
      vertex 94.2607 68.2282 48.0577
      vertex 95.4298 68.7734 48.7221
      vertex 93.3906 67.8225 48.7221
    endloop
  endfacet
  facet normal 0.422535 -0.906346 0.000232155
    outer loop
      vertex 94.4102 68.2979 48.0721
      vertex 95.4298 68.7734 48.7221
      vertex 94.2607 68.2282 48.0577
    endloop
  endfacet
  facet normal 0.422567 -0.906332 0.000171207
    outer loop
      vertex 94.5597 68.3676 48.0577
      vertex 95.4298 68.7734 48.7221
      vertex 94.4102 68.2979 48.0721
    endloop
  endfacet
  facet normal 0.4225 -0.906363 0.000236577
    outer loop
      vertex 95.1558 68.6456 47.5971
      vertex 95.8829 68.9847 48.2221
      vertex 95.0697 68.6055 47.7328
    endloop
  endfacet
  facet normal 0.422555 -0.906337 0.000125551
    outer loop
      vertex 95.8829 68.9847 48.2221
      vertex 95.8773 68.9821 48.3004
      vertex 95.0697 68.6055 47.7328
    endloop
  endfacet
  facet normal 0.423257 -0.906009 -0.00109097
    outer loop
      vertex 95.8773 68.9821 48.3004
      vertex 95.8608 68.9743 48.3766
      vertex 95.0697 68.6055 47.7328
    endloop
  endfacet
  facet normal 0.422395 -0.906412 0.000195768
    outer loop
      vertex 95.7502 68.9228 48.5757
      vertex 95.6961 68.8976 48.6266
      vertex 95.0697 68.6055 47.7328
    endloop
  endfacet
  facet normal 0.422968 -0.906145 -0.000293474
    outer loop
      vertex 95.6961 68.8976 48.6266
      vertex 95.6355 68.8693 48.6676
      vertex 95.0697 68.6055 47.7328
    endloop
  endfacet
  facet normal 0.422703 -0.906268 -9.8166e-05
    outer loop
      vertex 95.0697 68.6055 47.7328
      vertex 95.6355 68.8693 48.6676
      vertex 94.9636 68.556 47.8499
    endloop
  endfacet
  facet normal 0.42258 -0.906326 0.0001508
    outer loop
      vertex 94.7047 68.4352 48.0148
      vertex 95.4298 68.7734 48.7221
      vertex 94.5597 68.3676 48.0577
    endloop
  endfacet
  facet normal 0.422941 -0.906157 -0.000300145
    outer loop
      vertex 94.8407 68.4987 47.9449
      vertex 95.4298 68.7734 48.7221
      vertex 94.7047 68.4352 48.0148
    endloop
  endfacet
  facet normal 0.422014 -0.906589 0.000554947
    outer loop
      vertex 95.5007 68.8064 48.716
      vertex 95.4298 68.7734 48.7221
      vertex 94.8407 68.4987 47.9449
    endloop
  endfacet
  facet normal 0.422556 -0.906337 -9.61199e-06
    outer loop
      vertex 94.9636 68.556 47.8499
      vertex 95.5007 68.8064 48.716
      vertex 94.8407 68.4987 47.9449
    endloop
  endfacet
  facet normal 0.42333 -0.905975 -0.000594089
    outer loop
      vertex 95.5698 68.8387 48.6977
      vertex 95.5007 68.8064 48.716
      vertex 94.9636 68.556 47.8499
    endloop
  endfacet
  facet normal 0.422315 -0.906449 0.000290149
    outer loop
      vertex 95.6355 68.8693 48.6676
      vertex 95.5698 68.8387 48.6977
      vertex 94.9636 68.556 47.8499
    endloop
  endfacet
  facet normal -0 0 1
    outer loop
      vertex 91.4251 76.7536 44.4721
      vertex 92.6528 76.4022 44.4721
      vertex 92.0827 77.0603 44.4721
    endloop
  endfacet
  facet normal 0 0 1
    outer loop
      vertex 90.0425 73.8194 44.4721
      vertex 92.6528 76.4022 44.4721
      vertex 91.4251 76.7536 44.4721
    endloop
  endfacet
  facet normal 0 0 1
    outer loop
      vertex 92.6528 76.4022 44.4721
      vertex 90.0425 73.8194 44.4721
      vertex 93.4192 75.3939 44.4721
    endloop
  endfacet
  facet normal 0 0 1
    outer loop
      vertex 90.2058 77.9079 44.4721
      vertex 90.0425 73.8194 44.4721
      vertex 91.4251 76.7536 44.4721
    endloop
  endfacet
  facet normal -0 0 1
    outer loop
      vertex 87.5 74.2103 44.4721
      vertex 90.0425 73.8194 44.4721
      vertex 90.2058 77.9079 44.4721
    endloop
  endfacet
  facet normal 0 0 1
    outer loop
      vertex 90.0425 73.8194 44.4721
      vertex 89.4353 69.524 44.4721
      vertex 89.5075 65.0287 44.4721
    endloop
  endfacet
  facet normal 0 0 1
    outer loop
      vertex 90.0425 73.8194 44.4721
      vertex 89.4277 69.6108 44.4721
      vertex 89.4353 69.524 44.4721
    endloop
  endfacet
  facet normal 0 0 1
    outer loop
      vertex 90.0425 73.8194 44.4721
      vertex 89.4052 69.695 44.4721
      vertex 89.4277 69.6108 44.4721
    endloop
  endfacet
  facet normal 0 0 1
    outer loop
      vertex 90.0425 73.8194 44.4721
      vertex 89.3683 69.774 44.4721
      vertex 89.4052 69.695 44.4721
    endloop
  endfacet
  facet normal 0 0 1
    outer loop
      vertex 90.0425 73.8194 44.4721
      vertex 89.3183 69.8454 44.4721
      vertex 89.3683 69.774 44.4721
    endloop
  endfacet
  facet normal 0 0 1
    outer loop
      vertex 90.0425 73.8194 44.4721
      vertex 89.2567 69.907 44.4721
      vertex 89.3183 69.8454 44.4721
    endloop
  endfacet
  facet normal 0 0 1
    outer loop
      vertex 87.7566 73.5056 44.4721
      vertex 90.0425 73.8194 44.4721
      vertex 87.7679 73.6358 44.4721
    endloop
  endfacet
  facet normal 0 0 1
    outer loop
      vertex 87.7227 73.3793 44.4721
      vertex 90.0425 73.8194 44.4721
      vertex 87.7566 73.5056 44.4721
    endloop
  endfacet
  facet normal 0 0 1
    outer loop
      vertex 90.0425 73.8194 44.4721
      vertex 89.1853 69.957 44.4721
      vertex 89.2567 69.907 44.4721
    endloop
  endfacet
  facet normal 0 0 1
    outer loop
      vertex 87.6675 73.2608 44.4721
      vertex 90.0425 73.8194 44.4721
      vertex 87.7227 73.3793 44.4721
    endloop
  endfacet
  facet normal 0 0 1
    outer loop
      vertex 87.5 74.2104 44.4721
      vertex 90.2058 77.9079 44.4721
      vertex 88.8715 78.9271 44.4721
    endloop
  endfacet
  facet normal 0 0 1
    outer loop
      vertex 90.0425 73.8194 44.4721
      vertex 89.1063 69.9939 44.4721
      vertex 89.1853 69.957 44.4721
    endloop
  endfacet
  facet normal 0 0 1
    outer loop
      vertex 87.5925 73.1537 44.4721
      vertex 90.0425 73.8194 44.4721
      vertex 87.6675 73.2608 44.4721
    endloop
  endfacet
  facet normal 0 0 1
    outer loop
      vertex 90.0425 73.8194 44.4721
      vertex 89.0221 70.0164 44.4721
      vertex 89.1063 69.9939 44.4721
    endloop
  endfacet
  facet normal 0 0 1
    outer loop
      vertex 90.0425 73.8194 44.4721
      vertex 87.5925 73.1537 44.4721
      vertex 89.0221 70.0164 44.4721
    endloop
  endfacet
  facet normal 0 0 1
    outer loop
      vertex 89.0221 70.0164 44.4721
      vertex 87.5925 73.1537 44.4721
      vertex 88.9353 70.024 44.4721
    endloop
  endfacet
  facet normal -0 0 1
    outer loop
      vertex 87.5 73.0613 44.4721
      vertex 88.9353 70.024 44.4721
      vertex 87.5925 73.1537 44.4721
    endloop
  endfacet
  facet normal 0 0 1
    outer loop
      vertex 88.9353 70.024 44.4721
      vertex 87.5 73.0613 44.4721
      vertex 88.8485 70.0164 44.4721
    endloop
  endfacet
  facet normal -0 0 1
    outer loop
      vertex 87.5 73.0612 44.4721
      vertex 88.8485 70.0164 44.4721
      vertex 87.5 73.0613 44.4721
    endloop
  endfacet
  facet normal 0 0 1
    outer loop
      vertex 88.8485 70.0164 44.4721
      vertex 87.5 73.0612 44.4721
      vertex 88.7643 69.9939 44.4721
    endloop
  endfacet
  facet normal 0 0 1
    outer loop
      vertex 89.5075 65.0287 44.4721
      vertex 88.0179 64.4271 44.4721
      vertex 88.2704 64.3595 44.4721
    endloop
  endfacet
  facet normal 0 0 1
    outer loop
      vertex 88.7643 69.9939 44.4721
      vertex 87.5 73.0612 44.4721
      vertex 88.6853 69.957 44.4721
    endloop
  endfacet
  facet normal 0 0 1
    outer loop
      vertex 88.6853 69.957 44.4721
      vertex 87.5 73.0612 44.4721
      vertex 88.6139 69.907 44.4721
    endloop
  endfacet
  facet normal 0 0 1
    outer loop
      vertex 90.0425 73.8194 44.4721
      vertex 87.7566 73.766 44.4721
      vertex 87.7679 73.6358 44.4721
    endloop
  endfacet
  facet normal 0 0 1
    outer loop
      vertex 90.0425 73.8194 44.4721
      vertex 87.7227 73.8923 44.4721
      vertex 87.7566 73.766 44.4721
    endloop
  endfacet
  facet normal 0 0 1
    outer loop
      vertex 90.0425 73.8194 44.4721
      vertex 87.6675 74.0108 44.4721
      vertex 87.7227 73.8923 44.4721
    endloop
  endfacet
  facet normal 0 0 1
    outer loop
      vertex 90.0425 73.8194 44.4721
      vertex 87.5925 74.1179 44.4721
      vertex 87.6675 74.0108 44.4721
    endloop
  endfacet
  facet normal 0 0 1
    outer loop
      vertex 90.0425 73.8194 44.4721
      vertex 87.5 74.2103 44.4721
      vertex 87.5925 74.1179 44.4721
    endloop
  endfacet
  facet normal 0 0 1
    outer loop
      vertex 87.5 74.2104 44.4721
      vertex 88.8715 78.9271 44.4721
      vertex 87.5 79.7618 44.4721
    endloop
  endfacet
  facet normal 0 0 1
    outer loop
      vertex 90.2058 77.9079 44.4721
      vertex 87.5 74.2104 44.4721
      vertex 87.5 74.2103 44.4721
    endloop
  endfacet
  facet normal -0 0 1
    outer loop
      vertex 94.0181 70.3218 44.4721
      vertex 95.4603 69.891 44.4721
      vertex 95.0028 70.8721 44.4721
    endloop
  endfacet
  facet normal 0 0 1
    outer loop
      vertex 94.0181 70.3218 44.4721
      vertex 95.0028 70.8721 44.4721
      vertex 94.593 71.751 44.4721
    endloop
  endfacet
  facet normal 0 0 1
    outer loop
      vertex 95.4603 69.891 44.4721
      vertex 94.0181 70.3218 44.4721
      vertex 94.4407 69.4155 44.4721
    endloop
  endfacet
  facet normal -0 0 1
    outer loop
      vertex 92.8136 72.9048 44.4721
      vertex 94.593 71.751 44.4721
      vertex 93.4106 74.2866 44.4721
    endloop
  endfacet
  facet normal 0 0 1
    outer loop
      vertex 94.593 71.751 44.4721
      vertex 92.8136 72.9048 44.4721
      vertex 94.0181 70.3218 44.4721
    endloop
  endfacet
  facet normal 0 0 1
    outer loop
      vertex 94.0181 70.3218 44.4721
      vertex 92.8136 72.9048 44.4721
      vertex 93.1118 69.8992 44.4721
    endloop
  endfacet
  facet normal 0 -0 1
    outer loop
      vertex 92.8136 72.9048 44.4721
      vertex 93.4106 74.2866 44.4721
      vertex 92.391 73.8111 44.4721
    endloop
  endfacet
  facet normal 0 0 1
    outer loop
      vertex 93.1118 69.8992 44.4721
      vertex 92.5148 68.5175 44.4721
      vertex 93.5344 68.9929 44.4721
    endloop
  endfacet
  facet normal -0 0 1
    outer loop
      vertex 91.9073 72.4822 44.4721
      vertex 93.1118 69.8992 44.4721
      vertex 92.8136 72.9048 44.4721
    endloop
  endfacet
  facet normal 0 0 1
    outer loop
      vertex 93.1118 69.8992 44.4721
      vertex 91.9073 72.4822 44.4721
      vertex 92.5148 68.5175 44.4721
    endloop
  endfacet
  facet normal 0 0 1
    outer loop
      vertex 92.5148 68.5175 44.4721
      vertex 91.9181 67.2815 44.4721
      vertex 92.2825 66.5 44.4721
    endloop
  endfacet
  facet normal 0 0 1
    outer loop
      vertex 90.4651 72.9131 44.4721
      vertex 92.5148 68.5175 44.4721
      vertex 91.9073 72.4822 44.4721
    endloop
  endfacet
  facet normal -0 0 1
    outer loop
      vertex 90.4651 72.9131 44.4721
      vertex 91.9073 72.4822 44.4721
      vertex 91.4847 73.3885 44.4721
    endloop
  endfacet
  facet normal 0 0 1
    outer loop
      vertex 92.5148 68.5175 44.4721
      vertex 90.4651 72.9131 44.4721
      vertex 91.9181 67.2815 44.4721
    endloop
  endfacet
  facet normal 0 0 1
    outer loop
      vertex 90.4651 72.9131 44.4721
      vertex 90.4138 66.0193 44.4721
      vertex 91.9181 67.2815 44.4721
    endloop
  endfacet
  facet normal 0 0 1
    outer loop
      vertex 89.5075 65.0287 44.4721
      vertex 90.4651 72.9131 44.4721
      vertex 90.0425 73.8194 44.4721
    endloop
  endfacet
  facet normal 0 0 1
    outer loop
      vertex 90.4651 72.9131 44.4721
      vertex 89.5075 65.0287 44.4721
      vertex 90.4138 66.0193 44.4721
    endloop
  endfacet
  facet normal 0 0 1
    outer loop
      vertex 90.4138 66.0193 44.4721
      vertex 89.5075 65.0287 44.4721
      vertex 90.4138 65.4513 44.4721
    endloop
  endfacet
  facet normal 0 0 1
    outer loop
      vertex 92.9374 67.6112 44.4721
      vertex 96.2922 68.0901 44.4721
      vertex 96.1215 69.0959 44.4721
    endloop
  endfacet
  facet normal 0 0 1
    outer loop
      vertex 96.2922 68.0901 44.4721
      vertex 94.7545 66.5 44.4721
      vertex 96.386 67.2608 44.4721
    endloop
  endfacet
  facet normal 0 0 1
    outer loop
      vertex 96.2922 68.0901 44.4721
      vertex 92.9374 67.6112 44.4721
      vertex 94.7545 66.5 44.4721
    endloop
  endfacet
  facet normal 0 0 1
    outer loop
      vertex 92.9374 67.6112 44.4721
      vertex 92.2825 66.5 44.4721
      vertex 94.7545 66.5 44.4721
    endloop
  endfacet
  facet normal 0 0 1
    outer loop
      vertex 92.2825 66.5 44.4721
      vertex 92.9374 67.6112 44.4721
      vertex 92.5148 68.5175 44.4721
    endloop
  endfacet
  facet normal 0 0 1
    outer loop
      vertex 90.5424 62.9735 44.4721
      vertex 89.7998 62.6272 44.4721
      vertex 90.5424 59.9 44.4721
    endloop
  endfacet
  facet normal -0 0 1
    outer loop
      vertex 90.5424 59.9 44.4721
      vertex 93.2082 57.7 44.4721
      vertex 93.2082 59.9 44.4721
    endloop
  endfacet
  facet normal -0 0 1
    outer loop
      vertex 89.2346 63.2104 44.4721
      vertex 89.7998 62.6272 44.4721
      vertex 89.3772 63.5335 44.4721
    endloop
  endfacet
  facet normal -0 0 1
    outer loop
      vertex 89.2567 69.141 44.4721
      vertex 89.5075 65.0287 44.4721
      vertex 89.3183 69.2026 44.4721
    endloop
  endfacet
  facet normal -0 0 1
    outer loop
      vertex 89.1853 69.091 44.4721
      vertex 89.5075 65.0287 44.4721
      vertex 89.2567 69.141 44.4721
    endloop
  endfacet
  facet normal -0 0 1
    outer loop
      vertex 89.2346 62.6895 44.4721
      vertex 89.7998 62.6272 44.4721
      vertex 89.2574 62.9499 44.4721
    endloop
  endfacet
  facet normal 0 0 1
    outer loop
      vertex 89.1669 62.4369 44.4721
      vertex 89.7998 62.6272 44.4721
      vertex 89.2346 62.6895 44.4721
    endloop
  endfacet
  facet normal 0 0 1
    outer loop
      vertex 89.0564 62.1999 44.4721
      vertex 89.7998 62.6272 44.4721
      vertex 89.1669 62.4369 44.4721
    endloop
  endfacet
  facet normal 0 0 1
    outer loop
      vertex 88.9065 61.9858 44.4721
      vertex 89.7998 62.6272 44.4721
      vertex 89.0564 62.1999 44.4721
    endloop
  endfacet
  facet normal 0 0 1
    outer loop
      vertex 89.7998 62.6272 44.4721
      vertex 88.9065 61.9858 44.4721
      vertex 90.5424 59.9 44.4721
    endloop
  endfacet
  facet normal -0 0 1
    outer loop
      vertex 88.7216 61.8009 44.4721
      vertex 90.5424 59.9 44.4721
      vertex 88.9065 61.9858 44.4721
    endloop
  endfacet
  facet normal -0 0 1
    outer loop
      vertex 88.5074 61.6509 44.4721
      vertex 90.5424 59.9 44.4721
      vertex 88.7216 61.8009 44.4721
    endloop
  endfacet
  facet normal -0 0 1
    outer loop
      vertex 88.2704 61.5404 44.4721
      vertex 90.5424 59.9 44.4721
      vertex 88.5074 61.6509 44.4721
    endloop
  endfacet
  facet normal -0 0 1
    outer loop
      vertex 88.0179 61.4727 44.4721
      vertex 90.5424 59.9 44.4721
      vertex 88.2704 61.5404 44.4721
    endloop
  endfacet
  facet normal 0 0 1
    outer loop
      vertex 90.5424 59.9 44.4721
      vertex 88.0179 61.4727 44.4721
      vertex 87.5 57.7 44.4721
    endloop
  endfacet
  facet normal 0 0 1
    outer loop
      vertex 87.5 57.7 44.4721
      vertex 88.0179 61.4727 44.4721
      vertex 87.7574 61.4499 44.4721
    endloop
  endfacet
  facet normal 0 0 1
    outer loop
      vertex 87.5 57.7 44.4721
      vertex 87.7574 61.4499 44.4721
      vertex 87.5 61.4725 44.4721
    endloop
  endfacet
  facet normal 0 0 1
    outer loop
      vertex 90.5424 59.9 44.4721
      vertex 87.5 57.7 44.4721
      vertex 93.2082 57.7 44.4721
    endloop
  endfacet
  facet normal -0 0 1
    outer loop
      vertex 89.4277 69.4372 44.4721
      vertex 89.5075 65.0287 44.4721
      vertex 89.4353 69.524 44.4721
    endloop
  endfacet
  facet normal -0 0 1
    outer loop
      vertex 89.4052 69.353 44.4721
      vertex 89.5075 65.0287 44.4721
      vertex 89.4277 69.4372 44.4721
    endloop
  endfacet
  facet normal 0 0 1
    outer loop
      vertex 89.5075 65.0287 44.4721
      vertex 89.3772 63.5335 44.4721
      vertex 90.0569 63.8505 44.4721
    endloop
  endfacet
  facet normal -0 0 1
    outer loop
      vertex 89.3683 69.274 44.4721
      vertex 89.5075 65.0287 44.4721
      vertex 89.4052 69.353 44.4721
    endloop
  endfacet
  facet normal -0 0 1
    outer loop
      vertex 89.3183 69.2026 44.4721
      vertex 89.5075 65.0287 44.4721
      vertex 89.3683 69.274 44.4721
    endloop
  endfacet
  facet normal 0 0 1
    outer loop
      vertex 89.5075 65.0287 44.4721
      vertex 88.9065 63.9141 44.4721
      vertex 89.3772 63.5335 44.4721
    endloop
  endfacet
  facet normal 0 0 1
    outer loop
      vertex 89.7998 62.6272 44.4721
      vertex 89.2346 63.2104 44.4721
      vertex 89.2574 62.9499 44.4721
    endloop
  endfacet
  facet normal -0 0 1
    outer loop
      vertex 89.1063 69.0542 44.4721
      vertex 89.5075 65.0287 44.4721
      vertex 89.1853 69.091 44.4721
    endloop
  endfacet
  facet normal 0 0 1
    outer loop
      vertex 89.3772 63.5335 44.4721
      vertex 89.1669 63.463 44.4721
      vertex 89.2346 63.2104 44.4721
    endloop
  endfacet
  facet normal -0 0 1
    outer loop
      vertex 89.0221 69.0316 44.4721
      vertex 89.5075 65.0287 44.4721
      vertex 89.1063 69.0542 44.4721
    endloop
  endfacet
  facet normal 0 0 1
    outer loop
      vertex 89.3772 63.5335 44.4721
      vertex 89.0564 63.6999 44.4721
      vertex 89.1669 63.463 44.4721
    endloop
  endfacet
  facet normal -0 0 1
    outer loop
      vertex 88.9353 69.024 44.4721
      vertex 89.5075 65.0287 44.4721
      vertex 89.0221 69.0316 44.4721
    endloop
  endfacet
  facet normal 0 0 1
    outer loop
      vertex 88.8485 69.0316 44.4721
      vertex 89.5075 65.0287 44.4721
      vertex 88.9353 69.024 44.4721
    endloop
  endfacet
  facet normal 0 0 1
    outer loop
      vertex 89.3772 63.5335 44.4721
      vertex 88.9065 63.9141 44.4721
      vertex 89.0564 63.6999 44.4721
    endloop
  endfacet
  facet normal 0 0 1
    outer loop
      vertex 88.7643 69.0542 44.4721
      vertex 89.5075 65.0287 44.4721
      vertex 88.8485 69.0316 44.4721
    endloop
  endfacet
  facet normal 0 0 1
    outer loop
      vertex 88.0179 64.4271 44.4721
      vertex 89.5075 65.0287 44.4721
      vertex 88.7643 69.0542 44.4721
    endloop
  endfacet
  facet normal 0 0 1
    outer loop
      vertex 89.5075 65.0287 44.4721
      vertex 88.7216 64.099 44.4721
      vertex 88.9065 63.9141 44.4721
    endloop
  endfacet
  facet normal 0 0 1
    outer loop
      vertex 88.0179 64.4271 44.4721
      vertex 88.7643 69.0542 44.4721
      vertex 88.6853 69.091 44.4721
    endloop
  endfacet
  facet normal 0 0 1
    outer loop
      vertex 88.0179 64.4271 44.4721
      vertex 88.6853 69.091 44.4721
      vertex 88.6139 69.141 44.4721
    endloop
  endfacet
  facet normal 0 0 1
    outer loop
      vertex 88.0179 64.4271 44.4721
      vertex 88.6139 69.141 44.4721
      vertex 88.5523 69.2026 44.4721
    endloop
  endfacet
  facet normal 0 0 1
    outer loop
      vertex 89.5075 65.0287 44.4721
      vertex 88.5074 64.249 44.4721
      vertex 88.7216 64.099 44.4721
    endloop
  endfacet
  facet normal 0 0 1
    outer loop
      vertex 88.0179 64.4271 44.4721
      vertex 88.5523 69.2026 44.4721
      vertex 88.5023 69.274 44.4721
    endloop
  endfacet
  facet normal 0 0 1
    outer loop
      vertex 88.0179 64.4271 44.4721
      vertex 88.5023 69.274 44.4721
      vertex 88.4655 69.353 44.4721
    endloop
  endfacet
  facet normal 0 0 1
    outer loop
      vertex 88.0179 64.4271 44.4721
      vertex 88.4655 69.353 44.4721
      vertex 88.4429 69.4372 44.4721
    endloop
  endfacet
  facet normal 0 0 1
    outer loop
      vertex 87.5 64.4274 44.4721
      vertex 88.4429 69.4372 44.4721
      vertex 88.4353 69.524 44.4721
    endloop
  endfacet
  facet normal 0 0 1
    outer loop
      vertex 89.5075 65.0287 44.4721
      vertex 88.2704 64.3595 44.4721
      vertex 88.5074 64.249 44.4721
    endloop
  endfacet
  facet normal 0 0 1
    outer loop
      vertex 88.6139 69.907 44.4721
      vertex 87.5 73.0612 44.4721
      vertex 88.5523 69.8454 44.4721
    endloop
  endfacet
  facet normal 0 0 1
    outer loop
      vertex 88.5523 69.8454 44.4721
      vertex 87.5 73.0612 44.4721
      vertex 88.5023 69.774 44.4721
    endloop
  endfacet
  facet normal 0 0 1
    outer loop
      vertex 88.5023 69.774 44.4721
      vertex 87.5 73.0612 44.4721
      vertex 88.4655 69.695 44.4721
    endloop
  endfacet
  facet normal 0 0 1
    outer loop
      vertex 88.4655 69.695 44.4721
      vertex 87.5 73.0612 44.4721
      vertex 88.4429 69.6108 44.4721
    endloop
  endfacet
  facet normal 0 0 1
    outer loop
      vertex 88.4429 69.6108 44.4721
      vertex 87.5 73.0612 44.4721
      vertex 88.4353 69.524 44.4721
    endloop
  endfacet
  facet normal 0 0 1
    outer loop
      vertex 87.5 64.4274 44.4721
      vertex 88.4353 69.524 44.4721
      vertex 87.5 73.0612 44.4721
    endloop
  endfacet
  facet normal 0 0 1
    outer loop
      vertex 88.4429 69.4372 44.4721
      vertex 87.7574 64.4499 44.4721
      vertex 88.0179 64.4271 44.4721
    endloop
  endfacet
  facet normal 0 0 1
    outer loop
      vertex 88.4429 69.4372 44.4721
      vertex 87.5 64.4274 44.4721
      vertex 87.7574 64.4499 44.4721
    endloop
  endfacet
  facet normal 0 0 1
    outer loop
      vertex 88.7574 62.9499 41.7721
      vertex 89.2574 62.9499 41.7721
      vertex 89.2346 63.2104 41.7721
    endloop
  endfacet
  facet normal 0 0 1
    outer loop
      vertex 88.7422 63.1236 41.7721
      vertex 89.2346 63.2104 41.7721
      vertex 89.1669 63.463 41.7721
    endloop
  endfacet
  facet normal 0 0 1
    outer loop
      vertex 89.2574 62.9499 41.7721
      vertex 88.7574 62.9499 41.7721
      vertex 89.2346 62.6895 41.7721
    endloop
  endfacet
  facet normal 0 0 1
    outer loop
      vertex 88.6971 63.292 41.7721
      vertex 89.1669 63.463 41.7721
      vertex 89.0564 63.6999 41.7721
    endloop
  endfacet
  facet normal -0 0 1
    outer loop
      vertex 88.7422 62.7763 41.7721
      vertex 89.2346 62.6895 41.7721
      vertex 88.7574 62.9499 41.7721
    endloop
  endfacet
  facet normal 0 0 1
    outer loop
      vertex 88.6234 63.4499 41.7721
      vertex 89.0564 63.6999 41.7721
      vertex 88.9065 63.9141 41.7721
    endloop
  endfacet
  facet normal 0 0 1
    outer loop
      vertex 89.2346 62.6895 41.7721
      vertex 88.7422 62.7763 41.7721
      vertex 89.1669 62.4369 41.7721
    endloop
  endfacet
  facet normal -0 0 1
    outer loop
      vertex 88.6971 62.6079 41.7721
      vertex 89.1669 62.4369 41.7721
      vertex 88.7422 62.7763 41.7721
    endloop
  endfacet
  facet normal 0 0 1
    outer loop
      vertex 89.2346 63.2104 41.7721
      vertex 88.7422 63.1236 41.7721
      vertex 88.7574 62.9499 41.7721
    endloop
  endfacet
  facet normal 0 0 1
    outer loop
      vertex 88.5234 63.5927 41.7721
      vertex 88.9065 63.9141 41.7721
      vertex 88.7216 64.099 41.7721
    endloop
  endfacet
  facet normal 0 0 1
    outer loop
      vertex 89.1669 63.463 41.7721
      vertex 88.6971 63.292 41.7721
      vertex 88.7422 63.1236 41.7721
    endloop
  endfacet
  facet normal 0 0 1
    outer loop
      vertex 89.0564 63.6999 41.7721
      vertex 88.6234 63.4499 41.7721
      vertex 88.6971 63.292 41.7721
    endloop
  endfacet
  facet normal 0 0 1
    outer loop
      vertex 88.9065 63.9141 41.7721
      vertex 88.5234 63.5927 41.7721
      vertex 88.6234 63.4499 41.7721
    endloop
  endfacet
  facet normal 0 0 1
    outer loop
      vertex 88.4002 63.716 41.7721
      vertex 88.7216 64.099 41.7721
      vertex 88.5074 64.249 41.7721
    endloop
  endfacet
  facet normal 0 0 1
    outer loop
      vertex 88.7216 64.099 41.7721
      vertex 88.4002 63.716 41.7721
      vertex 88.5234 63.5927 41.7721
    endloop
  endfacet
  facet normal 0 0 1
    outer loop
      vertex 88.2574 63.816 41.7721
      vertex 88.5074 64.249 41.7721
      vertex 88.2704 64.3595 41.7721
    endloop
  endfacet
  facet normal 0 0 1
    outer loop
      vertex 88.5074 64.249 41.7721
      vertex 88.2574 63.816 41.7721
      vertex 88.4002 63.716 41.7721
    endloop
  endfacet
  facet normal 0 0 1
    outer loop
      vertex 88.2704 64.3595 41.7721
      vertex 88.0994 63.8896 41.7721
      vertex 88.2574 63.816 41.7721
    endloop
  endfacet
  facet normal 0 0 1
    outer loop
      vertex 88.0179 64.4271 41.7721
      vertex 88.0994 63.8896 41.7721
      vertex 88.2704 64.3595 41.7721
    endloop
  endfacet
  facet normal 0 0 1
    outer loop
      vertex 88.0179 64.4271 41.7721
      vertex 87.931 63.9347 41.7721
      vertex 88.0994 63.8896 41.7721
    endloop
  endfacet
  facet normal 0 0 1
    outer loop
      vertex 87.7574 64.4499 41.7721
      vertex 87.931 63.9347 41.7721
      vertex 88.0179 64.4271 41.7721
    endloop
  endfacet
  facet normal 0 0 1
    outer loop
      vertex 87.7574 64.4499 41.7721
      vertex 87.7574 63.9499 41.7721
      vertex 87.931 63.9347 41.7721
    endloop
  endfacet
  facet normal 0 0 1
    outer loop
      vertex 87.7574 64.4499 41.7721
      vertex 87.5837 63.9347 41.7721
      vertex 87.7574 63.9499 41.7721
    endloop
  endfacet
  facet normal -0 0 1
    outer loop
      vertex 87.5 64.4274 41.7721
      vertex 87.5837 63.9347 41.7721
      vertex 87.7574 64.4499 41.7721
    endloop
  endfacet
  facet normal 0 0 1
    outer loop
      vertex 87.5837 63.9347 41.7721
      vertex 87.5 64.4274 41.7721
      vertex 87.5 63.9123 41.7721
    endloop
  endfacet
  facet normal 0 0 1
    outer loop
      vertex 89.1669 62.4369 41.7721
      vertex 88.6971 62.6079 41.7721
      vertex 89.0564 62.1999 41.7721
    endloop
  endfacet
  facet normal -0 0 1
    outer loop
      vertex 88.6234 62.4499 41.7721
      vertex 89.0564 62.1999 41.7721
      vertex 88.6971 62.6079 41.7721
    endloop
  endfacet
  facet normal 0 0 1
    outer loop
      vertex 89.0564 62.1999 41.7721
      vertex 88.6234 62.4499 41.7721
      vertex 88.9065 61.9858 41.7721
    endloop
  endfacet
  facet normal -0 0 1
    outer loop
      vertex 88.5234 62.3072 41.7721
      vertex 88.9065 61.9858 41.7721
      vertex 88.6234 62.4499 41.7721
    endloop
  endfacet
  facet normal 0 0 1
    outer loop
      vertex 88.9065 61.9858 41.7721
      vertex 88.5234 62.3072 41.7721
      vertex 88.7216 61.8009 41.7721
    endloop
  endfacet
  facet normal -0 0 1
    outer loop
      vertex 88.4002 62.1839 41.7721
      vertex 88.7216 61.8009 41.7721
      vertex 88.5234 62.3072 41.7721
    endloop
  endfacet
  facet normal 0 0 1
    outer loop
      vertex 88.7216 61.8009 41.7721
      vertex 88.4002 62.1839 41.7721
      vertex 88.5074 61.6509 41.7721
    endloop
  endfacet
  facet normal -0 0 1
    outer loop
      vertex 88.2574 62.0839 41.7721
      vertex 88.5074 61.6509 41.7721
      vertex 88.4002 62.1839 41.7721
    endloop
  endfacet
  facet normal 0 0 1
    outer loop
      vertex 88.5074 61.6509 41.7721
      vertex 88.2574 62.0839 41.7721
      vertex 88.2704 61.5404 41.7721
    endloop
  endfacet
  facet normal -0 0 1
    outer loop
      vertex 88.0994 62.0102 41.7721
      vertex 88.2704 61.5404 41.7721
      vertex 88.2574 62.0839 41.7721
    endloop
  endfacet
  facet normal 0 0 1
    outer loop
      vertex 88.0994 62.0102 41.7721
      vertex 88.0179 61.4727 41.7721
      vertex 88.2704 61.5404 41.7721
    endloop
  endfacet
  facet normal -0 0 1
    outer loop
      vertex 87.931 61.9651 41.7721
      vertex 88.0179 61.4727 41.7721
      vertex 88.0994 62.0102 41.7721
    endloop
  endfacet
  facet normal -0 0 1
    outer loop
      vertex 87.7574 61.9499 41.7721
      vertex 88.0179 61.4727 41.7721
      vertex 87.931 61.9651 41.7721
    endloop
  endfacet
  facet normal 0 0 1
    outer loop
      vertex 87.7574 61.9499 41.7721
      vertex 87.7574 61.4499 41.7721
      vertex 88.0179 61.4727 41.7721
    endloop
  endfacet
  facet normal 0 0 1
    outer loop
      vertex 87.5837 61.9651 41.7721
      vertex 87.7574 61.4499 41.7721
      vertex 87.7574 61.9499 41.7721
    endloop
  endfacet
  facet normal 0 0 1
    outer loop
      vertex 87.5 61.4725 41.7721
      vertex 87.5837 61.9651 41.7721
      vertex 87.5 61.9876 41.7721
    endloop
  endfacet
  facet normal 0 0 1
    outer loop
      vertex 87.5837 61.9651 41.7721
      vertex 87.5 61.4725 41.7721
      vertex 87.7574 61.4499 41.7721
    endloop
  endfacet
  facet normal -0.418056 0.90027 0.121422
    outer loop
      vertex 87.5435 63.5377 44.8221
      vertex 87.5 63.58 44.3587
      vertex 87.5 63.5175 44.8221
    endloop
  endfacet
  facet normal -0.418335 0.900138 0.121436
    outer loop
      vertex 87.5435 63.5377 44.8221
      vertex 87.5 63.6571 43.7872
      vertex 87.5 63.58 44.3587
    endloop
  endfacet
  facet normal -0.256776 0.958814 0.121415
    outer loop
      vertex 87.6488 63.5659 44.8221
      vertex 87.5 63.6571 43.7872
      vertex 87.5435 63.5377 44.8221
    endloop
  endfacet
  facet normal -0.257239 0.958683 0.12147
    outer loop
      vertex 87.5 63.6571 43.7872
      vertex 87.6488 63.5659 44.8221
      vertex 87.5 63.7723 42.878
    endloop
  endfacet
  facet normal -0.256275 0.958947 0.121424
    outer loop
      vertex 87.5837 63.9347 41.7721
      vertex 87.5 63.7723 42.878
      vertex 87.6488 63.5659 44.8221
    endloop
  endfacet
  facet normal -0.256613 0.958861 0.121386
    outer loop
      vertex 87.5 63.7723 42.878
      vertex 87.5837 63.9347 41.7721
      vertex 87.5 63.9123 41.7721
    endloop
  endfacet
  facet normal -0.0864995 0.988826 0.121413
    outer loop
      vertex 87.6488 63.5659 44.8221
      vertex 87.7574 63.5754 44.8221
      vertex 87.5837 63.9347 41.7721
    endloop
  endfacet
  facet normal -0.0865291 0.988823 0.121415
    outer loop
      vertex 87.7574 63.5754 44.8221
      vertex 87.7574 63.9499 41.7721
      vertex 87.5837 63.9347 41.7721
    endloop
  endfacet
  facet normal 0.0864995 0.988826 0.121415
    outer loop
      vertex 87.866 63.5659 44.8221
      vertex 87.7574 63.9499 41.7721
      vertex 87.7574 63.5754 44.8221
    endloop
  endfacet
  facet normal 0.0865786 0.988819 0.121411
    outer loop
      vertex 87.866 63.5659 44.8221
      vertex 87.931 63.9347 41.7721
      vertex 87.7574 63.9499 41.7721
    endloop
  endfacet
  facet normal 0.256777 0.958815 0.12141
    outer loop
      vertex 87.9713 63.5377 44.8221
      vertex 87.931 63.9347 41.7721
      vertex 87.866 63.5659 44.8221
    endloop
  endfacet
  facet normal 0.256784 0.958813 0.12141
    outer loop
      vertex 87.9713 63.5377 44.8221
      vertex 88.0994 63.8896 41.7721
      vertex 87.931 63.9347 41.7721
    endloop
  endfacet
  facet normal 0.419359 0.899665 0.121414
    outer loop
      vertex 88.0702 63.4916 44.8221
      vertex 88.0994 63.8896 41.7721
      vertex 87.9713 63.5377 44.8221
    endloop
  endfacet
  facet normal 0.419133 0.899769 0.121425
    outer loop
      vertex 88.2574 63.816 41.7721
      vertex 88.0994 63.8896 41.7721
      vertex 88.0702 63.4916 44.8221
    endloop
  endfacet
  facet normal 0.569158 0.813213 0.121427
    outer loop
      vertex 88.1595 63.4291 44.8221
      vertex 88.2574 63.816 41.7721
      vertex 88.0702 63.4916 44.8221
    endloop
  endfacet
  facet normal 0.569373 0.813064 0.121415
    outer loop
      vertex 88.4002 63.716 41.7721
      vertex 88.2574 63.816 41.7721
      vertex 88.1595 63.4291 44.8221
    endloop
  endfacet
  facet normal 0.701876 0.701876 0.121413
    outer loop
      vertex 88.2366 63.352 44.8221
      vertex 88.4002 63.716 41.7721
      vertex 88.1595 63.4291 44.8221
    endloop
  endfacet
  facet normal 0.702162 0.701592 0.121395
    outer loop
      vertex 88.5234 63.5927 41.7721
      vertex 88.4002 63.716 41.7721
      vertex 88.2366 63.352 44.8221
    endloop
  endfacet
  facet normal 0.813217 0.569161 0.121386
    outer loop
      vertex 88.2991 63.2627 44.8221
      vertex 88.5234 63.5927 41.7721
      vertex 88.2366 63.352 44.8221
    endloop
  endfacet
  facet normal 0.813066 0.569374 0.121398
    outer loop
      vertex 88.6234 63.4499 41.7721
      vertex 88.5234 63.5927 41.7721
      vertex 88.2991 63.2627 44.8221
    endloop
  endfacet
  facet normal 0.899504 0.419708 0.121403
    outer loop
      vertex 88.3452 63.1639 44.8221
      vertex 88.6234 63.4499 41.7721
      vertex 88.2991 63.2627 44.8221
    endloop
  endfacet
  facet normal 0.899451 0.41982 0.121408
    outer loop
      vertex 88.6971 63.292 41.7721
      vertex 88.6234 63.4499 41.7721
      vertex 88.3452 63.1639 44.8221
    endloop
  endfacet
  facet normal 0.958815 0.256777 0.12141
    outer loop
      vertex 88.3734 63.0586 44.8221
      vertex 88.6971 63.292 41.7721
      vertex 88.3452 63.1639 44.8221
    endloop
  endfacet
  facet normal 0.958813 0.256784 0.12141
    outer loop
      vertex 88.7422 63.1236 41.7721
      vertex 88.6971 63.292 41.7721
      vertex 88.3734 63.0586 44.8221
    endloop
  endfacet
  facet normal 0.988833 0.0864206 0.12141
    outer loop
      vertex 88.3829 62.9499 44.8221
      vertex 88.7422 63.1236 41.7721
      vertex 88.3734 63.0586 44.8221
    endloop
  endfacet
  facet normal 0.988823 0.0865291 0.121415
    outer loop
      vertex 88.7574 62.9499 41.7721
      vertex 88.7422 63.1236 41.7721
      vertex 88.3829 62.9499 44.8221
    endloop
  endfacet
  facet normal 0.988826 -0.0864995 0.121415
    outer loop
      vertex 88.7574 62.9499 41.7721
      vertex 88.3829 62.9499 44.8221
      vertex 88.3734 62.8413 44.8221
    endloop
  endfacet
  facet normal 0.988819 -0.0865786 0.121411
    outer loop
      vertex 88.7422 62.7763 41.7721
      vertex 88.7574 62.9499 41.7721
      vertex 88.3734 62.8413 44.8221
    endloop
  endfacet
  facet normal 0.958815 -0.256777 0.12141
    outer loop
      vertex 88.7422 62.7763 41.7721
      vertex 88.3734 62.8413 44.8221
      vertex 88.3452 62.736 44.8221
    endloop
  endfacet
  facet normal 0.958813 -0.256784 0.12141
    outer loop
      vertex 88.6971 62.6079 41.7721
      vertex 88.7422 62.7763 41.7721
      vertex 88.3452 62.736 44.8221
    endloop
  endfacet
  facet normal 0.899503 -0.419707 0.12141
    outer loop
      vertex 88.6971 62.6079 41.7721
      vertex 88.3452 62.736 44.8221
      vertex 88.2991 62.6372 44.8221
    endloop
  endfacet
  facet normal 0.899552 -0.419601 0.121415
    outer loop
      vertex 88.6234 62.4499 41.7721
      vertex 88.6971 62.6079 41.7721
      vertex 88.2991 62.6372 44.8221
    endloop
  endfacet
  facet normal 0.813213 -0.569158 0.121419
    outer loop
      vertex 88.6234 62.4499 41.7721
      vertex 88.2991 62.6372 44.8221
      vertex 88.2366 62.5479 44.8221
    endloop
  endfacet
  facet normal 0.812879 -0.569642 0.121392
    outer loop
      vertex 88.5234 62.3072 41.7721
      vertex 88.6234 62.4499 41.7721
      vertex 88.2366 62.5479 44.8221
    endloop
  endfacet
  facet normal 0.701878 -0.701878 0.12139
    outer loop
      vertex 88.5234 62.3072 41.7721
      vertex 88.2366 62.5479 44.8221
      vertex 88.1595 62.4708 44.8221
    endloop
  endfacet
  facet normal 0.702161 -0.701591 0.121409
    outer loop
      vertex 88.4002 62.1839 41.7721
      vertex 88.5234 62.3072 41.7721
      vertex 88.1595 62.4708 44.8221
    endloop
  endfacet
  facet normal 0.569769 -0.812786 0.12142
    outer loop
      vertex 88.4002 62.1839 41.7721
      vertex 88.1595 62.4708 44.8221
      vertex 88.0702 62.4082 44.8221
    endloop
  endfacet
  facet normal 0.569374 -0.813066 0.121398
    outer loop
      vertex 88.2574 62.0839 41.7721
      vertex 88.4002 62.1839 41.7721
      vertex 88.0702 62.4082 44.8221
    endloop
  endfacet
  facet normal 0.418612 -0.900016 0.12139
    outer loop
      vertex 88.2574 62.0839 41.7721
      vertex 88.0702 62.4082 44.8221
      vertex 87.9713 62.3622 44.8221
    endloop
  endfacet
  facet normal 0.4196 -0.899549 0.12144
    outer loop
      vertex 88.0994 62.0102 41.7721
      vertex 88.2574 62.0839 41.7721
      vertex 87.9713 62.3622 44.8221
    endloop
  endfacet
  facet normal 0.257625 -0.958582 0.12145
    outer loop
      vertex 88.0994 62.0102 41.7721
      vertex 87.9713 62.3622 44.8221
      vertex 87.866 62.3339 44.8221
    endloop
  endfacet
  facet normal 0.256784 -0.958813 0.12141
    outer loop
      vertex 87.931 61.9651 41.7721
      vertex 88.0994 62.0102 41.7721
      vertex 87.866 62.3339 44.8221
    endloop
  endfacet
  facet normal 0.0864995 -0.988826 0.12141
    outer loop
      vertex 87.931 61.9651 41.7721
      vertex 87.866 62.3339 44.8221
      vertex 87.7574 62.3244 44.8221
    endloop
  endfacet
  facet normal 0.0865786 -0.988819 0.121414
    outer loop
      vertex 87.931 61.9651 41.7721
      vertex 87.7574 62.3244 44.8221
      vertex 87.7574 61.9499 41.7721
    endloop
  endfacet
  facet normal -0.0864995 -0.988826 0.121415
    outer loop
      vertex 87.7574 61.9499 41.7721
      vertex 87.7574 62.3244 44.8221
      vertex 87.6488 62.3339 44.8221
    endloop
  endfacet
  facet normal -0.0865292 -0.988823 0.121413
    outer loop
      vertex 87.7574 61.9499 41.7721
      vertex 87.6488 62.3339 44.8221
      vertex 87.5837 61.9651 41.7721
    endloop
  endfacet
  facet normal -0.257626 -0.958587 0.121409
    outer loop
      vertex 87.5837 61.9651 41.7721
      vertex 87.6488 62.3339 44.8221
      vertex 87.5435 62.3622 44.8221
    endloop
  endfacet
  facet normal -0.257683 -0.958579 0.121351
    outer loop
      vertex 87.5837 61.9651 41.7721
      vertex 87.5 62.2427 43.7872
      vertex 87.5 61.9876 41.7721
    endloop
  endfacet
  facet normal -0.255804 -0.959064 0.121495
    outer loop
      vertex 87.5 62.2427 43.7872
      vertex 87.5837 61.9651 41.7721
      vertex 87.5435 62.3622 44.8221
    endloop
  endfacet
  facet normal -0.418051 -0.900258 0.121525
    outer loop
      vertex 87.5435 62.3622 44.8221
      vertex 87.5 62.3824 44.8221
      vertex 87.5 62.2427 43.7872
    endloop
  endfacet
  facet normal 0.0874646 0.996168 -0
    outer loop
      vertex 87.7574 61.4499 41.7721
      vertex 87.5 61.4725 44.4721
      vertex 87.7574 61.4499 44.4721
    endloop
  endfacet
  facet normal 0.0874646 0.996168 0
    outer loop
      vertex 87.5 61.4725 44.4721
      vertex 87.7574 61.4499 41.7721
      vertex 87.5 61.4725 41.7721
    endloop
  endfacet
  facet normal -0.0871907 0.996192 0
    outer loop
      vertex 88.0179 61.4727 41.7721
      vertex 87.7574 61.4499 44.4721
      vertex 88.0179 61.4727 44.4721
    endloop
  endfacet
  facet normal -0.0871907 0.996192 0
    outer loop
      vertex 87.7574 61.4499 44.4721
      vertex 88.0179 61.4727 41.7721
      vertex 87.7574 61.4499 41.7721
    endloop
  endfacet
  facet normal -0.258972 0.965885 0
    outer loop
      vertex 88.2704 61.5404 41.7721
      vertex 88.0179 61.4727 44.4721
      vertex 88.2704 61.5404 44.4721
    endloop
  endfacet
  facet normal -0.258972 0.965885 0
    outer loop
      vertex 88.0179 61.4727 44.4721
      vertex 88.2704 61.5404 41.7721
      vertex 88.0179 61.4727 41.7721
    endloop
  endfacet
  facet normal -0.422571 0.90633 0
    outer loop
      vertex 88.5074 61.6509 41.7721
      vertex 88.2704 61.5404 44.4721
      vertex 88.5074 61.6509 44.4721
    endloop
  endfacet
  facet normal -0.422571 0.90633 0
    outer loop
      vertex 88.2704 61.5404 44.4721
      vertex 88.5074 61.6509 41.7721
      vertex 88.2704 61.5404 41.7721
    endloop
  endfacet
  facet normal -0.573616 0.819124 0
    outer loop
      vertex 88.7216 61.8009 41.7721
      vertex 88.5074 61.6509 44.4721
      vertex 88.7216 61.8009 44.4721
    endloop
  endfacet
  facet normal -0.573616 0.819124 0
    outer loop
      vertex 88.5074 61.6509 44.4721
      vertex 88.7216 61.8009 41.7721
      vertex 88.5074 61.6509 41.7721
    endloop
  endfacet
  facet normal -0.707107 0.707107 0
    outer loop
      vertex 88.7216 61.8009 41.7721
      vertex 88.9065 61.9858 44.4721
      vertex 88.9065 61.9858 41.7721
    endloop
  endfacet
  facet normal -0.707107 0.707107 0
    outer loop
      vertex 88.9065 61.9858 44.4721
      vertex 88.7216 61.8009 41.7721
      vertex 88.7216 61.8009 44.4721
    endloop
  endfacet
  facet normal -0.819178 0.573539 0
    outer loop
      vertex 88.9065 61.9858 41.7721
      vertex 89.0564 62.1999 44.4721
      vertex 89.0564 62.1999 41.7721
    endloop
  endfacet
  facet normal -0.819178 0.573539 0
    outer loop
      vertex 89.0564 62.1999 44.4721
      vertex 88.9065 61.9858 41.7721
      vertex 88.9065 61.9858 44.4721
    endloop
  endfacet
  facet normal -0.90633 0.422571 0
    outer loop
      vertex 89.0564 62.1999 41.7721
      vertex 89.1669 62.4369 44.4721
      vertex 89.1669 62.4369 41.7721
    endloop
  endfacet
  facet normal -0.90633 0.422571 0
    outer loop
      vertex 89.1669 62.4369 44.4721
      vertex 89.0564 62.1999 41.7721
      vertex 89.0564 62.1999 44.4721
    endloop
  endfacet
  facet normal -0.96591 0.258876 0
    outer loop
      vertex 89.1669 62.4369 41.7721
      vertex 89.2346 62.6895 44.4721
      vertex 89.2346 62.6895 41.7721
    endloop
  endfacet
  facet normal -0.96591 0.258876 0
    outer loop
      vertex 89.2346 62.6895 44.4721
      vertex 89.1669 62.4369 41.7721
      vertex 89.1669 62.4369 44.4721
    endloop
  endfacet
  facet normal -0.996189 0.0872239 0
    outer loop
      vertex 89.2346 62.6895 41.7721
      vertex 89.2574 62.9499 44.4721
      vertex 89.2574 62.9499 41.7721
    endloop
  endfacet
  facet normal -0.996189 0.0872239 0
    outer loop
      vertex 89.2574 62.9499 44.4721
      vertex 89.2346 62.6895 41.7721
      vertex 89.2346 62.6895 44.4721
    endloop
  endfacet
  facet normal -0.996192 -0.0871907 0
    outer loop
      vertex 89.2574 62.9499 41.7721
      vertex 89.2346 63.2104 44.4721
      vertex 89.2346 63.2104 41.7721
    endloop
  endfacet
  facet normal -0.996192 -0.0871907 0
    outer loop
      vertex 89.2346 63.2104 44.4721
      vertex 89.2574 62.9499 41.7721
      vertex 89.2574 62.9499 44.4721
    endloop
  endfacet
  facet normal -0.96591 -0.258876 0
    outer loop
      vertex 89.2346 63.2104 41.7721
      vertex 89.1669 63.463 44.4721
      vertex 89.1669 63.463 41.7721
    endloop
  endfacet
  facet normal -0.96591 -0.258876 0
    outer loop
      vertex 89.1669 63.463 44.4721
      vertex 89.2346 63.2104 41.7721
      vertex 89.2346 63.2104 44.4721
    endloop
  endfacet
  facet normal -0.906261 -0.422718 0
    outer loop
      vertex 89.1669 63.463 41.7721
      vertex 89.0564 63.6999 44.4721
      vertex 89.0564 63.6999 41.7721
    endloop
  endfacet
  facet normal -0.906261 -0.422718 0
    outer loop
      vertex 89.0564 63.6999 44.4721
      vertex 89.1669 63.463 41.7721
      vertex 89.1669 63.463 44.4721
    endloop
  endfacet
  facet normal -0.819304 -0.57336 0
    outer loop
      vertex 89.0564 63.6999 41.7721
      vertex 88.9065 63.9141 44.4721
      vertex 88.9065 63.9141 41.7721
    endloop
  endfacet
  facet normal -0.819304 -0.57336 0
    outer loop
      vertex 88.9065 63.9141 44.4721
      vertex 89.0564 63.6999 41.7721
      vertex 89.0564 63.6999 44.4721
    endloop
  endfacet
  facet normal -0.707107 -0.707107 0
    outer loop
      vertex 88.9065 63.9141 41.7721
      vertex 88.7216 64.099 44.4721
      vertex 88.7216 64.099 41.7721
    endloop
  endfacet
  facet normal -0.707107 -0.707107 0
    outer loop
      vertex 88.7216 64.099 44.4721
      vertex 88.9065 63.9141 41.7721
      vertex 88.9065 63.9141 44.4721
    endloop
  endfacet
  facet normal -0.573616 -0.819124 0
    outer loop
      vertex 88.5074 64.249 41.7721
      vertex 88.7216 64.099 44.4721
      vertex 88.5074 64.249 44.4721
    endloop
  endfacet
  facet normal -0.573616 -0.819124 -0
    outer loop
      vertex 88.7216 64.099 44.4721
      vertex 88.5074 64.249 41.7721
      vertex 88.7216 64.099 41.7721
    endloop
  endfacet
  facet normal -0.422571 -0.90633 0
    outer loop
      vertex 88.2704 64.3595 41.7721
      vertex 88.5074 64.249 44.4721
      vertex 88.2704 64.3595 44.4721
    endloop
  endfacet
  facet normal -0.422571 -0.90633 -0
    outer loop
      vertex 88.5074 64.249 44.4721
      vertex 88.2704 64.3595 41.7721
      vertex 88.5074 64.249 41.7721
    endloop
  endfacet
  facet normal -0.258615 -0.96598 0
    outer loop
      vertex 88.0179 64.4271 41.7721
      vertex 88.2704 64.3595 44.4721
      vertex 88.0179 64.4271 44.4721
    endloop
  endfacet
  facet normal -0.258615 -0.96598 -0
    outer loop
      vertex 88.2704 64.3595 44.4721
      vertex 88.0179 64.4271 41.7721
      vertex 88.2704 64.3595 41.7721
    endloop
  endfacet
  facet normal -0.0871907 -0.996192 0
    outer loop
      vertex 87.7574 64.4499 41.7721
      vertex 88.0179 64.4271 44.4721
      vertex 87.7574 64.4499 44.4721
    endloop
  endfacet
  facet normal -0.0871907 -0.996192 -0
    outer loop
      vertex 88.0179 64.4271 44.4721
      vertex 87.7574 64.4499 41.7721
      vertex 88.0179 64.4271 41.7721
    endloop
  endfacet
  facet normal 0.0870805 -0.996201 0
    outer loop
      vertex 87.5 64.4274 41.7721
      vertex 87.7574 64.4499 44.4721
      vertex 87.5 64.4274 44.4721
    endloop
  endfacet
  facet normal 0.0870805 -0.996201 0
    outer loop
      vertex 87.7574 64.4499 44.4721
      vertex 87.5 64.4274 41.7721
      vertex 87.7574 64.4499 41.7721
    endloop
  endfacet
  facet normal 1 0 -0
    outer loop
      vertex 62.665 83.5 41.1221
      vertex 62.665 83.5 43.6721
      vertex 62.665 81.3603 43.6721
    endloop
  endfacet
  facet normal 1 0 -0
    outer loop
      vertex 39.165 83.5 41.1221
      vertex 39.165 83.5 43.6721
      vertex 39.165 81.3603 43.6721
    endloop
  endfacet
  facet normal 0 0 -1
    outer loop
      vertex 87.6585 60.6804 41.4621
      vertex 89.35 59.65 41.4621
      vertex 89.35 57.7 41.4621
    endloop
  endfacet
  facet normal 0 0 -1
    outer loop
      vertex 89.35 59.65 41.4621
      vertex 87.6585 60.6804 41.4621
      vertex 89.2893 64.1157 41.4621
    endloop
  endfacet
  facet normal 0 0 -1
    outer loop
      vertex 87.565 64.8653 41.4621
      vertex 89.2893 64.1157 41.4621
      vertex 87.6585 60.6804 41.4621
    endloop
  endfacet
  facet normal 0 0 -1
    outer loop
      vertex 89.2893 64.1157 41.4621
      vertex 87.565 64.8653 41.4621
      vertex 89.0699 64.3581 41.4621
    endloop
  endfacet
  facet normal 0 0 -1
    outer loop
      vertex 89.0699 64.3581 41.4621
      vertex 87.565 64.8653 41.4621
      vertex 88.8126 64.56 41.4621
    endloop
  endfacet
  facet normal 0 0 -1
    outer loop
      vertex 88.8126 64.56 41.4621
      vertex 87.565 64.8653 41.4621
      vertex 88.5249 64.7153 41.4621
    endloop
  endfacet
  facet normal 0 0 -1
    outer loop
      vertex 88.5249 64.7153 41.4621
      vertex 87.565 64.8653 41.4621
      vertex 88.215 64.8198 41.4621
    endloop
  endfacet
  facet normal 0 0 -1
    outer loop
      vertex 88.215 64.8198 41.4621
      vertex 87.565 64.8653 41.4621
      vertex 87.892 64.8702 41.4621
    endloop
  endfacet
  facet normal 0 0 -1
    outer loop
      vertex 87.5 74.8394 41.4621
      vertex 87.565 64.8653 41.4621
      vertex 87.5 60.5905 41.4621
    endloop
  endfacet
  facet normal 0 0 -1
    outer loop
      vertex 87.5 60.5905 41.4621
      vertex 87.565 64.8653 41.4621
      vertex 87.6585 60.6804 41.4621
    endloop
  endfacet
  facet normal 0 0 -1
    outer loop
      vertex 89.6441 62.5678 41.4621
      vertex 89.4645 63.8396 41.4621
      vertex 89.5904 63.5378 41.4621
    endloop
  endfacet
  facet normal 0 0 -1
    outer loop
      vertex 89.35 59.65 41.4621
      vertex 89.6441 62.5678 41.4621
      vertex 91.3 59.65 41.4621
    endloop
  endfacet
  facet normal 0 0 -1
    outer loop
      vertex 89.2893 64.1157 41.4621
      vertex 89.6441 62.5678 41.4621
      vertex 89.35 59.65 41.4621
    endloop
  endfacet
  facet normal 0 0 -1
    outer loop
      vertex 89.6441 62.5678 41.4621
      vertex 89.2893 64.1157 41.4621
      vertex 89.4645 63.8396 41.4621
    endloop
  endfacet
  facet normal 0 0 -1
    outer loop
      vertex 89.6441 62.5678 41.4621
      vertex 89.6635 63.2191 41.4621
      vertex 89.6815 62.8926 41.4621
    endloop
  endfacet
  facet normal -0 0 -1
    outer loop
      vertex 89.6635 63.2191 41.4621
      vertex 89.6441 62.5678 41.4621
      vertex 89.5904 63.5378 41.4621
    endloop
  endfacet
  facet normal 0 0 -1
    outer loop
      vertex 88.3084 73.4786 41.4621
      vertex 88.2874 73.9159 41.4621
      vertex 88.3165 73.6981 41.4621
    endloop
  endfacet
  facet normal 0 0 -1
    outer loop
      vertex 88.2635 73.2635 41.4621
      vertex 88.2874 73.9159 41.4621
      vertex 88.3084 73.4786 41.4621
    endloop
  endfacet
  facet normal 0 0 -1
    outer loop
      vertex 88.2635 73.2635 41.4621
      vertex 88.2221 74.1257 41.4621
      vertex 88.2874 73.9159 41.4621
    endloop
  endfacet
  facet normal 0 0 -1
    outer loop
      vertex 88.183 73.0591 41.4621
      vertex 88.2221 74.1257 41.4621
      vertex 88.2635 73.2635 41.4621
    endloop
  endfacet
  facet normal 0 0 -1
    outer loop
      vertex 88.183 73.0591 41.4621
      vertex 88.1224 74.3215 41.4621
      vertex 88.2221 74.1257 41.4621
    endloop
  endfacet
  facet normal 0 0 -1
    outer loop
      vertex 88.0693 72.8711 41.4621
      vertex 88.1224 74.3215 41.4621
      vertex 88.183 73.0591 41.4621
    endloop
  endfacet
  facet normal 0 0 -1
    outer loop
      vertex 88.0693 72.8711 41.4621
      vertex 87.9912 74.4977 41.4621
      vertex 88.1224 74.3215 41.4621
    endloop
  endfacet
  facet normal 0 0 -1
    outer loop
      vertex 87.9255 72.705 41.4621
      vertex 87.9912 74.4977 41.4621
      vertex 88.0693 72.8711 41.4621
    endloop
  endfacet
  facet normal 0 0 -1
    outer loop
      vertex 87.9255 72.705 41.4621
      vertex 87.8322 74.6492 41.4621
      vertex 87.9912 74.4977 41.4621
    endloop
  endfacet
  facet normal 0 0 -1
    outer loop
      vertex 87.7558 72.5655 41.4621
      vertex 87.8322 74.6492 41.4621
      vertex 87.9255 72.705 41.4621
    endloop
  endfacet
  facet normal 0 0 -1
    outer loop
      vertex 87.5 74.8394 41.4621
      vertex 87.8322 74.6492 41.4621
      vertex 87.7558 72.5655 41.4621
    endloop
  endfacet
  facet normal 0 0 -1
    outer loop
      vertex 87.5 74.8394 41.4621
      vertex 87.7558 72.5655 41.4621
      vertex 87.565 72.4565 41.4621
    endloop
  endfacet
  facet normal 0 0 -1
    outer loop
      vertex 87.8322 74.6492 41.4621
      vertex 87.5 74.8394 41.4621
      vertex 87.6499 74.7719 41.4621
    endloop
  endfacet
  facet normal 0 0 -1
    outer loop
      vertex 87.565 64.8653 41.4621
      vertex 87.5 74.8394 41.4621
      vertex 87.565 72.4565 41.4621
    endloop
  endfacet
  facet normal 0 -1 0
    outer loop
      vertex 39.165 83.5 43.6721
      vertex 40.8282 83.5 43.6645
      vertex 40.915 83.5 43.6721
    endloop
  endfacet
  facet normal 0 -1 0
    outer loop
      vertex 39.165 83.5 43.6721
      vertex 40.744 83.5 43.642
      vertex 40.8282 83.5 43.6645
    endloop
  endfacet
  facet normal 0 -1 0
    outer loop
      vertex 39.165 83.5 43.6721
      vertex 40.665 83.5 43.6052
      vertex 40.744 83.5 43.642
    endloop
  endfacet
  facet normal 0 -1 0
    outer loop
      vertex 39.165 83.5 43.6721
      vertex 40.5936 83.5 43.5552
      vertex 40.665 83.5 43.6052
    endloop
  endfacet
  facet normal 0 -1 0
    outer loop
      vertex 39.165 83.5 43.6721
      vertex 40.532 83.5 43.4935
      vertex 40.5936 83.5 43.5552
    endloop
  endfacet
  facet normal 0 -1 0
    outer loop
      vertex 39.165 83.5 43.6721
      vertex 40.482 83.5 43.4221
      vertex 40.532 83.5 43.4935
    endloop
  endfacet
  facet normal 0 -1 0
    outer loop
      vertex 39.165 83.5 43.6721
      vertex 40.4452 83.5 43.3431
      vertex 40.482 83.5 43.4221
    endloop
  endfacet
  facet normal 0 -1 0
    outer loop
      vertex 39.165 83.5 43.6721
      vertex 40.4226 83.5 43.259
      vertex 40.4452 83.5 43.3431
    endloop
  endfacet
  facet normal 0 -1 0
    outer loop
      vertex 39.165 83.5 43.6721
      vertex 40.415 83.5 43.1721
      vertex 40.4226 83.5 43.259
    endloop
  endfacet
  facet normal 0 -1 0
    outer loop
      vertex 39.165 83.5 41.1221
      vertex 40.415 83.5 43.1721
      vertex 39.165 83.5 43.6721
    endloop
  endfacet
  facet normal 0 -1 -0
    outer loop
      vertex 40.415 83.5 43.1721
      vertex 39.165 83.5 41.1221
      vertex 40.415 83.5 41.1221
    endloop
  endfacet
  facet normal -0.996165 0.0874961 0
    outer loop
      vertex 16.3478 81.8411 42.0621
      vertex 16.36 81.98 42.9721
      vertex 16.36 81.98 42.0621
    endloop
  endfacet
  facet normal -0.996165 0.0874961 0
    outer loop
      vertex 16.36 81.98 42.9721
      vertex 16.3478 81.8411 42.0621
      vertex 16.3478 81.8411 42.9721
    endloop
  endfacet
  facet normal -0.966092 0.258198 0
    outer loop
      vertex 16.3118 81.7064 42.0621
      vertex 16.3478 81.8411 42.9721
      vertex 16.3478 81.8411 42.0621
    endloop
  endfacet
  facet normal -0.966092 0.258198 0
    outer loop
      vertex 16.3478 81.8411 42.9721
      vertex 16.3118 81.7064 42.0621
      vertex 16.3118 81.7064 42.9721
    endloop
  endfacet
  facet normal -0.906147 0.422964 0
    outer loop
      vertex 16.2528 81.58 42.0621
      vertex 16.3118 81.7064 42.9721
      vertex 16.3118 81.7064 42.0621
    endloop
  endfacet
  facet normal -0.906147 0.422964 0
    outer loop
      vertex 16.3118 81.7064 42.9721
      vertex 16.2528 81.58 42.0621
      vertex 16.2528 81.58 42.9721
    endloop
  endfacet
  facet normal -0.81903 0.573751 0
    outer loop
      vertex 16.1728 81.4658 42.0621
      vertex 16.2528 81.58 42.9721
      vertex 16.2528 81.58 42.0621
    endloop
  endfacet
  facet normal -0.81903 0.573751 0
    outer loop
      vertex 16.2528 81.58 42.9721
      vertex 16.1728 81.4658 42.0621
      vertex 16.1728 81.4658 42.9721
    endloop
  endfacet
  facet normal -0.707107 0.707107 0
    outer loop
      vertex 16.1728 81.4658 42.0621
      vertex 16.0742 81.3672 42.9721
      vertex 16.1728 81.4658 42.9721
    endloop
  endfacet
  facet normal -0.707107 0.707107 0
    outer loop
      vertex 16.0742 81.3672 42.9721
      vertex 16.1728 81.4658 42.0621
      vertex 16.0742 81.3672 42.0621
    endloop
  endfacet
  facet normal -0.573751 0.81903 0
    outer loop
      vertex 16.0742 81.3672 42.0621
      vertex 15.96 81.2872 42.9721
      vertex 16.0742 81.3672 42.9721
    endloop
  endfacet
  facet normal -0.573751 0.81903 0
    outer loop
      vertex 15.96 81.2872 42.9721
      vertex 16.0742 81.3672 42.0621
      vertex 15.96 81.2872 42.0621
    endloop
  endfacet
  facet normal -0.422964 0.906147 0
    outer loop
      vertex 15.96 81.2872 42.0621
      vertex 15.8336 81.2282 42.9721
      vertex 15.96 81.2872 42.9721
    endloop
  endfacet
  facet normal -0.422964 0.906147 0
    outer loop
      vertex 15.8336 81.2282 42.9721
      vertex 15.96 81.2872 42.0621
      vertex 15.8336 81.2282 42.0621
    endloop
  endfacet
  facet normal -0.258198 0.966092 0
    outer loop
      vertex 15.8336 81.2282 42.0621
      vertex 15.6989 81.1922 42.9721
      vertex 15.8336 81.2282 42.9721
    endloop
  endfacet
  facet normal -0.258198 0.966092 0
    outer loop
      vertex 15.6989 81.1922 42.9721
      vertex 15.8336 81.2282 42.0621
      vertex 15.6989 81.1922 42.0621
    endloop
  endfacet
  facet normal -0.0874961 0.996165 0
    outer loop
      vertex 15.6989 81.1922 42.0621
      vertex 15.56 81.18 42.9721
      vertex 15.6989 81.1922 42.9721
    endloop
  endfacet
  facet normal -0.0874961 0.996165 0
    outer loop
      vertex 15.56 81.18 42.9721
      vertex 15.6989 81.1922 42.0621
      vertex 15.56 81.18 42.0621
    endloop
  endfacet
  facet normal 0.0874961 0.996165 -0
    outer loop
      vertex 15.56 81.18 42.0621
      vertex 15.4211 81.1922 42.9721
      vertex 15.56 81.18 42.9721
    endloop
  endfacet
  facet normal 0.0874961 0.996165 0
    outer loop
      vertex 15.4211 81.1922 42.9721
      vertex 15.56 81.18 42.0621
      vertex 15.4211 81.1922 42.0621
    endloop
  endfacet
  facet normal 0.258198 0.966092 -0
    outer loop
      vertex 15.4211 81.1922 42.0621
      vertex 15.2864 81.2282 42.9721
      vertex 15.4211 81.1922 42.9721
    endloop
  endfacet
  facet normal 0.258198 0.966092 0
    outer loop
      vertex 15.2864 81.2282 42.9721
      vertex 15.4211 81.1922 42.0621
      vertex 15.2864 81.2282 42.0621
    endloop
  endfacet
  facet normal 0.422964 0.906147 -0
    outer loop
      vertex 15.2864 81.2282 42.0621
      vertex 15.16 81.2872 42.9721
      vertex 15.2864 81.2282 42.9721
    endloop
  endfacet
  facet normal 0.422964 0.906147 0
    outer loop
      vertex 15.16 81.2872 42.9721
      vertex 15.2864 81.2282 42.0621
      vertex 15.16 81.2872 42.0621
    endloop
  endfacet
  facet normal 0.573751 0.81903 -0
    outer loop
      vertex 15.16 81.2872 42.0621
      vertex 15.0458 81.3672 42.9721
      vertex 15.16 81.2872 42.9721
    endloop
  endfacet
  facet normal 0.573751 0.81903 0
    outer loop
      vertex 15.0458 81.3672 42.9721
      vertex 15.16 81.2872 42.0621
      vertex 15.0458 81.3672 42.0621
    endloop
  endfacet
  facet normal 0.707107 0.707107 -0
    outer loop
      vertex 15.0458 81.3672 42.0621
      vertex 14.9472 81.4658 42.9721
      vertex 15.0458 81.3672 42.9721
    endloop
  endfacet
  facet normal 0.707107 0.707107 0
    outer loop
      vertex 14.9472 81.4658 42.9721
      vertex 15.0458 81.3672 42.0621
      vertex 14.9472 81.4658 42.0621
    endloop
  endfacet
  facet normal 0.81903 0.573751 0
    outer loop
      vertex 14.9472 81.4658 42.9721
      vertex 14.8672 81.58 42.0621
      vertex 14.8672 81.58 42.9721
    endloop
  endfacet
  facet normal 0.81903 0.573751 0
    outer loop
      vertex 14.8672 81.58 42.0621
      vertex 14.9472 81.4658 42.9721
      vertex 14.9472 81.4658 42.0621
    endloop
  endfacet
  facet normal 0.906147 0.422964 0
    outer loop
      vertex 14.8672 81.58 42.9721
      vertex 14.8082 81.7064 42.0621
      vertex 14.8082 81.7064 42.9721
    endloop
  endfacet
  facet normal 0.906147 0.422964 0
    outer loop
      vertex 14.8082 81.7064 42.0621
      vertex 14.8672 81.58 42.9721
      vertex 14.8672 81.58 42.0621
    endloop
  endfacet
  facet normal 0.966092 0.258198 0
    outer loop
      vertex 14.8082 81.7064 42.9721
      vertex 14.7722 81.8411 42.0621
      vertex 14.7722 81.8411 42.9721
    endloop
  endfacet
  facet normal 0.966092 0.258198 0
    outer loop
      vertex 14.7722 81.8411 42.0621
      vertex 14.8082 81.7064 42.9721
      vertex 14.8082 81.7064 42.0621
    endloop
  endfacet
  facet normal 0.996165 0.0874961 0
    outer loop
      vertex 14.7722 81.8411 42.9721
      vertex 14.76 81.98 42.0621
      vertex 14.76 81.98 42.9721
    endloop
  endfacet
  facet normal 0.996165 0.0874961 0
    outer loop
      vertex 14.76 81.98 42.0621
      vertex 14.7722 81.8411 42.9721
      vertex 14.7722 81.8411 42.0621
    endloop
  endfacet
  facet normal 0.996165 -0.0874961 0
    outer loop
      vertex 14.76 81.98 42.9721
      vertex 14.7722 82.1189 42.0621
      vertex 14.7722 82.1189 42.9721
    endloop
  endfacet
  facet normal 0.996165 -0.0874961 0
    outer loop
      vertex 14.7722 82.1189 42.0621
      vertex 14.76 81.98 42.9721
      vertex 14.76 81.98 42.0621
    endloop
  endfacet
  facet normal 0.966092 -0.258198 0
    outer loop
      vertex 14.7722 82.1189 42.9721
      vertex 14.8082 82.2536 42.0621
      vertex 14.8082 82.2536 42.9721
    endloop
  endfacet
  facet normal 0.966092 -0.258198 0
    outer loop
      vertex 14.8082 82.2536 42.0621
      vertex 14.7722 82.1189 42.9721
      vertex 14.7722 82.1189 42.0621
    endloop
  endfacet
  facet normal 0.906147 -0.422964 0
    outer loop
      vertex 14.8082 82.2536 42.9721
      vertex 14.8672 82.38 42.0621
      vertex 14.8672 82.38 42.9721
    endloop
  endfacet
  facet normal 0.906147 -0.422964 0
    outer loop
      vertex 14.8672 82.38 42.0621
      vertex 14.8082 82.2536 42.9721
      vertex 14.8082 82.2536 42.0621
    endloop
  endfacet
  facet normal 0.81903 -0.573751 0
    outer loop
      vertex 14.8672 82.38 42.9721
      vertex 14.9472 82.4942 42.0621
      vertex 14.9472 82.4942 42.9721
    endloop
  endfacet
  facet normal 0.81903 -0.573751 0
    outer loop
      vertex 14.9472 82.4942 42.0621
      vertex 14.8672 82.38 42.9721
      vertex 14.8672 82.38 42.0621
    endloop
  endfacet
  facet normal 0.707107 -0.707107 0
    outer loop
      vertex 14.9472 82.4942 42.0621
      vertex 15.0458 82.5928 42.9721
      vertex 14.9472 82.4942 42.9721
    endloop
  endfacet
  facet normal 0.707107 -0.707107 0
    outer loop
      vertex 15.0458 82.5928 42.9721
      vertex 14.9472 82.4942 42.0621
      vertex 15.0458 82.5928 42.0621
    endloop
  endfacet
  facet normal 0.573751 -0.81903 0
    outer loop
      vertex 15.0458 82.5928 42.0621
      vertex 15.16 82.6728 42.9721
      vertex 15.0458 82.5928 42.9721
    endloop
  endfacet
  facet normal 0.573751 -0.81903 0
    outer loop
      vertex 15.16 82.6728 42.9721
      vertex 15.0458 82.5928 42.0621
      vertex 15.16 82.6728 42.0621
    endloop
  endfacet
  facet normal 0.422964 -0.906147 0
    outer loop
      vertex 15.16 82.6728 42.0621
      vertex 15.2864 82.7318 42.9721
      vertex 15.16 82.6728 42.9721
    endloop
  endfacet
  facet normal 0.422964 -0.906147 0
    outer loop
      vertex 15.2864 82.7318 42.9721
      vertex 15.16 82.6728 42.0621
      vertex 15.2864 82.7318 42.0621
    endloop
  endfacet
  facet normal 0.258198 -0.966092 0
    outer loop
      vertex 15.2864 82.7318 42.0621
      vertex 15.4211 82.7678 42.9721
      vertex 15.2864 82.7318 42.9721
    endloop
  endfacet
  facet normal 0.258198 -0.966092 0
    outer loop
      vertex 15.4211 82.7678 42.9721
      vertex 15.2864 82.7318 42.0621
      vertex 15.4211 82.7678 42.0621
    endloop
  endfacet
  facet normal 0.0874961 -0.996165 0
    outer loop
      vertex 15.4211 82.7678 42.0621
      vertex 15.56 82.78 42.9721
      vertex 15.4211 82.7678 42.9721
    endloop
  endfacet
  facet normal 0.0874961 -0.996165 0
    outer loop
      vertex 15.56 82.78 42.9721
      vertex 15.4211 82.7678 42.0621
      vertex 15.56 82.78 42.0621
    endloop
  endfacet
  facet normal -0.0874961 -0.996165 0
    outer loop
      vertex 15.56 82.78 42.0621
      vertex 15.6989 82.7678 42.9721
      vertex 15.56 82.78 42.9721
    endloop
  endfacet
  facet normal -0.0874961 -0.996165 -0
    outer loop
      vertex 15.6989 82.7678 42.9721
      vertex 15.56 82.78 42.0621
      vertex 15.6989 82.7678 42.0621
    endloop
  endfacet
  facet normal -0.258198 -0.966092 0
    outer loop
      vertex 15.6989 82.7678 42.0621
      vertex 15.8336 82.7318 42.9721
      vertex 15.6989 82.7678 42.9721
    endloop
  endfacet
  facet normal -0.258198 -0.966092 -0
    outer loop
      vertex 15.8336 82.7318 42.9721
      vertex 15.6989 82.7678 42.0621
      vertex 15.8336 82.7318 42.0621
    endloop
  endfacet
  facet normal -0.422964 -0.906147 0
    outer loop
      vertex 15.8336 82.7318 42.0621
      vertex 15.96 82.6728 42.9721
      vertex 15.8336 82.7318 42.9721
    endloop
  endfacet
  facet normal -0.422964 -0.906147 -0
    outer loop
      vertex 15.96 82.6728 42.9721
      vertex 15.8336 82.7318 42.0621
      vertex 15.96 82.6728 42.0621
    endloop
  endfacet
  facet normal -0.573751 -0.81903 0
    outer loop
      vertex 15.96 82.6728 42.0621
      vertex 16.0742 82.5928 42.9721
      vertex 15.96 82.6728 42.9721
    endloop
  endfacet
  facet normal -0.573751 -0.81903 -0
    outer loop
      vertex 16.0742 82.5928 42.9721
      vertex 15.96 82.6728 42.0621
      vertex 16.0742 82.5928 42.0621
    endloop
  endfacet
  facet normal -0.707107 -0.707107 0
    outer loop
      vertex 16.0742 82.5928 42.0621
      vertex 16.1728 82.4942 42.9721
      vertex 16.0742 82.5928 42.9721
    endloop
  endfacet
  facet normal -0.707107 -0.707107 -0
    outer loop
      vertex 16.1728 82.4942 42.9721
      vertex 16.0742 82.5928 42.0621
      vertex 16.1728 82.4942 42.0621
    endloop
  endfacet
  facet normal -0.81903 -0.573751 0
    outer loop
      vertex 16.2528 82.38 42.0621
      vertex 16.1728 82.4942 42.9721
      vertex 16.1728 82.4942 42.0621
    endloop
  endfacet
  facet normal -0.81903 -0.573751 0
    outer loop
      vertex 16.1728 82.4942 42.9721
      vertex 16.2528 82.38 42.0621
      vertex 16.2528 82.38 42.9721
    endloop
  endfacet
  facet normal -0.906147 -0.422964 0
    outer loop
      vertex 16.3118 82.2536 42.0621
      vertex 16.2528 82.38 42.9721
      vertex 16.2528 82.38 42.0621
    endloop
  endfacet
  facet normal -0.906147 -0.422964 0
    outer loop
      vertex 16.2528 82.38 42.9721
      vertex 16.3118 82.2536 42.0621
      vertex 16.3118 82.2536 42.9721
    endloop
  endfacet
  facet normal -0.966092 -0.258198 0
    outer loop
      vertex 16.3478 82.1189 42.0621
      vertex 16.3118 82.2536 42.9721
      vertex 16.3118 82.2536 42.0621
    endloop
  endfacet
  facet normal -0.966092 -0.258198 0
    outer loop
      vertex 16.3118 82.2536 42.9721
      vertex 16.3478 82.1189 42.0621
      vertex 16.3478 82.1189 42.9721
    endloop
  endfacet
  facet normal -0.996165 -0.0874961 0
    outer loop
      vertex 16.36 81.98 42.0621
      vertex 16.3478 82.1189 42.9721
      vertex 16.3478 82.1189 42.0621
    endloop
  endfacet
  facet normal -0.996165 -0.0874961 0
    outer loop
      vertex 16.3478 82.1189 42.9721
      vertex 16.36 81.98 42.0621
      vertex 16.36 81.98 42.9721
    endloop
  endfacet
  facet normal 0 -1 0
    outer loop
      vertex 62.665 83.5 41.1221
      vertex 63.165 83.5 43.6721
      vertex 62.665 83.5 43.6721
    endloop
  endfacet
  facet normal 0 -1 -0
    outer loop
      vertex 63.165 83.5 43.6721
      vertex 62.665 83.5 41.1221
      vertex 63.165 83.5 41.1221
    endloop
  endfacet
  facet normal 0 1 -0
    outer loop
      vertex 91.3 59.65 40.9221
      vertex 89.35 59.65 41.4621
      vertex 91.3 59.65 41.4621
    endloop
  endfacet
  facet normal 0 1 0
    outer loop
      vertex 89.35 59.65 41.4621
      vertex 91.3 59.65 40.9221
      vertex 89.35 59.65 40.9221
    endloop
  endfacet
  facet normal 0 -0.766045 -0.642787
    outer loop
      vertex 59.215 83.5 41.1221
      vertex 62.665 81.3603 43.6721
      vertex 59.215 81.3603 43.6721
    endloop
  endfacet
  facet normal 0 -0.766045 -0.642787
    outer loop
      vertex 62.665 81.3603 43.6721
      vertex 59.215 83.5 41.1221
      vertex 62.665 83.5 41.1221
    endloop
  endfacet
  facet normal -1 -0 -0
    outer loop
      vertex 59.215 83.5 43.6721
      vertex 59.215 83.5 41.1221
      vertex 59.215 81.3603 43.6721
    endloop
  endfacet
  facet normal 0 -1 0
    outer loop
      vertex 57.8018 83.5 43.6645
      vertex 59.215 83.5 43.6721
      vertex 57.715 83.5 43.6721
    endloop
  endfacet
  facet normal 0 -1 0
    outer loop
      vertex 57.886 83.5 43.642
      vertex 59.215 83.5 43.6721
      vertex 57.8018 83.5 43.6645
    endloop
  endfacet
  facet normal 0 -1 0
    outer loop
      vertex 57.965 83.5 43.6052
      vertex 59.215 83.5 43.6721
      vertex 57.886 83.5 43.642
    endloop
  endfacet
  facet normal 0 -1 0
    outer loop
      vertex 58.0364 83.5 43.5552
      vertex 59.215 83.5 43.6721
      vertex 57.965 83.5 43.6052
    endloop
  endfacet
  facet normal 0 -1 0
    outer loop
      vertex 58.098 83.5 43.4935
      vertex 59.215 83.5 43.6721
      vertex 58.0364 83.5 43.5552
    endloop
  endfacet
  facet normal 0 -1 0
    outer loop
      vertex 58.148 83.5 43.4221
      vertex 59.215 83.5 43.6721
      vertex 58.098 83.5 43.4935
    endloop
  endfacet
  facet normal 0 -1 0
    outer loop
      vertex 58.1848 83.5 43.3431
      vertex 59.215 83.5 43.6721
      vertex 58.148 83.5 43.4221
    endloop
  endfacet
  facet normal 0 -1 0
    outer loop
      vertex 58.2074 83.5 43.259
      vertex 59.215 83.5 43.6721
      vertex 58.1848 83.5 43.3431
    endloop
  endfacet
  facet normal 0 -1 0
    outer loop
      vertex 58.215 83.5 43.1721
      vertex 59.215 83.5 43.6721
      vertex 58.2074 83.5 43.259
    endloop
  endfacet
  facet normal 0 -1 0
    outer loop
      vertex 59.215 83.5 41.1221
      vertex 58.215 83.5 43.1721
      vertex 58.215 83.5 41.1221
    endloop
  endfacet
  facet normal 0 -1 0
    outer loop
      vertex 58.215 83.5 43.1721
      vertex 59.215 83.5 41.1221
      vertex 59.215 83.5 43.6721
    endloop
  endfacet
  facet normal 0 -0.766045 -0.642787
    outer loop
      vertex 36.365 83.5 41.1221
      vertex 39.165 81.3603 43.6721
      vertex 36.365 81.3603 43.6721
    endloop
  endfacet
  facet normal 0 -0.766045 -0.642787
    outer loop
      vertex 39.165 81.3603 43.6721
      vertex 36.365 83.5 41.1221
      vertex 39.165 83.5 41.1221
    endloop
  endfacet
  facet normal -1 -0 -0
    outer loop
      vertex 36.365 83.5 43.6721
      vertex 36.365 83.5 41.1221
      vertex 36.365 81.3603 43.6721
    endloop
  endfacet
  facet normal 0 -1 0
    outer loop
      vertex 35.465 83.5 41.1221
      vertex 36.365 83.5 43.6721
      vertex 35.465 83.5 43.6721
    endloop
  endfacet
  facet normal 0 -1 -0
    outer loop
      vertex 36.365 83.5 43.6721
      vertex 35.465 83.5 41.1221
      vertex 36.365 83.5 41.1221
    endloop
  endfacet
  facet normal 0.410592 0.911819 -0
    outer loop
      vertex 87.6499 74.7719 41.4621
      vertex 87.5 74.8394 43.6721
      vertex 87.6499 74.7719 43.6721
    endloop
  endfacet
  facet normal 0.410592 0.911819 0
    outer loop
      vertex 87.5 74.8394 43.6721
      vertex 87.6499 74.7719 41.4621
      vertex 87.5 74.8394 41.4621
    endloop
  endfacet
  facet normal 0.55837 0.829592 -0
    outer loop
      vertex 87.8322 74.6492 41.4621
      vertex 87.6499 74.7719 43.6721
      vertex 87.8322 74.6492 43.6721
    endloop
  endfacet
  facet normal 0.55837 0.829592 0
    outer loop
      vertex 87.6499 74.7719 43.6721
      vertex 87.8322 74.6492 41.4621
      vertex 87.6499 74.7719 41.4621
    endloop
  endfacet
  facet normal 0.689826 0.723975 -0
    outer loop
      vertex 87.9912 74.4977 41.4621
      vertex 87.8322 74.6492 43.6721
      vertex 87.9912 74.4977 43.6721
    endloop
  endfacet
  facet normal 0.689826 0.723975 0
    outer loop
      vertex 87.8322 74.6492 43.6721
      vertex 87.9912 74.4977 41.4621
      vertex 87.8322 74.6492 41.4621
    endloop
  endfacet
  facet normal 0.802071 0.597229 0
    outer loop
      vertex 88.1224 74.3215 43.6721
      vertex 87.9912 74.4977 41.4621
      vertex 87.9912 74.4977 43.6721
    endloop
  endfacet
  facet normal 0.802071 0.597229 0
    outer loop
      vertex 87.9912 74.4977 41.4621
      vertex 88.1224 74.3215 43.6721
      vertex 88.1224 74.3215 41.4621
    endloop
  endfacet
  facet normal 0.891126 0.453755 0
    outer loop
      vertex 88.2221 74.1257 43.6721
      vertex 88.1224 74.3215 41.4621
      vertex 88.1224 74.3215 43.6721
    endloop
  endfacet
  facet normal 0.891126 0.453755 0
    outer loop
      vertex 88.1224 74.3215 41.4621
      vertex 88.2221 74.1257 43.6721
      vertex 88.2221 74.1257 41.4621
    endloop
  endfacet
  facet normal 0.954819 0.297186 0
    outer loop
      vertex 88.2874 73.9159 43.6721
      vertex 88.2221 74.1257 41.4621
      vertex 88.2221 74.1257 43.6721
    endloop
  endfacet
  facet normal 0.954819 0.297186 0
    outer loop
      vertex 88.2221 74.1257 41.4621
      vertex 88.2874 73.9159 43.6721
      vertex 88.2874 73.9159 41.4621
    endloop
  endfacet
  facet normal 0.991192 0.132432 0
    outer loop
      vertex 88.3165 73.6981 43.6721
      vertex 88.2874 73.9159 41.4621
      vertex 88.2874 73.9159 43.6721
    endloop
  endfacet
  facet normal 0.991192 0.132432 0
    outer loop
      vertex 88.2874 73.9159 41.4621
      vertex 88.3165 73.6981 43.6721
      vertex 88.3165 73.6981 41.4621
    endloop
  endfacet
  facet normal 0.99932 -0.0368769 0
    outer loop
      vertex 88.3084 73.4786 43.6721
      vertex 88.3165 73.6981 41.4621
      vertex 88.3165 73.6981 43.6721
    endloop
  endfacet
  facet normal 0.99932 -0.0368769 0
    outer loop
      vertex 88.3165 73.6981 41.4621
      vertex 88.3084 73.4786 43.6721
      vertex 88.3084 73.4786 41.4621
    endloop
  endfacet
  facet normal 0.978901 -0.204336 0
    outer loop
      vertex 88.2635 73.2635 43.6721
      vertex 88.3084 73.4786 41.4621
      vertex 88.3084 73.4786 43.6721
    endloop
  endfacet
  facet normal 0.978901 -0.204336 0
    outer loop
      vertex 88.3084 73.4786 41.4621
      vertex 88.2635 73.2635 43.6721
      vertex 88.2635 73.2635 41.4621
    endloop
  endfacet
  facet normal 0.930441 -0.366441 0
    outer loop
      vertex 88.183 73.0591 43.6721
      vertex 88.2635 73.2635 41.4621
      vertex 88.2635 73.2635 43.6721
    endloop
  endfacet
  facet normal 0.930441 -0.366441 0
    outer loop
      vertex 88.2635 73.2635 41.4621
      vertex 88.183 73.0591 43.6721
      vertex 88.183 73.0591 41.4621
    endloop
  endfacet
  facet normal 0.85568 -0.517505 0
    outer loop
      vertex 88.0693 72.8711 43.6721
      vertex 88.183 73.0591 41.4621
      vertex 88.183 73.0591 43.6721
    endloop
  endfacet
  facet normal 0.85568 -0.517505 0
    outer loop
      vertex 88.183 73.0591 41.4621
      vertex 88.0693 72.8711 43.6721
      vertex 88.0693 72.8711 41.4621
    endloop
  endfacet
  facet normal 0.756034 -0.654532 0
    outer loop
      vertex 87.9255 72.705 43.6721
      vertex 88.0693 72.8711 41.4621
      vertex 88.0693 72.8711 43.6721
    endloop
  endfacet
  facet normal 0.756034 -0.654532 0
    outer loop
      vertex 88.0693 72.8711 41.4621
      vertex 87.9255 72.705 43.6721
      vertex 87.9255 72.705 41.4621
    endloop
  endfacet
  facet normal 0.635021 -0.772495 0
    outer loop
      vertex 87.7558 72.5655 41.4621
      vertex 87.9255 72.705 43.6721
      vertex 87.7558 72.5655 43.6721
    endloop
  endfacet
  facet normal 0.635021 -0.772495 0
    outer loop
      vertex 87.9255 72.705 43.6721
      vertex 87.7558 72.5655 41.4621
      vertex 87.9255 72.705 41.4621
    endloop
  endfacet
  facet normal 0.496041 -0.868299 0
    outer loop
      vertex 87.565 72.4565 41.4621
      vertex 87.7558 72.5655 43.6721
      vertex 87.565 72.4565 43.6721
    endloop
  endfacet
  facet normal 0.496041 -0.868299 0
    outer loop
      vertex 87.7558 72.5655 43.6721
      vertex 87.565 72.4565 41.4621
      vertex 87.7558 72.5655 41.4621
    endloop
  endfacet
  facet normal 1 -0 0
    outer loop
      vertex 87.565 64.8653 43.6721
      vertex 87.565 72.4565 41.4621
      vertex 87.565 72.4565 43.6721
    endloop
  endfacet
  facet normal 1 0 0
    outer loop
      vertex 87.565 72.4565 41.4621
      vertex 87.565 64.8653 43.6721
      vertex 87.565 64.8653 41.4621
    endloop
  endfacet
  facet normal 0.0790359 0.996872 -0
    outer loop
      vertex 35.645 60.1 43.6721
      vertex 35.5668 60.1062 43.9721
      vertex 35.645 60.1 43.9721
    endloop
  endfacet
  facet normal 0.0790359 0.996872 0
    outer loop
      vertex 35.5668 60.1062 43.9721
      vertex 35.645 60.1 43.6721
      vertex 35.5668 60.1062 43.6721
    endloop
  endfacet
  facet normal 0.233228 0.972422 -0
    outer loop
      vertex 35.5668 60.1062 43.6721
      vertex 35.4905 60.1245 43.9721
      vertex 35.5668 60.1062 43.9721
    endloop
  endfacet
  facet normal 0.233228 0.972422 0
    outer loop
      vertex 35.4905 60.1245 43.9721
      vertex 35.5668 60.1062 43.6721
      vertex 35.4905 60.1245 43.6721
    endloop
  endfacet
  facet normal 0.382352 0.924017 -0
    outer loop
      vertex 35.4905 60.1245 43.6721
      vertex 35.418 60.1545 43.9721
      vertex 35.4905 60.1245 43.9721
    endloop
  endfacet
  facet normal 0.382352 0.924017 0
    outer loop
      vertex 35.418 60.1545 43.9721
      vertex 35.4905 60.1245 43.6721
      vertex 35.418 60.1545 43.6721
    endloop
  endfacet
  facet normal 0.522532 0.85262 -0
    outer loop
      vertex 35.418 60.1545 43.6721
      vertex 35.3511 60.1955 43.9721
      vertex 35.418 60.1545 43.9721
    endloop
  endfacet
  facet normal 0.522532 0.85262 0
    outer loop
      vertex 35.3511 60.1955 43.9721
      vertex 35.418 60.1545 43.6721
      vertex 35.3511 60.1955 43.6721
    endloop
  endfacet
  facet normal 0.648795 0.760964 -0
    outer loop
      vertex 35.3511 60.1955 43.6721
      vertex 35.2914 60.2464 43.9721
      vertex 35.3511 60.1955 43.9721
    endloop
  endfacet
  facet normal 0.648795 0.760964 0
    outer loop
      vertex 35.2914 60.2464 43.9721
      vertex 35.3511 60.1955 43.6721
      vertex 35.2914 60.2464 43.6721
    endloop
  endfacet
  facet normal 0.760964 0.648795 0
    outer loop
      vertex 35.2914 60.2464 43.9721
      vertex 35.2405 60.3061 43.6721
      vertex 35.2405 60.3061 43.9721
    endloop
  endfacet
  facet normal 0.760964 0.648795 0
    outer loop
      vertex 35.2405 60.3061 43.6721
      vertex 35.2914 60.2464 43.9721
      vertex 35.2914 60.2464 43.6721
    endloop
  endfacet
  facet normal 0.85262 0.522532 0
    outer loop
      vertex 35.2405 60.3061 43.9721
      vertex 35.1995 60.373 43.6721
      vertex 35.1995 60.373 43.9721
    endloop
  endfacet
  facet normal 0.85262 0.522532 0
    outer loop
      vertex 35.1995 60.373 43.6721
      vertex 35.2405 60.3061 43.9721
      vertex 35.2405 60.3061 43.6721
    endloop
  endfacet
  facet normal 0.924017 0.382352 0
    outer loop
      vertex 35.1995 60.373 43.9721
      vertex 35.1695 60.4455 43.6721
      vertex 35.1695 60.4455 43.9721
    endloop
  endfacet
  facet normal 0.924017 0.382352 0
    outer loop
      vertex 35.1695 60.4455 43.6721
      vertex 35.1995 60.373 43.9721
      vertex 35.1995 60.373 43.6721
    endloop
  endfacet
  facet normal 0.972422 0.233228 0
    outer loop
      vertex 35.1695 60.4455 43.9721
      vertex 35.1512 60.5218 43.6721
      vertex 35.1512 60.5218 43.9721
    endloop
  endfacet
  facet normal 0.972422 0.233228 0
    outer loop
      vertex 35.1512 60.5218 43.6721
      vertex 35.1695 60.4455 43.9721
      vertex 35.1695 60.4455 43.6721
    endloop
  endfacet
  facet normal 0.996872 0.0790359 0
    outer loop
      vertex 35.1512 60.5218 43.9721
      vertex 35.145 60.6 43.6721
      vertex 35.145 60.6 43.9721
    endloop
  endfacet
  facet normal 0.996872 0.0790359 0
    outer loop
      vertex 35.145 60.6 43.6721
      vertex 35.1512 60.5218 43.9721
      vertex 35.1512 60.5218 43.6721
    endloop
  endfacet
  facet normal 0 1 -0
    outer loop
      vertex 55.845 60.1 43.6721
      vertex 35.645 60.1 43.9721
      vertex 55.845 60.1 43.9721
    endloop
  endfacet
  facet normal 0 1 0
    outer loop
      vertex 35.645 60.1 43.9721
      vertex 55.845 60.1 43.6721
      vertex 35.645 60.1 43.6721
    endloop
  endfacet
  facet normal -0.996872 0.0790359 0
    outer loop
      vertex 56.3388 60.5218 43.6721
      vertex 56.345 60.6 43.9721
      vertex 56.345 60.6 43.6721
    endloop
  endfacet
  facet normal -0.996872 0.0790359 0
    outer loop
      vertex 56.345 60.6 43.9721
      vertex 56.3388 60.5218 43.6721
      vertex 56.3388 60.5218 43.9721
    endloop
  endfacet
  facet normal -0.972422 0.233228 0
    outer loop
      vertex 56.3205 60.4455 43.6721
      vertex 56.3388 60.5218 43.9721
      vertex 56.3388 60.5218 43.6721
    endloop
  endfacet
  facet normal -0.972422 0.233228 0
    outer loop
      vertex 56.3388 60.5218 43.9721
      vertex 56.3205 60.4455 43.6721
      vertex 56.3205 60.4455 43.9721
    endloop
  endfacet
  facet normal -0.924017 0.382352 0
    outer loop
      vertex 56.2905 60.373 43.6721
      vertex 56.3205 60.4455 43.9721
      vertex 56.3205 60.4455 43.6721
    endloop
  endfacet
  facet normal -0.924017 0.382352 0
    outer loop
      vertex 56.3205 60.4455 43.9721
      vertex 56.2905 60.373 43.6721
      vertex 56.2905 60.373 43.9721
    endloop
  endfacet
  facet normal -0.85262 0.522532 0
    outer loop
      vertex 56.2495 60.3061 43.6721
      vertex 56.2905 60.373 43.9721
      vertex 56.2905 60.373 43.6721
    endloop
  endfacet
  facet normal -0.85262 0.522532 0
    outer loop
      vertex 56.2905 60.373 43.9721
      vertex 56.2495 60.3061 43.6721
      vertex 56.2495 60.3061 43.9721
    endloop
  endfacet
  facet normal -0.760964 0.648795 0
    outer loop
      vertex 56.1986 60.2464 43.6721
      vertex 56.2495 60.3061 43.9721
      vertex 56.2495 60.3061 43.6721
    endloop
  endfacet
  facet normal -0.760964 0.648795 0
    outer loop
      vertex 56.2495 60.3061 43.9721
      vertex 56.1986 60.2464 43.6721
      vertex 56.1986 60.2464 43.9721
    endloop
  endfacet
  facet normal -0.648795 0.760964 0
    outer loop
      vertex 56.1986 60.2464 43.6721
      vertex 56.1389 60.1955 43.9721
      vertex 56.1986 60.2464 43.9721
    endloop
  endfacet
  facet normal -0.648795 0.760964 0
    outer loop
      vertex 56.1389 60.1955 43.9721
      vertex 56.1986 60.2464 43.6721
      vertex 56.1389 60.1955 43.6721
    endloop
  endfacet
  facet normal -0.522532 0.85262 0
    outer loop
      vertex 56.1389 60.1955 43.6721
      vertex 56.072 60.1545 43.9721
      vertex 56.1389 60.1955 43.9721
    endloop
  endfacet
  facet normal -0.522532 0.85262 0
    outer loop
      vertex 56.072 60.1545 43.9721
      vertex 56.1389 60.1955 43.6721
      vertex 56.072 60.1545 43.6721
    endloop
  endfacet
  facet normal -0.382352 0.924017 0
    outer loop
      vertex 56.072 60.1545 43.6721
      vertex 55.9995 60.1245 43.9721
      vertex 56.072 60.1545 43.9721
    endloop
  endfacet
  facet normal -0.382352 0.924017 0
    outer loop
      vertex 55.9995 60.1245 43.9721
      vertex 56.072 60.1545 43.6721
      vertex 55.9995 60.1245 43.6721
    endloop
  endfacet
  facet normal -0.233228 0.972422 0
    outer loop
      vertex 55.9995 60.1245 43.6721
      vertex 55.9232 60.1062 43.9721
      vertex 55.9995 60.1245 43.9721
    endloop
  endfacet
  facet normal -0.233228 0.972422 0
    outer loop
      vertex 55.9232 60.1062 43.9721
      vertex 55.9995 60.1245 43.6721
      vertex 55.9232 60.1062 43.6721
    endloop
  endfacet
  facet normal -0.0790359 0.996872 0
    outer loop
      vertex 55.9232 60.1062 43.6721
      vertex 55.845 60.1 43.9721
      vertex 55.9232 60.1062 43.9721
    endloop
  endfacet
  facet normal -0.0790359 0.996872 0
    outer loop
      vertex 55.845 60.1 43.9721
      vertex 55.9232 60.1062 43.6721
      vertex 55.845 60.1 43.6721
    endloop
  endfacet
  facet normal -1 0 0
    outer loop
      vertex 56.345 60.6 43.6721
      vertex 56.345 78.6 43.9721
      vertex 56.345 78.6 43.6721
    endloop
  endfacet
  facet normal -1 -0 0
    outer loop
      vertex 56.345 78.6 43.9721
      vertex 56.345 60.6 43.6721
      vertex 56.345 60.6 43.9721
    endloop
  endfacet
  facet normal -0.0872239 -0.996189 0
    outer loop
      vertex 55.845 79.1 43.6721
      vertex 55.9318 79.0924 43.9721
      vertex 55.845 79.1 43.9721
    endloop
  endfacet
  facet normal -0.0872239 -0.996189 -0
    outer loop
      vertex 55.9318 79.0924 43.9721
      vertex 55.845 79.1 43.6721
      vertex 55.9318 79.0924 43.6721
    endloop
  endfacet
  facet normal -0.259233 -0.965815 0
    outer loop
      vertex 55.9318 79.0924 43.6721
      vertex 56.016 79.0698 43.9721
      vertex 55.9318 79.0924 43.9721
    endloop
  endfacet
  facet normal -0.259233 -0.965815 -0
    outer loop
      vertex 56.016 79.0698 43.9721
      vertex 55.9318 79.0924 43.6721
      vertex 56.016 79.0698 43.6721
    endloop
  endfacet
  facet normal -0.422257 -0.906476 0
    outer loop
      vertex 56.016 79.0698 43.6721
      vertex 56.095 79.033 43.9721
      vertex 56.016 79.0698 43.9721
    endloop
  endfacet
  facet normal -0.422257 -0.906476 -0
    outer loop
      vertex 56.095 79.033 43.9721
      vertex 56.016 79.0698 43.6721
      vertex 56.095 79.033 43.6721
    endloop
  endfacet
  facet normal -0.573616 -0.819124 0
    outer loop
      vertex 56.095 79.033 43.6721
      vertex 56.1664 78.983 43.9721
      vertex 56.095 79.033 43.9721
    endloop
  endfacet
  facet normal -0.573616 -0.819124 -0
    outer loop
      vertex 56.1664 78.983 43.9721
      vertex 56.095 79.033 43.6721
      vertex 56.1664 78.983 43.6721
    endloop
  endfacet
  facet normal -0.707107 -0.707107 0
    outer loop
      vertex 56.228 78.9214 43.6721
      vertex 56.1664 78.983 43.9721
      vertex 56.1664 78.983 43.6721
    endloop
  endfacet
  facet normal -0.707107 -0.707107 0
    outer loop
      vertex 56.1664 78.983 43.9721
      vertex 56.228 78.9214 43.6721
      vertex 56.228 78.9214 43.9721
    endloop
  endfacet
  facet normal -0.819124 -0.573616 0
    outer loop
      vertex 56.278 78.85 43.6721
      vertex 56.228 78.9214 43.9721
      vertex 56.228 78.9214 43.6721
    endloop
  endfacet
  facet normal -0.819124 -0.573616 0
    outer loop
      vertex 56.228 78.9214 43.9721
      vertex 56.278 78.85 43.6721
      vertex 56.278 78.85 43.9721
    endloop
  endfacet
  facet normal -0.906476 -0.422257 0
    outer loop
      vertex 56.3148 78.771 43.6721
      vertex 56.278 78.85 43.9721
      vertex 56.278 78.85 43.6721
    endloop
  endfacet
  facet normal -0.906476 -0.422257 0
    outer loop
      vertex 56.278 78.85 43.9721
      vertex 56.3148 78.771 43.6721
      vertex 56.3148 78.771 43.9721
    endloop
  endfacet
  facet normal -0.965815 -0.259233 0
    outer loop
      vertex 56.3374 78.6868 43.6721
      vertex 56.3148 78.771 43.9721
      vertex 56.3148 78.771 43.6721
    endloop
  endfacet
  facet normal -0.965815 -0.259233 0
    outer loop
      vertex 56.3148 78.771 43.9721
      vertex 56.3374 78.6868 43.6721
      vertex 56.3374 78.6868 43.9721
    endloop
  endfacet
  facet normal -0.996189 -0.0872239 0
    outer loop
      vertex 56.345 78.6 43.6721
      vertex 56.3374 78.6868 43.9721
      vertex 56.3374 78.6868 43.6721
    endloop
  endfacet
  facet normal -0.996189 -0.0872239 0
    outer loop
      vertex 56.3374 78.6868 43.9721
      vertex 56.345 78.6 43.6721
      vertex 56.345 78.6 43.9721
    endloop
  endfacet
  facet normal 1 -0 0
    outer loop
      vertex 91.3 57.7 43.6721
      vertex 91.3 59.65 41.4621
      vertex 91.3 59.65 43.6721
    endloop
  endfacet
  facet normal 1 0 0
    outer loop
      vertex 91.3 57.7 40.9221
      vertex 91.3 59.65 41.4621
      vertex 91.3 57.7 43.6721
    endloop
  endfacet
  facet normal 1 0 0
    outer loop
      vertex 91.3 59.65 41.4621
      vertex 91.3 57.7 40.9221
      vertex 91.3 59.65 40.9221
    endloop
  endfacet
  facet normal 0 0 -1
    outer loop
      vertex 89.35 57.7 40.9221
      vertex 91.3 59.65 40.9221
      vertex 91.3 57.7 40.9221
    endloop
  endfacet
  facet normal -0 0 -1
    outer loop
      vertex 91.3 59.65 40.9221
      vertex 89.35 57.7 40.9221
      vertex 89.35 59.65 40.9221
    endloop
  endfacet
  facet normal -1 0 0
    outer loop
      vertex 89.35 57.7 40.9221
      vertex 89.35 59.65 41.4621
      vertex 89.35 59.65 40.9221
    endloop
  endfacet
  facet normal -1 -0 0
    outer loop
      vertex 89.35 59.65 41.4621
      vertex 89.35 57.7 40.9221
      vertex 89.35 57.7 41.4621
    endloop
  endfacet
  facet normal -1 0 0
    outer loop
      vertex 35.465 84.3 41.1221
      vertex 35.465 84.2544 46.1512
      vertex 35.465 84.3 46.6721
    endloop
  endfacet
  facet normal -1 0 0
    outer loop
      vertex 35.465 84.3 41.1221
      vertex 35.465 84.1191 45.6461
      vertex 35.465 84.2544 46.1512
    endloop
  endfacet
  facet normal -1 0 0
    outer loop
      vertex 35.465 84.3 41.1221
      vertex 35.465 83.8981 45.1721
      vertex 35.465 84.1191 45.6461
    endloop
  endfacet
  facet normal -1 0 0
    outer loop
      vertex 35.465 83.5 43.6721
      vertex 35.465 83.8981 45.1721
      vertex 35.465 84.3 41.1221
    endloop
  endfacet
  facet normal -1 0 0
    outer loop
      vertex 35.465 83.5 43.6721
      vertex 35.465 84.3 41.1221
      vertex 35.465 83.5 41.1221
    endloop
  endfacet
  facet normal -1 0 0
    outer loop
      vertex 35.465 83.8981 45.1721
      vertex 35.465 83.5 43.6721
      vertex 35.465 83.5981 44.7438
    endloop
  endfacet
  facet normal -1 0 0
    outer loop
      vertex 35.465 83.5 43.6721
      vertex 35.465 83.2284 44.374
      vertex 35.465 83.5981 44.7438
    endloop
  endfacet
  facet normal -1 0 0
    outer loop
      vertex 35.465 83.5 43.6721
      vertex 35.465 82.8 44.0741
      vertex 35.465 83.2284 44.374
    endloop
  endfacet
  facet normal -1 0 0
    outer loop
      vertex 35.465 83.5 43.6721
      vertex 35.465 82.3261 43.8531
      vertex 35.465 82.8 44.0741
    endloop
  endfacet
  facet normal -1 0 0
    outer loop
      vertex 35.465 83.5 43.6721
      vertex 35.465 81.8209 43.7177
      vertex 35.465 82.3261 43.8531
    endloop
  endfacet
  facet normal -1 0 -0
    outer loop
      vertex 35.465 81.8209 43.7177
      vertex 35.465 83.5 43.6721
      vertex 35.465 81.3 43.6721
    endloop
  endfacet
  facet normal 0 0 -1
    outer loop
      vertex 39.165 83.5 41.1221
      vertex 40.415 84.3 41.1221
      vertex 40.415 83.5 41.1221
    endloop
  endfacet
  facet normal 0 0 -1
    outer loop
      vertex 35.465 84.3 41.1221
      vertex 39.165 83.5 41.1221
      vertex 36.365 83.5 41.1221
    endloop
  endfacet
  facet normal 0 0 -1
    outer loop
      vertex 35.465 84.3 41.1221
      vertex 36.365 83.5 41.1221
      vertex 35.465 83.5 41.1221
    endloop
  endfacet
  facet normal 0 0 -1
    outer loop
      vertex 39.165 83.5 41.1221
      vertex 35.465 84.3 41.1221
      vertex 40.415 84.3 41.1221
    endloop
  endfacet
  facet normal 1 -0 0
    outer loop
      vertex 40.415 83.5 43.1721
      vertex 40.415 84.3 41.1221
      vertex 40.415 84.3 43.1721
    endloop
  endfacet
  facet normal 1 0 0
    outer loop
      vertex 40.415 84.3 41.1221
      vertex 40.415 83.5 43.1721
      vertex 40.415 83.5 41.1221
    endloop
  endfacet
  facet normal 0.996197 0 -0.0871243
    outer loop
      vertex 40.4226 83.5 43.259
      vertex 40.415 84.3 43.1721
      vertex 40.4226 84.3 43.259
    endloop
  endfacet
  facet normal 0.996197 0 -0.0871243
    outer loop
      vertex 40.415 84.3 43.1721
      vertex 40.4226 83.5 43.259
      vertex 40.415 83.5 43.1721
    endloop
  endfacet
  facet normal 0.965738 0 -0.25952
    outer loop
      vertex 40.4452 83.5 43.3431
      vertex 40.4226 84.3 43.259
      vertex 40.4452 84.3 43.3431
    endloop
  endfacet
  facet normal 0.965738 0 -0.25952
    outer loop
      vertex 40.4226 84.3 43.259
      vertex 40.4452 83.5 43.3431
      vertex 40.4226 83.5 43.259
    endloop
  endfacet
  facet normal 0.906476 0 -0.422257
    outer loop
      vertex 40.482 83.5 43.4221
      vertex 40.4452 84.3 43.3431
      vertex 40.482 84.3 43.4221
    endloop
  endfacet
  facet normal 0.906476 0 -0.422257
    outer loop
      vertex 40.4452 84.3 43.3431
      vertex 40.482 83.5 43.4221
      vertex 40.4452 83.5 43.3431
    endloop
  endfacet
  facet normal 0.819124 0 -0.573616
    outer loop
      vertex 40.532 83.5 43.4935
      vertex 40.482 84.3 43.4221
      vertex 40.532 84.3 43.4935
    endloop
  endfacet
  facet normal 0.819124 0 -0.573616
    outer loop
      vertex 40.482 84.3 43.4221
      vertex 40.532 83.5 43.4935
      vertex 40.482 83.5 43.4221
    endloop
  endfacet
  facet normal 0.70768 0 -0.706533
    outer loop
      vertex 40.5936 83.5 43.5552
      vertex 40.532 84.3 43.4935
      vertex 40.5936 84.3 43.5552
    endloop
  endfacet
  facet normal 0.70768 0 -0.706533
    outer loop
      vertex 40.532 84.3 43.4935
      vertex 40.5936 83.5 43.5552
      vertex 40.532 83.5 43.4935
    endloop
  endfacet
  facet normal 0.573616 0 -0.819124
    outer loop
      vertex 40.5936 83.5 43.5552
      vertex 40.665 84.3 43.6052
      vertex 40.665 83.5 43.6052
    endloop
  endfacet
  facet normal 0.573616 0 -0.819124
    outer loop
      vertex 40.665 84.3 43.6052
      vertex 40.5936 83.5 43.5552
      vertex 40.5936 84.3 43.5552
    endloop
  endfacet
  facet normal 0.422257 0 -0.906476
    outer loop
      vertex 40.665 83.5 43.6052
      vertex 40.744 84.3 43.642
      vertex 40.744 83.5 43.642
    endloop
  endfacet
  facet normal 0.422257 0 -0.906476
    outer loop
      vertex 40.744 84.3 43.642
      vertex 40.665 83.5 43.6052
      vertex 40.665 84.3 43.6052
    endloop
  endfacet
  facet normal 0.258163 0 -0.966102
    outer loop
      vertex 40.744 83.5 43.642
      vertex 40.8282 84.3 43.6645
      vertex 40.8282 83.5 43.6645
    endloop
  endfacet
  facet normal 0.258163 0 -0.966102
    outer loop
      vertex 40.8282 84.3 43.6645
      vertex 40.744 83.5 43.642
      vertex 40.744 84.3 43.642
    endloop
  endfacet
  facet normal 0.0872239 0 -0.996189
    outer loop
      vertex 40.8282 83.5 43.6645
      vertex 40.915 84.3 43.6721
      vertex 40.915 83.5 43.6721
    endloop
  endfacet
  facet normal 0.0872239 0 -0.996189
    outer loop
      vertex 40.915 84.3 43.6721
      vertex 40.8282 83.5 43.6645
      vertex 40.8282 84.3 43.6645
    endloop
  endfacet
  facet normal -0.0872239 0 -0.996189
    outer loop
      vertex 57.715 83.5 43.6721
      vertex 57.8018 84.3 43.6645
      vertex 57.8018 83.5 43.6645
    endloop
  endfacet
  facet normal -0.0872239 0 -0.996189
    outer loop
      vertex 57.8018 84.3 43.6645
      vertex 57.715 83.5 43.6721
      vertex 57.715 84.3 43.6721
    endloop
  endfacet
  facet normal -0.258163 0 -0.966102
    outer loop
      vertex 57.8018 83.5 43.6645
      vertex 57.886 84.3 43.642
      vertex 57.886 83.5 43.642
    endloop
  endfacet
  facet normal -0.258163 0 -0.966102
    outer loop
      vertex 57.886 84.3 43.642
      vertex 57.8018 83.5 43.6645
      vertex 57.8018 84.3 43.6645
    endloop
  endfacet
  facet normal -0.422257 0 -0.906476
    outer loop
      vertex 57.886 83.5 43.642
      vertex 57.965 84.3 43.6052
      vertex 57.965 83.5 43.6052
    endloop
  endfacet
  facet normal -0.422257 0 -0.906476
    outer loop
      vertex 57.965 84.3 43.6052
      vertex 57.886 83.5 43.642
      vertex 57.886 84.3 43.642
    endloop
  endfacet
  facet normal -0.573616 0 -0.819124
    outer loop
      vertex 57.965 83.5 43.6052
      vertex 58.0364 84.3 43.5552
      vertex 58.0364 83.5 43.5552
    endloop
  endfacet
  facet normal -0.573616 0 -0.819124
    outer loop
      vertex 58.0364 84.3 43.5552
      vertex 57.965 83.5 43.6052
      vertex 57.965 84.3 43.6052
    endloop
  endfacet
  facet normal -0.70768 0 -0.706533
    outer loop
      vertex 58.098 83.5 43.4935
      vertex 58.0364 84.3 43.5552
      vertex 58.098 84.3 43.4935
    endloop
  endfacet
  facet normal -0.70768 -0 -0.706533
    outer loop
      vertex 58.0364 84.3 43.5552
      vertex 58.098 83.5 43.4935
      vertex 58.0364 83.5 43.5552
    endloop
  endfacet
  facet normal -0.819124 0 -0.573616
    outer loop
      vertex 58.148 83.5 43.4221
      vertex 58.098 84.3 43.4935
      vertex 58.148 84.3 43.4221
    endloop
  endfacet
  facet normal -0.819124 -0 -0.573616
    outer loop
      vertex 58.098 84.3 43.4935
      vertex 58.148 83.5 43.4221
      vertex 58.098 83.5 43.4935
    endloop
  endfacet
  facet normal -0.906476 0 -0.422257
    outer loop
      vertex 58.1848 83.5 43.3431
      vertex 58.148 84.3 43.4221
      vertex 58.1848 84.3 43.3431
    endloop
  endfacet
  facet normal -0.906476 -0 -0.422257
    outer loop
      vertex 58.148 84.3 43.4221
      vertex 58.1848 83.5 43.3431
      vertex 58.148 83.5 43.4221
    endloop
  endfacet
  facet normal -0.965738 0 -0.25952
    outer loop
      vertex 58.2074 83.5 43.259
      vertex 58.1848 84.3 43.3431
      vertex 58.2074 84.3 43.259
    endloop
  endfacet
  facet normal -0.965738 -0 -0.25952
    outer loop
      vertex 58.1848 84.3 43.3431
      vertex 58.2074 83.5 43.259
      vertex 58.1848 83.5 43.3431
    endloop
  endfacet
  facet normal -0.996197 0 -0.0871243
    outer loop
      vertex 58.215 83.5 43.1721
      vertex 58.2074 84.3 43.259
      vertex 58.215 84.3 43.1721
    endloop
  endfacet
  facet normal -0.996197 -0 -0.0871243
    outer loop
      vertex 58.2074 84.3 43.259
      vertex 58.215 83.5 43.1721
      vertex 58.2074 83.5 43.259
    endloop
  endfacet
  facet normal -1 0 0
    outer loop
      vertex 58.215 83.5 41.1221
      vertex 58.215 84.3 43.1721
      vertex 58.215 84.3 41.1221
    endloop
  endfacet
  facet normal -1 -0 0
    outer loop
      vertex 58.215 84.3 43.1721
      vertex 58.215 83.5 41.1221
      vertex 58.215 83.5 43.1721
    endloop
  endfacet
  facet normal 0 0 1
    outer loop
      vertex 17.365 83.7 42.9721
      vertex 16.36 81.98 42.9721
      vertex 17.365 80.67 42.9721
    endloop
  endfacet
  facet normal 0 0 1
    outer loop
      vertex 17.365 83.7 42.9721
      vertex 16.3478 82.1189 42.9721
      vertex 16.36 81.98 42.9721
    endloop
  endfacet
  facet normal 0 0 1
    outer loop
      vertex 17.365 83.7 42.9721
      vertex 16.3118 82.2536 42.9721
      vertex 16.3478 82.1189 42.9721
    endloop
  endfacet
  facet normal 0 0 1
    outer loop
      vertex 17.365 83.7 42.9721
      vertex 16.2528 82.38 42.9721
      vertex 16.3118 82.2536 42.9721
    endloop
  endfacet
  facet normal 0 0 1
    outer loop
      vertex 17.365 83.7 42.9721
      vertex 16.1728 82.4942 42.9721
      vertex 16.2528 82.38 42.9721
    endloop
  endfacet
  facet normal 0 0 1
    outer loop
      vertex 17.365 83.7 42.9721
      vertex 16.0742 82.5928 42.9721
      vertex 16.1728 82.4942 42.9721
    endloop
  endfacet
  facet normal 0 0 1
    outer loop
      vertex 17.365 83.7 42.9721
      vertex 15.96 82.6728 42.9721
      vertex 16.0742 82.5928 42.9721
    endloop
  endfacet
  facet normal 0 0 1
    outer loop
      vertex 17.365 83.7 42.9721
      vertex 15.8336 82.7318 42.9721
      vertex 15.96 82.6728 42.9721
    endloop
  endfacet
  facet normal 0 0 1
    outer loop
      vertex 17.365 83.7 42.9721
      vertex 15.6989 82.7678 42.9721
      vertex 15.8336 82.7318 42.9721
    endloop
  endfacet
  facet normal -0 0 1
    outer loop
      vertex 14.265 83.7 42.9721
      vertex 15.6989 82.7678 42.9721
      vertex 17.365 83.7 42.9721
    endloop
  endfacet
  facet normal 0 0 1
    outer loop
      vertex 15.6989 82.7678 42.9721
      vertex 14.265 83.7 42.9721
      vertex 15.56 82.78 42.9721
    endloop
  endfacet
  facet normal 0 0 1
    outer loop
      vertex 15.56 82.78 42.9721
      vertex 14.265 83.7 42.9721
      vertex 15.4211 82.7678 42.9721
    endloop
  endfacet
  facet normal 0 0 1
    outer loop
      vertex 14.7722 82.1189 42.9721
      vertex 14.265 83.7 42.9721
      vertex 14.76 81.98 42.9721
    endloop
  endfacet
  facet normal 0 0 1
    outer loop
      vertex 14.8082 82.2536 42.9721
      vertex 14.265 83.7 42.9721
      vertex 14.7722 82.1189 42.9721
    endloop
  endfacet
  facet normal 0 0 1
    outer loop
      vertex 14.8672 82.38 42.9721
      vertex 14.265 83.7 42.9721
      vertex 14.8082 82.2536 42.9721
    endloop
  endfacet
  facet normal 0 0 1
    outer loop
      vertex 14.9472 82.4942 42.9721
      vertex 14.265 83.7 42.9721
      vertex 14.8672 82.38 42.9721
    endloop
  endfacet
  facet normal 0 0 1
    outer loop
      vertex 15.0458 82.5928 42.9721
      vertex 14.265 83.7 42.9721
      vertex 14.9472 82.4942 42.9721
    endloop
  endfacet
  facet normal 0 0 1
    outer loop
      vertex 15.16 82.6728 42.9721
      vertex 14.265 83.7 42.9721
      vertex 15.0458 82.5928 42.9721
    endloop
  endfacet
  facet normal 0 0 1
    outer loop
      vertex 15.2864 82.7318 42.9721
      vertex 14.265 83.7 42.9721
      vertex 15.16 82.6728 42.9721
    endloop
  endfacet
  facet normal 0 0 1
    outer loop
      vertex 15.4211 82.7678 42.9721
      vertex 14.265 83.7 42.9721
      vertex 15.2864 82.7318 42.9721
    endloop
  endfacet
  facet normal -0 0 1
    outer loop
      vertex 16.3478 81.8411 42.9721
      vertex 17.365 80.67 42.9721
      vertex 16.36 81.98 42.9721
    endloop
  endfacet
  facet normal -0 0 1
    outer loop
      vertex 16.3118 81.7064 42.9721
      vertex 17.365 80.67 42.9721
      vertex 16.3478 81.8411 42.9721
    endloop
  endfacet
  facet normal -0 0 1
    outer loop
      vertex 16.2528 81.58 42.9721
      vertex 17.365 80.67 42.9721
      vertex 16.3118 81.7064 42.9721
    endloop
  endfacet
  facet normal -0 0 1
    outer loop
      vertex 16.1728 81.4658 42.9721
      vertex 17.365 80.67 42.9721
      vertex 16.2528 81.58 42.9721
    endloop
  endfacet
  facet normal -0 0 1
    outer loop
      vertex 16.0742 81.3672 42.9721
      vertex 17.365 80.67 42.9721
      vertex 16.1728 81.4658 42.9721
    endloop
  endfacet
  facet normal -0 0 1
    outer loop
      vertex 15.96 81.2872 42.9721
      vertex 17.365 80.67 42.9721
      vertex 16.0742 81.3672 42.9721
    endloop
  endfacet
  facet normal -0 0 1
    outer loop
      vertex 15.8336 81.2282 42.9721
      vertex 17.365 80.67 42.9721
      vertex 15.96 81.2872 42.9721
    endloop
  endfacet
  facet normal -0 0 1
    outer loop
      vertex 15.6989 81.1922 42.9721
      vertex 17.365 80.67 42.9721
      vertex 15.8336 81.2282 42.9721
    endloop
  endfacet
  facet normal -0 0 1
    outer loop
      vertex 15.56 81.18 42.9721
      vertex 17.365 80.67 42.9721
      vertex 15.6989 81.1922 42.9721
    endloop
  endfacet
  facet normal 0 0 1
    outer loop
      vertex 14.265 80.67 42.9721
      vertex 15.56 81.18 42.9721
      vertex 15.4211 81.1922 42.9721
    endloop
  endfacet
  facet normal 0 0 1
    outer loop
      vertex 14.265 80.67 42.9721
      vertex 15.4211 81.1922 42.9721
      vertex 15.2864 81.2282 42.9721
    endloop
  endfacet
  facet normal 0 0 1
    outer loop
      vertex 14.265 80.67 42.9721
      vertex 14.76 81.98 42.9721
      vertex 14.265 83.7 42.9721
    endloop
  endfacet
  facet normal 0 0 1
    outer loop
      vertex 14.76 81.98 42.9721
      vertex 14.265 80.67 42.9721
      vertex 14.7722 81.8411 42.9721
    endloop
  endfacet
  facet normal 0 0 1
    outer loop
      vertex 15.56 81.18 42.9721
      vertex 14.265 80.67 42.9721
      vertex 17.365 80.67 42.9721
    endloop
  endfacet
  facet normal 0 0 1
    outer loop
      vertex 15.16 81.2872 42.9721
      vertex 14.265 80.67 42.9721
      vertex 15.2864 81.2282 42.9721
    endloop
  endfacet
  facet normal 0 0 1
    outer loop
      vertex 15.0458 81.3672 42.9721
      vertex 14.265 80.67 42.9721
      vertex 15.16 81.2872 42.9721
    endloop
  endfacet
  facet normal 0 0 1
    outer loop
      vertex 14.9472 81.4658 42.9721
      vertex 14.265 80.67 42.9721
      vertex 15.0458 81.3672 42.9721
    endloop
  endfacet
  facet normal 0 0 1
    outer loop
      vertex 14.8672 81.58 42.9721
      vertex 14.265 80.67 42.9721
      vertex 14.9472 81.4658 42.9721
    endloop
  endfacet
  facet normal 0 0 1
    outer loop
      vertex 14.8082 81.7064 42.9721
      vertex 14.265 80.67 42.9721
      vertex 14.8672 81.58 42.9721
    endloop
  endfacet
  facet normal 0 0 1
    outer loop
      vertex 14.7722 81.8411 42.9721
      vertex 14.265 80.67 42.9721
      vertex 14.8082 81.7064 42.9721
    endloop
  endfacet
  facet normal 0.707107 0 -0.707107
    outer loop
      vertex 19.265 80.07 43.6721
      vertex 17.765 84.3 42.1721
      vertex 19.265 84.3 43.6721
    endloop
  endfacet
  facet normal 0.707107 0 -0.707107
    outer loop
      vertex 17.765 84.3 42.1721
      vertex 19.265 80.07 43.6721
      vertex 17.765 80.07 42.1721
    endloop
  endfacet
  facet normal 1 -0 0
    outer loop
      vertex 17.765 80.07 42.1721
      vertex 17.765 84.3 42.0621
      vertex 17.765 84.3 42.1721
    endloop
  endfacet
  facet normal 1 0 0
    outer loop
      vertex 17.765 84.3 42.0621
      vertex 17.765 80.07 42.1721
      vertex 17.765 80.07 42.0621
    endloop
  endfacet
  facet normal 0 0 -1
    outer loop
      vertex 17.765 80.07 42.0621
      vertex 16.36 81.98 42.0621
      vertex 17.765 84.3 42.0621
    endloop
  endfacet
  facet normal 0 0 -1
    outer loop
      vertex 17.765 80.07 42.0621
      vertex 16.3478 81.8411 42.0621
      vertex 16.36 81.98 42.0621
    endloop
  endfacet
  facet normal 0 0 -1
    outer loop
      vertex 17.765 80.07 42.0621
      vertex 16.3118 81.7064 42.0621
      vertex 16.3478 81.8411 42.0621
    endloop
  endfacet
  facet normal 0 0 -1
    outer loop
      vertex 17.765 80.07 42.0621
      vertex 16.2528 81.58 42.0621
      vertex 16.3118 81.7064 42.0621
    endloop
  endfacet
  facet normal 0 0 -1
    outer loop
      vertex 17.765 80.07 42.0621
      vertex 16.1728 81.4658 42.0621
      vertex 16.2528 81.58 42.0621
    endloop
  endfacet
  facet normal 0 0 -1
    outer loop
      vertex 17.765 80.07 42.0621
      vertex 16.0742 81.3672 42.0621
      vertex 16.1728 81.4658 42.0621
    endloop
  endfacet
  facet normal 0 0 -1
    outer loop
      vertex 17.765 80.07 42.0621
      vertex 15.96 81.2872 42.0621
      vertex 16.0742 81.3672 42.0621
    endloop
  endfacet
  facet normal 0 0 -1
    outer loop
      vertex 17.765 80.07 42.0621
      vertex 15.8336 81.2282 42.0621
      vertex 15.96 81.2872 42.0621
    endloop
  endfacet
  facet normal 0 0 -1
    outer loop
      vertex 17.765 80.07 42.0621
      vertex 15.6989 81.1922 42.0621
      vertex 15.8336 81.2282 42.0621
    endloop
  endfacet
  facet normal 0 0 -1
    outer loop
      vertex 14.265 80.07 42.0621
      vertex 15.6989 81.1922 42.0621
      vertex 17.765 80.07 42.0621
    endloop
  endfacet
  facet normal 0 0 -1
    outer loop
      vertex 15.6989 81.1922 42.0621
      vertex 14.265 80.07 42.0621
      vertex 15.56 81.18 42.0621
    endloop
  endfacet
  facet normal -0 0 -1
    outer loop
      vertex 15.56 81.18 42.0621
      vertex 14.265 80.07 42.0621
      vertex 15.4211 81.1922 42.0621
    endloop
  endfacet
  facet normal -0 0 -1
    outer loop
      vertex 15.4211 81.1922 42.0621
      vertex 14.265 80.07 42.0621
      vertex 15.2864 81.2282 42.0621
    endloop
  endfacet
  facet normal -0 0 -1
    outer loop
      vertex 14.7722 81.8411 42.0621
      vertex 14.265 80.07 42.0621
      vertex 14.76 81.98 42.0621
    endloop
  endfacet
  facet normal -0 0 -1
    outer loop
      vertex 14.8082 81.7064 42.0621
      vertex 14.265 80.07 42.0621
      vertex 14.7722 81.8411 42.0621
    endloop
  endfacet
  facet normal -0 0 -1
    outer loop
      vertex 14.8672 81.58 42.0621
      vertex 14.265 80.07 42.0621
      vertex 14.8082 81.7064 42.0621
    endloop
  endfacet
  facet normal -0 0 -1
    outer loop
      vertex 14.9472 81.4658 42.0621
      vertex 14.265 80.07 42.0621
      vertex 14.8672 81.58 42.0621
    endloop
  endfacet
  facet normal -0 0 -1
    outer loop
      vertex 15.0458 81.3672 42.0621
      vertex 14.265 80.07 42.0621
      vertex 14.9472 81.4658 42.0621
    endloop
  endfacet
  facet normal -0 0 -1
    outer loop
      vertex 15.16 81.2872 42.0621
      vertex 14.265 80.07 42.0621
      vertex 15.0458 81.3672 42.0621
    endloop
  endfacet
  facet normal -0 0 -1
    outer loop
      vertex 15.2864 81.2282 42.0621
      vertex 14.265 80.07 42.0621
      vertex 15.16 81.2872 42.0621
    endloop
  endfacet
  facet normal 0 0 -1
    outer loop
      vertex 16.3478 82.1189 42.0621
      vertex 17.765 84.3 42.0621
      vertex 16.36 81.98 42.0621
    endloop
  endfacet
  facet normal 0 0 -1
    outer loop
      vertex 16.3118 82.2536 42.0621
      vertex 17.765 84.3 42.0621
      vertex 16.3478 82.1189 42.0621
    endloop
  endfacet
  facet normal 0 0 -1
    outer loop
      vertex 16.2528 82.38 42.0621
      vertex 17.765 84.3 42.0621
      vertex 16.3118 82.2536 42.0621
    endloop
  endfacet
  facet normal 0 0 -1
    outer loop
      vertex 16.1728 82.4942 42.0621
      vertex 17.765 84.3 42.0621
      vertex 16.2528 82.38 42.0621
    endloop
  endfacet
  facet normal 0 0 -1
    outer loop
      vertex 16.0742 82.5928 42.0621
      vertex 17.765 84.3 42.0621
      vertex 16.1728 82.4942 42.0621
    endloop
  endfacet
  facet normal 0 0 -1
    outer loop
      vertex 15.96 82.6728 42.0621
      vertex 17.765 84.3 42.0621
      vertex 16.0742 82.5928 42.0621
    endloop
  endfacet
  facet normal 0 0 -1
    outer loop
      vertex 15.6503 84.3 42.0621
      vertex 15.96 82.6728 42.0621
      vertex 15.8336 82.7318 42.0621
    endloop
  endfacet
  facet normal 0 0 -1
    outer loop
      vertex 15.6503 84.3 42.0621
      vertex 15.8336 82.7318 42.0621
      vertex 15.6989 82.7678 42.0621
    endloop
  endfacet
  facet normal 0 0 -1
    outer loop
      vertex 15.96 82.6728 42.0621
      vertex 15.6503 84.3 42.0621
      vertex 17.765 84.3 42.0621
    endloop
  endfacet
  facet normal 0 0 -1
    outer loop
      vertex 15.56 82.78 42.0621
      vertex 15.6503 84.3 42.0621
      vertex 15.6989 82.7678 42.0621
    endloop
  endfacet
  facet normal 0 0 -1
    outer loop
      vertex 15.4211 82.7678 42.0621
      vertex 15.6503 84.3 42.0621
      vertex 15.56 82.78 42.0621
    endloop
  endfacet
  facet normal 0 0 -1
    outer loop
      vertex 15.2864 82.7318 42.0621
      vertex 15.6503 84.3 42.0621
      vertex 15.4211 82.7678 42.0621
    endloop
  endfacet
  facet normal 0 0 -1
    outer loop
      vertex 14.265 83.8879 42.0621
      vertex 15.2864 82.7318 42.0621
      vertex 15.16 82.6728 42.0621
    endloop
  endfacet
  facet normal 0 0 -1
    outer loop
      vertex 14.265 83.8879 42.0621
      vertex 15.16 82.6728 42.0621
      vertex 15.0458 82.5928 42.0621
    endloop
  endfacet
  facet normal 0 0 -1
    outer loop
      vertex 14.265 83.8879 42.0621
      vertex 15.0458 82.5928 42.0621
      vertex 14.9472 82.4942 42.0621
    endloop
  endfacet
  facet normal 0 0 -1
    outer loop
      vertex 14.265 83.8879 42.0621
      vertex 14.9472 82.4942 42.0621
      vertex 14.8672 82.38 42.0621
    endloop
  endfacet
  facet normal 0 0 -1
    outer loop
      vertex 14.265 83.8879 42.0621
      vertex 14.8672 82.38 42.0621
      vertex 14.8082 82.2536 42.0621
    endloop
  endfacet
  facet normal 0 0 -1
    outer loop
      vertex 14.265 83.8879 42.0621
      vertex 14.76 81.98 42.0621
      vertex 14.265 80.07 42.0621
    endloop
  endfacet
  facet normal 0 0 -1
    outer loop
      vertex 15.2864 82.7318 42.0621
      vertex 14.265 83.8879 42.0621
      vertex 15.6503 84.3 42.0621
    endloop
  endfacet
  facet normal 0 0 -1
    outer loop
      vertex 14.7722 82.1189 42.0621
      vertex 14.265 83.8879 42.0621
      vertex 14.8082 82.2536 42.0621
    endloop
  endfacet
  facet normal 0 0 -1
    outer loop
      vertex 14.76 81.98 42.0621
      vertex 14.265 83.8879 42.0621
      vertex 14.7722 82.1189 42.0621
    endloop
  endfacet
  facet normal -1 0 0
    outer loop
      vertex 14.265 83.8879 42.0621
      vertex 14.265 83.7 42.9721
      vertex 14.265 83.8879 43.6121
    endloop
  endfacet
  facet normal -1 0 0
    outer loop
      vertex 14.265 83.8879 42.0621
      vertex 14.265 80.67 42.9721
      vertex 14.265 83.7 42.9721
    endloop
  endfacet
  facet normal -1 0 0
    outer loop
      vertex 14.265 80.07 42.0621
      vertex 14.265 80.67 42.9721
      vertex 14.265 83.8879 42.0621
    endloop
  endfacet
  facet normal -1 0 0
    outer loop
      vertex 14.265 80.07 43.6121
      vertex 14.265 80.67 42.9721
      vertex 14.265 80.07 42.0621
    endloop
  endfacet
  facet normal -1 0 0
    outer loop
      vertex 14.265 80.67 42.9721
      vertex 14.265 80.07 43.6121
      vertex 14.265 80.67 43.6121
    endloop
  endfacet
  facet normal -1 -0 0
    outer loop
      vertex 14.265 83.8879 43.6121
      vertex 14.265 83.7 42.9721
      vertex 14.265 83.7 43.6121
    endloop
  endfacet
  facet normal 0 0 -1
    outer loop
      vertex 62.665 83.5 41.1221
      vertex 63.165 84.3 41.1221
      vertex 63.165 83.5 41.1221
    endloop
  endfacet
  facet normal 0 0 -1
    outer loop
      vertex 59.215 83.5 41.1221
      vertex 63.165 84.3 41.1221
      vertex 62.665 83.5 41.1221
    endloop
  endfacet
  facet normal 0 0 -1
    outer loop
      vertex 58.215 84.3 41.1221
      vertex 59.215 83.5 41.1221
      vertex 58.215 83.5 41.1221
    endloop
  endfacet
  facet normal 0 0 -1
    outer loop
      vertex 59.215 83.5 41.1221
      vertex 58.215 84.3 41.1221
      vertex 63.165 84.3 41.1221
    endloop
  endfacet
  facet normal 1 -0 0
    outer loop
      vertex 35.145 60.6 43.9721
      vertex 35.145 78.6 43.6721
      vertex 35.145 78.6 43.9721
    endloop
  endfacet
  facet normal 1 0 0
    outer loop
      vertex 35.145 78.6 43.6721
      vertex 35.145 60.6 43.9721
      vertex 35.145 60.6 43.6721
    endloop
  endfacet
  facet normal 0 0 -1
    outer loop
      vertex 55.845 60.1 43.9721
      vertex 56.345 60.6 43.9721
      vertex 56.3388 60.5218 43.9721
    endloop
  endfacet
  facet normal 0 0 -1
    outer loop
      vertex 56.345 60.6 43.9721
      vertex 49.145 71.85 43.9721
      vertex 56.345 78.6 43.9721
    endloop
  endfacet
  facet normal 0 0 -1
    outer loop
      vertex 55.845 60.1 43.9721
      vertex 56.3388 60.5218 43.9721
      vertex 56.3205 60.4455 43.9721
    endloop
  endfacet
  facet normal 0 0 -1
    outer loop
      vertex 49.1298 72.0236 43.9721
      vertex 56.345 78.6 43.9721
      vertex 49.145 71.85 43.9721
    endloop
  endfacet
  facet normal 0 0 -1
    outer loop
      vertex 55.845 60.1 43.9721
      vertex 56.3205 60.4455 43.9721
      vertex 56.2905 60.373 43.9721
    endloop
  endfacet
  facet normal 0 0 -1
    outer loop
      vertex 49.0847 72.192 43.9721
      vertex 56.345 78.6 43.9721
      vertex 49.1298 72.0236 43.9721
    endloop
  endfacet
  facet normal 0 0 -1
    outer loop
      vertex 55.845 60.1 43.9721
      vertex 56.2905 60.373 43.9721
      vertex 56.2495 60.3061 43.9721
    endloop
  endfacet
  facet normal 0 0 -1
    outer loop
      vertex 49.011 72.35 43.9721
      vertex 56.345 78.6 43.9721
      vertex 49.0847 72.192 43.9721
    endloop
  endfacet
  facet normal 0 0 -1
    outer loop
      vertex 55.845 60.1 43.9721
      vertex 56.2495 60.3061 43.9721
      vertex 56.1986 60.2464 43.9721
    endloop
  endfacet
  facet normal 0 0 -1
    outer loop
      vertex 48.911 72.4928 43.9721
      vertex 56.345 78.6 43.9721
      vertex 49.011 72.35 43.9721
    endloop
  endfacet
  facet normal 0 0 -1
    outer loop
      vertex 55.845 60.1 43.9721
      vertex 56.1986 60.2464 43.9721
      vertex 56.1389 60.1955 43.9721
    endloop
  endfacet
  facet normal 0 0 -1
    outer loop
      vertex 56.345 78.6 43.9721
      vertex 55.845 79.1 43.9721
      vertex 56.3374 78.6868 43.9721
    endloop
  endfacet
  facet normal 0 0 -1
    outer loop
      vertex 55.845 60.1 43.9721
      vertex 56.1389 60.1955 43.9721
      vertex 56.072 60.1545 43.9721
    endloop
  endfacet
  facet normal 0 0 -1
    outer loop
      vertex 56.3374 78.6868 43.9721
      vertex 55.845 79.1 43.9721
      vertex 56.3148 78.771 43.9721
    endloop
  endfacet
  facet normal 0 0 -1
    outer loop
      vertex 55.845 60.1 43.9721
      vertex 56.072 60.1545 43.9721
      vertex 55.9995 60.1245 43.9721
    endloop
  endfacet
  facet normal 0 0 -1
    outer loop
      vertex 56.278 78.85 43.9721
      vertex 55.845 79.1 43.9721
      vertex 56.228 78.9214 43.9721
    endloop
  endfacet
  facet normal 0 0 -1
    outer loop
      vertex 55.845 60.1 43.9721
      vertex 55.9995 60.1245 43.9721
      vertex 55.9232 60.1062 43.9721
    endloop
  endfacet
  facet normal -0 0 -1
    outer loop
      vertex 56.345 60.6 43.9721
      vertex 55.845 60.1 43.9721
      vertex 49.0847 65.358 43.9721
    endloop
  endfacet
  facet normal 0 0 -1
    outer loop
      vertex 56.228 78.9214 43.9721
      vertex 55.845 79.1 43.9721
      vertex 56.1664 78.983 43.9721
    endloop
  endfacet
  facet normal 0 0 -1
    outer loop
      vertex 56.345 60.6 43.9721
      vertex 49.145 65.7 43.9721
      vertex 49.145 71.85 43.9721
    endloop
  endfacet
  facet normal 0 0 -1
    outer loop
      vertex 56.345 60.6 43.9721
      vertex 49.1298 65.5264 43.9721
      vertex 49.145 65.7 43.9721
    endloop
  endfacet
  facet normal 0 0 -1
    outer loop
      vertex 56.345 60.6 43.9721
      vertex 49.0847 65.358 43.9721
      vertex 49.1298 65.5264 43.9721
    endloop
  endfacet
  facet normal 0 0 -1
    outer loop
      vertex 55.845 60.1 43.9721
      vertex 49.011 65.2 43.9721
      vertex 49.0847 65.358 43.9721
    endloop
  endfacet
  facet normal 0 0 -1
    outer loop
      vertex 55.845 60.1 43.9721
      vertex 48.911 65.0572 43.9721
      vertex 49.011 65.2 43.9721
    endloop
  endfacet
  facet normal 0 0 -1
    outer loop
      vertex 55.845 60.1 43.9721
      vertex 48.7878 64.934 43.9721
      vertex 48.911 65.0572 43.9721
    endloop
  endfacet
  facet normal 0 0 -1
    outer loop
      vertex 55.845 60.1 43.9721
      vertex 48.645 64.834 43.9721
      vertex 48.7878 64.934 43.9721
    endloop
  endfacet
  facet normal 0 0 -1
    outer loop
      vertex 55.845 60.1 43.9721
      vertex 48.487 64.7603 43.9721
      vertex 48.645 64.834 43.9721
    endloop
  endfacet
  facet normal 0 0 -1
    outer loop
      vertex 55.845 60.1 43.9721
      vertex 48.3186 64.7152 43.9721
      vertex 48.487 64.7603 43.9721
    endloop
  endfacet
  facet normal 0 0 -1
    outer loop
      vertex 55.845 60.1 43.9721
      vertex 48.145 64.7 43.9721
      vertex 48.3186 64.7152 43.9721
    endloop
  endfacet
  facet normal 0 0 -1
    outer loop
      vertex 35.645 60.1 43.9721
      vertex 48.145 64.7 43.9721
      vertex 55.845 60.1 43.9721
    endloop
  endfacet
  facet normal -0 0 -1
    outer loop
      vertex 48.145 64.7 43.9721
      vertex 35.645 60.1 43.9721
      vertex 41.995 64.7 43.9721
    endloop
  endfacet
  facet normal -0 0 -1
    outer loop
      vertex 41.995 64.7 43.9721
      vertex 35.645 60.1 43.9721
      vertex 41.8214 64.7152 43.9721
    endloop
  endfacet
  facet normal -0 0 -1
    outer loop
      vertex 41.0102 65.5264 43.9721
      vertex 35.145 60.6 43.9721
      vertex 40.995 65.7 43.9721
    endloop
  endfacet
  facet normal -0 0 -1
    outer loop
      vertex 41.0553 65.358 43.9721
      vertex 35.145 60.6 43.9721
      vertex 41.0102 65.5264 43.9721
    endloop
  endfacet
  facet normal -0 0 -1
    outer loop
      vertex 41.129 65.2 43.9721
      vertex 35.145 60.6 43.9721
      vertex 41.0553 65.358 43.9721
    endloop
  endfacet
  facet normal 0 0 -1
    outer loop
      vertex 35.145 60.6 43.9721
      vertex 41.129 65.2 43.9721
      vertex 35.645 60.1 43.9721
    endloop
  endfacet
  facet normal -0 0 -1
    outer loop
      vertex 41.229 65.0572 43.9721
      vertex 35.645 60.1 43.9721
      vertex 41.129 65.2 43.9721
    endloop
  endfacet
  facet normal -0 0 -1
    outer loop
      vertex 41.3522 64.934 43.9721
      vertex 35.645 60.1 43.9721
      vertex 41.229 65.0572 43.9721
    endloop
  endfacet
  facet normal -0 0 -1
    outer loop
      vertex 41.495 64.834 43.9721
      vertex 35.645 60.1 43.9721
      vertex 41.3522 64.934 43.9721
    endloop
  endfacet
  facet normal -0 0 -1
    outer loop
      vertex 41.653 64.7603 43.9721
      vertex 35.645 60.1 43.9721
      vertex 41.495 64.834 43.9721
    endloop
  endfacet
  facet normal -0 0 -1
    outer loop
      vertex 41.8214 64.7152 43.9721
      vertex 35.645 60.1 43.9721
      vertex 41.653 64.7603 43.9721
    endloop
  endfacet
  facet normal 0 0 -1
    outer loop
      vertex 56.095 79.033 43.9721
      vertex 55.845 79.1 43.9721
      vertex 56.016 79.0698 43.9721
    endloop
  endfacet
  facet normal 0 0 -1
    outer loop
      vertex 56.016 79.0698 43.9721
      vertex 55.845 79.1 43.9721
      vertex 55.9318 79.0924 43.9721
    endloop
  endfacet
  facet normal 0 0 -1
    outer loop
      vertex 56.1664 78.983 43.9721
      vertex 55.845 79.1 43.9721
      vertex 56.095 79.033 43.9721
    endloop
  endfacet
  facet normal 0 0 -1
    outer loop
      vertex 56.3148 78.771 43.9721
      vertex 55.845 79.1 43.9721
      vertex 56.278 78.85 43.9721
    endloop
  endfacet
  facet normal -0 0 -1
    outer loop
      vertex 56.345 78.6 43.9721
      vertex 48.911 72.4928 43.9721
      vertex 55.845 79.1 43.9721
    endloop
  endfacet
  facet normal 0 0 -1
    outer loop
      vertex 48.7878 72.616 43.9721
      vertex 55.845 79.1 43.9721
      vertex 48.911 72.4928 43.9721
    endloop
  endfacet
  facet normal 0 0 -1
    outer loop
      vertex 48.645 72.716 43.9721
      vertex 55.845 79.1 43.9721
      vertex 48.7878 72.616 43.9721
    endloop
  endfacet
  facet normal 0 0 -1
    outer loop
      vertex 48.487 72.7897 43.9721
      vertex 55.845 79.1 43.9721
      vertex 48.645 72.716 43.9721
    endloop
  endfacet
  facet normal 0 0 -1
    outer loop
      vertex 48.3186 72.8348 43.9721
      vertex 55.845 79.1 43.9721
      vertex 48.487 72.7897 43.9721
    endloop
  endfacet
  facet normal 0 0 -1
    outer loop
      vertex 48.145 72.85 43.9721
      vertex 55.845 79.1 43.9721
      vertex 48.3186 72.8348 43.9721
    endloop
  endfacet
  facet normal 0 0 -1
    outer loop
      vertex 35.645 79.1 43.9721
      vertex 48.145 72.85 43.9721
      vertex 41.995 72.85 43.9721
    endloop
  endfacet
  facet normal 0 0 -1
    outer loop
      vertex 35.645 79.1 43.9721
      vertex 41.995 72.85 43.9721
      vertex 41.8214 72.8348 43.9721
    endloop
  endfacet
  facet normal 0 0 -1
    outer loop
      vertex 35.645 79.1 43.9721
      vertex 41.8214 72.8348 43.9721
      vertex 41.653 72.7897 43.9721
    endloop
  endfacet
  facet normal -0 0 -1
    outer loop
      vertex 40.995 65.7 43.9721
      vertex 35.145 60.6 43.9721
      vertex 40.995 71.85 43.9721
    endloop
  endfacet
  facet normal 0 0 -1
    outer loop
      vertex 35.145 78.6 43.9721
      vertex 40.995 71.85 43.9721
      vertex 35.145 60.6 43.9721
    endloop
  endfacet
  facet normal 0 0 -1
    outer loop
      vertex 48.145 72.85 43.9721
      vertex 35.645 79.1 43.9721
      vertex 55.845 79.1 43.9721
    endloop
  endfacet
  facet normal 0 0 -1
    outer loop
      vertex 41.495 72.716 43.9721
      vertex 35.645 79.1 43.9721
      vertex 41.653 72.7897 43.9721
    endloop
  endfacet
  facet normal 0 0 -1
    outer loop
      vertex 41.3522 72.616 43.9721
      vertex 35.645 79.1 43.9721
      vertex 41.495 72.716 43.9721
    endloop
  endfacet
  facet normal 0 0 -1
    outer loop
      vertex 35.145 78.6 43.9721
      vertex 41.3522 72.616 43.9721
      vertex 41.229 72.4928 43.9721
    endloop
  endfacet
  facet normal 0 0 -1
    outer loop
      vertex 35.145 78.6 43.9721
      vertex 41.229 72.4928 43.9721
      vertex 41.129 72.35 43.9721
    endloop
  endfacet
  facet normal 0 0 -1
    outer loop
      vertex 35.145 78.6 43.9721
      vertex 41.129 72.35 43.9721
      vertex 41.0553 72.192 43.9721
    endloop
  endfacet
  facet normal 0 0 -1
    outer loop
      vertex 40.995 71.85 43.9721
      vertex 35.145 78.6 43.9721
      vertex 41.0102 72.0236 43.9721
    endloop
  endfacet
  facet normal 0 0 -1
    outer loop
      vertex 35.145 60.6 43.9721
      vertex 35.645 60.1 43.9721
      vertex 35.5668 60.1062 43.9721
    endloop
  endfacet
  facet normal 0 0 -1
    outer loop
      vertex 41.0102 72.0236 43.9721
      vertex 35.145 78.6 43.9721
      vertex 41.0553 72.192 43.9721
    endloop
  endfacet
  facet normal 0 0 -1
    outer loop
      vertex 35.145 60.6 43.9721
      vertex 35.5668 60.1062 43.9721
      vertex 35.4905 60.1245 43.9721
    endloop
  endfacet
  facet normal 0 0 -1
    outer loop
      vertex 41.3522 72.616 43.9721
      vertex 35.145 78.6 43.9721
      vertex 35.645 79.1 43.9721
    endloop
  endfacet
  facet normal 0 0 -1
    outer loop
      vertex 35.145 60.6 43.9721
      vertex 35.4905 60.1245 43.9721
      vertex 35.418 60.1545 43.9721
    endloop
  endfacet
  facet normal 0 0 -1
    outer loop
      vertex 35.645 79.1 43.9721
      vertex 35.145 78.6 43.9721
      vertex 35.5582 79.0924 43.9721
    endloop
  endfacet
  facet normal 0 0 -1
    outer loop
      vertex 35.145 60.6 43.9721
      vertex 35.418 60.1545 43.9721
      vertex 35.3511 60.1955 43.9721
    endloop
  endfacet
  facet normal 0 0 -1
    outer loop
      vertex 35.5582 79.0924 43.9721
      vertex 35.145 78.6 43.9721
      vertex 35.474 79.0698 43.9721
    endloop
  endfacet
  facet normal 0 0 -1
    outer loop
      vertex 35.145 60.6 43.9721
      vertex 35.3511 60.1955 43.9721
      vertex 35.2914 60.2464 43.9721
    endloop
  endfacet
  facet normal 0 0 -1
    outer loop
      vertex 35.474 79.0698 43.9721
      vertex 35.145 78.6 43.9721
      vertex 35.395 79.033 43.9721
    endloop
  endfacet
  facet normal 0 0 -1
    outer loop
      vertex 35.145 60.6 43.9721
      vertex 35.2914 60.2464 43.9721
      vertex 35.2405 60.3061 43.9721
    endloop
  endfacet
  facet normal 0 0 -1
    outer loop
      vertex 35.395 79.033 43.9721
      vertex 35.145 78.6 43.9721
      vertex 35.3236 78.983 43.9721
    endloop
  endfacet
  facet normal 0 0 -1
    outer loop
      vertex 35.145 60.6 43.9721
      vertex 35.2405 60.3061 43.9721
      vertex 35.1995 60.373 43.9721
    endloop
  endfacet
  facet normal 0 0 -1
    outer loop
      vertex 35.3236 78.983 43.9721
      vertex 35.145 78.6 43.9721
      vertex 35.262 78.9214 43.9721
    endloop
  endfacet
  facet normal 0 0 -1
    outer loop
      vertex 35.145 60.6 43.9721
      vertex 35.1995 60.373 43.9721
      vertex 35.1695 60.4455 43.9721
    endloop
  endfacet
  facet normal 0 0 -1
    outer loop
      vertex 35.262 78.9214 43.9721
      vertex 35.145 78.6 43.9721
      vertex 35.212 78.85 43.9721
    endloop
  endfacet
  facet normal 0 0 -1
    outer loop
      vertex 35.145 60.6 43.9721
      vertex 35.1695 60.4455 43.9721
      vertex 35.1512 60.5218 43.9721
    endloop
  endfacet
  facet normal 0 0 -1
    outer loop
      vertex 35.212 78.85 43.9721
      vertex 35.145 78.6 43.9721
      vertex 35.1752 78.771 43.9721
    endloop
  endfacet
  facet normal 0 0 -1
    outer loop
      vertex 35.1752 78.771 43.9721
      vertex 35.145 78.6 43.9721
      vertex 35.1526 78.6868 43.9721
    endloop
  endfacet
  facet normal 0 -1 0
    outer loop
      vertex 35.645 79.1 43.6721
      vertex 55.845 79.1 43.9721
      vertex 35.645 79.1 43.9721
    endloop
  endfacet
  facet normal 0 -1 -0
    outer loop
      vertex 55.845 79.1 43.9721
      vertex 35.645 79.1 43.6721
      vertex 55.845 79.1 43.6721
    endloop
  endfacet
  facet normal 0 0 1
    outer loop
      vertex 87.7566 73.766 41.9721
      vertex 87.7566 73.5056 41.9721
      vertex 87.7679 73.6358 41.9721
    endloop
  endfacet
  facet normal 0 0 1
    outer loop
      vertex 87.7227 73.8923 41.9721
      vertex 87.7566 73.5056 41.9721
      vertex 87.7566 73.766 41.9721
    endloop
  endfacet
  facet normal 0 0 1
    outer loop
      vertex 87.7227 73.8923 41.9721
      vertex 87.7227 73.3793 41.9721
      vertex 87.7566 73.5056 41.9721
    endloop
  endfacet
  facet normal 0 0 1
    outer loop
      vertex 87.6675 74.0108 41.9721
      vertex 87.7227 73.3793 41.9721
      vertex 87.7227 73.8923 41.9721
    endloop
  endfacet
  facet normal 0 0 1
    outer loop
      vertex 87.6675 74.0108 41.9721
      vertex 87.6675 73.2608 41.9721
      vertex 87.7227 73.3793 41.9721
    endloop
  endfacet
  facet normal 0 0 1
    outer loop
      vertex 87.5925 74.1179 41.9721
      vertex 87.6675 73.2608 41.9721
      vertex 87.6675 74.0108 41.9721
    endloop
  endfacet
  facet normal 0 0 1
    outer loop
      vertex 87.5925 74.1179 41.9721
      vertex 87.5925 73.1537 41.9721
      vertex 87.6675 73.2608 41.9721
    endloop
  endfacet
  facet normal 0 0 -1
    outer loop
      vertex 87.5 74.2104 41.9721
      vertex 87.5925 74.1179 41.9721
      vertex 87.5 74.2103 41.9721
    endloop
  endfacet
  facet normal 0 0 1
    outer loop
      vertex 87.5925 74.1179 41.9721
      vertex 87.5 74.2104 41.9721
      vertex 87.5925 73.1537 41.9721
    endloop
  endfacet
  facet normal 0 0 1
    outer loop
      vertex 87.5 73.0612 41.9721
      vertex 87.5925 73.1537 41.9721
      vertex 87.5 74.2104 41.9721
    endloop
  endfacet
  facet normal 0 0 -1
    outer loop
      vertex 87.5925 73.1537 41.9721
      vertex 87.5 73.0612 41.9721
      vertex 87.5 73.0613 41.9721
    endloop
  endfacet
  facet normal -1 0 0
    outer loop
      vertex 87.5 73.0613 41.9721
      vertex 87.5 73.0612 44.4721
      vertex 87.5 73.0613 44.4721
    endloop
  endfacet
  facet normal -1 0 0
    outer loop
      vertex 87.5 73.0612 44.4721
      vertex 87.5 73.0613 41.9721
      vertex 87.5 73.0612 41.9721
    endloop
  endfacet
  facet normal -0.706724 0.707489 0
    outer loop
      vertex 87.5 73.0613 41.9721
      vertex 87.5925 73.1537 44.4721
      vertex 87.5925 73.1537 41.9721
    endloop
  endfacet
  facet normal -0.706724 0.707489 0
    outer loop
      vertex 87.5925 73.1537 44.4721
      vertex 87.5 73.0613 41.9721
      vertex 87.5 73.0613 44.4721
    endloop
  endfacet
  facet normal -0.819124 0.573616 0
    outer loop
      vertex 87.5925 73.1537 41.9721
      vertex 87.6675 73.2608 44.4721
      vertex 87.6675 73.2608 41.9721
    endloop
  endfacet
  facet normal -0.819124 0.573616 0
    outer loop
      vertex 87.6675 73.2608 44.4721
      vertex 87.5925 73.1537 41.9721
      vertex 87.5925 73.1537 44.4721
    endloop
  endfacet
  facet normal -0.906476 0.422257 0
    outer loop
      vertex 87.6675 73.2608 41.9721
      vertex 87.7227 73.3793 44.4721
      vertex 87.7227 73.3793 41.9721
    endloop
  endfacet
  facet normal -0.906476 0.422257 0
    outer loop
      vertex 87.7227 73.3793 44.4721
      vertex 87.6675 73.2608 41.9721
      vertex 87.6675 73.2608 44.4721
    endloop
  endfacet
  facet normal -0.965815 0.259233 0
    outer loop
      vertex 87.7227 73.3793 41.9721
      vertex 87.7566 73.5056 44.4721
      vertex 87.7566 73.5056 41.9721
    endloop
  endfacet
  facet normal -0.965815 0.259233 0
    outer loop
      vertex 87.7566 73.5056 44.4721
      vertex 87.7227 73.3793 41.9721
      vertex 87.7227 73.3793 44.4721
    endloop
  endfacet
  facet normal -0.996255 0.0864645 0
    outer loop
      vertex 87.7566 73.5056 41.9721
      vertex 87.7679 73.6358 44.4721
      vertex 87.7679 73.6358 41.9721
    endloop
  endfacet
  facet normal -0.996255 0.0864645 0
    outer loop
      vertex 87.7679 73.6358 44.4721
      vertex 87.7566 73.5056 41.9721
      vertex 87.7566 73.5056 44.4721
    endloop
  endfacet
  facet normal -0.996255 -0.0864645 0
    outer loop
      vertex 87.7679 73.6358 41.9721
      vertex 87.7566 73.766 44.4721
      vertex 87.7566 73.766 41.9721
    endloop
  endfacet
  facet normal -0.996255 -0.0864645 0
    outer loop
      vertex 87.7566 73.766 44.4721
      vertex 87.7679 73.6358 41.9721
      vertex 87.7679 73.6358 44.4721
    endloop
  endfacet
  facet normal -0.965815 -0.259233 0
    outer loop
      vertex 87.7566 73.766 41.9721
      vertex 87.7227 73.8923 44.4721
      vertex 87.7227 73.8923 41.9721
    endloop
  endfacet
  facet normal -0.965815 -0.259233 0
    outer loop
      vertex 87.7227 73.8923 44.4721
      vertex 87.7566 73.766 41.9721
      vertex 87.7566 73.766 44.4721
    endloop
  endfacet
  facet normal -0.906476 -0.422257 0
    outer loop
      vertex 87.7227 73.8923 41.9721
      vertex 87.6675 74.0108 44.4721
      vertex 87.6675 74.0108 41.9721
    endloop
  endfacet
  facet normal -0.906476 -0.422257 0
    outer loop
      vertex 87.6675 74.0108 44.4721
      vertex 87.7227 73.8923 41.9721
      vertex 87.7227 73.8923 44.4721
    endloop
  endfacet
  facet normal -0.819124 -0.573616 0
    outer loop
      vertex 87.6675 74.0108 41.9721
      vertex 87.5925 74.1179 44.4721
      vertex 87.5925 74.1179 41.9721
    endloop
  endfacet
  facet normal -0.819124 -0.573616 0
    outer loop
      vertex 87.5925 74.1179 44.4721
      vertex 87.6675 74.0108 41.9721
      vertex 87.6675 74.0108 44.4721
    endloop
  endfacet
  facet normal -0.706724 -0.707489 0
    outer loop
      vertex 87.5925 74.1179 41.9721
      vertex 87.5 74.2103 44.4721
      vertex 87.5 74.2103 41.9721
    endloop
  endfacet
  facet normal -0.706724 -0.707489 0
    outer loop
      vertex 87.5 74.2103 44.4721
      vertex 87.5925 74.1179 41.9721
      vertex 87.5925 74.1179 44.4721
    endloop
  endfacet
  facet normal -1 0 0
    outer loop
      vertex 87.5 74.2104 41.9721
      vertex 87.5 74.2103 44.4721
      vertex 87.5 74.2104 44.4721
    endloop
  endfacet
  facet normal -1 0 0
    outer loop
      vertex 87.5 74.2103 44.4721
      vertex 87.5 74.2104 41.9721
      vertex 87.5 74.2103 41.9721
    endloop
  endfacet
  facet normal 0 0 1
    outer loop
      vertex 89.4277 69.6108 45.3221
      vertex 89.4277 69.4372 45.3221
      vertex 89.4353 69.524 45.3221
    endloop
  endfacet
  facet normal 0 0 1
    outer loop
      vertex 89.4052 69.695 45.3221
      vertex 89.4277 69.4372 45.3221
      vertex 89.4277 69.6108 45.3221
    endloop
  endfacet
  facet normal 0 0 1
    outer loop
      vertex 89.4052 69.695 45.3221
      vertex 89.4052 69.353 45.3221
      vertex 89.4277 69.4372 45.3221
    endloop
  endfacet
  facet normal 0 0 1
    outer loop
      vertex 89.3683 69.774 45.3221
      vertex 89.4052 69.353 45.3221
      vertex 89.4052 69.695 45.3221
    endloop
  endfacet
  facet normal 0 0 1
    outer loop
      vertex 89.3683 69.774 45.3221
      vertex 89.3683 69.274 45.3221
      vertex 89.4052 69.353 45.3221
    endloop
  endfacet
  facet normal 0 0 1
    outer loop
      vertex 89.3183 69.8454 45.3221
      vertex 89.3683 69.274 45.3221
      vertex 89.3683 69.774 45.3221
    endloop
  endfacet
  facet normal 0 0 1
    outer loop
      vertex 89.3183 69.8454 45.3221
      vertex 89.3183 69.2026 45.3221
      vertex 89.3683 69.274 45.3221
    endloop
  endfacet
  facet normal 0 0 1
    outer loop
      vertex 89.2567 69.907 45.3221
      vertex 89.3183 69.2026 45.3221
      vertex 89.3183 69.8454 45.3221
    endloop
  endfacet
  facet normal 0 0 1
    outer loop
      vertex 89.2567 69.907 45.3221
      vertex 89.2567 69.141 45.3221
      vertex 89.3183 69.2026 45.3221
    endloop
  endfacet
  facet normal 0 0 1
    outer loop
      vertex 89.1853 69.957 45.3221
      vertex 89.2567 69.141 45.3221
      vertex 89.2567 69.907 45.3221
    endloop
  endfacet
  facet normal 0 0 1
    outer loop
      vertex 89.1853 69.957 45.3221
      vertex 89.1853 69.091 45.3221
      vertex 89.2567 69.141 45.3221
    endloop
  endfacet
  facet normal 0 0 1
    outer loop
      vertex 89.1063 69.9939 45.3221
      vertex 89.1853 69.091 45.3221
      vertex 89.1853 69.957 45.3221
    endloop
  endfacet
  facet normal 0 0 1
    outer loop
      vertex 89.1063 69.9939 45.3221
      vertex 89.1063 69.0542 45.3221
      vertex 89.1853 69.091 45.3221
    endloop
  endfacet
  facet normal 0 0 1
    outer loop
      vertex 89.0221 70.0164 45.3221
      vertex 89.1063 69.0542 45.3221
      vertex 89.1063 69.9939 45.3221
    endloop
  endfacet
  facet normal 0 0 1
    outer loop
      vertex 89.0221 70.0164 45.3221
      vertex 89.0221 69.0316 45.3221
      vertex 89.1063 69.0542 45.3221
    endloop
  endfacet
  facet normal 0 0 1
    outer loop
      vertex 88.9353 70.024 45.3221
      vertex 89.0221 69.0316 45.3221
      vertex 89.0221 70.0164 45.3221
    endloop
  endfacet
  facet normal 0 0 1
    outer loop
      vertex 88.9353 70.024 45.3221
      vertex 88.9353 69.024 45.3221
      vertex 89.0221 69.0316 45.3221
    endloop
  endfacet
  facet normal -0 0 1
    outer loop
      vertex 88.8485 70.0164 45.3221
      vertex 88.9353 69.024 45.3221
      vertex 88.9353 70.024 45.3221
    endloop
  endfacet
  facet normal 0 0 1
    outer loop
      vertex 88.8485 70.0164 45.3221
      vertex 88.8485 69.0316 45.3221
      vertex 88.9353 69.024 45.3221
    endloop
  endfacet
  facet normal -0 0 1
    outer loop
      vertex 88.7643 69.9939 45.3221
      vertex 88.8485 69.0316 45.3221
      vertex 88.8485 70.0164 45.3221
    endloop
  endfacet
  facet normal 0 0 1
    outer loop
      vertex 88.7643 69.9939 45.3221
      vertex 88.7643 69.0542 45.3221
      vertex 88.8485 69.0316 45.3221
    endloop
  endfacet
  facet normal -0 0 1
    outer loop
      vertex 88.6853 69.957 45.3221
      vertex 88.7643 69.0542 45.3221
      vertex 88.7643 69.9939 45.3221
    endloop
  endfacet
  facet normal 0 0 1
    outer loop
      vertex 88.6853 69.957 45.3221
      vertex 88.6853 69.091 45.3221
      vertex 88.7643 69.0542 45.3221
    endloop
  endfacet
  facet normal -0 0 1
    outer loop
      vertex 88.6139 69.907 45.3221
      vertex 88.6853 69.091 45.3221
      vertex 88.6853 69.957 45.3221
    endloop
  endfacet
  facet normal 0 0 1
    outer loop
      vertex 88.6139 69.907 45.3221
      vertex 88.6139 69.141 45.3221
      vertex 88.6853 69.091 45.3221
    endloop
  endfacet
  facet normal -0 0 1
    outer loop
      vertex 88.5523 69.8454 45.3221
      vertex 88.6139 69.141 45.3221
      vertex 88.6139 69.907 45.3221
    endloop
  endfacet
  facet normal 0 0 1
    outer loop
      vertex 88.5523 69.8454 45.3221
      vertex 88.5523 69.2026 45.3221
      vertex 88.6139 69.141 45.3221
    endloop
  endfacet
  facet normal -0 0 1
    outer loop
      vertex 88.5023 69.774 45.3221
      vertex 88.5523 69.2026 45.3221
      vertex 88.5523 69.8454 45.3221
    endloop
  endfacet
  facet normal 0 0 1
    outer loop
      vertex 88.5023 69.774 45.3221
      vertex 88.5023 69.274 45.3221
      vertex 88.5523 69.2026 45.3221
    endloop
  endfacet
  facet normal -0 0 1
    outer loop
      vertex 88.4655 69.695 45.3221
      vertex 88.5023 69.274 45.3221
      vertex 88.5023 69.774 45.3221
    endloop
  endfacet
  facet normal 0 0 1
    outer loop
      vertex 88.4655 69.695 45.3221
      vertex 88.4655 69.353 45.3221
      vertex 88.5023 69.274 45.3221
    endloop
  endfacet
  facet normal -0 0 1
    outer loop
      vertex 88.4429 69.6108 45.3221
      vertex 88.4655 69.353 45.3221
      vertex 88.4655 69.695 45.3221
    endloop
  endfacet
  facet normal 0 0 1
    outer loop
      vertex 88.4429 69.6108 45.3221
      vertex 88.4429 69.4372 45.3221
      vertex 88.4655 69.353 45.3221
    endloop
  endfacet
  facet normal 0 -0 1
    outer loop
      vertex 88.4429 69.4372 45.3221
      vertex 88.4429 69.6108 45.3221
      vertex 88.4353 69.524 45.3221
    endloop
  endfacet
  facet normal 0.996189 -0.0872239 0
    outer loop
      vertex 89.4277 69.4372 45.3221
      vertex 89.4353 69.524 44.4721
      vertex 89.4353 69.524 45.3221
    endloop
  endfacet
  facet normal 0.996189 -0.0872239 0
    outer loop
      vertex 89.4353 69.524 44.4721
      vertex 89.4277 69.4372 45.3221
      vertex 89.4277 69.4372 44.4721
    endloop
  endfacet
  facet normal 0.966102 -0.258163 0
    outer loop
      vertex 89.4052 69.353 45.3221
      vertex 89.4277 69.4372 44.4721
      vertex 89.4277 69.4372 45.3221
    endloop
  endfacet
  facet normal 0.966102 -0.258163 0
    outer loop
      vertex 89.4277 69.4372 44.4721
      vertex 89.4052 69.353 45.3221
      vertex 89.4052 69.353 44.4721
    endloop
  endfacet
  facet normal 0.906037 -0.423199 0
    outer loop
      vertex 89.3683 69.274 45.3221
      vertex 89.4052 69.353 44.4721
      vertex 89.4052 69.353 45.3221
    endloop
  endfacet
  facet normal 0.906037 -0.423199 0
    outer loop
      vertex 89.4052 69.353 44.4721
      vertex 89.3683 69.274 45.3221
      vertex 89.3683 69.274 44.4721
    endloop
  endfacet
  facet normal 0.819124 -0.573616 0
    outer loop
      vertex 89.3183 69.2026 45.3221
      vertex 89.3683 69.274 44.4721
      vertex 89.3683 69.274 45.3221
    endloop
  endfacet
  facet normal 0.819124 -0.573616 0
    outer loop
      vertex 89.3683 69.274 44.4721
      vertex 89.3183 69.2026 45.3221
      vertex 89.3183 69.2026 44.4721
    endloop
  endfacet
  facet normal 0.707107 -0.707107 0
    outer loop
      vertex 89.2567 69.141 44.4721
      vertex 89.3183 69.2026 45.3221
      vertex 89.2567 69.141 45.3221
    endloop
  endfacet
  facet normal 0.707107 -0.707107 0
    outer loop
      vertex 89.3183 69.2026 45.3221
      vertex 89.2567 69.141 44.4721
      vertex 89.3183 69.2026 44.4721
    endloop
  endfacet
  facet normal 0.573616 -0.819124 0
    outer loop
      vertex 89.1853 69.091 44.4721
      vertex 89.2567 69.141 45.3221
      vertex 89.1853 69.091 45.3221
    endloop
  endfacet
  facet normal 0.573616 -0.819124 0
    outer loop
      vertex 89.2567 69.141 45.3221
      vertex 89.1853 69.091 44.4721
      vertex 89.2567 69.141 44.4721
    endloop
  endfacet
  facet normal 0.422257 -0.906476 0
    outer loop
      vertex 89.1063 69.0542 44.4721
      vertex 89.1853 69.091 45.3221
      vertex 89.1063 69.0542 45.3221
    endloop
  endfacet
  facet normal 0.422257 -0.906476 0
    outer loop
      vertex 89.1853 69.091 45.3221
      vertex 89.1063 69.0542 44.4721
      vertex 89.1853 69.091 44.4721
    endloop
  endfacet
  facet normal 0.259233 -0.965815 0
    outer loop
      vertex 89.0221 69.0316 44.4721
      vertex 89.1063 69.0542 45.3221
      vertex 89.0221 69.0316 45.3221
    endloop
  endfacet
  facet normal 0.259233 -0.965815 0
    outer loop
      vertex 89.1063 69.0542 45.3221
      vertex 89.0221 69.0316 44.4721
      vertex 89.1063 69.0542 44.4721
    endloop
  endfacet
  facet normal 0.0872239 -0.996189 0
    outer loop
      vertex 88.9353 69.024 44.4721
      vertex 89.0221 69.0316 45.3221
      vertex 88.9353 69.024 45.3221
    endloop
  endfacet
  facet normal 0.0872239 -0.996189 0
    outer loop
      vertex 89.0221 69.0316 45.3221
      vertex 88.9353 69.024 44.4721
      vertex 89.0221 69.0316 44.4721
    endloop
  endfacet
  facet normal -0.0872239 -0.996189 0
    outer loop
      vertex 88.8485 69.0316 44.4721
      vertex 88.9353 69.024 45.3221
      vertex 88.8485 69.0316 45.3221
    endloop
  endfacet
  facet normal -0.0872239 -0.996189 -0
    outer loop
      vertex 88.9353 69.024 45.3221
      vertex 88.8485 69.0316 44.4721
      vertex 88.9353 69.024 44.4721
    endloop
  endfacet
  facet normal -0.259233 -0.965815 0
    outer loop
      vertex 88.7643 69.0542 44.4721
      vertex 88.8485 69.0316 45.3221
      vertex 88.7643 69.0542 45.3221
    endloop
  endfacet
  facet normal -0.259233 -0.965815 -0
    outer loop
      vertex 88.8485 69.0316 45.3221
      vertex 88.7643 69.0542 44.4721
      vertex 88.8485 69.0316 44.4721
    endloop
  endfacet
  facet normal -0.422257 -0.906476 0
    outer loop
      vertex 88.6853 69.091 44.4721
      vertex 88.7643 69.0542 45.3221
      vertex 88.6853 69.091 45.3221
    endloop
  endfacet
  facet normal -0.422257 -0.906476 -0
    outer loop
      vertex 88.7643 69.0542 45.3221
      vertex 88.6853 69.091 44.4721
      vertex 88.7643 69.0542 44.4721
    endloop
  endfacet
  facet normal -0.573616 -0.819124 0
    outer loop
      vertex 88.6139 69.141 44.4721
      vertex 88.6853 69.091 45.3221
      vertex 88.6139 69.141 45.3221
    endloop
  endfacet
  facet normal -0.573616 -0.819124 -0
    outer loop
      vertex 88.6853 69.091 45.3221
      vertex 88.6139 69.141 44.4721
      vertex 88.6853 69.091 44.4721
    endloop
  endfacet
  facet normal -0.707107 -0.707107 0
    outer loop
      vertex 88.5523 69.2026 44.4721
      vertex 88.6139 69.141 45.3221
      vertex 88.5523 69.2026 45.3221
    endloop
  endfacet
  facet normal -0.707107 -0.707107 -0
    outer loop
      vertex 88.6139 69.141 45.3221
      vertex 88.5523 69.2026 44.4721
      vertex 88.6139 69.141 44.4721
    endloop
  endfacet
  facet normal -0.819124 -0.573616 0
    outer loop
      vertex 88.5523 69.2026 44.4721
      vertex 88.5023 69.274 45.3221
      vertex 88.5023 69.274 44.4721
    endloop
  endfacet
  facet normal -0.819124 -0.573616 0
    outer loop
      vertex 88.5023 69.274 45.3221
      vertex 88.5523 69.2026 44.4721
      vertex 88.5523 69.2026 45.3221
    endloop
  endfacet
  facet normal -0.906476 -0.422257 0
    outer loop
      vertex 88.5023 69.274 44.4721
      vertex 88.4655 69.353 45.3221
      vertex 88.4655 69.353 44.4721
    endloop
  endfacet
  facet normal -0.906476 -0.422257 0
    outer loop
      vertex 88.4655 69.353 45.3221
      vertex 88.5023 69.274 44.4721
      vertex 88.5023 69.274 45.3221
    endloop
  endfacet
  facet normal -0.965815 -0.259233 0
    outer loop
      vertex 88.4655 69.353 44.4721
      vertex 88.4429 69.4372 45.3221
      vertex 88.4429 69.4372 44.4721
    endloop
  endfacet
  facet normal -0.965815 -0.259233 0
    outer loop
      vertex 88.4429 69.4372 45.3221
      vertex 88.4655 69.353 44.4721
      vertex 88.4655 69.353 45.3221
    endloop
  endfacet
  facet normal -0.996189 -0.0872239 0
    outer loop
      vertex 88.4429 69.4372 44.4721
      vertex 88.4353 69.524 45.3221
      vertex 88.4353 69.524 44.4721
    endloop
  endfacet
  facet normal -0.996189 -0.0872239 0
    outer loop
      vertex 88.4353 69.524 45.3221
      vertex 88.4429 69.4372 44.4721
      vertex 88.4429 69.4372 45.3221
    endloop
  endfacet
  facet normal -0.996189 0.0872239 0
    outer loop
      vertex 88.4353 69.524 44.4721
      vertex 88.4429 69.6108 45.3221
      vertex 88.4429 69.6108 44.4721
    endloop
  endfacet
  facet normal -0.996189 0.0872239 0
    outer loop
      vertex 88.4429 69.6108 45.3221
      vertex 88.4353 69.524 44.4721
      vertex 88.4353 69.524 45.3221
    endloop
  endfacet
  facet normal -0.965815 0.259233 0
    outer loop
      vertex 88.4429 69.6108 44.4721
      vertex 88.4655 69.695 45.3221
      vertex 88.4655 69.695 44.4721
    endloop
  endfacet
  facet normal -0.965815 0.259233 0
    outer loop
      vertex 88.4655 69.695 45.3221
      vertex 88.4429 69.6108 44.4721
      vertex 88.4429 69.6108 45.3221
    endloop
  endfacet
  facet normal -0.906476 0.422257 0
    outer loop
      vertex 88.4655 69.695 44.4721
      vertex 88.5023 69.774 45.3221
      vertex 88.5023 69.774 44.4721
    endloop
  endfacet
  facet normal -0.906476 0.422257 0
    outer loop
      vertex 88.5023 69.774 45.3221
      vertex 88.4655 69.695 44.4721
      vertex 88.4655 69.695 45.3221
    endloop
  endfacet
  facet normal -0.819124 0.573616 0
    outer loop
      vertex 88.5023 69.774 44.4721
      vertex 88.5523 69.8454 45.3221
      vertex 88.5523 69.8454 44.4721
    endloop
  endfacet
  facet normal -0.819124 0.573616 0
    outer loop
      vertex 88.5523 69.8454 45.3221
      vertex 88.5023 69.774 44.4721
      vertex 88.5023 69.774 45.3221
    endloop
  endfacet
  facet normal -0.707107 0.707107 0
    outer loop
      vertex 88.5523 69.8454 44.4721
      vertex 88.6139 69.907 45.3221
      vertex 88.6139 69.907 44.4721
    endloop
  endfacet
  facet normal -0.707107 0.707107 0
    outer loop
      vertex 88.6139 69.907 45.3221
      vertex 88.5523 69.8454 44.4721
      vertex 88.5523 69.8454 45.3221
    endloop
  endfacet
  facet normal -0.573616 0.819124 0
    outer loop
      vertex 88.6853 69.957 44.4721
      vertex 88.6139 69.907 45.3221
      vertex 88.6853 69.957 45.3221
    endloop
  endfacet
  facet normal -0.573616 0.819124 0
    outer loop
      vertex 88.6139 69.907 45.3221
      vertex 88.6853 69.957 44.4721
      vertex 88.6139 69.907 44.4721
    endloop
  endfacet
  facet normal -0.423199 0.906037 0
    outer loop
      vertex 88.7643 69.9939 44.4721
      vertex 88.6853 69.957 45.3221
      vertex 88.7643 69.9939 45.3221
    endloop
  endfacet
  facet normal -0.423199 0.906037 0
    outer loop
      vertex 88.6853 69.957 45.3221
      vertex 88.7643 69.9939 44.4721
      vertex 88.6853 69.957 44.4721
    endloop
  endfacet
  facet normal -0.258163 0.966102 0
    outer loop
      vertex 88.8485 70.0164 44.4721
      vertex 88.7643 69.9939 45.3221
      vertex 88.8485 70.0164 45.3221
    endloop
  endfacet
  facet normal -0.258163 0.966102 0
    outer loop
      vertex 88.7643 69.9939 45.3221
      vertex 88.8485 70.0164 44.4721
      vertex 88.7643 69.9939 44.4721
    endloop
  endfacet
  facet normal -0.0872239 0.996189 0
    outer loop
      vertex 88.9353 70.024 44.4721
      vertex 88.8485 70.0164 45.3221
      vertex 88.9353 70.024 45.3221
    endloop
  endfacet
  facet normal -0.0872239 0.996189 0
    outer loop
      vertex 88.8485 70.0164 45.3221
      vertex 88.9353 70.024 44.4721
      vertex 88.8485 70.0164 44.4721
    endloop
  endfacet
  facet normal 0.0872239 0.996189 -0
    outer loop
      vertex 89.0221 70.0164 44.4721
      vertex 88.9353 70.024 45.3221
      vertex 89.0221 70.0164 45.3221
    endloop
  endfacet
  facet normal 0.0872239 0.996189 0
    outer loop
      vertex 88.9353 70.024 45.3221
      vertex 89.0221 70.0164 44.4721
      vertex 88.9353 70.024 44.4721
    endloop
  endfacet
  facet normal 0.258163 0.966102 -0
    outer loop
      vertex 89.1063 69.9939 44.4721
      vertex 89.0221 70.0164 45.3221
      vertex 89.1063 69.9939 45.3221
    endloop
  endfacet
  facet normal 0.258163 0.966102 0
    outer loop
      vertex 89.0221 70.0164 45.3221
      vertex 89.1063 69.9939 44.4721
      vertex 89.0221 70.0164 44.4721
    endloop
  endfacet
  facet normal 0.423199 0.906037 -0
    outer loop
      vertex 89.1853 69.957 44.4721
      vertex 89.1063 69.9939 45.3221
      vertex 89.1853 69.957 45.3221
    endloop
  endfacet
  facet normal 0.423199 0.906037 0
    outer loop
      vertex 89.1063 69.9939 45.3221
      vertex 89.1853 69.957 44.4721
      vertex 89.1063 69.9939 44.4721
    endloop
  endfacet
  facet normal 0.573616 0.819124 -0
    outer loop
      vertex 89.2567 69.907 44.4721
      vertex 89.1853 69.957 45.3221
      vertex 89.2567 69.907 45.3221
    endloop
  endfacet
  facet normal 0.573616 0.819124 0
    outer loop
      vertex 89.1853 69.957 45.3221
      vertex 89.2567 69.907 44.4721
      vertex 89.1853 69.957 44.4721
    endloop
  endfacet
  facet normal 0.707107 0.707107 0
    outer loop
      vertex 89.3183 69.8454 45.3221
      vertex 89.2567 69.907 44.4721
      vertex 89.2567 69.907 45.3221
    endloop
  endfacet
  facet normal 0.707107 0.707107 0
    outer loop
      vertex 89.2567 69.907 44.4721
      vertex 89.3183 69.8454 45.3221
      vertex 89.3183 69.8454 44.4721
    endloop
  endfacet
  facet normal 0.819124 0.573616 0
    outer loop
      vertex 89.3683 69.774 45.3221
      vertex 89.3183 69.8454 44.4721
      vertex 89.3183 69.8454 45.3221
    endloop
  endfacet
  facet normal 0.819124 0.573616 0
    outer loop
      vertex 89.3183 69.8454 44.4721
      vertex 89.3683 69.774 45.3221
      vertex 89.3683 69.774 44.4721
    endloop
  endfacet
  facet normal 0.906037 0.423199 0
    outer loop
      vertex 89.4052 69.695 45.3221
      vertex 89.3683 69.774 44.4721
      vertex 89.3683 69.774 45.3221
    endloop
  endfacet
  facet normal 0.906037 0.423199 0
    outer loop
      vertex 89.3683 69.774 44.4721
      vertex 89.4052 69.695 45.3221
      vertex 89.4052 69.695 44.4721
    endloop
  endfacet
  facet normal 0.966102 0.258163 0
    outer loop
      vertex 89.4277 69.6108 45.3221
      vertex 89.4052 69.695 44.4721
      vertex 89.4052 69.695 45.3221
    endloop
  endfacet
  facet normal 0.966102 0.258163 0
    outer loop
      vertex 89.4052 69.695 44.4721
      vertex 89.4277 69.6108 45.3221
      vertex 89.4277 69.6108 44.4721
    endloop
  endfacet
  facet normal 0.996189 0.0872239 0
    outer loop
      vertex 89.4353 69.524 45.3221
      vertex 89.4277 69.6108 44.4721
      vertex 89.4277 69.6108 45.3221
    endloop
  endfacet
  facet normal 0.996189 0.0872239 0
    outer loop
      vertex 89.4277 69.6108 44.4721
      vertex 89.4353 69.524 45.3221
      vertex 89.4353 69.524 44.4721
    endloop
  endfacet
  facet normal 0 0 1
    outer loop
      vertex 88.3734 63.0586 44.8221
      vertex 88.3734 62.8413 44.8221
      vertex 88.3829 62.9499 44.8221
    endloop
  endfacet
  facet normal 0 0 1
    outer loop
      vertex 88.3452 63.1639 44.8221
      vertex 88.3734 62.8413 44.8221
      vertex 88.3734 63.0586 44.8221
    endloop
  endfacet
  facet normal 0 0 1
    outer loop
      vertex 88.3452 63.1639 44.8221
      vertex 88.3452 62.736 44.8221
      vertex 88.3734 62.8413 44.8221
    endloop
  endfacet
  facet normal 0 0 1
    outer loop
      vertex 88.2991 63.2627 44.8221
      vertex 88.3452 62.736 44.8221
      vertex 88.3452 63.1639 44.8221
    endloop
  endfacet
  facet normal 0 0 1
    outer loop
      vertex 88.2991 63.2627 44.8221
      vertex 88.2991 62.6372 44.8221
      vertex 88.3452 62.736 44.8221
    endloop
  endfacet
  facet normal 0 0 1
    outer loop
      vertex 88.2366 63.352 44.8221
      vertex 88.2991 62.6372 44.8221
      vertex 88.2991 63.2627 44.8221
    endloop
  endfacet
  facet normal 0 0 1
    outer loop
      vertex 88.2366 63.352 44.8221
      vertex 88.2366 62.5479 44.8221
      vertex 88.2991 62.6372 44.8221
    endloop
  endfacet
  facet normal 0 0 1
    outer loop
      vertex 88.1595 63.4291 44.8221
      vertex 88.2366 62.5479 44.8221
      vertex 88.2366 63.352 44.8221
    endloop
  endfacet
  facet normal 0 0 1
    outer loop
      vertex 88.1595 63.4291 44.8221
      vertex 88.1595 62.4708 44.8221
      vertex 88.2366 62.5479 44.8221
    endloop
  endfacet
  facet normal 0 0 1
    outer loop
      vertex 88.0702 63.4916 44.8221
      vertex 88.1595 62.4708 44.8221
      vertex 88.1595 63.4291 44.8221
    endloop
  endfacet
  facet normal 0 0 1
    outer loop
      vertex 88.0702 63.4916 44.8221
      vertex 88.0702 62.4082 44.8221
      vertex 88.1595 62.4708 44.8221
    endloop
  endfacet
  facet normal 0 0 1
    outer loop
      vertex 87.9713 63.5377 44.8221
      vertex 88.0702 62.4082 44.8221
      vertex 88.0702 63.4916 44.8221
    endloop
  endfacet
  facet normal 0 0 1
    outer loop
      vertex 87.9713 63.5377 44.8221
      vertex 87.9713 62.3622 44.8221
      vertex 88.0702 62.4082 44.8221
    endloop
  endfacet
  facet normal 0 0 1
    outer loop
      vertex 87.866 63.5659 44.8221
      vertex 87.9713 62.3622 44.8221
      vertex 87.9713 63.5377 44.8221
    endloop
  endfacet
  facet normal 0 0 1
    outer loop
      vertex 87.866 63.5659 44.8221
      vertex 87.866 62.3339 44.8221
      vertex 87.9713 62.3622 44.8221
    endloop
  endfacet
  facet normal 0 0 1
    outer loop
      vertex 87.7574 63.5754 44.8221
      vertex 87.866 62.3339 44.8221
      vertex 87.866 63.5659 44.8221
    endloop
  endfacet
  facet normal 0 0 1
    outer loop
      vertex 87.7574 63.5754 44.8221
      vertex 87.7574 62.3244 44.8221
      vertex 87.866 62.3339 44.8221
    endloop
  endfacet
  facet normal 0 0 1
    outer loop
      vertex 87.5 63.5175 44.8221
      vertex 87.7574 63.5754 44.8221
      vertex 87.6488 63.5659 44.8221
    endloop
  endfacet
  facet normal 0 0 1
    outer loop
      vertex 87.7574 63.5754 44.8221
      vertex 87.5 63.5175 44.8221
      vertex 87.7574 62.3244 44.8221
    endloop
  endfacet
  facet normal 0 0 1
    outer loop
      vertex 87.5 63.5175 44.8221
      vertex 87.6488 63.5659 44.8221
      vertex 87.5435 63.5377 44.8221
    endloop
  endfacet
  facet normal -0 0 1
    outer loop
      vertex 87.5 62.3824 44.8221
      vertex 87.7574 62.3244 44.8221
      vertex 87.5 63.5175 44.8221
    endloop
  endfacet
  facet normal 0 0 1
    outer loop
      vertex 87.7574 62.3244 44.8221
      vertex 87.5 62.3824 44.8221
      vertex 87.6488 62.3339 44.8221
    endloop
  endfacet
  facet normal 0 0 1
    outer loop
      vertex 87.6488 62.3339 44.8221
      vertex 87.5 62.3824 44.8221
      vertex 87.5435 62.3622 44.8221
    endloop
  endfacet
  facet normal 0.493359 -0.869826 0
    outer loop
      vertex 87.5 60.5905 41.4621
      vertex 87.6585 60.6804 43.6721
      vertex 87.5 60.5905 43.6721
    endloop
  endfacet
  facet normal 0.493359 -0.869826 0
    outer loop
      vertex 87.6585 60.6804 43.6721
      vertex 87.5 60.5905 41.4621
      vertex 87.6585 60.6804 41.4621
    endloop
  endfacet
  facet normal 0.996189 -0.0872239 0
    outer loop
      vertex 35.145 78.6 43.9721
      vertex 35.1526 78.6868 43.6721
      vertex 35.1526 78.6868 43.9721
    endloop
  endfacet
  facet normal 0.996189 -0.0872239 0
    outer loop
      vertex 35.1526 78.6868 43.6721
      vertex 35.145 78.6 43.9721
      vertex 35.145 78.6 43.6721
    endloop
  endfacet
  facet normal 0.965815 -0.259233 0
    outer loop
      vertex 35.1526 78.6868 43.9721
      vertex 35.1752 78.771 43.6721
      vertex 35.1752 78.771 43.9721
    endloop
  endfacet
  facet normal 0.965815 -0.259233 0
    outer loop
      vertex 35.1752 78.771 43.6721
      vertex 35.1526 78.6868 43.9721
      vertex 35.1526 78.6868 43.6721
    endloop
  endfacet
  facet normal 0.906476 -0.422257 0
    outer loop
      vertex 35.1752 78.771 43.9721
      vertex 35.212 78.85 43.6721
      vertex 35.212 78.85 43.9721
    endloop
  endfacet
  facet normal 0.906476 -0.422257 0
    outer loop
      vertex 35.212 78.85 43.6721
      vertex 35.1752 78.771 43.9721
      vertex 35.1752 78.771 43.6721
    endloop
  endfacet
  facet normal 0.819124 -0.573616 0
    outer loop
      vertex 35.212 78.85 43.9721
      vertex 35.262 78.9214 43.6721
      vertex 35.262 78.9214 43.9721
    endloop
  endfacet
  facet normal 0.819124 -0.573616 0
    outer loop
      vertex 35.262 78.9214 43.6721
      vertex 35.212 78.85 43.9721
      vertex 35.212 78.85 43.6721
    endloop
  endfacet
  facet normal 0.707107 -0.707107 0
    outer loop
      vertex 35.262 78.9214 43.9721
      vertex 35.3236 78.983 43.6721
      vertex 35.3236 78.983 43.9721
    endloop
  endfacet
  facet normal 0.707107 -0.707107 0
    outer loop
      vertex 35.3236 78.983 43.6721
      vertex 35.262 78.9214 43.9721
      vertex 35.262 78.9214 43.6721
    endloop
  endfacet
  facet normal 0.573616 -0.819124 0
    outer loop
      vertex 35.3236 78.983 43.6721
      vertex 35.395 79.033 43.9721
      vertex 35.3236 78.983 43.9721
    endloop
  endfacet
  facet normal 0.573616 -0.819124 0
    outer loop
      vertex 35.395 79.033 43.9721
      vertex 35.3236 78.983 43.6721
      vertex 35.395 79.033 43.6721
    endloop
  endfacet
  facet normal 0.422257 -0.906476 0
    outer loop
      vertex 35.395 79.033 43.6721
      vertex 35.474 79.0698 43.9721
      vertex 35.395 79.033 43.9721
    endloop
  endfacet
  facet normal 0.422257 -0.906476 0
    outer loop
      vertex 35.474 79.0698 43.9721
      vertex 35.395 79.033 43.6721
      vertex 35.474 79.0698 43.6721
    endloop
  endfacet
  facet normal 0.259233 -0.965815 0
    outer loop
      vertex 35.474 79.0698 43.6721
      vertex 35.5582 79.0924 43.9721
      vertex 35.474 79.0698 43.9721
    endloop
  endfacet
  facet normal 0.259233 -0.965815 0
    outer loop
      vertex 35.5582 79.0924 43.9721
      vertex 35.474 79.0698 43.6721
      vertex 35.5582 79.0924 43.6721
    endloop
  endfacet
  facet normal 0.0872239 -0.996189 0
    outer loop
      vertex 35.5582 79.0924 43.6721
      vertex 35.645 79.1 43.9721
      vertex 35.5582 79.0924 43.9721
    endloop
  endfacet
  facet normal 0.0872239 -0.996189 0
    outer loop
      vertex 35.645 79.1 43.9721
      vertex 35.5582 79.0924 43.6721
      vertex 35.645 79.1 43.6721
    endloop
  endfacet
  facet normal 0 1 -0
    outer loop
      vertex 38.215 58.4 42.2721
      vertex 31.765 58.4 43.6721
      vertex 38.215 58.4 43.6721
    endloop
  endfacet
  facet normal 0 1 0
    outer loop
      vertex 31.765 58.4 43.6721
      vertex 38.215 58.4 42.2721
      vertex 31.765 58.4 42.2721
    endloop
  endfacet
  facet normal 0 0 -1
    outer loop
      vertex 31.765 57.7 42.2721
      vertex 38.215 58.4 42.2721
      vertex 38.215 57.7 42.2721
    endloop
  endfacet
  facet normal -0 0 -1
    outer loop
      vertex 38.215 58.4 42.2721
      vertex 31.765 57.7 42.2721
      vertex 31.765 58.4 42.2721
    endloop
  endfacet
  facet normal 1 -0 0
    outer loop
      vertex 38.215 57.7 43.6721
      vertex 38.215 58.4 42.2721
      vertex 38.215 58.4 43.6721
    endloop
  endfacet
  facet normal 1 0 0
    outer loop
      vertex 38.215 58.4 42.2721
      vertex 38.215 57.7 43.6721
      vertex 38.215 57.7 42.2721
    endloop
  endfacet
  facet normal 0 0 -1
    outer loop
      vertex 53.615 57.7 38.6221
      vertex 57.015 54.2 38.6221
      vertex 53.615 55.2 38.6221
    endloop
  endfacet
  facet normal 0 0 -1
    outer loop
      vertex 57.015 54.2 38.6221
      vertex 46.615 55.2 38.6221
      vertex 53.615 55.2 38.6221
    endloop
  endfacet
  facet normal -0 0 -1
    outer loop
      vertex 46.615 55.2 38.6221
      vertex 43.215 54.2 38.6221
      vertex 46.615 57.7 38.6221
    endloop
  endfacet
  facet normal 0 0 -1
    outer loop
      vertex 43.215 54.2 38.6221
      vertex 46.615 55.2 38.6221
      vertex 57.015 54.2 38.6221
    endloop
  endfacet
  facet normal 0 0 -1
    outer loop
      vertex 57.015 54.2 38.6221
      vertex 53.615 57.7 38.6221
      vertex 57.015 59.35 38.6221
    endloop
  endfacet
  facet normal 0 0 -1
    outer loop
      vertex 46.615 57.7 38.6221
      vertex 57.015 59.35 38.6221
      vertex 53.615 57.7 38.6221
    endloop
  endfacet
  facet normal 0 0 -1
    outer loop
      vertex 46.615 57.7 38.6221
      vertex 43.215 59.35 38.6221
      vertex 57.015 59.35 38.6221
    endloop
  endfacet
  facet normal 0 0 -1
    outer loop
      vertex 43.215 59.35 38.6221
      vertex 46.615 57.7 38.6221
      vertex 43.215 54.2 38.6221
    endloop
  endfacet
  facet normal 1 0 0
    outer loop
      vertex 57.015 57.7 41.6221
      vertex 57.015 55.5 41.6221
      vertex 57.015 57.7 41.3221
    endloop
  endfacet
  facet normal 1 0 0
    outer loop
      vertex 57.015 58.4 41.3221
      vertex 57.015 59.35 43.6721
      vertex 57.015 58.4 43.6721
    endloop
  endfacet
  facet normal 1 0 0
    outer loop
      vertex 57.015 59.35 43.6721
      vertex 57.015 58.4 41.3221
      vertex 57.015 59.35 38.6221
    endloop
  endfacet
  facet normal 1 -0 0
    outer loop
      vertex 57.015 57.7 41.3221
      vertex 57.015 59.35 38.6221
      vertex 57.015 58.4 41.3221
    endloop
  endfacet
  facet normal 1 0 0
    outer loop
      vertex 57.015 55.5 39.6221
      vertex 57.015 57.7 41.3221
      vertex 57.015 55.5 41.6221
    endloop
  endfacet
  facet normal 1 0 0
    outer loop
      vertex 57.015 57.7 41.3221
      vertex 57.015 55.5 39.6221
      vertex 57.015 59.35 38.6221
    endloop
  endfacet
  facet normal 1 0 0
    outer loop
      vertex 57.015 54.2 38.6221
      vertex 57.015 55.5 39.6221
      vertex 57.015 54.2 39.6221
    endloop
  endfacet
  facet normal 1 0 0
    outer loop
      vertex 57.015 55.5 39.6221
      vertex 57.015 54.2 38.6221
      vertex 57.015 59.35 38.6221
    endloop
  endfacet
  facet normal 0 0 -1
    outer loop
      vertex 57.015 57.7 41.3221
      vertex 59.465 58.4 41.3221
      vertex 59.465 57.7 41.3221
    endloop
  endfacet
  facet normal -0 0 -1
    outer loop
      vertex 59.465 58.4 41.3221
      vertex 57.015 57.7 41.3221
      vertex 57.015 58.4 41.3221
    endloop
  endfacet
  facet normal 1 -0 0
    outer loop
      vertex 59.465 57.7 47.712
      vertex 59.465 58.55 45.6721
      vertex 59.465 58.55 47.712
    endloop
  endfacet
  facet normal 1 0 0
    outer loop
      vertex 59.465 58.55 45.6721
      vertex 59.465 57.7 47.712
      vertex 59.465 58.55 44.9939
    endloop
  endfacet
  facet normal 1 0 0
    outer loop
      vertex 59.465 58.55 44.9939
      vertex 59.465 58.4 43.6721
      vertex 59.465 58.55 43.6721
    endloop
  endfacet
  facet normal 1 0 0
    outer loop
      vertex 59.465 58.55 44.9939
      vertex 59.465 57.7 47.712
      vertex 59.465 58.4 43.6721
    endloop
  endfacet
  facet normal 1 0 0
    outer loop
      vertex 59.465 57.7 41.3221
      vertex 59.465 58.4 43.6721
      vertex 59.465 57.7 47.712
    endloop
  endfacet
  facet normal 1 0 0
    outer loop
      vertex 59.465 58.4 43.6721
      vertex 59.465 57.7 41.3221
      vertex 59.465 58.4 41.3221
    endloop
  endfacet
  facet normal 1 0 0
    outer loop
      vertex 59.465 58.6753 45.15
      vertex 59.465 58.7235 45.0617
      vertex 59.465 58.734 45.0482
    endloop
  endfacet
  facet normal 1 0 0
    outer loop
      vertex 59.465 58.6753 45.15
      vertex 59.465 58.7109 45.0732
      vertex 59.465 58.7235 45.0617
    endloop
  endfacet
  facet normal 1 0 0
    outer loop
      vertex 59.465 58.6753 45.15
      vertex 59.465 58.6965 45.0824
      vertex 59.465 58.7109 45.0732
    endloop
  endfacet
  facet normal 1 0 0
    outer loop
      vertex 59.465 58.6753 45.15
      vertex 59.465 58.6807 45.0891
      vertex 59.465 58.6965 45.0824
    endloop
  endfacet
  facet normal 1 0 0
    outer loop
      vertex 59.465 58.6753 45.15
      vertex 59.465 58.6641 45.0929
      vertex 59.465 58.6807 45.0891
    endloop
  endfacet
  facet normal 1 0 0
    outer loop
      vertex 59.465 58.6753 45.15
      vertex 59.465 58.647 45.0939
      vertex 59.465 58.6641 45.0929
    endloop
  endfacet
  facet normal 1 0 0
    outer loop
      vertex 59.465 58.6753 45.15
      vertex 59.465 58.63 45.0919
      vertex 59.465 58.647 45.0939
    endloop
  endfacet
  facet normal 1 0 0
    outer loop
      vertex 59.465 58.6753 45.15
      vertex 59.465 58.6136 45.0871
      vertex 59.465 58.63 45.0919
    endloop
  endfacet
  facet normal 1 0 0
    outer loop
      vertex 59.465 58.6063 45.3168
      vertex 59.465 58.6136 45.0871
      vertex 59.465 58.6753 45.15
    endloop
  endfacet
  facet normal 1 0 0
    outer loop
      vertex 59.465 58.6063 45.3168
      vertex 59.465 58.5983 45.0795
      vertex 59.465 58.6136 45.0871
    endloop
  endfacet
  facet normal 1 0 0
    outer loop
      vertex 59.465 58.6063 45.3168
      vertex 59.465 58.5845 45.0694
      vertex 59.465 58.5983 45.0795
    endloop
  endfacet
  facet normal 1 0 0
    outer loop
      vertex 59.465 58.6063 45.3168
      vertex 59.465 58.5725 45.0572
      vertex 59.465 58.5845 45.0694
    endloop
  endfacet
  facet normal 1 0 0
    outer loop
      vertex 59.465 58.5558 45.0275
      vertex 59.465 58.6063 45.3168
      vertex 59.465 58.5642 45.4922
    endloop
  endfacet
  facet normal 1 0 0
    outer loop
      vertex 59.465 58.6063 45.3168
      vertex 59.465 58.5629 45.043
      vertex 59.465 58.5725 45.0572
    endloop
  endfacet
  facet normal 1 0 0
    outer loop
      vertex 59.465 58.6063 45.3168
      vertex 59.465 58.5558 45.0275
      vertex 59.465 58.5629 45.043
    endloop
  endfacet
  facet normal 1 0 0
    outer loop
      vertex 59.465 58.5642 45.4922
      vertex 59.465 58.5515 45.0109
      vertex 59.465 58.5558 45.0275
    endloop
  endfacet
  facet normal 1 0 0
    outer loop
      vertex 59.465 58.55 45.6721
      vertex 59.465 58.5515 45.0109
      vertex 59.465 58.5642 45.4922
    endloop
  endfacet
  facet normal 1 0 0
    outer loop
      vertex 59.465 58.5515 45.0109
      vertex 59.465 58.55 45.6721
      vertex 59.465 58.55 44.9939
    endloop
  endfacet
  facet normal -1 0 0
    outer loop
      vertex 43.215 59.35 38.6221
      vertex 43.215 57.7 41.6221
      vertex 43.215 59.35 43.6721
    endloop
  endfacet
  facet normal -1 0 0
    outer loop
      vertex 43.215 59.35 38.6221
      vertex 43.215 55.5 39.6221
      vertex 43.215 57.7 41.6221
    endloop
  endfacet
  facet normal -1 0 0
    outer loop
      vertex 43.215 54.2 38.6221
      vertex 43.215 55.5 39.6221
      vertex 43.215 59.35 38.6221
    endloop
  endfacet
  facet normal -1 -0 0
    outer loop
      vertex 43.215 55.5 39.6221
      vertex 43.215 54.2 38.6221
      vertex 43.215 54.2 39.6221
    endloop
  endfacet
  facet normal -1 -0 0
    outer loop
      vertex 43.215 59.35 43.6721
      vertex 43.215 57.7 41.6221
      vertex 43.215 57.7 43.6721
    endloop
  endfacet
  facet normal -1 -0 0
    outer loop
      vertex 43.215 57.7 41.6221
      vertex 43.215 55.5 39.6221
      vertex 43.215 55.5 41.6221
    endloop
  endfacet
  facet normal -1 0 0
    outer loop
      vertex 68.265 57.7 45.622
      vertex 68.265 58.55 45.6721
      vertex 68.265 58.5539 45.622
    endloop
  endfacet
  facet normal -1 0 0
    outer loop
      vertex 68.265 57.7 47.712
      vertex 68.265 58.55 45.6721
      vertex 68.265 57.7 45.622
    endloop
  endfacet
  facet normal -1 0 0
    outer loop
      vertex 68.265 58.55 45.6721
      vertex 68.265 57.7 47.712
      vertex 68.265 58.55 47.712
    endloop
  endfacet
  facet normal 0 -1 0
    outer loop
      vertex 59.465 58.55 43.6721
      vertex 62.5 58.55 44.9939
      vertex 59.465 58.55 44.9939
    endloop
  endfacet
  facet normal 0 -1 -0
    outer loop
      vertex 62.5 58.55 44.9939
      vertex 59.465 58.55 43.6721
      vertex 62.5 58.55 43.6721
    endloop
  endfacet
  facet normal 0 1 0
    outer loop
      vertex 26.365 64.7 43.6721
      vertex 24.865 64.7 42.1721
      vertex 25.865 64.7 43.6721
    endloop
  endfacet
  facet normal 0 1 0
    outer loop
      vertex 25.865 64.7 46.0121
      vertex 25.865 64.7 43.6721
      vertex 24.465 64.7 46.0121
    endloop
  endfacet
  facet normal 0 1 -0
    outer loop
      vertex 24.465 64.7 46.0121
      vertex 23.065 64.7 47.712
      vertex 24.465 64.7 47.712
    endloop
  endfacet
  facet normal 0 1 -0
    outer loop
      vertex 24.865 64.7 42.1721
      vertex 24.465 64.7 46.0121
      vertex 25.865 64.7 43.6721
    endloop
  endfacet
  facet normal 0 1 0
    outer loop
      vertex 23.065 64.7 41.1721
      vertex 24.465 64.7 46.0121
      vertex 24.865 64.7 42.1721
    endloop
  endfacet
  facet normal 0 1 0
    outer loop
      vertex 23.065 64.7 41.1721
      vertex 24.865 64.7 42.1721
      vertex 24.865 64.7 41.1721
    endloop
  endfacet
  facet normal 0 1 0
    outer loop
      vertex 24.465 64.7 46.0121
      vertex 23.065 64.7 41.1721
      vertex 23.065 64.7 47.712
    endloop
  endfacet
  facet normal -1 0 0
    outer loop
      vertex 23.065 61.95 41.1721
      vertex 23.065 64.7 47.712
      vertex 23.065 64.7 41.1721
    endloop
  endfacet
  facet normal -1 -0 0
    outer loop
      vertex 23.065 64.7 47.712
      vertex 23.065 61.95 41.1721
      vertex 23.065 61.95 47.712
    endloop
  endfacet
  facet normal 0 -1 0
    outer loop
      vertex 23.065 61.95 47.712
      vertex 24.065 61.95 43.6721
      vertex 24.065 61.95 47.712
    endloop
  endfacet
  facet normal 0 -1 0
    outer loop
      vertex 24.065 61.95 43.6721
      vertex 24.865 61.95 42.1721
      vertex 26.365 61.95 43.6721
    endloop
  endfacet
  facet normal 0 -1 0
    outer loop
      vertex 23.065 61.95 41.1721
      vertex 24.065 61.95 43.6721
      vertex 23.065 61.95 47.712
    endloop
  endfacet
  facet normal 0 -1 0
    outer loop
      vertex 23.065 61.95 41.1721
      vertex 24.865 61.95 42.1721
      vertex 24.065 61.95 43.6721
    endloop
  endfacet
  facet normal 0 -1 -0
    outer loop
      vertex 24.865 61.95 42.1721
      vertex 23.065 61.95 41.1721
      vertex 24.865 61.95 41.1721
    endloop
  endfacet
  facet normal -1 0 0
    outer loop
      vertex 24.065 60.7 43.6721
      vertex 24.065 61.95 47.712
      vertex 24.065 61.95 43.6721
    endloop
  endfacet
  facet normal -1 0 0
    outer loop
      vertex 24.065 60.1791 43.7177
      vertex 24.065 61.95 47.712
      vertex 24.065 60.7 43.6721
    endloop
  endfacet
  facet normal -1 0 0
    outer loop
      vertex 24.065 59.6739 43.8531
      vertex 24.065 61.95 47.712
      vertex 24.065 60.1791 43.7177
    endloop
  endfacet
  facet normal -1 0 0
    outer loop
      vertex 24.065 59.2 44.0741
      vertex 24.065 61.95 47.712
      vertex 24.065 59.6739 43.8531
    endloop
  endfacet
  facet normal -1 0 0
    outer loop
      vertex 24.065 58.7716 44.374
      vertex 24.065 61.95 47.712
      vertex 24.065 59.2 44.0741
    endloop
  endfacet
  facet normal -1 0 0
    outer loop
      vertex 24.065 58.4019 44.7438
      vertex 24.065 61.95 47.712
      vertex 24.065 58.7716 44.374
    endloop
  endfacet
  facet normal -1 0 0
    outer loop
      vertex 24.065 58.1019 45.1721
      vertex 24.065 61.95 47.712
      vertex 24.065 58.4019 44.7438
    endloop
  endfacet
  facet normal -1 0 0
    outer loop
      vertex 24.065 57.8809 45.6461
      vertex 24.065 61.95 47.712
      vertex 24.065 58.1019 45.1721
    endloop
  endfacet
  facet normal -1 0 0
    outer loop
      vertex 24.065 57.7456 46.1512
      vertex 24.065 61.95 47.712
      vertex 24.065 57.8809 45.6461
    endloop
  endfacet
  facet normal -1 0 0
    outer loop
      vertex 24.065 57.7 46.6721
      vertex 24.065 61.95 47.712
      vertex 24.065 57.7456 46.1512
    endloop
  endfacet
  facet normal -1 -0 0
    outer loop
      vertex 24.065 61.95 47.712
      vertex 24.065 57.7 46.6721
      vertex 24.065 57.7 47.712
    endloop
  endfacet
  facet normal 1 -0 0
    outer loop
      vertex 24.465 58.55 47.712
      vertex 24.465 62.35 46.0121
      vertex 24.465 62.35 47.712
    endloop
  endfacet
  facet normal 1 0 0
    outer loop
      vertex 24.465 62.35 46.0121
      vertex 24.465 58.55 47.712
      vertex 24.465 58.55 46.0121
    endloop
  endfacet
  facet normal 0 1 -0
    outer loop
      vertex 24.465 62.35 46.0121
      vertex 23.465 62.35 47.712
      vertex 24.465 62.35 47.712
    endloop
  endfacet
  facet normal 0 1 0
    outer loop
      vertex 23.465 62.35 47.712
      vertex 24.465 62.35 46.0121
      vertex 23.465 62.35 46.0121
    endloop
  endfacet
  facet normal 1 -0 0
    outer loop
      vertex 23.465 62.35 47.712
      vertex 23.465 64.3 46.0121
      vertex 23.465 64.3 47.712
    endloop
  endfacet
  facet normal 1 0 0
    outer loop
      vertex 23.465 64.3 46.0121
      vertex 23.465 62.35 47.712
      vertex 23.465 62.35 46.0121
    endloop
  endfacet
  facet normal 0 -1 0
    outer loop
      vertex 23.465 64.3 46.0121
      vertex 24.465 64.3 47.712
      vertex 23.465 64.3 47.712
    endloop
  endfacet
  facet normal 0 -1 -0
    outer loop
      vertex 24.465 64.3 47.712
      vertex 23.465 64.3 46.0121
      vertex 24.465 64.3 46.0121
    endloop
  endfacet
  facet normal 1 -0 0
    outer loop
      vertex 24.465 64.3 47.712
      vertex 24.465 64.7 46.0121
      vertex 24.465 64.7 47.712
    endloop
  endfacet
  facet normal 1 0 0
    outer loop
      vertex 24.465 64.7 46.0121
      vertex 24.465 64.3 47.712
      vertex 24.465 64.3 46.0121
    endloop
  endfacet
  facet normal 0 -1 0
    outer loop
      vertex 25.865 59.95 46.0121
      vertex 26.565 59.95 47.712
      vertex 25.865 59.95 47.712
    endloop
  endfacet
  facet normal 0 -1 -0
    outer loop
      vertex 26.565 59.95 47.712
      vertex 25.865 59.95 46.0121
      vertex 26.565 59.95 46.0121
    endloop
  endfacet
  facet normal 0 0 1
    outer loop
      vertex 24.465 64.3 46.0121
      vertex 25.865 64.7 46.0121
      vertex 24.465 64.7 46.0121
    endloop
  endfacet
  facet normal -0 0 1
    outer loop
      vertex 25.865 59.95 46.0121
      vertex 26.565 58.55 46.0121
      vertex 26.565 59.95 46.0121
    endloop
  endfacet
  facet normal 0 0 1
    outer loop
      vertex 24.465 62.35 46.0121
      vertex 25.865 64.7 46.0121
      vertex 24.465 64.3 46.0121
    endloop
  endfacet
  facet normal 0 0 1
    outer loop
      vertex 25.865 64.7 46.0121
      vertex 24.465 62.35 46.0121
      vertex 25.865 59.95 46.0121
    endloop
  endfacet
  facet normal 0 0 1
    outer loop
      vertex 24.465 58.55 46.0121
      vertex 25.865 59.95 46.0121
      vertex 24.465 62.35 46.0121
    endloop
  endfacet
  facet normal 0 0 1
    outer loop
      vertex 25.865 59.95 46.0121
      vertex 24.465 58.55 46.0121
      vertex 26.565 58.55 46.0121
    endloop
  endfacet
  facet normal -0 0 1
    outer loop
      vertex 23.465 64.3 46.0121
      vertex 24.465 62.35 46.0121
      vertex 24.465 64.3 46.0121
    endloop
  endfacet
  facet normal 0 0 1
    outer loop
      vertex 24.465 62.35 46.0121
      vertex 23.465 64.3 46.0121
      vertex 23.465 62.35 46.0121
    endloop
  endfacet
  facet normal 1 -0 0
    outer loop
      vertex 24.865 61.95 42.1721
      vertex 24.865 64.7 41.1721
      vertex 24.865 64.7 42.1721
    endloop
  endfacet
  facet normal 1 0 0
    outer loop
      vertex 24.865 64.7 41.1721
      vertex 24.865 61.95 42.1721
      vertex 24.865 61.95 41.1721
    endloop
  endfacet
  facet normal 0 0 -1
    outer loop
      vertex 23.065 61.95 41.1721
      vertex 24.865 64.7 41.1721
      vertex 24.865 61.95 41.1721
    endloop
  endfacet
  facet normal -0 0 -1
    outer loop
      vertex 24.865 64.7 41.1721
      vertex 23.065 61.95 41.1721
      vertex 23.065 64.7 41.1721
    endloop
  endfacet
  facet normal 0.707107 0 -0.707107
    outer loop
      vertex 26.365 61.95 43.6721
      vertex 24.865 64.7 42.1721
      vertex 26.365 64.7 43.6721
    endloop
  endfacet
  facet normal 0.707107 0 -0.707107
    outer loop
      vertex 24.865 64.7 42.1721
      vertex 26.365 61.95 43.6721
      vertex 24.865 61.95 42.1721
    endloop
  endfacet
  facet normal 0 -1 0
    outer loop
      vertex 43.215 54.2 38.6221
      vertex 57.015 54.2 39.6221
      vertex 43.215 54.2 39.6221
    endloop
  endfacet
  facet normal 0 -1 -0
    outer loop
      vertex 57.015 54.2 39.6221
      vertex 43.215 54.2 38.6221
      vertex 57.015 54.2 38.6221
    endloop
  endfacet
  facet normal 0 1 -0
    outer loop
      vertex 53.615 55.2 38.6221
      vertex 46.615 55.2 39.6221
      vertex 53.615 55.2 39.6221
    endloop
  endfacet
  facet normal 0 1 0
    outer loop
      vertex 46.615 55.2 39.6221
      vertex 53.615 55.2 38.6221
      vertex 46.615 55.2 38.6221
    endloop
  endfacet
  facet normal -0 0 1
    outer loop
      vertex 44.015 57.7 41.6221
      vertex 44.765 56.9 41.6221
      vertex 44.765 57.7 41.6221
    endloop
  endfacet
  facet normal 0 0 1
    outer loop
      vertex 44.015 57.7 41.6221
      vertex 44.015 56.9 41.6221
      vertex 44.765 56.9 41.6221
    endloop
  endfacet
  facet normal -0 0 1
    outer loop
      vertex 43.215 57.7 41.6221
      vertex 44.015 56.9 41.6221
      vertex 44.015 57.7 41.6221
    endloop
  endfacet
  facet normal 0 0 1
    outer loop
      vertex 43.215 55.5 41.6221
      vertex 44.015 56.9 41.6221
      vertex 43.215 57.7 41.6221
    endloop
  endfacet
  facet normal 0 0 1
    outer loop
      vertex 44.015 56.9 41.6221
      vertex 43.215 55.5 41.6221
      vertex 44.015 55.5 41.6221
    endloop
  endfacet
  facet normal 0 -1 0
    outer loop
      vertex 43.215 55.5 39.6221
      vertex 44.015 55.5 41.6221
      vertex 43.215 55.5 41.6221
    endloop
  endfacet
  facet normal 0 -1 -0
    outer loop
      vertex 44.015 55.5 41.6221
      vertex 43.215 55.5 39.6221
      vertex 44.015 55.5 39.6221
    endloop
  endfacet
  facet normal 1 -0 0
    outer loop
      vertex 44.015 55.5 41.6221
      vertex 44.015 56.9 39.6221
      vertex 44.015 56.9 41.6221
    endloop
  endfacet
  facet normal 1 0 0
    outer loop
      vertex 44.015 56.9 39.6221
      vertex 44.015 55.5 41.6221
      vertex 44.015 55.5 39.6221
    endloop
  endfacet
  facet normal 1 -0 0
    outer loop
      vertex 45.965 56.9 40.4221
      vertex 45.965 57.7 39.6221
      vertex 45.965 57.7 40.4221
    endloop
  endfacet
  facet normal 1 0 0
    outer loop
      vertex 45.965 57.7 39.6221
      vertex 45.965 56.9 40.4221
      vertex 45.965 56.9 39.6221
    endloop
  endfacet
  facet normal 0 -1 0
    outer loop
      vertex 44.015 56.9 39.6221
      vertex 44.765 56.9 41.6221
      vertex 44.015 56.9 41.6221
    endloop
  endfacet
  facet normal 0 -1 -0
    outer loop
      vertex 44.765 56.9 41.6221
      vertex 44.015 56.9 39.6221
      vertex 45.965 56.9 40.4221
    endloop
  endfacet
  facet normal 0 -1 -0
    outer loop
      vertex 45.965 56.9 40.4221
      vertex 44.015 56.9 39.6221
      vertex 45.965 56.9 39.6221
    endloop
  endfacet
  facet normal 0.707107 -0 0.707107
    outer loop
      vertex 44.765 56.9 41.6221
      vertex 45.965 57.7 40.4221
      vertex 44.765 57.7 41.6221
    endloop
  endfacet
  facet normal 0.707107 0 0.707107
    outer loop
      vertex 45.965 57.7 40.4221
      vertex 44.765 56.9 41.6221
      vertex 45.965 56.9 40.4221
    endloop
  endfacet
  facet normal -0 0 1
    outer loop
      vertex 55.465 57.7 41.6221
      vertex 56.215 56.9 41.6221
      vertex 56.215 57.7 41.6221
    endloop
  endfacet
  facet normal 0 0 1
    outer loop
      vertex 56.215 56.9 41.6221
      vertex 55.465 57.7 41.6221
      vertex 55.465 56.9 41.6221
    endloop
  endfacet
  facet normal 0 0 1
    outer loop
      vertex 56.215 56.9 41.6221
      vertex 57.015 57.7 41.6221
      vertex 56.215 57.7 41.6221
    endloop
  endfacet
  facet normal 0 0 1
    outer loop
      vertex 57.015 57.7 41.6221
      vertex 56.215 56.9 41.6221
      vertex 57.015 55.5 41.6221
    endloop
  endfacet
  facet normal 0 0 1
    outer loop
      vertex 57.015 55.5 41.6221
      vertex 56.215 56.9 41.6221
      vertex 56.215 55.5 41.6221
    endloop
  endfacet
  facet normal 0 -1 0
    outer loop
      vertex 56.215 55.5 39.6221
      vertex 57.015 55.5 41.6221
      vertex 56.215 55.5 41.6221
    endloop
  endfacet
  facet normal 0 -1 -0
    outer loop
      vertex 57.015 55.5 41.6221
      vertex 56.215 55.5 39.6221
      vertex 57.015 55.5 39.6221
    endloop
  endfacet
  facet normal 0 -1 0
    outer loop
      vertex 56.215 56.9 39.6221
      vertex 55.465 56.9 41.6221
      vertex 54.265 56.9 40.4221
    endloop
  endfacet
  facet normal 0 -1 0
    outer loop
      vertex 56.215 56.9 39.6221
      vertex 54.265 56.9 40.4221
      vertex 54.265 56.9 39.6221
    endloop
  endfacet
  facet normal 0 -1 0
    outer loop
      vertex 55.465 56.9 41.6221
      vertex 56.215 56.9 39.6221
      vertex 56.215 56.9 41.6221
    endloop
  endfacet
  facet normal -1 0 0
    outer loop
      vertex 54.265 56.9 39.6221
      vertex 54.265 57.7 40.4221
      vertex 54.265 57.7 39.6221
    endloop
  endfacet
  facet normal -1 -0 0
    outer loop
      vertex 54.265 57.7 40.4221
      vertex 54.265 56.9 39.6221
      vertex 54.265 56.9 40.4221
    endloop
  endfacet
  facet normal -0.707107 0 0.707107
    outer loop
      vertex 54.265 56.9 40.4221
      vertex 55.465 57.7 41.6221
      vertex 54.265 57.7 40.4221
    endloop
  endfacet
  facet normal -0.707107 0 0.707107
    outer loop
      vertex 55.465 57.7 41.6221
      vertex 54.265 56.9 40.4221
      vertex 55.465 56.9 41.6221
    endloop
  endfacet
  facet normal 0 1 -0
    outer loop
      vertex 56.215 57.7 39.6221
      vertex 55.465 57.7 41.6221
      vertex 56.215 57.7 41.6221
    endloop
  endfacet
  facet normal 0 1 0
    outer loop
      vertex 55.465 57.7 41.6221
      vertex 56.215 57.7 39.6221
      vertex 54.265 57.7 40.4221
    endloop
  endfacet
  facet normal 0 1 0
    outer loop
      vertex 54.265 57.7 40.4221
      vertex 56.215 57.7 39.6221
      vertex 54.265 57.7 39.6221
    endloop
  endfacet
  facet normal 0 1 0
    outer loop
      vertex 44.015 57.7 39.6221
      vertex 44.765 57.7 41.6221
      vertex 45.965 57.7 40.4221
    endloop
  endfacet
  facet normal 0 1 0
    outer loop
      vertex 44.015 57.7 39.6221
      vertex 45.965 57.7 40.4221
      vertex 45.965 57.7 39.6221
    endloop
  endfacet
  facet normal 0 1 0
    outer loop
      vertex 44.765 57.7 41.6221
      vertex 44.015 57.7 39.6221
      vertex 44.015 57.7 41.6221
    endloop
  endfacet
  facet normal 0 1 -0
    outer loop
      vertex 57.015 59.35 38.6221
      vertex 43.215 59.35 43.6721
      vertex 57.015 59.35 43.6721
    endloop
  endfacet
  facet normal 0 1 0
    outer loop
      vertex 43.215 59.35 43.6721
      vertex 57.015 59.35 38.6221
      vertex 43.215 59.35 38.6221
    endloop
  endfacet
  facet normal 0 0.789352 0.613941
    outer loop
      vertex 62.5 58.734 45.0482
      vertex 59.465 58.7235 45.0617
      vertex 62.5 58.7235 45.0617
    endloop
  endfacet
  facet normal 0 0.789352 0.613941
    outer loop
      vertex 59.465 58.7235 45.0617
      vertex 62.5 58.734 45.0482
      vertex 59.465 58.734 45.0482
    endloop
  endfacet
  facet normal -0 0.67413 0.738612
    outer loop
      vertex 59.465 58.7235 45.0617
      vertex 62.5 58.7109 45.0732
      vertex 62.5 58.7235 45.0617
    endloop
  endfacet
  facet normal 0 0.67413 0.738612
    outer loop
      vertex 62.5 58.7109 45.0732
      vertex 59.465 58.7235 45.0617
      vertex 59.465 58.7109 45.0732
    endloop
  endfacet
  facet normal -0 0.538389 0.842696
    outer loop
      vertex 59.465 58.7109 45.0732
      vertex 62.5 58.6965 45.0824
      vertex 62.5 58.7109 45.0732
    endloop
  endfacet
  facet normal 0 0.538389 0.842696
    outer loop
      vertex 62.5 58.6965 45.0824
      vertex 59.465 58.7109 45.0732
      vertex 59.465 58.6965 45.0824
    endloop
  endfacet
  facet normal -0 0.3904 0.920645
    outer loop
      vertex 59.465 58.6965 45.0824
      vertex 62.5 58.6807 45.0891
      vertex 62.5 58.6965 45.0824
    endloop
  endfacet
  facet normal 0 0.3904 0.920645
    outer loop
      vertex 62.5 58.6807 45.0891
      vertex 59.465 58.6965 45.0824
      vertex 59.465 58.6807 45.0891
    endloop
  endfacet
  facet normal -0 0.223144 0.974786
    outer loop
      vertex 59.465 58.6807 45.0891
      vertex 62.5 58.6641 45.0929
      vertex 62.5 58.6807 45.0891
    endloop
  endfacet
  facet normal 0 0.223144 0.974786
    outer loop
      vertex 62.5 58.6641 45.0929
      vertex 59.465 58.6807 45.0891
      vertex 59.465 58.6641 45.0929
    endloop
  endfacet
  facet normal -0 0.0583798 0.998294
    outer loop
      vertex 59.465 58.6641 45.0929
      vertex 62.5 58.647 45.0939
      vertex 62.5 58.6641 45.0929
    endloop
  endfacet
  facet normal 0 0.0583798 0.998294
    outer loop
      vertex 62.5 58.647 45.0939
      vertex 59.465 58.6641 45.0929
      vertex 59.465 58.647 45.0939
    endloop
  endfacet
  facet normal 0 -0.116841 0.993151
    outer loop
      vertex 59.465 58.647 45.0939
      vertex 62.5 58.63 45.0919
      vertex 62.5 58.647 45.0939
    endloop
  endfacet
  facet normal 0 -0.116841 0.993151
    outer loop
      vertex 62.5 58.63 45.0919
      vertex 59.465 58.647 45.0939
      vertex 59.465 58.63 45.0919
    endloop
  endfacet
  facet normal 0 -0.280899 0.959737
    outer loop
      vertex 59.465 58.63 45.0919
      vertex 62.5 58.6136 45.0871
      vertex 62.5 58.63 45.0919
    endloop
  endfacet
  facet normal 0 -0.280899 0.959737
    outer loop
      vertex 62.5 58.6136 45.0871
      vertex 59.465 58.63 45.0919
      vertex 59.465 58.6136 45.0871
    endloop
  endfacet
  facet normal 0 -0.444871 0.895595
    outer loop
      vertex 59.465 58.6136 45.0871
      vertex 62.5 58.5983 45.0795
      vertex 62.5 58.6136 45.0871
    endloop
  endfacet
  facet normal 0 -0.444871 0.895595
    outer loop
      vertex 62.5 58.5983 45.0795
      vertex 59.465 58.6136 45.0871
      vertex 59.465 58.5983 45.0795
    endloop
  endfacet
  facet normal 0 -0.590603 0.806962
    outer loop
      vertex 59.465 58.5983 45.0795
      vertex 62.5 58.5845 45.0694
      vertex 62.5 58.5983 45.0795
    endloop
  endfacet
  facet normal 0 -0.590603 0.806962
    outer loop
      vertex 62.5 58.5845 45.0694
      vertex 59.465 58.5983 45.0795
      vertex 59.465 58.5845 45.0694
    endloop
  endfacet
  facet normal 0 -0.712926 0.701239
    outer loop
      vertex 59.465 58.5725 45.0572
      vertex 62.5 58.5845 45.0694
      vertex 59.465 58.5845 45.0694
    endloop
  endfacet
  facet normal 0 -0.712926 0.701239
    outer loop
      vertex 62.5 58.5845 45.0694
      vertex 59.465 58.5725 45.0572
      vertex 62.5 58.5725 45.0572
    endloop
  endfacet
  facet normal 0 -0.828443 0.560074
    outer loop
      vertex 59.465 58.5629 45.043
      vertex 62.5 58.5725 45.0572
      vertex 59.465 58.5725 45.0572
    endloop
  endfacet
  facet normal 0 -0.828443 0.560074
    outer loop
      vertex 62.5 58.5725 45.0572
      vertex 59.465 58.5629 45.043
      vertex 62.5 58.5629 45.043
    endloop
  endfacet
  facet normal 0 -0.909157 0.416453
    outer loop
      vertex 59.465 58.5558 45.0275
      vertex 62.5 58.5629 45.043
      vertex 59.465 58.5629 45.043
    endloop
  endfacet
  facet normal 0 -0.909157 0.416453
    outer loop
      vertex 62.5 58.5629 45.043
      vertex 59.465 58.5558 45.0275
      vertex 62.5 58.5558 45.0275
    endloop
  endfacet
  facet normal 0 -0.968049 0.25076
    outer loop
      vertex 59.465 58.5515 45.0109
      vertex 62.5 58.5558 45.0275
      vertex 59.465 58.5558 45.0275
    endloop
  endfacet
  facet normal 0 -0.968049 0.25076
    outer loop
      vertex 62.5 58.5558 45.0275
      vertex 59.465 58.5515 45.0109
      vertex 62.5 58.5515 45.0109
    endloop
  endfacet
  facet normal 0 -0.99613 0.0878938
    outer loop
      vertex 59.465 58.55 44.9939
      vertex 62.5 58.5515 45.0109
      vertex 59.465 58.5515 45.0109
    endloop
  endfacet
  facet normal 0 -0.99613 0.0878938
    outer loop
      vertex 62.5 58.5515 45.0109
      vertex 59.465 58.55 44.9939
      vertex 62.5 58.55 44.9939
    endloop
  endfacet
  facet normal 0 0.789352 0.613941
    outer loop
      vertex 56.215 58.734 45.0482
      vertex 44.015 58.7235 45.0617
      vertex 56.215 58.7235 45.0617
    endloop
  endfacet
  facet normal 0 0.789352 0.613941
    outer loop
      vertex 44.015 58.7235 45.0617
      vertex 56.215 58.734 45.0482
      vertex 44.015 58.734 45.0482
    endloop
  endfacet
  facet normal -0 0.67413 0.738612
    outer loop
      vertex 44.015 58.7235 45.0617
      vertex 56.215 58.7109 45.0732
      vertex 56.215 58.7235 45.0617
    endloop
  endfacet
  facet normal 0 0.67413 0.738612
    outer loop
      vertex 56.215 58.7109 45.0732
      vertex 44.015 58.7235 45.0617
      vertex 44.015 58.7109 45.0732
    endloop
  endfacet
  facet normal -0 0.538389 0.842696
    outer loop
      vertex 44.015 58.7109 45.0732
      vertex 56.215 58.6965 45.0824
      vertex 56.215 58.7109 45.0732
    endloop
  endfacet
  facet normal 0 0.538389 0.842696
    outer loop
      vertex 56.215 58.6965 45.0824
      vertex 44.015 58.7109 45.0732
      vertex 44.015 58.6965 45.0824
    endloop
  endfacet
  facet normal -0 0.3904 0.920645
    outer loop
      vertex 44.015 58.6965 45.0824
      vertex 56.215 58.6807 45.0891
      vertex 56.215 58.6965 45.0824
    endloop
  endfacet
  facet normal 0 0.3904 0.920645
    outer loop
      vertex 56.215 58.6807 45.0891
      vertex 44.015 58.6965 45.0824
      vertex 44.015 58.6807 45.0891
    endloop
  endfacet
  facet normal -0 0.223144 0.974786
    outer loop
      vertex 44.015 58.6807 45.0891
      vertex 56.215 58.6641 45.0929
      vertex 56.215 58.6807 45.0891
    endloop
  endfacet
  facet normal 0 0.223144 0.974786
    outer loop
      vertex 56.215 58.6641 45.0929
      vertex 44.015 58.6807 45.0891
      vertex 44.015 58.6641 45.0929
    endloop
  endfacet
  facet normal -0 0.0583798 0.998294
    outer loop
      vertex 44.015 58.6641 45.0929
      vertex 56.215 58.647 45.0939
      vertex 56.215 58.6641 45.0929
    endloop
  endfacet
  facet normal 0 0.0583798 0.998294
    outer loop
      vertex 56.215 58.647 45.0939
      vertex 44.015 58.6641 45.0929
      vertex 44.015 58.647 45.0939
    endloop
  endfacet
  facet normal 0 -0.116841 0.993151
    outer loop
      vertex 44.015 58.647 45.0939
      vertex 56.215 58.63 45.0919
      vertex 56.215 58.647 45.0939
    endloop
  endfacet
  facet normal 0 -0.116841 0.993151
    outer loop
      vertex 56.215 58.63 45.0919
      vertex 44.015 58.647 45.0939
      vertex 44.015 58.63 45.0919
    endloop
  endfacet
  facet normal 0 -0.280899 0.959737
    outer loop
      vertex 44.015 58.63 45.0919
      vertex 56.215 58.6136 45.0871
      vertex 56.215 58.63 45.0919
    endloop
  endfacet
  facet normal 0 -0.280899 0.959737
    outer loop
      vertex 56.215 58.6136 45.0871
      vertex 44.015 58.63 45.0919
      vertex 44.015 58.6136 45.0871
    endloop
  endfacet
  facet normal 0 -0.444871 0.895595
    outer loop
      vertex 44.015 58.6136 45.0871
      vertex 56.215 58.5983 45.0795
      vertex 56.215 58.6136 45.0871
    endloop
  endfacet
  facet normal 0 -0.444871 0.895595
    outer loop
      vertex 56.215 58.5983 45.0795
      vertex 44.015 58.6136 45.0871
      vertex 44.015 58.5983 45.0795
    endloop
  endfacet
  facet normal 0 -0.590603 0.806962
    outer loop
      vertex 44.015 58.5983 45.0795
      vertex 56.215 58.5845 45.0694
      vertex 56.215 58.5983 45.0795
    endloop
  endfacet
  facet normal 0 -0.590603 0.806962
    outer loop
      vertex 56.215 58.5845 45.0694
      vertex 44.015 58.5983 45.0795
      vertex 44.015 58.5845 45.0694
    endloop
  endfacet
  facet normal 0 -0.712926 0.701239
    outer loop
      vertex 44.015 58.5725 45.0572
      vertex 56.215 58.5845 45.0694
      vertex 44.015 58.5845 45.0694
    endloop
  endfacet
  facet normal 0 -0.712926 0.701239
    outer loop
      vertex 56.215 58.5845 45.0694
      vertex 44.015 58.5725 45.0572
      vertex 56.215 58.5725 45.0572
    endloop
  endfacet
  facet normal 0 -0.828443 0.560074
    outer loop
      vertex 44.015 58.5629 45.043
      vertex 56.215 58.5725 45.0572
      vertex 44.015 58.5725 45.0572
    endloop
  endfacet
  facet normal 0 -0.828443 0.560074
    outer loop
      vertex 56.215 58.5725 45.0572
      vertex 44.015 58.5629 45.043
      vertex 56.215 58.5629 45.043
    endloop
  endfacet
  facet normal 0 -0.909157 0.416453
    outer loop
      vertex 44.015 58.5558 45.0275
      vertex 56.215 58.5629 45.043
      vertex 44.015 58.5629 45.043
    endloop
  endfacet
  facet normal 0 -0.909157 0.416453
    outer loop
      vertex 56.215 58.5629 45.043
      vertex 44.015 58.5558 45.0275
      vertex 56.215 58.5558 45.0275
    endloop
  endfacet
  facet normal 0 -0.968049 0.25076
    outer loop
      vertex 44.015 58.5515 45.0109
      vertex 56.215 58.5558 45.0275
      vertex 44.015 58.5558 45.0275
    endloop
  endfacet
  facet normal 0 -0.968049 0.25076
    outer loop
      vertex 56.215 58.5558 45.0275
      vertex 44.015 58.5515 45.0109
      vertex 56.215 58.5515 45.0109
    endloop
  endfacet
  facet normal 0 -0.99613 0.0878938
    outer loop
      vertex 44.015 58.55 44.9939
      vertex 56.215 58.5515 45.0109
      vertex 44.015 58.5515 45.0109
    endloop
  endfacet
  facet normal 0 -0.99613 0.0878938
    outer loop
      vertex 56.215 58.5515 45.0109
      vertex 44.015 58.55 44.9939
      vertex 56.215 58.55 44.9939
    endloop
  endfacet
  facet normal 0.869705 0.493572 0
    outer loop
      vertex 91.3 59.65 43.6721
      vertex 89.6441 62.5678 41.4621
      vertex 89.6441 62.5678 43.6721
    endloop
  endfacet
  facet normal 0.869705 0.493572 0
    outer loop
      vertex 89.6441 62.5678 41.4621
      vertex 91.3 59.65 43.6721
      vertex 91.3 59.65 41.4621
    endloop
  endfacet
  facet normal -0.869696 -0.493588 0
    outer loop
      vertex 89.35 57.7 41.4621
      vertex 87.6585 60.6804 43.6721
      vertex 87.6585 60.6804 41.4621
    endloop
  endfacet
  facet normal -0.869696 -0.493588 0
    outer loop
      vertex 87.6585 60.6804 43.6721
      vertex 89.35 57.7 41.4621
      vertex 89.35 57.7 43.6721
    endloop
  endfacet
  facet normal 1 -0 0
    outer loop
      vertex 46.615 55.2 39.6221
      vertex 46.615 57.7 38.6221
      vertex 46.615 57.7 39.6221
    endloop
  endfacet
  facet normal 1 0 0
    outer loop
      vertex 46.615 57.7 38.6221
      vertex 46.615 55.2 39.6221
      vertex 46.615 55.2 38.6221
    endloop
  endfacet
  facet normal -1 0 0
    outer loop
      vertex 53.615 55.2 38.6221
      vertex 53.615 57.7 39.6221
      vertex 53.615 57.7 38.6221
    endloop
  endfacet
  facet normal -1 -0 0
    outer loop
      vertex 53.615 57.7 39.6221
      vertex 53.615 55.2 38.6221
      vertex 53.615 55.2 39.6221
    endloop
  endfacet
  facet normal 0 0.99619 -0.0872073
    outer loop
      vertex 35.465 84.2544 46.1512
      vertex 24.065 84.3 46.6721
      vertex 35.465 84.3 46.6721
    endloop
  endfacet
  facet normal 0 0.99619 -0.0872073
    outer loop
      vertex 24.065 84.3 46.6721
      vertex 35.465 84.2544 46.1512
      vertex 24.065 84.2544 46.1512
    endloop
  endfacet
  facet normal 0 0.965945 -0.258746
    outer loop
      vertex 35.465 84.1191 45.6461
      vertex 24.065 84.2544 46.1512
      vertex 35.465 84.2544 46.1512
    endloop
  endfacet
  facet normal 0 0.965945 -0.258746
    outer loop
      vertex 24.065 84.2544 46.1512
      vertex 35.465 84.1191 45.6461
      vertex 24.065 84.1191 45.6461
    endloop
  endfacet
  facet normal 0 0.90633 -0.422571
    outer loop
      vertex 35.465 83.8981 45.1721
      vertex 24.065 84.1191 45.6461
      vertex 35.465 84.1191 45.6461
    endloop
  endfacet
  facet normal 0 0.90633 -0.422571
    outer loop
      vertex 24.065 84.1191 45.6461
      vertex 35.465 83.8981 45.1721
      vertex 24.065 83.8981 45.1721
    endloop
  endfacet
  facet normal 0 0.819061 -0.573706
    outer loop
      vertex 35.465 83.5981 44.7438
      vertex 24.065 83.8981 45.1721
      vertex 35.465 83.8981 45.1721
    endloop
  endfacet
  facet normal 0 0.819061 -0.573706
    outer loop
      vertex 24.065 83.8981 45.1721
      vertex 35.465 83.5981 44.7438
      vertex 24.065 83.5981 44.7438
    endloop
  endfacet
  facet normal 0 0.707202 -0.707011
    outer loop
      vertex 35.465 83.2284 44.374
      vertex 24.065 83.5981 44.7438
      vertex 35.465 83.5981 44.7438
    endloop
  endfacet
  facet normal 0 0.707202 -0.707011
    outer loop
      vertex 24.065 83.5981 44.7438
      vertex 35.465 83.2284 44.374
      vertex 24.065 83.2284 44.374
    endloop
  endfacet
  facet normal 0 0.573488 -0.819214
    outer loop
      vertex 24.065 82.8 44.0741
      vertex 35.465 83.2284 44.374
      vertex 35.465 82.8 44.0741
    endloop
  endfacet
  facet normal 0 0.573488 -0.819214
    outer loop
      vertex 35.465 83.2284 44.374
      vertex 24.065 82.8 44.0741
      vertex 24.065 83.2284 44.374
    endloop
  endfacet
  facet normal 0 0.422645 -0.906295
    outer loop
      vertex 24.065 82.3261 43.8531
      vertex 35.465 82.8 44.0741
      vertex 35.465 82.3261 43.8531
    endloop
  endfacet
  facet normal 0 0.422645 -0.906295
    outer loop
      vertex 35.465 82.8 44.0741
      vertex 24.065 82.3261 43.8531
      vertex 24.065 82.8 44.0741
    endloop
  endfacet
  facet normal 0 0.258876 -0.96591
    outer loop
      vertex 24.065 81.8209 43.7177
      vertex 35.465 82.3261 43.8531
      vertex 35.465 81.8209 43.7177
    endloop
  endfacet
  facet normal 0 0.258876 -0.96591
    outer loop
      vertex 35.465 82.3261 43.8531
      vertex 24.065 81.8209 43.7177
      vertex 24.065 82.3261 43.8531
    endloop
  endfacet
  facet normal 0 0.0872073 -0.99619
    outer loop
      vertex 24.065 81.3 43.6721
      vertex 35.465 81.8209 43.7177
      vertex 35.465 81.3 43.6721
    endloop
  endfacet
  facet normal 0 0.0872073 -0.99619
    outer loop
      vertex 35.465 81.8209 43.7177
      vertex 24.065 81.3 43.6721
      vertex 24.065 81.8209 43.7177
    endloop
  endfacet
  facet normal 1 -0 0
    outer loop
      vertex 24.065 84.2544 46.1512
      vertex 24.065 84.3 43.6721
      vertex 24.065 84.3 46.6721
    endloop
  endfacet
  facet normal 1 -0 0
    outer loop
      vertex 24.065 84.1191 45.6461
      vertex 24.065 84.3 43.6721
      vertex 24.065 84.2544 46.1512
    endloop
  endfacet
  facet normal 1 -0 0
    outer loop
      vertex 24.065 83.8981 45.1721
      vertex 24.065 84.3 43.6721
      vertex 24.065 84.1191 45.6461
    endloop
  endfacet
  facet normal 1 -0 0
    outer loop
      vertex 24.065 83.5981 44.7438
      vertex 24.065 84.3 43.6721
      vertex 24.065 83.8981 45.1721
    endloop
  endfacet
  facet normal 1 -0 0
    outer loop
      vertex 24.065 83.2284 44.374
      vertex 24.065 84.3 43.6721
      vertex 24.065 83.5981 44.7438
    endloop
  endfacet
  facet normal 1 -0 0
    outer loop
      vertex 24.065 82.8 44.0741
      vertex 24.065 84.3 43.6721
      vertex 24.065 83.2284 44.374
    endloop
  endfacet
  facet normal 1 -0 0
    outer loop
      vertex 24.065 82.3261 43.8531
      vertex 24.065 84.3 43.6721
      vertex 24.065 82.8 44.0741
    endloop
  endfacet
  facet normal 1 -0 0
    outer loop
      vertex 24.065 81.8209 43.7177
      vertex 24.065 84.3 43.6721
      vertex 24.065 82.3261 43.8531
    endloop
  endfacet
  facet normal 1 0 0
    outer loop
      vertex 24.065 84.3 43.6721
      vertex 24.065 81.8209 43.7177
      vertex 24.065 81.3 43.6721
    endloop
  endfacet
  facet normal 0 -0.99619 -0.0872073
    outer loop
      vertex 24.065 57.7456 46.1512
      vertex 31.765 57.7 46.6721
      vertex 24.065 57.7 46.6721
    endloop
  endfacet
  facet normal 0 -0.99619 -0.0872073
    outer loop
      vertex 31.765 57.7 46.6721
      vertex 24.065 57.7456 46.1512
      vertex 31.765 57.7456 46.1512
    endloop
  endfacet
  facet normal 0 -0.965945 -0.258746
    outer loop
      vertex 24.065 57.8809 45.6461
      vertex 31.765 57.7456 46.1512
      vertex 24.065 57.7456 46.1512
    endloop
  endfacet
  facet normal 0 -0.965945 -0.258746
    outer loop
      vertex 31.765 57.7456 46.1512
      vertex 24.065 57.8809 45.6461
      vertex 31.765 57.8809 45.6461
    endloop
  endfacet
  facet normal 0 -0.90633 -0.422571
    outer loop
      vertex 24.065 58.1019 45.1721
      vertex 31.765 57.8809 45.6461
      vertex 24.065 57.8809 45.6461
    endloop
  endfacet
  facet normal 0 -0.90633 -0.422571
    outer loop
      vertex 31.765 57.8809 45.6461
      vertex 24.065 58.1019 45.1721
      vertex 31.765 58.1019 45.1721
    endloop
  endfacet
  facet normal 0 -0.819061 -0.573706
    outer loop
      vertex 24.065 58.4019 44.7438
      vertex 31.765 58.1019 45.1721
      vertex 24.065 58.1019 45.1721
    endloop
  endfacet
  facet normal 0 -0.819061 -0.573706
    outer loop
      vertex 31.765 58.1019 45.1721
      vertex 24.065 58.4019 44.7438
      vertex 31.765 58.4019 44.7438
    endloop
  endfacet
  facet normal 0 -0.707202 -0.707011
    outer loop
      vertex 24.065 58.4019 44.7438
      vertex 31.765 58.7716 44.374
      vertex 31.765 58.4019 44.7438
    endloop
  endfacet
  facet normal -0 -0.707202 -0.707011
    outer loop
      vertex 31.765 58.7716 44.374
      vertex 24.065 58.4019 44.7438
      vertex 24.065 58.7716 44.374
    endloop
  endfacet
  facet normal 0 -0.573488 -0.819214
    outer loop
      vertex 24.065 58.7716 44.374
      vertex 31.765 59.2 44.0741
      vertex 31.765 58.7716 44.374
    endloop
  endfacet
  facet normal -0 -0.573488 -0.819214
    outer loop
      vertex 31.765 59.2 44.0741
      vertex 24.065 58.7716 44.374
      vertex 24.065 59.2 44.0741
    endloop
  endfacet
  facet normal 0 -0.422645 -0.906295
    outer loop
      vertex 24.065 59.2 44.0741
      vertex 31.765 59.6739 43.8531
      vertex 31.765 59.2 44.0741
    endloop
  endfacet
  facet normal -0 -0.422645 -0.906295
    outer loop
      vertex 31.765 59.6739 43.8531
      vertex 24.065 59.2 44.0741
      vertex 24.065 59.6739 43.8531
    endloop
  endfacet
  facet normal 0 -0.258876 -0.96591
    outer loop
      vertex 24.065 59.6739 43.8531
      vertex 31.765 60.1791 43.7177
      vertex 31.765 59.6739 43.8531
    endloop
  endfacet
  facet normal -0 -0.258876 -0.96591
    outer loop
      vertex 31.765 60.1791 43.7177
      vertex 24.065 59.6739 43.8531
      vertex 24.065 60.1791 43.7177
    endloop
  endfacet
  facet normal 0 -0.0872073 -0.99619
    outer loop
      vertex 24.065 60.1791 43.7177
      vertex 31.765 60.7 43.6721
      vertex 31.765 60.1791 43.7177
    endloop
  endfacet
  facet normal -0 -0.0872073 -0.99619
    outer loop
      vertex 31.765 60.7 43.6721
      vertex 24.065 60.1791 43.7177
      vertex 24.065 60.7 43.6721
    endloop
  endfacet
  facet normal 1 -0 0
    outer loop
      vertex 72.6 83.45 48.5366
      vertex 72.6 85.1 47.712
      vertex 72.6 85.1 66.712
    endloop
  endfacet
  facet normal 1 0 0
    outer loop
      vertex 72.6 85.1 47.712
      vertex 72.6 84.1787 47.7272
      vertex 72.6 84.1853 47.712
    endloop
  endfacet
  facet normal 1 0 0
    outer loop
      vertex 72.6 85.1 47.712
      vertex 72.6 84.0877 47.8657
      vertex 72.6 84.1787 47.7272
    endloop
  endfacet
  facet normal 1 0 0
    outer loop
      vertex 72.6 85.1 47.712
      vertex 72.6 83.5984 48.4024
      vertex 72.6 84.0877 47.8657
    endloop
  endfacet
  facet normal 1 0 0
    outer loop
      vertex 72.6 85.1 47.712
      vertex 72.6 83.45 48.5366
      vertex 72.6 83.5984 48.4024
    endloop
  endfacet
  facet normal 1 0 0
    outer loop
      vertex 72.6 58.55 47.712
      vertex 72.6 83.45 48.5366
      vertex 72.6 58.55 49.7121
    endloop
  endfacet
  facet normal 1 0 0
    outer loop
      vertex 72.6 85.1 66.712
      vertex 72.6 58.55 49.7121
      vertex 72.6 83.45 48.5366
    endloop
  endfacet
  facet normal 1 -0 0
    outer loop
      vertex 72.6 52.1 66.712
      vertex 72.6 58.55 49.7121
      vertex 72.6 85.1 66.712
    endloop
  endfacet
  facet normal 1 0 0
    outer loop
      vertex 72.6 58.55 49.7121
      vertex 72.6 52.1 66.712
      vertex 72.6 57.7 49.7121
    endloop
  endfacet
  facet normal 1 0 0
    outer loop
      vertex 72.6 52.1 47.712
      vertex 72.6 57.7 49.7121
      vertex 72.6 52.1 66.712
    endloop
  endfacet
  facet normal 1 0 0
    outer loop
      vertex 72.6 57.7 49.7121
      vertex 72.6 52.1 47.712
      vertex 72.6 57.7 47.712
    endloop
  endfacet
  facet normal 1 0 0
    outer loop
      vertex 72.6 83.45 48.5366
      vertex 72.6 58.55 47.712
      vertex 72.6 83.45 47.712
    endloop
  endfacet
  facet normal 0 0 1
    outer loop
      vertex 72.6 85.1 66.712
      vertex 65.1 68.6 66.712
      vertex 72.6 52.1 66.712
    endloop
  endfacet
  facet normal 0 0 1
    outer loop
      vertex 72.6 85.1 66.712
      vertex 65.0928 68.747 66.712
      vertex 65.1 68.6 66.712
    endloop
  endfacet
  facet normal 0 0 1
    outer loop
      vertex 72.6 85.1 66.712
      vertex 65.0712 68.8926 66.712
      vertex 65.0928 68.747 66.712
    endloop
  endfacet
  facet normal 0 0 1
    outer loop
      vertex 72.6 85.1 66.712
      vertex 65.0354 69.0354 66.712
      vertex 65.0712 68.8926 66.712
    endloop
  endfacet
  facet normal 0 0 1
    outer loop
      vertex 72.6 85.1 66.712
      vertex 64.9858 69.174 66.712
      vertex 65.0354 69.0354 66.712
    endloop
  endfacet
  facet normal 0 0 1
    outer loop
      vertex 72.6 85.1 66.712
      vertex 64.9229 69.3071 66.712
      vertex 64.9858 69.174 66.712
    endloop
  endfacet
  facet normal 0 0 1
    outer loop
      vertex 72.6 85.1 66.712
      vertex 64.8472 69.4334 66.712
      vertex 64.9229 69.3071 66.712
    endloop
  endfacet
  facet normal 0 0 1
    outer loop
      vertex 72.6 85.1 66.712
      vertex 64.7595 69.5516 66.712
      vertex 64.8472 69.4334 66.712
    endloop
  endfacet
  facet normal 0 0 1
    outer loop
      vertex 72.6 85.1 66.712
      vertex 64.6607 69.6607 66.712
      vertex 64.7595 69.5516 66.712
    endloop
  endfacet
  facet normal 0 0 1
    outer loop
      vertex 72.6 85.1 66.712
      vertex 64.5516 69.7595 66.712
      vertex 64.6607 69.6607 66.712
    endloop
  endfacet
  facet normal 0 0 1
    outer loop
      vertex 72.6 85.1 66.712
      vertex 64.4334 69.8472 66.712
      vertex 64.5516 69.7595 66.712
    endloop
  endfacet
  facet normal 0 0 1
    outer loop
      vertex 72.6 85.1 66.712
      vertex 64.3071 69.9229 66.712
      vertex 64.4334 69.8472 66.712
    endloop
  endfacet
  facet normal 0 0 1
    outer loop
      vertex 72.6 85.1 66.712
      vertex 64.174 69.9858 66.712
      vertex 64.3071 69.9229 66.712
    endloop
  endfacet
  facet normal 0 0 1
    outer loop
      vertex 72.6 85.1 66.712
      vertex 64.0354 70.0354 66.712
      vertex 64.174 69.9858 66.712
    endloop
  endfacet
  facet normal 0 0 1
    outer loop
      vertex 72.6 85.1 66.712
      vertex 63.8926 70.0712 66.712
      vertex 64.0354 70.0354 66.712
    endloop
  endfacet
  facet normal 0 0 1
    outer loop
      vertex 72.6 85.1 66.712
      vertex 63.747 70.0928 66.712
      vertex 63.8926 70.0712 66.712
    endloop
  endfacet
  facet normal 0 0 1
    outer loop
      vertex 72.6 85.1 66.712
      vertex 63.6 70.1 66.712
      vertex 63.747 70.0928 66.712
    endloop
  endfacet
  facet normal 0 0 1
    outer loop
      vertex 72.6 85.1 66.712
      vertex 63.453 70.0928 66.712
      vertex 63.6 70.1 66.712
    endloop
  endfacet
  facet normal 0 0 1
    outer loop
      vertex 72.6 85.1 66.712
      vertex 63.3074 70.0712 66.712
      vertex 63.453 70.0928 66.712
    endloop
  endfacet
  facet normal 0 0 1
    outer loop
      vertex 72.6 85.1 66.712
      vertex 63.1646 70.0354 66.712
      vertex 63.3074 70.0712 66.712
    endloop
  endfacet
  facet normal 0 0 1
    outer loop
      vertex 72.6 85.1 66.712
      vertex 63.026 69.9858 66.712
      vertex 63.1646 70.0354 66.712
    endloop
  endfacet
  facet normal 0 0 1
    outer loop
      vertex 53.174 69.9858 66.712
      vertex 63.026 69.9858 66.712
      vertex 72.6 85.1 66.712
    endloop
  endfacet
  facet normal 0 0 1
    outer loop
      vertex 63.026 69.9858 66.712
      vertex 53.174 69.9858 66.712
      vertex 62.8929 69.9229 66.712
    endloop
  endfacet
  facet normal 0 -0 1
    outer loop
      vertex 53.3071 69.9229 66.712
      vertex 62.8929 69.9229 66.712
      vertex 53.174 69.9858 66.712
    endloop
  endfacet
  facet normal 0 0 1
    outer loop
      vertex 62.8929 69.9229 66.712
      vertex 53.3071 69.9229 66.712
      vertex 62.7666 69.8472 66.712
    endloop
  endfacet
  facet normal 0 -0 1
    outer loop
      vertex 53.4334 69.8472 66.712
      vertex 62.7666 69.8472 66.712
      vertex 53.3071 69.9229 66.712
    endloop
  endfacet
  facet normal 0 0 1
    outer loop
      vertex 62.7666 69.8472 66.712
      vertex 53.4334 69.8472 66.712
      vertex 62.6484 69.7595 66.712
    endloop
  endfacet
  facet normal 0 0 1
    outer loop
      vertex 62.1072 68.747 66.712
      vertex 54.1 68.6 66.712
      vertex 62.1 68.6 66.712
    endloop
  endfacet
  facet normal 0 0 1
    outer loop
      vertex 54.0928 68.747 66.712
      vertex 62.1072 68.747 66.712
      vertex 62.1288 68.8926 66.712
    endloop
  endfacet
  facet normal 0 0 1
    outer loop
      vertex 54.0712 68.8926 66.712
      vertex 62.1288 68.8926 66.712
      vertex 62.1646 69.0354 66.712
    endloop
  endfacet
  facet normal 0 0 1
    outer loop
      vertex 54.0354 69.0354 66.712
      vertex 62.1646 69.0354 66.712
      vertex 62.2142 69.174 66.712
    endloop
  endfacet
  facet normal 0 0 1
    outer loop
      vertex 53.9858 69.174 66.712
      vertex 62.2142 69.174 66.712
      vertex 62.2771 69.3071 66.712
    endloop
  endfacet
  facet normal 0 0 1
    outer loop
      vertex 53.9229 69.3071 66.712
      vertex 62.2771 69.3071 66.712
      vertex 62.3528 69.4334 66.712
    endloop
  endfacet
  facet normal 0 -0 1
    outer loop
      vertex 53.5516 69.7595 66.712
      vertex 62.6484 69.7595 66.712
      vertex 53.4334 69.8472 66.712
    endloop
  endfacet
  facet normal 0 0 1
    outer loop
      vertex 62.1072 68.747 66.712
      vertex 54.0928 68.747 66.712
      vertex 54.1 68.6 66.712
    endloop
  endfacet
  facet normal 0 0 1
    outer loop
      vertex 62.1288 68.8926 66.712
      vertex 54.0712 68.8926 66.712
      vertex 54.0928 68.747 66.712
    endloop
  endfacet
  facet normal 0 0 1
    outer loop
      vertex 62.1646 69.0354 66.712
      vertex 54.0354 69.0354 66.712
      vertex 54.0712 68.8926 66.712
    endloop
  endfacet
  facet normal 0 0 1
    outer loop
      vertex 62.2142 69.174 66.712
      vertex 53.9858 69.174 66.712
      vertex 54.0354 69.0354 66.712
    endloop
  endfacet
  facet normal 0 0 1
    outer loop
      vertex 62.2771 69.3071 66.712
      vertex 53.9229 69.3071 66.712
      vertex 53.9858 69.174 66.712
    endloop
  endfacet
  facet normal 0 0 1
    outer loop
      vertex 62.3528 69.4334 66.712
      vertex 53.8472 69.4334 66.712
      vertex 53.9229 69.3071 66.712
    endloop
  endfacet
  facet normal 0 0 1
    outer loop
      vertex 62.3528 69.4334 66.712
      vertex 53.7595 69.5516 66.712
      vertex 53.8472 69.4334 66.712
    endloop
  endfacet
  facet normal 0 0 1
    outer loop
      vertex 62.4405 69.5516 66.712
      vertex 53.7595 69.5516 66.712
      vertex 62.3528 69.4334 66.712
    endloop
  endfacet
  facet normal 0 -0 1
    outer loop
      vertex 53.7595 69.5516 66.712
      vertex 62.4405 69.5516 66.712
      vertex 53.6607 69.6607 66.712
    endloop
  endfacet
  facet normal 0 0 1
    outer loop
      vertex 62.5393 69.6607 66.712
      vertex 53.6607 69.6607 66.712
      vertex 62.4405 69.5516 66.712
    endloop
  endfacet
  facet normal 0 -0 1
    outer loop
      vertex 53.6607 69.6607 66.712
      vertex 62.5393 69.6607 66.712
      vertex 53.5516 69.7595 66.712
    endloop
  endfacet
  facet normal 0 0 1
    outer loop
      vertex 62.6484 69.7595 66.712
      vertex 53.5516 69.7595 66.712
      vertex 62.5393 69.6607 66.712
    endloop
  endfacet
  facet normal 0 0 1
    outer loop
      vertex 72.6 85.1 66.712
      vertex 53.0354 70.0354 66.712
      vertex 53.174 69.9858 66.712
    endloop
  endfacet
  facet normal 0 0 1
    outer loop
      vertex 72.6 85.1 66.712
      vertex 52.8926 70.0712 66.712
      vertex 53.0354 70.0354 66.712
    endloop
  endfacet
  facet normal 0 0 1
    outer loop
      vertex 72.6 85.1 66.712
      vertex 52.747 70.0928 66.712
      vertex 52.8926 70.0712 66.712
    endloop
  endfacet
  facet normal 0 0 1
    outer loop
      vertex 72.6 85.1 66.712
      vertex 52.6 70.1 66.712
      vertex 52.747 70.0928 66.712
    endloop
  endfacet
  facet normal 0 0 1
    outer loop
      vertex 72.6 85.1 66.712
      vertex 52.453 70.0928 66.712
      vertex 52.6 70.1 66.712
    endloop
  endfacet
  facet normal 0 0 1
    outer loop
      vertex 72.6 85.1 66.712
      vertex 52.3074 70.0712 66.712
      vertex 52.453 70.0928 66.712
    endloop
  endfacet
  facet normal 0 0 1
    outer loop
      vertex 41.8926 70.0712 66.712
      vertex 52.3074 70.0712 66.712
      vertex 72.6 85.1 66.712
    endloop
  endfacet
  facet normal 0 0 1
    outer loop
      vertex 52.3074 70.0712 66.712
      vertex 41.8926 70.0712 66.712
      vertex 52.1646 70.0354 66.712
    endloop
  endfacet
  facet normal 0 -0 1
    outer loop
      vertex 42.0354 70.0354 66.712
      vertex 52.1646 70.0354 66.712
      vertex 41.8926 70.0712 66.712
    endloop
  endfacet
  facet normal 0 0 1
    outer loop
      vertex 52.1646 70.0354 66.712
      vertex 42.0354 70.0354 66.712
      vertex 52.026 69.9858 66.712
    endloop
  endfacet
  facet normal 0 0 1
    outer loop
      vertex 51.1072 68.747 66.712
      vertex 43.1 68.6 66.712
      vertex 51.1 68.6 66.712
    endloop
  endfacet
  facet normal 0 0 1
    outer loop
      vertex 43.0928 68.747 66.712
      vertex 51.1072 68.747 66.712
      vertex 51.1288 68.8926 66.712
    endloop
  endfacet
  facet normal 0 0 1
    outer loop
      vertex 43.0712 68.8926 66.712
      vertex 51.1288 68.8926 66.712
      vertex 51.1646 69.0354 66.712
    endloop
  endfacet
  facet normal 0 0 1
    outer loop
      vertex 43.0354 69.0354 66.712
      vertex 51.1646 69.0354 66.712
      vertex 51.2142 69.174 66.712
    endloop
  endfacet
  facet normal 0 0 1
    outer loop
      vertex 42.9858 69.174 66.712
      vertex 51.2142 69.174 66.712
      vertex 51.2771 69.3071 66.712
    endloop
  endfacet
  facet normal 0 0 1
    outer loop
      vertex 42.9229 69.3071 66.712
      vertex 51.2771 69.3071 66.712
      vertex 51.3528 69.4334 66.712
    endloop
  endfacet
  facet normal 0 0 1
    outer loop
      vertex 42.8472 69.4334 66.712
      vertex 51.3528 69.4334 66.712
      vertex 51.4405 69.5516 66.712
    endloop
  endfacet
  facet normal 0 0 1
    outer loop
      vertex 42.7595 69.5516 66.712
      vertex 51.4405 69.5516 66.712
      vertex 51.5393 69.6607 66.712
    endloop
  endfacet
  facet normal 0 0 1
    outer loop
      vertex 42.6607 69.6607 66.712
      vertex 51.5393 69.6607 66.712
      vertex 51.6484 69.7595 66.712
    endloop
  endfacet
  facet normal 0 0 1
    outer loop
      vertex 42.5516 69.7595 66.712
      vertex 51.6484 69.7595 66.712
      vertex 51.7666 69.8472 66.712
    endloop
  endfacet
  facet normal 0 -0 1
    outer loop
      vertex 42.174 69.9858 66.712
      vertex 52.026 69.9858 66.712
      vertex 42.0354 70.0354 66.712
    endloop
  endfacet
  facet normal 0 0 1
    outer loop
      vertex 51.1072 68.747 66.712
      vertex 43.0928 68.747 66.712
      vertex 43.1 68.6 66.712
    endloop
  endfacet
  facet normal 0 0 1
    outer loop
      vertex 51.1288 68.8926 66.712
      vertex 43.0712 68.8926 66.712
      vertex 43.0928 68.747 66.712
    endloop
  endfacet
  facet normal 0 0 1
    outer loop
      vertex 51.1646 69.0354 66.712
      vertex 43.0354 69.0354 66.712
      vertex 43.0712 68.8926 66.712
    endloop
  endfacet
  facet normal 0 0 1
    outer loop
      vertex 51.2142 69.174 66.712
      vertex 42.9858 69.174 66.712
      vertex 43.0354 69.0354 66.712
    endloop
  endfacet
  facet normal 0 0 1
    outer loop
      vertex 51.2771 69.3071 66.712
      vertex 42.9229 69.3071 66.712
      vertex 42.9858 69.174 66.712
    endloop
  endfacet
  facet normal 0 0 1
    outer loop
      vertex 51.3528 69.4334 66.712
      vertex 42.8472 69.4334 66.712
      vertex 42.9229 69.3071 66.712
    endloop
  endfacet
  facet normal 0 0 1
    outer loop
      vertex 51.4405 69.5516 66.712
      vertex 42.7595 69.5516 66.712
      vertex 42.8472 69.4334 66.712
    endloop
  endfacet
  facet normal 0 0 1
    outer loop
      vertex 51.5393 69.6607 66.712
      vertex 42.6607 69.6607 66.712
      vertex 42.7595 69.5516 66.712
    endloop
  endfacet
  facet normal 0 0 1
    outer loop
      vertex 51.6484 69.7595 66.712
      vertex 42.5516 69.7595 66.712
      vertex 42.6607 69.6607 66.712
    endloop
  endfacet
  facet normal 0 0 1
    outer loop
      vertex 51.7666 69.8472 66.712
      vertex 42.4334 69.8472 66.712
      vertex 42.5516 69.7595 66.712
    endloop
  endfacet
  facet normal 0 0 1
    outer loop
      vertex 51.7666 69.8472 66.712
      vertex 42.3071 69.9229 66.712
      vertex 42.4334 69.8472 66.712
    endloop
  endfacet
  facet normal 0 0 1
    outer loop
      vertex 51.8929 69.9229 66.712
      vertex 42.3071 69.9229 66.712
      vertex 51.7666 69.8472 66.712
    endloop
  endfacet
  facet normal 0 -0 1
    outer loop
      vertex 42.3071 69.9229 66.712
      vertex 51.8929 69.9229 66.712
      vertex 42.174 69.9858 66.712
    endloop
  endfacet
  facet normal 0 0 1
    outer loop
      vertex 52.026 69.9858 66.712
      vertex 42.174 69.9858 66.712
      vertex 51.8929 69.9229 66.712
    endloop
  endfacet
  facet normal -0 0 1
    outer loop
      vertex 21.6 85.1 66.712
      vertex 41.8926 70.0712 66.712
      vertex 72.6 85.1 66.712
    endloop
  endfacet
  facet normal 0 0 1
    outer loop
      vertex 41.8926 70.0712 66.712
      vertex 21.6 85.1 66.712
      vertex 41.747 70.0928 66.712
    endloop
  endfacet
  facet normal 0 0 1
    outer loop
      vertex 41.747 70.0928 66.712
      vertex 21.6 85.1 66.712
      vertex 41.6 70.1 66.712
    endloop
  endfacet
  facet normal 0 0 1
    outer loop
      vertex 41.6 70.1 66.712
      vertex 21.6 85.1 66.712
      vertex 41.453 70.0928 66.712
    endloop
  endfacet
  facet normal 0 0 1
    outer loop
      vertex 41.453 70.0928 66.712
      vertex 21.6 85.1 66.712
      vertex 41.3074 70.0712 66.712
    endloop
  endfacet
  facet normal 0 0 1
    outer loop
      vertex 41.3074 70.0712 66.712
      vertex 21.6 85.1 66.712
      vertex 41.1646 70.0354 66.712
    endloop
  endfacet
  facet normal 0 0 1
    outer loop
      vertex 41.1646 70.0354 66.712
      vertex 21.6 85.1 66.712
      vertex 41.026 69.9858 66.712
    endloop
  endfacet
  facet normal 0 0 1
    outer loop
      vertex 40.1072 68.747 66.712
      vertex 32.1 68.6 66.712
      vertex 40.1 68.6 66.712
    endloop
  endfacet
  facet normal 0 0 1
    outer loop
      vertex 32.0928 68.747 66.712
      vertex 40.1072 68.747 66.712
      vertex 40.1288 68.8926 66.712
    endloop
  endfacet
  facet normal 0 0 1
    outer loop
      vertex 32.0712 68.8926 66.712
      vertex 40.1288 68.8926 66.712
      vertex 40.1646 69.0354 66.712
    endloop
  endfacet
  facet normal 0 0 1
    outer loop
      vertex 32.0354 69.0354 66.712
      vertex 40.1646 69.0354 66.712
      vertex 40.2142 69.174 66.712
    endloop
  endfacet
  facet normal 0 0 1
    outer loop
      vertex 31.9858 69.174 66.712
      vertex 40.2142 69.174 66.712
      vertex 40.2771 69.3071 66.712
    endloop
  endfacet
  facet normal 0 0 1
    outer loop
      vertex 31.9229 69.3071 66.712
      vertex 40.2771 69.3071 66.712
      vertex 40.3528 69.4334 66.712
    endloop
  endfacet
  facet normal 0 0 1
    outer loop
      vertex 31.8472 69.4334 66.712
      vertex 40.3528 69.4334 66.712
      vertex 40.4405 69.5516 66.712
    endloop
  endfacet
  facet normal 0 0 1
    outer loop
      vertex 31.7595 69.5516 66.712
      vertex 40.4405 69.5516 66.712
      vertex 40.5393 69.6607 66.712
    endloop
  endfacet
  facet normal 0 0 1
    outer loop
      vertex 31.6607 69.6607 66.712
      vertex 40.5393 69.6607 66.712
      vertex 40.6484 69.7595 66.712
    endloop
  endfacet
  facet normal 0 0 1
    outer loop
      vertex 31.5516 69.7595 66.712
      vertex 40.6484 69.7595 66.712
      vertex 40.7666 69.8472 66.712
    endloop
  endfacet
  facet normal 0 0 1
    outer loop
      vertex 31.4334 69.8472 66.712
      vertex 40.7666 69.8472 66.712
      vertex 40.8929 69.9229 66.712
    endloop
  endfacet
  facet normal 0 -0 1
    outer loop
      vertex 31.174 69.9858 66.712
      vertex 41.026 69.9858 66.712
      vertex 21.6 85.1 66.712
    endloop
  endfacet
  facet normal 0 0 1
    outer loop
      vertex 40.1072 68.747 66.712
      vertex 32.0928 68.747 66.712
      vertex 32.1 68.6 66.712
    endloop
  endfacet
  facet normal 0 0 1
    outer loop
      vertex 40.1288 68.8926 66.712
      vertex 32.0712 68.8926 66.712
      vertex 32.0928 68.747 66.712
    endloop
  endfacet
  facet normal 0 0 1
    outer loop
      vertex 40.1646 69.0354 66.712
      vertex 32.0354 69.0354 66.712
      vertex 32.0712 68.8926 66.712
    endloop
  endfacet
  facet normal 0 0 1
    outer loop
      vertex 40.2142 69.174 66.712
      vertex 31.9858 69.174 66.712
      vertex 32.0354 69.0354 66.712
    endloop
  endfacet
  facet normal 0 0 1
    outer loop
      vertex 40.2771 69.3071 66.712
      vertex 31.9229 69.3071 66.712
      vertex 31.9858 69.174 66.712
    endloop
  endfacet
  facet normal 0 0 1
    outer loop
      vertex 40.3528 69.4334 66.712
      vertex 31.8472 69.4334 66.712
      vertex 31.9229 69.3071 66.712
    endloop
  endfacet
  facet normal 0 0 1
    outer loop
      vertex 40.4405 69.5516 66.712
      vertex 31.7595 69.5516 66.712
      vertex 31.8472 69.4334 66.712
    endloop
  endfacet
  facet normal 0 0 1
    outer loop
      vertex 40.5393 69.6607 66.712
      vertex 31.6607 69.6607 66.712
      vertex 31.7595 69.5516 66.712
    endloop
  endfacet
  facet normal 0 0 1
    outer loop
      vertex 40.6484 69.7595 66.712
      vertex 31.5516 69.7595 66.712
      vertex 31.6607 69.6607 66.712
    endloop
  endfacet
  facet normal 0 0 1
    outer loop
      vertex 40.7666 69.8472 66.712
      vertex 31.4334 69.8472 66.712
      vertex 31.5516 69.7595 66.712
    endloop
  endfacet
  facet normal 0 0 1
    outer loop
      vertex 41.026 69.9858 66.712
      vertex 31.174 69.9858 66.712
      vertex 40.8929 69.9229 66.712
    endloop
  endfacet
  facet normal 0 0 1
    outer loop
      vertex 40.8929 69.9229 66.712
      vertex 31.3071 69.9229 66.712
      vertex 31.4334 69.8472 66.712
    endloop
  endfacet
  facet normal 0 0 1
    outer loop
      vertex 40.8929 69.9229 66.712
      vertex 31.174 69.9858 66.712
      vertex 31.3071 69.9229 66.712
    endloop
  endfacet
  facet normal 0 0 1
    outer loop
      vertex 31.174 69.9858 66.712
      vertex 21.6 85.1 66.712
      vertex 31.0354 70.0354 66.712
    endloop
  endfacet
  facet normal 0 0 1
    outer loop
      vertex 31.0354 70.0354 66.712
      vertex 21.6 85.1 66.712
      vertex 30.8926 70.0712 66.712
    endloop
  endfacet
  facet normal 0 0 1
    outer loop
      vertex 30.8926 70.0712 66.712
      vertex 21.6 85.1 66.712
      vertex 30.747 70.0928 66.712
    endloop
  endfacet
  facet normal 0 0 1
    outer loop
      vertex 30.747 70.0928 66.712
      vertex 21.6 85.1 66.712
      vertex 30.6 70.1 66.712
    endloop
  endfacet
  facet normal 0 0 1
    outer loop
      vertex 30.6 70.1 66.712
      vertex 21.6 85.1 66.712
      vertex 30.453 70.0928 66.712
    endloop
  endfacet
  facet normal 0 0 1
    outer loop
      vertex 30.453 70.0928 66.712
      vertex 21.6 85.1 66.712
      vertex 30.3074 70.0712 66.712
    endloop
  endfacet
  facet normal 0 0 1
    outer loop
      vertex 29.1072 68.747 66.712
      vertex 21.6 85.1 66.712
      vertex 29.1 68.6 66.712
    endloop
  endfacet
  facet normal 0 0 1
    outer loop
      vertex 29.1288 68.8926 66.712
      vertex 21.6 85.1 66.712
      vertex 29.1072 68.747 66.712
    endloop
  endfacet
  facet normal 0 0 1
    outer loop
      vertex 29.1646 69.0354 66.712
      vertex 21.6 85.1 66.712
      vertex 29.1288 68.8926 66.712
    endloop
  endfacet
  facet normal 0 0 1
    outer loop
      vertex 29.2142 69.174 66.712
      vertex 21.6 85.1 66.712
      vertex 29.1646 69.0354 66.712
    endloop
  endfacet
  facet normal 0 0 1
    outer loop
      vertex 29.2771 69.3071 66.712
      vertex 21.6 85.1 66.712
      vertex 29.2142 69.174 66.712
    endloop
  endfacet
  facet normal 0 0 1
    outer loop
      vertex 29.3528 69.4334 66.712
      vertex 21.6 85.1 66.712
      vertex 29.2771 69.3071 66.712
    endloop
  endfacet
  facet normal 0 0 1
    outer loop
      vertex 29.4405 69.5516 66.712
      vertex 21.6 85.1 66.712
      vertex 29.3528 69.4334 66.712
    endloop
  endfacet
  facet normal 0 0 1
    outer loop
      vertex 29.5393 69.6607 66.712
      vertex 21.6 85.1 66.712
      vertex 29.4405 69.5516 66.712
    endloop
  endfacet
  facet normal 0 0 1
    outer loop
      vertex 29.6484 69.7595 66.712
      vertex 21.6 85.1 66.712
      vertex 29.5393 69.6607 66.712
    endloop
  endfacet
  facet normal 0 0 1
    outer loop
      vertex 29.7666 69.8472 66.712
      vertex 21.6 85.1 66.712
      vertex 29.6484 69.7595 66.712
    endloop
  endfacet
  facet normal 0 0 1
    outer loop
      vertex 29.8929 69.9229 66.712
      vertex 21.6 85.1 66.712
      vertex 29.7666 69.8472 66.712
    endloop
  endfacet
  facet normal 0 0 1
    outer loop
      vertex 30.026 69.9858 66.712
      vertex 21.6 85.1 66.712
      vertex 29.8929 69.9229 66.712
    endloop
  endfacet
  facet normal 0 0 1
    outer loop
      vertex 30.1646 70.0354 66.712
      vertex 21.6 85.1 66.712
      vertex 30.026 69.9858 66.712
    endloop
  endfacet
  facet normal 0 0 1
    outer loop
      vertex 30.3074 70.0712 66.712
      vertex 21.6 85.1 66.712
      vertex 30.1646 70.0354 66.712
    endloop
  endfacet
  facet normal -0 0 1
    outer loop
      vertex 65.0928 68.453 66.712
      vertex 72.6 52.1 66.712
      vertex 65.1 68.6 66.712
    endloop
  endfacet
  facet normal -0 0 1
    outer loop
      vertex 65.0712 68.3074 66.712
      vertex 72.6 52.1 66.712
      vertex 65.0928 68.453 66.712
    endloop
  endfacet
  facet normal -0 0 1
    outer loop
      vertex 65.0354 68.1646 66.712
      vertex 72.6 52.1 66.712
      vertex 65.0712 68.3074 66.712
    endloop
  endfacet
  facet normal -0 0 1
    outer loop
      vertex 64.9858 68.026 66.712
      vertex 72.6 52.1 66.712
      vertex 65.0354 68.1646 66.712
    endloop
  endfacet
  facet normal -0 0 1
    outer loop
      vertex 64.9229 67.8929 66.712
      vertex 72.6 52.1 66.712
      vertex 64.9858 68.026 66.712
    endloop
  endfacet
  facet normal -0 0 1
    outer loop
      vertex 64.8472 67.7666 66.712
      vertex 72.6 52.1 66.712
      vertex 64.9229 67.8929 66.712
    endloop
  endfacet
  facet normal -0 0 1
    outer loop
      vertex 64.7595 67.6484 66.712
      vertex 72.6 52.1 66.712
      vertex 64.8472 67.7666 66.712
    endloop
  endfacet
  facet normal -0 0 1
    outer loop
      vertex 64.6607 67.5393 66.712
      vertex 72.6 52.1 66.712
      vertex 64.7595 67.6484 66.712
    endloop
  endfacet
  facet normal -0 0 1
    outer loop
      vertex 64.5516 67.4405 66.712
      vertex 72.6 52.1 66.712
      vertex 64.6607 67.5393 66.712
    endloop
  endfacet
  facet normal -0 0 1
    outer loop
      vertex 64.4334 67.3528 66.712
      vertex 72.6 52.1 66.712
      vertex 64.5516 67.4405 66.712
    endloop
  endfacet
  facet normal -0 0 1
    outer loop
      vertex 64.3071 67.2771 66.712
      vertex 72.6 52.1 66.712
      vertex 64.4334 67.3528 66.712
    endloop
  endfacet
  facet normal -0 0 1
    outer loop
      vertex 64.174 67.2142 66.712
      vertex 72.6 52.1 66.712
      vertex 64.3071 67.2771 66.712
    endloop
  endfacet
  facet normal -0 0 1
    outer loop
      vertex 64.0354 67.1646 66.712
      vertex 72.6 52.1 66.712
      vertex 64.174 67.2142 66.712
    endloop
  endfacet
  facet normal -0 0 1
    outer loop
      vertex 63.8926 67.1288 66.712
      vertex 72.6 52.1 66.712
      vertex 64.0354 67.1646 66.712
    endloop
  endfacet
  facet normal -0 0 1
    outer loop
      vertex 63.747 67.1072 66.712
      vertex 72.6 52.1 66.712
      vertex 63.8926 67.1288 66.712
    endloop
  endfacet
  facet normal -0 0 1
    outer loop
      vertex 63.6 67.1 66.712
      vertex 72.6 52.1 66.712
      vertex 63.747 67.1072 66.712
    endloop
  endfacet
  facet normal 0 0 1
    outer loop
      vertex 63.453 67.1072 66.712
      vertex 72.6 52.1 66.712
      vertex 63.6 67.1 66.712
    endloop
  endfacet
  facet normal 0 0 1
    outer loop
      vertex 63.3074 67.1288 66.712
      vertex 72.6 52.1 66.712
      vertex 63.453 67.1072 66.712
    endloop
  endfacet
  facet normal 0 0 1
    outer loop
      vertex 63.1646 67.1646 66.712
      vertex 72.6 52.1 66.712
      vertex 63.3074 67.1288 66.712
    endloop
  endfacet
  facet normal 0 0 1
    outer loop
      vertex 63.026 67.2142 66.712
      vertex 72.6 52.1 66.712
      vertex 63.1646 67.1646 66.712
    endloop
  endfacet
  facet normal 0 0 1
    outer loop
      vertex 53.174 67.2142 66.712
      vertex 63.026 67.2142 66.712
      vertex 62.8929 67.2771 66.712
    endloop
  endfacet
  facet normal 0 0 1
    outer loop
      vertex 53.3071 67.2771 66.712
      vertex 62.8929 67.2771 66.712
      vertex 62.7666 67.3528 66.712
    endloop
  endfacet
  facet normal 0 0 1
    outer loop
      vertex 53.4334 67.3528 66.712
      vertex 62.7666 67.3528 66.712
      vertex 62.6484 67.4405 66.712
    endloop
  endfacet
  facet normal 0 0 1
    outer loop
      vertex 53.5516 67.4405 66.712
      vertex 62.6484 67.4405 66.712
      vertex 62.5393 67.5393 66.712
    endloop
  endfacet
  facet normal 0 0 1
    outer loop
      vertex 53.6607 67.5393 66.712
      vertex 62.5393 67.5393 66.712
      vertex 62.4405 67.6484 66.712
    endloop
  endfacet
  facet normal 0 0 1
    outer loop
      vertex 53.7595 67.6484 66.712
      vertex 62.4405 67.6484 66.712
      vertex 62.3528 67.7666 66.712
    endloop
  endfacet
  facet normal -0 0 1
    outer loop
      vertex 54.1 68.6 66.712
      vertex 62.1072 68.453 66.712
      vertex 62.1 68.6 66.712
    endloop
  endfacet
  facet normal 0 0 1
    outer loop
      vertex 54.0928 68.453 66.712
      vertex 62.1072 68.453 66.712
      vertex 54.1 68.6 66.712
    endloop
  endfacet
  facet normal 0 0 1
    outer loop
      vertex 62.1072 68.453 66.712
      vertex 54.0928 68.453 66.712
      vertex 62.1288 68.3074 66.712
    endloop
  endfacet
  facet normal 0 0 1
    outer loop
      vertex 54.0712 68.3074 66.712
      vertex 62.1288 68.3074 66.712
      vertex 54.0928 68.453 66.712
    endloop
  endfacet
  facet normal 0 0 1
    outer loop
      vertex 62.1288 68.3074 66.712
      vertex 54.0712 68.3074 66.712
      vertex 62.1646 68.1646 66.712
    endloop
  endfacet
  facet normal 0 0 1
    outer loop
      vertex 54.0354 68.1646 66.712
      vertex 62.1646 68.1646 66.712
      vertex 54.0712 68.3074 66.712
    endloop
  endfacet
  facet normal 0 0 1
    outer loop
      vertex 62.1646 68.1646 66.712
      vertex 54.0354 68.1646 66.712
      vertex 62.2142 68.026 66.712
    endloop
  endfacet
  facet normal 0 0 1
    outer loop
      vertex 53.9858 68.026 66.712
      vertex 62.2142 68.026 66.712
      vertex 54.0354 68.1646 66.712
    endloop
  endfacet
  facet normal 0 0 1
    outer loop
      vertex 62.2142 68.026 66.712
      vertex 53.9858 68.026 66.712
      vertex 62.2771 67.8929 66.712
    endloop
  endfacet
  facet normal 0 0 1
    outer loop
      vertex 53.9229 67.8929 66.712
      vertex 62.2771 67.8929 66.712
      vertex 53.9858 68.026 66.712
    endloop
  endfacet
  facet normal 0 0 1
    outer loop
      vertex 62.2771 67.8929 66.712
      vertex 53.9229 67.8929 66.712
      vertex 62.3528 67.7666 66.712
    endloop
  endfacet
  facet normal 0 0 1
    outer loop
      vertex 53.8472 67.7666 66.712
      vertex 62.3528 67.7666 66.712
      vertex 53.9229 67.8929 66.712
    endloop
  endfacet
  facet normal 0 0 1
    outer loop
      vertex 53.7595 67.6484 66.712
      vertex 62.3528 67.7666 66.712
      vertex 53.8472 67.7666 66.712
    endloop
  endfacet
  facet normal 0 0 1
    outer loop
      vertex 62.4405 67.6484 66.712
      vertex 53.7595 67.6484 66.712
      vertex 53.6607 67.5393 66.712
    endloop
  endfacet
  facet normal 0 0 1
    outer loop
      vertex 62.5393 67.5393 66.712
      vertex 53.6607 67.5393 66.712
      vertex 53.5516 67.4405 66.712
    endloop
  endfacet
  facet normal 0 0 1
    outer loop
      vertex 62.6484 67.4405 66.712
      vertex 53.5516 67.4405 66.712
      vertex 53.4334 67.3528 66.712
    endloop
  endfacet
  facet normal 0 0 1
    outer loop
      vertex 62.7666 67.3528 66.712
      vertex 53.4334 67.3528 66.712
      vertex 53.3071 67.2771 66.712
    endloop
  endfacet
  facet normal 0 0 1
    outer loop
      vertex 62.8929 67.2771 66.712
      vertex 53.3071 67.2771 66.712
      vertex 53.174 67.2142 66.712
    endloop
  endfacet
  facet normal 0 0 1
    outer loop
      vertex 63.026 67.2142 66.712
      vertex 53.174 67.2142 66.712
      vertex 72.6 52.1 66.712
    endloop
  endfacet
  facet normal -0 0 1
    outer loop
      vertex 53.0354 67.1646 66.712
      vertex 72.6 52.1 66.712
      vertex 53.174 67.2142 66.712
    endloop
  endfacet
  facet normal -0 0 1
    outer loop
      vertex 52.8926 67.1288 66.712
      vertex 72.6 52.1 66.712
      vertex 53.0354 67.1646 66.712
    endloop
  endfacet
  facet normal -0 0 1
    outer loop
      vertex 52.747 67.1072 66.712
      vertex 72.6 52.1 66.712
      vertex 52.8926 67.1288 66.712
    endloop
  endfacet
  facet normal -0 0 1
    outer loop
      vertex 52.6 67.1 66.712
      vertex 72.6 52.1 66.712
      vertex 52.747 67.1072 66.712
    endloop
  endfacet
  facet normal 0 0 1
    outer loop
      vertex 52.453 67.1072 66.712
      vertex 72.6 52.1 66.712
      vertex 52.6 67.1 66.712
    endloop
  endfacet
  facet normal 0 0 1
    outer loop
      vertex 52.3074 67.1288 66.712
      vertex 72.6 52.1 66.712
      vertex 52.453 67.1072 66.712
    endloop
  endfacet
  facet normal 0 0 1
    outer loop
      vertex 41.8926 67.1288 66.712
      vertex 52.3074 67.1288 66.712
      vertex 52.1646 67.1646 66.712
    endloop
  endfacet
  facet normal 0 0 1
    outer loop
      vertex 42.0354 67.1646 66.712
      vertex 52.1646 67.1646 66.712
      vertex 52.026 67.2142 66.712
    endloop
  endfacet
  facet normal 0 0 1
    outer loop
      vertex 42.174 67.2142 66.712
      vertex 52.026 67.2142 66.712
      vertex 51.8929 67.2771 66.712
    endloop
  endfacet
  facet normal 0 0 1
    outer loop
      vertex 42.3071 67.2771 66.712
      vertex 51.8929 67.2771 66.712
      vertex 51.7666 67.3528 66.712
    endloop
  endfacet
  facet normal -0 0 1
    outer loop
      vertex 43.1 68.6 66.712
      vertex 51.1072 68.453 66.712
      vertex 51.1 68.6 66.712
    endloop
  endfacet
  facet normal 0 0 1
    outer loop
      vertex 43.0928 68.453 66.712
      vertex 51.1072 68.453 66.712
      vertex 43.1 68.6 66.712
    endloop
  endfacet
  facet normal 0 0 1
    outer loop
      vertex 51.1072 68.453 66.712
      vertex 43.0928 68.453 66.712
      vertex 51.1288 68.3074 66.712
    endloop
  endfacet
  facet normal 0 0 1
    outer loop
      vertex 43.0712 68.3074 66.712
      vertex 51.1288 68.3074 66.712
      vertex 43.0928 68.453 66.712
    endloop
  endfacet
  facet normal 0 0 1
    outer loop
      vertex 51.1288 68.3074 66.712
      vertex 43.0712 68.3074 66.712
      vertex 51.1646 68.1646 66.712
    endloop
  endfacet
  facet normal 0 0 1
    outer loop
      vertex 43.0354 68.1646 66.712
      vertex 51.1646 68.1646 66.712
      vertex 43.0712 68.3074 66.712
    endloop
  endfacet
  facet normal 0 0 1
    outer loop
      vertex 51.1646 68.1646 66.712
      vertex 43.0354 68.1646 66.712
      vertex 51.2142 68.026 66.712
    endloop
  endfacet
  facet normal 0 0 1
    outer loop
      vertex 42.9858 68.026 66.712
      vertex 51.2142 68.026 66.712
      vertex 43.0354 68.1646 66.712
    endloop
  endfacet
  facet normal 0 0 1
    outer loop
      vertex 51.2142 68.026 66.712
      vertex 42.9858 68.026 66.712
      vertex 51.2771 67.8929 66.712
    endloop
  endfacet
  facet normal 0 0 1
    outer loop
      vertex 42.9229 67.8929 66.712
      vertex 51.2771 67.8929 66.712
      vertex 42.9858 68.026 66.712
    endloop
  endfacet
  facet normal 0 0 1
    outer loop
      vertex 51.2771 67.8929 66.712
      vertex 42.9229 67.8929 66.712
      vertex 51.3528 67.7666 66.712
    endloop
  endfacet
  facet normal 0 0 1
    outer loop
      vertex 42.8472 67.7666 66.712
      vertex 51.3528 67.7666 66.712
      vertex 42.9229 67.8929 66.712
    endloop
  endfacet
  facet normal 0 0 1
    outer loop
      vertex 51.3528 67.7666 66.712
      vertex 42.8472 67.7666 66.712
      vertex 51.4405 67.6484 66.712
    endloop
  endfacet
  facet normal 0 0 1
    outer loop
      vertex 42.7595 67.6484 66.712
      vertex 51.4405 67.6484 66.712
      vertex 42.8472 67.7666 66.712
    endloop
  endfacet
  facet normal 0 0 1
    outer loop
      vertex 51.4405 67.6484 66.712
      vertex 42.7595 67.6484 66.712
      vertex 51.5393 67.5393 66.712
    endloop
  endfacet
  facet normal 0 0 1
    outer loop
      vertex 42.6607 67.5393 66.712
      vertex 51.5393 67.5393 66.712
      vertex 42.7595 67.6484 66.712
    endloop
  endfacet
  facet normal 0 0 1
    outer loop
      vertex 51.5393 67.5393 66.712
      vertex 42.6607 67.5393 66.712
      vertex 51.6484 67.4405 66.712
    endloop
  endfacet
  facet normal 0 0 1
    outer loop
      vertex 42.5516 67.4405 66.712
      vertex 51.6484 67.4405 66.712
      vertex 42.6607 67.5393 66.712
    endloop
  endfacet
  facet normal 0 0 1
    outer loop
      vertex 51.6484 67.4405 66.712
      vertex 42.5516 67.4405 66.712
      vertex 51.7666 67.3528 66.712
    endloop
  endfacet
  facet normal 0 0 1
    outer loop
      vertex 42.4334 67.3528 66.712
      vertex 51.7666 67.3528 66.712
      vertex 42.5516 67.4405 66.712
    endloop
  endfacet
  facet normal 0 0 1
    outer loop
      vertex 42.3071 67.2771 66.712
      vertex 51.7666 67.3528 66.712
      vertex 42.4334 67.3528 66.712
    endloop
  endfacet
  facet normal 0 0 1
    outer loop
      vertex 51.8929 67.2771 66.712
      vertex 42.3071 67.2771 66.712
      vertex 42.174 67.2142 66.712
    endloop
  endfacet
  facet normal 0 0 1
    outer loop
      vertex 52.026 67.2142 66.712
      vertex 42.174 67.2142 66.712
      vertex 42.0354 67.1646 66.712
    endloop
  endfacet
  facet normal 0 0 1
    outer loop
      vertex 52.1646 67.1646 66.712
      vertex 42.0354 67.1646 66.712
      vertex 41.8926 67.1288 66.712
    endloop
  endfacet
  facet normal 0 0 1
    outer loop
      vertex 52.3074 67.1288 66.712
      vertex 41.8926 67.1288 66.712
      vertex 72.6 52.1 66.712
    endloop
  endfacet
  facet normal 0 0 1
    outer loop
      vertex 21.6 52.1 66.712
      vertex 41.8926 67.1288 66.712
      vertex 41.747 67.1072 66.712
    endloop
  endfacet
  facet normal 0 0 1
    outer loop
      vertex 21.6 52.1 66.712
      vertex 41.747 67.1072 66.712
      vertex 41.6 67.1 66.712
    endloop
  endfacet
  facet normal 0 0 1
    outer loop
      vertex 21.6 52.1 66.712
      vertex 41.6 67.1 66.712
      vertex 41.453 67.1072 66.712
    endloop
  endfacet
  facet normal 0 0 1
    outer loop
      vertex 21.6 52.1 66.712
      vertex 41.453 67.1072 66.712
      vertex 41.3074 67.1288 66.712
    endloop
  endfacet
  facet normal 0 0 1
    outer loop
      vertex 21.6 52.1 66.712
      vertex 41.3074 67.1288 66.712
      vertex 41.1646 67.1646 66.712
    endloop
  endfacet
  facet normal 0 0 1
    outer loop
      vertex 21.6 52.1 66.712
      vertex 41.1646 67.1646 66.712
      vertex 41.026 67.2142 66.712
    endloop
  endfacet
  facet normal 0 0 1
    outer loop
      vertex 31.174 67.2142 66.712
      vertex 41.026 67.2142 66.712
      vertex 40.8929 67.2771 66.712
    endloop
  endfacet
  facet normal -0 0 1
    outer loop
      vertex 32.1 68.6 66.712
      vertex 40.1072 68.453 66.712
      vertex 40.1 68.6 66.712
    endloop
  endfacet
  facet normal 0 0 1
    outer loop
      vertex 32.0928 68.453 66.712
      vertex 40.1072 68.453 66.712
      vertex 32.1 68.6 66.712
    endloop
  endfacet
  facet normal 0 0 1
    outer loop
      vertex 40.1072 68.453 66.712
      vertex 32.0928 68.453 66.712
      vertex 40.1288 68.3074 66.712
    endloop
  endfacet
  facet normal 0 0 1
    outer loop
      vertex 32.0712 68.3074 66.712
      vertex 40.1288 68.3074 66.712
      vertex 32.0928 68.453 66.712
    endloop
  endfacet
  facet normal 0 0 1
    outer loop
      vertex 40.1288 68.3074 66.712
      vertex 32.0712 68.3074 66.712
      vertex 40.1646 68.1646 66.712
    endloop
  endfacet
  facet normal 0 0 1
    outer loop
      vertex 32.0354 68.1646 66.712
      vertex 40.1646 68.1646 66.712
      vertex 32.0712 68.3074 66.712
    endloop
  endfacet
  facet normal 0 0 1
    outer loop
      vertex 40.1646 68.1646 66.712
      vertex 32.0354 68.1646 66.712
      vertex 40.2142 68.026 66.712
    endloop
  endfacet
  facet normal 0 0 1
    outer loop
      vertex 31.9858 68.026 66.712
      vertex 40.2142 68.026 66.712
      vertex 32.0354 68.1646 66.712
    endloop
  endfacet
  facet normal 0 0 1
    outer loop
      vertex 40.2142 68.026 66.712
      vertex 31.9858 68.026 66.712
      vertex 40.2771 67.8929 66.712
    endloop
  endfacet
  facet normal 0 0 1
    outer loop
      vertex 31.9229 67.8929 66.712
      vertex 40.2771 67.8929 66.712
      vertex 31.9858 68.026 66.712
    endloop
  endfacet
  facet normal 0 0 1
    outer loop
      vertex 40.2771 67.8929 66.712
      vertex 31.9229 67.8929 66.712
      vertex 40.3528 67.7666 66.712
    endloop
  endfacet
  facet normal 0 0 1
    outer loop
      vertex 31.8472 67.7666 66.712
      vertex 40.3528 67.7666 66.712
      vertex 31.9229 67.8929 66.712
    endloop
  endfacet
  facet normal 0 0 1
    outer loop
      vertex 40.3528 67.7666 66.712
      vertex 31.8472 67.7666 66.712
      vertex 40.4405 67.6484 66.712
    endloop
  endfacet
  facet normal 0 0 1
    outer loop
      vertex 31.7595 67.6484 66.712
      vertex 40.4405 67.6484 66.712
      vertex 31.8472 67.7666 66.712
    endloop
  endfacet
  facet normal 0 0 1
    outer loop
      vertex 40.4405 67.6484 66.712
      vertex 31.7595 67.6484 66.712
      vertex 40.5393 67.5393 66.712
    endloop
  endfacet
  facet normal 0 0 1
    outer loop
      vertex 31.6607 67.5393 66.712
      vertex 40.5393 67.5393 66.712
      vertex 31.7595 67.6484 66.712
    endloop
  endfacet
  facet normal 0 0 1
    outer loop
      vertex 40.5393 67.5393 66.712
      vertex 31.6607 67.5393 66.712
      vertex 40.6484 67.4405 66.712
    endloop
  endfacet
  facet normal 0 0 1
    outer loop
      vertex 31.5516 67.4405 66.712
      vertex 40.6484 67.4405 66.712
      vertex 31.6607 67.5393 66.712
    endloop
  endfacet
  facet normal 0 0 1
    outer loop
      vertex 40.6484 67.4405 66.712
      vertex 31.5516 67.4405 66.712
      vertex 40.7666 67.3528 66.712
    endloop
  endfacet
  facet normal 0 0 1
    outer loop
      vertex 31.4334 67.3528 66.712
      vertex 40.7666 67.3528 66.712
      vertex 31.5516 67.4405 66.712
    endloop
  endfacet
  facet normal 0 0 1
    outer loop
      vertex 40.7666 67.3528 66.712
      vertex 31.4334 67.3528 66.712
      vertex 40.8929 67.2771 66.712
    endloop
  endfacet
  facet normal 0 0 1
    outer loop
      vertex 31.3071 67.2771 66.712
      vertex 40.8929 67.2771 66.712
      vertex 31.4334 67.3528 66.712
    endloop
  endfacet
  facet normal 0 0 1
    outer loop
      vertex 31.174 67.2142 66.712
      vertex 40.8929 67.2771 66.712
      vertex 31.3071 67.2771 66.712
    endloop
  endfacet
  facet normal 0 0 1
    outer loop
      vertex 41.026 67.2142 66.712
      vertex 31.174 67.2142 66.712
      vertex 21.6 52.1 66.712
    endloop
  endfacet
  facet normal 0 0 1
    outer loop
      vertex 21.6 52.1 66.712
      vertex 31.174 67.2142 66.712
      vertex 31.0354 67.1646 66.712
    endloop
  endfacet
  facet normal 0 0 1
    outer loop
      vertex 21.6 52.1 66.712
      vertex 31.0354 67.1646 66.712
      vertex 30.8926 67.1288 66.712
    endloop
  endfacet
  facet normal 0 0 1
    outer loop
      vertex 21.6 52.1 66.712
      vertex 30.8926 67.1288 66.712
      vertex 30.747 67.1072 66.712
    endloop
  endfacet
  facet normal 0 0 1
    outer loop
      vertex 21.6 52.1 66.712
      vertex 30.747 67.1072 66.712
      vertex 30.6 67.1 66.712
    endloop
  endfacet
  facet normal 0 0 1
    outer loop
      vertex 21.6 52.1 66.712
      vertex 30.6 67.1 66.712
      vertex 30.453 67.1072 66.712
    endloop
  endfacet
  facet normal 0 0 1
    outer loop
      vertex 21.6 52.1 66.712
      vertex 30.453 67.1072 66.712
      vertex 30.3074 67.1288 66.712
    endloop
  endfacet
  facet normal 0 0 1
    outer loop
      vertex 21.6 52.1 66.712
      vertex 30.3074 67.1288 66.712
      vertex 30.1646 67.1646 66.712
    endloop
  endfacet
  facet normal 0 0 1
    outer loop
      vertex 21.6 52.1 66.712
      vertex 29.1 68.6 66.712
      vertex 21.6 85.1 66.712
    endloop
  endfacet
  facet normal 0 0 1
    outer loop
      vertex 29.1 68.6 66.712
      vertex 21.6 52.1 66.712
      vertex 29.1072 68.453 66.712
    endloop
  endfacet
  facet normal 0 0 1
    outer loop
      vertex 29.1072 68.453 66.712
      vertex 21.6 52.1 66.712
      vertex 29.1288 68.3074 66.712
    endloop
  endfacet
  facet normal 0 0 1
    outer loop
      vertex 29.1288 68.3074 66.712
      vertex 21.6 52.1 66.712
      vertex 29.1646 68.1646 66.712
    endloop
  endfacet
  facet normal 0 0 1
    outer loop
      vertex 41.8926 67.1288 66.712
      vertex 21.6 52.1 66.712
      vertex 72.6 52.1 66.712
    endloop
  endfacet
  facet normal 0 0 1
    outer loop
      vertex 30.026 67.2142 66.712
      vertex 21.6 52.1 66.712
      vertex 30.1646 67.1646 66.712
    endloop
  endfacet
  facet normal 0 0 1
    outer loop
      vertex 29.8929 67.2771 66.712
      vertex 21.6 52.1 66.712
      vertex 30.026 67.2142 66.712
    endloop
  endfacet
  facet normal 0 0 1
    outer loop
      vertex 29.7666 67.3528 66.712
      vertex 21.6 52.1 66.712
      vertex 29.8929 67.2771 66.712
    endloop
  endfacet
  facet normal 0 0 1
    outer loop
      vertex 29.6484 67.4405 66.712
      vertex 21.6 52.1 66.712
      vertex 29.7666 67.3528 66.712
    endloop
  endfacet
  facet normal 0 0 1
    outer loop
      vertex 29.5393 67.5393 66.712
      vertex 21.6 52.1 66.712
      vertex 29.6484 67.4405 66.712
    endloop
  endfacet
  facet normal 0 0 1
    outer loop
      vertex 29.4405 67.6484 66.712
      vertex 21.6 52.1 66.712
      vertex 29.5393 67.5393 66.712
    endloop
  endfacet
  facet normal 0 0 1
    outer loop
      vertex 29.3528 67.7666 66.712
      vertex 21.6 52.1 66.712
      vertex 29.4405 67.6484 66.712
    endloop
  endfacet
  facet normal 0 0 1
    outer loop
      vertex 29.2771 67.8929 66.712
      vertex 21.6 52.1 66.712
      vertex 29.3528 67.7666 66.712
    endloop
  endfacet
  facet normal 0 0 1
    outer loop
      vertex 29.2142 68.026 66.712
      vertex 21.6 52.1 66.712
      vertex 29.2771 67.8929 66.712
    endloop
  endfacet
  facet normal 0 0 1
    outer loop
      vertex 29.1646 68.1646 66.712
      vertex 21.6 52.1 66.712
      vertex 29.2142 68.026 66.712
    endloop
  endfacet
  facet normal 0 0 -1
    outer loop
      vertex 25.865 76.35 47.712
      vertex 26.565 82.5 47.712
      vertex 26.565 76.35 47.712
    endloop
  endfacet
  facet normal -0 0 -1
    outer loop
      vertex 26.565 82.5 47.712
      vertex 25.865 76.35 47.712
      vertex 25.865 82.5 47.712
    endloop
  endfacet
  facet normal 0 0 -1
    outer loop
      vertex 24.465 58.55 47.712
      vertex 26.565 59.95 47.712
      vertex 44.015 58.55 47.712
    endloop
  endfacet
  facet normal 0 0 -1
    outer loop
      vertex 24.465 64.7 47.712
      vertex 25.865 76.35 47.712
      vertex 25.865 59.95 47.712
    endloop
  endfacet
  facet normal 0 0 -1
    outer loop
      vertex 23.065 64.7 47.712
      vertex 25.865 76.35 47.712
      vertex 24.465 64.7 47.712
    endloop
  endfacet
  facet normal 0 0 -1
    outer loop
      vertex 24.465 62.35 47.712
      vertex 25.865 59.95 47.712
      vertex 24.465 58.55 47.712
    endloop
  endfacet
  facet normal -0 0 -1
    outer loop
      vertex 26.565 59.95 47.712
      vertex 24.465 58.55 47.712
      vertex 25.865 59.95 47.712
    endloop
  endfacet
  facet normal 0 0 -1
    outer loop
      vertex 72.6 52.1 47.712
      vertex 68.265 57.7 47.712
      vertex 72.6 57.7 47.712
    endloop
  endfacet
  facet normal 0 0 -1
    outer loop
      vertex 68.265 57.7 47.712
      vertex 59.465 57.7 47.712
      vertex 68.265 58.55 47.712
    endloop
  endfacet
  facet normal 0 0 -1
    outer loop
      vertex 72.6 52.1 47.712
      vertex 59.465 57.7 47.712
      vertex 68.265 57.7 47.712
    endloop
  endfacet
  facet normal 0 0 -1
    outer loop
      vertex 72.6 52.1 47.712
      vertex 56.215 57.7 47.712
      vertex 59.465 57.7 47.712
    endloop
  endfacet
  facet normal 0 0 -1
    outer loop
      vertex 56.215 57.7 47.712
      vertex 44.015 57.7 47.712
      vertex 56.215 58.55 47.712
    endloop
  endfacet
  facet normal 0 0 -1
    outer loop
      vertex 72.6 52.1 47.712
      vertex 44.015 57.7 47.712
      vertex 56.215 57.7 47.712
    endloop
  endfacet
  facet normal 0 0 -1
    outer loop
      vertex 21.6 52.1 47.712
      vertex 44.015 57.7 47.712
      vertex 72.6 52.1 47.712
    endloop
  endfacet
  facet normal 0 0 -1
    outer loop
      vertex 24.065 57.7 47.712
      vertex 23.065 61.95 47.712
      vertex 24.065 61.95 47.712
    endloop
  endfacet
  facet normal -0 0 -1
    outer loop
      vertex 23.065 61.95 47.712
      vertex 21.6 52.1 47.712
      vertex 23.065 64.7 47.712
    endloop
  endfacet
  facet normal -0 0 -1
    outer loop
      vertex 24.065 57.7 47.712
      vertex 21.6 52.1 47.712
      vertex 23.065 61.95 47.712
    endloop
  endfacet
  facet normal -0 0 -1
    outer loop
      vertex 44.015 57.7 47.712
      vertex 21.6 52.1 47.712
      vertex 24.065 57.7 47.712
    endloop
  endfacet
  facet normal 0 0 -1
    outer loop
      vertex 68.265 58.55 47.712
      vertex 72.6 83.45 47.712
      vertex 72.6 58.55 47.712
    endloop
  endfacet
  facet normal 0 0 -1
    outer loop
      vertex 59.465 58.55 47.712
      vertex 68.265 58.55 47.712
      vertex 59.465 57.7 47.712
    endloop
  endfacet
  facet normal 0 0 -1
    outer loop
      vertex 68.265 58.55 47.712
      vertex 59.465 58.55 47.712
      vertex 72.6 83.45 47.712
    endloop
  endfacet
  facet normal 0 0 -1
    outer loop
      vertex 56.215 58.55 47.712
      vertex 72.6 83.45 47.712
      vertex 59.465 58.55 47.712
    endloop
  endfacet
  facet normal 0 0 -1
    outer loop
      vertex 44.015 58.55 47.712
      vertex 56.215 58.55 47.712
      vertex 44.015 57.7 47.712
    endloop
  endfacet
  facet normal 0 0 -1
    outer loop
      vertex 56.215 58.55 47.712
      vertex 44.015 58.55 47.712
      vertex 72.6 83.45 47.712
    endloop
  endfacet
  facet normal 0 0 -1
    outer loop
      vertex 26.565 76.35 47.712
      vertex 44.015 58.55 47.712
      vertex 26.565 59.95 47.712
    endloop
  endfacet
  facet normal 0 0 -1
    outer loop
      vertex 26.565 82.5 47.712
      vertex 44.015 58.55 47.712
      vertex 26.565 76.35 47.712
    endloop
  endfacet
  facet normal 0 0 -1
    outer loop
      vertex 44.015 58.55 47.712
      vertex 26.565 82.5 47.712
      vertex 72.6 83.45 47.712
    endloop
  endfacet
  facet normal -0 0 -1
    outer loop
      vertex 72.6 83.45 47.712
      vertex 26.565 82.5 47.712
      vertex 26.565 83.45 47.712
    endloop
  endfacet
  facet normal 0 0 -1
    outer loop
      vertex 25.865 84.1853 47.712
      vertex 72.6 85.1 47.712
      vertex 72.6 84.1853 47.712
    endloop
  endfacet
  facet normal 0 0 -1
    outer loop
      vertex 24.465 64.3 47.712
      vertex 25.865 59.95 47.712
      vertex 24.465 62.35 47.712
    endloop
  endfacet
  facet normal 0 0 -1
    outer loop
      vertex 24.465 64.7 47.712
      vertex 25.865 59.95 47.712
      vertex 24.465 64.3 47.712
    endloop
  endfacet
  facet normal 0 0 -1
    outer loop
      vertex 21.6 85.1 47.712
      vertex 25.865 76.35 47.712
      vertex 23.065 64.7 47.712
    endloop
  endfacet
  facet normal 0 0 -1
    outer loop
      vertex 25.865 76.35 47.712
      vertex 21.6 85.1 47.712
      vertex 25.865 82.5 47.712
    endloop
  endfacet
  facet normal 0 0 -1
    outer loop
      vertex 25.865 84.1853 47.712
      vertex 21.6 85.1 47.712
      vertex 72.6 85.1 47.712
    endloop
  endfacet
  facet normal 0 0 -1
    outer loop
      vertex 25.865 82.5 47.712
      vertex 21.6 85.1 47.712
      vertex 25.865 84.1853 47.712
    endloop
  endfacet
  facet normal 0 0 -1
    outer loop
      vertex 21.6 85.1 47.712
      vertex 23.065 64.7 47.712
      vertex 21.6 52.1 47.712
    endloop
  endfacet
  facet normal 0 0 -1
    outer loop
      vertex 23.465 62.35 47.712
      vertex 24.465 64.3 47.712
      vertex 24.465 62.35 47.712
    endloop
  endfacet
  facet normal -0 0 -1
    outer loop
      vertex 24.465 64.3 47.712
      vertex 23.465 62.35 47.712
      vertex 23.465 64.3 47.712
    endloop
  endfacet
  facet normal -1 0 0
    outer loop
      vertex 21.6 52.1 47.712
      vertex 21.6 85.1 66.712
      vertex 21.6 85.1 47.712
    endloop
  endfacet
  facet normal -1 -0 0
    outer loop
      vertex 21.6 85.1 66.712
      vertex 21.6 52.1 47.712
      vertex 21.6 52.1 66.712
    endloop
  endfacet
  facet normal 0 1 -0
    outer loop
      vertex 72.6 85.1 47.712
      vertex 21.6 85.1 66.712
      vertex 72.6 85.1 66.712
    endloop
  endfacet
  facet normal 0 1 0
    outer loop
      vertex 21.6 85.1 66.712
      vertex 72.6 85.1 47.712
      vertex 21.6 85.1 47.712
    endloop
  endfacet
  facet normal 0 -1 0
    outer loop
      vertex 21.6 52.1 47.712
      vertex 72.6 52.1 66.712
      vertex 21.6 52.1 66.712
    endloop
  endfacet
  facet normal 0 -1 -0
    outer loop
      vertex 72.6 52.1 66.712
      vertex 21.6 52.1 47.712
      vertex 72.6 52.1 47.712
    endloop
  endfacet
  facet normal 1 0 0
    outer loop
      vertex 90 82 49.712
      vertex 90 81.8708 48.1221
      vertex 90 82 48.1221
    endloop
  endfacet
  facet normal 1 0 0
    outer loop
      vertex 90 81.8708 48.1221
      vertex 90 78.0651 47.1221
      vertex 90 81.8708 47.1221
    endloop
  endfacet
  facet normal 1 0 0
    outer loop
      vertex 90 82 49.712
      vertex 90 78.0651 47.1221
      vertex 90 81.8708 48.1221
    endloop
  endfacet
  facet normal 1 0 0
    outer loop
      vertex 90 78.0651 47.1221
      vertex 90 65.2583 46.9221
      vertex 90 78.0651 46.712
    endloop
  endfacet
  facet normal 1 -0 0
    outer loop
      vertex 90 64.5822 47.5349
      vertex 90 78.0651 47.1221
      vertex 90 82 49.712
    endloop
  endfacet
  facet normal 1 0 0
    outer loop
      vertex 90 78.0651 47.1221
      vertex 90 64.8437 47.2979
      vertex 90 65.2583 46.9221
    endloop
  endfacet
  facet normal 1 0 0
    outer loop
      vertex 90 78.0651 47.1221
      vertex 90 64.5822 47.5349
      vertex 90 64.8437 47.2979
    endloop
  endfacet
  facet normal 1 -0 0
    outer loop
      vertex 90 56 49.712
      vertex 90 64.5822 47.5349
      vertex 90 82 49.712
    endloop
  endfacet
  facet normal 1 0 0
    outer loop
      vertex 90 64.5822 47.5349
      vertex 90 56 49.712
      vertex 90 64.4463 47.5309
    endloop
  endfacet
  facet normal 1 0 0
    outer loop
      vertex 90 63.9725 47.5169
      vertex 90 63.8239 47.5125
      vertex 90 63.9725 46.712
    endloop
  endfacet
  facet normal 1 0 0
    outer loop
      vertex 90 64.4463 47.5309
      vertex 90 56 49.712
      vertex 90 63.9725 47.5169
    endloop
  endfacet
  facet normal 1 0 0
    outer loop
      vertex 90 63.9725 47.5169
      vertex 90 56 49.712
      vertex 90 63.8239 47.5125
    endloop
  endfacet
  facet normal 1 0 0
    outer loop
      vertex 90 63.8239 47.5125
      vertex 90 56 49.712
      vertex 90 63.5798 47.5053
    endloop
  endfacet
  facet normal 1 0 0
    outer loop
      vertex 90 63.5798 47.5053
      vertex 90 56 49.712
      vertex 90 62.9105 47.4855
    endloop
  endfacet
  facet normal 1 0 0
    outer loop
      vertex 90 62.9105 47.4855
      vertex 90 56 49.712
      vertex 90 62.8168 47.4827
    endloop
  endfacet
  facet normal 1 0 0
    outer loop
      vertex 90 56 46.712
      vertex 90 62.7206 47.0755
      vertex 90 62.7206 47.4799
    endloop
  endfacet
  facet normal 1 0 0
    outer loop
      vertex 90 62.8168 47.4827
      vertex 90 56 49.712
      vertex 90 62.7206 47.4799
    endloop
  endfacet
  facet normal 1 0 0
    outer loop
      vertex 90 56 46.712
      vertex 90 62.7206 47.4799
      vertex 90 56 49.712
    endloop
  endfacet
  facet normal 1 0 0
    outer loop
      vertex 90 62.7206 47.0755
      vertex 90 56 46.712
      vertex 90 62.7206 46.712
    endloop
  endfacet
  facet normal 1 0 0
    outer loop
      vertex 90 78.0651 46.712
      vertex 90 65.2583 46.9221
      vertex 90 65.2583 46.712
    endloop
  endfacet
  facet normal 1 0 0
    outer loop
      vertex 90 63.9725 46.712
      vertex 90 63.8239 47.5125
      vertex 90 63.8239 46.712
    endloop
  endfacet
  facet normal 0 0 1
    outer loop
      vertex 90 82 49.712
      vertex 79.065 80.3018 49.712
      vertex 90 56 49.712
    endloop
  endfacet
  facet normal -0 0 1
    outer loop
      vertex 76 82 49.712
      vertex 79.065 80.3018 49.712
      vertex 90 82 49.712
    endloop
  endfacet
  facet normal 0 0 1
    outer loop
      vertex 79.065 80.3018 49.712
      vertex 76 82 49.712
      vertex 78.365 80.3018 49.712
    endloop
  endfacet
  facet normal 0 0 1
    outer loop
      vertex 76 58.55 49.712
      vertex 78.365 80.3018 49.712
      vertex 76 82 49.712
    endloop
  endfacet
  facet normal 0 0 1
    outer loop
      vertex 78.365 80.3018 49.712
      vertex 76 58.55 49.712
      vertex 78.365 58.55 49.712
    endloop
  endfacet
  facet normal -0 0 1
    outer loop
      vertex 79.065 57.7 49.712
      vertex 90 56 49.712
      vertex 79.065 80.3018 49.712
    endloop
  endfacet
  facet normal 0 0 1
    outer loop
      vertex 76 56 49.712
      vertex 79.065 57.7 49.712
      vertex 76 57.7 49.712
    endloop
  endfacet
  facet normal 0 0 1
    outer loop
      vertex 79.065 57.7 49.712
      vertex 76 56 49.712
      vertex 90 56 49.712
    endloop
  endfacet
  facet normal 0 0 -1
    outer loop
      vertex 83.7141 75.678 46.712
      vertex 85.34 76.9237 46.712
      vertex 85.5267 76.5233 46.712
    endloop
  endfacet
  facet normal -0 0 -1
    outer loop
      vertex 85.0244 77.6004 46.712
      vertex 83.7141 75.678 46.712
      vertex 84.9773 77.7015 46.712
    endloop
  endfacet
  facet normal -0 0 -1
    outer loop
      vertex 85.34 76.9237 46.712
      vertex 83.7141 75.678 46.712
      vertex 85.0244 77.6004 46.712
    endloop
  endfacet
  facet normal 0 0 -1
    outer loop
      vertex 90 56 46.712
      vertex 89.7998 62.6272 46.712
      vertex 90 62.7206 46.712
    endloop
  endfacet
  facet normal 0 0 -1
    outer loop
      vertex 79.065 57.7 46.712
      vertex 89.7998 62.6272 46.712
      vertex 90 56 46.712
    endloop
  endfacet
  facet normal 0 0 -1
    outer loop
      vertex 89.5075 65.0287 46.712
      vertex 87.4372 79.8 46.712
      vertex 88.8715 78.9271 46.712
    endloop
  endfacet
  facet normal -0 0 -1
    outer loop
      vertex 89.7998 62.6272 46.712
      vertex 79.065 57.7 46.712
      vertex 89.3772 63.5335 46.712
    endloop
  endfacet
  facet normal 0 0 -1
    outer loop
      vertex 89.5075 65.0287 46.712
      vertex 86.8556 76.0396 46.712
      vertex 87.4372 79.8 46.712
    endloop
  endfacet
  facet normal 0 0 -1
    outer loop
      vertex 89.5075 65.0287 46.712
      vertex 84.1367 74.7717 46.712
      vertex 86.8556 76.0396 46.712
    endloop
  endfacet
  facet normal -0 0 -1
    outer loop
      vertex 89.5075 65.0287 46.712
      vertex 79.065 57.7 46.712
      vertex 84.1367 74.7717 46.712
    endloop
  endfacet
  facet normal 0 0 -1
    outer loop
      vertex 83.7141 75.678 46.712
      vertex 79.065 82 46.712
      vertex 82.4286 79.8 46.712
    endloop
  endfacet
  facet normal 0 0 -1
    outer loop
      vertex 79.065 82 46.712
      vertex 83.7141 75.678 46.712
      vertex 79.065 57.7 46.712
    endloop
  endfacet
  facet normal -0 0 -1
    outer loop
      vertex 84.1367 74.7717 46.712
      vertex 79.065 57.7 46.712
      vertex 83.7141 75.678 46.712
    endloop
  endfacet
  facet normal 0 0 -1
    outer loop
      vertex 76 56 46.712
      vertex 79.065 57.7 46.712
      vertex 90 56 46.712
    endloop
  endfacet
  facet normal -0 0 -1
    outer loop
      vertex 79.065 57.7 46.712
      vertex 76 56 46.712
      vertex 76 57.7 46.712
    endloop
  endfacet
  facet normal 0 0 -1
    outer loop
      vertex 85.8836 78.1241 46.712
      vertex 87.4372 79.8 46.712
      vertex 86.8556 76.0396 46.712
    endloop
  endfacet
  facet normal 0 0 -1
    outer loop
      vertex 82.4286 79.8 46.712
      vertex 85.8836 78.1241 46.712
      vertex 84.9773 77.7015 46.712
    endloop
  endfacet
  facet normal 0 0 -1
    outer loop
      vertex 85.8836 78.1241 46.712
      vertex 82.4286 79.8 46.712
      vertex 87.4372 79.8 46.712
    endloop
  endfacet
  facet normal 0 0 -1
    outer loop
      vertex 82.4286 79.8 46.712
      vertex 84.9773 77.7015 46.712
      vertex 83.7141 75.678 46.712
    endloop
  endfacet
  facet normal 0 0 -1
    outer loop
      vertex 89.3772 63.5335 46.712
      vertex 90 63.9725 46.712
      vertex 90 63.8239 46.712
    endloop
  endfacet
  facet normal -0 0 -1
    outer loop
      vertex 90 63.9725 46.712
      vertex 89.3772 63.5335 46.712
      vertex 89.8376 64.3207 46.712
    endloop
  endfacet
  facet normal -0 0 -1
    outer loop
      vertex 89.8376 64.3207 46.712
      vertex 89.3772 63.5335 46.712
      vertex 89.5546 64.9276 46.712
    endloop
  endfacet
  facet normal -0 0 -1
    outer loop
      vertex 89.5546 64.9276 46.712
      vertex 89.3772 63.5335 46.712
      vertex 89.5075 65.0287 46.712
    endloop
  endfacet
  facet normal 0 0 -1
    outer loop
      vertex 89.5075 65.0287 46.712
      vertex 90 78.0651 46.712
      vertex 90 65.2583 46.712
    endloop
  endfacet
  facet normal 0 0 -1
    outer loop
      vertex 79.065 57.7 46.712
      vertex 89.5075 65.0287 46.712
      vertex 89.3772 63.5335 46.712
    endloop
  endfacet
  facet normal 0 0 -1
    outer loop
      vertex 89.5075 65.0287 46.712
      vertex 88.8715 78.9271 46.712
      vertex 90 78.0651 46.712
    endloop
  endfacet
  facet normal 0 0 -1
    outer loop
      vertex 82.4286 80.3 46.712
      vertex 79.065 82 46.712
      vertex 84.1286 82 46.712
    endloop
  endfacet
  facet normal 0 0 -1
    outer loop
      vertex 82.4286 79.8 46.712
      vertex 79.065 82 46.712
      vertex 82.4286 80.3 46.712
    endloop
  endfacet
  facet normal 0 0 -1
    outer loop
      vertex 76 58.55 46.712
      vertex 78.365 82 46.712
      vertex 78.365 58.55 46.712
    endloop
  endfacet
  facet normal -0 0 -1
    outer loop
      vertex 78.365 82 46.712
      vertex 76 58.55 46.712
      vertex 76 82 46.712
    endloop
  endfacet
  facet normal -1 0 0
    outer loop
      vertex 76 58.55 46.712
      vertex 76 82 49.712
      vertex 76 82 46.712
    endloop
  endfacet
  facet normal -1 -0 0
    outer loop
      vertex 76 82 49.712
      vertex 76 58.55 46.712
      vertex 76 58.55 49.712
    endloop
  endfacet
  facet normal -1 0 0
    outer loop
      vertex 76 56 46.712
      vertex 76 57.7 49.712
      vertex 76 57.7 46.712
    endloop
  endfacet
  facet normal -1 -0 0
    outer loop
      vertex 76 57.7 49.712
      vertex 76 56 46.712
      vertex 76 56 49.712
    endloop
  endfacet
  facet normal 0 1 0
    outer loop
      vertex 90 82 49.712
      vertex 79.065 82 49.3875
      vertex 76 82 49.712
    endloop
  endfacet
  facet normal 0 1 0
    outer loop
      vertex 89.7734 82 48.1221
      vertex 90 82 49.712
      vertex 90 82 48.1221
    endloop
  endfacet
  facet normal 0 1 0
    outer loop
      vertex 84.1286 82 47.1221
      vertex 90 82 49.712
      vertex 89.7734 82 48.1221
    endloop
  endfacet
  facet normal 0 1 0
    outer loop
      vertex 84.1286 82 47.1221
      vertex 89.7734 82 48.1221
      vertex 89.7734 82 47.1221
    endloop
  endfacet
  facet normal 0 1 0
    outer loop
      vertex 90 82 49.712
      vertex 84.1286 82 47.1221
      vertex 79.065 82 49.3875
    endloop
  endfacet
  facet normal 0 1 0
    outer loop
      vertex 79.065 82 46.712
      vertex 84.1286 82 47.1221
      vertex 84.1286 82 46.712
    endloop
  endfacet
  facet normal 0 1 0
    outer loop
      vertex 84.1286 82 47.1221
      vertex 79.065 82 46.712
      vertex 79.065 82 49.3875
    endloop
  endfacet
  facet normal 0 1 -0
    outer loop
      vertex 78.365 82 49.3875
      vertex 76 82 49.712
      vertex 79.065 82 49.3875
    endloop
  endfacet
  facet normal 0 1 0
    outer loop
      vertex 76 82 46.712
      vertex 78.365 82 49.3875
      vertex 78.365 82 46.712
    endloop
  endfacet
  facet normal 0 1 0
    outer loop
      vertex 78.365 82 49.3875
      vertex 76 82 46.712
      vertex 76 82 49.712
    endloop
  endfacet
  facet normal 0 -1 0
    outer loop
      vertex 76 56 46.712
      vertex 90 56 49.712
      vertex 76 56 49.712
    endloop
  endfacet
  facet normal 0 -1 -0
    outer loop
      vertex 90 56 49.712
      vertex 76 56 46.712
      vertex 90 56 46.712
    endloop
  endfacet
  facet normal -0.336939 -0.941527 0
    outer loop
      vertex 31.0354 70.0354 64.712
      vertex 31.174 69.9858 66.712
      vertex 31.0354 70.0354 66.712
    endloop
  endfacet
  facet normal -0.336939 -0.941527 -0
    outer loop
      vertex 31.174 69.9858 66.712
      vertex 31.0354 70.0354 64.712
      vertex 31.174 69.9858 64.712
    endloop
  endfacet
  facet normal 0.427269 0.904125 -0
    outer loop
      vertex 30.026 67.2142 64.712
      vertex 29.8929 67.2771 66.712
      vertex 30.026 67.2142 66.712
    endloop
  endfacet
  facet normal 0.427269 0.904125 0
    outer loop
      vertex 29.8929 67.2771 66.712
      vertex 30.026 67.2142 64.712
      vertex 29.8929 67.2771 64.712
    endloop
  endfacet
  facet normal 0.514096 -0.857733 0
    outer loop
      vertex 29.7666 69.8472 64.712
      vertex 29.8929 69.9229 66.712
      vertex 29.7666 69.8472 66.712
    endloop
  endfacet
  facet normal 0.514096 -0.857733 0
    outer loop
      vertex 29.8929 69.9229 66.712
      vertex 29.7666 69.8472 64.712
      vertex 29.8929 69.9229 64.712
    endloop
  endfacet
  facet normal -0.989174 -0.146746 0
    outer loop
      vertex 32.0928 68.747 64.712
      vertex 32.0712 68.8926 66.712
      vertex 32.0712 68.8926 64.712
    endloop
  endfacet
  facet normal -0.989174 -0.146746 0
    outer loop
      vertex 32.0712 68.8926 66.712
      vertex 32.0928 68.747 64.712
      vertex 32.0928 68.747 66.712
    endloop
  endfacet
  facet normal 0.998803 0.0489209 0
    outer loop
      vertex 29.1072 68.453 66.712
      vertex 29.1 68.6 64.712
      vertex 29.1 68.6 66.712
    endloop
  endfacet
  facet normal 0.998803 0.0489209 0
    outer loop
      vertex 29.1 68.6 64.712
      vertex 29.1072 68.453 66.712
      vertex 29.1072 68.453 64.712
    endloop
  endfacet
  facet normal 0.0489209 -0.998803 0
    outer loop
      vertex 30.453 70.0928 64.712
      vertex 30.6 70.1 66.712
      vertex 30.453 70.0928 66.712
    endloop
  endfacet
  facet normal 0.0489209 -0.998803 0
    outer loop
      vertex 30.6 70.1 66.712
      vertex 30.453 70.0928 64.712
      vertex 30.6 70.1 64.712
    endloop
  endfacet
  facet normal 0.941527 -0.336939 0
    outer loop
      vertex 29.1646 69.0354 66.712
      vertex 29.2142 69.174 64.712
      vertex 29.2142 69.174 66.712
    endloop
  endfacet
  facet normal 0.941527 -0.336939 0
    outer loop
      vertex 29.2142 69.174 64.712
      vertex 29.1646 69.0354 66.712
      vertex 29.1646 69.0354 64.712
    endloop
  endfacet
  facet normal 0.0489209 0.998803 -0
    outer loop
      vertex 30.6 67.1 64.712
      vertex 30.453 67.1072 66.712
      vertex 30.6 67.1 66.712
    endloop
  endfacet
  facet normal 0.0489209 0.998803 0
    outer loop
      vertex 30.453 67.1072 66.712
      vertex 30.6 67.1 64.712
      vertex 30.453 67.1072 64.712
    endloop
  endfacet
  facet normal -0.998803 -0.0489209 0
    outer loop
      vertex 32.1 68.6 64.712
      vertex 32.0928 68.747 66.712
      vertex 32.0928 68.747 64.712
    endloop
  endfacet
  facet normal -0.998803 -0.0489209 0
    outer loop
      vertex 32.0928 68.747 66.712
      vertex 32.1 68.6 64.712
      vertex 32.1 68.6 66.712
    endloop
  endfacet
  facet normal -0.857733 0.514096 0
    outer loop
      vertex 31.8472 67.7666 64.712
      vertex 31.9229 67.8929 66.712
      vertex 31.9229 67.8929 64.712
    endloop
  endfacet
  facet normal -0.857733 0.514096 0
    outer loop
      vertex 31.9229 67.8929 66.712
      vertex 31.8472 67.7666 64.712
      vertex 31.8472 67.7666 66.712
    endloop
  endfacet
  facet normal 0.989174 -0.146746 0
    outer loop
      vertex 29.1072 68.747 66.712
      vertex 29.1288 68.8926 64.712
      vertex 29.1288 68.8926 66.712
    endloop
  endfacet
  facet normal 0.989174 -0.146746 0
    outer loop
      vertex 29.1288 68.8926 64.712
      vertex 29.1072 68.747 66.712
      vertex 29.1072 68.747 64.712
    endloop
  endfacet
  facet normal 0.969982 -0.243175 0
    outer loop
      vertex 29.1288 68.8926 66.712
      vertex 29.1646 69.0354 64.712
      vertex 29.1646 69.0354 66.712
    endloop
  endfacet
  facet normal 0.969982 -0.243175 0
    outer loop
      vertex 29.1646 69.0354 64.712
      vertex 29.1288 68.8926 66.712
      vertex 29.1288 68.8926 64.712
    endloop
  endfacet
  facet normal 0.998803 -0.0489209 0
    outer loop
      vertex 29.1 68.6 66.712
      vertex 29.1072 68.747 64.712
      vertex 29.1072 68.747 66.712
    endloop
  endfacet
  facet normal 0.998803 -0.0489209 0
    outer loop
      vertex 29.1072 68.747 64.712
      vertex 29.1 68.6 66.712
      vertex 29.1 68.6 64.712
    endloop
  endfacet
  facet normal 0.857733 0.514096 0
    outer loop
      vertex 29.3528 67.7666 66.712
      vertex 29.2771 67.8929 64.712
      vertex 29.2771 67.8929 66.712
    endloop
  endfacet
  facet normal 0.857733 0.514096 0
    outer loop
      vertex 29.2771 67.8929 64.712
      vertex 29.3528 67.7666 66.712
      vertex 29.3528 67.7666 64.712
    endloop
  endfacet
  facet normal -0.803088 0.595861 0
    outer loop
      vertex 31.7595 67.6484 64.712
      vertex 31.8472 67.7666 66.712
      vertex 31.8472 67.7666 64.712
    endloop
  endfacet
  facet normal -0.803088 0.595861 0
    outer loop
      vertex 31.8472 67.7666 66.712
      vertex 31.7595 67.6484 64.712
      vertex 31.7595 67.6484 66.712
    endloop
  endfacet
  facet normal -0.998803 0.0489209 0
    outer loop
      vertex 32.0928 68.453 64.712
      vertex 32.1 68.6 66.712
      vertex 32.1 68.6 64.712
    endloop
  endfacet
  facet normal -0.998803 0.0489209 0
    outer loop
      vertex 32.1 68.6 66.712
      vertex 32.0928 68.453 64.712
      vertex 32.0928 68.453 66.712
    endloop
  endfacet
  facet normal 0.904125 -0.427269 0
    outer loop
      vertex 29.2142 69.174 66.712
      vertex 29.2771 69.3071 64.712
      vertex 29.2771 69.3071 66.712
    endloop
  endfacet
  facet normal 0.904125 -0.427269 0
    outer loop
      vertex 29.2771 69.3071 64.712
      vertex 29.2142 69.174 66.712
      vertex 29.2142 69.174 64.712
    endloop
  endfacet
  facet normal -0.969982 -0.243175 0
    outer loop
      vertex 32.0712 68.8926 64.712
      vertex 32.0354 69.0354 66.712
      vertex 32.0354 69.0354 64.712
    endloop
  endfacet
  facet normal -0.969982 -0.243175 0
    outer loop
      vertex 32.0354 69.0354 66.712
      vertex 32.0712 68.8926 64.712
      vertex 32.0712 68.8926 66.712
    endloop
  endfacet
  facet normal -0.146746 0.989174 0
    outer loop
      vertex 30.8926 67.1288 64.712
      vertex 30.747 67.1072 66.712
      vertex 30.8926 67.1288 66.712
    endloop
  endfacet
  facet normal -0.146746 0.989174 0
    outer loop
      vertex 30.747 67.1072 66.712
      vertex 30.8926 67.1288 64.712
      vertex 30.747 67.1072 64.712
    endloop
  endfacet
  facet normal 0.243175 -0.969982 0
    outer loop
      vertex 30.1646 70.0354 64.712
      vertex 30.3074 70.0712 66.712
      vertex 30.1646 70.0354 66.712
    endloop
  endfacet
  facet normal 0.243175 -0.969982 0
    outer loop
      vertex 30.3074 70.0712 66.712
      vertex 30.1646 70.0354 64.712
      vertex 30.3074 70.0712 64.712
    endloop
  endfacet
  facet normal 0.969982 0.243175 0
    outer loop
      vertex 29.1646 68.1646 66.712
      vertex 29.1288 68.3074 64.712
      vertex 29.1288 68.3074 66.712
    endloop
  endfacet
  facet normal 0.969982 0.243175 0
    outer loop
      vertex 29.1288 68.3074 64.712
      vertex 29.1646 68.1646 66.712
      vertex 29.1646 68.1646 64.712
    endloop
  endfacet
  facet normal 0.336939 -0.941527 0
    outer loop
      vertex 30.026 69.9858 64.712
      vertex 30.1646 70.0354 66.712
      vertex 30.026 69.9858 66.712
    endloop
  endfacet
  facet normal 0.336939 -0.941527 0
    outer loop
      vertex 30.1646 70.0354 66.712
      vertex 30.026 69.9858 64.712
      vertex 30.1646 70.0354 64.712
    endloop
  endfacet
  facet normal -0.671251 -0.74123 0
    outer loop
      vertex 31.5516 69.7595 64.712
      vertex 31.6607 69.6607 66.712
      vertex 31.5516 69.7595 66.712
    endloop
  endfacet
  facet normal -0.671251 -0.74123 -0
    outer loop
      vertex 31.6607 69.6607 66.712
      vertex 31.5516 69.7595 64.712
      vertex 31.6607 69.6607 64.712
    endloop
  endfacet
  facet normal -0.904125 0.427269 0
    outer loop
      vertex 31.9229 67.8929 64.712
      vertex 31.9858 68.026 66.712
      vertex 31.9858 68.026 64.712
    endloop
  endfacet
  facet normal -0.904125 0.427269 0
    outer loop
      vertex 31.9858 68.026 66.712
      vertex 31.9229 67.8929 64.712
      vertex 31.9229 67.8929 66.712
    endloop
  endfacet
  facet normal -0.941527 0.336939 0
    outer loop
      vertex 31.9858 68.026 64.712
      vertex 32.0354 68.1646 66.712
      vertex 32.0354 68.1646 64.712
    endloop
  endfacet
  facet normal -0.941527 0.336939 0
    outer loop
      vertex 32.0354 68.1646 66.712
      vertex 31.9858 68.026 64.712
      vertex 31.9858 68.026 66.712
    endloop
  endfacet
  facet normal -0.514096 0.857733 0
    outer loop
      vertex 31.4334 67.3528 64.712
      vertex 31.3071 67.2771 66.712
      vertex 31.4334 67.3528 66.712
    endloop
  endfacet
  facet normal -0.514096 0.857733 0
    outer loop
      vertex 31.3071 67.2771 66.712
      vertex 31.4334 67.3528 64.712
      vertex 31.3071 67.2771 64.712
    endloop
  endfacet
  facet normal 0.595861 0.803088 -0
    outer loop
      vertex 29.7666 67.3528 64.712
      vertex 29.6484 67.4405 66.712
      vertex 29.7666 67.3528 66.712
    endloop
  endfacet
  facet normal 0.595861 0.803088 0
    outer loop
      vertex 29.6484 67.4405 66.712
      vertex 29.7666 67.3528 64.712
      vertex 29.6484 67.4405 64.712
    endloop
  endfacet
  facet normal 0.146746 -0.989174 0
    outer loop
      vertex 30.3074 70.0712 64.712
      vertex 30.453 70.0928 66.712
      vertex 30.3074 70.0712 66.712
    endloop
  endfacet
  facet normal 0.146746 -0.989174 0
    outer loop
      vertex 30.453 70.0928 66.712
      vertex 30.3074 70.0712 64.712
      vertex 30.453 70.0928 64.712
    endloop
  endfacet
  facet normal -0.74123 0.671251 0
    outer loop
      vertex 31.6607 67.5393 64.712
      vertex 31.7595 67.6484 66.712
      vertex 31.7595 67.6484 64.712
    endloop
  endfacet
  facet normal -0.74123 0.671251 0
    outer loop
      vertex 31.7595 67.6484 66.712
      vertex 31.6607 67.5393 64.712
      vertex 31.6607 67.5393 66.712
    endloop
  endfacet
  facet normal -0.0489209 -0.998803 0
    outer loop
      vertex 30.6 70.1 64.712
      vertex 30.747 70.0928 66.712
      vertex 30.6 70.1 66.712
    endloop
  endfacet
  facet normal -0.0489209 -0.998803 -0
    outer loop
      vertex 30.747 70.0928 66.712
      vertex 30.6 70.1 64.712
      vertex 30.747 70.0928 64.712
    endloop
  endfacet
  facet normal -0.427269 -0.904125 0
    outer loop
      vertex 31.174 69.9858 64.712
      vertex 31.3071 69.9229 66.712
      vertex 31.174 69.9858 66.712
    endloop
  endfacet
  facet normal -0.427269 -0.904125 -0
    outer loop
      vertex 31.3071 69.9229 66.712
      vertex 31.174 69.9858 64.712
      vertex 31.3071 69.9229 64.712
    endloop
  endfacet
  facet normal -0.74123 -0.671251 0
    outer loop
      vertex 31.7595 69.5516 64.712
      vertex 31.6607 69.6607 66.712
      vertex 31.6607 69.6607 64.712
    endloop
  endfacet
  facet normal -0.74123 -0.671251 0
    outer loop
      vertex 31.6607 69.6607 66.712
      vertex 31.7595 69.5516 64.712
      vertex 31.7595 69.5516 66.712
    endloop
  endfacet
  facet normal 0.74123 0.671251 0
    outer loop
      vertex 29.5393 67.5393 66.712
      vertex 29.4405 67.6484 64.712
      vertex 29.4405 67.6484 66.712
    endloop
  endfacet
  facet normal 0.74123 0.671251 0
    outer loop
      vertex 29.4405 67.6484 64.712
      vertex 29.5393 67.5393 66.712
      vertex 29.5393 67.5393 64.712
    endloop
  endfacet
  facet normal -0.969982 0.243175 0
    outer loop
      vertex 32.0354 68.1646 64.712
      vertex 32.0712 68.3074 66.712
      vertex 32.0712 68.3074 64.712
    endloop
  endfacet
  facet normal -0.969982 0.243175 0
    outer loop
      vertex 32.0712 68.3074 66.712
      vertex 32.0354 68.1646 64.712
      vertex 32.0354 68.1646 66.712
    endloop
  endfacet
  facet normal -0.595861 -0.803088 0
    outer loop
      vertex 31.4334 69.8472 64.712
      vertex 31.5516 69.7595 66.712
      vertex 31.4334 69.8472 66.712
    endloop
  endfacet
  facet normal -0.595861 -0.803088 -0
    outer loop
      vertex 31.5516 69.7595 66.712
      vertex 31.4334 69.8472 64.712
      vertex 31.5516 69.7595 64.712
    endloop
  endfacet
  facet normal 0.803088 0.595861 0
    outer loop
      vertex 29.4405 67.6484 66.712
      vertex 29.3528 67.7666 64.712
      vertex 29.3528 67.7666 66.712
    endloop
  endfacet
  facet normal 0.803088 0.595861 0
    outer loop
      vertex 29.3528 67.7666 64.712
      vertex 29.4405 67.6484 66.712
      vertex 29.4405 67.6484 64.712
    endloop
  endfacet
  facet normal -0.904125 -0.427269 0
    outer loop
      vertex 31.9858 69.174 64.712
      vertex 31.9229 69.3071 66.712
      vertex 31.9229 69.3071 64.712
    endloop
  endfacet
  facet normal -0.904125 -0.427269 0
    outer loop
      vertex 31.9229 69.3071 66.712
      vertex 31.9858 69.174 64.712
      vertex 31.9858 69.174 66.712
    endloop
  endfacet
  facet normal -0.427269 0.904125 0
    outer loop
      vertex 31.3071 67.2771 64.712
      vertex 31.174 67.2142 66.712
      vertex 31.3071 67.2771 66.712
    endloop
  endfacet
  facet normal -0.427269 0.904125 0
    outer loop
      vertex 31.174 67.2142 66.712
      vertex 31.3071 67.2771 64.712
      vertex 31.174 67.2142 64.712
    endloop
  endfacet
  facet normal -0.989174 0.146746 0
    outer loop
      vertex 32.0712 68.3074 64.712
      vertex 32.0928 68.453 66.712
      vertex 32.0928 68.453 64.712
    endloop
  endfacet
  facet normal -0.989174 0.146746 0
    outer loop
      vertex 32.0928 68.453 66.712
      vertex 32.0712 68.3074 64.712
      vertex 32.0712 68.3074 66.712
    endloop
  endfacet
  facet normal -0.0489209 0.998803 0
    outer loop
      vertex 30.747 67.1072 64.712
      vertex 30.6 67.1 66.712
      vertex 30.747 67.1072 66.712
    endloop
  endfacet
  facet normal -0.0489209 0.998803 0
    outer loop
      vertex 30.6 67.1 66.712
      vertex 30.747 67.1072 64.712
      vertex 30.6 67.1 64.712
    endloop
  endfacet
  facet normal -0.514096 -0.857733 0
    outer loop
      vertex 31.3071 69.9229 64.712
      vertex 31.4334 69.8472 66.712
      vertex 31.3071 69.9229 66.712
    endloop
  endfacet
  facet normal -0.514096 -0.857733 -0
    outer loop
      vertex 31.4334 69.8472 66.712
      vertex 31.3071 69.9229 64.712
      vertex 31.4334 69.8472 64.712
    endloop
  endfacet
  facet normal -0.803088 -0.595861 0
    outer loop
      vertex 31.8472 69.4334 64.712
      vertex 31.7595 69.5516 66.712
      vertex 31.7595 69.5516 64.712
    endloop
  endfacet
  facet normal -0.803088 -0.595861 0
    outer loop
      vertex 31.7595 69.5516 66.712
      vertex 31.8472 69.4334 64.712
      vertex 31.8472 69.4334 66.712
    endloop
  endfacet
  facet normal -0.146746 -0.989174 0
    outer loop
      vertex 30.747 70.0928 64.712
      vertex 30.8926 70.0712 66.712
      vertex 30.747 70.0928 66.712
    endloop
  endfacet
  facet normal -0.146746 -0.989174 -0
    outer loop
      vertex 30.8926 70.0712 66.712
      vertex 30.747 70.0928 64.712
      vertex 30.8926 70.0712 64.712
    endloop
  endfacet
  facet normal -0.336939 0.941527 0
    outer loop
      vertex 31.174 67.2142 64.712
      vertex 31.0354 67.1646 66.712
      vertex 31.174 67.2142 66.712
    endloop
  endfacet
  facet normal -0.336939 0.941527 0
    outer loop
      vertex 31.0354 67.1646 66.712
      vertex 31.174 67.2142 64.712
      vertex 31.0354 67.1646 64.712
    endloop
  endfacet
  facet normal 0.74123 -0.671251 0
    outer loop
      vertex 29.4405 69.5516 66.712
      vertex 29.5393 69.6607 64.712
      vertex 29.5393 69.6607 66.712
    endloop
  endfacet
  facet normal 0.74123 -0.671251 0
    outer loop
      vertex 29.5393 69.6607 64.712
      vertex 29.4405 69.5516 66.712
      vertex 29.4405 69.5516 64.712
    endloop
  endfacet
  facet normal 0.857733 -0.514096 0
    outer loop
      vertex 29.2771 69.3071 66.712
      vertex 29.3528 69.4334 64.712
      vertex 29.3528 69.4334 66.712
    endloop
  endfacet
  facet normal 0.857733 -0.514096 0
    outer loop
      vertex 29.3528 69.4334 64.712
      vertex 29.2771 69.3071 66.712
      vertex 29.2771 69.3071 64.712
    endloop
  endfacet
  facet normal -0.941527 -0.336939 0
    outer loop
      vertex 32.0354 69.0354 64.712
      vertex 31.9858 69.174 66.712
      vertex 31.9858 69.174 64.712
    endloop
  endfacet
  facet normal -0.941527 -0.336939 0
    outer loop
      vertex 31.9858 69.174 66.712
      vertex 32.0354 69.0354 64.712
      vertex 32.0354 69.0354 66.712
    endloop
  endfacet
  facet normal -0.857733 -0.514096 0
    outer loop
      vertex 31.9229 69.3071 64.712
      vertex 31.8472 69.4334 66.712
      vertex 31.8472 69.4334 64.712
    endloop
  endfacet
  facet normal -0.857733 -0.514096 0
    outer loop
      vertex 31.8472 69.4334 66.712
      vertex 31.9229 69.3071 64.712
      vertex 31.9229 69.3071 66.712
    endloop
  endfacet
  facet normal 0.671251 -0.74123 0
    outer loop
      vertex 29.5393 69.6607 64.712
      vertex 29.6484 69.7595 66.712
      vertex 29.5393 69.6607 66.712
    endloop
  endfacet
  facet normal 0.671251 -0.74123 0
    outer loop
      vertex 29.6484 69.7595 66.712
      vertex 29.5393 69.6607 64.712
      vertex 29.6484 69.7595 64.712
    endloop
  endfacet
  facet normal 0.595861 -0.803088 0
    outer loop
      vertex 29.6484 69.7595 64.712
      vertex 29.7666 69.8472 66.712
      vertex 29.6484 69.7595 66.712
    endloop
  endfacet
  facet normal 0.595861 -0.803088 0
    outer loop
      vertex 29.7666 69.8472 66.712
      vertex 29.6484 69.7595 64.712
      vertex 29.7666 69.8472 64.712
    endloop
  endfacet
  facet normal 0.243175 0.969982 -0
    outer loop
      vertex 30.3074 67.1288 64.712
      vertex 30.1646 67.1646 66.712
      vertex 30.3074 67.1288 66.712
    endloop
  endfacet
  facet normal 0.243175 0.969982 0
    outer loop
      vertex 30.1646 67.1646 66.712
      vertex 30.3074 67.1288 64.712
      vertex 30.1646 67.1646 64.712
    endloop
  endfacet
  facet normal 0.989174 0.146746 0
    outer loop
      vertex 29.1288 68.3074 66.712
      vertex 29.1072 68.453 64.712
      vertex 29.1072 68.453 66.712
    endloop
  endfacet
  facet normal 0.989174 0.146746 0
    outer loop
      vertex 29.1072 68.453 64.712
      vertex 29.1288 68.3074 66.712
      vertex 29.1288 68.3074 64.712
    endloop
  endfacet
  facet normal -0.243175 -0.969982 0
    outer loop
      vertex 30.8926 70.0712 64.712
      vertex 31.0354 70.0354 66.712
      vertex 30.8926 70.0712 66.712
    endloop
  endfacet
  facet normal -0.243175 -0.969982 -0
    outer loop
      vertex 31.0354 70.0354 66.712
      vertex 30.8926 70.0712 64.712
      vertex 31.0354 70.0354 64.712
    endloop
  endfacet
  facet normal 0.941527 0.336939 0
    outer loop
      vertex 29.2142 68.026 66.712
      vertex 29.1646 68.1646 64.712
      vertex 29.1646 68.1646 66.712
    endloop
  endfacet
  facet normal 0.941527 0.336939 0
    outer loop
      vertex 29.1646 68.1646 64.712
      vertex 29.2142 68.026 66.712
      vertex 29.2142 68.026 64.712
    endloop
  endfacet
  facet normal 0.336939 0.941527 -0
    outer loop
      vertex 30.1646 67.1646 64.712
      vertex 30.026 67.2142 66.712
      vertex 30.1646 67.1646 66.712
    endloop
  endfacet
  facet normal 0.336939 0.941527 0
    outer loop
      vertex 30.026 67.2142 66.712
      vertex 30.1646 67.1646 64.712
      vertex 30.026 67.2142 64.712
    endloop
  endfacet
  facet normal -0.671251 0.74123 0
    outer loop
      vertex 31.6607 67.5393 64.712
      vertex 31.5516 67.4405 66.712
      vertex 31.6607 67.5393 66.712
    endloop
  endfacet
  facet normal -0.671251 0.74123 0
    outer loop
      vertex 31.5516 67.4405 66.712
      vertex 31.6607 67.5393 64.712
      vertex 31.5516 67.4405 64.712
    endloop
  endfacet
  facet normal -0.243175 0.969982 0
    outer loop
      vertex 31.0354 67.1646 64.712
      vertex 30.8926 67.1288 66.712
      vertex 31.0354 67.1646 66.712
    endloop
  endfacet
  facet normal -0.243175 0.969982 0
    outer loop
      vertex 30.8926 67.1288 66.712
      vertex 31.0354 67.1646 64.712
      vertex 30.8926 67.1288 64.712
    endloop
  endfacet
  facet normal 0.803088 -0.595861 0
    outer loop
      vertex 29.3528 69.4334 66.712
      vertex 29.4405 69.5516 64.712
      vertex 29.4405 69.5516 66.712
    endloop
  endfacet
  facet normal 0.803088 -0.595861 0
    outer loop
      vertex 29.4405 69.5516 64.712
      vertex 29.3528 69.4334 66.712
      vertex 29.3528 69.4334 64.712
    endloop
  endfacet
  facet normal -0.595861 0.803088 0
    outer loop
      vertex 31.5516 67.4405 64.712
      vertex 31.4334 67.3528 66.712
      vertex 31.5516 67.4405 66.712
    endloop
  endfacet
  facet normal -0.595861 0.803088 0
    outer loop
      vertex 31.4334 67.3528 66.712
      vertex 31.5516 67.4405 64.712
      vertex 31.4334 67.3528 64.712
    endloop
  endfacet
  facet normal 0.671251 0.74123 -0
    outer loop
      vertex 29.6484 67.4405 64.712
      vertex 29.5393 67.5393 66.712
      vertex 29.6484 67.4405 66.712
    endloop
  endfacet
  facet normal 0.671251 0.74123 0
    outer loop
      vertex 29.5393 67.5393 66.712
      vertex 29.6484 67.4405 64.712
      vertex 29.5393 67.5393 64.712
    endloop
  endfacet
  facet normal 0.904125 0.427269 0
    outer loop
      vertex 29.2771 67.8929 66.712
      vertex 29.2142 68.026 64.712
      vertex 29.2142 68.026 66.712
    endloop
  endfacet
  facet normal 0.904125 0.427269 0
    outer loop
      vertex 29.2142 68.026 64.712
      vertex 29.2771 67.8929 66.712
      vertex 29.2771 67.8929 64.712
    endloop
  endfacet
  facet normal 0.427269 -0.904125 0
    outer loop
      vertex 29.8929 69.9229 64.712
      vertex 30.026 69.9858 66.712
      vertex 29.8929 69.9229 66.712
    endloop
  endfacet
  facet normal 0.427269 -0.904125 0
    outer loop
      vertex 30.026 69.9858 66.712
      vertex 29.8929 69.9229 64.712
      vertex 30.026 69.9858 64.712
    endloop
  endfacet
  facet normal 0.146746 0.989174 -0
    outer loop
      vertex 30.453 67.1072 64.712
      vertex 30.3074 67.1288 66.712
      vertex 30.453 67.1072 66.712
    endloop
  endfacet
  facet normal 0.146746 0.989174 0
    outer loop
      vertex 30.3074 67.1288 66.712
      vertex 30.453 67.1072 64.712
      vertex 30.3074 67.1288 64.712
    endloop
  endfacet
  facet normal 0.514096 0.857733 -0
    outer loop
      vertex 29.8929 67.2771 64.712
      vertex 29.7666 67.3528 66.712
      vertex 29.8929 67.2771 66.712
    endloop
  endfacet
  facet normal 0.514096 0.857733 0
    outer loop
      vertex 29.7666 67.3528 66.712
      vertex 29.8929 67.2771 64.712
      vertex 29.7666 67.3528 64.712
    endloop
  endfacet
  facet normal -0.336939 -0.941527 0
    outer loop
      vertex 42.0354 70.0354 64.712
      vertex 42.174 69.9858 66.712
      vertex 42.0354 70.0354 66.712
    endloop
  endfacet
  facet normal -0.336939 -0.941527 -0
    outer loop
      vertex 42.174 69.9858 66.712
      vertex 42.0354 70.0354 64.712
      vertex 42.174 69.9858 64.712
    endloop
  endfacet
  facet normal 0.427269 0.904125 -0
    outer loop
      vertex 41.026 67.2142 64.712
      vertex 40.8929 67.2771 66.712
      vertex 41.026 67.2142 66.712
    endloop
  endfacet
  facet normal 0.427269 0.904125 0
    outer loop
      vertex 40.8929 67.2771 66.712
      vertex 41.026 67.2142 64.712
      vertex 40.8929 67.2771 64.712
    endloop
  endfacet
  facet normal 0.514096 -0.857733 0
    outer loop
      vertex 40.7666 69.8472 64.712
      vertex 40.8929 69.9229 66.712
      vertex 40.7666 69.8472 66.712
    endloop
  endfacet
  facet normal 0.514096 -0.857733 0
    outer loop
      vertex 40.8929 69.9229 66.712
      vertex 40.7666 69.8472 64.712
      vertex 40.8929 69.9229 64.712
    endloop
  endfacet
  facet normal -0.989174 -0.146746 0
    outer loop
      vertex 43.0928 68.747 64.712
      vertex 43.0712 68.8926 66.712
      vertex 43.0712 68.8926 64.712
    endloop
  endfacet
  facet normal -0.989174 -0.146746 0
    outer loop
      vertex 43.0712 68.8926 66.712
      vertex 43.0928 68.747 64.712
      vertex 43.0928 68.747 66.712
    endloop
  endfacet
  facet normal 0.998803 0.0489209 0
    outer loop
      vertex 40.1072 68.453 66.712
      vertex 40.1 68.6 64.712
      vertex 40.1 68.6 66.712
    endloop
  endfacet
  facet normal 0.998803 0.0489209 0
    outer loop
      vertex 40.1 68.6 64.712
      vertex 40.1072 68.453 66.712
      vertex 40.1072 68.453 64.712
    endloop
  endfacet
  facet normal 0.0489209 -0.998803 0
    outer loop
      vertex 41.453 70.0928 64.712
      vertex 41.6 70.1 66.712
      vertex 41.453 70.0928 66.712
    endloop
  endfacet
  facet normal 0.0489209 -0.998803 0
    outer loop
      vertex 41.6 70.1 66.712
      vertex 41.453 70.0928 64.712
      vertex 41.6 70.1 64.712
    endloop
  endfacet
  facet normal 0.941527 -0.336939 0
    outer loop
      vertex 40.1646 69.0354 66.712
      vertex 40.2142 69.174 64.712
      vertex 40.2142 69.174 66.712
    endloop
  endfacet
  facet normal 0.941527 -0.336939 0
    outer loop
      vertex 40.2142 69.174 64.712
      vertex 40.1646 69.0354 66.712
      vertex 40.1646 69.0354 64.712
    endloop
  endfacet
  facet normal 0.0489209 0.998803 -0
    outer loop
      vertex 41.6 67.1 64.712
      vertex 41.453 67.1072 66.712
      vertex 41.6 67.1 66.712
    endloop
  endfacet
  facet normal 0.0489209 0.998803 0
    outer loop
      vertex 41.453 67.1072 66.712
      vertex 41.6 67.1 64.712
      vertex 41.453 67.1072 64.712
    endloop
  endfacet
  facet normal -0.998803 -0.0489209 0
    outer loop
      vertex 43.1 68.6 64.712
      vertex 43.0928 68.747 66.712
      vertex 43.0928 68.747 64.712
    endloop
  endfacet
  facet normal -0.998803 -0.0489209 0
    outer loop
      vertex 43.0928 68.747 66.712
      vertex 43.1 68.6 64.712
      vertex 43.1 68.6 66.712
    endloop
  endfacet
  facet normal -0.857733 0.514096 0
    outer loop
      vertex 42.8472 67.7666 64.712
      vertex 42.9229 67.8929 66.712
      vertex 42.9229 67.8929 64.712
    endloop
  endfacet
  facet normal -0.857733 0.514096 0
    outer loop
      vertex 42.9229 67.8929 66.712
      vertex 42.8472 67.7666 64.712
      vertex 42.8472 67.7666 66.712
    endloop
  endfacet
  facet normal 0.989174 -0.146746 0
    outer loop
      vertex 40.1072 68.747 66.712
      vertex 40.1288 68.8926 64.712
      vertex 40.1288 68.8926 66.712
    endloop
  endfacet
  facet normal 0.989174 -0.146746 0
    outer loop
      vertex 40.1288 68.8926 64.712
      vertex 40.1072 68.747 66.712
      vertex 40.1072 68.747 64.712
    endloop
  endfacet
  facet normal 0.969982 -0.243175 0
    outer loop
      vertex 40.1288 68.8926 66.712
      vertex 40.1646 69.0354 64.712
      vertex 40.1646 69.0354 66.712
    endloop
  endfacet
  facet normal 0.969982 -0.243175 0
    outer loop
      vertex 40.1646 69.0354 64.712
      vertex 40.1288 68.8926 66.712
      vertex 40.1288 68.8926 64.712
    endloop
  endfacet
  facet normal 0.998803 -0.0489209 0
    outer loop
      vertex 40.1 68.6 66.712
      vertex 40.1072 68.747 64.712
      vertex 40.1072 68.747 66.712
    endloop
  endfacet
  facet normal 0.998803 -0.0489209 0
    outer loop
      vertex 40.1072 68.747 64.712
      vertex 40.1 68.6 66.712
      vertex 40.1 68.6 64.712
    endloop
  endfacet
  facet normal 0.857733 0.514096 0
    outer loop
      vertex 40.3528 67.7666 66.712
      vertex 40.2771 67.8929 64.712
      vertex 40.2771 67.8929 66.712
    endloop
  endfacet
  facet normal 0.857733 0.514096 0
    outer loop
      vertex 40.2771 67.8929 64.712
      vertex 40.3528 67.7666 66.712
      vertex 40.3528 67.7666 64.712
    endloop
  endfacet
  facet normal -0.803088 0.595861 0
    outer loop
      vertex 42.7595 67.6484 64.712
      vertex 42.8472 67.7666 66.712
      vertex 42.8472 67.7666 64.712
    endloop
  endfacet
  facet normal -0.803088 0.595861 0
    outer loop
      vertex 42.8472 67.7666 66.712
      vertex 42.7595 67.6484 64.712
      vertex 42.7595 67.6484 66.712
    endloop
  endfacet
  facet normal -0.998803 0.0489209 0
    outer loop
      vertex 43.0928 68.453 64.712
      vertex 43.1 68.6 66.712
      vertex 43.1 68.6 64.712
    endloop
  endfacet
  facet normal -0.998803 0.0489209 0
    outer loop
      vertex 43.1 68.6 66.712
      vertex 43.0928 68.453 64.712
      vertex 43.0928 68.453 66.712
    endloop
  endfacet
  facet normal 0.904125 -0.427269 0
    outer loop
      vertex 40.2142 69.174 66.712
      vertex 40.2771 69.3071 64.712
      vertex 40.2771 69.3071 66.712
    endloop
  endfacet
  facet normal 0.904125 -0.427269 0
    outer loop
      vertex 40.2771 69.3071 64.712
      vertex 40.2142 69.174 66.712
      vertex 40.2142 69.174 64.712
    endloop
  endfacet
  facet normal -0.969982 -0.243175 0
    outer loop
      vertex 43.0712 68.8926 64.712
      vertex 43.0354 69.0354 66.712
      vertex 43.0354 69.0354 64.712
    endloop
  endfacet
  facet normal -0.969982 -0.243175 0
    outer loop
      vertex 43.0354 69.0354 66.712
      vertex 43.0712 68.8926 64.712
      vertex 43.0712 68.8926 66.712
    endloop
  endfacet
  facet normal -0.146746 0.989174 0
    outer loop
      vertex 41.8926 67.1288 64.712
      vertex 41.747 67.1072 66.712
      vertex 41.8926 67.1288 66.712
    endloop
  endfacet
  facet normal -0.146746 0.989174 0
    outer loop
      vertex 41.747 67.1072 66.712
      vertex 41.8926 67.1288 64.712
      vertex 41.747 67.1072 64.712
    endloop
  endfacet
  facet normal 0.243175 -0.969982 0
    outer loop
      vertex 41.1646 70.0354 64.712
      vertex 41.3074 70.0712 66.712
      vertex 41.1646 70.0354 66.712
    endloop
  endfacet
  facet normal 0.243175 -0.969982 0
    outer loop
      vertex 41.3074 70.0712 66.712
      vertex 41.1646 70.0354 64.712
      vertex 41.3074 70.0712 64.712
    endloop
  endfacet
  facet normal 0.969982 0.243175 0
    outer loop
      vertex 40.1646 68.1646 66.712
      vertex 40.1288 68.3074 64.712
      vertex 40.1288 68.3074 66.712
    endloop
  endfacet
  facet normal 0.969982 0.243175 0
    outer loop
      vertex 40.1288 68.3074 64.712
      vertex 40.1646 68.1646 66.712
      vertex 40.1646 68.1646 64.712
    endloop
  endfacet
  facet normal 0.336939 -0.941527 0
    outer loop
      vertex 41.026 69.9858 64.712
      vertex 41.1646 70.0354 66.712
      vertex 41.026 69.9858 66.712
    endloop
  endfacet
  facet normal 0.336939 -0.941527 0
    outer loop
      vertex 41.1646 70.0354 66.712
      vertex 41.026 69.9858 64.712
      vertex 41.1646 70.0354 64.712
    endloop
  endfacet
  facet normal -0.671251 -0.74123 0
    outer loop
      vertex 42.5516 69.7595 64.712
      vertex 42.6607 69.6607 66.712
      vertex 42.5516 69.7595 66.712
    endloop
  endfacet
  facet normal -0.671251 -0.74123 -0
    outer loop
      vertex 42.6607 69.6607 66.712
      vertex 42.5516 69.7595 64.712
      vertex 42.6607 69.6607 64.712
    endloop
  endfacet
  facet normal -0.904125 0.427269 0
    outer loop
      vertex 42.9229 67.8929 64.712
      vertex 42.9858 68.026 66.712
      vertex 42.9858 68.026 64.712
    endloop
  endfacet
  facet normal -0.904125 0.427269 0
    outer loop
      vertex 42.9858 68.026 66.712
      vertex 42.9229 67.8929 64.712
      vertex 42.9229 67.8929 66.712
    endloop
  endfacet
  facet normal -0.941527 0.336939 0
    outer loop
      vertex 42.9858 68.026 64.712
      vertex 43.0354 68.1646 66.712
      vertex 43.0354 68.1646 64.712
    endloop
  endfacet
  facet normal -0.941527 0.336939 0
    outer loop
      vertex 43.0354 68.1646 66.712
      vertex 42.9858 68.026 64.712
      vertex 42.9858 68.026 66.712
    endloop
  endfacet
  facet normal -0.514096 0.857733 0
    outer loop
      vertex 42.4334 67.3528 64.712
      vertex 42.3071 67.2771 66.712
      vertex 42.4334 67.3528 66.712
    endloop
  endfacet
  facet normal -0.514096 0.857733 0
    outer loop
      vertex 42.3071 67.2771 66.712
      vertex 42.4334 67.3528 64.712
      vertex 42.3071 67.2771 64.712
    endloop
  endfacet
  facet normal 0.595861 0.803088 -0
    outer loop
      vertex 40.7666 67.3528 64.712
      vertex 40.6484 67.4405 66.712
      vertex 40.7666 67.3528 66.712
    endloop
  endfacet
  facet normal 0.595861 0.803088 0
    outer loop
      vertex 40.6484 67.4405 66.712
      vertex 40.7666 67.3528 64.712
      vertex 40.6484 67.4405 64.712
    endloop
  endfacet
  facet normal 0.146746 -0.989174 0
    outer loop
      vertex 41.3074 70.0712 64.712
      vertex 41.453 70.0928 66.712
      vertex 41.3074 70.0712 66.712
    endloop
  endfacet
  facet normal 0.146746 -0.989174 0
    outer loop
      vertex 41.453 70.0928 66.712
      vertex 41.3074 70.0712 64.712
      vertex 41.453 70.0928 64.712
    endloop
  endfacet
  facet normal -0.74123 0.671251 0
    outer loop
      vertex 42.6607 67.5393 64.712
      vertex 42.7595 67.6484 66.712
      vertex 42.7595 67.6484 64.712
    endloop
  endfacet
  facet normal -0.74123 0.671251 0
    outer loop
      vertex 42.7595 67.6484 66.712
      vertex 42.6607 67.5393 64.712
      vertex 42.6607 67.5393 66.712
    endloop
  endfacet
  facet normal -0.0489209 -0.998803 0
    outer loop
      vertex 41.6 70.1 64.712
      vertex 41.747 70.0928 66.712
      vertex 41.6 70.1 66.712
    endloop
  endfacet
  facet normal -0.0489209 -0.998803 -0
    outer loop
      vertex 41.747 70.0928 66.712
      vertex 41.6 70.1 64.712
      vertex 41.747 70.0928 64.712
    endloop
  endfacet
  facet normal -0.427269 -0.904125 0
    outer loop
      vertex 42.174 69.9858 64.712
      vertex 42.3071 69.9229 66.712
      vertex 42.174 69.9858 66.712
    endloop
  endfacet
  facet normal -0.427269 -0.904125 -0
    outer loop
      vertex 42.3071 69.9229 66.712
      vertex 42.174 69.9858 64.712
      vertex 42.3071 69.9229 64.712
    endloop
  endfacet
  facet normal -0.74123 -0.671251 0
    outer loop
      vertex 42.7595 69.5516 64.712
      vertex 42.6607 69.6607 66.712
      vertex 42.6607 69.6607 64.712
    endloop
  endfacet
  facet normal -0.74123 -0.671251 0
    outer loop
      vertex 42.6607 69.6607 66.712
      vertex 42.7595 69.5516 64.712
      vertex 42.7595 69.5516 66.712
    endloop
  endfacet
  facet normal 0.74123 0.671251 0
    outer loop
      vertex 40.5393 67.5393 66.712
      vertex 40.4405 67.6484 64.712
      vertex 40.4405 67.6484 66.712
    endloop
  endfacet
  facet normal 0.74123 0.671251 0
    outer loop
      vertex 40.4405 67.6484 64.712
      vertex 40.5393 67.5393 66.712
      vertex 40.5393 67.5393 64.712
    endloop
  endfacet
  facet normal -0.969982 0.243175 0
    outer loop
      vertex 43.0354 68.1646 64.712
      vertex 43.0712 68.3074 66.712
      vertex 43.0712 68.3074 64.712
    endloop
  endfacet
  facet normal -0.969982 0.243175 0
    outer loop
      vertex 43.0712 68.3074 66.712
      vertex 43.0354 68.1646 64.712
      vertex 43.0354 68.1646 66.712
    endloop
  endfacet
  facet normal -0.595861 -0.803088 0
    outer loop
      vertex 42.4334 69.8472 64.712
      vertex 42.5516 69.7595 66.712
      vertex 42.4334 69.8472 66.712
    endloop
  endfacet
  facet normal -0.595861 -0.803088 -0
    outer loop
      vertex 42.5516 69.7595 66.712
      vertex 42.4334 69.8472 64.712
      vertex 42.5516 69.7595 64.712
    endloop
  endfacet
  facet normal 0.803088 0.595861 0
    outer loop
      vertex 40.4405 67.6484 66.712
      vertex 40.3528 67.7666 64.712
      vertex 40.3528 67.7666 66.712
    endloop
  endfacet
  facet normal 0.803088 0.595861 0
    outer loop
      vertex 40.3528 67.7666 64.712
      vertex 40.4405 67.6484 66.712
      vertex 40.4405 67.6484 64.712
    endloop
  endfacet
  facet normal -0.904125 -0.427269 0
    outer loop
      vertex 42.9858 69.174 64.712
      vertex 42.9229 69.3071 66.712
      vertex 42.9229 69.3071 64.712
    endloop
  endfacet
  facet normal -0.904125 -0.427269 0
    outer loop
      vertex 42.9229 69.3071 66.712
      vertex 42.9858 69.174 64.712
      vertex 42.9858 69.174 66.712
    endloop
  endfacet
  facet normal -0.427269 0.904125 0
    outer loop
      vertex 42.3071 67.2771 64.712
      vertex 42.174 67.2142 66.712
      vertex 42.3071 67.2771 66.712
    endloop
  endfacet
  facet normal -0.427269 0.904125 0
    outer loop
      vertex 42.174 67.2142 66.712
      vertex 42.3071 67.2771 64.712
      vertex 42.174 67.2142 64.712
    endloop
  endfacet
  facet normal -0.989174 0.146746 0
    outer loop
      vertex 43.0712 68.3074 64.712
      vertex 43.0928 68.453 66.712
      vertex 43.0928 68.453 64.712
    endloop
  endfacet
  facet normal -0.989174 0.146746 0
    outer loop
      vertex 43.0928 68.453 66.712
      vertex 43.0712 68.3074 64.712
      vertex 43.0712 68.3074 66.712
    endloop
  endfacet
  facet normal -0.0489209 0.998803 0
    outer loop
      vertex 41.747 67.1072 64.712
      vertex 41.6 67.1 66.712
      vertex 41.747 67.1072 66.712
    endloop
  endfacet
  facet normal -0.0489209 0.998803 0
    outer loop
      vertex 41.6 67.1 66.712
      vertex 41.747 67.1072 64.712
      vertex 41.6 67.1 64.712
    endloop
  endfacet
  facet normal -0.514096 -0.857733 0
    outer loop
      vertex 42.3071 69.9229 64.712
      vertex 42.4334 69.8472 66.712
      vertex 42.3071 69.9229 66.712
    endloop
  endfacet
  facet normal -0.514096 -0.857733 -0
    outer loop
      vertex 42.4334 69.8472 66.712
      vertex 42.3071 69.9229 64.712
      vertex 42.4334 69.8472 64.712
    endloop
  endfacet
  facet normal -0.803088 -0.595861 0
    outer loop
      vertex 42.8472 69.4334 64.712
      vertex 42.7595 69.5516 66.712
      vertex 42.7595 69.5516 64.712
    endloop
  endfacet
  facet normal -0.803088 -0.595861 0
    outer loop
      vertex 42.7595 69.5516 66.712
      vertex 42.8472 69.4334 64.712
      vertex 42.8472 69.4334 66.712
    endloop
  endfacet
  facet normal -0.146746 -0.989174 0
    outer loop
      vertex 41.747 70.0928 64.712
      vertex 41.8926 70.0712 66.712
      vertex 41.747 70.0928 66.712
    endloop
  endfacet
  facet normal -0.146746 -0.989174 -0
    outer loop
      vertex 41.8926 70.0712 66.712
      vertex 41.747 70.0928 64.712
      vertex 41.8926 70.0712 64.712
    endloop
  endfacet
  facet normal -0.595861 0.803088 0
    outer loop
      vertex 42.5516 67.4405 64.712
      vertex 42.4334 67.3528 66.712
      vertex 42.5516 67.4405 66.712
    endloop
  endfacet
  facet normal -0.595861 0.803088 0
    outer loop
      vertex 42.4334 67.3528 66.712
      vertex 42.5516 67.4405 64.712
      vertex 42.4334 67.3528 64.712
    endloop
  endfacet
  facet normal -0.336939 0.941527 0
    outer loop
      vertex 42.174 67.2142 64.712
      vertex 42.0354 67.1646 66.712
      vertex 42.174 67.2142 66.712
    endloop
  endfacet
  facet normal -0.336939 0.941527 0
    outer loop
      vertex 42.0354 67.1646 66.712
      vertex 42.174 67.2142 64.712
      vertex 42.0354 67.1646 64.712
    endloop
  endfacet
  facet normal 0.74123 -0.671251 0
    outer loop
      vertex 40.4405 69.5516 66.712
      vertex 40.5393 69.6607 64.712
      vertex 40.5393 69.6607 66.712
    endloop
  endfacet
  facet normal 0.74123 -0.671251 0
    outer loop
      vertex 40.5393 69.6607 64.712
      vertex 40.4405 69.5516 66.712
      vertex 40.4405 69.5516 64.712
    endloop
  endfacet
  facet normal 0.857733 -0.514096 0
    outer loop
      vertex 40.2771 69.3071 66.712
      vertex 40.3528 69.4334 64.712
      vertex 40.3528 69.4334 66.712
    endloop
  endfacet
  facet normal 0.857733 -0.514096 0
    outer loop
      vertex 40.3528 69.4334 64.712
      vertex 40.2771 69.3071 66.712
      vertex 40.2771 69.3071 64.712
    endloop
  endfacet
  facet normal -0.941527 -0.336939 0
    outer loop
      vertex 43.0354 69.0354 64.712
      vertex 42.9858 69.174 66.712
      vertex 42.9858 69.174 64.712
    endloop
  endfacet
  facet normal -0.941527 -0.336939 0
    outer loop
      vertex 42.9858 69.174 66.712
      vertex 43.0354 69.0354 64.712
      vertex 43.0354 69.0354 66.712
    endloop
  endfacet
  facet normal -0.857733 -0.514096 0
    outer loop
      vertex 42.9229 69.3071 64.712
      vertex 42.8472 69.4334 66.712
      vertex 42.8472 69.4334 64.712
    endloop
  endfacet
  facet normal -0.857733 -0.514096 0
    outer loop
      vertex 42.8472 69.4334 66.712
      vertex 42.9229 69.3071 64.712
      vertex 42.9229 69.3071 66.712
    endloop
  endfacet
  facet normal 0.671251 -0.74123 0
    outer loop
      vertex 40.5393 69.6607 64.712
      vertex 40.6484 69.7595 66.712
      vertex 40.5393 69.6607 66.712
    endloop
  endfacet
  facet normal 0.671251 -0.74123 0
    outer loop
      vertex 40.6484 69.7595 66.712
      vertex 40.5393 69.6607 64.712
      vertex 40.6484 69.7595 64.712
    endloop
  endfacet
  facet normal 0.595861 -0.803088 0
    outer loop
      vertex 40.6484 69.7595 64.712
      vertex 40.7666 69.8472 66.712
      vertex 40.6484 69.7595 66.712
    endloop
  endfacet
  facet normal 0.595861 -0.803088 0
    outer loop
      vertex 40.7666 69.8472 66.712
      vertex 40.6484 69.7595 64.712
      vertex 40.7666 69.8472 64.712
    endloop
  endfacet
  facet normal 0.243175 0.969982 -0
    outer loop
      vertex 41.3074 67.1288 64.712
      vertex 41.1646 67.1646 66.712
      vertex 41.3074 67.1288 66.712
    endloop
  endfacet
  facet normal 0.243175 0.969982 0
    outer loop
      vertex 41.1646 67.1646 66.712
      vertex 41.3074 67.1288 64.712
      vertex 41.1646 67.1646 64.712
    endloop
  endfacet
  facet normal 0.989174 0.146746 0
    outer loop
      vertex 40.1288 68.3074 66.712
      vertex 40.1072 68.453 64.712
      vertex 40.1072 68.453 66.712
    endloop
  endfacet
  facet normal 0.989174 0.146746 0
    outer loop
      vertex 40.1072 68.453 64.712
      vertex 40.1288 68.3074 66.712
      vertex 40.1288 68.3074 64.712
    endloop
  endfacet
  facet normal -0.243175 -0.969982 0
    outer loop
      vertex 41.8926 70.0712 64.712
      vertex 42.0354 70.0354 66.712
      vertex 41.8926 70.0712 66.712
    endloop
  endfacet
  facet normal -0.243175 -0.969982 -0
    outer loop
      vertex 42.0354 70.0354 66.712
      vertex 41.8926 70.0712 64.712
      vertex 42.0354 70.0354 64.712
    endloop
  endfacet
  facet normal 0.941527 0.336939 0
    outer loop
      vertex 40.2142 68.026 66.712
      vertex 40.1646 68.1646 64.712
      vertex 40.1646 68.1646 66.712
    endloop
  endfacet
  facet normal 0.941527 0.336939 0
    outer loop
      vertex 40.1646 68.1646 64.712
      vertex 40.2142 68.026 66.712
      vertex 40.2142 68.026 64.712
    endloop
  endfacet
  facet normal 0.336939 0.941527 -0
    outer loop
      vertex 41.1646 67.1646 64.712
      vertex 41.026 67.2142 66.712
      vertex 41.1646 67.1646 66.712
    endloop
  endfacet
  facet normal 0.336939 0.941527 0
    outer loop
      vertex 41.026 67.2142 66.712
      vertex 41.1646 67.1646 64.712
      vertex 41.026 67.2142 64.712
    endloop
  endfacet
  facet normal -0.671251 0.74123 0
    outer loop
      vertex 42.6607 67.5393 64.712
      vertex 42.5516 67.4405 66.712
      vertex 42.6607 67.5393 66.712
    endloop
  endfacet
  facet normal -0.671251 0.74123 0
    outer loop
      vertex 42.5516 67.4405 66.712
      vertex 42.6607 67.5393 64.712
      vertex 42.5516 67.4405 64.712
    endloop
  endfacet
  facet normal -0.243175 0.969982 0
    outer loop
      vertex 42.0354 67.1646 64.712
      vertex 41.8926 67.1288 66.712
      vertex 42.0354 67.1646 66.712
    endloop
  endfacet
  facet normal -0.243175 0.969982 0
    outer loop
      vertex 41.8926 67.1288 66.712
      vertex 42.0354 67.1646 64.712
      vertex 41.8926 67.1288 64.712
    endloop
  endfacet
  facet normal 0.803088 -0.595861 0
    outer loop
      vertex 40.3528 69.4334 66.712
      vertex 40.4405 69.5516 64.712
      vertex 40.4405 69.5516 66.712
    endloop
  endfacet
  facet normal 0.803088 -0.595861 0
    outer loop
      vertex 40.4405 69.5516 64.712
      vertex 40.3528 69.4334 66.712
      vertex 40.3528 69.4334 64.712
    endloop
  endfacet
  facet normal 0.671251 0.74123 -0
    outer loop
      vertex 40.6484 67.4405 64.712
      vertex 40.5393 67.5393 66.712
      vertex 40.6484 67.4405 66.712
    endloop
  endfacet
  facet normal 0.671251 0.74123 0
    outer loop
      vertex 40.5393 67.5393 66.712
      vertex 40.6484 67.4405 64.712
      vertex 40.5393 67.5393 64.712
    endloop
  endfacet
  facet normal 0.904125 0.427269 0
    outer loop
      vertex 40.2771 67.8929 66.712
      vertex 40.2142 68.026 64.712
      vertex 40.2142 68.026 66.712
    endloop
  endfacet
  facet normal 0.904125 0.427269 0
    outer loop
      vertex 40.2142 68.026 64.712
      vertex 40.2771 67.8929 66.712
      vertex 40.2771 67.8929 64.712
    endloop
  endfacet
  facet normal 0.427269 -0.904125 0
    outer loop
      vertex 40.8929 69.9229 64.712
      vertex 41.026 69.9858 66.712
      vertex 40.8929 69.9229 66.712
    endloop
  endfacet
  facet normal 0.427269 -0.904125 0
    outer loop
      vertex 41.026 69.9858 66.712
      vertex 40.8929 69.9229 64.712
      vertex 41.026 69.9858 64.712
    endloop
  endfacet
  facet normal 0.146746 0.989174 -0
    outer loop
      vertex 41.453 67.1072 64.712
      vertex 41.3074 67.1288 66.712
      vertex 41.453 67.1072 66.712
    endloop
  endfacet
  facet normal 0.146746 0.989174 0
    outer loop
      vertex 41.3074 67.1288 66.712
      vertex 41.453 67.1072 64.712
      vertex 41.3074 67.1288 64.712
    endloop
  endfacet
  facet normal 0.514096 0.857733 -0
    outer loop
      vertex 40.8929 67.2771 64.712
      vertex 40.7666 67.3528 66.712
      vertex 40.8929 67.2771 66.712
    endloop
  endfacet
  facet normal 0.514096 0.857733 0
    outer loop
      vertex 40.7666 67.3528 66.712
      vertex 40.8929 67.2771 64.712
      vertex 40.7666 67.3528 64.712
    endloop
  endfacet
  facet normal -0.336939 -0.941527 0
    outer loop
      vertex 53.0354 70.0354 64.712
      vertex 53.174 69.9858 66.712
      vertex 53.0354 70.0354 66.712
    endloop
  endfacet
  facet normal -0.336939 -0.941527 -0
    outer loop
      vertex 53.174 69.9858 66.712
      vertex 53.0354 70.0354 64.712
      vertex 53.174 69.9858 64.712
    endloop
  endfacet
  facet normal 0.427269 0.904125 -0
    outer loop
      vertex 52.026 67.2142 64.712
      vertex 51.8929 67.2771 66.712
      vertex 52.026 67.2142 66.712
    endloop
  endfacet
  facet normal 0.427269 0.904125 0
    outer loop
      vertex 51.8929 67.2771 66.712
      vertex 52.026 67.2142 64.712
      vertex 51.8929 67.2771 64.712
    endloop
  endfacet
  facet normal 0.514096 -0.857733 0
    outer loop
      vertex 51.7666 69.8472 64.712
      vertex 51.8929 69.9229 66.712
      vertex 51.7666 69.8472 66.712
    endloop
  endfacet
  facet normal 0.514096 -0.857733 0
    outer loop
      vertex 51.8929 69.9229 66.712
      vertex 51.7666 69.8472 64.712
      vertex 51.8929 69.9229 64.712
    endloop
  endfacet
  facet normal -0.989174 -0.146746 0
    outer loop
      vertex 54.0928 68.747 64.712
      vertex 54.0712 68.8926 66.712
      vertex 54.0712 68.8926 64.712
    endloop
  endfacet
  facet normal -0.989174 -0.146746 0
    outer loop
      vertex 54.0712 68.8926 66.712
      vertex 54.0928 68.747 64.712
      vertex 54.0928 68.747 66.712
    endloop
  endfacet
  facet normal 0.998803 0.0489209 0
    outer loop
      vertex 51.1072 68.453 66.712
      vertex 51.1 68.6 64.712
      vertex 51.1 68.6 66.712
    endloop
  endfacet
  facet normal 0.998803 0.0489209 0
    outer loop
      vertex 51.1 68.6 64.712
      vertex 51.1072 68.453 66.712
      vertex 51.1072 68.453 64.712
    endloop
  endfacet
  facet normal 0.0489209 -0.998803 0
    outer loop
      vertex 52.453 70.0928 64.712
      vertex 52.6 70.1 66.712
      vertex 52.453 70.0928 66.712
    endloop
  endfacet
  facet normal 0.0489209 -0.998803 0
    outer loop
      vertex 52.6 70.1 66.712
      vertex 52.453 70.0928 64.712
      vertex 52.6 70.1 64.712
    endloop
  endfacet
  facet normal 0.941527 -0.336939 0
    outer loop
      vertex 51.1646 69.0354 66.712
      vertex 51.2142 69.174 64.712
      vertex 51.2142 69.174 66.712
    endloop
  endfacet
  facet normal 0.941527 -0.336939 0
    outer loop
      vertex 51.2142 69.174 64.712
      vertex 51.1646 69.0354 66.712
      vertex 51.1646 69.0354 64.712
    endloop
  endfacet
  facet normal 0.0489209 0.998803 -0
    outer loop
      vertex 52.6 67.1 64.712
      vertex 52.453 67.1072 66.712
      vertex 52.6 67.1 66.712
    endloop
  endfacet
  facet normal 0.0489209 0.998803 0
    outer loop
      vertex 52.453 67.1072 66.712
      vertex 52.6 67.1 64.712
      vertex 52.453 67.1072 64.712
    endloop
  endfacet
  facet normal -0.998803 -0.0489209 0
    outer loop
      vertex 54.1 68.6 64.712
      vertex 54.0928 68.747 66.712
      vertex 54.0928 68.747 64.712
    endloop
  endfacet
  facet normal -0.998803 -0.0489209 0
    outer loop
      vertex 54.0928 68.747 66.712
      vertex 54.1 68.6 64.712
      vertex 54.1 68.6 66.712
    endloop
  endfacet
  facet normal -0.857733 0.514096 0
    outer loop
      vertex 53.8472 67.7666 64.712
      vertex 53.9229 67.8929 66.712
      vertex 53.9229 67.8929 64.712
    endloop
  endfacet
  facet normal -0.857733 0.514096 0
    outer loop
      vertex 53.9229 67.8929 66.712
      vertex 53.8472 67.7666 64.712
      vertex 53.8472 67.7666 66.712
    endloop
  endfacet
  facet normal 0.989174 -0.146746 0
    outer loop
      vertex 51.1072 68.747 66.712
      vertex 51.1288 68.8926 64.712
      vertex 51.1288 68.8926 66.712
    endloop
  endfacet
  facet normal 0.989174 -0.146746 0
    outer loop
      vertex 51.1288 68.8926 64.712
      vertex 51.1072 68.747 66.712
      vertex 51.1072 68.747 64.712
    endloop
  endfacet
  facet normal 0.998803 -0.0489209 0
    outer loop
      vertex 51.1 68.6 66.712
      vertex 51.1072 68.747 64.712
      vertex 51.1072 68.747 66.712
    endloop
  endfacet
  facet normal 0.998803 -0.0489209 0
    outer loop
      vertex 51.1072 68.747 64.712
      vertex 51.1 68.6 66.712
      vertex 51.1 68.6 64.712
    endloop
  endfacet
  facet normal 0.857733 0.514096 0
    outer loop
      vertex 51.3528 67.7666 66.712
      vertex 51.2771 67.8929 64.712
      vertex 51.2771 67.8929 66.712
    endloop
  endfacet
  facet normal 0.857733 0.514096 0
    outer loop
      vertex 51.2771 67.8929 64.712
      vertex 51.3528 67.7666 66.712
      vertex 51.3528 67.7666 64.712
    endloop
  endfacet
  facet normal -0.803088 0.595861 0
    outer loop
      vertex 53.7595 67.6484 64.712
      vertex 53.8472 67.7666 66.712
      vertex 53.8472 67.7666 64.712
    endloop
  endfacet
  facet normal -0.803088 0.595861 0
    outer loop
      vertex 53.8472 67.7666 66.712
      vertex 53.7595 67.6484 64.712
      vertex 53.7595 67.6484 66.712
    endloop
  endfacet
  facet normal -0.998803 0.0489209 0
    outer loop
      vertex 54.0928 68.453 64.712
      vertex 54.1 68.6 66.712
      vertex 54.1 68.6 64.712
    endloop
  endfacet
  facet normal -0.998803 0.0489209 0
    outer loop
      vertex 54.1 68.6 66.712
      vertex 54.0928 68.453 64.712
      vertex 54.0928 68.453 66.712
    endloop
  endfacet
  facet normal 0.904125 -0.427269 0
    outer loop
      vertex 51.2142 69.174 66.712
      vertex 51.2771 69.3071 64.712
      vertex 51.2771 69.3071 66.712
    endloop
  endfacet
  facet normal 0.904125 -0.427269 0
    outer loop
      vertex 51.2771 69.3071 64.712
      vertex 51.2142 69.174 66.712
      vertex 51.2142 69.174 64.712
    endloop
  endfacet
  facet normal -0.969982 -0.243175 0
    outer loop
      vertex 54.0712 68.8926 64.712
      vertex 54.0354 69.0354 66.712
      vertex 54.0354 69.0354 64.712
    endloop
  endfacet
  facet normal -0.969982 -0.243175 0
    outer loop
      vertex 54.0354 69.0354 66.712
      vertex 54.0712 68.8926 64.712
      vertex 54.0712 68.8926 66.712
    endloop
  endfacet
  facet normal -0.146746 0.989174 0
    outer loop
      vertex 52.8926 67.1288 64.712
      vertex 52.747 67.1072 66.712
      vertex 52.8926 67.1288 66.712
    endloop
  endfacet
  facet normal -0.146746 0.989174 0
    outer loop
      vertex 52.747 67.1072 66.712
      vertex 52.8926 67.1288 64.712
      vertex 52.747 67.1072 64.712
    endloop
  endfacet
  facet normal 0.243175 -0.969982 0
    outer loop
      vertex 52.1646 70.0354 64.712
      vertex 52.3074 70.0712 66.712
      vertex 52.1646 70.0354 66.712
    endloop
  endfacet
  facet normal 0.243175 -0.969982 0
    outer loop
      vertex 52.3074 70.0712 66.712
      vertex 52.1646 70.0354 64.712
      vertex 52.3074 70.0712 64.712
    endloop
  endfacet
  facet normal 0.969982 0.243175 0
    outer loop
      vertex 51.1646 68.1646 66.712
      vertex 51.1288 68.3074 64.712
      vertex 51.1288 68.3074 66.712
    endloop
  endfacet
  facet normal 0.969982 0.243175 0
    outer loop
      vertex 51.1288 68.3074 64.712
      vertex 51.1646 68.1646 66.712
      vertex 51.1646 68.1646 64.712
    endloop
  endfacet
  facet normal 0.336939 -0.941527 0
    outer loop
      vertex 52.026 69.9858 64.712
      vertex 52.1646 70.0354 66.712
      vertex 52.026 69.9858 66.712
    endloop
  endfacet
  facet normal 0.336939 -0.941527 0
    outer loop
      vertex 52.1646 70.0354 66.712
      vertex 52.026 69.9858 64.712
      vertex 52.1646 70.0354 64.712
    endloop
  endfacet
  facet normal -0.671251 -0.74123 0
    outer loop
      vertex 53.5516 69.7595 64.712
      vertex 53.6607 69.6607 66.712
      vertex 53.5516 69.7595 66.712
    endloop
  endfacet
  facet normal -0.671251 -0.74123 -0
    outer loop
      vertex 53.6607 69.6607 66.712
      vertex 53.5516 69.7595 64.712
      vertex 53.6607 69.6607 64.712
    endloop
  endfacet
  facet normal -0.904125 0.427269 0
    outer loop
      vertex 53.9229 67.8929 64.712
      vertex 53.9858 68.026 66.712
      vertex 53.9858 68.026 64.712
    endloop
  endfacet
  facet normal -0.904125 0.427269 0
    outer loop
      vertex 53.9858 68.026 66.712
      vertex 53.9229 67.8929 64.712
      vertex 53.9229 67.8929 66.712
    endloop
  endfacet
  facet normal -0.941527 0.336939 0
    outer loop
      vertex 53.9858 68.026 64.712
      vertex 54.0354 68.1646 66.712
      vertex 54.0354 68.1646 64.712
    endloop
  endfacet
  facet normal -0.941527 0.336939 0
    outer loop
      vertex 54.0354 68.1646 66.712
      vertex 53.9858 68.026 64.712
      vertex 53.9858 68.026 66.712
    endloop
  endfacet
  facet normal -0.514096 0.857733 0
    outer loop
      vertex 53.4334 67.3528 64.712
      vertex 53.3071 67.2771 66.712
      vertex 53.4334 67.3528 66.712
    endloop
  endfacet
  facet normal -0.514096 0.857733 0
    outer loop
      vertex 53.3071 67.2771 66.712
      vertex 53.4334 67.3528 64.712
      vertex 53.3071 67.2771 64.712
    endloop
  endfacet
  facet normal -0.989174 0.146746 0
    outer loop
      vertex 54.0712 68.3074 64.712
      vertex 54.0928 68.453 66.712
      vertex 54.0928 68.453 64.712
    endloop
  endfacet
  facet normal -0.989174 0.146746 0
    outer loop
      vertex 54.0928 68.453 66.712
      vertex 54.0712 68.3074 64.712
      vertex 54.0712 68.3074 66.712
    endloop
  endfacet
  facet normal 0.595861 0.803088 -0
    outer loop
      vertex 51.7666 67.3528 64.712
      vertex 51.6484 67.4405 66.712
      vertex 51.7666 67.3528 66.712
    endloop
  endfacet
  facet normal 0.595861 0.803088 0
    outer loop
      vertex 51.6484 67.4405 66.712
      vertex 51.7666 67.3528 64.712
      vertex 51.6484 67.4405 64.712
    endloop
  endfacet
  facet normal 0.146746 -0.989174 0
    outer loop
      vertex 52.3074 70.0712 64.712
      vertex 52.453 70.0928 66.712
      vertex 52.3074 70.0712 66.712
    endloop
  endfacet
  facet normal 0.146746 -0.989174 0
    outer loop
      vertex 52.453 70.0928 66.712
      vertex 52.3074 70.0712 64.712
      vertex 52.453 70.0928 64.712
    endloop
  endfacet
  facet normal -0.74123 0.671251 0
    outer loop
      vertex 53.6607 67.5393 64.712
      vertex 53.7595 67.6484 66.712
      vertex 53.7595 67.6484 64.712
    endloop
  endfacet
  facet normal -0.74123 0.671251 0
    outer loop
      vertex 53.7595 67.6484 66.712
      vertex 53.6607 67.5393 64.712
      vertex 53.6607 67.5393 66.712
    endloop
  endfacet
  facet normal -0.0489209 -0.998803 0
    outer loop
      vertex 52.6 70.1 64.712
      vertex 52.747 70.0928 66.712
      vertex 52.6 70.1 66.712
    endloop
  endfacet
  facet normal -0.0489209 -0.998803 -0
    outer loop
      vertex 52.747 70.0928 66.712
      vertex 52.6 70.1 64.712
      vertex 52.747 70.0928 64.712
    endloop
  endfacet
  facet normal -0.427269 -0.904125 0
    outer loop
      vertex 53.174 69.9858 64.712
      vertex 53.3071 69.9229 66.712
      vertex 53.174 69.9858 66.712
    endloop
  endfacet
  facet normal -0.427269 -0.904125 -0
    outer loop
      vertex 53.3071 69.9229 66.712
      vertex 53.174 69.9858 64.712
      vertex 53.3071 69.9229 64.712
    endloop
  endfacet
  facet normal -0.74123 -0.671251 0
    outer loop
      vertex 53.7595 69.5516 64.712
      vertex 53.6607 69.6607 66.712
      vertex 53.6607 69.6607 64.712
    endloop
  endfacet
  facet normal -0.74123 -0.671251 0
    outer loop
      vertex 53.6607 69.6607 66.712
      vertex 53.7595 69.5516 64.712
      vertex 53.7595 69.5516 66.712
    endloop
  endfacet
  facet normal 0.74123 0.671251 0
    outer loop
      vertex 51.5393 67.5393 66.712
      vertex 51.4405 67.6484 64.712
      vertex 51.4405 67.6484 66.712
    endloop
  endfacet
  facet normal 0.74123 0.671251 0
    outer loop
      vertex 51.4405 67.6484 64.712
      vertex 51.5393 67.5393 66.712
      vertex 51.5393 67.5393 64.712
    endloop
  endfacet
  facet normal -0.969982 0.243175 0
    outer loop
      vertex 54.0354 68.1646 64.712
      vertex 54.0712 68.3074 66.712
      vertex 54.0712 68.3074 64.712
    endloop
  endfacet
  facet normal -0.969982 0.243175 0
    outer loop
      vertex 54.0712 68.3074 66.712
      vertex 54.0354 68.1646 64.712
      vertex 54.0354 68.1646 66.712
    endloop
  endfacet
  facet normal -0.595861 -0.803088 0
    outer loop
      vertex 53.4334 69.8472 64.712
      vertex 53.5516 69.7595 66.712
      vertex 53.4334 69.8472 66.712
    endloop
  endfacet
  facet normal -0.595861 -0.803088 -0
    outer loop
      vertex 53.5516 69.7595 66.712
      vertex 53.4334 69.8472 64.712
      vertex 53.5516 69.7595 64.712
    endloop
  endfacet
  facet normal 0.803088 0.595861 0
    outer loop
      vertex 51.4405 67.6484 66.712
      vertex 51.3528 67.7666 64.712
      vertex 51.3528 67.7666 66.712
    endloop
  endfacet
  facet normal 0.803088 0.595861 0
    outer loop
      vertex 51.3528 67.7666 64.712
      vertex 51.4405 67.6484 66.712
      vertex 51.4405 67.6484 64.712
    endloop
  endfacet
  facet normal -0.904125 -0.427269 0
    outer loop
      vertex 53.9858 69.174 64.712
      vertex 53.9229 69.3071 66.712
      vertex 53.9229 69.3071 64.712
    endloop
  endfacet
  facet normal -0.904125 -0.427269 0
    outer loop
      vertex 53.9229 69.3071 66.712
      vertex 53.9858 69.174 64.712
      vertex 53.9858 69.174 66.712
    endloop
  endfacet
  facet normal -0.427269 0.904125 0
    outer loop
      vertex 53.3071 67.2771 64.712
      vertex 53.174 67.2142 66.712
      vertex 53.3071 67.2771 66.712
    endloop
  endfacet
  facet normal -0.427269 0.904125 0
    outer loop
      vertex 53.174 67.2142 66.712
      vertex 53.3071 67.2771 64.712
      vertex 53.174 67.2142 64.712
    endloop
  endfacet
  facet normal -0.0489209 0.998803 0
    outer loop
      vertex 52.747 67.1072 64.712
      vertex 52.6 67.1 66.712
      vertex 52.747 67.1072 66.712
    endloop
  endfacet
  facet normal -0.0489209 0.998803 0
    outer loop
      vertex 52.6 67.1 66.712
      vertex 52.747 67.1072 64.712
      vertex 52.6 67.1 64.712
    endloop
  endfacet
  facet normal -0.514096 -0.857733 0
    outer loop
      vertex 53.3071 69.9229 64.712
      vertex 53.4334 69.8472 66.712
      vertex 53.3071 69.9229 66.712
    endloop
  endfacet
  facet normal -0.514096 -0.857733 -0
    outer loop
      vertex 53.4334 69.8472 66.712
      vertex 53.3071 69.9229 64.712
      vertex 53.4334 69.8472 64.712
    endloop
  endfacet
  facet normal -0.803088 -0.595861 0
    outer loop
      vertex 53.8472 69.4334 64.712
      vertex 53.7595 69.5516 66.712
      vertex 53.7595 69.5516 64.712
    endloop
  endfacet
  facet normal -0.803088 -0.595861 0
    outer loop
      vertex 53.7595 69.5516 66.712
      vertex 53.8472 69.4334 64.712
      vertex 53.8472 69.4334 66.712
    endloop
  endfacet
  facet normal -0.146746 -0.989174 0
    outer loop
      vertex 52.747 70.0928 64.712
      vertex 52.8926 70.0712 66.712
      vertex 52.747 70.0928 66.712
    endloop
  endfacet
  facet normal -0.146746 -0.989174 -0
    outer loop
      vertex 52.8926 70.0712 66.712
      vertex 52.747 70.0928 64.712
      vertex 52.8926 70.0712 64.712
    endloop
  endfacet
  facet normal -0.595861 0.803088 0
    outer loop
      vertex 53.5516 67.4405 64.712
      vertex 53.4334 67.3528 66.712
      vertex 53.5516 67.4405 66.712
    endloop
  endfacet
  facet normal -0.595861 0.803088 0
    outer loop
      vertex 53.4334 67.3528 66.712
      vertex 53.5516 67.4405 64.712
      vertex 53.4334 67.3528 64.712
    endloop
  endfacet
  facet normal 0.74123 -0.671251 0
    outer loop
      vertex 51.4405 69.5516 66.712
      vertex 51.5393 69.6607 64.712
      vertex 51.5393 69.6607 66.712
    endloop
  endfacet
  facet normal 0.74123 -0.671251 0
    outer loop
      vertex 51.5393 69.6607 64.712
      vertex 51.4405 69.5516 66.712
      vertex 51.4405 69.5516 64.712
    endloop
  endfacet
  facet normal 0.857733 -0.514096 0
    outer loop
      vertex 51.2771 69.3071 66.712
      vertex 51.3528 69.4334 64.712
      vertex 51.3528 69.4334 66.712
    endloop
  endfacet
  facet normal 0.857733 -0.514096 0
    outer loop
      vertex 51.3528 69.4334 64.712
      vertex 51.2771 69.3071 66.712
      vertex 51.2771 69.3071 64.712
    endloop
  endfacet
  facet normal -0.941527 -0.336939 0
    outer loop
      vertex 54.0354 69.0354 64.712
      vertex 53.9858 69.174 66.712
      vertex 53.9858 69.174 64.712
    endloop
  endfacet
  facet normal -0.941527 -0.336939 0
    outer loop
      vertex 53.9858 69.174 66.712
      vertex 54.0354 69.0354 64.712
      vertex 54.0354 69.0354 66.712
    endloop
  endfacet
  facet normal -0.857733 -0.514096 0
    outer loop
      vertex 53.9229 69.3071 64.712
      vertex 53.8472 69.4334 66.712
      vertex 53.8472 69.4334 64.712
    endloop
  endfacet
  facet normal -0.857733 -0.514096 0
    outer loop
      vertex 53.8472 69.4334 66.712
      vertex 53.9229 69.3071 64.712
      vertex 53.9229 69.3071 66.712
    endloop
  endfacet
  facet normal 0.671251 -0.74123 0
    outer loop
      vertex 51.5393 69.6607 64.712
      vertex 51.6484 69.7595 66.712
      vertex 51.5393 69.6607 66.712
    endloop
  endfacet
  facet normal 0.671251 -0.74123 0
    outer loop
      vertex 51.6484 69.7595 66.712
      vertex 51.5393 69.6607 64.712
      vertex 51.6484 69.7595 64.712
    endloop
  endfacet
  facet normal 0.595861 -0.803088 0
    outer loop
      vertex 51.6484 69.7595 64.712
      vertex 51.7666 69.8472 66.712
      vertex 51.6484 69.7595 66.712
    endloop
  endfacet
  facet normal 0.595861 -0.803088 0
    outer loop
      vertex 51.7666 69.8472 66.712
      vertex 51.6484 69.7595 64.712
      vertex 51.7666 69.8472 64.712
    endloop
  endfacet
  facet normal 0.969982 -0.243175 0
    outer loop
      vertex 51.1288 68.8926 66.712
      vertex 51.1646 69.0354 64.712
      vertex 51.1646 69.0354 66.712
    endloop
  endfacet
  facet normal 0.969982 -0.243175 0
    outer loop
      vertex 51.1646 69.0354 64.712
      vertex 51.1288 68.8926 66.712
      vertex 51.1288 68.8926 64.712
    endloop
  endfacet
  facet normal 0.243175 0.969982 -0
    outer loop
      vertex 52.3074 67.1288 64.712
      vertex 52.1646 67.1646 66.712
      vertex 52.3074 67.1288 66.712
    endloop
  endfacet
  facet normal 0.243175 0.969982 0
    outer loop
      vertex 52.1646 67.1646 66.712
      vertex 52.3074 67.1288 64.712
      vertex 52.1646 67.1646 64.712
    endloop
  endfacet
  facet normal 0.989174 0.146746 0
    outer loop
      vertex 51.1288 68.3074 66.712
      vertex 51.1072 68.453 64.712
      vertex 51.1072 68.453 66.712
    endloop
  endfacet
  facet normal 0.989174 0.146746 0
    outer loop
      vertex 51.1072 68.453 64.712
      vertex 51.1288 68.3074 66.712
      vertex 51.1288 68.3074 64.712
    endloop
  endfacet
  facet normal -0.243175 -0.969982 0
    outer loop
      vertex 52.8926 70.0712 64.712
      vertex 53.0354 70.0354 66.712
      vertex 52.8926 70.0712 66.712
    endloop
  endfacet
  facet normal -0.243175 -0.969982 -0
    outer loop
      vertex 53.0354 70.0354 66.712
      vertex 52.8926 70.0712 64.712
      vertex 53.0354 70.0354 64.712
    endloop
  endfacet
  facet normal 0.941527 0.336939 0
    outer loop
      vertex 51.2142 68.026 66.712
      vertex 51.1646 68.1646 64.712
      vertex 51.1646 68.1646 66.712
    endloop
  endfacet
  facet normal 0.941527 0.336939 0
    outer loop
      vertex 51.1646 68.1646 64.712
      vertex 51.2142 68.026 66.712
      vertex 51.2142 68.026 64.712
    endloop
  endfacet
  facet normal 0.336939 0.941527 -0
    outer loop
      vertex 52.1646 67.1646 64.712
      vertex 52.026 67.2142 66.712
      vertex 52.1646 67.1646 66.712
    endloop
  endfacet
  facet normal 0.336939 0.941527 0
    outer loop
      vertex 52.026 67.2142 66.712
      vertex 52.1646 67.1646 64.712
      vertex 52.026 67.2142 64.712
    endloop
  endfacet
  facet normal -0.671251 0.74123 0
    outer loop
      vertex 53.6607 67.5393 64.712
      vertex 53.5516 67.4405 66.712
      vertex 53.6607 67.5393 66.712
    endloop
  endfacet
  facet normal -0.671251 0.74123 0
    outer loop
      vertex 53.5516 67.4405 66.712
      vertex 53.6607 67.5393 64.712
      vertex 53.5516 67.4405 64.712
    endloop
  endfacet
  facet normal -0.243175 0.969982 0
    outer loop
      vertex 53.0354 67.1646 64.712
      vertex 52.8926 67.1288 66.712
      vertex 53.0354 67.1646 66.712
    endloop
  endfacet
  facet normal -0.243175 0.969982 0
    outer loop
      vertex 52.8926 67.1288 66.712
      vertex 53.0354 67.1646 64.712
      vertex 52.8926 67.1288 64.712
    endloop
  endfacet
  facet normal -0.336939 0.941527 0
    outer loop
      vertex 53.174 67.2142 64.712
      vertex 53.0354 67.1646 66.712
      vertex 53.174 67.2142 66.712
    endloop
  endfacet
  facet normal -0.336939 0.941527 0
    outer loop
      vertex 53.0354 67.1646 66.712
      vertex 53.174 67.2142 64.712
      vertex 53.0354 67.1646 64.712
    endloop
  endfacet
  facet normal 0.803088 -0.595861 0
    outer loop
      vertex 51.3528 69.4334 66.712
      vertex 51.4405 69.5516 64.712
      vertex 51.4405 69.5516 66.712
    endloop
  endfacet
  facet normal 0.803088 -0.595861 0
    outer loop
      vertex 51.4405 69.5516 64.712
      vertex 51.3528 69.4334 66.712
      vertex 51.3528 69.4334 64.712
    endloop
  endfacet
  facet normal 0.671251 0.74123 -0
    outer loop
      vertex 51.6484 67.4405 64.712
      vertex 51.5393 67.5393 66.712
      vertex 51.6484 67.4405 66.712
    endloop
  endfacet
  facet normal 0.671251 0.74123 0
    outer loop
      vertex 51.5393 67.5393 66.712
      vertex 51.6484 67.4405 64.712
      vertex 51.5393 67.5393 64.712
    endloop
  endfacet
  facet normal 0.904125 0.427269 0
    outer loop
      vertex 51.2771 67.8929 66.712
      vertex 51.2142 68.026 64.712
      vertex 51.2142 68.026 66.712
    endloop
  endfacet
  facet normal 0.904125 0.427269 0
    outer loop
      vertex 51.2142 68.026 64.712
      vertex 51.2771 67.8929 66.712
      vertex 51.2771 67.8929 64.712
    endloop
  endfacet
  facet normal 0.427269 -0.904125 0
    outer loop
      vertex 51.8929 69.9229 64.712
      vertex 52.026 69.9858 66.712
      vertex 51.8929 69.9229 66.712
    endloop
  endfacet
  facet normal 0.427269 -0.904125 0
    outer loop
      vertex 52.026 69.9858 66.712
      vertex 51.8929 69.9229 64.712
      vertex 52.026 69.9858 64.712
    endloop
  endfacet
  facet normal 0.146746 0.989174 -0
    outer loop
      vertex 52.453 67.1072 64.712
      vertex 52.3074 67.1288 66.712
      vertex 52.453 67.1072 66.712
    endloop
  endfacet
  facet normal 0.146746 0.989174 0
    outer loop
      vertex 52.3074 67.1288 66.712
      vertex 52.453 67.1072 64.712
      vertex 52.3074 67.1288 64.712
    endloop
  endfacet
  facet normal 0.514096 0.857733 -0
    outer loop
      vertex 51.8929 67.2771 64.712
      vertex 51.7666 67.3528 66.712
      vertex 51.8929 67.2771 66.712
    endloop
  endfacet
  facet normal 0.514096 0.857733 0
    outer loop
      vertex 51.7666 67.3528 66.712
      vertex 51.8929 67.2771 64.712
      vertex 51.7666 67.3528 64.712
    endloop
  endfacet
  facet normal -0.336939 -0.941527 0
    outer loop
      vertex 64.0354 70.0354 64.712
      vertex 64.174 69.9858 66.712
      vertex 64.0354 70.0354 66.712
    endloop
  endfacet
  facet normal -0.336939 -0.941527 -0
    outer loop
      vertex 64.174 69.9858 66.712
      vertex 64.0354 70.0354 64.712
      vertex 64.174 69.9858 64.712
    endloop
  endfacet
  facet normal 0.427269 0.904125 -0
    outer loop
      vertex 63.026 67.2142 64.712
      vertex 62.8929 67.2771 66.712
      vertex 63.026 67.2142 66.712
    endloop
  endfacet
  facet normal 0.427269 0.904125 0
    outer loop
      vertex 62.8929 67.2771 66.712
      vertex 63.026 67.2142 64.712
      vertex 62.8929 67.2771 64.712
    endloop
  endfacet
  facet normal 0.514096 -0.857733 0
    outer loop
      vertex 62.7666 69.8472 64.712
      vertex 62.8929 69.9229 66.712
      vertex 62.7666 69.8472 66.712
    endloop
  endfacet
  facet normal 0.514096 -0.857733 0
    outer loop
      vertex 62.8929 69.9229 66.712
      vertex 62.7666 69.8472 64.712
      vertex 62.8929 69.9229 64.712
    endloop
  endfacet
  facet normal -0.989174 -0.146746 0
    outer loop
      vertex 65.0928 68.747 64.712
      vertex 65.0712 68.8926 66.712
      vertex 65.0712 68.8926 64.712
    endloop
  endfacet
  facet normal -0.989174 -0.146746 0
    outer loop
      vertex 65.0712 68.8926 66.712
      vertex 65.0928 68.747 64.712
      vertex 65.0928 68.747 66.712
    endloop
  endfacet
  facet normal 0.998803 0.0489209 0
    outer loop
      vertex 62.1072 68.453 66.712
      vertex 62.1 68.6 64.712
      vertex 62.1 68.6 66.712
    endloop
  endfacet
  facet normal 0.998803 0.0489209 0
    outer loop
      vertex 62.1 68.6 64.712
      vertex 62.1072 68.453 66.712
      vertex 62.1072 68.453 64.712
    endloop
  endfacet
  facet normal 0.0489209 -0.998803 0
    outer loop
      vertex 63.453 70.0928 64.712
      vertex 63.6 70.1 66.712
      vertex 63.453 70.0928 66.712
    endloop
  endfacet
  facet normal 0.0489209 -0.998803 0
    outer loop
      vertex 63.6 70.1 66.712
      vertex 63.453 70.0928 64.712
      vertex 63.6 70.1 64.712
    endloop
  endfacet
  facet normal 0.941527 -0.336939 0
    outer loop
      vertex 62.1646 69.0354 66.712
      vertex 62.2142 69.174 64.712
      vertex 62.2142 69.174 66.712
    endloop
  endfacet
  facet normal 0.941527 -0.336939 0
    outer loop
      vertex 62.2142 69.174 64.712
      vertex 62.1646 69.0354 66.712
      vertex 62.1646 69.0354 64.712
    endloop
  endfacet
  facet normal 0.0489209 0.998803 -0
    outer loop
      vertex 63.6 67.1 64.712
      vertex 63.453 67.1072 66.712
      vertex 63.6 67.1 66.712
    endloop
  endfacet
  facet normal 0.0489209 0.998803 0
    outer loop
      vertex 63.453 67.1072 66.712
      vertex 63.6 67.1 64.712
      vertex 63.453 67.1072 64.712
    endloop
  endfacet
  facet normal -0.998803 -0.0489209 0
    outer loop
      vertex 65.1 68.6 64.712
      vertex 65.0928 68.747 66.712
      vertex 65.0928 68.747 64.712
    endloop
  endfacet
  facet normal -0.998803 -0.0489209 0
    outer loop
      vertex 65.0928 68.747 66.712
      vertex 65.1 68.6 64.712
      vertex 65.1 68.6 66.712
    endloop
  endfacet
  facet normal -0.857733 0.514096 0
    outer loop
      vertex 64.8472 67.7666 64.712
      vertex 64.9229 67.8929 66.712
      vertex 64.9229 67.8929 64.712
    endloop
  endfacet
  facet normal -0.857733 0.514096 0
    outer loop
      vertex 64.9229 67.8929 66.712
      vertex 64.8472 67.7666 64.712
      vertex 64.8472 67.7666 66.712
    endloop
  endfacet
  facet normal 0.989174 -0.146746 0
    outer loop
      vertex 62.1072 68.747 66.712
      vertex 62.1288 68.8926 64.712
      vertex 62.1288 68.8926 66.712
    endloop
  endfacet
  facet normal 0.989174 -0.146746 0
    outer loop
      vertex 62.1288 68.8926 64.712
      vertex 62.1072 68.747 66.712
      vertex 62.1072 68.747 64.712
    endloop
  endfacet
  facet normal 0.969982 -0.243175 0
    outer loop
      vertex 62.1288 68.8926 66.712
      vertex 62.1646 69.0354 64.712
      vertex 62.1646 69.0354 66.712
    endloop
  endfacet
  facet normal 0.969982 -0.243175 0
    outer loop
      vertex 62.1646 69.0354 64.712
      vertex 62.1288 68.8926 66.712
      vertex 62.1288 68.8926 64.712
    endloop
  endfacet
  facet normal 0.998803 -0.0489209 0
    outer loop
      vertex 62.1 68.6 66.712
      vertex 62.1072 68.747 64.712
      vertex 62.1072 68.747 66.712
    endloop
  endfacet
  facet normal 0.998803 -0.0489209 0
    outer loop
      vertex 62.1072 68.747 64.712
      vertex 62.1 68.6 66.712
      vertex 62.1 68.6 64.712
    endloop
  endfacet
  facet normal 0.857733 0.514096 0
    outer loop
      vertex 62.3528 67.7666 66.712
      vertex 62.2771 67.8929 64.712
      vertex 62.2771 67.8929 66.712
    endloop
  endfacet
  facet normal 0.857733 0.514096 0
    outer loop
      vertex 62.2771 67.8929 64.712
      vertex 62.3528 67.7666 66.712
      vertex 62.3528 67.7666 64.712
    endloop
  endfacet
  facet normal -0.998803 0.0489209 0
    outer loop
      vertex 65.0928 68.453 64.712
      vertex 65.1 68.6 66.712
      vertex 65.1 68.6 64.712
    endloop
  endfacet
  facet normal -0.998803 0.0489209 0
    outer loop
      vertex 65.1 68.6 66.712
      vertex 65.0928 68.453 64.712
      vertex 65.0928 68.453 66.712
    endloop
  endfacet
  facet normal 0.904125 -0.427269 0
    outer loop
      vertex 62.2142 69.174 66.712
      vertex 62.2771 69.3071 64.712
      vertex 62.2771 69.3071 66.712
    endloop
  endfacet
  facet normal 0.904125 -0.427269 0
    outer loop
      vertex 62.2771 69.3071 64.712
      vertex 62.2142 69.174 66.712
      vertex 62.2142 69.174 64.712
    endloop
  endfacet
  facet normal -0.969982 -0.243175 0
    outer loop
      vertex 65.0712 68.8926 64.712
      vertex 65.0354 69.0354 66.712
      vertex 65.0354 69.0354 64.712
    endloop
  endfacet
  facet normal -0.969982 -0.243175 0
    outer loop
      vertex 65.0354 69.0354 66.712
      vertex 65.0712 68.8926 64.712
      vertex 65.0712 68.8926 66.712
    endloop
  endfacet
  facet normal -0.146746 0.989174 0
    outer loop
      vertex 63.8926 67.1288 64.712
      vertex 63.747 67.1072 66.712
      vertex 63.8926 67.1288 66.712
    endloop
  endfacet
  facet normal -0.146746 0.989174 0
    outer loop
      vertex 63.747 67.1072 66.712
      vertex 63.8926 67.1288 64.712
      vertex 63.747 67.1072 64.712
    endloop
  endfacet
  facet normal 0.243175 -0.969982 0
    outer loop
      vertex 63.1646 70.0354 64.712
      vertex 63.3074 70.0712 66.712
      vertex 63.1646 70.0354 66.712
    endloop
  endfacet
  facet normal 0.243175 -0.969982 0
    outer loop
      vertex 63.3074 70.0712 66.712
      vertex 63.1646 70.0354 64.712
      vertex 63.3074 70.0712 64.712
    endloop
  endfacet
  facet normal 0.969982 0.243175 0
    outer loop
      vertex 62.1646 68.1646 66.712
      vertex 62.1288 68.3074 64.712
      vertex 62.1288 68.3074 66.712
    endloop
  endfacet
  facet normal 0.969982 0.243175 0
    outer loop
      vertex 62.1288 68.3074 64.712
      vertex 62.1646 68.1646 66.712
      vertex 62.1646 68.1646 64.712
    endloop
  endfacet
  facet normal 0.336939 -0.941527 0
    outer loop
      vertex 63.026 69.9858 64.712
      vertex 63.1646 70.0354 66.712
      vertex 63.026 69.9858 66.712
    endloop
  endfacet
  facet normal 0.336939 -0.941527 0
    outer loop
      vertex 63.1646 70.0354 66.712
      vertex 63.026 69.9858 64.712
      vertex 63.1646 70.0354 64.712
    endloop
  endfacet
  facet normal -0.671251 -0.74123 0
    outer loop
      vertex 64.5516 69.7595 64.712
      vertex 64.6607 69.6607 66.712
      vertex 64.5516 69.7595 66.712
    endloop
  endfacet
  facet normal -0.671251 -0.74123 -0
    outer loop
      vertex 64.6607 69.6607 66.712
      vertex 64.5516 69.7595 64.712
      vertex 64.6607 69.6607 64.712
    endloop
  endfacet
  facet normal -0.904125 0.427269 0
    outer loop
      vertex 64.9229 67.8929 64.712
      vertex 64.9858 68.026 66.712
      vertex 64.9858 68.026 64.712
    endloop
  endfacet
  facet normal -0.904125 0.427269 0
    outer loop
      vertex 64.9858 68.026 66.712
      vertex 64.9229 67.8929 64.712
      vertex 64.9229 67.8929 66.712
    endloop
  endfacet
  facet normal -0.941527 0.336939 0
    outer loop
      vertex 64.9858 68.026 64.712
      vertex 65.0354 68.1646 66.712
      vertex 65.0354 68.1646 64.712
    endloop
  endfacet
  facet normal -0.941527 0.336939 0
    outer loop
      vertex 65.0354 68.1646 66.712
      vertex 64.9858 68.026 64.712
      vertex 64.9858 68.026 66.712
    endloop
  endfacet
  facet normal -0.514096 0.857733 0
    outer loop
      vertex 64.4334 67.3528 64.712
      vertex 64.3071 67.2771 66.712
      vertex 64.4334 67.3528 66.712
    endloop
  endfacet
  facet normal -0.514096 0.857733 0
    outer loop
      vertex 64.3071 67.2771 66.712
      vertex 64.4334 67.3528 64.712
      vertex 64.3071 67.2771 64.712
    endloop
  endfacet
  facet normal -0.989174 0.146746 0
    outer loop
      vertex 65.0712 68.3074 64.712
      vertex 65.0928 68.453 66.712
      vertex 65.0928 68.453 64.712
    endloop
  endfacet
  facet normal -0.989174 0.146746 0
    outer loop
      vertex 65.0928 68.453 66.712
      vertex 65.0712 68.3074 64.712
      vertex 65.0712 68.3074 66.712
    endloop
  endfacet
  facet normal 0.595861 0.803088 -0
    outer loop
      vertex 62.7666 67.3528 64.712
      vertex 62.6484 67.4405 66.712
      vertex 62.7666 67.3528 66.712
    endloop
  endfacet
  facet normal 0.595861 0.803088 0
    outer loop
      vertex 62.6484 67.4405 66.712
      vertex 62.7666 67.3528 64.712
      vertex 62.6484 67.4405 64.712
    endloop
  endfacet
  facet normal 0.146746 -0.989174 0
    outer loop
      vertex 63.3074 70.0712 64.712
      vertex 63.453 70.0928 66.712
      vertex 63.3074 70.0712 66.712
    endloop
  endfacet
  facet normal 0.146746 -0.989174 0
    outer loop
      vertex 63.453 70.0928 66.712
      vertex 63.3074 70.0712 64.712
      vertex 63.453 70.0928 64.712
    endloop
  endfacet
  facet normal -0.74123 0.671251 0
    outer loop
      vertex 64.6607 67.5393 64.712
      vertex 64.7595 67.6484 66.712
      vertex 64.7595 67.6484 64.712
    endloop
  endfacet
  facet normal -0.74123 0.671251 0
    outer loop
      vertex 64.7595 67.6484 66.712
      vertex 64.6607 67.5393 64.712
      vertex 64.6607 67.5393 66.712
    endloop
  endfacet
  facet normal -0.0489209 -0.998803 0
    outer loop
      vertex 63.6 70.1 64.712
      vertex 63.747 70.0928 66.712
      vertex 63.6 70.1 66.712
    endloop
  endfacet
  facet normal -0.0489209 -0.998803 -0
    outer loop
      vertex 63.747 70.0928 66.712
      vertex 63.6 70.1 64.712
      vertex 63.747 70.0928 64.712
    endloop
  endfacet
  facet normal -0.427269 -0.904125 0
    outer loop
      vertex 64.174 69.9858 64.712
      vertex 64.3071 69.9229 66.712
      vertex 64.174 69.9858 66.712
    endloop
  endfacet
  facet normal -0.427269 -0.904125 -0
    outer loop
      vertex 64.3071 69.9229 66.712
      vertex 64.174 69.9858 64.712
      vertex 64.3071 69.9229 64.712
    endloop
  endfacet
  facet normal -0.74123 -0.671251 0
    outer loop
      vertex 64.7595 69.5516 64.712
      vertex 64.6607 69.6607 66.712
      vertex 64.6607 69.6607 64.712
    endloop
  endfacet
  facet normal -0.74123 -0.671251 0
    outer loop
      vertex 64.6607 69.6607 66.712
      vertex 64.7595 69.5516 64.712
      vertex 64.7595 69.5516 66.712
    endloop
  endfacet
  facet normal 0.74123 0.671251 0
    outer loop
      vertex 62.5393 67.5393 66.712
      vertex 62.4405 67.6484 64.712
      vertex 62.4405 67.6484 66.712
    endloop
  endfacet
  facet normal 0.74123 0.671251 0
    outer loop
      vertex 62.4405 67.6484 64.712
      vertex 62.5393 67.5393 66.712
      vertex 62.5393 67.5393 64.712
    endloop
  endfacet
  facet normal -0.969982 0.243175 0
    outer loop
      vertex 65.0354 68.1646 64.712
      vertex 65.0712 68.3074 66.712
      vertex 65.0712 68.3074 64.712
    endloop
  endfacet
  facet normal -0.969982 0.243175 0
    outer loop
      vertex 65.0712 68.3074 66.712
      vertex 65.0354 68.1646 64.712
      vertex 65.0354 68.1646 66.712
    endloop
  endfacet
  facet normal -0.595861 -0.803088 0
    outer loop
      vertex 64.4334 69.8472 64.712
      vertex 64.5516 69.7595 66.712
      vertex 64.4334 69.8472 66.712
    endloop
  endfacet
  facet normal -0.595861 -0.803088 -0
    outer loop
      vertex 64.5516 69.7595 66.712
      vertex 64.4334 69.8472 64.712
      vertex 64.5516 69.7595 64.712
    endloop
  endfacet
  facet normal 0.803088 0.595861 0
    outer loop
      vertex 62.4405 67.6484 66.712
      vertex 62.3528 67.7666 64.712
      vertex 62.3528 67.7666 66.712
    endloop
  endfacet
  facet normal 0.803088 0.595861 0
    outer loop
      vertex 62.3528 67.7666 64.712
      vertex 62.4405 67.6484 66.712
      vertex 62.4405 67.6484 64.712
    endloop
  endfacet
  facet normal -0.904125 -0.427269 0
    outer loop
      vertex 64.9858 69.174 64.712
      vertex 64.9229 69.3071 66.712
      vertex 64.9229 69.3071 64.712
    endloop
  endfacet
  facet normal -0.904125 -0.427269 0
    outer loop
      vertex 64.9229 69.3071 66.712
      vertex 64.9858 69.174 64.712
      vertex 64.9858 69.174 66.712
    endloop
  endfacet
  facet normal -0.427269 0.904125 0
    outer loop
      vertex 64.3071 67.2771 64.712
      vertex 64.174 67.2142 66.712
      vertex 64.3071 67.2771 66.712
    endloop
  endfacet
  facet normal -0.427269 0.904125 0
    outer loop
      vertex 64.174 67.2142 66.712
      vertex 64.3071 67.2771 64.712
      vertex 64.174 67.2142 64.712
    endloop
  endfacet
  facet normal -0.0489209 0.998803 0
    outer loop
      vertex 63.747 67.1072 64.712
      vertex 63.6 67.1 66.712
      vertex 63.747 67.1072 66.712
    endloop
  endfacet
  facet normal -0.0489209 0.998803 0
    outer loop
      vertex 63.6 67.1 66.712
      vertex 63.747 67.1072 64.712
      vertex 63.6 67.1 64.712
    endloop
  endfacet
  facet normal -0.514096 -0.857733 0
    outer loop
      vertex 64.3071 69.9229 64.712
      vertex 64.4334 69.8472 66.712
      vertex 64.3071 69.9229 66.712
    endloop
  endfacet
  facet normal -0.514096 -0.857733 -0
    outer loop
      vertex 64.4334 69.8472 66.712
      vertex 64.3071 69.9229 64.712
      vertex 64.4334 69.8472 64.712
    endloop
  endfacet
  facet normal -0.803088 -0.595861 0
    outer loop
      vertex 64.8472 69.4334 64.712
      vertex 64.7595 69.5516 66.712
      vertex 64.7595 69.5516 64.712
    endloop
  endfacet
  facet normal -0.803088 -0.595861 0
    outer loop
      vertex 64.7595 69.5516 66.712
      vertex 64.8472 69.4334 64.712
      vertex 64.8472 69.4334 66.712
    endloop
  endfacet
  facet normal -0.146746 -0.989174 0
    outer loop
      vertex 63.747 70.0928 64.712
      vertex 63.8926 70.0712 66.712
      vertex 63.747 70.0928 66.712
    endloop
  endfacet
  facet normal -0.146746 -0.989174 -0
    outer loop
      vertex 63.8926 70.0712 66.712
      vertex 63.747 70.0928 64.712
      vertex 63.8926 70.0712 64.712
    endloop
  endfacet
  facet normal 0.74123 -0.671251 0
    outer loop
      vertex 62.4405 69.5516 66.712
      vertex 62.5393 69.6607 64.712
      vertex 62.5393 69.6607 66.712
    endloop
  endfacet
  facet normal 0.74123 -0.671251 0
    outer loop
      vertex 62.5393 69.6607 64.712
      vertex 62.4405 69.5516 66.712
      vertex 62.4405 69.5516 64.712
    endloop
  endfacet
  facet normal 0.857733 -0.514096 0
    outer loop
      vertex 62.2771 69.3071 66.712
      vertex 62.3528 69.4334 64.712
      vertex 62.3528 69.4334 66.712
    endloop
  endfacet
  facet normal 0.857733 -0.514096 0
    outer loop
      vertex 62.3528 69.4334 64.712
      vertex 62.2771 69.3071 66.712
      vertex 62.2771 69.3071 64.712
    endloop
  endfacet
  facet normal -0.941527 -0.336939 0
    outer loop
      vertex 65.0354 69.0354 64.712
      vertex 64.9858 69.174 66.712
      vertex 64.9858 69.174 64.712
    endloop
  endfacet
  facet normal -0.941527 -0.336939 0
    outer loop
      vertex 64.9858 69.174 66.712
      vertex 65.0354 69.0354 64.712
      vertex 65.0354 69.0354 66.712
    endloop
  endfacet
  facet normal -0.857733 -0.514096 0
    outer loop
      vertex 64.9229 69.3071 64.712
      vertex 64.8472 69.4334 66.712
      vertex 64.8472 69.4334 64.712
    endloop
  endfacet
  facet normal -0.857733 -0.514096 0
    outer loop
      vertex 64.8472 69.4334 66.712
      vertex 64.9229 69.3071 64.712
      vertex 64.9229 69.3071 66.712
    endloop
  endfacet
  facet normal 0.671251 -0.74123 0
    outer loop
      vertex 62.5393 69.6607 64.712
      vertex 62.6484 69.7595 66.712
      vertex 62.5393 69.6607 66.712
    endloop
  endfacet
  facet normal 0.671251 -0.74123 0
    outer loop
      vertex 62.6484 69.7595 66.712
      vertex 62.5393 69.6607 64.712
      vertex 62.6484 69.7595 64.712
    endloop
  endfacet
  facet normal 0.595861 -0.803088 0
    outer loop
      vertex 62.6484 69.7595 64.712
      vertex 62.7666 69.8472 66.712
      vertex 62.6484 69.7595 66.712
    endloop
  endfacet
  facet normal 0.595861 -0.803088 0
    outer loop
      vertex 62.7666 69.8472 66.712
      vertex 62.6484 69.7595 64.712
      vertex 62.7666 69.8472 64.712
    endloop
  endfacet
  facet normal 0.243175 0.969982 -0
    outer loop
      vertex 63.3074 67.1288 64.712
      vertex 63.1646 67.1646 66.712
      vertex 63.3074 67.1288 66.712
    endloop
  endfacet
  facet normal 0.243175 0.969982 0
    outer loop
      vertex 63.1646 67.1646 66.712
      vertex 63.3074 67.1288 64.712
      vertex 63.1646 67.1646 64.712
    endloop
  endfacet
  facet normal 0.989174 0.146746 0
    outer loop
      vertex 62.1288 68.3074 66.712
      vertex 62.1072 68.453 64.712
      vertex 62.1072 68.453 66.712
    endloop
  endfacet
  facet normal 0.989174 0.146746 0
    outer loop
      vertex 62.1072 68.453 64.712
      vertex 62.1288 68.3074 66.712
      vertex 62.1288 68.3074 64.712
    endloop
  endfacet
  facet normal -0.243175 -0.969982 0
    outer loop
      vertex 63.8926 70.0712 64.712
      vertex 64.0354 70.0354 66.712
      vertex 63.8926 70.0712 66.712
    endloop
  endfacet
  facet normal -0.243175 -0.969982 -0
    outer loop
      vertex 64.0354 70.0354 66.712
      vertex 63.8926 70.0712 64.712
      vertex 64.0354 70.0354 64.712
    endloop
  endfacet
  facet normal 0.941527 0.336939 0
    outer loop
      vertex 62.2142 68.026 66.712
      vertex 62.1646 68.1646 64.712
      vertex 62.1646 68.1646 66.712
    endloop
  endfacet
  facet normal 0.941527 0.336939 0
    outer loop
      vertex 62.1646 68.1646 64.712
      vertex 62.2142 68.026 66.712
      vertex 62.2142 68.026 64.712
    endloop
  endfacet
  facet normal 0.336939 0.941527 -0
    outer loop
      vertex 63.1646 67.1646 64.712
      vertex 63.026 67.2142 66.712
      vertex 63.1646 67.1646 66.712
    endloop
  endfacet
  facet normal 0.336939 0.941527 0
    outer loop
      vertex 63.026 67.2142 66.712
      vertex 63.1646 67.1646 64.712
      vertex 63.026 67.2142 64.712
    endloop
  endfacet
  facet normal -0.671251 0.74123 0
    outer loop
      vertex 64.6607 67.5393 64.712
      vertex 64.5516 67.4405 66.712
      vertex 64.6607 67.5393 66.712
    endloop
  endfacet
  facet normal -0.671251 0.74123 0
    outer loop
      vertex 64.5516 67.4405 66.712
      vertex 64.6607 67.5393 64.712
      vertex 64.5516 67.4405 64.712
    endloop
  endfacet
  facet normal -0.243175 0.969982 0
    outer loop
      vertex 64.0354 67.1646 64.712
      vertex 63.8926 67.1288 66.712
      vertex 64.0354 67.1646 66.712
    endloop
  endfacet
  facet normal -0.243175 0.969982 0
    outer loop
      vertex 63.8926 67.1288 66.712
      vertex 64.0354 67.1646 64.712
      vertex 63.8926 67.1288 64.712
    endloop
  endfacet
  facet normal -0.803088 0.595861 0
    outer loop
      vertex 64.7595 67.6484 64.712
      vertex 64.8472 67.7666 66.712
      vertex 64.8472 67.7666 64.712
    endloop
  endfacet
  facet normal -0.803088 0.595861 0
    outer loop
      vertex 64.8472 67.7666 66.712
      vertex 64.7595 67.6484 64.712
      vertex 64.7595 67.6484 66.712
    endloop
  endfacet
  facet normal -0.336939 0.941527 0
    outer loop
      vertex 64.174 67.2142 64.712
      vertex 64.0354 67.1646 66.712
      vertex 64.174 67.2142 66.712
    endloop
  endfacet
  facet normal -0.336939 0.941527 0
    outer loop
      vertex 64.0354 67.1646 66.712
      vertex 64.174 67.2142 64.712
      vertex 64.0354 67.1646 64.712
    endloop
  endfacet
  facet normal 0.803088 -0.595861 0
    outer loop
      vertex 62.3528 69.4334 66.712
      vertex 62.4405 69.5516 64.712
      vertex 62.4405 69.5516 66.712
    endloop
  endfacet
  facet normal 0.803088 -0.595861 0
    outer loop
      vertex 62.4405 69.5516 64.712
      vertex 62.3528 69.4334 66.712
      vertex 62.3528 69.4334 64.712
    endloop
  endfacet
  facet normal -0.595861 0.803088 0
    outer loop
      vertex 64.5516 67.4405 64.712
      vertex 64.4334 67.3528 66.712
      vertex 64.5516 67.4405 66.712
    endloop
  endfacet
  facet normal -0.595861 0.803088 0
    outer loop
      vertex 64.4334 67.3528 66.712
      vertex 64.5516 67.4405 64.712
      vertex 64.4334 67.3528 64.712
    endloop
  endfacet
  facet normal 0.671251 0.74123 -0
    outer loop
      vertex 62.6484 67.4405 64.712
      vertex 62.5393 67.5393 66.712
      vertex 62.6484 67.4405 66.712
    endloop
  endfacet
  facet normal 0.671251 0.74123 0
    outer loop
      vertex 62.5393 67.5393 66.712
      vertex 62.6484 67.4405 64.712
      vertex 62.5393 67.5393 64.712
    endloop
  endfacet
  facet normal 0.904125 0.427269 0
    outer loop
      vertex 62.2771 67.8929 66.712
      vertex 62.2142 68.026 64.712
      vertex 62.2142 68.026 66.712
    endloop
  endfacet
  facet normal 0.904125 0.427269 0
    outer loop
      vertex 62.2142 68.026 64.712
      vertex 62.2771 67.8929 66.712
      vertex 62.2771 67.8929 64.712
    endloop
  endfacet
  facet normal 0.427269 -0.904125 0
    outer loop
      vertex 62.8929 69.9229 64.712
      vertex 63.026 69.9858 66.712
      vertex 62.8929 69.9229 66.712
    endloop
  endfacet
  facet normal 0.427269 -0.904125 0
    outer loop
      vertex 63.026 69.9858 66.712
      vertex 62.8929 69.9229 64.712
      vertex 63.026 69.9858 64.712
    endloop
  endfacet
  facet normal 0.146746 0.989174 -0
    outer loop
      vertex 63.453 67.1072 64.712
      vertex 63.3074 67.1288 66.712
      vertex 63.453 67.1072 66.712
    endloop
  endfacet
  facet normal 0.146746 0.989174 0
    outer loop
      vertex 63.3074 67.1288 66.712
      vertex 63.453 67.1072 64.712
      vertex 63.3074 67.1288 64.712
    endloop
  endfacet
  facet normal 0.514096 0.857733 -0
    outer loop
      vertex 62.8929 67.2771 64.712
      vertex 62.7666 67.3528 66.712
      vertex 62.8929 67.2771 66.712
    endloop
  endfacet
  facet normal 0.514096 0.857733 0
    outer loop
      vertex 62.7666 67.3528 66.712
      vertex 62.8929 67.2771 64.712
      vertex 62.7666 67.3528 64.712
    endloop
  endfacet
  facet normal -1 0 0
    outer loop
      vertex 69.6 55.1 50.212
      vertex 69.6 82.1 64.712
      vertex 69.6 82.1 50.212
    endloop
  endfacet
  facet normal -1 -0 0
    outer loop
      vertex 69.6 82.1 64.712
      vertex 69.6 55.1 50.212
      vertex 69.6 55.1 64.712
    endloop
  endfacet
  facet normal 0 0 -1
    outer loop
      vertex 69.6 55.1 64.712
      vertex 65.1 68.6 64.712
      vertex 69.6 82.1 64.712
    endloop
  endfacet
  facet normal 0 0 -1
    outer loop
      vertex 69.6 55.1 64.712
      vertex 65.0928 68.453 64.712
      vertex 65.1 68.6 64.712
    endloop
  endfacet
  facet normal 0 0 -1
    outer loop
      vertex 69.6 55.1 64.712
      vertex 65.0712 68.3074 64.712
      vertex 65.0928 68.453 64.712
    endloop
  endfacet
  facet normal 0 0 -1
    outer loop
      vertex 69.6 55.1 64.712
      vertex 65.0354 68.1646 64.712
      vertex 65.0712 68.3074 64.712
    endloop
  endfacet
  facet normal 0 0 -1
    outer loop
      vertex 69.6 55.1 64.712
      vertex 64.9858 68.026 64.712
      vertex 65.0354 68.1646 64.712
    endloop
  endfacet
  facet normal 0 0 -1
    outer loop
      vertex 69.6 55.1 64.712
      vertex 64.9229 67.8929 64.712
      vertex 64.9858 68.026 64.712
    endloop
  endfacet
  facet normal 0 0 -1
    outer loop
      vertex 69.6 55.1 64.712
      vertex 64.8472 67.7666 64.712
      vertex 64.9229 67.8929 64.712
    endloop
  endfacet
  facet normal 0 0 -1
    outer loop
      vertex 69.6 55.1 64.712
      vertex 64.7595 67.6484 64.712
      vertex 64.8472 67.7666 64.712
    endloop
  endfacet
  facet normal 0 0 -1
    outer loop
      vertex 69.6 55.1 64.712
      vertex 64.6607 67.5393 64.712
      vertex 64.7595 67.6484 64.712
    endloop
  endfacet
  facet normal 0 0 -1
    outer loop
      vertex 69.6 55.1 64.712
      vertex 64.5516 67.4405 64.712
      vertex 64.6607 67.5393 64.712
    endloop
  endfacet
  facet normal 0 0 -1
    outer loop
      vertex 69.6 55.1 64.712
      vertex 64.4334 67.3528 64.712
      vertex 64.5516 67.4405 64.712
    endloop
  endfacet
  facet normal 0 0 -1
    outer loop
      vertex 69.6 55.1 64.712
      vertex 64.3071 67.2771 64.712
      vertex 64.4334 67.3528 64.712
    endloop
  endfacet
  facet normal 0 0 -1
    outer loop
      vertex 69.6 55.1 64.712
      vertex 64.174 67.2142 64.712
      vertex 64.3071 67.2771 64.712
    endloop
  endfacet
  facet normal 0 0 -1
    outer loop
      vertex 69.6 55.1 64.712
      vertex 64.0354 67.1646 64.712
      vertex 64.174 67.2142 64.712
    endloop
  endfacet
  facet normal 0 0 -1
    outer loop
      vertex 69.6 55.1 64.712
      vertex 63.8926 67.1288 64.712
      vertex 64.0354 67.1646 64.712
    endloop
  endfacet
  facet normal 0 0 -1
    outer loop
      vertex 69.6 55.1 64.712
      vertex 63.747 67.1072 64.712
      vertex 63.8926 67.1288 64.712
    endloop
  endfacet
  facet normal 0 0 -1
    outer loop
      vertex 69.6 55.1 64.712
      vertex 63.6 67.1 64.712
      vertex 63.747 67.1072 64.712
    endloop
  endfacet
  facet normal 0 0 -1
    outer loop
      vertex 69.6 55.1 64.712
      vertex 63.453 67.1072 64.712
      vertex 63.6 67.1 64.712
    endloop
  endfacet
  facet normal 0 0 -1
    outer loop
      vertex 69.6 55.1 64.712
      vertex 63.3074 67.1288 64.712
      vertex 63.453 67.1072 64.712
    endloop
  endfacet
  facet normal 0 0 -1
    outer loop
      vertex 69.6 55.1 64.712
      vertex 63.1646 67.1646 64.712
      vertex 63.3074 67.1288 64.712
    endloop
  endfacet
  facet normal 0 0 -1
    outer loop
      vertex 69.6 55.1 64.712
      vertex 63.026 67.2142 64.712
      vertex 63.1646 67.1646 64.712
    endloop
  endfacet
  facet normal 0 0 -1
    outer loop
      vertex 53.174 67.2142 64.712
      vertex 63.026 67.2142 64.712
      vertex 69.6 55.1 64.712
    endloop
  endfacet
  facet normal 0 0 -1
    outer loop
      vertex 63.026 67.2142 64.712
      vertex 53.3071 67.2771 64.712
      vertex 62.8929 67.2771 64.712
    endloop
  endfacet
  facet normal 0 0 -1
    outer loop
      vertex 62.8929 67.2771 64.712
      vertex 53.3071 67.2771 64.712
      vertex 62.7666 67.3528 64.712
    endloop
  endfacet
  facet normal 0 -0 -1
    outer loop
      vertex 53.4334 67.3528 64.712
      vertex 62.7666 67.3528 64.712
      vertex 53.3071 67.2771 64.712
    endloop
  endfacet
  facet normal 0 0 -1
    outer loop
      vertex 62.7666 67.3528 64.712
      vertex 53.4334 67.3528 64.712
      vertex 62.6484 67.4405 64.712
    endloop
  endfacet
  facet normal 0 -0 -1
    outer loop
      vertex 53.5516 67.4405 64.712
      vertex 62.6484 67.4405 64.712
      vertex 53.4334 67.3528 64.712
    endloop
  endfacet
  facet normal 0 0 -1
    outer loop
      vertex 62.6484 67.4405 64.712
      vertex 53.5516 67.4405 64.712
      vertex 62.5393 67.5393 64.712
    endloop
  endfacet
  facet normal 0 0 -1
    outer loop
      vertex 62.1072 68.453 64.712
      vertex 54.1 68.6 64.712
      vertex 62.1 68.6 64.712
    endloop
  endfacet
  facet normal 0 0 -1
    outer loop
      vertex 54.0928 68.453 64.712
      vertex 62.1072 68.453 64.712
      vertex 62.1288 68.3074 64.712
    endloop
  endfacet
  facet normal 0 0 -1
    outer loop
      vertex 54.0712 68.3074 64.712
      vertex 62.1288 68.3074 64.712
      vertex 62.1646 68.1646 64.712
    endloop
  endfacet
  facet normal 0 0 -1
    outer loop
      vertex 54.0354 68.1646 64.712
      vertex 62.1646 68.1646 64.712
      vertex 62.2142 68.026 64.712
    endloop
  endfacet
  facet normal 0 0 -1
    outer loop
      vertex 53.9858 68.026 64.712
      vertex 62.2142 68.026 64.712
      vertex 62.2771 67.8929 64.712
    endloop
  endfacet
  facet normal 0 -0 -1
    outer loop
      vertex 53.6607 67.5393 64.712
      vertex 62.5393 67.5393 64.712
      vertex 53.5516 67.4405 64.712
    endloop
  endfacet
  facet normal 0 0 -1
    outer loop
      vertex 62.1072 68.453 64.712
      vertex 54.0928 68.453 64.712
      vertex 54.1 68.6 64.712
    endloop
  endfacet
  facet normal 0 0 -1
    outer loop
      vertex 62.1288 68.3074 64.712
      vertex 54.0712 68.3074 64.712
      vertex 54.0928 68.453 64.712
    endloop
  endfacet
  facet normal 0 0 -1
    outer loop
      vertex 62.1646 68.1646 64.712
      vertex 54.0354 68.1646 64.712
      vertex 54.0712 68.3074 64.712
    endloop
  endfacet
  facet normal 0 0 -1
    outer loop
      vertex 62.2142 68.026 64.712
      vertex 53.9858 68.026 64.712
      vertex 54.0354 68.1646 64.712
    endloop
  endfacet
  facet normal 0 0 -1
    outer loop
      vertex 62.2771 67.8929 64.712
      vertex 53.9229 67.8929 64.712
      vertex 53.9858 68.026 64.712
    endloop
  endfacet
  facet normal -0 0 -1
    outer loop
      vertex 62.2771 67.8929 64.712
      vertex 53.8472 67.7666 64.712
      vertex 53.9229 67.8929 64.712
    endloop
  endfacet
  facet normal 0 0 -1
    outer loop
      vertex 62.3528 67.7666 64.712
      vertex 53.8472 67.7666 64.712
      vertex 62.2771 67.8929 64.712
    endloop
  endfacet
  facet normal 0 -0 -1
    outer loop
      vertex 53.8472 67.7666 64.712
      vertex 62.3528 67.7666 64.712
      vertex 53.7595 67.6484 64.712
    endloop
  endfacet
  facet normal 0 0 -1
    outer loop
      vertex 62.4405 67.6484 64.712
      vertex 53.7595 67.6484 64.712
      vertex 62.3528 67.7666 64.712
    endloop
  endfacet
  facet normal 0 -0 -1
    outer loop
      vertex 53.7595 67.6484 64.712
      vertex 62.4405 67.6484 64.712
      vertex 53.6607 67.5393 64.712
    endloop
  endfacet
  facet normal 0 0 -1
    outer loop
      vertex 62.5393 67.5393 64.712
      vertex 53.6607 67.5393 64.712
      vertex 62.4405 67.6484 64.712
    endloop
  endfacet
  facet normal 0 0 -1
    outer loop
      vertex 63.026 67.2142 64.712
      vertex 53.174 67.2142 64.712
      vertex 53.3071 67.2771 64.712
    endloop
  endfacet
  facet normal 0 0 -1
    outer loop
      vertex 69.6 55.1 64.712
      vertex 53.0354 67.1646 64.712
      vertex 53.174 67.2142 64.712
    endloop
  endfacet
  facet normal 0 0 -1
    outer loop
      vertex 69.6 55.1 64.712
      vertex 52.8926 67.1288 64.712
      vertex 53.0354 67.1646 64.712
    endloop
  endfacet
  facet normal 0 0 -1
    outer loop
      vertex 69.6 55.1 64.712
      vertex 52.747 67.1072 64.712
      vertex 52.8926 67.1288 64.712
    endloop
  endfacet
  facet normal 0 0 -1
    outer loop
      vertex 69.6 55.1 64.712
      vertex 52.6 67.1 64.712
      vertex 52.747 67.1072 64.712
    endloop
  endfacet
  facet normal 0 0 -1
    outer loop
      vertex 69.6 55.1 64.712
      vertex 52.453 67.1072 64.712
      vertex 52.6 67.1 64.712
    endloop
  endfacet
  facet normal 0 0 -1
    outer loop
      vertex 69.6 55.1 64.712
      vertex 52.3074 67.1288 64.712
      vertex 52.453 67.1072 64.712
    endloop
  endfacet
  facet normal 0 0 -1
    outer loop
      vertex 41.8926 67.1288 64.712
      vertex 52.3074 67.1288 64.712
      vertex 69.6 55.1 64.712
    endloop
  endfacet
  facet normal 0 0 -1
    outer loop
      vertex 52.3074 67.1288 64.712
      vertex 41.8926 67.1288 64.712
      vertex 52.1646 67.1646 64.712
    endloop
  endfacet
  facet normal 0 -0 -1
    outer loop
      vertex 42.0354 67.1646 64.712
      vertex 52.1646 67.1646 64.712
      vertex 41.8926 67.1288 64.712
    endloop
  endfacet
  facet normal 0 0 -1
    outer loop
      vertex 52.1646 67.1646 64.712
      vertex 42.0354 67.1646 64.712
      vertex 52.026 67.2142 64.712
    endloop
  endfacet
  facet normal 0 0 -1
    outer loop
      vertex 51.1072 68.453 64.712
      vertex 43.1 68.6 64.712
      vertex 51.1 68.6 64.712
    endloop
  endfacet
  facet normal 0 0 -1
    outer loop
      vertex 43.0928 68.453 64.712
      vertex 51.1072 68.453 64.712
      vertex 51.1288 68.3074 64.712
    endloop
  endfacet
  facet normal 0 0 -1
    outer loop
      vertex 43.0712 68.3074 64.712
      vertex 51.1288 68.3074 64.712
      vertex 51.1646 68.1646 64.712
    endloop
  endfacet
  facet normal 0 0 -1
    outer loop
      vertex 43.0354 68.1646 64.712
      vertex 51.1646 68.1646 64.712
      vertex 51.2142 68.026 64.712
    endloop
  endfacet
  facet normal 0 0 -1
    outer loop
      vertex 42.9858 68.026 64.712
      vertex 51.2142 68.026 64.712
      vertex 51.2771 67.8929 64.712
    endloop
  endfacet
  facet normal 0 0 -1
    outer loop
      vertex 42.9229 67.8929 64.712
      vertex 51.2771 67.8929 64.712
      vertex 51.3528 67.7666 64.712
    endloop
  endfacet
  facet normal 0 0 -1
    outer loop
      vertex 42.8472 67.7666 64.712
      vertex 51.3528 67.7666 64.712
      vertex 51.4405 67.6484 64.712
    endloop
  endfacet
  facet normal 0 0 -1
    outer loop
      vertex 42.7595 67.6484 64.712
      vertex 51.4405 67.6484 64.712
      vertex 51.5393 67.5393 64.712
    endloop
  endfacet
  facet normal 0 0 -1
    outer loop
      vertex 42.6607 67.5393 64.712
      vertex 51.5393 67.5393 64.712
      vertex 51.6484 67.4405 64.712
    endloop
  endfacet
  facet normal 0 0 -1
    outer loop
      vertex 42.5516 67.4405 64.712
      vertex 51.6484 67.4405 64.712
      vertex 51.7666 67.3528 64.712
    endloop
  endfacet
  facet normal 0 -0 -1
    outer loop
      vertex 42.174 67.2142 64.712
      vertex 52.026 67.2142 64.712
      vertex 42.0354 67.1646 64.712
    endloop
  endfacet
  facet normal 0 0 -1
    outer loop
      vertex 51.1072 68.453 64.712
      vertex 43.0928 68.453 64.712
      vertex 43.1 68.6 64.712
    endloop
  endfacet
  facet normal 0 0 -1
    outer loop
      vertex 51.1288 68.3074 64.712
      vertex 43.0712 68.3074 64.712
      vertex 43.0928 68.453 64.712
    endloop
  endfacet
  facet normal 0 0 -1
    outer loop
      vertex 51.1646 68.1646 64.712
      vertex 43.0354 68.1646 64.712
      vertex 43.0712 68.3074 64.712
    endloop
  endfacet
  facet normal 0 0 -1
    outer loop
      vertex 51.2142 68.026 64.712
      vertex 42.9858 68.026 64.712
      vertex 43.0354 68.1646 64.712
    endloop
  endfacet
  facet normal 0 0 -1
    outer loop
      vertex 51.2771 67.8929 64.712
      vertex 42.9229 67.8929 64.712
      vertex 42.9858 68.026 64.712
    endloop
  endfacet
  facet normal 0 0 -1
    outer loop
      vertex 51.3528 67.7666 64.712
      vertex 42.8472 67.7666 64.712
      vertex 42.9229 67.8929 64.712
    endloop
  endfacet
  facet normal 0 0 -1
    outer loop
      vertex 51.4405 67.6484 64.712
      vertex 42.7595 67.6484 64.712
      vertex 42.8472 67.7666 64.712
    endloop
  endfacet
  facet normal 0 0 -1
    outer loop
      vertex 51.5393 67.5393 64.712
      vertex 42.6607 67.5393 64.712
      vertex 42.7595 67.6484 64.712
    endloop
  endfacet
  facet normal 0 0 -1
    outer loop
      vertex 51.6484 67.4405 64.712
      vertex 42.5516 67.4405 64.712
      vertex 42.6607 67.5393 64.712
    endloop
  endfacet
  facet normal 0 0 -1
    outer loop
      vertex 51.7666 67.3528 64.712
      vertex 42.4334 67.3528 64.712
      vertex 42.5516 67.4405 64.712
    endloop
  endfacet
  facet normal -0 0 -1
    outer loop
      vertex 51.7666 67.3528 64.712
      vertex 42.3071 67.2771 64.712
      vertex 42.4334 67.3528 64.712
    endloop
  endfacet
  facet normal 0 0 -1
    outer loop
      vertex 51.8929 67.2771 64.712
      vertex 42.3071 67.2771 64.712
      vertex 51.7666 67.3528 64.712
    endloop
  endfacet
  facet normal 0 -0 -1
    outer loop
      vertex 42.3071 67.2771 64.712
      vertex 51.8929 67.2771 64.712
      vertex 42.174 67.2142 64.712
    endloop
  endfacet
  facet normal 0 0 -1
    outer loop
      vertex 52.026 67.2142 64.712
      vertex 42.174 67.2142 64.712
      vertex 51.8929 67.2771 64.712
    endloop
  endfacet
  facet normal 0 0 -1
    outer loop
      vertex 24.6 55.1 64.712
      vertex 41.8926 67.1288 64.712
      vertex 69.6 55.1 64.712
    endloop
  endfacet
  facet normal 0 0 -1
    outer loop
      vertex 41.8926 67.1288 64.712
      vertex 24.6 55.1 64.712
      vertex 41.747 67.1072 64.712
    endloop
  endfacet
  facet normal 0 0 -1
    outer loop
      vertex 41.747 67.1072 64.712
      vertex 24.6 55.1 64.712
      vertex 41.6 67.1 64.712
    endloop
  endfacet
  facet normal -0 0 -1
    outer loop
      vertex 41.6 67.1 64.712
      vertex 24.6 55.1 64.712
      vertex 41.453 67.1072 64.712
    endloop
  endfacet
  facet normal -0 0 -1
    outer loop
      vertex 41.453 67.1072 64.712
      vertex 24.6 55.1 64.712
      vertex 41.3074 67.1288 64.712
    endloop
  endfacet
  facet normal -0 0 -1
    outer loop
      vertex 41.3074 67.1288 64.712
      vertex 24.6 55.1 64.712
      vertex 41.1646 67.1646 64.712
    endloop
  endfacet
  facet normal 0 0 -1
    outer loop
      vertex 40.1072 68.453 64.712
      vertex 32.1 68.6 64.712
      vertex 40.1 68.6 64.712
    endloop
  endfacet
  facet normal 0 0 -1
    outer loop
      vertex 32.0928 68.453 64.712
      vertex 40.1072 68.453 64.712
      vertex 40.1288 68.3074 64.712
    endloop
  endfacet
  facet normal 0 0 -1
    outer loop
      vertex 32.0712 68.3074 64.712
      vertex 40.1288 68.3074 64.712
      vertex 40.1646 68.1646 64.712
    endloop
  endfacet
  facet normal 0 0 -1
    outer loop
      vertex 32.0354 68.1646 64.712
      vertex 40.1646 68.1646 64.712
      vertex 40.2142 68.026 64.712
    endloop
  endfacet
  facet normal 0 0 -1
    outer loop
      vertex 31.9858 68.026 64.712
      vertex 40.2142 68.026 64.712
      vertex 40.2771 67.8929 64.712
    endloop
  endfacet
  facet normal 0 0 -1
    outer loop
      vertex 31.9229 67.8929 64.712
      vertex 40.2771 67.8929 64.712
      vertex 40.3528 67.7666 64.712
    endloop
  endfacet
  facet normal 0 0 -1
    outer loop
      vertex 31.8472 67.7666 64.712
      vertex 40.3528 67.7666 64.712
      vertex 40.4405 67.6484 64.712
    endloop
  endfacet
  facet normal 0 0 -1
    outer loop
      vertex 31.7595 67.6484 64.712
      vertex 40.4405 67.6484 64.712
      vertex 40.5393 67.5393 64.712
    endloop
  endfacet
  facet normal 0 0 -1
    outer loop
      vertex 31.6607 67.5393 64.712
      vertex 40.5393 67.5393 64.712
      vertex 40.6484 67.4405 64.712
    endloop
  endfacet
  facet normal 0 0 -1
    outer loop
      vertex 31.5516 67.4405 64.712
      vertex 40.6484 67.4405 64.712
      vertex 40.7666 67.3528 64.712
    endloop
  endfacet
  facet normal 0 0 -1
    outer loop
      vertex 31.4334 67.3528 64.712
      vertex 40.7666 67.3528 64.712
      vertex 40.8929 67.2771 64.712
    endloop
  endfacet
  facet normal 0 0 -1
    outer loop
      vertex 31.3071 67.2771 64.712
      vertex 40.8929 67.2771 64.712
      vertex 41.026 67.2142 64.712
    endloop
  endfacet
  facet normal -0 0 -1
    outer loop
      vertex 41.1646 67.1646 64.712
      vertex 24.6 55.1 64.712
      vertex 41.026 67.2142 64.712
    endloop
  endfacet
  facet normal 0 0 -1
    outer loop
      vertex 40.1072 68.453 64.712
      vertex 32.0928 68.453 64.712
      vertex 32.1 68.6 64.712
    endloop
  endfacet
  facet normal 0 0 -1
    outer loop
      vertex 40.1288 68.3074 64.712
      vertex 32.0712 68.3074 64.712
      vertex 32.0928 68.453 64.712
    endloop
  endfacet
  facet normal 0 0 -1
    outer loop
      vertex 40.1646 68.1646 64.712
      vertex 32.0354 68.1646 64.712
      vertex 32.0712 68.3074 64.712
    endloop
  endfacet
  facet normal 0 0 -1
    outer loop
      vertex 40.2142 68.026 64.712
      vertex 31.9858 68.026 64.712
      vertex 32.0354 68.1646 64.712
    endloop
  endfacet
  facet normal 0 0 -1
    outer loop
      vertex 40.2771 67.8929 64.712
      vertex 31.9229 67.8929 64.712
      vertex 31.9858 68.026 64.712
    endloop
  endfacet
  facet normal 0 0 -1
    outer loop
      vertex 40.3528 67.7666 64.712
      vertex 31.8472 67.7666 64.712
      vertex 31.9229 67.8929 64.712
    endloop
  endfacet
  facet normal 0 0 -1
    outer loop
      vertex 40.4405 67.6484 64.712
      vertex 31.7595 67.6484 64.712
      vertex 31.8472 67.7666 64.712
    endloop
  endfacet
  facet normal 0 0 -1
    outer loop
      vertex 40.5393 67.5393 64.712
      vertex 31.6607 67.5393 64.712
      vertex 31.7595 67.6484 64.712
    endloop
  endfacet
  facet normal 0 0 -1
    outer loop
      vertex 40.6484 67.4405 64.712
      vertex 31.5516 67.4405 64.712
      vertex 31.6607 67.5393 64.712
    endloop
  endfacet
  facet normal 0 -0 -1
    outer loop
      vertex 31.174 67.2142 64.712
      vertex 41.026 67.2142 64.712
      vertex 24.6 55.1 64.712
    endloop
  endfacet
  facet normal 0 0 -1
    outer loop
      vertex 40.7666 67.3528 64.712
      vertex 31.4334 67.3528 64.712
      vertex 31.5516 67.4405 64.712
    endloop
  endfacet
  facet normal 0 0 -1
    outer loop
      vertex 40.8929 67.2771 64.712
      vertex 31.3071 67.2771 64.712
      vertex 31.4334 67.3528 64.712
    endloop
  endfacet
  facet normal 0 0 -1
    outer loop
      vertex 41.026 67.2142 64.712
      vertex 31.174 67.2142 64.712
      vertex 31.3071 67.2771 64.712
    endloop
  endfacet
  facet normal 0 0 -1
    outer loop
      vertex 31.174 67.2142 64.712
      vertex 24.6 55.1 64.712
      vertex 31.0354 67.1646 64.712
    endloop
  endfacet
  facet normal 0 0 -1
    outer loop
      vertex 31.0354 67.1646 64.712
      vertex 24.6 55.1 64.712
      vertex 30.8926 67.1288 64.712
    endloop
  endfacet
  facet normal 0 0 -1
    outer loop
      vertex 30.8926 67.1288 64.712
      vertex 24.6 55.1 64.712
      vertex 30.747 67.1072 64.712
    endloop
  endfacet
  facet normal 0 0 -1
    outer loop
      vertex 30.747 67.1072 64.712
      vertex 24.6 55.1 64.712
      vertex 30.6 67.1 64.712
    endloop
  endfacet
  facet normal -0 0 -1
    outer loop
      vertex 30.6 67.1 64.712
      vertex 24.6 55.1 64.712
      vertex 30.453 67.1072 64.712
    endloop
  endfacet
  facet normal -0 0 -1
    outer loop
      vertex 30.453 67.1072 64.712
      vertex 24.6 55.1 64.712
      vertex 30.3074 67.1288 64.712
    endloop
  endfacet
  facet normal -0 0 -1
    outer loop
      vertex 29.1072 68.453 64.712
      vertex 24.6 55.1 64.712
      vertex 29.1 68.6 64.712
    endloop
  endfacet
  facet normal -0 0 -1
    outer loop
      vertex 29.1288 68.3074 64.712
      vertex 24.6 55.1 64.712
      vertex 29.1072 68.453 64.712
    endloop
  endfacet
  facet normal -0 0 -1
    outer loop
      vertex 29.1646 68.1646 64.712
      vertex 24.6 55.1 64.712
      vertex 29.1288 68.3074 64.712
    endloop
  endfacet
  facet normal -0 0 -1
    outer loop
      vertex 29.2142 68.026 64.712
      vertex 24.6 55.1 64.712
      vertex 29.1646 68.1646 64.712
    endloop
  endfacet
  facet normal -0 0 -1
    outer loop
      vertex 29.2771 67.8929 64.712
      vertex 24.6 55.1 64.712
      vertex 29.2142 68.026 64.712
    endloop
  endfacet
  facet normal -0 0 -1
    outer loop
      vertex 29.3528 67.7666 64.712
      vertex 24.6 55.1 64.712
      vertex 29.2771 67.8929 64.712
    endloop
  endfacet
  facet normal -0 0 -1
    outer loop
      vertex 29.4405 67.6484 64.712
      vertex 24.6 55.1 64.712
      vertex 29.3528 67.7666 64.712
    endloop
  endfacet
  facet normal -0 0 -1
    outer loop
      vertex 29.5393 67.5393 64.712
      vertex 24.6 55.1 64.712
      vertex 29.4405 67.6484 64.712
    endloop
  endfacet
  facet normal -0 0 -1
    outer loop
      vertex 29.6484 67.4405 64.712
      vertex 24.6 55.1 64.712
      vertex 29.5393 67.5393 64.712
    endloop
  endfacet
  facet normal -0 0 -1
    outer loop
      vertex 29.7666 67.3528 64.712
      vertex 24.6 55.1 64.712
      vertex 29.6484 67.4405 64.712
    endloop
  endfacet
  facet normal -0 0 -1
    outer loop
      vertex 29.8929 67.2771 64.712
      vertex 24.6 55.1 64.712
      vertex 29.7666 67.3528 64.712
    endloop
  endfacet
  facet normal -0 0 -1
    outer loop
      vertex 30.026 67.2142 64.712
      vertex 24.6 55.1 64.712
      vertex 29.8929 67.2771 64.712
    endloop
  endfacet
  facet normal -0 0 -1
    outer loop
      vertex 30.1646 67.1646 64.712
      vertex 24.6 55.1 64.712
      vertex 30.026 67.2142 64.712
    endloop
  endfacet
  facet normal -0 0 -1
    outer loop
      vertex 30.3074 67.1288 64.712
      vertex 24.6 55.1 64.712
      vertex 30.1646 67.1646 64.712
    endloop
  endfacet
  facet normal 0 0 -1
    outer loop
      vertex 65.0928 68.747 64.712
      vertex 69.6 82.1 64.712
      vertex 65.1 68.6 64.712
    endloop
  endfacet
  facet normal 0 0 -1
    outer loop
      vertex 65.0712 68.8926 64.712
      vertex 69.6 82.1 64.712
      vertex 65.0928 68.747 64.712
    endloop
  endfacet
  facet normal 0 0 -1
    outer loop
      vertex 65.0354 69.0354 64.712
      vertex 69.6 82.1 64.712
      vertex 65.0712 68.8926 64.712
    endloop
  endfacet
  facet normal 0 0 -1
    outer loop
      vertex 64.9858 69.174 64.712
      vertex 69.6 82.1 64.712
      vertex 65.0354 69.0354 64.712
    endloop
  endfacet
  facet normal 0 0 -1
    outer loop
      vertex 64.9229 69.3071 64.712
      vertex 69.6 82.1 64.712
      vertex 64.9858 69.174 64.712
    endloop
  endfacet
  facet normal 0 0 -1
    outer loop
      vertex 64.8472 69.4334 64.712
      vertex 69.6 82.1 64.712
      vertex 64.9229 69.3071 64.712
    endloop
  endfacet
  facet normal 0 0 -1
    outer loop
      vertex 64.7595 69.5516 64.712
      vertex 69.6 82.1 64.712
      vertex 64.8472 69.4334 64.712
    endloop
  endfacet
  facet normal 0 0 -1
    outer loop
      vertex 64.6607 69.6607 64.712
      vertex 69.6 82.1 64.712
      vertex 64.7595 69.5516 64.712
    endloop
  endfacet
  facet normal 0 0 -1
    outer loop
      vertex 64.5516 69.7595 64.712
      vertex 69.6 82.1 64.712
      vertex 64.6607 69.6607 64.712
    endloop
  endfacet
  facet normal 0 0 -1
    outer loop
      vertex 64.4334 69.8472 64.712
      vertex 69.6 82.1 64.712
      vertex 64.5516 69.7595 64.712
    endloop
  endfacet
  facet normal 0 0 -1
    outer loop
      vertex 64.3071 69.9229 64.712
      vertex 69.6 82.1 64.712
      vertex 64.4334 69.8472 64.712
    endloop
  endfacet
  facet normal 0 0 -1
    outer loop
      vertex 64.174 69.9858 64.712
      vertex 69.6 82.1 64.712
      vertex 64.3071 69.9229 64.712
    endloop
  endfacet
  facet normal 0 0 -1
    outer loop
      vertex 64.0354 70.0354 64.712
      vertex 69.6 82.1 64.712
      vertex 64.174 69.9858 64.712
    endloop
  endfacet
  facet normal 0 0 -1
    outer loop
      vertex 63.8926 70.0712 64.712
      vertex 69.6 82.1 64.712
      vertex 64.0354 70.0354 64.712
    endloop
  endfacet
  facet normal 0 0 -1
    outer loop
      vertex 63.747 70.0928 64.712
      vertex 69.6 82.1 64.712
      vertex 63.8926 70.0712 64.712
    endloop
  endfacet
  facet normal 0 0 -1
    outer loop
      vertex 63.6 70.1 64.712
      vertex 69.6 82.1 64.712
      vertex 63.747 70.0928 64.712
    endloop
  endfacet
  facet normal 0 0 -1
    outer loop
      vertex 63.453 70.0928 64.712
      vertex 69.6 82.1 64.712
      vertex 63.6 70.1 64.712
    endloop
  endfacet
  facet normal 0 0 -1
    outer loop
      vertex 63.3074 70.0712 64.712
      vertex 69.6 82.1 64.712
      vertex 63.453 70.0928 64.712
    endloop
  endfacet
  facet normal 0 0 -1
    outer loop
      vertex 63.1646 70.0354 64.712
      vertex 69.6 82.1 64.712
      vertex 63.3074 70.0712 64.712
    endloop
  endfacet
  facet normal 0 0 -1
    outer loop
      vertex 63.026 69.9858 64.712
      vertex 69.6 82.1 64.712
      vertex 63.1646 70.0354 64.712
    endloop
  endfacet
  facet normal 0 0 -1
    outer loop
      vertex 53.3071 69.9229 64.712
      vertex 63.026 69.9858 64.712
      vertex 62.8929 69.9229 64.712
    endloop
  endfacet
  facet normal 0 0 -1
    outer loop
      vertex 53.3071 69.9229 64.712
      vertex 62.8929 69.9229 64.712
      vertex 62.7666 69.8472 64.712
    endloop
  endfacet
  facet normal 0 0 -1
    outer loop
      vertex 53.4334 69.8472 64.712
      vertex 62.7666 69.8472 64.712
      vertex 62.6484 69.7595 64.712
    endloop
  endfacet
  facet normal 0 0 -1
    outer loop
      vertex 53.5516 69.7595 64.712
      vertex 62.6484 69.7595 64.712
      vertex 62.5393 69.6607 64.712
    endloop
  endfacet
  facet normal 0 0 -1
    outer loop
      vertex 53.6607 69.6607 64.712
      vertex 62.5393 69.6607 64.712
      vertex 62.4405 69.5516 64.712
    endloop
  endfacet
  facet normal 0 0 -1
    outer loop
      vertex 53.7595 69.5516 64.712
      vertex 62.4405 69.5516 64.712
      vertex 62.3528 69.4334 64.712
    endloop
  endfacet
  facet normal 0 0 -1
    outer loop
      vertex 53.8472 69.4334 64.712
      vertex 62.3528 69.4334 64.712
      vertex 62.2771 69.3071 64.712
    endloop
  endfacet
  facet normal 0 0 -1
    outer loop
      vertex 54.1 68.6 64.712
      vertex 62.1072 68.747 64.712
      vertex 62.1 68.6 64.712
    endloop
  endfacet
  facet normal 0 0 -1
    outer loop
      vertex 54.0928 68.747 64.712
      vertex 62.1072 68.747 64.712
      vertex 54.1 68.6 64.712
    endloop
  endfacet
  facet normal 0 0 -1
    outer loop
      vertex 62.1072 68.747 64.712
      vertex 54.0928 68.747 64.712
      vertex 62.1288 68.8926 64.712
    endloop
  endfacet
  facet normal 0 0 -1
    outer loop
      vertex 54.0712 68.8926 64.712
      vertex 62.1288 68.8926 64.712
      vertex 54.0928 68.747 64.712
    endloop
  endfacet
  facet normal 0 0 -1
    outer loop
      vertex 62.1288 68.8926 64.712
      vertex 54.0712 68.8926 64.712
      vertex 62.1646 69.0354 64.712
    endloop
  endfacet
  facet normal 0 0 -1
    outer loop
      vertex 54.0354 69.0354 64.712
      vertex 62.1646 69.0354 64.712
      vertex 54.0712 68.8926 64.712
    endloop
  endfacet
  facet normal 0 0 -1
    outer loop
      vertex 62.1646 69.0354 64.712
      vertex 54.0354 69.0354 64.712
      vertex 62.2142 69.174 64.712
    endloop
  endfacet
  facet normal 0 0 -1
    outer loop
      vertex 53.9858 69.174 64.712
      vertex 62.2142 69.174 64.712
      vertex 54.0354 69.0354 64.712
    endloop
  endfacet
  facet normal 0 0 -1
    outer loop
      vertex 62.2142 69.174 64.712
      vertex 53.9858 69.174 64.712
      vertex 62.2771 69.3071 64.712
    endloop
  endfacet
  facet normal 0 0 -1
    outer loop
      vertex 53.9229 69.3071 64.712
      vertex 62.2771 69.3071 64.712
      vertex 53.9858 69.174 64.712
    endloop
  endfacet
  facet normal 0 0 -1
    outer loop
      vertex 53.8472 69.4334 64.712
      vertex 62.2771 69.3071 64.712
      vertex 53.9229 69.3071 64.712
    endloop
  endfacet
  facet normal 0 0 -1
    outer loop
      vertex 62.3528 69.4334 64.712
      vertex 53.8472 69.4334 64.712
      vertex 53.7595 69.5516 64.712
    endloop
  endfacet
  facet normal 0 0 -1
    outer loop
      vertex 62.4405 69.5516 64.712
      vertex 53.7595 69.5516 64.712
      vertex 53.6607 69.6607 64.712
    endloop
  endfacet
  facet normal 0 0 -1
    outer loop
      vertex 62.5393 69.6607 64.712
      vertex 53.6607 69.6607 64.712
      vertex 53.5516 69.7595 64.712
    endloop
  endfacet
  facet normal 0 0 -1
    outer loop
      vertex 62.6484 69.7595 64.712
      vertex 53.5516 69.7595 64.712
      vertex 53.4334 69.8472 64.712
    endloop
  endfacet
  facet normal 0 0 -1
    outer loop
      vertex 62.7666 69.8472 64.712
      vertex 53.4334 69.8472 64.712
      vertex 53.3071 69.9229 64.712
    endloop
  endfacet
  facet normal 0 0 -1
    outer loop
      vertex 53.174 69.9858 64.712
      vertex 63.026 69.9858 64.712
      vertex 53.3071 69.9229 64.712
    endloop
  endfacet
  facet normal 0 0 -1
    outer loop
      vertex 63.026 69.9858 64.712
      vertex 53.174 69.9858 64.712
      vertex 69.6 82.1 64.712
    endloop
  endfacet
  facet normal 0 0 -1
    outer loop
      vertex 53.0354 70.0354 64.712
      vertex 69.6 82.1 64.712
      vertex 53.174 69.9858 64.712
    endloop
  endfacet
  facet normal 0 0 -1
    outer loop
      vertex 52.8926 70.0712 64.712
      vertex 69.6 82.1 64.712
      vertex 53.0354 70.0354 64.712
    endloop
  endfacet
  facet normal 0 0 -1
    outer loop
      vertex 52.747 70.0928 64.712
      vertex 69.6 82.1 64.712
      vertex 52.8926 70.0712 64.712
    endloop
  endfacet
  facet normal 0 0 -1
    outer loop
      vertex 52.6 70.1 64.712
      vertex 69.6 82.1 64.712
      vertex 52.747 70.0928 64.712
    endloop
  endfacet
  facet normal 0 0 -1
    outer loop
      vertex 52.453 70.0928 64.712
      vertex 69.6 82.1 64.712
      vertex 52.6 70.1 64.712
    endloop
  endfacet
  facet normal 0 0 -1
    outer loop
      vertex 52.3074 70.0712 64.712
      vertex 69.6 82.1 64.712
      vertex 52.453 70.0928 64.712
    endloop
  endfacet
  facet normal 0 0 -1
    outer loop
      vertex 41.8926 70.0712 64.712
      vertex 52.3074 70.0712 64.712
      vertex 52.1646 70.0354 64.712
    endloop
  endfacet
  facet normal 0 0 -1
    outer loop
      vertex 42.0354 70.0354 64.712
      vertex 52.1646 70.0354 64.712
      vertex 52.026 69.9858 64.712
    endloop
  endfacet
  facet normal 0 0 -1
    outer loop
      vertex 42.174 69.9858 64.712
      vertex 52.026 69.9858 64.712
      vertex 51.8929 69.9229 64.712
    endloop
  endfacet
  facet normal 0 0 -1
    outer loop
      vertex 42.3071 69.9229 64.712
      vertex 51.8929 69.9229 64.712
      vertex 51.7666 69.8472 64.712
    endloop
  endfacet
  facet normal 0 0 -1
    outer loop
      vertex 43.1 68.6 64.712
      vertex 51.1072 68.747 64.712
      vertex 51.1 68.6 64.712
    endloop
  endfacet
  facet normal 0 0 -1
    outer loop
      vertex 43.0928 68.747 64.712
      vertex 51.1072 68.747 64.712
      vertex 43.1 68.6 64.712
    endloop
  endfacet
  facet normal 0 0 -1
    outer loop
      vertex 51.1072 68.747 64.712
      vertex 43.0928 68.747 64.712
      vertex 51.1288 68.8926 64.712
    endloop
  endfacet
  facet normal 0 0 -1
    outer loop
      vertex 43.0712 68.8926 64.712
      vertex 51.1288 68.8926 64.712
      vertex 43.0928 68.747 64.712
    endloop
  endfacet
  facet normal 0 0 -1
    outer loop
      vertex 51.1288 68.8926 64.712
      vertex 43.0712 68.8926 64.712
      vertex 51.1646 69.0354 64.712
    endloop
  endfacet
  facet normal 0 0 -1
    outer loop
      vertex 43.0354 69.0354 64.712
      vertex 51.1646 69.0354 64.712
      vertex 43.0712 68.8926 64.712
    endloop
  endfacet
  facet normal 0 0 -1
    outer loop
      vertex 51.1646 69.0354 64.712
      vertex 43.0354 69.0354 64.712
      vertex 51.2142 69.174 64.712
    endloop
  endfacet
  facet normal 0 0 -1
    outer loop
      vertex 42.9858 69.174 64.712
      vertex 51.2142 69.174 64.712
      vertex 43.0354 69.0354 64.712
    endloop
  endfacet
  facet normal 0 0 -1
    outer loop
      vertex 51.2142 69.174 64.712
      vertex 42.9858 69.174 64.712
      vertex 51.2771 69.3071 64.712
    endloop
  endfacet
  facet normal 0 0 -1
    outer loop
      vertex 42.9229 69.3071 64.712
      vertex 51.2771 69.3071 64.712
      vertex 42.9858 69.174 64.712
    endloop
  endfacet
  facet normal 0 0 -1
    outer loop
      vertex 51.2771 69.3071 64.712
      vertex 42.9229 69.3071 64.712
      vertex 51.3528 69.4334 64.712
    endloop
  endfacet
  facet normal 0 0 -1
    outer loop
      vertex 42.8472 69.4334 64.712
      vertex 51.3528 69.4334 64.712
      vertex 42.9229 69.3071 64.712
    endloop
  endfacet
  facet normal 0 0 -1
    outer loop
      vertex 51.3528 69.4334 64.712
      vertex 42.8472 69.4334 64.712
      vertex 51.4405 69.5516 64.712
    endloop
  endfacet
  facet normal 0 0 -1
    outer loop
      vertex 42.7595 69.5516 64.712
      vertex 51.4405 69.5516 64.712
      vertex 42.8472 69.4334 64.712
    endloop
  endfacet
  facet normal 0 0 -1
    outer loop
      vertex 51.4405 69.5516 64.712
      vertex 42.7595 69.5516 64.712
      vertex 51.5393 69.6607 64.712
    endloop
  endfacet
  facet normal 0 0 -1
    outer loop
      vertex 42.6607 69.6607 64.712
      vertex 51.5393 69.6607 64.712
      vertex 42.7595 69.5516 64.712
    endloop
  endfacet
  facet normal 0 0 -1
    outer loop
      vertex 51.5393 69.6607 64.712
      vertex 42.6607 69.6607 64.712
      vertex 51.6484 69.7595 64.712
    endloop
  endfacet
  facet normal 0 0 -1
    outer loop
      vertex 42.5516 69.7595 64.712
      vertex 51.6484 69.7595 64.712
      vertex 42.6607 69.6607 64.712
    endloop
  endfacet
  facet normal 0 0 -1
    outer loop
      vertex 51.6484 69.7595 64.712
      vertex 42.5516 69.7595 64.712
      vertex 51.7666 69.8472 64.712
    endloop
  endfacet
  facet normal 0 0 -1
    outer loop
      vertex 42.4334 69.8472 64.712
      vertex 51.7666 69.8472 64.712
      vertex 42.5516 69.7595 64.712
    endloop
  endfacet
  facet normal 0 0 -1
    outer loop
      vertex 42.3071 69.9229 64.712
      vertex 51.7666 69.8472 64.712
      vertex 42.4334 69.8472 64.712
    endloop
  endfacet
  facet normal 0 0 -1
    outer loop
      vertex 51.8929 69.9229 64.712
      vertex 42.3071 69.9229 64.712
      vertex 42.174 69.9858 64.712
    endloop
  endfacet
  facet normal 0 0 -1
    outer loop
      vertex 52.026 69.9858 64.712
      vertex 42.174 69.9858 64.712
      vertex 42.0354 70.0354 64.712
    endloop
  endfacet
  facet normal 0 0 -1
    outer loop
      vertex 52.1646 70.0354 64.712
      vertex 42.0354 70.0354 64.712
      vertex 41.8926 70.0712 64.712
    endloop
  endfacet
  facet normal 0 0 -1
    outer loop
      vertex 52.3074 70.0712 64.712
      vertex 41.8926 70.0712 64.712
      vertex 69.6 82.1 64.712
    endloop
  endfacet
  facet normal 0 0 -1
    outer loop
      vertex 24.6 82.1 64.712
      vertex 41.8926 70.0712 64.712
      vertex 41.747 70.0928 64.712
    endloop
  endfacet
  facet normal 0 0 -1
    outer loop
      vertex 24.6 82.1 64.712
      vertex 41.747 70.0928 64.712
      vertex 41.6 70.1 64.712
    endloop
  endfacet
  facet normal 0 0 -1
    outer loop
      vertex 24.6 82.1 64.712
      vertex 41.6 70.1 64.712
      vertex 41.453 70.0928 64.712
    endloop
  endfacet
  facet normal 0 0 -1
    outer loop
      vertex 24.6 82.1 64.712
      vertex 41.453 70.0928 64.712
      vertex 41.3074 70.0712 64.712
    endloop
  endfacet
  facet normal 0 0 -1
    outer loop
      vertex 24.6 82.1 64.712
      vertex 41.3074 70.0712 64.712
      vertex 41.1646 70.0354 64.712
    endloop
  endfacet
  facet normal 0 0 -1
    outer loop
      vertex 24.6 82.1 64.712
      vertex 41.1646 70.0354 64.712
      vertex 41.026 69.9858 64.712
    endloop
  endfacet
  facet normal 0 0 -1
    outer loop
      vertex 32.1 68.6 64.712
      vertex 40.1072 68.747 64.712
      vertex 40.1 68.6 64.712
    endloop
  endfacet
  facet normal 0 0 -1
    outer loop
      vertex 32.0928 68.747 64.712
      vertex 40.1072 68.747 64.712
      vertex 32.1 68.6 64.712
    endloop
  endfacet
  facet normal 0 0 -1
    outer loop
      vertex 40.1072 68.747 64.712
      vertex 32.0928 68.747 64.712
      vertex 40.1288 68.8926 64.712
    endloop
  endfacet
  facet normal 0 0 -1
    outer loop
      vertex 32.0712 68.8926 64.712
      vertex 40.1288 68.8926 64.712
      vertex 32.0928 68.747 64.712
    endloop
  endfacet
  facet normal 0 0 -1
    outer loop
      vertex 40.1288 68.8926 64.712
      vertex 32.0712 68.8926 64.712
      vertex 40.1646 69.0354 64.712
    endloop
  endfacet
  facet normal 0 0 -1
    outer loop
      vertex 32.0354 69.0354 64.712
      vertex 40.1646 69.0354 64.712
      vertex 32.0712 68.8926 64.712
    endloop
  endfacet
  facet normal 0 0 -1
    outer loop
      vertex 40.1646 69.0354 64.712
      vertex 32.0354 69.0354 64.712
      vertex 40.2142 69.174 64.712
    endloop
  endfacet
  facet normal 0 0 -1
    outer loop
      vertex 31.9858 69.174 64.712
      vertex 40.2142 69.174 64.712
      vertex 32.0354 69.0354 64.712
    endloop
  endfacet
  facet normal 0 0 -1
    outer loop
      vertex 40.2142 69.174 64.712
      vertex 31.9858 69.174 64.712
      vertex 40.2771 69.3071 64.712
    endloop
  endfacet
  facet normal 0 0 -1
    outer loop
      vertex 31.9229 69.3071 64.712
      vertex 40.2771 69.3071 64.712
      vertex 31.9858 69.174 64.712
    endloop
  endfacet
  facet normal 0 0 -1
    outer loop
      vertex 40.2771 69.3071 64.712
      vertex 31.9229 69.3071 64.712
      vertex 40.3528 69.4334 64.712
    endloop
  endfacet
  facet normal 0 0 -1
    outer loop
      vertex 31.8472 69.4334 64.712
      vertex 40.3528 69.4334 64.712
      vertex 31.9229 69.3071 64.712
    endloop
  endfacet
  facet normal 0 0 -1
    outer loop
      vertex 40.3528 69.4334 64.712
      vertex 31.8472 69.4334 64.712
      vertex 40.4405 69.5516 64.712
    endloop
  endfacet
  facet normal 0 0 -1
    outer loop
      vertex 31.7595 69.5516 64.712
      vertex 40.4405 69.5516 64.712
      vertex 31.8472 69.4334 64.712
    endloop
  endfacet
  facet normal 0 0 -1
    outer loop
      vertex 40.4405 69.5516 64.712
      vertex 31.7595 69.5516 64.712
      vertex 40.5393 69.6607 64.712
    endloop
  endfacet
  facet normal 0 0 -1
    outer loop
      vertex 31.6607 69.6607 64.712
      vertex 40.5393 69.6607 64.712
      vertex 31.7595 69.5516 64.712
    endloop
  endfacet
  facet normal 0 0 -1
    outer loop
      vertex 40.5393 69.6607 64.712
      vertex 31.6607 69.6607 64.712
      vertex 40.6484 69.7595 64.712
    endloop
  endfacet
  facet normal 0 0 -1
    outer loop
      vertex 31.5516 69.7595 64.712
      vertex 40.6484 69.7595 64.712
      vertex 31.6607 69.6607 64.712
    endloop
  endfacet
  facet normal 0 0 -1
    outer loop
      vertex 40.6484 69.7595 64.712
      vertex 31.5516 69.7595 64.712
      vertex 40.7666 69.8472 64.712
    endloop
  endfacet
  facet normal 0 0 -1
    outer loop
      vertex 31.4334 69.8472 64.712
      vertex 40.7666 69.8472 64.712
      vertex 31.5516 69.7595 64.712
    endloop
  endfacet
  facet normal 0 0 -1
    outer loop
      vertex 40.7666 69.8472 64.712
      vertex 31.4334 69.8472 64.712
      vertex 40.8929 69.9229 64.712
    endloop
  endfacet
  facet normal 0 0 -1
    outer loop
      vertex 31.3071 69.9229 64.712
      vertex 40.8929 69.9229 64.712
      vertex 31.4334 69.8472 64.712
    endloop
  endfacet
  facet normal 0 0 -1
    outer loop
      vertex 40.8929 69.9229 64.712
      vertex 31.3071 69.9229 64.712
      vertex 41.026 69.9858 64.712
    endloop
  endfacet
  facet normal 0 0 -1
    outer loop
      vertex 31.174 69.9858 64.712
      vertex 41.026 69.9858 64.712
      vertex 31.3071 69.9229 64.712
    endloop
  endfacet
  facet normal 0 0 -1
    outer loop
      vertex 41.026 69.9858 64.712
      vertex 31.174 69.9858 64.712
      vertex 24.6 82.1 64.712
    endloop
  endfacet
  facet normal 0 0 -1
    outer loop
      vertex 24.6 82.1 64.712
      vertex 31.174 69.9858 64.712
      vertex 31.0354 70.0354 64.712
    endloop
  endfacet
  facet normal 0 0 -1
    outer loop
      vertex 24.6 82.1 64.712
      vertex 31.0354 70.0354 64.712
      vertex 30.8926 70.0712 64.712
    endloop
  endfacet
  facet normal 0 0 -1
    outer loop
      vertex 24.6 82.1 64.712
      vertex 30.8926 70.0712 64.712
      vertex 30.747 70.0928 64.712
    endloop
  endfacet
  facet normal 0 0 -1
    outer loop
      vertex 24.6 82.1 64.712
      vertex 30.747 70.0928 64.712
      vertex 30.6 70.1 64.712
    endloop
  endfacet
  facet normal 0 0 -1
    outer loop
      vertex 24.6 82.1 64.712
      vertex 30.6 70.1 64.712
      vertex 30.453 70.0928 64.712
    endloop
  endfacet
  facet normal 0 0 -1
    outer loop
      vertex 24.6 82.1 64.712
      vertex 30.453 70.0928 64.712
      vertex 30.3074 70.0712 64.712
    endloop
  endfacet
  facet normal 0 0 -1
    outer loop
      vertex 24.6 82.1 64.712
      vertex 30.3074 70.0712 64.712
      vertex 30.1646 70.0354 64.712
    endloop
  endfacet
  facet normal 0 0 -1
    outer loop
      vertex 24.6 82.1 64.712
      vertex 29.1 68.6 64.712
      vertex 24.6 55.1 64.712
    endloop
  endfacet
  facet normal 0 0 -1
    outer loop
      vertex 29.1 68.6 64.712
      vertex 24.6 82.1 64.712
      vertex 29.1072 68.747 64.712
    endloop
  endfacet
  facet normal 0 0 -1
    outer loop
      vertex 29.1072 68.747 64.712
      vertex 24.6 82.1 64.712
      vertex 29.1288 68.8926 64.712
    endloop
  endfacet
  facet normal 0 0 -1
    outer loop
      vertex 41.8926 70.0712 64.712
      vertex 24.6 82.1 64.712
      vertex 69.6 82.1 64.712
    endloop
  endfacet
  facet normal 0 0 -1
    outer loop
      vertex 30.026 69.9858 64.712
      vertex 24.6 82.1 64.712
      vertex 30.1646 70.0354 64.712
    endloop
  endfacet
  facet normal 0 0 -1
    outer loop
      vertex 29.8929 69.9229 64.712
      vertex 24.6 82.1 64.712
      vertex 30.026 69.9858 64.712
    endloop
  endfacet
  facet normal 0 0 -1
    outer loop
      vertex 29.7666 69.8472 64.712
      vertex 24.6 82.1 64.712
      vertex 29.8929 69.9229 64.712
    endloop
  endfacet
  facet normal 0 0 -1
    outer loop
      vertex 29.6484 69.7595 64.712
      vertex 24.6 82.1 64.712
      vertex 29.7666 69.8472 64.712
    endloop
  endfacet
  facet normal 0 0 -1
    outer loop
      vertex 29.5393 69.6607 64.712
      vertex 24.6 82.1 64.712
      vertex 29.6484 69.7595 64.712
    endloop
  endfacet
  facet normal 0 0 -1
    outer loop
      vertex 29.4405 69.5516 64.712
      vertex 24.6 82.1 64.712
      vertex 29.5393 69.6607 64.712
    endloop
  endfacet
  facet normal 0 0 -1
    outer loop
      vertex 29.3528 69.4334 64.712
      vertex 24.6 82.1 64.712
      vertex 29.4405 69.5516 64.712
    endloop
  endfacet
  facet normal 0 0 -1
    outer loop
      vertex 29.2771 69.3071 64.712
      vertex 24.6 82.1 64.712
      vertex 29.3528 69.4334 64.712
    endloop
  endfacet
  facet normal 0 0 -1
    outer loop
      vertex 29.2142 69.174 64.712
      vertex 24.6 82.1 64.712
      vertex 29.2771 69.3071 64.712
    endloop
  endfacet
  facet normal 0 0 -1
    outer loop
      vertex 29.1646 69.0354 64.712
      vertex 24.6 82.1 64.712
      vertex 29.2142 69.174 64.712
    endloop
  endfacet
  facet normal 0 0 -1
    outer loop
      vertex 29.1288 68.8926 64.712
      vertex 24.6 82.1 64.712
      vertex 29.1646 69.0354 64.712
    endloop
  endfacet
  facet normal -0 0 1
    outer loop
      vertex 24.6 82.1 50.212
      vertex 69.6 55.1 50.212
      vertex 69.6 82.1 50.212
    endloop
  endfacet
  facet normal 0 0 1
    outer loop
      vertex 69.6 55.1 50.212
      vertex 24.6 82.1 50.212
      vertex 24.6 55.1 50.212
    endloop
  endfacet
  facet normal 1 -0 0
    outer loop
      vertex 24.6 55.1 64.712
      vertex 24.6 82.1 50.212
      vertex 24.6 82.1 64.712
    endloop
  endfacet
  facet normal 1 0 0
    outer loop
      vertex 24.6 82.1 50.212
      vertex 24.6 55.1 64.712
      vertex 24.6 55.1 50.212
    endloop
  endfacet
  facet normal 0 -1 0
    outer loop
      vertex 24.6 82.1 50.212
      vertex 69.6 82.1 64.712
      vertex 24.6 82.1 64.712
    endloop
  endfacet
  facet normal 0 -1 -0
    outer loop
      vertex 69.6 82.1 64.712
      vertex 24.6 82.1 50.212
      vertex 69.6 82.1 50.212
    endloop
  endfacet
  facet normal 0 1 -0
    outer loop
      vertex 69.6 55.1 50.212
      vertex 24.6 55.1 64.712
      vertex 69.6 55.1 64.712
    endloop
  endfacet
  facet normal 0 1 0
    outer loop
      vertex 24.6 55.1 64.712
      vertex 69.6 55.1 50.212
      vertex 24.6 55.1 50.212
    endloop
  endfacet
  facet normal -1 0 0
    outer loop
      vertex 87.5 74.8394 41.4621
      vertex 87.5 74.2104 41.9721
      vertex 87.5 74.8394 43.6721
    endloop
  endfacet
  facet normal -1 0 0
    outer loop
      vertex 87.5 74.8394 41.4621
      vertex 87.5 73.0612 41.9721
      vertex 87.5 74.2104 41.9721
    endloop
  endfacet
  facet normal -1 0 0
    outer loop
      vertex 87.5 64.4274 44.4721
      vertex 87.5 73.0612 41.9721
      vertex 87.5 64.4274 41.7721
    endloop
  endfacet
  facet normal -1 0 0
    outer loop
      vertex 87.5 74.8394 41.4621
      vertex 87.5 64.4274 41.7721
      vertex 87.5 73.0612 41.9721
    endloop
  endfacet
  facet normal -1 0 0
    outer loop
      vertex 87.5 60.5905 41.4621
      vertex 87.5 64.4274 41.7721
      vertex 87.5 74.8394 41.4621
    endloop
  endfacet
  facet normal -1 0 0
    outer loop
      vertex 87.5 62.2427 43.7872
      vertex 87.5 63.6571 43.7872
      vertex 87.5 63.7723 42.878
    endloop
  endfacet
  facet normal -1 0 0
    outer loop
      vertex 87.5 61.9876 41.7721
      vertex 87.5 63.7723 42.878
      vertex 87.5 63.9123 41.7721
    endloop
  endfacet
  facet normal -1 0 0
    outer loop
      vertex 87.5 63.6571 43.7872
      vertex 87.5 62.2427 43.7872
      vertex 87.5 63.58 44.3587
    endloop
  endfacet
  facet normal -1 0 -0
    outer loop
      vertex 87.5 62.3824 44.8221
      vertex 87.5 63.58 44.3587
      vertex 87.5 62.2427 43.7872
    endloop
  endfacet
  facet normal -1 0 0
    outer loop
      vertex 87.5 63.58 44.3587
      vertex 87.5 62.3824 44.8221
      vertex 87.5 63.5175 44.8221
    endloop
  endfacet
  facet normal -1 -0 0
    outer loop
      vertex 87.5 63.7723 42.878
      vertex 87.5 61.9876 41.7721
      vertex 87.5 62.2427 43.7872
    endloop
  endfacet
  facet normal -1 -0 0
    outer loop
      vertex 87.5 64.4274 41.7721
      vertex 87.5 60.5905 41.4621
      vertex 87.5 63.9123 41.7721
    endloop
  endfacet
  facet normal -1 -0 0
    outer loop
      vertex 87.5 63.9123 41.7721
      vertex 87.5 60.5905 41.4621
      vertex 87.5 61.9876 41.7721
    endloop
  endfacet
  facet normal -1 -0 0
    outer loop
      vertex 87.5 61.9876 41.7721
      vertex 87.5 60.5905 41.4621
      vertex 87.5 61.4725 41.7721
    endloop
  endfacet
  facet normal -1 0 0
    outer loop
      vertex 87.5 60.5905 43.6721
      vertex 87.5 61.4725 41.7721
      vertex 87.5 60.5905 41.4621
    endloop
  endfacet
  facet normal -1 0 0
    outer loop
      vertex 87.5 61.4725 41.7721
      vertex 87.5 60.5905 43.6721
      vertex 87.5 61.4725 44.4721
    endloop
  endfacet
  facet normal -1 0 0
    outer loop
      vertex 87.5 57.7 44.4721
      vertex 87.5 60.5905 43.6721
      vertex 87.5 57.7 43.6721
    endloop
  endfacet
  facet normal -1 0 0
    outer loop
      vertex 87.5 60.5905 43.6721
      vertex 87.5 57.7 44.4721
      vertex 87.5 61.4725 44.4721
    endloop
  endfacet
  facet normal -1 0 0
    outer loop
      vertex 87.5 80.5778 43.6721
      vertex 87.5 79.7618 44.4721
      vertex 87.5 80.5778 45.622
    endloop
  endfacet
  facet normal -1 0 0
    outer loop
      vertex 87.5 74.8394 43.6721
      vertex 87.5 79.7618 44.4721
      vertex 87.5 80.5778 43.6721
    endloop
  endfacet
  facet normal -1 0 0
    outer loop
      vertex 87.5 74.8394 43.6721
      vertex 87.5 74.2104 44.4721
      vertex 87.5 79.7618 44.4721
    endloop
  endfacet
  facet normal -1 0 0
    outer loop
      vertex 87.5 74.2104 44.4721
      vertex 87.5 74.8394 43.6721
      vertex 87.5 74.2104 41.9721
    endloop
  endfacet
  facet normal -1 -0 0
    outer loop
      vertex 87.5 80.5778 45.622
      vertex 87.5 79.7618 44.4721
      vertex 87.5 79.7618 45.622
    endloop
  endfacet
  facet normal -1 0 0
    outer loop
      vertex 87.5 73.0612 41.9721
      vertex 87.5 64.4274 44.4721
      vertex 87.5 73.0612 44.4721
    endloop
  endfacet
  facet normal 0 0 -1
    outer loop
      vertex 79.065 57.7 45.622
      vertex 78.365 58.5539 45.622
      vertex 79.065 81.05 45.622
    endloop
  endfacet
  facet normal 0 0 -1
    outer loop
      vertex 68.265 57.7 45.622
      vertex 78.365 58.5539 45.622
      vertex 79.065 57.7 45.622
    endloop
  endfacet
  facet normal -0 0 -1
    outer loop
      vertex 78.365 58.5539 45.622
      vertex 68.265 57.7 45.622
      vertex 68.265 58.5539 45.622
    endloop
  endfacet
  facet normal -0 0 -1
    outer loop
      vertex 79.065 81.05 45.622
      vertex 78.365 58.5539 45.622
      vertex 78.365 81.05 45.622
    endloop
  endfacet
  facet normal 0 0 -1
    outer loop
      vertex 87.4372 79.8 45.622
      vertex 87.5 80.5778 45.622
      vertex 87.5 79.7618 45.622
    endloop
  endfacet
  facet normal 0 0 -1
    outer loop
      vertex 87.1243 80.3 45.622
      vertex 87.5 80.5778 45.622
      vertex 87.4372 79.8 45.622
    endloop
  endfacet
  facet normal -0 0 -1
    outer loop
      vertex 87.5 80.5778 45.622
      vertex 87.1243 80.3 45.622
      vertex 87.3172 80.6872 45.622
    endloop
  endfacet
  facet normal 0 0 -1
    outer loop
      vertex 82.4286 79.8 45.622
      vertex 87.1243 80.3 45.622
      vertex 87.4372 79.8 45.622
    endloop
  endfacet
  facet normal -0 0 -1
    outer loop
      vertex 87.1243 80.3 45.622
      vertex 82.4286 79.8 45.622
      vertex 82.4286 80.3 45.622
    endloop
  endfacet
  facet normal 0 0 -1
    outer loop
      vertex 85.4308 76.7288 45.622
      vertex 86.8556 76.0396 45.622
      vertex 85.5267 76.5233 45.622
    endloop
  endfacet
  facet normal 0 0 -1
    outer loop
      vertex 84.1367 74.7717 45.622
      vertex 85.5267 76.5233 45.622
      vertex 86.8556 76.0396 45.622
    endloop
  endfacet
  facet normal 0 0 -1
    outer loop
      vertex 85.5267 76.5233 45.622
      vertex 84.1367 74.7717 45.622
      vertex 83.7141 75.678 45.622
    endloop
  endfacet
  facet normal 0 0 -1
    outer loop
      vertex 86.8556 76.0396 45.622
      vertex 85.4308 76.7288 45.622
      vertex 85.8836 78.1241 45.622
    endloop
  endfacet
  facet normal 0 0 -1
    outer loop
      vertex 85.2688 77.0762 45.622
      vertex 85.8836 78.1241 45.622
      vertex 85.4308 76.7288 45.622
    endloop
  endfacet
  facet normal 0 0 -1
    outer loop
      vertex 85.8836 78.1241 45.622
      vertex 85.2688 77.0762 45.622
      vertex 84.9773 77.7015 45.622
    endloop
  endfacet
  facet normal 1 -0 0
    outer loop
      vertex 62.5 59.7 44.5221
      vertex 62.5 81.05 43.6721
      vertex 62.5 81.05 44.5221
    endloop
  endfacet
  facet normal 1 0 0
    outer loop
      vertex 62.5 58.55 44.9939
      vertex 62.5 58.734 45.0482
      vertex 62.5 58.7235 45.0617
    endloop
  endfacet
  facet normal 1 0 0
    outer loop
      vertex 62.5 58.55 44.9939
      vertex 62.5 58.7235 45.0617
      vertex 62.5 58.7109 45.0732
    endloop
  endfacet
  facet normal 1 0 0
    outer loop
      vertex 62.5 58.55 44.9939
      vertex 62.5 58.7109 45.0732
      vertex 62.5 58.6965 45.0824
    endloop
  endfacet
  facet normal 1 0 0
    outer loop
      vertex 62.5 58.55 44.9939
      vertex 62.5 58.6965 45.0824
      vertex 62.5 58.6807 45.0891
    endloop
  endfacet
  facet normal 1 0 0
    outer loop
      vertex 62.5 58.734 45.0482
      vertex 62.5 58.55 44.9939
      vertex 62.5 58.7696 44.9962
    endloop
  endfacet
  facet normal 1 0 0
    outer loop
      vertex 62.5 58.55 44.9939
      vertex 62.5 58.6807 45.0891
      vertex 62.5 58.6641 45.0929
    endloop
  endfacet
  facet normal 1 0 0
    outer loop
      vertex 62.5 58.55 44.9939
      vertex 62.5 58.6641 45.0929
      vertex 62.5 58.647 45.0939
    endloop
  endfacet
  facet normal 1 0 0
    outer loop
      vertex 62.5 58.55 44.9939
      vertex 62.5 58.647 45.0939
      vertex 62.5 58.63 45.0919
    endloop
  endfacet
  facet normal 1 0 0
    outer loop
      vertex 62.5 58.55 44.9939
      vertex 62.5 58.63 45.0919
      vertex 62.5 58.6136 45.0871
    endloop
  endfacet
  facet normal 1 0 0
    outer loop
      vertex 62.5 58.7696 44.9962
      vertex 62.5 58.55 44.9939
      vertex 62.5 58.8868 44.859
    endloop
  endfacet
  facet normal 1 0 0
    outer loop
      vertex 62.5 58.55 44.9939
      vertex 62.5 58.6136 45.0871
      vertex 62.5 58.5983 45.0795
    endloop
  endfacet
  facet normal 1 0 0
    outer loop
      vertex 62.5 58.55 44.9939
      vertex 62.5 58.5983 45.0795
      vertex 62.5 58.5845 45.0694
    endloop
  endfacet
  facet normal 1 0 0
    outer loop
      vertex 62.5 58.55 44.9939
      vertex 62.5 58.5845 45.0694
      vertex 62.5 58.5725 45.0572
    endloop
  endfacet
  facet normal 1 0 0
    outer loop
      vertex 62.5 58.55 44.9939
      vertex 62.5 58.5725 45.0572
      vertex 62.5 58.5629 45.043
    endloop
  endfacet
  facet normal 1 0 0
    outer loop
      vertex 62.5 58.55 44.9939
      vertex 62.5 58.5629 45.043
      vertex 62.5 58.5558 45.0275
    endloop
  endfacet
  facet normal 1 0 0
    outer loop
      vertex 62.5 58.55 43.6721
      vertex 62.5 58.8868 44.859
      vertex 62.5 58.55 44.9939
    endloop
  endfacet
  facet normal 1 0 0
    outer loop
      vertex 62.5 58.55 44.9939
      vertex 62.5 58.5558 45.0275
      vertex 62.5 58.5515 45.0109
    endloop
  endfacet
  facet normal 1 0 0
    outer loop
      vertex 62.5 58.8868 44.859
      vertex 62.5 58.55 43.6721
      vertex 62.5 59.024 44.7418
    endloop
  endfacet
  facet normal 1 0 0
    outer loop
      vertex 62.5 59.7 44.5221
      vertex 62.5 58.55 43.6721
      vertex 62.5 81.05 43.6721
    endloop
  endfacet
  facet normal 1 0 0
    outer loop
      vertex 62.5 59.5201 44.5363
      vertex 62.5 58.55 43.6721
      vertex 62.5 59.7 44.5221
    endloop
  endfacet
  facet normal 1 0 0
    outer loop
      vertex 62.5 59.3446 44.5784
      vertex 62.5 58.55 43.6721
      vertex 62.5 59.5201 44.5363
    endloop
  endfacet
  facet normal 1 0 0
    outer loop
      vertex 62.5 59.1779 44.6475
      vertex 62.5 58.55 43.6721
      vertex 62.5 59.3446 44.5784
    endloop
  endfacet
  facet normal 1 0 0
    outer loop
      vertex 62.5 59.024 44.7418
      vertex 62.5 58.55 43.6721
      vertex 62.5 59.1779 44.6475
    endloop
  endfacet
  facet normal 0 -1 0
    outer loop
      vertex 62.5 81.05 44.5221
      vertex 62.5 81.05 43.6721
      vertex 78.365 81.05 44.5221
    endloop
  endfacet
  facet normal 0 -1 0
    outer loop
      vertex 78.365 81.05 44.5221
      vertex 79.065 81.05 45.622
      vertex 78.365 81.05 45.622
    endloop
  endfacet
  facet normal 0 -1 0
    outer loop
      vertex 78.365 81.05 44.5221
      vertex 79.065 81.05 43.6721
      vertex 79.065 81.05 45.622
    endloop
  endfacet
  facet normal 0 -1 0
    outer loop
      vertex 79.065 81.05 43.6721
      vertex 78.365 81.05 44.5221
      vertex 62.5 81.05 43.6721
    endloop
  endfacet
endsolid OpenSCAD_Model
